panel,n,m,replication,throughput,mean,halfwidth,warmup,steps,seed,loops
table1b_dual_identical,3,3,1,2.302943609,2.303255388,0.000172251,20000,1330000,20260901,"84 84 84"
table1b_dual_identical,3,3,2,2.303480451,2.303255388,0.000172251,20000,1330000,20260901,"84 84 84"
table1b_dual_identical,3,3,3,2.303371429,2.303255388,0.000172251,20000,1330000,20260901,"84 84 84"
table1b_dual_identical,3,3,4,2.303131579,2.303255388,0.000172251,20000,1330000,20260901,"84 84 84"
table1b_dual_identical,3,3,5,2.303224812,2.303255388,0.000172251,20000,1330000,20260901,"84 84 84"
table1b_dual_identical,3,3,6,2.302930075,2.303255388,0.000172251,20000,1330000,20260901,"84 84 84"
table1b_dual_identical,3,3,7,2.303350376,2.303255388,0.000172251,20000,1330000,20260901,"84 84 84"
table1b_dual_identical,3,3,8,2.304184211,2.303255388,0.000172251,20000,1330000,20260901,"84 84 84"
table1b_dual_identical,3,3,9,2.303645113,2.303255388,0.000172251,20000,1330000,20260901,"84 84 84"
table1b_dual_identical,3,3,10,2.303083459,2.303255388,0.000172251,20000,1330000,20260901,"84 84 84"
table1b_dual_identical,3,3,11,2.302167669,2.303255388,0.000172251,20000,1330000,20260901,"84 84 84"
table1b_dual_identical,3,3,12,2.303903008,2.303255388,0.000172251,20000,1330000,20260901,"84 84 84"
table1b_dual_identical,3,3,13,2.302940602,2.303255388,0.000172251,20000,1330000,20260901,"84 84 84"
table1b_dual_identical,3,3,14,2.303525564,2.303255388,0.000172251,20000,1330000,20260901,"84 84 84"
table1b_dual_identical,3,3,15,2.303322556,2.303255388,0.000172251,20000,1330000,20260901,"84 84 84"
table1b_dual_identical,3,3,16,2.302666165,2.303255388,0.000172251,20000,1330000,20260901,"84 84 84"
table1b_dual_identical,3,3,17,2.303218045,2.303255388,0.000172251,20000,1330000,20260901,"84 84 84"
table1b_dual_identical,3,3,18,2.302975188,2.303255388,0.000172251,20000,1330000,20260901,"84 84 84"
table1b_dual_identical,3,3,19,2.303190977,2.303255388,0.000172251,20000,1330000,20260901,"84 84 84"
table1b_dual_identical,3,3,20,2.303194737,2.303255388,0.000172251,20000,1330000,20260901,"84 84 84"
table1b_dual_identical,3,3,21,2.302719549,2.303255388,0.000172251,20000,1330000,20260901,"84 84 84"
table1b_dual_identical,3,3,22,2.303526316,2.303255388,0.000172251,20000,1330000,20260901,"84 84 84"
table1b_dual_identical,3,3,23,2.302899248,2.303255388,0.000172251,20000,1330000,20260901,"84 84 84"
table1b_dual_identical,3,3,24,2.303587970,2.303255388,0.000172251,20000,1330000,20260901,"84 84 84"
table1b_dual_identical,3,3,25,2.304206015,2.303255388,0.000172251,20000,1330000,20260901,"84 84 84"
table1b_dual_identical,3,3,26,2.303021053,2.303255388,0.000172251,20000,1330000,20260901,"84 84 84"
table1b_dual_identical,3,3,27,2.302941353,2.303255388,0.000172251,20000,1330000,20260901,"84 84 84"
table1b_dual_identical,3,3,28,2.303613534,2.303255388,0.000172251,20000,1330000,20260901,"84 84 84"
table1b_dual_identical,3,3,29,2.303988722,2.303255388,0.000172251,20000,1330000,20260901,"84 84 84"
table1b_dual_identical,3,3,30,2.302708271,2.303255388,0.000172251,20000,1330000,20260901,"84 84 84"
table1b_dual_identical,3,4,1,2.562818045,2.562725188,0.000198190,20000,1330000,20260901,"84 84 84 84"
table1b_dual_identical,3,4,2,2.562688722,2.562725188,0.000198190,20000,1330000,20260901,"84 84 84 84"
table1b_dual_identical,3,4,3,2.563370677,2.562725188,0.000198190,20000,1330000,20260901,"84 84 84 84"
table1b_dual_identical,3,4,4,2.562400752,2.562725188,0.000198190,20000,1330000,20260901,"84 84 84 84"
table1b_dual_identical,3,4,5,2.561822556,2.562725188,0.000198190,20000,1330000,20260901,"84 84 84 84"
table1b_dual_identical,3,4,6,2.563024812,2.562725188,0.000198190,20000,1330000,20260901,"84 84 84 84"
table1b_dual_identical,3,4,7,2.562557143,2.562725188,0.000198190,20000,1330000,20260901,"84 84 84 84"
table1b_dual_identical,3,4,8,2.563858647,2.562725188,0.000198190,20000,1330000,20260901,"84 84 84 84"
table1b_dual_identical,3,4,9,2.563121053,2.562725188,0.000198190,20000,1330000,20260901,"84 84 84 84"
table1b_dual_identical,3,4,10,2.563029323,2.562725188,0.000198190,20000,1330000,20260901,"84 84 84 84"
table1b_dual_identical,3,4,11,2.562121805,2.562725188,0.000198190,20000,1330000,20260901,"84 84 84 84"
table1b_dual_identical,3,4,12,2.563712782,2.562725188,0.000198190,20000,1330000,20260901,"84 84 84 84"
table1b_dual_identical,3,4,13,2.562257895,2.562725188,0.000198190,20000,1330000,20260901,"84 84 84 84"
table1b_dual_identical,3,4,14,2.563022556,2.562725188,0.000198190,20000,1330000,20260901,"84 84 84 84"
table1b_dual_identical,3,4,15,2.562470677,2.562725188,0.000198190,20000,1330000,20260901,"84 84 84 84"
table1b_dual_identical,3,4,16,2.562754135,2.562725188,0.000198190,20000,1330000,20260901,"84 84 84 84"
table1b_dual_identical,3,4,17,2.563025564,2.562725188,0.000198190,20000,1330000,20260901,"84 84 84 84"
table1b_dual_identical,3,4,18,2.562416541,2.562725188,0.000198190,20000,1330000,20260901,"84 84 84 84"
table1b_dual_identical,3,4,19,2.562595489,2.562725188,0.000198190,20000,1330000,20260901,"84 84 84 84"
table1b_dual_identical,3,4,20,2.562706767,2.562725188,0.000198190,20000,1330000,20260901,"84 84 84 84"
table1b_dual_identical,3,4,21,2.562123308,2.562725188,0.000198190,20000,1330000,20260901,"84 84 84 84"
table1b_dual_identical,3,4,22,2.562483459,2.562725188,0.000198190,20000,1330000,20260901,"84 84 84 84"
table1b_dual_identical,3,4,23,2.562041353,2.562725188,0.000198190,20000,1330000,20260901,"84 84 84 84"
table1b_dual_identical,3,4,24,2.563064662,2.562725188,0.000198190,20000,1330000,20260901,"84 84 84 84"
table1b_dual_identical,3,4,25,2.563127820,2.562725188,0.000198190,20000,1330000,20260901,"84 84 84 84"
table1b_dual_identical,3,4,26,2.562351128,2.562725188,0.000198190,20000,1330000,20260901,"84 84 84 84"
table1b_dual_identical,3,4,27,2.562324812,2.562725188,0.000198190,20000,1330000,20260901,"84 84 84 84"
table1b_dual_identical,3,4,28,2.563359398,2.562725188,0.000198190,20000,1330000,20260901,"84 84 84 84"
table1b_dual_identical,3,4,29,2.563366917,2.562725188,0.000198190,20000,1330000,20260901,"84 84 84 84"
table1b_dual_identical,3,4,30,2.561736842,2.562725188,0.000198190,20000,1330000,20260901,"84 84 84 84"
table1b_dual_identical,3,5,1,2.699469925,2.699308120,0.000231181,20000,1330000,20260901,"84 84 84 84 84"
table1b_dual_identical,3,5,2,2.699039098,2.699308120,0.000231181,20000,1330000,20260901,"84 84 84 84 84"
table1b_dual_identical,3,5,3,2.699912782,2.699308120,0.000231181,20000,1330000,20260901,"84 84 84 84 84"
table1b_dual_identical,3,5,4,2.698722556,2.699308120,0.000231181,20000,1330000,20260901,"84 84 84 84 84"
table1b_dual_identical,3,5,5,2.698108271,2.699308120,0.000231181,20000,1330000,20260901,"84 84 84 84 84"
table1b_dual_identical,3,5,6,2.699348120,2.699308120,0.000231181,20000,1330000,20260901,"84 84 84 84 84"
table1b_dual_identical,3,5,7,2.699060902,2.699308120,0.000231181,20000,1330000,20260901,"84 84 84 84 84"
table1b_dual_identical,3,5,8,2.700551880,2.699308120,0.000231181,20000,1330000,20260901,"84 84 84 84 84"
table1b_dual_identical,3,5,9,2.699400752,2.699308120,0.000231181,20000,1330000,20260901,"84 84 84 84 84"
table1b_dual_identical,3,5,10,2.699580451,2.699308120,0.000231181,20000,1330000,20260901,"84 84 84 84 84"
table1b_dual_identical,3,5,11,2.699248120,2.699308120,0.000231181,20000,1330000,20260901,"84 84 84 84 84"
table1b_dual_identical,3,5,12,2.700756391,2.699308120,0.000231181,20000,1330000,20260901,"84 84 84 84 84"
table1b_dual_identical,3,5,13,2.698611278,2.699308120,0.000231181,20000,1330000,20260901,"84 84 84 84 84"
table1b_dual_identical,3,5,14,2.699292481,2.699308120,0.000231181,20000,1330000,20260901,"84 84 84 84 84"
table1b_dual_identical,3,5,15,2.699256391,2.699308120,0.000231181,20000,1330000,20260901,"84 84 84 84 84"
table1b_dual_identical,3,5,16,2.699574436,2.699308120,0.000231181,20000,1330000,20260901,"84 84 84 84 84"
table1b_dual_identical,3,5,17,2.699743609,2.699308120,0.000231181,20000,1330000,20260901,"84 84 84 84 84"
table1b_dual_identical,3,5,18,2.698735338,2.699308120,0.000231181,20000,1330000,20260901,"84 84 84 84 84"
table1b_dual_identical,3,5,19,2.698661654,2.699308120,0.000231181,20000,1330000,20260901,"84 84 84 84 84"
table1b_dual_identical,3,5,20,2.699057143,2.699308120,0.000231181,20000,1330000,20260901,"84 84 84 84 84"
table1b_dual_identical,3,5,21,2.698388722,2.699308120,0.000231181,20000,1330000,20260901,"84 84 84 84 84"
table1b_dual_identical,3,5,22,2.699400000,2.699308120,0.000231181,20000,1330000,20260901,"84 84 84 84 84"
table1b_dual_identical,3,5,23,2.698866165,2.699308120,0.000231181,20000,1330000,20260901,"84 84 84 84 84"
table1b_dual_identical,3,5,24,2.699964662,2.699308120,0.000231181,20000,1330000,20260901,"84 84 84 84 84"
table1b_dual_identical,3,5,25,2.699531579,2.699308120,0.000231181,20000,1330000,20260901,"84 84 84 84 84"
table1b_dual_identical,3,5,26,2.699389474,2.699308120,0.000231181,20000,1330000,20260901,"84 84 84 84 84"
table1b_dual_identical,3,5,27,2.698895489,2.699308120,0.000231181,20000,1330000,20260901,"84 84 84 84 84"
table1b_dual_identical,3,5,28,2.700148120,2.699308120,0.000231181,20000,1330000,20260901,"84 84 84 84 84"
table1b_dual_identical,3,5,29,2.700006015,2.699308120,0.000231181,20000,1330000,20260901,"84 84 84 84 84"
table1b_dual_identical,3,5,30,2.698521805,2.699308120,0.000231181,20000,1330000,20260901,"84 84 84 84 84"
table1b_dual_identical,3,6,1,2.778043609,2.777693058,0.000239965,20000,1330000,20260901,"84 84 84 84 84 84"
table1b_dual_identical,3,6,2,2.777600752,2.777693058,0.000239965,20000,1330000,20260901,"84 84 84 84 84 84"
table1b_dual_identical,3,6,3,2.778233835,2.777693058,0.000239965,20000,1330000,20260901,"84 84 84 84 84 84"
table1b_dual_identical,3,6,4,2.777746617,2.777693058,0.000239965,20000,1330000,20260901,"84 84 84 84 84 84"
table1b_dual_identical,3,6,5,2.776286466,2.777693058,0.000239965,20000,1330000,20260901,"84 84 84 84 84 84"
table1b_dual_identical,3,6,6,2.777566165,2.777693058,0.000239965,20000,1330000,20260901,"84 84 84 84 84 84"
table1b_dual_identical,3,6,7,2.777086466,2.777693058,0.000239965,20000,1330000,20260901,"84 84 84 84 84 84"
table1b_dual_identical,3,6,8,2.778594737,2.777693058,0.000239965,20000,1330000,20260901,"84 84 84 84 84 84"
table1b_dual_identical,3,6,9,2.777916541,2.777693058,0.000239965,20000,1330000,20260901,"84 84 84 84 84 84"
table1b_dual_identical,3,6,10,2.778043609,2.777693058,0.000239965,20000,1330000,20260901,"84 84 84 84 84 84"
table1b_dual_identical,3,6,11,2.777466165,2.777693058,0.000239965,20000,1330000,20260901,"84 84 84 84 84 84"
table1b_dual_identical,3,6,12,2.779248120,2.777693058,0.000239965,20000,1330000,20260901,"84 84 84 84 84 84"
table1b_dual_identical,3,6,13,2.777127068,2.777693058,0.000239965,20000,1330000,20260901,"84 84 84 84 84 84"
table1b_dual_identical,3,6,14,2.777603008,2.777693058,0.000239965,20000,1330000,20260901,"84 84 84 84 84 84"
table1b_dual_identical,3,6,15,2.777735338,2.777693058,0.000239965,20000,1330000,20260901,"84 84 84 84 84 84"
table1b_dual_identical,3,6,16,2.778025564,2.777693058,0.000239965,20000,1330000,20260901,"84 84 84 84 84 84"
table1b_dual_identical,3,6,17,2.778052632,2.777693058,0.000239965,20000,1330000,20260901,"84 84 84 84 84 84"
table1b_dual_identical,3,6,18,2.777280451,2.777693058,0.000239965,20000,1330000,20260901,"84 84 84 84 84 84"
table1b_dual_identical,3,6,19,2.776458647,2.777693058,0.000239965,20000,1330000,20260901,"84 84 84 84 84 84"
table1b_dual_identical,3,6,20,2.777869925,2.777693058,0.000239965,20000,1330000,20260901,"84 84 84 84 84 84"
table1b_dual_identical,3,6,21,2.776469173,2.777693058,0.000239965,20000,1330000,20260901,"84 84 84 84 84 84"
table1b_dual_identical,3,6,22,2.777580451,2.777693058,0.000239965,20000,1330000,20260901,"84 84 84 84 84 84"
table1b_dual_identical,3,6,23,2.777430075,2.777693058,0.000239965,20000,1330000,20260901,"84 84 84 84 84 84"
table1b_dual_identical,3,6,24,2.778513534,2.777693058,0.000239965,20000,1330000,20260901,"84 84 84 84 84 84"
table1b_dual_identical,3,6,25,2.777676692,2.777693058,0.000239965,20000,1330000,20260901,"84 84 84 84 84 84"
table1b_dual_identical,3,6,26,2.778002256,2.777693058,0.000239965,20000,1330000,20260901,"84 84 84 84 84 84"
table1b_dual_identical,3,6,27,2.777169925,2.777693058,0.000239965,20000,1330000,20260901,"84 84 84 84 84 84"
table1b_dual_identical,3,6,28,2.778175188,2.777693058,0.000239965,20000,1330000,20260901,"84 84 84 84 84 84"
table1b_dual_identical,3,6,29,2.778394737,2.777693058,0.000239965,20000,1330000,20260901,"84 84 84 84 84 84"
table1b_dual_identical,3,6,30,2.777393985,2.777693058,0.000239965,20000,1330000,20260901,"84 84 84 84 84 84"
table1b_dual_identical,3,7,1,2.827296241,2.826894261,0.000285490,20000,1330000,20260901,"84 84 84 84 84 84 84"
table1b_dual_identical,3,7,2,2.826670677,2.826894261,0.000285490,20000,1330000,20260901,"84 84 84 84 84 84 84"
table1b_dual_identical,3,7,3,2.827669173,2.826894261,0.000285490,20000,1330000,20260901,"84 84 84 84 84 84 84"
table1b_dual_identical,3,7,4,2.827388722,2.826894261,0.000285490,20000,1330000,20260901,"84 84 84 84 84 84 84"
table1b_dual_identical,3,7,5,2.824995489,2.826894261,0.000285490,20000,1330000,20260901,"84 84 84 84 84 84 84"
table1b_dual_identical,3,7,6,2.826807519,2.826894261,0.000285490,20000,1330000,20260901,"84 84 84 84 84 84 84"
table1b_dual_identical,3,7,7,2.825823308,2.826894261,0.000285490,20000,1330000,20260901,"84 84 84 84 84 84 84"
table1b_dual_identical,3,7,8,2.827781955,2.826894261,0.000285490,20000,1330000,20260901,"84 84 84 84 84 84 84"
table1b_dual_identical,3,7,9,2.826789474,2.826894261,0.000285490,20000,1330000,20260901,"84 84 84 84 84 84 84"
table1b_dual_identical,3,7,10,2.827560150,2.826894261,0.000285490,20000,1330000,20260901,"84 84 84 84 84 84 84"
table1b_dual_identical,3,7,11,2.826512782,2.826894261,0.000285490,20000,1330000,20260901,"84 84 84 84 84 84 84"
table1b_dual_identical,3,7,12,2.828794737,2.826894261,0.000285490,20000,1330000,20260901,"84 84 84 84 84 84 84"
table1b_dual_identical,3,7,13,2.826425564,2.826894261,0.000285490,20000,1330000,20260901,"84 84 84 84 84 84 84"
table1b_dual_identical,3,7,14,2.826734586,2.826894261,0.000285490,20000,1330000,20260901,"84 84 84 84 84 84 84"
table1b_dual_identical,3,7,15,2.827072180,2.826894261,0.000285490,20000,1330000,20260901,"84 84 84 84 84 84 84"
table1b_dual_identical,3,7,16,2.826948872,2.826894261,0.000285490,20000,1330000,20260901,"84 84 84 84 84 84 84"
table1b_dual_identical,3,7,17,2.827241353,2.826894261,0.000285490,20000,1330000,20260901,"84 84 84 84 84 84 84"
table1b_dual_identical,3,7,18,2.826589474,2.826894261,0.000285490,20000,1330000,20260901,"84 84 84 84 84 84 84"
table1b_dual_identical,3,7,19,2.825495489,2.826894261,0.000285490,20000,1330000,20260901,"84 84 84 84 84 84 84"
table1b_dual_identical,3,7,20,2.826712782,2.826894261,0.000285490,20000,1330000,20260901,"84 84 84 84 84 84 84"
table1b_dual_identical,3,7,21,2.825895489,2.826894261,0.000285490,20000,1330000,20260901,"84 84 84 84 84 84 84"
table1b_dual_identical,3,7,22,2.826733835,2.826894261,0.000285490,20000,1330000,20260901,"84 84 84 84 84 84 84"
table1b_dual_identical,3,7,23,2.826715038,2.826894261,0.000285490,20000,1330000,20260901,"84 84 84 84 84 84 84"
table1b_dual_identical,3,7,24,2.828054887,2.826894261,0.000285490,20000,1330000,20260901,"84 84 84 84 84 84 84"
table1b_dual_identical,3,7,25,2.826819549,2.826894261,0.000285490,20000,1330000,20260901,"84 84 84 84 84 84 84"
table1b_dual_identical,3,7,26,2.827467669,2.826894261,0.000285490,20000,1330000,20260901,"84 84 84 84 84 84 84"
table1b_dual_identical,3,7,27,2.826355639,2.826894261,0.000285490,20000,1330000,20260901,"84 84 84 84 84 84 84"
table1b_dual_identical,3,7,28,2.827157143,2.826894261,0.000285490,20000,1330000,20260901,"84 84 84 84 84 84 84"
table1b_dual_identical,3,7,29,2.827615789,2.826894261,0.000285490,20000,1330000,20260901,"84 84 84 84 84 84 84"
table1b_dual_identical,3,7,30,2.826702256,2.826894261,0.000285490,20000,1330000,20260901,"84 84 84 84 84 84 84"
table1b_dual_identical,3,8,1,2.860365414,2.859997193,0.000311436,20000,1330000,20260901,"84 84 84 84 84 84 84 84"
table1b_dual_identical,3,8,2,2.859749624,2.859997193,0.000311436,20000,1330000,20260901,"84 84 84 84 84 84 84 84"
table1b_dual_identical,3,8,3,2.861006767,2.859997193,0.000311436,20000,1330000,20260901,"84 84 84 84 84 84 84 84"
table1b_dual_identical,3,8,4,2.860366165,2.859997193,0.000311436,20000,1330000,20260901,"84 84 84 84 84 84 84 84"
table1b_dual_identical,3,8,5,2.858190977,2.859997193,0.000311436,20000,1330000,20260901,"84 84 84 84 84 84 84 84"
table1b_dual_identical,3,8,6,2.860012782,2.859997193,0.000311436,20000,1330000,20260901,"84 84 84 84 84 84 84 84"
table1b_dual_identical,3,8,7,2.858873684,2.859997193,0.000311436,20000,1330000,20260901,"84 84 84 84 84 84 84 84"
table1b_dual_identical,3,8,8,2.860678947,2.859997193,0.000311436,20000,1330000,20260901,"84 84 84 84 84 84 84 84"
table1b_dual_identical,3,8,9,2.859373684,2.859997193,0.000311436,20000,1330000,20260901,"84 84 84 84 84 84 84 84"
table1b_dual_identical,3,8,10,2.860727820,2.859997193,0.000311436,20000,1330000,20260901,"84 84 84 84 84 84 84 84"
table1b_dual_identical,3,8,11,2.859221053,2.859997193,0.000311436,20000,1330000,20260901,"84 84 84 84 84 84 84 84"
table1b_dual_identical,3,8,12,2.862375188,2.859997193,0.000311436,20000,1330000,20260901,"84 84 84 84 84 84 84 84"
table1b_dual_identical,3,8,13,2.859821805,2.859997193,0.000311436,20000,1330000,20260901,"84 84 84 84 84 84 84 84"
table1b_dual_identical,3,8,14,2.859497744,2.859997193,0.000311436,20000,1330000,20260901,"84 84 84 84 84 84 84 84"
table1b_dual_identical,3,8,15,2.860206767,2.859997193,0.000311436,20000,1330000,20260901,"84 84 84 84 84 84 84 84"
table1b_dual_identical,3,8,16,2.859868421,2.859997193,0.000311436,20000,1330000,20260901,"84 84 84 84 84 84 84 84"
table1b_dual_identical,3,8,17,2.860534586,2.859997193,0.000311436,20000,1330000,20260901,"84 84 84 84 84 84 84 84"
table1b_dual_identical,3,8,18,2.860038346,2.859997193,0.000311436,20000,1330000,20260901,"84 84 84 84 84 84 84 84"
table1b_dual_identical,3,8,19,2.858633083,2.859997193,0.000311436,20000,1330000,20260901,"84 84 84 84 84 84 84 84"
table1b_dual_identical,3,8,20,2.859648120,2.859997193,0.000311436,20000,1330000,20260901,"84 84 84 84 84 84 84 84"
table1b_dual_identical,3,8,21,2.858956391,2.859997193,0.000311436,20000,1330000,20260901,"84 84 84 84 84 84 84 84"
table1b_dual_identical,3,8,22,2.860153383,2.859997193,0.000311436,20000,1330000,20260901,"84 84 84 84 84 84 84 84"
table1b_dual_identical,3,8,23,2.860107519,2.859997193,0.000311436,20000,1330000,20260901,"84 84 84 84 84 84 84 84"
table1b_dual_identical,3,8,24,2.861112030,2.859997193,0.000311436,20000,1330000,20260901,"84 84 84 84 84 84 84 84"
table1b_dual_identical,3,8,25,2.859879699,2.859997193,0.000311436,20000,1330000,20260901,"84 84 84 84 84 84 84 84"
table1b_dual_identical,3,8,26,2.860678947,2.859997193,0.000311436,20000,1330000,20260901,"84 84 84 84 84 84 84 84"
table1b_dual_identical,3,8,27,2.859445865,2.859997193,0.000311436,20000,1330000,20260901,"84 84 84 84 84 84 84 84"
table1b_dual_identical,3,8,28,2.860113534,2.859997193,0.000311436,20000,1330000,20260901,"84 84 84 84 84 84 84 84"
table1b_dual_identical,3,8,29,2.860786466,2.859997193,0.000311436,20000,1330000,20260901,"84 84 84 84 84 84 84 84"
table1b_dual_identical,3,8,30,2.859490977,2.859997193,0.000311436,20000,1330000,20260901,"84 84 84 84 84 84 84 84"
table1b_dual_identical,3,9,1,2.883837594,2.883500301,0.000305193,20000,1330000,20260901,"84 84 84 84 84 84 84 84 84"
table1b_dual_identical,3,9,2,2.883187218,2.883500301,0.000305193,20000,1330000,20260901,"84 84 84 84 84 84 84 84 84"
table1b_dual_identical,3,9,3,2.884467669,2.883500301,0.000305193,20000,1330000,20260901,"84 84 84 84 84 84 84 84 84"
table1b_dual_identical,3,9,4,2.883904511,2.883500301,0.000305193,20000,1330000,20260901,"84 84 84 84 84 84 84 84 84"
table1b_dual_identical,3,9,5,2.881952632,2.883500301,0.000305193,20000,1330000,20260901,"84 84 84 84 84 84 84 84 84"
table1b_dual_identical,3,9,6,2.883645113,2.883500301,0.000305193,20000,1330000,20260901,"84 84 84 84 84 84 84 84 84"
table1b_dual_identical,3,9,7,2.882300000,2.883500301,0.000305193,20000,1330000,20260901,"84 84 84 84 84 84 84 84 84"
table1b_dual_identical,3,9,8,2.884121053,2.883500301,0.000305193,20000,1330000,20260901,"84 84 84 84 84 84 84 84 84"
table1b_dual_identical,3,9,9,2.882910526,2.883500301,0.000305193,20000,1330000,20260901,"84 84 84 84 84 84 84 84 84"
table1b_dual_identical,3,9,10,2.884230075,2.883500301,0.000305193,20000,1330000,20260901,"84 84 84 84 84 84 84 84 84"
table1b_dual_identical,3,9,11,2.882496992,2.883500301,0.000305193,20000,1330000,20260901,"84 84 84 84 84 84 84 84 84"
table1b_dual_identical,3,9,12,2.885990226,2.883500301,0.000305193,20000,1330000,20260901,"84 84 84 84 84 84 84 84 84"
table1b_dual_identical,3,9,13,2.883779699,2.883500301,0.000305193,20000,1330000,20260901,"84 84 84 84 84 84 84 84 84"
table1b_dual_identical,3,9,14,2.882942857,2.883500301,0.000305193,20000,1330000,20260901,"84 84 84 84 84 84 84 84 84"
table1b_dual_identical,3,9,15,2.883794737,2.883500301,0.000305193,20000,1330000,20260901,"84 84 84 84 84 84 84 84 84"
table1b_dual_identical,3,9,16,2.883410526,2.883500301,0.000305193,20000,1330000,20260901,"84 84 84 84 84 84 84 84 84"
table1b_dual_identical,3,9,17,2.883938346,2.883500301,0.000305193,20000,1330000,20260901,"84 84 84 84 84 84 84 84 84"
table1b_dual_identical,3,9,18,2.883518797,2.883500301,0.000305193,20000,1330000,20260901,"84 84 84 84 84 84 84 84 84"
table1b_dual_identical,3,9,19,2.882326316,2.883500301,0.000305193,20000,1330000,20260901,"84 84 84 84 84 84 84 84 84"
table1b_dual_identical,3,9,20,2.883125564,2.883500301,0.000305193,20000,1330000,20260901,"84 84 84 84 84 84 84 84 84"
table1b_dual_identical,3,9,21,2.882473684,2.883500301,0.000305193,20000,1330000,20260901,"84 84 84 84 84 84 84 84 84"
table1b_dual_identical,3,9,22,2.883366165,2.883500301,0.000305193,20000,1330000,20260901,"84 84 84 84 84 84 84 84 84"
table1b_dual_identical,3,9,23,2.883762406,2.883500301,0.000305193,20000,1330000,20260901,"84 84 84 84 84 84 84 84 84"
table1b_dual_identical,3,9,24,2.884429323,2.883500301,0.000305193,20000,1330000,20260901,"84 84 84 84 84 84 84 84 84"
table1b_dual_identical,3,9,25,2.883427820,2.883500301,0.000305193,20000,1330000,20260901,"84 84 84 84 84 84 84 84 84"
table1b_dual_identical,3,9,26,2.884285714,2.883500301,0.000305193,20000,1330000,20260901,"84 84 84 84 84 84 84 84 84"
table1b_dual_identical,3,9,27,2.882808271,2.883500301,0.000305193,20000,1330000,20260901,"84 84 84 84 84 84 84 84 84"
table1b_dual_identical,3,9,28,2.883379699,2.883500301,0.000305193,20000,1330000,20260901,"84 84 84 84 84 84 84 84 84"
table1b_dual_identical,3,9,29,2.884045113,2.883500301,0.000305193,20000,1330000,20260901,"84 84 84 84 84 84 84 84 84"
table1b_dual_identical,3,9,30,2.883150376,2.883500301,0.000305193,20000,1330000,20260901,"84 84 84 84 84 84 84 84 84"
table1b_dual_identical,4,3,1,2.568904511,2.569212832,0.000172452,20000,1330000,20260901,"104 104 104"
table1b_dual_identical,4,3,2,2.569563910,2.569212832,0.000172452,20000,1330000,20260901,"104 104 104"
table1b_dual_identical,4,3,3,2.568219549,2.569212832,0.000172452,20000,1330000,20260901,"104 104 104"
table1b_dual_identical,4,3,4,2.568966917,2.569212832,0.000172452,20000,1330000,20260901,"104 104 104"
table1b_dual_identical,4,3,5,2.569400000,2.569212832,0.000172452,20000,1330000,20260901,"104 104 104"
table1b_dual_identical,4,3,6,2.569170677,2.569212832,0.000172452,20000,1330000,20260901,"104 104 104"
table1b_dual_identical,4,3,7,2.569524060,2.569212832,0.000172452,20000,1330000,20260901,"104 104 104"
table1b_dual_identical,4,3,8,2.568836090,2.569212832,0.000172452,20000,1330000,20260901,"104 104 104"
table1b_dual_identical,4,3,9,2.569377444,2.569212832,0.000172452,20000,1330000,20260901,"104 104 104"
table1b_dual_identical,4,3,10,2.569736090,2.569212832,0.000172452,20000,1330000,20260901,"104 104 104"
table1b_dual_identical,4,3,11,2.569040602,2.569212832,0.000172452,20000,1330000,20260901,"104 104 104"
table1b_dual_identical,4,3,12,2.568987218,2.569212832,0.000172452,20000,1330000,20260901,"104 104 104"
table1b_dual_identical,4,3,13,2.568563158,2.569212832,0.000172452,20000,1330000,20260901,"104 104 104"
table1b_dual_identical,4,3,14,2.569248872,2.569212832,0.000172452,20000,1330000,20260901,"104 104 104"
table1b_dual_identical,4,3,15,2.569041353,2.569212832,0.000172452,20000,1330000,20260901,"104 104 104"
table1b_dual_identical,4,3,16,2.570236090,2.569212832,0.000172452,20000,1330000,20260901,"104 104 104"
table1b_dual_identical,4,3,17,2.569100000,2.569212832,0.000172452,20000,1330000,20260901,"104 104 104"
table1b_dual_identical,4,3,18,2.569341353,2.569212832,0.000172452,20000,1330000,20260901,"104 104 104"
table1b_dual_identical,4,3,19,2.569943609,2.569212832,0.000172452,20000,1330000,20260901,"104 104 104"
table1b_dual_identical,4,3,20,2.569357895,2.569212832,0.000172452,20000,1330000,20260901,"104 104 104"
table1b_dual_identical,4,3,21,2.568982707,2.569212832,0.000172452,20000,1330000,20260901,"104 104 104"
table1b_dual_identical,4,3,22,2.569357895,2.569212832,0.000172452,20000,1330000,20260901,"104 104 104"
table1b_dual_identical,4,3,23,2.568769925,2.569212832,0.000172452,20000,1330000,20260901,"104 104 104"
table1b_dual_identical,4,3,24,2.568996992,2.569212832,0.000172452,20000,1330000,20260901,"104 104 104"
table1b_dual_identical,4,3,25,2.568609774,2.569212832,0.000172452,20000,1330000,20260901,"104 104 104"
table1b_dual_identical,4,3,26,2.570391729,2.569212832,0.000172452,20000,1330000,20260901,"104 104 104"
table1b_dual_identical,4,3,27,2.569447368,2.569212832,0.000172452,20000,1330000,20260901,"104 104 104"
table1b_dual_identical,4,3,28,2.569138346,2.569212832,0.000172452,20000,1330000,20260901,"104 104 104"
table1b_dual_identical,4,3,29,2.569016541,2.569212832,0.000172452,20000,1330000,20260901,"104 104 104"
table1b_dual_identical,4,3,30,2.569114286,2.569212832,0.000172452,20000,1330000,20260901,"104 104 104"
table1b_dual_identical,4,4,1,3.027812030,3.028205940,0.000245303,20000,1330000,20260901,"104 104 104 104"
table1b_dual_identical,4,4,2,3.028673684,3.028205940,0.000245303,20000,1330000,20260901,"104 104 104 104"
table1b_dual_identical,4,4,3,3.026752632,3.028205940,0.000245303,20000,1330000,20260901,"104 104 104 104"
table1b_dual_identical,4,4,4,3.027739850,3.028205940,0.000245303,20000,1330000,20260901,"104 104 104 104"
table1b_dual_identical,4,4,5,3.028321805,3.028205940,0.000245303,20000,1330000,20260901,"104 104 104 104"
table1b_dual_identical,4,4,6,3.028642857,3.028205940,0.000245303,20000,1330000,20260901,"104 104 104 104"
table1b_dual_identical,4,4,7,3.028404511,3.028205940,0.000245303,20000,1330000,20260901,"104 104 104 104"
table1b_dual_identical,4,4,8,3.028012782,3.028205940,0.000245303,20000,1330000,20260901,"104 104 104 104"
table1b_dual_identical,4,4,9,3.028333083,3.028205940,0.000245303,20000,1330000,20260901,"104 104 104 104"
table1b_dual_identical,4,4,10,3.028123308,3.028205940,0.000245303,20000,1330000,20260901,"104 104 104 104"
table1b_dual_identical,4,4,11,3.028144361,3.028205940,0.000245303,20000,1330000,20260901,"104 104 104 104"
table1b_dual_identical,4,4,12,3.027719549,3.028205940,0.000245303,20000,1330000,20260901,"104 104 104 104"
table1b_dual_identical,4,4,13,3.027581203,3.028205940,0.000245303,20000,1330000,20260901,"104 104 104 104"
table1b_dual_identical,4,4,14,3.029161654,3.028205940,0.000245303,20000,1330000,20260901,"104 104 104 104"
table1b_dual_identical,4,4,15,3.027713534,3.028205940,0.000245303,20000,1330000,20260901,"104 104 104 104"
table1b_dual_identical,4,4,16,3.029607519,3.028205940,0.000245303,20000,1330000,20260901,"104 104 104 104"
table1b_dual_identical,4,4,17,3.028281955,3.028205940,0.000245303,20000,1330000,20260901,"104 104 104 104"
table1b_dual_identical,4,4,18,3.028060902,3.028205940,0.000245303,20000,1330000,20260901,"104 104 104 104"
table1b_dual_identical,4,4,19,3.029224812,3.028205940,0.000245303,20000,1330000,20260901,"104 104 104 104"
table1b_dual_identical,4,4,20,3.028302256,3.028205940,0.000245303,20000,1330000,20260901,"104 104 104 104"
table1b_dual_identical,4,4,21,3.028675188,3.028205940,0.000245303,20000,1330000,20260901,"104 104 104 104"
table1b_dual_identical,4,4,22,3.028234586,3.028205940,0.000245303,20000,1330000,20260901,"104 104 104 104"
table1b_dual_identical,4,4,23,3.027353383,3.028205940,0.000245303,20000,1330000,20260901,"104 104 104 104"
table1b_dual_identical,4,4,24,3.027368421,3.028205940,0.000245303,20000,1330000,20260901,"104 104 104 104"
table1b_dual_identical,4,4,25,3.027691729,3.028205940,0.000245303,20000,1330000,20260901,"104 104 104 104"
table1b_dual_identical,4,4,26,3.029276692,3.028205940,0.000245303,20000,1330000,20260901,"104 104 104 104"
table1b_dual_identical,4,4,27,3.029320301,3.028205940,0.000245303,20000,1330000,20260901,"104 104 104 104"
table1b_dual_identical,4,4,28,3.027903759,3.028205940,0.000245303,20000,1330000,20260901,"104 104 104 104"
table1b_dual_identical,4,4,29,3.028048872,3.028205940,0.000245303,20000,1330000,20260901,"104 104 104 104"
table1b_dual_identical,4,4,30,3.027690977,3.028205940,0.000245303,20000,1330000,20260901,"104 104 104 104"
table1b_dual_identical,4,5,1,3.317153383,3.316889900,0.000310824,20000,1330000,20260901,"104 104 104 104 104"
table1b_dual_identical,4,5,2,3.317352632,3.316889900,0.000310824,20000,1330000,20260901,"104 104 104 104 104"
table1b_dual_identical,4,5,3,3.315294737,3.316889900,0.000310824,20000,1330000,20260901,"104 104 104 104 104"
table1b_dual_identical,4,5,4,3.315717293,3.316889900,0.000310824,20000,1330000,20260901,"104 104 104 104 104"
table1b_dual_identical,4,5,5,3.317106767,3.316889900,0.000310824,20000,1330000,20260901,"104 104 104 104 104"
table1b_dual_identical,4,5,6,3.317019549,3.316889900,0.000310824,20000,1330000,20260901,"104 104 104 104 104"
table1b_dual_identical,4,5,7,3.316763158,3.316889900,0.000310824,20000,1330000,20260901,"104 104 104 104 104"
table1b_dual_identical,4,5,8,3.316816541,3.316889900,0.000310824,20000,1330000,20260901,"104 104 104 104 104"
table1b_dual_identical,4,5,9,3.316357895,3.316889900,0.000310824,20000,1330000,20260901,"104 104 104 104 104"
table1b_dual_identical,4,5,10,3.316727820,3.316889900,0.000310824,20000,1330000,20260901,"104 104 104 104 104"
table1b_dual_identical,4,5,11,3.317060150,3.316889900,0.000310824,20000,1330000,20260901,"104 104 104 104 104"
table1b_dual_identical,4,5,12,3.316451880,3.316889900,0.000310824,20000,1330000,20260901,"104 104 104 104 104"
table1b_dual_identical,4,5,13,3.316134586,3.316889900,0.000310824,20000,1330000,20260901,"104 104 104 104 104"
table1b_dual_identical,4,5,14,3.318058647,3.316889900,0.000310824,20000,1330000,20260901,"104 104 104 104 104"
table1b_dual_identical,4,5,15,3.317033083,3.316889900,0.000310824,20000,1330000,20260901,"104 104 104 104 104"
table1b_dual_identical,4,5,16,3.317783459,3.316889900,0.000310824,20000,1330000,20260901,"104 104 104 104 104"
table1b_dual_identical,4,5,17,3.316678947,3.316889900,0.000310824,20000,1330000,20260901,"104 104 104 104 104"
table1b_dual_identical,4,5,18,3.316634586,3.316889900,0.000310824,20000,1330000,20260901,"104 104 104 104 104"
table1b_dual_identical,4,5,19,3.317983459,3.316889900,0.000310824,20000,1330000,20260901,"104 104 104 104 104"
table1b_dual_identical,4,5,20,3.317364662,3.316889900,0.000310824,20000,1330000,20260901,"104 104 104 104 104"
table1b_dual_identical,4,5,21,3.317700000,3.316889900,0.000310824,20000,1330000,20260901,"104 104 104 104 104"
table1b_dual_identical,4,5,22,3.316958647,3.316889900,0.000310824,20000,1330000,20260901,"104 104 104 104 104"
table1b_dual_identical,4,5,23,3.316037594,3.316889900,0.000310824,20000,1330000,20260901,"104 104 104 104 104"
table1b_dual_identical,4,5,24,3.317136090,3.316889900,0.000310824,20000,1330000,20260901,"104 104 104 104 104"
table1b_dual_identical,4,5,25,3.315739098,3.316889900,0.000310824,20000,1330000,20260901,"104 104 104 104 104"
table1b_dual_identical,4,5,26,3.317939098,3.316889900,0.000310824,20000,1330000,20260901,"104 104 104 104 104"
table1b_dual_identical,4,5,27,3.319038346,3.316889900,0.000310824,20000,1330000,20260901,"104 104 104 104 104"
table1b_dual_identical,4,5,28,3.316807519,3.316889900,0.000310824,20000,1330000,20260901,"104 104 104 104 104"
table1b_dual_identical,4,5,29,3.316483459,3.316889900,0.000310824,20000,1330000,20260901,"104 104 104 104 104"
table1b_dual_identical,4,5,30,3.315363910,3.316889900,0.000310824,20000,1330000,20260901,"104 104 104 104 104"
table1b_dual_identical,4,6,1,3.497965414,3.497609198,0.000281893,20000,1330000,20260901,"104 104 104 104 104 104"
table1b_dual_identical,4,6,2,3.498030075,3.497609198,0.000281893,20000,1330000,20260901,"104 104 104 104 104 104"
table1b_dual_identical,4,6,3,3.496813534,3.497609198,0.000281893,20000,1330000,20260901,"104 104 104 104 104 104"
table1b_dual_identical,4,6,4,3.496786466,3.497609198,0.000281893,20000,1330000,20260901,"104 104 104 104 104 104"
table1b_dual_identical,4,6,5,3.497263158,3.497609198,0.000281893,20000,1330000,20260901,"104 104 104 104 104 104"
table1b_dual_identical,4,6,6,3.497545865,3.497609198,0.000281893,20000,1330000,20260901,"104 104 104 104 104 104"
table1b_dual_identical,4,6,7,3.497410526,3.497609198,0.000281893,20000,1330000,20260901,"104 104 104 104 104 104"
table1b_dual_identical,4,6,8,3.497573684,3.497609198,0.000281893,20000,1330000,20260901,"104 104 104 104 104 104"
table1b_dual_identical,4,6,9,3.496872932,3.497609198,0.000281893,20000,1330000,20260901,"104 104 104 104 104 104"
table1b_dual_identical,4,6,10,3.497339850,3.497609198,0.000281893,20000,1330000,20260901,"104 104 104 104 104 104"
table1b_dual_identical,4,6,11,3.497568421,3.497609198,0.000281893,20000,1330000,20260901,"104 104 104 104 104 104"
table1b_dual_identical,4,6,12,3.497773684,3.497609198,0.000281893,20000,1330000,20260901,"104 104 104 104 104 104"
table1b_dual_identical,4,6,13,3.497053383,3.497609198,0.000281893,20000,1330000,20260901,"104 104 104 104 104 104"
table1b_dual_identical,4,6,14,3.498336090,3.497609198,0.000281893,20000,1330000,20260901,"104 104 104 104 104 104"
table1b_dual_identical,4,6,15,3.497406767,3.497609198,0.000281893,20000,1330000,20260901,"104 104 104 104 104 104"
table1b_dual_identical,4,6,16,3.497457143,3.497609198,0.000281893,20000,1330000,20260901,"104 104 104 104 104 104"
table1b_dual_identical,4,6,17,3.497515038,3.497609198,0.000281893,20000,1330000,20260901,"104 104 104 104 104 104"
table1b_dual_identical,4,6,18,3.497339098,3.497609198,0.000281893,20000,1330000,20260901,"104 104 104 104 104 104"
table1b_dual_identical,4,6,19,3.498944361,3.497609198,0.000281893,20000,1330000,20260901,"104 104 104 104 104 104"
table1b_dual_identical,4,6,20,3.498303759,3.497609198,0.000281893,20000,1330000,20260901,"104 104 104 104 104 104"
table1b_dual_identical,4,6,21,3.498090977,3.497609198,0.000281893,20000,1330000,20260901,"104 104 104 104 104 104"
table1b_dual_identical,4,6,22,3.496985714,3.497609198,0.000281893,20000,1330000,20260901,"104 104 104 104 104 104"
table1b_dual_identical,4,6,23,3.497058647,3.497609198,0.000281893,20000,1330000,20260901,"104 104 104 104 104 104"
table1b_dual_identical,4,6,24,3.498689474,3.497609198,0.000281893,20000,1330000,20260901,"104 104 104 104 104 104"
table1b_dual_identical,4,6,25,3.496424812,3.497609198,0.000281893,20000,1330000,20260901,"104 104 104 104 104 104"
table1b_dual_identical,4,6,26,3.499011278,3.497609198,0.000281893,20000,1330000,20260901,"104 104 104 104 104 104"
table1b_dual_identical,4,6,27,3.499550376,3.497609198,0.000281893,20000,1330000,20260901,"104 104 104 104 104 104"
table1b_dual_identical,4,6,28,3.497545113,3.497609198,0.000281893,20000,1330000,20260901,"104 104 104 104 104 104"
table1b_dual_identical,4,6,29,3.497227820,3.497609198,0.000281893,20000,1330000,20260901,"104 104 104 104 104 104"
table1b_dual_identical,4,6,30,3.496392481,3.497609198,0.000281893,20000,1330000,20260901,"104 104 104 104 104 104"
table1b_dual_identical,4,7,1,3.615046617,3.614420175,0.000311436,20000,1330000,20260901,"104 104 104 104 104 104 104"
table1b_dual_identical,4,7,2,3.614533083,3.614420175,0.000311436,20000,1330000,20260901,"104 104 104 104 104 104 104"
table1b_dual_identical,4,7,3,3.613238346,3.614420175,0.000311436,20000,1330000,20260901,"104 104 104 104 104 104 104"
table1b_dual_identical,4,7,4,3.613062406,3.614420175,0.000311436,20000,1330000,20260901,"104 104 104 104 104 104 104"
table1b_dual_identical,4,7,5,3.613451880,3.614420175,0.000311436,20000,1330000,20260901,"104 104 104 104 104 104 104"
table1b_dual_identical,4,7,6,3.614343609,3.614420175,0.000311436,20000,1330000,20260901,"104 104 104 104 104 104 104"
table1b_dual_identical,4,7,7,3.614784962,3.614420175,0.000311436,20000,1330000,20260901,"104 104 104 104 104 104 104"
table1b_dual_identical,4,7,8,3.613654135,3.614420175,0.000311436,20000,1330000,20260901,"104 104 104 104 104 104 104"
table1b_dual_identical,4,7,9,3.613469925,3.614420175,0.000311436,20000,1330000,20260901,"104 104 104 104 104 104 104"
table1b_dual_identical,4,7,10,3.613824812,3.614420175,0.000311436,20000,1330000,20260901,"104 104 104 104 104 104 104"
table1b_dual_identical,4,7,11,3.614154135,3.614420175,0.000311436,20000,1330000,20260901,"104 104 104 104 104 104 104"
table1b_dual_identical,4,7,12,3.614357143,3.614420175,0.000311436,20000,1330000,20260901,"104 104 104 104 104 104 104"
table1b_dual_identical,4,7,13,3.614376692,3.614420175,0.000311436,20000,1330000,20260901,"104 104 104 104 104 104 104"
table1b_dual_identical,4,7,14,3.615345113,3.614420175,0.000311436,20000,1330000,20260901,"104 104 104 104 104 104 104"
table1b_dual_identical,4,7,15,3.614503759,3.614420175,0.000311436,20000,1330000,20260901,"104 104 104 104 104 104 104"
table1b_dual_identical,4,7,16,3.614196992,3.614420175,0.000311436,20000,1330000,20260901,"104 104 104 104 104 104 104"
table1b_dual_identical,4,7,17,3.614303008,3.614420175,0.000311436,20000,1330000,20260901,"104 104 104 104 104 104 104"
table1b_dual_identical,4,7,18,3.613579699,3.614420175,0.000311436,20000,1330000,20260901,"104 104 104 104 104 104 104"
table1b_dual_identical,4,7,19,3.616044361,3.614420175,0.000311436,20000,1330000,20260901,"104 104 104 104 104 104 104"
table1b_dual_identical,4,7,20,3.615364662,3.614420175,0.000311436,20000,1330000,20260901,"104 104 104 104 104 104 104"
table1b_dual_identical,4,7,21,3.614438346,3.614420175,0.000311436,20000,1330000,20260901,"104 104 104 104 104 104 104"
table1b_dual_identical,4,7,22,3.614039850,3.614420175,0.000311436,20000,1330000,20260901,"104 104 104 104 104 104 104"
table1b_dual_identical,4,7,23,3.614843609,3.614420175,0.000311436,20000,1330000,20260901,"104 104 104 104 104 104 104"
table1b_dual_identical,4,7,24,3.615033083,3.614420175,0.000311436,20000,1330000,20260901,"104 104 104 104 104 104 104"
table1b_dual_identical,4,7,25,3.613783459,3.614420175,0.000311436,20000,1330000,20260901,"104 104 104 104 104 104 104"
table1b_dual_identical,4,7,26,3.616281203,3.614420175,0.000311436,20000,1330000,20260901,"104 104 104 104 104 104 104"
table1b_dual_identical,4,7,27,3.616246617,3.614420175,0.000311436,20000,1330000,20260901,"104 104 104 104 104 104 104"
table1b_dual_identical,4,7,28,3.614329323,3.614420175,0.000311436,20000,1330000,20260901,"104 104 104 104 104 104 104"
table1b_dual_identical,4,7,29,3.614187970,3.614420175,0.000311436,20000,1330000,20260901,"104 104 104 104 104 104 104"
table1b_dual_identical,4,7,30,3.613786466,3.614420175,0.000311436,20000,1330000,20260901,"104 104 104 104 104 104 104"
table1b_dual_identical,4,8,1,3.693633835,3.693522105,0.000340950,20000,1330000,20260901,"104 104 104 104 104 104 104 104"
table1b_dual_identical,4,8,2,3.693444361,3.693522105,0.000340950,20000,1330000,20260901,"104 104 104 104 104 104 104 104"
table1b_dual_identical,4,8,3,3.692502256,3.693522105,0.000340950,20000,1330000,20260901,"104 104 104 104 104 104 104 104"
table1b_dual_identical,4,8,4,3.692618045,3.693522105,0.000340950,20000,1330000,20260901,"104 104 104 104 104 104 104 104"
table1b_dual_identical,4,8,5,3.692411278,3.693522105,0.000340950,20000,1330000,20260901,"104 104 104 104 104 104 104 104"
table1b_dual_identical,4,8,6,3.693255639,3.693522105,0.000340950,20000,1330000,20260901,"104 104 104 104 104 104 104 104"
table1b_dual_identical,4,8,7,3.694051880,3.693522105,0.000340950,20000,1330000,20260901,"104 104 104 104 104 104 104 104"
table1b_dual_identical,4,8,8,3.692927820,3.693522105,0.000340950,20000,1330000,20260901,"104 104 104 104 104 104 104 104"
table1b_dual_identical,4,8,9,3.691603759,3.693522105,0.000340950,20000,1330000,20260901,"104 104 104 104 104 104 104 104"
table1b_dual_identical,4,8,10,3.692672932,3.693522105,0.000340950,20000,1330000,20260901,"104 104 104 104 104 104 104 104"
table1b_dual_identical,4,8,11,3.693033083,3.693522105,0.000340950,20000,1330000,20260901,"104 104 104 104 104 104 104 104"
table1b_dual_identical,4,8,12,3.693866917,3.693522105,0.000340950,20000,1330000,20260901,"104 104 104 104 104 104 104 104"
table1b_dual_identical,4,8,13,3.693993985,3.693522105,0.000340950,20000,1330000,20260901,"104 104 104 104 104 104 104 104"
table1b_dual_identical,4,8,14,3.694106767,3.693522105,0.000340950,20000,1330000,20260901,"104 104 104 104 104 104 104 104"
table1b_dual_identical,4,8,15,3.693382707,3.693522105,0.000340950,20000,1330000,20260901,"104 104 104 104 104 104 104 104"
table1b_dual_identical,4,8,16,3.693236842,3.693522105,0.000340950,20000,1330000,20260901,"104 104 104 104 104 104 104 104"
table1b_dual_identical,4,8,17,3.692913534,3.693522105,0.000340950,20000,1330000,20260901,"104 104 104 104 104 104 104 104"
table1b_dual_identical,4,8,18,3.692936090,3.693522105,0.000340950,20000,1330000,20260901,"104 104 104 104 104 104 104 104"
table1b_dual_identical,4,8,19,3.695808271,3.693522105,0.000340950,20000,1330000,20260901,"104 104 104 104 104 104 104 104"
table1b_dual_identical,4,8,20,3.694730075,3.693522105,0.000340950,20000,1330000,20260901,"104 104 104 104 104 104 104 104"
table1b_dual_identical,4,8,21,3.693226316,3.693522105,0.000340950,20000,1330000,20260901,"104 104 104 104 104 104 104 104"
table1b_dual_identical,4,8,22,3.693376692,3.693522105,0.000340950,20000,1330000,20260901,"104 104 104 104 104 104 104 104"
table1b_dual_identical,4,8,23,3.694202256,3.693522105,0.000340950,20000,1330000,20260901,"104 104 104 104 104 104 104 104"
table1b_dual_identical,4,8,24,3.694660902,3.693522105,0.000340950,20000,1330000,20260901,"104 104 104 104 104 104 104 104"
table1b_dual_identical,4,8,25,3.692626316,3.693522105,0.000340950,20000,1330000,20260901,"104 104 104 104 104 104 104 104"
table1b_dual_identical,4,8,26,3.695189474,3.693522105,0.000340950,20000,1330000,20260901,"104 104 104 104 104 104 104 104"
table1b_dual_identical,4,8,27,3.694872932,3.693522105,0.000340950,20000,1330000,20260901,"104 104 104 104 104 104 104 104"
table1b_dual_identical,4,8,28,3.693851880,3.693522105,0.000340950,20000,1330000,20260901,"104 104 104 104 104 104 104 104"
table1b_dual_identical,4,8,29,3.693159398,3.693522105,0.000340950,20000,1330000,20260901,"104 104 104 104 104 104 104 104"
table1b_dual_identical,4,8,30,3.693366917,3.693522105,0.000340950,20000,1330000,20260901,"104 104 104 104 104 104 104 104"
table1b_dual_identical,4,9,1,3.749378947,3.749227569,0.000351094,20000,1330000,20260901,"104 104 104 104 104 104 104 104 104"
table1b_dual_identical,4,9,2,3.748961654,3.749227569,0.000351094,20000,1330000,20260901,"104 104 104 104 104 104 104 104 104"
table1b_dual_identical,4,9,3,3.748239850,3.749227569,0.000351094,20000,1330000,20260901,"104 104 104 104 104 104 104 104 104"
table1b_dual_identical,4,9,4,3.748545113,3.749227569,0.000351094,20000,1330000,20260901,"104 104 104 104 104 104 104 104 104"
table1b_dual_identical,4,9,5,3.748129323,3.749227569,0.000351094,20000,1330000,20260901,"104 104 104 104 104 104 104 104 104"
table1b_dual_identical,4,9,6,3.748587970,3.749227569,0.000351094,20000,1330000,20260901,"104 104 104 104 104 104 104 104 104"
table1b_dual_identical,4,9,7,3.749677444,3.749227569,0.000351094,20000,1330000,20260901,"104 104 104 104 104 104 104 104 104"
table1b_dual_identical,4,9,8,3.748857143,3.749227569,0.000351094,20000,1330000,20260901,"104 104 104 104 104 104 104 104 104"
table1b_dual_identical,4,9,9,3.747068421,3.749227569,0.000351094,20000,1330000,20260901,"104 104 104 104 104 104 104 104 104"
table1b_dual_identical,4,9,10,3.748612030,3.749227569,0.000351094,20000,1330000,20260901,"104 104 104 104 104 104 104 104 104"
table1b_dual_identical,4,9,11,3.748329323,3.749227569,0.000351094,20000,1330000,20260901,"104 104 104 104 104 104 104 104 104"
table1b_dual_identical,4,9,12,3.749921053,3.749227569,0.000351094,20000,1330000,20260901,"104 104 104 104 104 104 104 104 104"
table1b_dual_identical,4,9,13,3.749689474,3.749227569,0.000351094,20000,1330000,20260901,"104 104 104 104 104 104 104 104 104"
table1b_dual_identical,4,9,14,3.749866917,3.749227569,0.000351094,20000,1330000,20260901,"104 104 104 104 104 104 104 104 104"
table1b_dual_identical,4,9,15,3.748942105,3.749227569,0.000351094,20000,1330000,20260901,"104 104 104 104 104 104 104 104 104"
table1b_dual_identical,4,9,16,3.748786466,3.749227569,0.000351094,20000,1330000,20260901,"104 104 104 104 104 104 104 104 104"
table1b_dual_identical,4,9,17,3.749022556,3.749227569,0.000351094,20000,1330000,20260901,"104 104 104 104 104 104 104 104 104"
table1b_dual_identical,4,9,18,3.748558647,3.749227569,0.000351094,20000,1330000,20260901,"104 104 104 104 104 104 104 104 104"
table1b_dual_identical,4,9,19,3.751222556,3.749227569,0.000351094,20000,1330000,20260901,"104 104 104 104 104 104 104 104 104"
table1b_dual_identical,4,9,20,3.750736842,3.749227569,0.000351094,20000,1330000,20260901,"104 104 104 104 104 104 104 104 104"
table1b_dual_identical,4,9,21,3.748854135,3.749227569,0.000351094,20000,1330000,20260901,"104 104 104 104 104 104 104 104 104"
table1b_dual_identical,4,9,22,3.749536090,3.749227569,0.000351094,20000,1330000,20260901,"104 104 104 104 104 104 104 104 104"
table1b_dual_identical,4,9,23,3.749764662,3.749227569,0.000351094,20000,1330000,20260901,"104 104 104 104 104 104 104 104 104"
table1b_dual_identical,4,9,24,3.750681203,3.749227569,0.000351094,20000,1330000,20260901,"104 104 104 104 104 104 104 104 104"
table1b_dual_identical,4,9,25,3.748135338,3.749227569,0.000351094,20000,1330000,20260901,"104 104 104 104 104 104 104 104 104"
table1b_dual_identical,4,9,26,3.750584211,3.749227569,0.000351094,20000,1330000,20260901,"104 104 104 104 104 104 104 104 104"
table1b_dual_identical,4,9,27,3.750733083,3.749227569,0.000351094,20000,1330000,20260901,"104 104 104 104 104 104 104 104 104"
table1b_dual_identical,4,9,28,3.749484211,3.749227569,0.000351094,20000,1330000,20260901,"104 104 104 104 104 104 104 104 104"
table1b_dual_identical,4,9,29,3.748838346,3.749227569,0.000351094,20000,1330000,20260901,"104 104 104 104 104 104 104 104 104"
table1b_dual_identical,4,9,30,3.749081955,3.749227569,0.000351094,20000,1330000,20260901,"104 104 104 104 104 104 104 104 104"
table1b_dual_identical,5,3,1,2.704275188,2.704275038,0.000144768,20000,1330000,20260901,"124 124 124"
table1b_dual_identical,5,3,2,2.703765414,2.704275038,0.000144768,20000,1330000,20260901,"124 124 124"
table1b_dual_identical,5,3,3,2.704615038,2.704275038,0.000144768,20000,1330000,20260901,"124 124 124"
table1b_dual_identical,5,3,4,2.704077444,2.704275038,0.000144768,20000,1330000,20260901,"124 124 124"
table1b_dual_identical,5,3,5,2.704269925,2.704275038,0.000144768,20000,1330000,20260901,"124 124 124"
table1b_dual_identical,5,3,6,2.704229323,2.704275038,0.000144768,20000,1330000,20260901,"124 124 124"
table1b_dual_identical,5,3,7,2.704066917,2.704275038,0.000144768,20000,1330000,20260901,"124 124 124"
table1b_dual_identical,5,3,8,2.703901504,2.704275038,0.000144768,20000,1330000,20260901,"124 124 124"
table1b_dual_identical,5,3,9,2.704281203,2.704275038,0.000144768,20000,1330000,20260901,"124 124 124"
table1b_dual_identical,5,3,10,2.704166165,2.704275038,0.000144768,20000,1330000,20260901,"124 124 124"
table1b_dual_identical,5,3,11,2.704148120,2.704275038,0.000144768,20000,1330000,20260901,"124 124 124"
table1b_dual_identical,5,3,12,2.704886466,2.704275038,0.000144768,20000,1330000,20260901,"124 124 124"
table1b_dual_identical,5,3,13,2.704319549,2.704275038,0.000144768,20000,1330000,20260901,"124 124 124"
table1b_dual_identical,5,3,14,2.704444361,2.704275038,0.000144768,20000,1330000,20260901,"124 124 124"
table1b_dual_identical,5,3,15,2.703442857,2.704275038,0.000144768,20000,1330000,20260901,"124 124 124"
table1b_dual_identical,5,3,16,2.704585714,2.704275038,0.000144768,20000,1330000,20260901,"124 124 124"
table1b_dual_identical,5,3,17,2.705231579,2.704275038,0.000144768,20000,1330000,20260901,"124 124 124"
table1b_dual_identical,5,3,18,2.704272932,2.704275038,0.000144768,20000,1330000,20260901,"124 124 124"
table1b_dual_identical,5,3,19,2.703881955,2.704275038,0.000144768,20000,1330000,20260901,"124 124 124"
table1b_dual_identical,5,3,20,2.704560150,2.704275038,0.000144768,20000,1330000,20260901,"124 124 124"
table1b_dual_identical,5,3,21,2.704674436,2.704275038,0.000144768,20000,1330000,20260901,"124 124 124"
table1b_dual_identical,5,3,22,2.704673684,2.704275038,0.000144768,20000,1330000,20260901,"124 124 124"
table1b_dual_identical,5,3,23,2.704410526,2.704275038,0.000144768,20000,1330000,20260901,"124 124 124"
table1b_dual_identical,5,3,24,2.704085714,2.704275038,0.000144768,20000,1330000,20260901,"124 124 124"
table1b_dual_identical,5,3,25,2.703846617,2.704275038,0.000144768,20000,1330000,20260901,"124 124 124"
table1b_dual_identical,5,3,26,2.704429323,2.704275038,0.000144768,20000,1330000,20260901,"124 124 124"
table1b_dual_identical,5,3,27,2.704820301,2.704275038,0.000144768,20000,1330000,20260901,"124 124 124"
table1b_dual_identical,5,3,28,2.703787970,2.704275038,0.000144768,20000,1330000,20260901,"124 124 124"
table1b_dual_identical,5,3,29,2.703757143,2.704275038,0.000144768,20000,1330000,20260901,"124 124 124"
table1b_dual_identical,5,3,30,2.704343609,2.704275038,0.000144768,20000,1330000,20260901,"124 124 124"
table1b_dual_identical,5,4,1,3.300827820,3.300641328,0.000271098,20000,1330000,20260901,"124 124 124 124"
table1b_dual_identical,5,4,2,3.300862406,3.300641328,0.000271098,20000,1330000,20260901,"124 124 124 124"
table1b_dual_identical,5,4,3,3.300869173,3.300641328,0.000271098,20000,1330000,20260901,"124 124 124 124"
table1b_dual_identical,5,4,4,3.300340602,3.300641328,0.000271098,20000,1330000,20260901,"124 124 124 124"
table1b_dual_identical,5,4,5,3.300415789,3.300641328,0.000271098,20000,1330000,20260901,"124 124 124 124"
table1b_dual_identical,5,4,6,3.300685714,3.300641328,0.000271098,20000,1330000,20260901,"124 124 124 124"
table1b_dual_identical,5,4,7,3.300416541,3.300641328,0.000271098,20000,1330000,20260901,"124 124 124 124"
table1b_dual_identical,5,4,8,3.300362406,3.300641328,0.000271098,20000,1330000,20260901,"124 124 124 124"
table1b_dual_identical,5,4,9,3.300055639,3.300641328,0.000271098,20000,1330000,20260901,"124 124 124 124"
table1b_dual_identical,5,4,10,3.301333835,3.300641328,0.000271098,20000,1330000,20260901,"124 124 124 124"
table1b_dual_identical,5,4,11,3.300789474,3.300641328,0.000271098,20000,1330000,20260901,"124 124 124 124"
table1b_dual_identical,5,4,12,3.300745113,3.300641328,0.000271098,20000,1330000,20260901,"124 124 124 124"
table1b_dual_identical,5,4,13,3.300685714,3.300641328,0.000271098,20000,1330000,20260901,"124 124 124 124"
table1b_dual_identical,5,4,14,3.301532331,3.300641328,0.000271098,20000,1330000,20260901,"124 124 124 124"
table1b_dual_identical,5,4,15,3.298472180,3.300641328,0.000271098,20000,1330000,20260901,"124 124 124 124"
table1b_dual_identical,5,4,16,3.301333083,3.300641328,0.000271098,20000,1330000,20260901,"124 124 124 124"
table1b_dual_identical,5,4,17,3.302818045,3.300641328,0.000271098,20000,1330000,20260901,"124 124 124 124"
table1b_dual_identical,5,4,18,3.299688722,3.300641328,0.000271098,20000,1330000,20260901,"124 124 124 124"
table1b_dual_identical,5,4,19,3.300145113,3.300641328,0.000271098,20000,1330000,20260901,"124 124 124 124"
table1b_dual_identical,5,4,20,3.300772932,3.300641328,0.000271098,20000,1330000,20260901,"124 124 124 124"
table1b_dual_identical,5,4,21,3.301320301,3.300641328,0.000271098,20000,1330000,20260901,"124 124 124 124"
table1b_dual_identical,5,4,22,3.300557143,3.300641328,0.000271098,20000,1330000,20260901,"124 124 124 124"
table1b_dual_identical,5,4,23,3.301427820,3.300641328,0.000271098,20000,1330000,20260901,"124 124 124 124"
table1b_dual_identical,5,4,24,3.300993233,3.300641328,0.000271098,20000,1330000,20260901,"124 124 124 124"
table1b_dual_identical,5,4,25,3.299932331,3.300641328,0.000271098,20000,1330000,20260901,"124 124 124 124"
table1b_dual_identical,5,4,26,3.300331579,3.300641328,0.000271098,20000,1330000,20260901,"124 124 124 124"
table1b_dual_identical,5,4,27,3.300391729,3.300641328,0.000271098,20000,1330000,20260901,"124 124 124 124"
table1b_dual_identical,5,4,28,3.300491729,3.300641328,0.000271098,20000,1330000,20260901,"124 124 124 124"
table1b_dual_identical,5,4,29,3.300454135,3.300641328,0.000271098,20000,1330000,20260901,"124 124 124 124"
table1b_dual_identical,5,4,30,3.300187218,3.300641328,0.000271098,20000,1330000,20260901,"124 124 124 124"
table1b_dual_identical,5,5,1,3.728769173,3.728313233,0.000322956,20000,1330000,20260901,"124 124 124 124 124"
table1b_dual_identical,5,5,2,3.728754887,3.728313233,0.000322956,20000,1330000,20260901,"124 124 124 124 124"
table1b_dual_identical,5,5,3,3.728240602,3.728313233,0.000322956,20000,1330000,20260901,"124 124 124 124 124"
table1b_dual_identical,5,5,4,3.727958647,3.728313233,0.000322956,20000,1330000,20260901,"124 124 124 124 124"
table1b_dual_identical,5,5,5,3.728556391,3.728313233,0.000322956,20000,1330000,20260901,"124 124 124 124 124"
table1b_dual_identical,5,5,6,3.729260150,3.728313233,0.000322956,20000,1330000,20260901,"124 124 124 124 124"
table1b_dual_identical,5,5,7,3.728003008,3.728313233,0.000322956,20000,1330000,20260901,"124 124 124 124 124"
table1b_dual_identical,5,5,8,3.727505263,3.728313233,0.000322956,20000,1330000,20260901,"124 124 124 124 124"
table1b_dual_identical,5,5,9,3.727945865,3.728313233,0.000322956,20000,1330000,20260901,"124 124 124 124 124"
table1b_dual_identical,5,5,10,3.728157895,3.728313233,0.000322956,20000,1330000,20260901,"124 124 124 124 124"
table1b_dual_identical,5,5,11,3.728041353,3.728313233,0.000322956,20000,1330000,20260901,"124 124 124 124 124"
table1b_dual_identical,5,5,12,3.727992481,3.728313233,0.000322956,20000,1330000,20260901,"124 124 124 124 124"
table1b_dual_identical,5,5,13,3.728515789,3.728313233,0.000322956,20000,1330000,20260901,"124 124 124 124 124"
table1b_dual_identical,5,5,14,3.729204511,3.728313233,0.000322956,20000,1330000,20260901,"124 124 124 124 124"
table1b_dual_identical,5,5,15,3.725548120,3.728313233,0.000322956,20000,1330000,20260901,"124 124 124 124 124"
table1b_dual_identical,5,5,16,3.729211278,3.728313233,0.000322956,20000,1330000,20260901,"124 124 124 124 124"
table1b_dual_identical,5,5,17,3.730320301,3.728313233,0.000322956,20000,1330000,20260901,"124 124 124 124 124"
table1b_dual_identical,5,5,18,3.727815038,3.728313233,0.000322956,20000,1330000,20260901,"124 124 124 124 124"
table1b_dual_identical,5,5,19,3.727459398,3.728313233,0.000322956,20000,1330000,20260901,"124 124 124 124 124"
table1b_dual_identical,5,5,20,3.728585714,3.728313233,0.000322956,20000,1330000,20260901,"124 124 124 124 124"
table1b_dual_identical,5,5,21,3.728770677,3.728313233,0.000322956,20000,1330000,20260901,"124 124 124 124 124"
table1b_dual_identical,5,5,22,3.728413534,3.728313233,0.000322956,20000,1330000,20260901,"124 124 124 124 124"
table1b_dual_identical,5,5,23,3.729318045,3.728313233,0.000322956,20000,1330000,20260901,"124 124 124 124 124"
table1b_dual_identical,5,5,24,3.729242105,3.728313233,0.000322956,20000,1330000,20260901,"124 124 124 124 124"
table1b_dual_identical,5,5,25,3.727815038,3.728313233,0.000322956,20000,1330000,20260901,"124 124 124 124 124"
table1b_dual_identical,5,5,26,3.728168421,3.728313233,0.000322956,20000,1330000,20260901,"124 124 124 124 124"
table1b_dual_identical,5,5,27,3.728167669,3.728313233,0.000322956,20000,1330000,20260901,"124 124 124 124 124"
table1b_dual_identical,5,5,28,3.728213534,3.728313233,0.000322956,20000,1330000,20260901,"124 124 124 124 124"
table1b_dual_identical,5,5,29,3.728631579,3.728313233,0.000322956,20000,1330000,20260901,"124 124 124 124 124"
table1b_dual_identical,5,5,30,3.726810526,3.728313233,0.000322956,20000,1330000,20260901,"124 124 124 124 124"
table1b_dual_identical,5,6,1,4.025466917,4.025611805,0.000335473,20000,1330000,20260901,"124 124 124 124 124 124"
table1b_dual_identical,5,6,2,4.025871429,4.025611805,0.000335473,20000,1330000,20260901,"124 124 124 124 124 124"
table1b_dual_identical,5,6,3,4.026548120,4.025611805,0.000335473,20000,1330000,20260901,"124 124 124 124 124 124"
table1b_dual_identical,5,6,4,4.025272180,4.025611805,0.000335473,20000,1330000,20260901,"124 124 124 124 124 124"
table1b_dual_identical,5,6,5,4.026423308,4.025611805,0.000335473,20000,1330000,20260901,"124 124 124 124 124 124"
table1b_dual_identical,5,6,6,4.025957895,4.025611805,0.000335473,20000,1330000,20260901,"124 124 124 124 124 124"
table1b_dual_identical,5,6,7,4.024512030,4.025611805,0.000335473,20000,1330000,20260901,"124 124 124 124 124 124"
table1b_dual_identical,5,6,8,4.025572932,4.025611805,0.000335473,20000,1330000,20260901,"124 124 124 124 124 124"
table1b_dual_identical,5,6,9,4.025447368,4.025611805,0.000335473,20000,1330000,20260901,"124 124 124 124 124 124"
table1b_dual_identical,5,6,10,4.025372932,4.025611805,0.000335473,20000,1330000,20260901,"124 124 124 124 124 124"
table1b_dual_identical,5,6,11,4.025289474,4.025611805,0.000335473,20000,1330000,20260901,"124 124 124 124 124 124"
table1b_dual_identical,5,6,12,4.025298496,4.025611805,0.000335473,20000,1330000,20260901,"124 124 124 124 124 124"
table1b_dual_identical,5,6,13,4.025803759,4.025611805,0.000335473,20000,1330000,20260901,"124 124 124 124 124 124"
table1b_dual_identical,5,6,14,4.026383459,4.025611805,0.000335473,20000,1330000,20260901,"124 124 124 124 124 124"
table1b_dual_identical,5,6,15,4.023157143,4.025611805,0.000335473,20000,1330000,20260901,"124 124 124 124 124 124"
table1b_dual_identical,5,6,16,4.026124060,4.025611805,0.000335473,20000,1330000,20260901,"124 124 124 124 124 124"
table1b_dual_identical,5,6,17,4.027120301,4.025611805,0.000335473,20000,1330000,20260901,"124 124 124 124 124 124"
table1b_dual_identical,5,6,18,4.024946617,4.025611805,0.000335473,20000,1330000,20260901,"124 124 124 124 124 124"
table1b_dual_identical,5,6,19,4.025447368,4.025611805,0.000335473,20000,1330000,20260901,"124 124 124 124 124 124"
table1b_dual_identical,5,6,20,4.025854887,4.025611805,0.000335473,20000,1330000,20260901,"124 124 124 124 124 124"
table1b_dual_identical,5,6,21,4.026298496,4.025611805,0.000335473,20000,1330000,20260901,"124 124 124 124 124 124"
table1b_dual_identical,5,6,22,4.025062406,4.025611805,0.000335473,20000,1330000,20260901,"124 124 124 124 124 124"
table1b_dual_identical,5,6,23,4.027250376,4.025611805,0.000335473,20000,1330000,20260901,"124 124 124 124 124 124"
table1b_dual_identical,5,6,24,4.026741353,4.025611805,0.000335473,20000,1330000,20260901,"124 124 124 124 124 124"
table1b_dual_identical,5,6,25,4.024309774,4.025611805,0.000335473,20000,1330000,20260901,"124 124 124 124 124 124"
table1b_dual_identical,5,6,26,4.025250376,4.025611805,0.000335473,20000,1330000,20260901,"124 124 124 124 124 124"
table1b_dual_identical,5,6,27,4.024762406,4.025611805,0.000335473,20000,1330000,20260901,"124 124 124 124 124 124"
table1b_dual_identical,5,6,28,4.026378947,4.025611805,0.000335473,20000,1330000,20260901,"124 124 124 124 124 124"
table1b_dual_identical,5,6,29,4.026249624,4.025611805,0.000335473,20000,1330000,20260901,"124 124 124 124 124 124"
table1b_dual_identical,5,6,30,4.024179699,4.025611805,0.000335473,20000,1330000,20260901,"124 124 124 124 124 124"
table1b_dual_identical,5,7,1,4.231519549,4.232353133,0.000383612,20000,1330000,20260901,"124 124 124 124 124 124 124"
table1b_dual_identical,5,7,2,4.232729323,4.232353133,0.000383612,20000,1330000,20260901,"124 124 124 124 124 124 124"
table1b_dual_identical,5,7,3,4.233287970,4.232353133,0.000383612,20000,1330000,20260901,"124 124 124 124 124 124 124"
table1b_dual_identical,5,7,4,4.231758647,4.232353133,0.000383612,20000,1330000,20260901,"124 124 124 124 124 124 124"
table1b_dual_identical,5,7,5,4.232848120,4.232353133,0.000383612,20000,1330000,20260901,"124 124 124 124 124 124 124"
table1b_dual_identical,5,7,6,4.232696241,4.232353133,0.000383612,20000,1330000,20260901,"124 124 124 124 124 124 124"
table1b_dual_identical,5,7,7,4.231399248,4.232353133,0.000383612,20000,1330000,20260901,"124 124 124 124 124 124 124"
table1b_dual_identical,5,7,8,4.232192481,4.232353133,0.000383612,20000,1330000,20260901,"124 124 124 124 124 124 124"
table1b_dual_identical,5,7,9,4.231754887,4.232353133,0.000383612,20000,1330000,20260901,"124 124 124 124 124 124 124"
table1b_dual_identical,5,7,10,4.232409774,4.232353133,0.000383612,20000,1330000,20260901,"124 124 124 124 124 124 124"
table1b_dual_identical,5,7,11,4.232917293,4.232353133,0.000383612,20000,1330000,20260901,"124 124 124 124 124 124 124"
table1b_dual_identical,5,7,12,4.232193233,4.232353133,0.000383612,20000,1330000,20260901,"124 124 124 124 124 124 124"
table1b_dual_identical,5,7,13,4.232593233,4.232353133,0.000383612,20000,1330000,20260901,"124 124 124 124 124 124 124"
table1b_dual_identical,5,7,14,4.233609023,4.232353133,0.000383612,20000,1330000,20260901,"124 124 124 124 124 124 124"
table1b_dual_identical,5,7,15,4.230106015,4.232353133,0.000383612,20000,1330000,20260901,"124 124 124 124 124 124 124"
table1b_dual_identical,5,7,16,4.232999248,4.232353133,0.000383612,20000,1330000,20260901,"124 124 124 124 124 124 124"
table1b_dual_identical,5,7,17,4.233487970,4.232353133,0.000383612,20000,1330000,20260901,"124 124 124 124 124 124 124"
table1b_dual_identical,5,7,18,4.231232331,4.232353133,0.000383612,20000,1330000,20260901,"124 124 124 124 124 124 124"
table1b_dual_identical,5,7,19,4.232071429,4.232353133,0.000383612,20000,1330000,20260901,"124 124 124 124 124 124 124"
table1b_dual_identical,5,7,20,4.232628571,4.232353133,0.000383612,20000,1330000,20260901,"124 124 124 124 124 124 124"
table1b_dual_identical,5,7,21,4.233649624,4.232353133,0.000383612,20000,1330000,20260901,"124 124 124 124 124 124 124"
table1b_dual_identical,5,7,22,4.231395489,4.232353133,0.000383612,20000,1330000,20260901,"124 124 124 124 124 124 124"
table1b_dual_identical,5,7,23,4.233719549,4.232353133,0.000383612,20000,1330000,20260901,"124 124 124 124 124 124 124"
table1b_dual_identical,5,7,24,4.234153383,4.232353133,0.000383612,20000,1330000,20260901,"124 124 124 124 124 124 124"
table1b_dual_identical,5,7,25,4.230362406,4.232353133,0.000383612,20000,1330000,20260901,"124 124 124 124 124 124 124"
table1b_dual_identical,5,7,26,4.231448872,4.232353133,0.000383612,20000,1330000,20260901,"124 124 124 124 124 124 124"
table1b_dual_identical,5,7,27,4.231295489,4.232353133,0.000383612,20000,1330000,20260901,"124 124 124 124 124 124 124"
table1b_dual_identical,5,7,28,4.233242105,4.232353133,0.000383612,20000,1330000,20260901,"124 124 124 124 124 124 124"
table1b_dual_identical,5,7,29,4.233524812,4.232353133,0.000383612,20000,1330000,20260901,"124 124 124 124 124 124 124"
table1b_dual_identical,5,7,30,4.231367669,4.232353133,0.000383612,20000,1330000,20260901,"124 124 124 124 124 124 124"
table1b_dual_identical,5,8,1,4.378418797,4.378840551,0.000347794,20000,1330000,20260901,"124 124 124 124 124 124 124 124"
table1b_dual_identical,5,8,2,4.379802256,4.378840551,0.000347794,20000,1330000,20260901,"124 124 124 124 124 124 124 124"
table1b_dual_identical,5,8,3,4.379151880,4.378840551,0.000347794,20000,1330000,20260901,"124 124 124 124 124 124 124 124"
table1b_dual_identical,5,8,4,4.377736842,4.378840551,0.000347794,20000,1330000,20260901,"124 124 124 124 124 124 124 124"
table1b_dual_identical,5,8,5,4.378981203,4.378840551,0.000347794,20000,1330000,20260901,"124 124 124 124 124 124 124 124"
table1b_dual_identical,5,8,6,4.379242105,4.378840551,0.000347794,20000,1330000,20260901,"124 124 124 124 124 124 124 124"
table1b_dual_identical,5,8,7,4.378213534,4.378840551,0.000347794,20000,1330000,20260901,"124 124 124 124 124 124 124 124"
table1b_dual_identical,5,8,8,4.378946617,4.378840551,0.000347794,20000,1330000,20260901,"124 124 124 124 124 124 124 124"
table1b_dual_identical,5,8,9,4.378002256,4.378840551,0.000347794,20000,1330000,20260901,"124 124 124 124 124 124 124 124"
table1b_dual_identical,5,8,10,4.378955639,4.378840551,0.000347794,20000,1330000,20260901,"124 124 124 124 124 124 124 124"
table1b_dual_identical,5,8,11,4.379787218,4.378840551,0.000347794,20000,1330000,20260901,"124 124 124 124 124 124 124 124"
table1b_dual_identical,5,8,12,4.378509023,4.378840551,0.000347794,20000,1330000,20260901,"124 124 124 124 124 124 124 124"
table1b_dual_identical,5,8,13,4.378781955,4.378840551,0.000347794,20000,1330000,20260901,"124 124 124 124 124 124 124 124"
table1b_dual_identical,5,8,14,4.380615038,4.378840551,0.000347794,20000,1330000,20260901,"124 124 124 124 124 124 124 124"
table1b_dual_identical,5,8,15,4.377208271,4.378840551,0.000347794,20000,1330000,20260901,"124 124 124 124 124 124 124 124"
table1b_dual_identical,5,8,16,4.379208271,4.378840551,0.000347794,20000,1330000,20260901,"124 124 124 124 124 124 124 124"
table1b_dual_identical,5,8,17,4.379705263,4.378840551,0.000347794,20000,1330000,20260901,"124 124 124 124 124 124 124 124"
table1b_dual_identical,5,8,18,4.378284962,4.378840551,0.000347794,20000,1330000,20260901,"124 124 124 124 124 124 124 124"
table1b_dual_identical,5,8,19,4.378625564,4.378840551,0.000347794,20000,1330000,20260901,"124 124 124 124 124 124 124 124"
table1b_dual_identical,5,8,20,4.378894737,4.378840551,0.000347794,20000,1330000,20260901,"124 124 124 124 124 124 124 124"
table1b_dual_identical,5,8,21,4.380108271,4.378840551,0.000347794,20000,1330000,20260901,"124 124 124 124 124 124 124 124"
table1b_dual_identical,5,8,22,4.377915789,4.378840551,0.000347794,20000,1330000,20260901,"124 124 124 124 124 124 124 124"
table1b_dual_identical,5,8,23,4.380305263,4.378840551,0.000347794,20000,1330000,20260901,"124 124 124 124 124 124 124 124"
table1b_dual_identical,5,8,24,4.379799248,4.378840551,0.000347794,20000,1330000,20260901,"124 124 124 124 124 124 124 124"
table1b_dual_identical,5,8,25,4.376734586,4.378840551,0.000347794,20000,1330000,20260901,"124 124 124 124 124 124 124 124"
table1b_dual_identical,5,8,26,4.378457895,4.378840551,0.000347794,20000,1330000,20260901,"124 124 124 124 124 124 124 124"
table1b_dual_identical,5,8,27,4.377675188,4.378840551,0.000347794,20000,1330000,20260901,"124 124 124 124 124 124 124 124"
table1b_dual_identical,5,8,28,4.379529323,4.378840551,0.000347794,20000,1330000,20260901,"124 124 124 124 124 124 124 124"
table1b_dual_identical,5,8,29,4.379656391,4.378840551,0.000347794,20000,1330000,20260901,"124 124 124 124 124 124 124 124"
table1b_dual_identical,5,8,30,4.377963158,4.378840551,0.000347794,20000,1330000,20260901,"124 124 124 124 124 124 124 124"
table1b_dual_identical,5,9,1,4.485037594,4.485573308,0.000326098,20000,1330000,20260901,"124 124 124 124 124 124 124 124 124"
table1b_dual_identical,5,9,2,4.486127068,4.485573308,0.000326098,20000,1330000,20260901,"124 124 124 124 124 124 124 124 124"
table1b_dual_identical,5,9,3,4.485657143,4.485573308,0.000326098,20000,1330000,20260901,"124 124 124 124 124 124 124 124 124"
table1b_dual_identical,5,9,4,4.485038346,4.485573308,0.000326098,20000,1330000,20260901,"124 124 124 124 124 124 124 124 124"
table1b_dual_identical,5,9,5,4.485193233,4.485573308,0.000326098,20000,1330000,20260901,"124 124 124 124 124 124 124 124 124"
table1b_dual_identical,5,9,6,4.486645113,4.485573308,0.000326098,20000,1330000,20260901,"124 124 124 124 124 124 124 124 124"
table1b_dual_identical,5,9,7,4.484634586,4.485573308,0.000326098,20000,1330000,20260901,"124 124 124 124 124 124 124 124 124"
table1b_dual_identical,5,9,8,4.485400752,4.485573308,0.000326098,20000,1330000,20260901,"124 124 124 124 124 124 124 124 124"
table1b_dual_identical,5,9,9,4.484835338,4.485573308,0.000326098,20000,1330000,20260901,"124 124 124 124 124 124 124 124 124"
table1b_dual_identical,5,9,10,4.485881955,4.485573308,0.000326098,20000,1330000,20260901,"124 124 124 124 124 124 124 124 124"
table1b_dual_identical,5,9,11,4.486818797,4.485573308,0.000326098,20000,1330000,20260901,"124 124 124 124 124 124 124 124 124"
table1b_dual_identical,5,9,12,4.485290226,4.485573308,0.000326098,20000,1330000,20260901,"124 124 124 124 124 124 124 124 124"
table1b_dual_identical,5,9,13,4.485397744,4.485573308,0.000326098,20000,1330000,20260901,"124 124 124 124 124 124 124 124 124"
table1b_dual_identical,5,9,14,4.486828571,4.485573308,0.000326098,20000,1330000,20260901,"124 124 124 124 124 124 124 124 124"
table1b_dual_identical,5,9,15,4.484360150,4.485573308,0.000326098,20000,1330000,20260901,"124 124 124 124 124 124 124 124 124"
table1b_dual_identical,5,9,16,4.485363158,4.485573308,0.000326098,20000,1330000,20260901,"124 124 124 124 124 124 124 124 124"
table1b_dual_identical,5,9,17,4.486597744,4.485573308,0.000326098,20000,1330000,20260901,"124 124 124 124 124 124 124 124 124"
table1b_dual_identical,5,9,18,4.485000752,4.485573308,0.000326098,20000,1330000,20260901,"124 124 124 124 124 124 124 124 124"
table1b_dual_identical,5,9,19,4.485072932,4.485573308,0.000326098,20000,1330000,20260901,"124 124 124 124 124 124 124 124 124"
table1b_dual_identical,5,9,20,4.485657895,4.485573308,0.000326098,20000,1330000,20260901,"124 124 124 124 124 124 124 124 124"
table1b_dual_identical,5,9,21,4.486809774,4.485573308,0.000326098,20000,1330000,20260901,"124 124 124 124 124 124 124 124 124"
table1b_dual_identical,5,9,22,4.484546617,4.485573308,0.000326098,20000,1330000,20260901,"124 124 124 124 124 124 124 124 124"
table1b_dual_identical,5,9,23,4.487283459,4.485573308,0.000326098,20000,1330000,20260901,"124 124 124 124 124 124 124 124 124"
table1b_dual_identical,5,9,24,4.486692481,4.485573308,0.000326098,20000,1330000,20260901,"124 124 124 124 124 124 124 124 124"
table1b_dual_identical,5,9,25,4.484042857,4.485573308,0.000326098,20000,1330000,20260901,"124 124 124 124 124 124 124 124 124"
table1b_dual_identical,5,9,26,4.485252632,4.485573308,0.000326098,20000,1330000,20260901,"124 124 124 124 124 124 124 124 124"
table1b_dual_identical,5,9,27,4.484209774,4.485573308,0.000326098,20000,1330000,20260901,"124 124 124 124 124 124 124 124 124"
table1b_dual_identical,5,9,28,4.486141353,4.485573308,0.000326098,20000,1330000,20260901,"124 124 124 124 124 124 124 124 124"
table1b_dual_identical,5,9,29,4.486230827,4.485573308,0.000326098,20000,1330000,20260901,"124 124 124 124 124 124 124 124 124"
table1b_dual_identical,5,9,30,4.485150376,4.485573308,0.000326098,20000,1330000,20260901,"124 124 124 124 124 124 124 124 124"
table1b_dual_identical,6,3,1,2.790367669,2.790307343,0.000133307,20000,1330000,20260901,"144 144 144"
table1b_dual_identical,6,3,2,2.790639098,2.790307343,0.000133307,20000,1330000,20260901,"144 144 144"
table1b_dual_identical,6,3,3,2.789918045,2.790307343,0.000133307,20000,1330000,20260901,"144 144 144"
table1b_dual_identical,6,3,4,2.790408271,2.790307343,0.000133307,20000,1330000,20260901,"144 144 144"
table1b_dual_identical,6,3,5,2.789935338,2.790307343,0.000133307,20000,1330000,20260901,"144 144 144"
table1b_dual_identical,6,3,6,2.789784962,2.790307343,0.000133307,20000,1330000,20260901,"144 144 144"
table1b_dual_identical,6,3,7,2.790557143,2.790307343,0.000133307,20000,1330000,20260901,"144 144 144"
table1b_dual_identical,6,3,8,2.790213534,2.790307343,0.000133307,20000,1330000,20260901,"144 144 144"
table1b_dual_identical,6,3,9,2.790361654,2.790307343,0.000133307,20000,1330000,20260901,"144 144 144"
table1b_dual_identical,6,3,10,2.790108271,2.790307343,0.000133307,20000,1330000,20260901,"144 144 144"
table1b_dual_identical,6,3,11,2.790221805,2.790307343,0.000133307,20000,1330000,20260901,"144 144 144"
table1b_dual_identical,6,3,12,2.789617293,2.790307343,0.000133307,20000,1330000,20260901,"144 144 144"
table1b_dual_identical,6,3,13,2.790042857,2.790307343,0.000133307,20000,1330000,20260901,"144 144 144"
table1b_dual_identical,6,3,14,2.790030075,2.790307343,0.000133307,20000,1330000,20260901,"144 144 144"
table1b_dual_identical,6,3,15,2.790121805,2.790307343,0.000133307,20000,1330000,20260901,"144 144 144"
table1b_dual_identical,6,3,16,2.789505263,2.790307343,0.000133307,20000,1330000,20260901,"144 144 144"
table1b_dual_identical,6,3,17,2.790509774,2.790307343,0.000133307,20000,1330000,20260901,"144 144 144"
table1b_dual_identical,6,3,18,2.790627068,2.790307343,0.000133307,20000,1330000,20260901,"144 144 144"
table1b_dual_identical,6,3,19,2.790777444,2.790307343,0.000133307,20000,1330000,20260901,"144 144 144"
table1b_dual_identical,6,3,20,2.790145113,2.790307343,0.000133307,20000,1330000,20260901,"144 144 144"
table1b_dual_identical,6,3,21,2.790455639,2.790307343,0.000133307,20000,1330000,20260901,"144 144 144"
table1b_dual_identical,6,3,22,2.791168421,2.790307343,0.000133307,20000,1330000,20260901,"144 144 144"
table1b_dual_identical,6,3,23,2.790531579,2.790307343,0.000133307,20000,1330000,20260901,"144 144 144"
table1b_dual_identical,6,3,24,2.790272180,2.790307343,0.000133307,20000,1330000,20260901,"144 144 144"
table1b_dual_identical,6,3,25,2.790519549,2.790307343,0.000133307,20000,1330000,20260901,"144 144 144"
table1b_dual_identical,6,3,26,2.790432331,2.790307343,0.000133307,20000,1330000,20260901,"144 144 144"
table1b_dual_identical,6,3,27,2.790803759,2.790307343,0.000133307,20000,1330000,20260901,"144 144 144"
table1b_dual_identical,6,3,28,2.790186466,2.790307343,0.000133307,20000,1330000,20260901,"144 144 144"
table1b_dual_identical,6,3,29,2.790451128,2.790307343,0.000133307,20000,1330000,20260901,"144 144 144"
table1b_dual_identical,6,3,30,2.790506767,2.790307343,0.000133307,20000,1330000,20260901,"144 144 144"
table1b_dual_identical,6,4,1,3.492406015,3.491421604,0.000211137,20000,1330000,20260901,"144 144 144 144"
table1b_dual_identical,6,4,2,3.491104511,3.491421604,0.000211137,20000,1330000,20260901,"144 144 144 144"
table1b_dual_identical,6,4,3,3.491177444,3.491421604,0.000211137,20000,1330000,20260901,"144 144 144 144"
table1b_dual_identical,6,4,4,3.490805263,3.491421604,0.000211137,20000,1330000,20260901,"144 144 144 144"
table1b_dual_identical,6,4,5,3.490934586,3.491421604,0.000211137,20000,1330000,20260901,"144 144 144 144"
table1b_dual_identical,6,4,6,3.490984211,3.491421604,0.000211137,20000,1330000,20260901,"144 144 144 144"
table1b_dual_identical,6,4,7,3.491778947,3.491421604,0.000211137,20000,1330000,20260901,"144 144 144 144"
table1b_dual_identical,6,4,8,3.491562406,3.491421604,0.000211137,20000,1330000,20260901,"144 144 144 144"
table1b_dual_identical,6,4,9,3.491536842,3.491421604,0.000211137,20000,1330000,20260901,"144 144 144 144"
table1b_dual_identical,6,4,10,3.491124060,3.491421604,0.000211137,20000,1330000,20260901,"144 144 144 144"
table1b_dual_identical,6,4,11,3.490837594,3.491421604,0.000211137,20000,1330000,20260901,"144 144 144 144"
table1b_dual_identical,6,4,12,3.491546617,3.491421604,0.000211137,20000,1330000,20260901,"144 144 144 144"
table1b_dual_identical,6,4,13,3.490751128,3.491421604,0.000211137,20000,1330000,20260901,"144 144 144 144"
table1b_dual_identical,6,4,14,3.490800000,3.491421604,0.000211137,20000,1330000,20260901,"144 144 144 144"
table1b_dual_identical,6,4,15,3.491335338,3.491421604,0.000211137,20000,1330000,20260901,"144 144 144 144"
table1b_dual_identical,6,4,16,3.490371429,3.491421604,0.000211137,20000,1330000,20260901,"144 144 144 144"
table1b_dual_identical,6,4,17,3.491819549,3.491421604,0.000211137,20000,1330000,20260901,"144 144 144 144"
table1b_dual_identical,6,4,18,3.490996992,3.491421604,0.000211137,20000,1330000,20260901,"144 144 144 144"
table1b_dual_identical,6,4,19,3.492069173,3.491421604,0.000211137,20000,1330000,20260901,"144 144 144 144"
table1b_dual_identical,6,4,20,3.491083459,3.491421604,0.000211137,20000,1330000,20260901,"144 144 144 144"
table1b_dual_identical,6,4,21,3.491909774,3.491421604,0.000211137,20000,1330000,20260901,"144 144 144 144"
table1b_dual_identical,6,4,22,3.492601504,3.491421604,0.000211137,20000,1330000,20260901,"144 144 144 144"
table1b_dual_identical,6,4,23,3.491076692,3.491421604,0.000211137,20000,1330000,20260901,"144 144 144 144"
table1b_dual_identical,6,4,24,3.490784962,3.491421604,0.000211137,20000,1330000,20260901,"144 144 144 144"
table1b_dual_identical,6,4,25,3.492136090,3.491421604,0.000211137,20000,1330000,20260901,"144 144 144 144"
table1b_dual_identical,6,4,26,3.491251880,3.491421604,0.000211137,20000,1330000,20260901,"144 144 144 144"
table1b_dual_identical,6,4,27,3.492090226,3.491421604,0.000211137,20000,1330000,20260901,"144 144 144 144"
table1b_dual_identical,6,4,28,3.491872932,3.491421604,0.000211137,20000,1330000,20260901,"144 144 144 144"
table1b_dual_identical,6,4,29,3.492013534,3.491421604,0.000211137,20000,1330000,20260901,"144 144 144 144"
table1b_dual_identical,6,4,30,3.491884962,3.491421604,0.000211137,20000,1330000,20260901,"144 144 144 144"
table1b_dual_identical,6,5,1,4.046337594,4.044233058,0.000276716,20000,1330000,20260901,"144 144 144 144 144"
table1b_dual_identical,6,5,2,4.043716541,4.044233058,0.000276716,20000,1330000,20260901,"144 144 144 144 144"
table1b_dual_identical,6,5,3,4.043189474,4.044233058,0.000276716,20000,1330000,20260901,"144 144 144 144 144"
table1b_dual_identical,6,5,4,4.044307519,4.044233058,0.000276716,20000,1330000,20260901,"144 144 144 144 144"
table1b_dual_identical,6,5,5,4.044253383,4.044233058,0.000276716,20000,1330000,20260901,"144 144 144 144 144"
table1b_dual_identical,6,5,6,4.043553383,4.044233058,0.000276716,20000,1330000,20260901,"144 144 144 144 144"
table1b_dual_identical,6,5,7,4.043593233,4.044233058,0.000276716,20000,1330000,20260901,"144 144 144 144 144"
table1b_dual_identical,6,5,8,4.045175188,4.044233058,0.000276716,20000,1330000,20260901,"144 144 144 144 144"
table1b_dual_identical,6,5,9,4.044081955,4.044233058,0.000276716,20000,1330000,20260901,"144 144 144 144 144"
table1b_dual_identical,6,5,10,4.044071429,4.044233058,0.000276716,20000,1330000,20260901,"144 144 144 144 144"
table1b_dual_identical,6,5,11,4.044018045,4.044233058,0.000276716,20000,1330000,20260901,"144 144 144 144 144"
table1b_dual_identical,6,5,12,4.044172180,4.044233058,0.000276716,20000,1330000,20260901,"144 144 144 144 144"
table1b_dual_identical,6,5,13,4.044079699,4.044233058,0.000276716,20000,1330000,20260901,"144 144 144 144 144"
table1b_dual_identical,6,5,14,4.043485714,4.044233058,0.000276716,20000,1330000,20260901,"144 144 144 144 144"
table1b_dual_identical,6,5,15,4.044587218,4.044233058,0.000276716,20000,1330000,20260901,"144 144 144 144 144"
table1b_dual_identical,6,5,16,4.043566917,4.044233058,0.000276716,20000,1330000,20260901,"144 144 144 144 144"
table1b_dual_identical,6,5,17,4.044625564,4.044233058,0.000276716,20000,1330000,20260901,"144 144 144 144 144"
table1b_dual_identical,6,5,18,4.044321805,4.044233058,0.000276716,20000,1330000,20260901,"144 144 144 144 144"
table1b_dual_identical,6,5,19,4.044898496,4.044233058,0.000276716,20000,1330000,20260901,"144 144 144 144 144"
table1b_dual_identical,6,5,20,4.043461654,4.044233058,0.000276716,20000,1330000,20260901,"144 144 144 144 144"
table1b_dual_identical,6,5,21,4.043983459,4.044233058,0.000276716,20000,1330000,20260901,"144 144 144 144 144"
table1b_dual_identical,6,5,22,4.044954887,4.044233058,0.000276716,20000,1330000,20260901,"144 144 144 144 144"
table1b_dual_identical,6,5,23,4.043584962,4.044233058,0.000276716,20000,1330000,20260901,"144 144 144 144 144"
table1b_dual_identical,6,5,24,4.043251128,4.044233058,0.000276716,20000,1330000,20260901,"144 144 144 144 144"
table1b_dual_identical,6,5,25,4.044968421,4.044233058,0.000276716,20000,1330000,20260901,"144 144 144 144 144"
table1b_dual_identical,6,5,26,4.043566917,4.044233058,0.000276716,20000,1330000,20260901,"144 144 144 144 144"
table1b_dual_identical,6,5,27,4.044755639,4.044233058,0.000276716,20000,1330000,20260901,"144 144 144 144 144"
table1b_dual_identical,6,5,28,4.043857895,4.044233058,0.000276716,20000,1330000,20260901,"144 144 144 144 144"
table1b_dual_identical,6,5,29,4.044870677,4.044233058,0.000276716,20000,1330000,20260901,"144 144 144 144 144"
table1b_dual_identical,6,5,30,4.045700752,4.044233058,0.000276716,20000,1330000,20260901,"144 144 144 144 144"
table1b_dual_identical,6,6,1,4.465583459,4.463273734,0.000348103,20000,1330000,20260901,"144 144 144 144 144 144"
table1b_dual_identical,6,6,2,4.463163910,4.463273734,0.000348103,20000,1330000,20260901,"144 144 144 144 144 144"
table1b_dual_identical,6,6,3,4.462137594,4.463273734,0.000348103,20000,1330000,20260901,"144 144 144 144 144 144"
table1b_dual_identical,6,6,4,4.463568421,4.463273734,0.000348103,20000,1330000,20260901,"144 144 144 144 144 144"
table1b_dual_identical,6,6,5,4.463481203,4.463273734,0.000348103,20000,1330000,20260901,"144 144 144 144 144 144"
table1b_dual_identical,6,6,6,4.463059398,4.463273734,0.000348103,20000,1330000,20260901,"144 144 144 144 144 144"
table1b_dual_identical,6,6,7,4.462372180,4.463273734,0.000348103,20000,1330000,20260901,"144 144 144 144 144 144"
table1b_dual_identical,6,6,8,4.464080451,4.463273734,0.000348103,20000,1330000,20260901,"144 144 144 144 144 144"
table1b_dual_identical,6,6,9,4.462927820,4.463273734,0.000348103,20000,1330000,20260901,"144 144 144 144 144 144"
table1b_dual_identical,6,6,10,4.463382707,4.463273734,0.000348103,20000,1330000,20260901,"144 144 144 144 144 144"
table1b_dual_identical,6,6,11,4.462495489,4.463273734,0.000348103,20000,1330000,20260901,"144 144 144 144 144 144"
table1b_dual_identical,6,6,12,4.463223308,4.463273734,0.000348103,20000,1330000,20260901,"144 144 144 144 144 144"
table1b_dual_identical,6,6,13,4.463331579,4.463273734,0.000348103,20000,1330000,20260901,"144 144 144 144 144 144"
table1b_dual_identical,6,6,14,4.462136090,4.463273734,0.000348103,20000,1330000,20260901,"144 144 144 144 144 144"
table1b_dual_identical,6,6,15,4.463591729,4.463273734,0.000348103,20000,1330000,20260901,"144 144 144 144 144 144"
table1b_dual_identical,6,6,16,4.463401504,4.463273734,0.000348103,20000,1330000,20260901,"144 144 144 144 144 144"
table1b_dual_identical,6,6,17,4.463445865,4.463273734,0.000348103,20000,1330000,20260901,"144 144 144 144 144 144"
table1b_dual_identical,6,6,18,4.462892481,4.463273734,0.000348103,20000,1330000,20260901,"144 144 144 144 144 144"
table1b_dual_identical,6,6,19,4.464040602,4.463273734,0.000348103,20000,1330000,20260901,"144 144 144 144 144 144"
table1b_dual_identical,6,6,20,4.462315789,4.463273734,0.000348103,20000,1330000,20260901,"144 144 144 144 144 144"
table1b_dual_identical,6,6,21,4.463547368,4.463273734,0.000348103,20000,1330000,20260901,"144 144 144 144 144 144"
table1b_dual_identical,6,6,22,4.465046617,4.463273734,0.000348103,20000,1330000,20260901,"144 144 144 144 144 144"
table1b_dual_identical,6,6,23,4.461751128,4.463273734,0.000348103,20000,1330000,20260901,"144 144 144 144 144 144"
table1b_dual_identical,6,6,24,4.462428571,4.463273734,0.000348103,20000,1330000,20260901,"144 144 144 144 144 144"
table1b_dual_identical,6,6,25,4.464211278,4.463273734,0.000348103,20000,1330000,20260901,"144 144 144 144 144 144"
table1b_dual_identical,6,6,26,4.461702256,4.463273734,0.000348103,20000,1330000,20260901,"144 144 144 144 144 144"
table1b_dual_identical,6,6,27,4.464443609,4.463273734,0.000348103,20000,1330000,20260901,"144 144 144 144 144 144"
table1b_dual_identical,6,6,28,4.462515789,4.463273734,0.000348103,20000,1330000,20260901,"144 144 144 144 144 144"
table1b_dual_identical,6,6,29,4.463424812,4.463273734,0.000348103,20000,1330000,20260901,"144 144 144 144 144 144"
table1b_dual_identical,6,6,30,4.464509023,4.463273734,0.000348103,20000,1330000,20260901,"144 144 144 144 144 144"
table1b_dual_identical,6,7,1,4.777057143,4.774653158,0.000399823,20000,1330000,20260901,"144 144 144 144 144 144 144"
table1b_dual_identical,6,7,2,4.774887970,4.774653158,0.000399823,20000,1330000,20260901,"144 144 144 144 144 144 144"
table1b_dual_identical,6,7,3,4.772654135,4.774653158,0.000399823,20000,1330000,20260901,"144 144 144 144 144 144 144"
table1b_dual_identical,6,7,4,4.775330827,4.774653158,0.000399823,20000,1330000,20260901,"144 144 144 144 144 144 144"
table1b_dual_identical,6,7,5,4.775046617,4.774653158,0.000399823,20000,1330000,20260901,"144 144 144 144 144 144 144"
table1b_dual_identical,6,7,6,4.774763158,4.774653158,0.000399823,20000,1330000,20260901,"144 144 144 144 144 144 144"
table1b_dual_identical,6,7,7,4.774569173,4.774653158,0.000399823,20000,1330000,20260901,"144 144 144 144 144 144 144"
table1b_dual_identical,6,7,8,4.775639098,4.774653158,0.000399823,20000,1330000,20260901,"144 144 144 144 144 144 144"
table1b_dual_identical,6,7,9,4.775067669,4.774653158,0.000399823,20000,1330000,20260901,"144 144 144 144 144 144 144"
table1b_dual_identical,6,7,10,4.774575940,4.774653158,0.000399823,20000,1330000,20260901,"144 144 144 144 144 144 144"
table1b_dual_identical,6,7,11,4.773528571,4.774653158,0.000399823,20000,1330000,20260901,"144 144 144 144 144 144 144"
table1b_dual_identical,6,7,12,4.774830075,4.774653158,0.000399823,20000,1330000,20260901,"144 144 144 144 144 144 144"
table1b_dual_identical,6,7,13,4.774536090,4.774653158,0.000399823,20000,1330000,20260901,"144 144 144 144 144 144 144"
table1b_dual_identical,6,7,14,4.773221805,4.774653158,0.000399823,20000,1330000,20260901,"144 144 144 144 144 144 144"
table1b_dual_identical,6,7,15,4.775297744,4.774653158,0.000399823,20000,1330000,20260901,"144 144 144 144 144 144 144"
table1b_dual_identical,6,7,16,4.774760150,4.774653158,0.000399823,20000,1330000,20260901,"144 144 144 144 144 144 144"
table1b_dual_identical,6,7,17,4.773815789,4.774653158,0.000399823,20000,1330000,20260901,"144 144 144 144 144 144 144"
table1b_dual_identical,6,7,18,4.774240602,4.774653158,0.000399823,20000,1330000,20260901,"144 144 144 144 144 144 144"
table1b_dual_identical,6,7,19,4.775597744,4.774653158,0.000399823,20000,1330000,20260901,"144 144 144 144 144 144 144"
table1b_dual_identical,6,7,20,4.773725564,4.774653158,0.000399823,20000,1330000,20260901,"144 144 144 144 144 144 144"
table1b_dual_identical,6,7,21,4.774651880,4.774653158,0.000399823,20000,1330000,20260901,"144 144 144 144 144 144 144"
table1b_dual_identical,6,7,22,4.775817293,4.774653158,0.000399823,20000,1330000,20260901,"144 144 144 144 144 144 144"
table1b_dual_identical,6,7,23,4.773127068,4.774653158,0.000399823,20000,1330000,20260901,"144 144 144 144 144 144 144"
table1b_dual_identical,6,7,24,4.774299248,4.774653158,0.000399823,20000,1330000,20260901,"144 144 144 144 144 144 144"
table1b_dual_identical,6,7,25,4.776311278,4.774653158,0.000399823,20000,1330000,20260901,"144 144 144 144 144 144 144"
table1b_dual_identical,6,7,26,4.773066917,4.774653158,0.000399823,20000,1330000,20260901,"144 144 144 144 144 144 144"
table1b_dual_identical,6,7,27,4.775674436,4.774653158,0.000399823,20000,1330000,20260901,"144 144 144 144 144 144 144"
table1b_dual_identical,6,7,28,4.773219549,4.774653158,0.000399823,20000,1330000,20260901,"144 144 144 144 144 144 144"
table1b_dual_identical,6,7,29,4.774005263,4.774653158,0.000399823,20000,1330000,20260901,"144 144 144 144 144 144 144"
table1b_dual_identical,6,7,30,4.776275940,4.774653158,0.000399823,20000,1330000,20260901,"144 144 144 144 144 144 144"
table1b_dual_identical,6,8,1,5.006836842,5.005343734,0.000390158,20000,1330000,20260901,"144 144 144 144 144 144 144 144"
table1b_dual_identical,6,8,2,5.005749624,5.005343734,0.000390158,20000,1330000,20260901,"144 144 144 144 144 144 144 144"
table1b_dual_identical,6,8,3,5.003154887,5.005343734,0.000390158,20000,1330000,20260901,"144 144 144 144 144 144 144 144"
table1b_dual_identical,6,8,4,5.005948120,5.005343734,0.000390158,20000,1330000,20260901,"144 144 144 144 144 144 144 144"
table1b_dual_identical,6,8,5,5.006106767,5.005343734,0.000390158,20000,1330000,20260901,"144 144 144 144 144 144 144 144"
table1b_dual_identical,6,8,6,5.006311278,5.005343734,0.000390158,20000,1330000,20260901,"144 144 144 144 144 144 144 144"
table1b_dual_identical,6,8,7,5.004587218,5.005343734,0.000390158,20000,1330000,20260901,"144 144 144 144 144 144 144 144"
table1b_dual_identical,6,8,8,5.006363910,5.005343734,0.000390158,20000,1330000,20260901,"144 144 144 144 144 144 144 144"
table1b_dual_identical,6,8,9,5.006030827,5.005343734,0.000390158,20000,1330000,20260901,"144 144 144 144 144 144 144 144"
table1b_dual_identical,6,8,10,5.005409023,5.005343734,0.000390158,20000,1330000,20260901,"144 144 144 144 144 144 144 144"
table1b_dual_identical,6,8,11,5.004896241,5.005343734,0.000390158,20000,1330000,20260901,"144 144 144 144 144 144 144 144"
table1b_dual_identical,6,8,12,5.005037594,5.005343734,0.000390158,20000,1330000,20260901,"144 144 144 144 144 144 144 144"
table1b_dual_identical,6,8,13,5.005919549,5.005343734,0.000390158,20000,1330000,20260901,"144 144 144 144 144 144 144 144"
table1b_dual_identical,6,8,14,5.003607519,5.005343734,0.000390158,20000,1330000,20260901,"144 144 144 144 144 144 144 144"
table1b_dual_identical,6,8,15,5.006996241,5.005343734,0.000390158,20000,1330000,20260901,"144 144 144 144 144 144 144 144"
table1b_dual_identical,6,8,16,5.005076692,5.005343734,0.000390158,20000,1330000,20260901,"144 144 144 144 144 144 144 144"
table1b_dual_identical,6,8,17,5.004461654,5.005343734,0.000390158,20000,1330000,20260901,"144 144 144 144 144 144 144 144"
table1b_dual_identical,6,8,18,5.004751128,5.005343734,0.000390158,20000,1330000,20260901,"144 144 144 144 144 144 144 144"
table1b_dual_identical,6,8,19,5.005670677,5.005343734,0.000390158,20000,1330000,20260901,"144 144 144 144 144 144 144 144"
table1b_dual_identical,6,8,20,5.004426316,5.005343734,0.000390158,20000,1330000,20260901,"144 144 144 144 144 144 144 144"
table1b_dual_identical,6,8,21,5.004970677,5.005343734,0.000390158,20000,1330000,20260901,"144 144 144 144 144 144 144 144"
table1b_dual_identical,6,8,22,5.006471429,5.005343734,0.000390158,20000,1330000,20260901,"144 144 144 144 144 144 144 144"
table1b_dual_identical,6,8,23,5.004296241,5.005343734,0.000390158,20000,1330000,20260901,"144 144 144 144 144 144 144 144"
table1b_dual_identical,6,8,24,5.004642857,5.005343734,0.000390158,20000,1330000,20260901,"144 144 144 144 144 144 144 144"
table1b_dual_identical,6,8,25,5.006507519,5.005343734,0.000390158,20000,1330000,20260901,"144 144 144 144 144 144 144 144"
table1b_dual_identical,6,8,26,5.003881203,5.005343734,0.000390158,20000,1330000,20260901,"144 144 144 144 144 144 144 144"
table1b_dual_identical,6,8,27,5.006559398,5.005343734,0.000390158,20000,1330000,20260901,"144 144 144 144 144 144 144 144"
table1b_dual_identical,6,8,28,5.004075188,5.005343734,0.000390158,20000,1330000,20260901,"144 144 144 144 144 144 144 144"
table1b_dual_identical,6,8,29,5.004778195,5.005343734,0.000390158,20000,1330000,20260901,"144 144 144 144 144 144 144 144"
table1b_dual_identical,6,8,30,5.006787218,5.005343734,0.000390158,20000,1330000,20260901,"144 144 144 144 144 144 144 144"
table1b_dual_identical,6,9,1,5.179205263,5.177925589,0.000416623,20000,1330000,20260901,"144 144 144 144 144 144 144 144 144"
table1b_dual_identical,6,9,2,5.178363158,5.177925589,0.000416623,20000,1330000,20260901,"144 144 144 144 144 144 144 144 144"
table1b_dual_identical,6,9,3,5.175858647,5.177925589,0.000416623,20000,1330000,20260901,"144 144 144 144 144 144 144 144 144"
table1b_dual_identical,6,9,4,5.177896992,5.177925589,0.000416623,20000,1330000,20260901,"144 144 144 144 144 144 144 144 144"
table1b_dual_identical,6,9,5,5.179214286,5.177925589,0.000416623,20000,1330000,20260901,"144 144 144 144 144 144 144 144 144"
table1b_dual_identical,6,9,6,5.178933083,5.177925589,0.000416623,20000,1330000,20260901,"144 144 144 144 144 144 144 144 144"
table1b_dual_identical,6,9,7,5.177038346,5.177925589,0.000416623,20000,1330000,20260901,"144 144 144 144 144 144 144 144 144"
table1b_dual_identical,6,9,8,5.178776692,5.177925589,0.000416623,20000,1330000,20260901,"144 144 144 144 144 144 144 144 144"
table1b_dual_identical,6,9,9,5.178920301,5.177925589,0.000416623,20000,1330000,20260901,"144 144 144 144 144 144 144 144 144"
table1b_dual_identical,6,9,10,5.177721805,5.177925589,0.000416623,20000,1330000,20260901,"144 144 144 144 144 144 144 144 144"
table1b_dual_identical,6,9,11,5.177427820,5.177925589,0.000416623,20000,1330000,20260901,"144 144 144 144 144 144 144 144 144"
table1b_dual_identical,6,9,12,5.177909023,5.177925589,0.000416623,20000,1330000,20260901,"144 144 144 144 144 144 144 144 144"
table1b_dual_identical,6,9,13,5.178680451,5.177925589,0.000416623,20000,1330000,20260901,"144 144 144 144 144 144 144 144 144"
table1b_dual_identical,6,9,14,5.175877444,5.177925589,0.000416623,20000,1330000,20260901,"144 144 144 144 144 144 144 144 144"
table1b_dual_identical,6,9,15,5.180229323,5.177925589,0.000416623,20000,1330000,20260901,"144 144 144 144 144 144 144 144 144"
table1b_dual_identical,6,9,16,5.176829323,5.177925589,0.000416623,20000,1330000,20260901,"144 144 144 144 144 144 144 144 144"
table1b_dual_identical,6,9,17,5.176951128,5.177925589,0.000416623,20000,1330000,20260901,"144 144 144 144 144 144 144 144 144"
table1b_dual_identical,6,9,18,5.177373684,5.177925589,0.000416623,20000,1330000,20260901,"144 144 144 144 144 144 144 144 144"
table1b_dual_identical,6,9,19,5.178284962,5.177925589,0.000416623,20000,1330000,20260901,"144 144 144 144 144 144 144 144 144"
table1b_dual_identical,6,9,20,5.176864662,5.177925589,0.000416623,20000,1330000,20260901,"144 144 144 144 144 144 144 144 144"
table1b_dual_identical,6,9,21,5.177549624,5.177925589,0.000416623,20000,1330000,20260901,"144 144 144 144 144 144 144 144 144"
table1b_dual_identical,6,9,22,5.178690226,5.177925589,0.000416623,20000,1330000,20260901,"144 144 144 144 144 144 144 144 144"
table1b_dual_identical,6,9,23,5.177134586,5.177925589,0.000416623,20000,1330000,20260901,"144 144 144 144 144 144 144 144 144"
table1b_dual_identical,6,9,24,5.177284962,5.177925589,0.000416623,20000,1330000,20260901,"144 144 144 144 144 144 144 144 144"
table1b_dual_identical,6,9,25,5.179805263,5.177925589,0.000416623,20000,1330000,20260901,"144 144 144 144 144 144 144 144 144"
table1b_dual_identical,6,9,26,5.177112030,5.177925589,0.000416623,20000,1330000,20260901,"144 144 144 144 144 144 144 144 144"
table1b_dual_identical,6,9,27,5.178701504,5.177925589,0.000416623,20000,1330000,20260901,"144 144 144 144 144 144 144 144 144"
table1b_dual_identical,6,9,28,5.176154887,5.177925589,0.000416623,20000,1330000,20260901,"144 144 144 144 144 144 144 144 144"
table1b_dual_identical,6,9,29,5.178030075,5.177925589,0.000416623,20000,1330000,20260901,"144 144 144 144 144 144 144 144 144"
table1b_dual_identical,6,9,30,5.178948120,5.177925589,0.000416623,20000,1330000,20260901,"144 144 144 144 144 144 144 144 144"
table1b_dual_identical,7,3,1,2.840202256,2.840460752,0.000095739,20000,1330000,20260901,"164 164 164"
table1b_dual_identical,7,3,2,2.840924812,2.840460752,0.000095739,20000,1330000,20260901,"164 164 164"
table1b_dual_identical,7,3,3,2.840518797,2.840460752,0.000095739,20000,1330000,20260901,"164 164 164"
table1b_dual_identical,7,3,4,2.839991729,2.840460752,0.000095739,20000,1330000,20260901,"164 164 164"
table1b_dual_identical,7,3,5,2.840583459,2.840460752,0.000095739,20000,1330000,20260901,"164 164 164"
table1b_dual_identical,7,3,6,2.840317293,2.840460752,0.000095739,20000,1330000,20260901,"164 164 164"
table1b_dual_identical,7,3,7,2.840256391,2.840460752,0.000095739,20000,1330000,20260901,"164 164 164"
table1b_dual_identical,7,3,8,2.840866917,2.840460752,0.000095739,20000,1330000,20260901,"164 164 164"
table1b_dual_identical,7,3,9,2.840506015,2.840460752,0.000095739,20000,1330000,20260901,"164 164 164"
table1b_dual_identical,7,3,10,2.840562406,2.840460752,0.000095739,20000,1330000,20260901,"164 164 164"
table1b_dual_identical,7,3,11,2.840342857,2.840460752,0.000095739,20000,1330000,20260901,"164 164 164"
table1b_dual_identical,7,3,12,2.840400000,2.840460752,0.000095739,20000,1330000,20260901,"164 164 164"
table1b_dual_identical,7,3,13,2.840003759,2.840460752,0.000095739,20000,1330000,20260901,"164 164 164"
table1b_dual_identical,7,3,14,2.840815789,2.840460752,0.000095739,20000,1330000,20260901,"164 164 164"
table1b_dual_identical,7,3,15,2.840561654,2.840460752,0.000095739,20000,1330000,20260901,"164 164 164"
table1b_dual_identical,7,3,16,2.840563910,2.840460752,0.000095739,20000,1330000,20260901,"164 164 164"
table1b_dual_identical,7,3,17,2.840550376,2.840460752,0.000095739,20000,1330000,20260901,"164 164 164"
table1b_dual_identical,7,3,18,2.840529323,2.840460752,0.000095739,20000,1330000,20260901,"164 164 164"
table1b_dual_identical,7,3,19,2.840436842,2.840460752,0.000095739,20000,1330000,20260901,"164 164 164"
table1b_dual_identical,7,3,20,2.840181203,2.840460752,0.000095739,20000,1330000,20260901,"164 164 164"
table1b_dual_identical,7,3,21,2.840423308,2.840460752,0.000095739,20000,1330000,20260901,"164 164 164"
table1b_dual_identical,7,3,22,2.840293985,2.840460752,0.000095739,20000,1330000,20260901,"164 164 164"
table1b_dual_identical,7,3,23,2.840079699,2.840460752,0.000095739,20000,1330000,20260901,"164 164 164"
table1b_dual_identical,7,3,24,2.840506767,2.840460752,0.000095739,20000,1330000,20260901,"164 164 164"
table1b_dual_identical,7,3,25,2.841156391,2.840460752,0.000095739,20000,1330000,20260901,"164 164 164"
table1b_dual_identical,7,3,26,2.840572180,2.840460752,0.000095739,20000,1330000,20260901,"164 164 164"
table1b_dual_identical,7,3,27,2.840421805,2.840460752,0.000095739,20000,1330000,20260901,"164 164 164"
table1b_dual_identical,7,3,28,2.840417293,2.840460752,0.000095739,20000,1330000,20260901,"164 164 164"
table1b_dual_identical,7,3,29,2.840444361,2.840460752,0.000095739,20000,1330000,20260901,"164 164 164"
table1b_dual_identical,7,3,30,2.840390977,2.840460752,0.000095739,20000,1330000,20260901,"164 164 164"
table1b_dual_identical,7,4,1,3.605763158,3.605808095,0.000163424,20000,1330000,20260901,"164 164 164 164"
table1b_dual_identical,7,4,2,3.605908271,3.605808095,0.000163424,20000,1330000,20260901,"164 164 164 164"
table1b_dual_identical,7,4,3,3.606181955,3.605808095,0.000163424,20000,1330000,20260901,"164 164 164 164"
table1b_dual_identical,7,4,4,3.605399248,3.605808095,0.000163424,20000,1330000,20260901,"164 164 164 164"
table1b_dual_identical,7,4,5,3.605736090,3.605808095,0.000163424,20000,1330000,20260901,"164 164 164 164"
table1b_dual_identical,7,4,6,3.605452632,3.605808095,0.000163424,20000,1330000,20260901,"164 164 164 164"
table1b_dual_identical,7,4,7,3.605178947,3.605808095,0.000163424,20000,1330000,20260901,"164 164 164 164"
table1b_dual_identical,7,4,8,3.606257143,3.605808095,0.000163424,20000,1330000,20260901,"164 164 164 164"
table1b_dual_identical,7,4,9,3.605360902,3.605808095,0.000163424,20000,1330000,20260901,"164 164 164 164"
table1b_dual_identical,7,4,10,3.605309774,3.605808095,0.000163424,20000,1330000,20260901,"164 164 164 164"
table1b_dual_identical,7,4,11,3.605619549,3.605808095,0.000163424,20000,1330000,20260901,"164 164 164 164"
table1b_dual_identical,7,4,12,3.605291729,3.605808095,0.000163424,20000,1330000,20260901,"164 164 164 164"
table1b_dual_identical,7,4,13,3.605239850,3.605808095,0.000163424,20000,1330000,20260901,"164 164 164 164"
table1b_dual_identical,7,4,14,3.606901504,3.605808095,0.000163424,20000,1330000,20260901,"164 164 164 164"
table1b_dual_identical,7,4,15,3.605830827,3.605808095,0.000163424,20000,1330000,20260901,"164 164 164 164"
table1b_dual_identical,7,4,16,3.605982707,3.605808095,0.000163424,20000,1330000,20260901,"164 164 164 164"
table1b_dual_identical,7,4,17,3.606367669,3.605808095,0.000163424,20000,1330000,20260901,"164 164 164 164"
table1b_dual_identical,7,4,18,3.606251880,3.605808095,0.000163424,20000,1330000,20260901,"164 164 164 164"
table1b_dual_identical,7,4,19,3.606278947,3.605808095,0.000163424,20000,1330000,20260901,"164 164 164 164"
table1b_dual_identical,7,4,20,3.605691729,3.605808095,0.000163424,20000,1330000,20260901,"164 164 164 164"
table1b_dual_identical,7,4,21,3.606496241,3.605808095,0.000163424,20000,1330000,20260901,"164 164 164 164"
table1b_dual_identical,7,4,22,3.605679699,3.605808095,0.000163424,20000,1330000,20260901,"164 164 164 164"
table1b_dual_identical,7,4,23,3.605724812,3.605808095,0.000163424,20000,1330000,20260901,"164 164 164 164"
table1b_dual_identical,7,4,24,3.605492481,3.605808095,0.000163424,20000,1330000,20260901,"164 164 164 164"
table1b_dual_identical,7,4,25,3.606433835,3.605808095,0.000163424,20000,1330000,20260901,"164 164 164 164"
table1b_dual_identical,7,4,26,3.605562406,3.605808095,0.000163424,20000,1330000,20260901,"164 164 164 164"
table1b_dual_identical,7,4,27,3.605496992,3.605808095,0.000163424,20000,1330000,20260901,"164 164 164 164"
table1b_dual_identical,7,4,28,3.605342857,3.605808095,0.000163424,20000,1330000,20260901,"164 164 164 164"
table1b_dual_identical,7,4,29,3.605897744,3.605808095,0.000163424,20000,1330000,20260901,"164 164 164 164"
table1b_dual_identical,7,4,30,3.606111278,3.605808095,0.000163424,20000,1330000,20260901,"164 164 164 164"
table1b_dual_identical,7,5,1,4.243636842,4.243674612,0.000218091,20000,1330000,20260901,"164 164 164 164 164"
table1b_dual_identical,7,5,2,4.243718797,4.243674612,0.000218091,20000,1330000,20260901,"164 164 164 164 164"
table1b_dual_identical,7,5,3,4.243887218,4.243674612,0.000218091,20000,1330000,20260901,"164 164 164 164 164"
table1b_dual_identical,7,5,4,4.243020301,4.243674612,0.000218091,20000,1330000,20260901,"164 164 164 164 164"
table1b_dual_identical,7,5,5,4.243518797,4.243674612,0.000218091,20000,1330000,20260901,"164 164 164 164 164"
table1b_dual_identical,7,5,6,4.243863910,4.243674612,0.000218091,20000,1330000,20260901,"164 164 164 164 164"
table1b_dual_identical,7,5,7,4.243364662,4.243674612,0.000218091,20000,1330000,20260901,"164 164 164 164 164"
table1b_dual_identical,7,5,8,4.243524812,4.243674612,0.000218091,20000,1330000,20260901,"164 164 164 164 164"
table1b_dual_identical,7,5,9,4.242514286,4.243674612,0.000218091,20000,1330000,20260901,"164 164 164 164 164"
table1b_dual_identical,7,5,10,4.242954135,4.243674612,0.000218091,20000,1330000,20260901,"164 164 164 164 164"
table1b_dual_identical,7,5,11,4.243272932,4.243674612,0.000218091,20000,1330000,20260901,"164 164 164 164 164"
table1b_dual_identical,7,5,12,4.244029323,4.243674612,0.000218091,20000,1330000,20260901,"164 164 164 164 164"
table1b_dual_identical,7,5,13,4.242602256,4.243674612,0.000218091,20000,1330000,20260901,"164 164 164 164 164"
table1b_dual_identical,7,5,14,4.244477444,4.243674612,0.000218091,20000,1330000,20260901,"164 164 164 164 164"
table1b_dual_identical,7,5,15,4.243388722,4.243674612,0.000218091,20000,1330000,20260901,"164 164 164 164 164"
table1b_dual_identical,7,5,16,4.244207519,4.243674612,0.000218091,20000,1330000,20260901,"164 164 164 164 164"
table1b_dual_identical,7,5,17,4.244009774,4.243674612,0.000218091,20000,1330000,20260901,"164 164 164 164 164"
table1b_dual_identical,7,5,18,4.243727068,4.243674612,0.000218091,20000,1330000,20260901,"164 164 164 164 164"
table1b_dual_identical,7,5,19,4.244339850,4.243674612,0.000218091,20000,1330000,20260901,"164 164 164 164 164"
table1b_dual_identical,7,5,20,4.243661654,4.243674612,0.000218091,20000,1330000,20260901,"164 164 164 164 164"
table1b_dual_identical,7,5,21,4.245312030,4.243674612,0.000218091,20000,1330000,20260901,"164 164 164 164 164"
table1b_dual_identical,7,5,22,4.243044361,4.243674612,0.000218091,20000,1330000,20260901,"164 164 164 164 164"
table1b_dual_identical,7,5,23,4.243855639,4.243674612,0.000218091,20000,1330000,20260901,"164 164 164 164 164"
table1b_dual_identical,7,5,24,4.242913534,4.243674612,0.000218091,20000,1330000,20260901,"164 164 164 164 164"
table1b_dual_identical,7,5,25,4.243949624,4.243674612,0.000218091,20000,1330000,20260901,"164 164 164 164 164"
table1b_dual_identical,7,5,26,4.243480451,4.243674612,0.000218091,20000,1330000,20260901,"164 164 164 164 164"
table1b_dual_identical,7,5,27,4.244178947,4.243674612,0.000218091,20000,1330000,20260901,"164 164 164 164 164"
table1b_dual_identical,7,5,28,4.243689474,4.243674612,0.000218091,20000,1330000,20260901,"164 164 164 164 164"
table1b_dual_identical,7,5,29,4.243921805,4.243674612,0.000218091,20000,1330000,20260901,"164 164 164 164 164"
table1b_dual_identical,7,5,30,4.244172180,4.243674612,0.000218091,20000,1330000,20260901,"164 164 164 164 164"
table1b_dual_identical,7,6,1,4.756401504,4.756553459,0.000333319,20000,1330000,20260901,"164 164 164 164 164 164"
table1b_dual_identical,7,6,2,4.755881203,4.756553459,0.000333319,20000,1330000,20260901,"164 164 164 164 164 164"
table1b_dual_identical,7,6,3,4.757224060,4.756553459,0.000333319,20000,1330000,20260901,"164 164 164 164 164 164"
table1b_dual_identical,7,6,4,4.755057143,4.756553459,0.000333319,20000,1330000,20260901,"164 164 164 164 164 164"
table1b_dual_identical,7,6,5,4.756545113,4.756553459,0.000333319,20000,1330000,20260901,"164 164 164 164 164 164"
table1b_dual_identical,7,6,6,4.757312782,4.756553459,0.000333319,20000,1330000,20260901,"164 164 164 164 164 164"
table1b_dual_identical,7,6,7,4.756062406,4.756553459,0.000333319,20000,1330000,20260901,"164 164 164 164 164 164"
table1b_dual_identical,7,6,8,4.756502256,4.756553459,0.000333319,20000,1330000,20260901,"164 164 164 164 164 164"
table1b_dual_identical,7,6,9,4.755262406,4.756553459,0.000333319,20000,1330000,20260901,"164 164 164 164 164 164"
table1b_dual_identical,7,6,10,4.756195489,4.756553459,0.000333319,20000,1330000,20260901,"164 164 164 164 164 164"
table1b_dual_identical,7,6,11,4.755784211,4.756553459,0.000333319,20000,1330000,20260901,"164 164 164 164 164 164"
table1b_dual_identical,7,6,12,4.757980451,4.756553459,0.000333319,20000,1330000,20260901,"164 164 164 164 164 164"
table1b_dual_identical,7,6,13,4.755757895,4.756553459,0.000333319,20000,1330000,20260901,"164 164 164 164 164 164"
table1b_dual_identical,7,6,14,4.756642857,4.756553459,0.000333319,20000,1330000,20260901,"164 164 164 164 164 164"
table1b_dual_identical,7,6,15,4.756093985,4.756553459,0.000333319,20000,1330000,20260901,"164 164 164 164 164 164"
table1b_dual_identical,7,6,16,4.758209023,4.756553459,0.000333319,20000,1330000,20260901,"164 164 164 164 164 164"
table1b_dual_identical,7,6,17,4.756953383,4.756553459,0.000333319,20000,1330000,20260901,"164 164 164 164 164 164"
table1b_dual_identical,7,6,18,4.755984962,4.756553459,0.000333319,20000,1330000,20260901,"164 164 164 164 164 164"
table1b_dual_identical,7,6,19,4.757439850,4.756553459,0.000333319,20000,1330000,20260901,"164 164 164 164 164 164"
table1b_dual_identical,7,6,20,4.757172932,4.756553459,0.000333319,20000,1330000,20260901,"164 164 164 164 164 164"
table1b_dual_identical,7,6,21,4.758231579,4.756553459,0.000333319,20000,1330000,20260901,"164 164 164 164 164 164"
table1b_dual_identical,7,6,22,4.756050376,4.756553459,0.000333319,20000,1330000,20260901,"164 164 164 164 164 164"
table1b_dual_identical,7,6,23,4.756818797,4.756553459,0.000333319,20000,1330000,20260901,"164 164 164 164 164 164"
table1b_dual_identical,7,6,24,4.754873684,4.756553459,0.000333319,20000,1330000,20260901,"164 164 164 164 164 164"
table1b_dual_identical,7,6,25,4.756934586,4.756553459,0.000333319,20000,1330000,20260901,"164 164 164 164 164 164"
table1b_dual_identical,7,6,26,4.755485714,4.756553459,0.000333319,20000,1330000,20260901,"164 164 164 164 164 164"
table1b_dual_identical,7,6,27,4.756800752,4.756553459,0.000333319,20000,1330000,20260901,"164 164 164 164 164 164"
table1b_dual_identical,7,6,28,4.756009774,4.756553459,0.000333319,20000,1330000,20260901,"164 164 164 164 164 164"
table1b_dual_identical,7,6,29,4.757165414,4.756553459,0.000333319,20000,1330000,20260901,"164 164 164 164 164 164"
table1b_dual_identical,7,6,30,4.757769173,4.756553459,0.000333319,20000,1330000,20260901,"164 164 164 164 164 164"
table1b_dual_identical,7,7,1,5.158749624,5.159261654,0.000316006,20000,1330000,20260901,"164 164 164 164 164 164 164"
table1b_dual_identical,7,7,2,5.159056391,5.159261654,0.000316006,20000,1330000,20260901,"164 164 164 164 164 164 164"
table1b_dual_identical,7,7,3,5.159895489,5.159261654,0.000316006,20000,1330000,20260901,"164 164 164 164 164 164 164"
table1b_dual_identical,7,7,4,5.158147368,5.159261654,0.000316006,20000,1330000,20260901,"164 164 164 164 164 164 164"
table1b_dual_identical,7,7,5,5.159071429,5.159261654,0.000316006,20000,1330000,20260901,"164 164 164 164 164 164 164"
table1b_dual_identical,7,7,6,5.160331579,5.159261654,0.000316006,20000,1330000,20260901,"164 164 164 164 164 164 164"
table1b_dual_identical,7,7,7,5.159368421,5.159261654,0.000316006,20000,1330000,20260901,"164 164 164 164 164 164 164"
table1b_dual_identical,7,7,8,5.159084962,5.159261654,0.000316006,20000,1330000,20260901,"164 164 164 164 164 164 164"
table1b_dual_identical,7,7,9,5.158272932,5.159261654,0.000316006,20000,1330000,20260901,"164 164 164 164 164 164 164"
table1b_dual_identical,7,7,10,5.158646617,5.159261654,0.000316006,20000,1330000,20260901,"164 164 164 164 164 164 164"
table1b_dual_identical,7,7,11,5.157965414,5.159261654,0.000316006,20000,1330000,20260901,"164 164 164 164 164 164 164"
table1b_dual_identical,7,7,12,5.160720301,5.159261654,0.000316006,20000,1330000,20260901,"164 164 164 164 164 164 164"
table1b_dual_identical,7,7,13,5.158683459,5.159261654,0.000316006,20000,1330000,20260901,"164 164 164 164 164 164 164"
table1b_dual_identical,7,7,14,5.159589474,5.159261654,0.000316006,20000,1330000,20260901,"164 164 164 164 164 164 164"
table1b_dual_identical,7,7,15,5.158915789,5.159261654,0.000316006,20000,1330000,20260901,"164 164 164 164 164 164 164"
table1b_dual_identical,7,7,16,5.160936090,5.159261654,0.000316006,20000,1330000,20260901,"164 164 164 164 164 164 164"
table1b_dual_identical,7,7,17,5.158933835,5.159261654,0.000316006,20000,1330000,20260901,"164 164 164 164 164 164 164"
table1b_dual_identical,7,7,18,5.158378195,5.159261654,0.000316006,20000,1330000,20260901,"164 164 164 164 164 164 164"
table1b_dual_identical,7,7,19,5.160263158,5.159261654,0.000316006,20000,1330000,20260901,"164 164 164 164 164 164 164"
table1b_dual_identical,7,7,20,5.159424812,5.159261654,0.000316006,20000,1330000,20260901,"164 164 164 164 164 164 164"
table1b_dual_identical,7,7,21,5.159705263,5.159261654,0.000316006,20000,1330000,20260901,"164 164 164 164 164 164 164"
table1b_dual_identical,7,7,22,5.159272932,5.159261654,0.000316006,20000,1330000,20260901,"164 164 164 164 164 164 164"
table1b_dual_identical,7,7,23,5.159255639,5.159261654,0.000316006,20000,1330000,20260901,"164 164 164 164 164 164 164"
table1b_dual_identical,7,7,24,5.157835338,5.159261654,0.000316006,20000,1330000,20260901,"164 164 164 164 164 164 164"
table1b_dual_identical,7,7,25,5.159913534,5.159261654,0.000316006,20000,1330000,20260901,"164 164 164 164 164 164 164"
table1b_dual_identical,7,7,26,5.158406767,5.159261654,0.000316006,20000,1330000,20260901,"164 164 164 164 164 164 164"
table1b_dual_identical,7,7,27,5.159696992,5.159261654,0.000316006,20000,1330000,20260901,"164 164 164 164 164 164 164"
table1b_dual_identical,7,7,28,5.158414286,5.159261654,0.000316006,20000,1330000,20260901,"164 164 164 164 164 164 164"
table1b_dual_identical,7,7,29,5.160480451,5.159261654,0.000316006,20000,1330000,20260901,"164 164 164 164 164 164 164"
table1b_dual_identical,7,7,30,5.160433083,5.159261654,0.000316006,20000,1330000,20260901,"164 164 164 164 164 164 164"
table1b_dual_identical,7,8,1,5.472041353,5.472058772,0.000331503,20000,1330000,20260901,"164 164 164 164 164 164 164 164"
table1b_dual_identical,7,8,2,5.471654887,5.472058772,0.000331503,20000,1330000,20260901,"164 164 164 164 164 164 164 164"
table1b_dual_identical,7,8,3,5.473054135,5.472058772,0.000331503,20000,1330000,20260901,"164 164 164 164 164 164 164 164"
table1b_dual_identical,7,8,4,5.470321805,5.472058772,0.000331503,20000,1330000,20260901,"164 164 164 164 164 164 164 164"
table1b_dual_identical,7,8,5,5.472293233,5.472058772,0.000331503,20000,1330000,20260901,"164 164 164 164 164 164 164 164"
table1b_dual_identical,7,8,6,5.473219549,5.472058772,0.000331503,20000,1330000,20260901,"164 164 164 164 164 164 164 164"
table1b_dual_identical,7,8,7,5.471571429,5.472058772,0.000331503,20000,1330000,20260901,"164 164 164 164 164 164 164 164"
table1b_dual_identical,7,8,8,5.472068421,5.472058772,0.000331503,20000,1330000,20260901,"164 164 164 164 164 164 164 164"
table1b_dual_identical,7,8,9,5.471373684,5.472058772,0.000331503,20000,1330000,20260901,"164 164 164 164 164 164 164 164"
table1b_dual_identical,7,8,10,5.471522556,5.472058772,0.000331503,20000,1330000,20260901,"164 164 164 164 164 164 164 164"
table1b_dual_identical,7,8,11,5.470291729,5.472058772,0.000331503,20000,1330000,20260901,"164 164 164 164 164 164 164 164"
table1b_dual_identical,7,8,12,5.473335338,5.472058772,0.000331503,20000,1330000,20260901,"164 164 164 164 164 164 164 164"
table1b_dual_identical,7,8,13,5.472230075,5.472058772,0.000331503,20000,1330000,20260901,"164 164 164 164 164 164 164 164"
table1b_dual_identical,7,8,14,5.472072180,5.472058772,0.000331503,20000,1330000,20260901,"164 164 164 164 164 164 164 164"
table1b_dual_identical,7,8,15,5.472169925,5.472058772,0.000331503,20000,1330000,20260901,"164 164 164 164 164 164 164 164"
table1b_dual_identical,7,8,16,5.473448120,5.472058772,0.000331503,20000,1330000,20260901,"164 164 164 164 164 164 164 164"
table1b_dual_identical,7,8,17,5.471790226,5.472058772,0.000331503,20000,1330000,20260901,"164 164 164 164 164 164 164 164"
table1b_dual_identical,7,8,18,5.471433083,5.472058772,0.000331503,20000,1330000,20260901,"164 164 164 164 164 164 164 164"
table1b_dual_identical,7,8,19,5.472952632,5.472058772,0.000331503,20000,1330000,20260901,"164 164 164 164 164 164 164 164"
table1b_dual_identical,7,8,20,5.472509774,5.472058772,0.000331503,20000,1330000,20260901,"164 164 164 164 164 164 164 164"
table1b_dual_identical,7,8,21,5.472082707,5.472058772,0.000331503,20000,1330000,20260901,"164 164 164 164 164 164 164 164"
table1b_dual_identical,7,8,22,5.472002256,5.472058772,0.000331503,20000,1330000,20260901,"164 164 164 164 164 164 164 164"
table1b_dual_identical,7,8,23,5.472786466,5.472058772,0.000331503,20000,1330000,20260901,"164 164 164 164 164 164 164 164"
table1b_dual_identical,7,8,24,5.470555639,5.472058772,0.000331503,20000,1330000,20260901,"164 164 164 164 164 164 164 164"
table1b_dual_identical,7,8,25,5.472812782,5.472058772,0.000331503,20000,1330000,20260901,"164 164 164 164 164 164 164 164"
table1b_dual_identical,7,8,26,5.470790226,5.472058772,0.000331503,20000,1330000,20260901,"164 164 164 164 164 164 164 164"
table1b_dual_identical,7,8,27,5.472283459,5.472058772,0.000331503,20000,1330000,20260901,"164 164 164 164 164 164 164 164"
table1b_dual_identical,7,8,28,5.471002256,5.472058772,0.000331503,20000,1330000,20260901,"164 164 164 164 164 164 164 164"
table1b_dual_identical,7,8,29,5.473117293,5.472058772,0.000331503,20000,1330000,20260901,"164 164 164 164 164 164 164 164"
table1b_dual_identical,7,8,30,5.472975940,5.472058772,0.000331503,20000,1330000,20260901,"164 164 164 164 164 164 164 164"
table1b_dual_identical,7,9,1,5.716166165,5.714994135,0.000337143,20000,1330000,20260901,"164 164 164 164 164 164 164 164 164"
table1b_dual_identical,7,9,2,5.714430827,5.714994135,0.000337143,20000,1330000,20260901,"164 164 164 164 164 164 164 164 164"
table1b_dual_identical,7,9,3,5.715691729,5.714994135,0.000337143,20000,1330000,20260901,"164 164 164 164 164 164 164 164 164"
table1b_dual_identical,7,9,4,5.712812030,5.714994135,0.000337143,20000,1330000,20260901,"164 164 164 164 164 164 164 164 164"
table1b_dual_identical,7,9,5,5.714781203,5.714994135,0.000337143,20000,1330000,20260901,"164 164 164 164 164 164 164 164 164"
table1b_dual_identical,7,9,6,5.716342105,5.714994135,0.000337143,20000,1330000,20260901,"164 164 164 164 164 164 164 164 164"
table1b_dual_identical,7,9,7,5.714581203,5.714994135,0.000337143,20000,1330000,20260901,"164 164 164 164 164 164 164 164 164"
table1b_dual_identical,7,9,8,5.714771429,5.714994135,0.000337143,20000,1330000,20260901,"164 164 164 164 164 164 164 164 164"
table1b_dual_identical,7,9,9,5.714053383,5.714994135,0.000337143,20000,1330000,20260901,"164 164 164 164 164 164 164 164 164"
table1b_dual_identical,7,9,10,5.714252632,5.714994135,0.000337143,20000,1330000,20260901,"164 164 164 164 164 164 164 164 164"
table1b_dual_identical,7,9,11,5.713810526,5.714994135,0.000337143,20000,1330000,20260901,"164 164 164 164 164 164 164 164 164"
table1b_dual_identical,7,9,12,5.714909023,5.714994135,0.000337143,20000,1330000,20260901,"164 164 164 164 164 164 164 164 164"
table1b_dual_identical,7,9,13,5.715341353,5.714994135,0.000337143,20000,1330000,20260901,"164 164 164 164 164 164 164 164 164"
table1b_dual_identical,7,9,14,5.714739098,5.714994135,0.000337143,20000,1330000,20260901,"164 164 164 164 164 164 164 164 164"
table1b_dual_identical,7,9,15,5.715544361,5.714994135,0.000337143,20000,1330000,20260901,"164 164 164 164 164 164 164 164 164"
table1b_dual_identical,7,9,16,5.715667669,5.714994135,0.000337143,20000,1330000,20260901,"164 164 164 164 164 164 164 164 164"
table1b_dual_identical,7,9,17,5.714170677,5.714994135,0.000337143,20000,1330000,20260901,"164 164 164 164 164 164 164 164 164"
table1b_dual_identical,7,9,18,5.714154887,5.714994135,0.000337143,20000,1330000,20260901,"164 164 164 164 164 164 164 164 164"
table1b_dual_identical,7,9,19,5.716288722,5.714994135,0.000337143,20000,1330000,20260901,"164 164 164 164 164 164 164 164 164"
table1b_dual_identical,7,9,20,5.715331579,5.714994135,0.000337143,20000,1330000,20260901,"164 164 164 164 164 164 164 164 164"
table1b_dual_identical,7,9,21,5.715003008,5.714994135,0.000337143,20000,1330000,20260901,"164 164 164 164 164 164 164 164 164"
table1b_dual_identical,7,9,22,5.715409023,5.714994135,0.000337143,20000,1330000,20260901,"164 164 164 164 164 164 164 164 164"
table1b_dual_identical,7,9,23,5.715838346,5.714994135,0.000337143,20000,1330000,20260901,"164 164 164 164 164 164 164 164 164"
table1b_dual_identical,7,9,24,5.713548872,5.714994135,0.000337143,20000,1330000,20260901,"164 164 164 164 164 164 164 164 164"
table1b_dual_identical,7,9,25,5.716709774,5.714994135,0.000337143,20000,1330000,20260901,"164 164 164 164 164 164 164 164 164"
table1b_dual_identical,7,9,26,5.714170677,5.714994135,0.000337143,20000,1330000,20260901,"164 164 164 164 164 164 164 164 164"
table1b_dual_identical,7,9,27,5.715486466,5.714994135,0.000337143,20000,1330000,20260901,"164 164 164 164 164 164 164 164 164"
table1b_dual_identical,7,9,28,5.714832331,5.714994135,0.000337143,20000,1330000,20260901,"164 164 164 164 164 164 164 164 164"
table1b_dual_identical,7,9,29,5.715103759,5.714994135,0.000337143,20000,1330000,20260901,"164 164 164 164 164 164 164 164 164"
table1b_dual_identical,7,9,30,5.715881203,5.714994135,0.000337143,20000,1330000,20260901,"164 164 164 164 164 164 164 164 164"
table1b_dual_identical,8,3,1,2.877165414,2.876892030,0.000102359,20000,1330000,20260901,"184 184 184"
table1b_dual_identical,8,3,2,2.877361654,2.876892030,0.000102359,20000,1330000,20260901,"184 184 184"
table1b_dual_identical,8,3,3,2.877263158,2.876892030,0.000102359,20000,1330000,20260901,"184 184 184"
table1b_dual_identical,8,3,4,2.876954887,2.876892030,0.000102359,20000,1330000,20260901,"184 184 184"
table1b_dual_identical,8,3,5,2.876257143,2.876892030,0.000102359,20000,1330000,20260901,"184 184 184"
table1b_dual_identical,8,3,6,2.876567669,2.876892030,0.000102359,20000,1330000,20260901,"184 184 184"
table1b_dual_identical,8,3,7,2.876880451,2.876892030,0.000102359,20000,1330000,20260901,"184 184 184"
table1b_dual_identical,8,3,8,2.876838346,2.876892030,0.000102359,20000,1330000,20260901,"184 184 184"
table1b_dual_identical,8,3,9,2.877044361,2.876892030,0.000102359,20000,1330000,20260901,"184 184 184"
table1b_dual_identical,8,3,10,2.876885714,2.876892030,0.000102359,20000,1330000,20260901,"184 184 184"
table1b_dual_identical,8,3,11,2.876933835,2.876892030,0.000102359,20000,1330000,20260901,"184 184 184"
table1b_dual_identical,8,3,12,2.877149624,2.876892030,0.000102359,20000,1330000,20260901,"184 184 184"
table1b_dual_identical,8,3,13,2.877176692,2.876892030,0.000102359,20000,1330000,20260901,"184 184 184"
table1b_dual_identical,8,3,14,2.876770677,2.876892030,0.000102359,20000,1330000,20260901,"184 184 184"
table1b_dual_identical,8,3,15,2.876466165,2.876892030,0.000102359,20000,1330000,20260901,"184 184 184"
table1b_dual_identical,8,3,16,2.876840602,2.876892030,0.000102359,20000,1330000,20260901,"184 184 184"
table1b_dual_identical,8,3,17,2.876787970,2.876892030,0.000102359,20000,1330000,20260901,"184 184 184"
table1b_dual_identical,8,3,18,2.876795489,2.876892030,0.000102359,20000,1330000,20260901,"184 184 184"
table1b_dual_identical,8,3,19,2.877443609,2.876892030,0.000102359,20000,1330000,20260901,"184 184 184"
table1b_dual_identical,8,3,20,2.877106015,2.876892030,0.000102359,20000,1330000,20260901,"184 184 184"
table1b_dual_identical,8,3,21,2.876896241,2.876892030,0.000102359,20000,1330000,20260901,"184 184 184"
table1b_dual_identical,8,3,22,2.876873684,2.876892030,0.000102359,20000,1330000,20260901,"184 184 184"
table1b_dual_identical,8,3,23,2.877025564,2.876892030,0.000102359,20000,1330000,20260901,"184 184 184"
table1b_dual_identical,8,3,24,2.876806767,2.876892030,0.000102359,20000,1330000,20260901,"184 184 184"
table1b_dual_identical,8,3,25,2.877176692,2.876892030,0.000102359,20000,1330000,20260901,"184 184 184"
table1b_dual_identical,8,3,26,2.876634586,2.876892030,0.000102359,20000,1330000,20260901,"184 184 184"
table1b_dual_identical,8,3,27,2.876474436,2.876892030,0.000102359,20000,1330000,20260901,"184 184 184"
table1b_dual_identical,8,3,28,2.876693233,2.876892030,0.000102359,20000,1330000,20260901,"184 184 184"
table1b_dual_identical,8,3,29,2.876572180,2.876892030,0.000102359,20000,1330000,20260901,"184 184 184"
table1b_dual_identical,8,3,30,2.876918045,2.876892030,0.000102359,20000,1330000,20260901,"184 184 184"
table1b_dual_identical,8,4,1,3.693042857,3.693086291,0.000111413,20000,1330000,20260901,"184 184 184 184"
table1b_dual_identical,8,4,2,3.693391729,3.693086291,0.000111413,20000,1330000,20260901,"184 184 184 184"
table1b_dual_identical,8,4,3,3.693253383,3.693086291,0.000111413,20000,1330000,20260901,"184 184 184 184"
table1b_dual_identical,8,4,4,3.693094737,3.693086291,0.000111413,20000,1330000,20260901,"184 184 184 184"
table1b_dual_identical,8,4,5,3.692747368,3.693086291,0.000111413,20000,1330000,20260901,"184 184 184 184"
table1b_dual_identical,8,4,6,3.693289474,3.693086291,0.000111413,20000,1330000,20260901,"184 184 184 184"
table1b_dual_identical,8,4,7,3.693118797,3.693086291,0.000111413,20000,1330000,20260901,"184 184 184 184"
table1b_dual_identical,8,4,8,3.693038346,3.693086291,0.000111413,20000,1330000,20260901,"184 184 184 184"
table1b_dual_identical,8,4,9,3.693584211,3.693086291,0.000111413,20000,1330000,20260901,"184 184 184 184"
table1b_dual_identical,8,4,10,3.693158647,3.693086291,0.000111413,20000,1330000,20260901,"184 184 184 184"
table1b_dual_identical,8,4,11,3.692794737,3.693086291,0.000111413,20000,1330000,20260901,"184 184 184 184"
table1b_dual_identical,8,4,12,3.693763910,3.693086291,0.000111413,20000,1330000,20260901,"184 184 184 184"
table1b_dual_identical,8,4,13,3.693138346,3.693086291,0.000111413,20000,1330000,20260901,"184 184 184 184"
table1b_dual_identical,8,4,14,3.693188722,3.693086291,0.000111413,20000,1330000,20260901,"184 184 184 184"
table1b_dual_identical,8,4,15,3.692533083,3.693086291,0.000111413,20000,1330000,20260901,"184 184 184 184"
table1b_dual_identical,8,4,16,3.692824812,3.693086291,0.000111413,20000,1330000,20260901,"184 184 184 184"
table1b_dual_identical,8,4,17,3.692830075,3.693086291,0.000111413,20000,1330000,20260901,"184 184 184 184"
table1b_dual_identical,8,4,18,3.692858647,3.693086291,0.000111413,20000,1330000,20260901,"184 184 184 184"
table1b_dual_identical,8,4,19,3.693019549,3.693086291,0.000111413,20000,1330000,20260901,"184 184 184 184"
table1b_dual_identical,8,4,20,3.693654887,3.693086291,0.000111413,20000,1330000,20260901,"184 184 184 184"
table1b_dual_identical,8,4,21,3.693383459,3.693086291,0.000111413,20000,1330000,20260901,"184 184 184 184"
table1b_dual_identical,8,4,22,3.692962406,3.693086291,0.000111413,20000,1330000,20260901,"184 184 184 184"
table1b_dual_identical,8,4,23,3.693064662,3.693086291,0.000111413,20000,1330000,20260901,"184 184 184 184"
table1b_dual_identical,8,4,24,3.692954135,3.693086291,0.000111413,20000,1330000,20260901,"184 184 184 184"
table1b_dual_identical,8,4,25,3.692829323,3.693086291,0.000111413,20000,1330000,20260901,"184 184 184 184"
table1b_dual_identical,8,4,26,3.693278195,3.693086291,0.000111413,20000,1330000,20260901,"184 184 184 184"
table1b_dual_identical,8,4,27,3.692984962,3.693086291,0.000111413,20000,1330000,20260901,"184 184 184 184"
table1b_dual_identical,8,4,28,3.692653383,3.693086291,0.000111413,20000,1330000,20260901,"184 184 184 184"
table1b_dual_identical,8,4,29,3.692724812,3.693086291,0.000111413,20000,1330000,20260901,"184 184 184 184"
table1b_dual_identical,8,4,30,3.693427068,3.693086291,0.000111413,20000,1330000,20260901,"184 184 184 184"
table1b_dual_identical,8,5,1,4.403648120,4.403573484,0.000173924,20000,1330000,20260901,"184 184 184 184 184"
table1b_dual_identical,8,5,2,4.404394737,4.403573484,0.000173924,20000,1330000,20260901,"184 184 184 184 184"
table1b_dual_identical,8,5,3,4.404155639,4.403573484,0.000173924,20000,1330000,20260901,"184 184 184 184 184"
table1b_dual_identical,8,5,4,4.404361654,4.403573484,0.000173924,20000,1330000,20260901,"184 184 184 184 184"
table1b_dual_identical,8,5,5,4.403459398,4.403573484,0.000173924,20000,1330000,20260901,"184 184 184 184 184"
table1b_dual_identical,8,5,6,4.403589474,4.403573484,0.000173924,20000,1330000,20260901,"184 184 184 184 184"
table1b_dual_identical,8,5,7,4.403329323,4.403573484,0.000173924,20000,1330000,20260901,"184 184 184 184 184"
table1b_dual_identical,8,5,8,4.403567669,4.403573484,0.000173924,20000,1330000,20260901,"184 184 184 184 184"
table1b_dual_identical,8,5,9,4.403979699,4.403573484,0.000173924,20000,1330000,20260901,"184 184 184 184 184"
table1b_dual_identical,8,5,10,4.403930075,4.403573484,0.000173924,20000,1330000,20260901,"184 184 184 184 184"
table1b_dual_identical,8,5,11,4.403921805,4.403573484,0.000173924,20000,1330000,20260901,"184 184 184 184 184"
table1b_dual_identical,8,5,12,4.403746617,4.403573484,0.000173924,20000,1330000,20260901,"184 184 184 184 184"
table1b_dual_identical,8,5,13,4.403206015,4.403573484,0.000173924,20000,1330000,20260901,"184 184 184 184 184"
table1b_dual_identical,8,5,14,4.403416541,4.403573484,0.000173924,20000,1330000,20260901,"184 184 184 184 184"
table1b_dual_identical,8,5,15,4.402631579,4.403573484,0.000173924,20000,1330000,20260901,"184 184 184 184 184"
table1b_dual_identical,8,5,16,4.403229323,4.403573484,0.000173924,20000,1330000,20260901,"184 184 184 184 184"
table1b_dual_identical,8,5,17,4.403345865,4.403573484,0.000173924,20000,1330000,20260901,"184 184 184 184 184"
table1b_dual_identical,8,5,18,4.402837594,4.403573484,0.000173924,20000,1330000,20260901,"184 184 184 184 184"
table1b_dual_identical,8,5,19,4.403586466,4.403573484,0.000173924,20000,1330000,20260901,"184 184 184 184 184"
table1b_dual_identical,8,5,20,4.404415038,4.403573484,0.000173924,20000,1330000,20260901,"184 184 184 184 184"
table1b_dual_identical,8,5,21,4.404196992,4.403573484,0.000173924,20000,1330000,20260901,"184 184 184 184 184"
table1b_dual_identical,8,5,22,4.403187970,4.403573484,0.000173924,20000,1330000,20260901,"184 184 184 184 184"
table1b_dual_identical,8,5,23,4.403627068,4.403573484,0.000173924,20000,1330000,20260901,"184 184 184 184 184"
table1b_dual_identical,8,5,24,4.402901504,4.403573484,0.000173924,20000,1330000,20260901,"184 184 184 184 184"
table1b_dual_identical,8,5,25,4.403657895,4.403573484,0.000173924,20000,1330000,20260901,"184 184 184 184 184"
table1b_dual_identical,8,5,26,4.403574436,4.403573484,0.000173924,20000,1330000,20260901,"184 184 184 184 184"
table1b_dual_identical,8,5,27,4.403290226,4.403573484,0.000173924,20000,1330000,20260901,"184 184 184 184 184"
table1b_dual_identical,8,5,28,4.402906767,4.403573484,0.000173924,20000,1330000,20260901,"184 184 184 184 184"
table1b_dual_identical,8,5,29,4.403286466,4.403573484,0.000173924,20000,1330000,20260901,"184 184 184 184 184"
table1b_dual_identical,8,5,30,4.403822556,4.403573484,0.000173924,20000,1330000,20260901,"184 184 184 184 184"
table1b_dual_identical,8,6,1,5.002683459,5.003346090,0.000226307,20000,1330000,20260901,"184 184 184 184 184 184"
table1b_dual_identical,8,6,2,5.003724812,5.003346090,0.000226307,20000,1330000,20260901,"184 184 184 184 184 184"
table1b_dual_identical,8,6,3,5.003108271,5.003346090,0.000226307,20000,1330000,20260901,"184 184 184 184 184 184"
table1b_dual_identical,8,6,4,5.004451128,5.003346090,0.000226307,20000,1330000,20260901,"184 184 184 184 184 184"
table1b_dual_identical,8,6,5,5.003832331,5.003346090,0.000226307,20000,1330000,20260901,"184 184 184 184 184 184"
table1b_dual_identical,8,6,6,5.004190977,5.003346090,0.000226307,20000,1330000,20260901,"184 184 184 184 184 184"
table1b_dual_identical,8,6,7,5.002767669,5.003346090,0.000226307,20000,1330000,20260901,"184 184 184 184 184 184"
table1b_dual_identical,8,6,8,5.003648872,5.003346090,0.000226307,20000,1330000,20260901,"184 184 184 184 184 184"
table1b_dual_identical,8,6,9,5.004071429,5.003346090,0.000226307,20000,1330000,20260901,"184 184 184 184 184 184"
table1b_dual_identical,8,6,10,5.002844361,5.003346090,0.000226307,20000,1330000,20260901,"184 184 184 184 184 184"
table1b_dual_identical,8,6,11,5.004351880,5.003346090,0.000226307,20000,1330000,20260901,"184 184 184 184 184 184"
table1b_dual_identical,8,6,12,5.004162406,5.003346090,0.000226307,20000,1330000,20260901,"184 184 184 184 184 184"
table1b_dual_identical,8,6,13,5.003046617,5.003346090,0.000226307,20000,1330000,20260901,"184 184 184 184 184 184"
table1b_dual_identical,8,6,14,5.003660902,5.003346090,0.000226307,20000,1330000,20260901,"184 184 184 184 184 184"
table1b_dual_identical,8,6,15,5.002317293,5.003346090,0.000226307,20000,1330000,20260901,"184 184 184 184 184 184"
table1b_dual_identical,8,6,16,5.002307519,5.003346090,0.000226307,20000,1330000,20260901,"184 184 184 184 184 184"
table1b_dual_identical,8,6,17,5.003434586,5.003346090,0.000226307,20000,1330000,20260901,"184 184 184 184 184 184"
table1b_dual_identical,8,6,18,5.003021805,5.003346090,0.000226307,20000,1330000,20260901,"184 184 184 184 184 184"
table1b_dual_identical,8,6,19,5.003252632,5.003346090,0.000226307,20000,1330000,20260901,"184 184 184 184 184 184"
table1b_dual_identical,8,6,20,5.004091729,5.003346090,0.000226307,20000,1330000,20260901,"184 184 184 184 184 184"
table1b_dual_identical,8,6,21,5.004090226,5.003346090,0.000226307,20000,1330000,20260901,"184 184 184 184 184 184"
table1b_dual_identical,8,6,22,5.002794737,5.003346090,0.000226307,20000,1330000,20260901,"184 184 184 184 184 184"
table1b_dual_identical,8,6,23,5.003177444,5.003346090,0.000226307,20000,1330000,20260901,"184 184 184 184 184 184"
table1b_dual_identical,8,6,24,5.002866917,5.003346090,0.000226307,20000,1330000,20260901,"184 184 184 184 184 184"
table1b_dual_identical,8,6,25,5.002564662,5.003346090,0.000226307,20000,1330000,20260901,"184 184 184 184 184 184"
table1b_dual_identical,8,6,26,5.003330075,5.003346090,0.000226307,20000,1330000,20260901,"184 184 184 184 184 184"
table1b_dual_identical,8,6,27,5.003296241,5.003346090,0.000226307,20000,1330000,20260901,"184 184 184 184 184 184"
table1b_dual_identical,8,6,28,5.003119549,5.003346090,0.000226307,20000,1330000,20260901,"184 184 184 184 184 184"
table1b_dual_identical,8,6,29,5.002943609,5.003346090,0.000226307,20000,1330000,20260901,"184 184 184 184 184 184"
table1b_dual_identical,8,6,30,5.003228571,5.003346090,0.000226307,20000,1330000,20260901,"184 184 184 184 184 184"
table1b_dual_identical,8,7,1,5.496293233,5.497362231,0.000235881,20000,1330000,20260901,"184 184 184 184 184 184 184"
table1b_dual_identical,8,7,2,5.497601504,5.497362231,0.000235881,20000,1330000,20260901,"184 184 184 184 184 184 184"
table1b_dual_identical,8,7,3,5.497187970,5.497362231,0.000235881,20000,1330000,20260901,"184 184 184 184 184 184 184"
table1b_dual_identical,8,7,4,5.498647368,5.497362231,0.000235881,20000,1330000,20260901,"184 184 184 184 184 184 184"
table1b_dual_identical,8,7,5,5.497368421,5.497362231,0.000235881,20000,1330000,20260901,"184 184 184 184 184 184 184"
table1b_dual_identical,8,7,6,5.497966165,5.497362231,0.000235881,20000,1330000,20260901,"184 184 184 184 184 184 184"
table1b_dual_identical,8,7,7,5.496856391,5.497362231,0.000235881,20000,1330000,20260901,"184 184 184 184 184 184 184"
table1b_dual_identical,8,7,8,5.497377444,5.497362231,0.000235881,20000,1330000,20260901,"184 184 184 184 184 184 184"
table1b_dual_identical,8,7,9,5.498291729,5.497362231,0.000235881,20000,1330000,20260901,"184 184 184 184 184 184 184"
table1b_dual_identical,8,7,10,5.496727068,5.497362231,0.000235881,20000,1330000,20260901,"184 184 184 184 184 184 184"
table1b_dual_identical,8,7,11,5.497727820,5.497362231,0.000235881,20000,1330000,20260901,"184 184 184 184 184 184 184"
table1b_dual_identical,8,7,12,5.497857143,5.497362231,0.000235881,20000,1330000,20260901,"184 184 184 184 184 184 184"
table1b_dual_identical,8,7,13,5.497640602,5.497362231,0.000235881,20000,1330000,20260901,"184 184 184 184 184 184 184"
table1b_dual_identical,8,7,14,5.497933083,5.497362231,0.000235881,20000,1330000,20260901,"184 184 184 184 184 184 184"
table1b_dual_identical,8,7,15,5.496226316,5.497362231,0.000235881,20000,1330000,20260901,"184 184 184 184 184 184 184"
table1b_dual_identical,8,7,16,5.497058647,5.497362231,0.000235881,20000,1330000,20260901,"184 184 184 184 184 184 184"
table1b_dual_identical,8,7,17,5.498127068,5.497362231,0.000235881,20000,1330000,20260901,"184 184 184 184 184 184 184"
table1b_dual_identical,8,7,18,5.496808271,5.497362231,0.000235881,20000,1330000,20260901,"184 184 184 184 184 184 184"
table1b_dual_identical,8,7,19,5.497021805,5.497362231,0.000235881,20000,1330000,20260901,"184 184 184 184 184 184 184"
table1b_dual_identical,8,7,20,5.497156391,5.497362231,0.000235881,20000,1330000,20260901,"184 184 184 184 184 184 184"
table1b_dual_identical,8,7,21,5.498340602,5.497362231,0.000235881,20000,1330000,20260901,"184 184 184 184 184 184 184"
table1b_dual_identical,8,7,22,5.496508271,5.497362231,0.000235881,20000,1330000,20260901,"184 184 184 184 184 184 184"
table1b_dual_identical,8,7,23,5.496760150,5.497362231,0.000235881,20000,1330000,20260901,"184 184 184 184 184 184 184"
table1b_dual_identical,8,7,24,5.498041353,5.497362231,0.000235881,20000,1330000,20260901,"184 184 184 184 184 184 184"
table1b_dual_identical,8,7,25,5.496642857,5.497362231,0.000235881,20000,1330000,20260901,"184 184 184 184 184 184 184"
table1b_dual_identical,8,7,26,5.497183459,5.497362231,0.000235881,20000,1330000,20260901,"184 184 184 184 184 184 184"
table1b_dual_identical,8,7,27,5.497620301,5.497362231,0.000235881,20000,1330000,20260901,"184 184 184 184 184 184 184"
table1b_dual_identical,8,7,28,5.497148872,5.497362231,0.000235881,20000,1330000,20260901,"184 184 184 184 184 184 184"
table1b_dual_identical,8,7,29,5.496917293,5.497362231,0.000235881,20000,1330000,20260901,"184 184 184 184 184 184 184"
table1b_dual_identical,8,7,30,5.497829323,5.497362231,0.000235881,20000,1330000,20260901,"184 184 184 184 184 184 184"
table1b_dual_identical,8,8,1,5.896627068,5.897826817,0.000268220,20000,1330000,20260901,"184 184 184 184 184 184 184 184"
table1b_dual_identical,8,8,2,5.898097744,5.897826817,0.000268220,20000,1330000,20260901,"184 184 184 184 184 184 184 184"
table1b_dual_identical,8,8,3,5.897565414,5.897826817,0.000268220,20000,1330000,20260901,"184 184 184 184 184 184 184 184"
table1b_dual_identical,8,8,4,5.898471429,5.897826817,0.000268220,20000,1330000,20260901,"184 184 184 184 184 184 184 184"
table1b_dual_identical,8,8,5,5.898049624,5.897826817,0.000268220,20000,1330000,20260901,"184 184 184 184 184 184 184 184"
table1b_dual_identical,8,8,6,5.897650376,5.897826817,0.000268220,20000,1330000,20260901,"184 184 184 184 184 184 184 184"
table1b_dual_identical,8,8,7,5.897116541,5.897826817,0.000268220,20000,1330000,20260901,"184 184 184 184 184 184 184 184"
table1b_dual_identical,8,8,8,5.897909774,5.897826817,0.000268220,20000,1330000,20260901,"184 184 184 184 184 184 184 184"
table1b_dual_identical,8,8,9,5.898990977,5.897826817,0.000268220,20000,1330000,20260901,"184 184 184 184 184 184 184 184"
table1b_dual_identical,8,8,10,5.897078947,5.897826817,0.000268220,20000,1330000,20260901,"184 184 184 184 184 184 184 184"
table1b_dual_identical,8,8,11,5.898773684,5.897826817,0.000268220,20000,1330000,20260901,"184 184 184 184 184 184 184 184"
table1b_dual_identical,8,8,12,5.898471429,5.897826817,0.000268220,20000,1330000,20260901,"184 184 184 184 184 184 184 184"
table1b_dual_identical,8,8,13,5.898681955,5.897826817,0.000268220,20000,1330000,20260901,"184 184 184 184 184 184 184 184"
table1b_dual_identical,8,8,14,5.898662406,5.897826817,0.000268220,20000,1330000,20260901,"184 184 184 184 184 184 184 184"
table1b_dual_identical,8,8,15,5.896288722,5.897826817,0.000268220,20000,1330000,20260901,"184 184 184 184 184 184 184 184"
table1b_dual_identical,8,8,16,5.897410526,5.897826817,0.000268220,20000,1330000,20260901,"184 184 184 184 184 184 184 184"
table1b_dual_identical,8,8,17,5.898554135,5.897826817,0.000268220,20000,1330000,20260901,"184 184 184 184 184 184 184 184"
table1b_dual_identical,8,8,18,5.896798496,5.897826817,0.000268220,20000,1330000,20260901,"184 184 184 184 184 184 184 184"
table1b_dual_identical,8,8,19,5.897727068,5.897826817,0.000268220,20000,1330000,20260901,"184 184 184 184 184 184 184 184"
table1b_dual_identical,8,8,20,5.897180451,5.897826817,0.000268220,20000,1330000,20260901,"184 184 184 184 184 184 184 184"
table1b_dual_identical,8,8,21,5.898099248,5.897826817,0.000268220,20000,1330000,20260901,"184 184 184 184 184 184 184 184"
table1b_dual_identical,8,8,22,5.896660150,5.897826817,0.000268220,20000,1330000,20260901,"184 184 184 184 184 184 184 184"
table1b_dual_identical,8,8,23,5.897514286,5.897826817,0.000268220,20000,1330000,20260901,"184 184 184 184 184 184 184 184"
table1b_dual_identical,8,8,24,5.898290226,5.897826817,0.000268220,20000,1330000,20260901,"184 184 184 184 184 184 184 184"
table1b_dual_identical,8,8,25,5.897582707,5.897826817,0.000268220,20000,1330000,20260901,"184 184 184 184 184 184 184 184"
table1b_dual_identical,8,8,26,5.897477444,5.897826817,0.000268220,20000,1330000,20260901,"184 184 184 184 184 184 184 184"
table1b_dual_identical,8,8,27,5.898697744,5.897826817,0.000268220,20000,1330000,20260901,"184 184 184 184 184 184 184 184"
table1b_dual_identical,8,8,28,5.897754135,5.897826817,0.000268220,20000,1330000,20260901,"184 184 184 184 184 184 184 184"
table1b_dual_identical,8,8,29,5.898351880,5.897826817,0.000268220,20000,1330000,20260901,"184 184 184 184 184 184 184 184"
table1b_dual_identical,8,8,30,5.898269925,5.897826817,0.000268220,20000,1330000,20260901,"184 184 184 184 184 184 184 184"
table1b_dual_identical,8,9,1,6.218730827,6.219695263,0.000299893,20000,1330000,20260901,"184 184 184 184 184 184 184 184 184"
table1b_dual_identical,8,9,2,6.219425564,6.219695263,0.000299893,20000,1330000,20260901,"184 184 184 184 184 184 184 184 184"
table1b_dual_identical,8,9,3,6.218966917,6.219695263,0.000299893,20000,1330000,20260901,"184 184 184 184 184 184 184 184 184"
table1b_dual_identical,8,9,4,6.220221053,6.219695263,0.000299893,20000,1330000,20260901,"184 184 184 184 184 184 184 184 184"
table1b_dual_identical,8,9,5,6.220442105,6.219695263,0.000299893,20000,1330000,20260901,"184 184 184 184 184 184 184 184 184"
table1b_dual_identical,8,9,6,6.219483459,6.219695263,0.000299893,20000,1330000,20260901,"184 184 184 184 184 184 184 184 184"
table1b_dual_identical,8,9,7,6.218760902,6.219695263,0.000299893,20000,1330000,20260901,"184 184 184 184 184 184 184 184 184"
table1b_dual_identical,8,9,8,6.219838346,6.219695263,0.000299893,20000,1330000,20260901,"184 184 184 184 184 184 184 184 184"
table1b_dual_identical,8,9,9,6.221088722,6.219695263,0.000299893,20000,1330000,20260901,"184 184 184 184 184 184 184 184 184"
table1b_dual_identical,8,9,10,6.218514286,6.219695263,0.000299893,20000,1330000,20260901,"184 184 184 184 184 184 184 184 184"
table1b_dual_identical,8,9,11,6.220227068,6.219695263,0.000299893,20000,1330000,20260901,"184 184 184 184 184 184 184 184 184"
table1b_dual_identical,8,9,12,6.219861654,6.219695263,0.000299893,20000,1330000,20260901,"184 184 184 184 184 184 184 184 184"
table1b_dual_identical,8,9,13,6.221106767,6.219695263,0.000299893,20000,1330000,20260901,"184 184 184 184 184 184 184 184 184"
table1b_dual_identical,8,9,14,6.220726316,6.219695263,0.000299893,20000,1330000,20260901,"184 184 184 184 184 184 184 184 184"
table1b_dual_identical,8,9,15,6.218421805,6.219695263,0.000299893,20000,1330000,20260901,"184 184 184 184 184 184 184 184 184"
table1b_dual_identical,8,9,16,6.219947368,6.219695263,0.000299893,20000,1330000,20260901,"184 184 184 184 184 184 184 184 184"
table1b_dual_identical,8,9,17,6.220244361,6.219695263,0.000299893,20000,1330000,20260901,"184 184 184 184 184 184 184 184 184"
table1b_dual_identical,8,9,18,6.218581955,6.219695263,0.000299893,20000,1330000,20260901,"184 184 184 184 184 184 184 184 184"
table1b_dual_identical,8,9,19,6.219451880,6.219695263,0.000299893,20000,1330000,20260901,"184 184 184 184 184 184 184 184 184"
table1b_dual_identical,8,9,20,6.218833083,6.219695263,0.000299893,20000,1330000,20260901,"184 184 184 184 184 184 184 184 184"
table1b_dual_identical,8,9,21,6.219626316,6.219695263,0.000299893,20000,1330000,20260901,"184 184 184 184 184 184 184 184 184"
table1b_dual_identical,8,9,22,6.218399248,6.219695263,0.000299893,20000,1330000,20260901,"184 184 184 184 184 184 184 184 184"
table1b_dual_identical,8,9,23,6.219668421,6.219695263,0.000299893,20000,1330000,20260901,"184 184 184 184 184 184 184 184 184"
table1b_dual_identical,8,9,24,6.219558647,6.219695263,0.000299893,20000,1330000,20260901,"184 184 184 184 184 184 184 184 184"
table1b_dual_identical,8,9,25,6.220059398,6.219695263,0.000299893,20000,1330000,20260901,"184 184 184 184 184 184 184 184 184"
table1b_dual_identical,8,9,26,6.219266917,6.219695263,0.000299893,20000,1330000,20260901,"184 184 184 184 184 184 184 184 184"
table1b_dual_identical,8,9,27,6.220550376,6.219695263,0.000299893,20000,1330000,20260901,"184 184 184 184 184 184 184 184 184"
table1b_dual_identical,8,9,28,6.220249624,6.219695263,0.000299893,20000,1330000,20260901,"184 184 184 184 184 184 184 184 184"
table1b_dual_identical,8,9,29,6.220963158,6.219695263,0.000299893,20000,1330000,20260901,"184 184 184 184 184 184 184 184 184"
table1b_dual_identical,8,9,30,6.219641353,6.219695263,0.000299893,20000,1330000,20260901,"184 184 184 184 184 184 184 184 184"
table1b_dual_identical,9,3,1,2.900552632,2.900504987,0.000090037,20000,1330000,20260901,"204 204 204"
table1b_dual_identical,9,3,2,2.900612782,2.900504987,0.000090037,20000,1330000,20260901,"204 204 204"
table1b_dual_identical,9,3,3,2.900581955,2.900504987,0.000090037,20000,1330000,20260901,"204 204 204"
table1b_dual_identical,9,3,4,2.900468421,2.900504987,0.000090037,20000,1330000,20260901,"204 204 204"
table1b_dual_identical,9,3,5,2.900975188,2.900504987,0.000090037,20000,1330000,20260901,"204 204 204"
table1b_dual_identical,9,3,6,2.900521053,2.900504987,0.000090037,20000,1330000,20260901,"204 204 204"
table1b_dual_identical,9,3,7,2.900238346,2.900504987,0.000090037,20000,1330000,20260901,"204 204 204"
table1b_dual_identical,9,3,8,2.900467669,2.900504987,0.000090037,20000,1330000,20260901,"204 204 204"
table1b_dual_identical,9,3,9,2.900593985,2.900504987,0.000090037,20000,1330000,20260901,"204 204 204"
table1b_dual_identical,9,3,10,2.900413534,2.900504987,0.000090037,20000,1330000,20260901,"204 204 204"
table1b_dual_identical,9,3,11,2.900624812,2.900504987,0.000090037,20000,1330000,20260901,"204 204 204"
table1b_dual_identical,9,3,12,2.900446617,2.900504987,0.000090037,20000,1330000,20260901,"204 204 204"
table1b_dual_identical,9,3,13,2.900475940,2.900504987,0.000090037,20000,1330000,20260901,"204 204 204"
table1b_dual_identical,9,3,14,2.900557895,2.900504987,0.000090037,20000,1330000,20260901,"204 204 204"
table1b_dual_identical,9,3,15,2.900609023,2.900504987,0.000090037,20000,1330000,20260901,"204 204 204"
table1b_dual_identical,9,3,16,2.900107519,2.900504987,0.000090037,20000,1330000,20260901,"204 204 204"
table1b_dual_identical,9,3,17,2.900406015,2.900504987,0.000090037,20000,1330000,20260901,"204 204 204"
table1b_dual_identical,9,3,18,2.900366165,2.900504987,0.000090037,20000,1330000,20260901,"204 204 204"
table1b_dual_identical,9,3,19,2.901091729,2.900504987,0.000090037,20000,1330000,20260901,"204 204 204"
table1b_dual_identical,9,3,20,2.900360902,2.900504987,0.000090037,20000,1330000,20260901,"204 204 204"
table1b_dual_identical,9,3,21,2.900701504,2.900504987,0.000090037,20000,1330000,20260901,"204 204 204"
table1b_dual_identical,9,3,22,2.899778195,2.900504987,0.000090037,20000,1330000,20260901,"204 204 204"
table1b_dual_identical,9,3,23,2.900541353,2.900504987,0.000090037,20000,1330000,20260901,"204 204 204"
table1b_dual_identical,9,3,24,2.900493233,2.900504987,0.000090037,20000,1330000,20260901,"204 204 204"
table1b_dual_identical,9,3,25,2.900357143,2.900504987,0.000090037,20000,1330000,20260901,"204 204 204"
table1b_dual_identical,9,3,26,2.900549624,2.900504987,0.000090037,20000,1330000,20260901,"204 204 204"
table1b_dual_identical,9,3,27,2.900603008,2.900504987,0.000090037,20000,1330000,20260901,"204 204 204"
table1b_dual_identical,9,3,28,2.900330827,2.900504987,0.000090037,20000,1330000,20260901,"204 204 204"
table1b_dual_identical,9,3,29,2.900872932,2.900504987,0.000090037,20000,1330000,20260901,"204 204 204"
table1b_dual_identical,9,3,30,2.900449624,2.900504987,0.000090037,20000,1330000,20260901,"204 204 204"
table1b_dual_identical,9,4,1,3.749504511,3.749603985,0.000170637,20000,1330000,20260901,"204 204 204 204"
table1b_dual_identical,9,4,2,3.749531579,3.749603985,0.000170637,20000,1330000,20260901,"204 204 204 204"
table1b_dual_identical,9,4,3,3.749066917,3.749603985,0.000170637,20000,1330000,20260901,"204 204 204 204"
table1b_dual_identical,9,4,4,3.749657895,3.749603985,0.000170637,20000,1330000,20260901,"204 204 204 204"
table1b_dual_identical,9,4,5,3.750362406,3.749603985,0.000170637,20000,1330000,20260901,"204 204 204 204"
table1b_dual_identical,9,4,6,3.749275940,3.749603985,0.000170637,20000,1330000,20260901,"204 204 204 204"
table1b_dual_identical,9,4,7,3.748511278,3.749603985,0.000170637,20000,1330000,20260901,"204 204 204 204"
table1b_dual_identical,9,4,8,3.749281203,3.749603985,0.000170637,20000,1330000,20260901,"204 204 204 204"
table1b_dual_identical,9,4,9,3.749706015,3.749603985,0.000170637,20000,1330000,20260901,"204 204 204 204"
table1b_dual_identical,9,4,10,3.748980451,3.749603985,0.000170637,20000,1330000,20260901,"204 204 204 204"
table1b_dual_identical,9,4,11,3.750033835,3.749603985,0.000170637,20000,1330000,20260901,"204 204 204 204"
table1b_dual_identical,9,4,12,3.749952632,3.749603985,0.000170637,20000,1330000,20260901,"204 204 204 204"
table1b_dual_identical,9,4,13,3.749611278,3.749603985,0.000170637,20000,1330000,20260901,"204 204 204 204"
table1b_dual_identical,9,4,14,3.750336090,3.749603985,0.000170637,20000,1330000,20260901,"204 204 204 204"
table1b_dual_identical,9,4,15,3.749845113,3.749603985,0.000170637,20000,1330000,20260901,"204 204 204 204"
table1b_dual_identical,9,4,16,3.749898496,3.749603985,0.000170637,20000,1330000,20260901,"204 204 204 204"
table1b_dual_identical,9,4,17,3.749525564,3.749603985,0.000170637,20000,1330000,20260901,"204 204 204 204"
table1b_dual_identical,9,4,18,3.749298496,3.749603985,0.000170637,20000,1330000,20260901,"204 204 204 204"
table1b_dual_identical,9,4,19,3.750771429,3.749603985,0.000170637,20000,1330000,20260901,"204 204 204 204"
table1b_dual_identical,9,4,20,3.749390226,3.749603985,0.000170637,20000,1330000,20260901,"204 204 204 204"
table1b_dual_identical,9,4,21,3.750287218,3.749603985,0.000170637,20000,1330000,20260901,"204 204 204 204"
table1b_dual_identical,9,4,22,3.749189474,3.749603985,0.000170637,20000,1330000,20260901,"204 204 204 204"
table1b_dual_identical,9,4,23,3.749430827,3.749603985,0.000170637,20000,1330000,20260901,"204 204 204 204"
table1b_dual_identical,9,4,24,3.749411278,3.749603985,0.000170637,20000,1330000,20260901,"204 204 204 204"
table1b_dual_identical,9,4,25,3.749278195,3.749603985,0.000170637,20000,1330000,20260901,"204 204 204 204"
table1b_dual_identical,9,4,26,3.749600752,3.749603985,0.000170637,20000,1330000,20260901,"204 204 204 204"
table1b_dual_identical,9,4,27,3.749587970,3.749603985,0.000170637,20000,1330000,20260901,"204 204 204 204"
table1b_dual_identical,9,4,28,3.749569173,3.749603985,0.000170637,20000,1330000,20260901,"204 204 204 204"
table1b_dual_identical,9,4,29,3.749785714,3.749603985,0.000170637,20000,1330000,20260901,"204 204 204 204"
table1b_dual_identical,9,4,30,3.749437594,3.749603985,0.000170637,20000,1330000,20260901,"204 204 204 204"
table1b_dual_identical,9,5,1,4.508634586,4.508343133,0.000241930,20000,1330000,20260901,"204 204 204 204 204"
table1b_dual_identical,9,5,2,4.507916541,4.508343133,0.000241930,20000,1330000,20260901,"204 204 204 204 204"
table1b_dual_identical,9,5,3,4.508134586,4.508343133,0.000241930,20000,1330000,20260901,"204 204 204 204 204"
table1b_dual_identical,9,5,4,4.507396992,4.508343133,0.000241930,20000,1330000,20260901,"204 204 204 204 204"
table1b_dual_identical,9,5,5,4.508582707,4.508343133,0.000241930,20000,1330000,20260901,"204 204 204 204 204"
table1b_dual_identical,9,5,6,4.507331579,4.508343133,0.000241930,20000,1330000,20260901,"204 204 204 204 204"
table1b_dual_identical,9,5,7,4.507809023,4.508343133,0.000241930,20000,1330000,20260901,"204 204 204 204 204"
table1b_dual_identical,9,5,8,4.507473684,4.508343133,0.000241930,20000,1330000,20260901,"204 204 204 204 204"
table1b_dual_identical,9,5,9,4.507676692,4.508343133,0.000241930,20000,1330000,20260901,"204 204 204 204 204"
table1b_dual_identical,9,5,10,4.507807519,4.508343133,0.000241930,20000,1330000,20260901,"204 204 204 204 204"
table1b_dual_identical,9,5,11,4.509477444,4.508343133,0.000241930,20000,1330000,20260901,"204 204 204 204 204"
table1b_dual_identical,9,5,12,4.507742105,4.508343133,0.000241930,20000,1330000,20260901,"204 204 204 204 204"
table1b_dual_identical,9,5,13,4.508089474,4.508343133,0.000241930,20000,1330000,20260901,"204 204 204 204 204"
table1b_dual_identical,9,5,14,4.509743609,4.508343133,0.000241930,20000,1330000,20260901,"204 204 204 204 204"
table1b_dual_identical,9,5,15,4.509304511,4.508343133,0.000241930,20000,1330000,20260901,"204 204 204 204 204"
table1b_dual_identical,9,5,16,4.508438346,4.508343133,0.000241930,20000,1330000,20260901,"204 204 204 204 204"
table1b_dual_identical,9,5,17,4.508565414,4.508343133,0.000241930,20000,1330000,20260901,"204 204 204 204 204"
table1b_dual_identical,9,5,18,4.508415789,4.508343133,0.000241930,20000,1330000,20260901,"204 204 204 204 204"
table1b_dual_identical,9,5,19,4.509775940,4.508343133,0.000241930,20000,1330000,20260901,"204 204 204 204 204"
table1b_dual_identical,9,5,20,4.508512030,4.508343133,0.000241930,20000,1330000,20260901,"204 204 204 204 204"
table1b_dual_identical,9,5,21,4.508935338,4.508343133,0.000241930,20000,1330000,20260901,"204 204 204 204 204"
table1b_dual_identical,9,5,22,4.508398496,4.508343133,0.000241930,20000,1330000,20260901,"204 204 204 204 204"
table1b_dual_identical,9,5,23,4.508214286,4.508343133,0.000241930,20000,1330000,20260901,"204 204 204 204 204"
table1b_dual_identical,9,5,24,4.508176692,4.508343133,0.000241930,20000,1330000,20260901,"204 204 204 204 204"
table1b_dual_identical,9,5,25,4.508208271,4.508343133,0.000241930,20000,1330000,20260901,"204 204 204 204 204"
table1b_dual_identical,9,5,26,4.507915038,4.508343133,0.000241930,20000,1330000,20260901,"204 204 204 204 204"
table1b_dual_identical,9,5,27,4.508745113,4.508343133,0.000241930,20000,1330000,20260901,"204 204 204 204 204"
table1b_dual_identical,9,5,28,4.508011278,4.508343133,0.000241930,20000,1330000,20260901,"204 204 204 204 204"
table1b_dual_identical,9,5,29,4.508923308,4.508343133,0.000241930,20000,1330000,20260901,"204 204 204 204 204"
table1b_dual_identical,9,5,30,4.507937594,4.508343133,0.000241930,20000,1330000,20260901,"204 204 204 204 204"
table1b_dual_identical,9,6,1,5.168767669,5.168832180,0.000295338,20000,1330000,20260901,"204 204 204 204 204 204"
table1b_dual_identical,9,6,2,5.168160150,5.168832180,0.000295338,20000,1330000,20260901,"204 204 204 204 204 204"
table1b_dual_identical,9,6,3,5.169288722,5.168832180,0.000295338,20000,1330000,20260901,"204 204 204 204 204 204"
table1b_dual_identical,9,6,4,5.168060902,5.168832180,0.000295338,20000,1330000,20260901,"204 204 204 204 204 204"
table1b_dual_identical,9,6,5,5.169569925,5.168832180,0.000295338,20000,1330000,20260901,"204 204 204 204 204 204"
table1b_dual_identical,9,6,6,5.167740602,5.168832180,0.000295338,20000,1330000,20260901,"204 204 204 204 204 204"
table1b_dual_identical,9,6,7,5.168754887,5.168832180,0.000295338,20000,1330000,20260901,"204 204 204 204 204 204"
table1b_dual_identical,9,6,8,5.167553383,5.168832180,0.000295338,20000,1330000,20260901,"204 204 204 204 204 204"
table1b_dual_identical,9,6,9,5.168039850,5.168832180,0.000295338,20000,1330000,20260901,"204 204 204 204 204 204"
table1b_dual_identical,9,6,10,5.167890977,5.168832180,0.000295338,20000,1330000,20260901,"204 204 204 204 204 204"
table1b_dual_identical,9,6,11,5.169775188,5.168832180,0.000295338,20000,1330000,20260901,"204 204 204 204 204 204"
table1b_dual_identical,9,6,12,5.168569925,5.168832180,0.000295338,20000,1330000,20260901,"204 204 204 204 204 204"
table1b_dual_identical,9,6,13,5.168561654,5.168832180,0.000295338,20000,1330000,20260901,"204 204 204 204 204 204"
table1b_dual_identical,9,6,14,5.170539850,5.168832180,0.000295338,20000,1330000,20260901,"204 204 204 204 204 204"
table1b_dual_identical,9,6,15,5.169472180,5.168832180,0.000295338,20000,1330000,20260901,"204 204 204 204 204 204"
table1b_dual_identical,9,6,16,5.169596241,5.168832180,0.000295338,20000,1330000,20260901,"204 204 204 204 204 204"
table1b_dual_identical,9,6,17,5.169948120,5.168832180,0.000295338,20000,1330000,20260901,"204 204 204 204 204 204"
table1b_dual_identical,9,6,18,5.168682707,5.168832180,0.000295338,20000,1330000,20260901,"204 204 204 204 204 204"
table1b_dual_identical,9,6,19,5.169630827,5.168832180,0.000295338,20000,1330000,20260901,"204 204 204 204 204 204"
table1b_dual_identical,9,6,20,5.168723308,5.168832180,0.000295338,20000,1330000,20260901,"204 204 204 204 204 204"
table1b_dual_identical,9,6,21,5.169863158,5.168832180,0.000295338,20000,1330000,20260901,"204 204 204 204 204 204"
table1b_dual_identical,9,6,22,5.168196241,5.168832180,0.000295338,20000,1330000,20260901,"204 204 204 204 204 204"
table1b_dual_identical,9,6,23,5.168025564,5.168832180,0.000295338,20000,1330000,20260901,"204 204 204 204 204 204"
table1b_dual_identical,9,6,24,5.168441353,5.168832180,0.000295338,20000,1330000,20260901,"204 204 204 204 204 204"
table1b_dual_identical,9,6,25,5.168836842,5.168832180,0.000295338,20000,1330000,20260901,"204 204 204 204 204 204"
table1b_dual_identical,9,6,26,5.168057895,5.168832180,0.000295338,20000,1330000,20260901,"204 204 204 204 204 204"
table1b_dual_identical,9,6,27,5.169375940,5.168832180,0.000295338,20000,1330000,20260901,"204 204 204 204 204 204"
table1b_dual_identical,9,6,28,5.168660150,5.168832180,0.000295338,20000,1330000,20260901,"204 204 204 204 204 204"
table1b_dual_identical,9,6,29,5.170040602,5.168832180,0.000295338,20000,1330000,20260901,"204 204 204 204 204 204"
table1b_dual_identical,9,6,30,5.168140602,5.168832180,0.000295338,20000,1330000,20260901,"204 204 204 204 204 204"
table1b_dual_identical,9,7,1,5.731027820,5.731281128,0.000338216,20000,1330000,20260901,"204 204 204 204 204 204 204"
table1b_dual_identical,9,7,2,5.730460150,5.731281128,0.000338216,20000,1330000,20260901,"204 204 204 204 204 204 204"
table1b_dual_identical,9,7,3,5.731615038,5.731281128,0.000338216,20000,1330000,20260901,"204 204 204 204 204 204 204"
table1b_dual_identical,9,7,4,5.730787218,5.731281128,0.000338216,20000,1330000,20260901,"204 204 204 204 204 204 204"
table1b_dual_identical,9,7,5,5.731706015,5.731281128,0.000338216,20000,1330000,20260901,"204 204 204 204 204 204 204"
table1b_dual_identical,9,7,6,5.730124812,5.731281128,0.000338216,20000,1330000,20260901,"204 204 204 204 204 204 204"
table1b_dual_identical,9,7,7,5.731703759,5.731281128,0.000338216,20000,1330000,20260901,"204 204 204 204 204 204 204"
table1b_dual_identical,9,7,8,5.730109023,5.731281128,0.000338216,20000,1330000,20260901,"204 204 204 204 204 204 204"
table1b_dual_identical,9,7,9,5.730708271,5.731281128,0.000338216,20000,1330000,20260901,"204 204 204 204 204 204 204"
table1b_dual_identical,9,7,10,5.730578195,5.731281128,0.000338216,20000,1330000,20260901,"204 204 204 204 204 204 204"
table1b_dual_identical,9,7,11,5.732992481,5.731281128,0.000338216,20000,1330000,20260901,"204 204 204 204 204 204 204"
table1b_dual_identical,9,7,12,5.731043609,5.731281128,0.000338216,20000,1330000,20260901,"204 204 204 204 204 204 204"
table1b_dual_identical,9,7,13,5.730499248,5.731281128,0.000338216,20000,1330000,20260901,"204 204 204 204 204 204 204"
table1b_dual_identical,9,7,14,5.733385714,5.731281128,0.000338216,20000,1330000,20260901,"204 204 204 204 204 204 204"
table1b_dual_identical,9,7,15,5.731990977,5.731281128,0.000338216,20000,1330000,20260901,"204 204 204 204 204 204 204"
table1b_dual_identical,9,7,16,5.732096992,5.731281128,0.000338216,20000,1330000,20260901,"204 204 204 204 204 204 204"
table1b_dual_identical,9,7,17,5.732572932,5.731281128,0.000338216,20000,1330000,20260901,"204 204 204 204 204 204 204"
table1b_dual_identical,9,7,18,5.731239098,5.731281128,0.000338216,20000,1330000,20260901,"204 204 204 204 204 204 204"
table1b_dual_identical,9,7,19,5.731744361,5.731281128,0.000338216,20000,1330000,20260901,"204 204 204 204 204 204 204"
table1b_dual_identical,9,7,20,5.731115789,5.731281128,0.000338216,20000,1330000,20260901,"204 204 204 204 204 204 204"
table1b_dual_identical,9,7,21,5.732770677,5.731281128,0.000338216,20000,1330000,20260901,"204 204 204 204 204 204 204"
table1b_dual_identical,9,7,22,5.730700000,5.731281128,0.000338216,20000,1330000,20260901,"204 204 204 204 204 204 204"
table1b_dual_identical,9,7,23,5.729825564,5.731281128,0.000338216,20000,1330000,20260901,"204 204 204 204 204 204 204"
table1b_dual_identical,9,7,24,5.731255639,5.731281128,0.000338216,20000,1330000,20260901,"204 204 204 204 204 204 204"
table1b_dual_identical,9,7,25,5.730793233,5.731281128,0.000338216,20000,1330000,20260901,"204 204 204 204 204 204 204"
table1b_dual_identical,9,7,26,5.730546617,5.731281128,0.000338216,20000,1330000,20260901,"204 204 204 204 204 204 204"
table1b_dual_identical,9,7,27,5.730958647,5.731281128,0.000338216,20000,1330000,20260901,"204 204 204 204 204 204 204"
table1b_dual_identical,9,7,28,5.731295489,5.731281128,0.000338216,20000,1330000,20260901,"204 204 204 204 204 204 204"
table1b_dual_identical,9,7,29,5.732421805,5.731281128,0.000338216,20000,1330000,20260901,"204 204 204 204 204 204 204"
table1b_dual_identical,9,7,30,5.730364662,5.731281128,0.000338216,20000,1330000,20260901,"204 204 204 204 204 204 204"
table1b_dual_identical,9,8,1,6.201598496,6.202206992,0.000354012,20000,1330000,20260901,"204 204 204 204 204 204 204 204"
table1b_dual_identical,9,8,2,6.201697744,6.202206992,0.000354012,20000,1330000,20260901,"204 204 204 204 204 204 204 204"
table1b_dual_identical,9,8,3,6.202394737,6.202206992,0.000354012,20000,1330000,20260901,"204 204 204 204 204 204 204 204"
table1b_dual_identical,9,8,4,6.201740602,6.202206992,0.000354012,20000,1330000,20260901,"204 204 204 204 204 204 204 204"
table1b_dual_identical,9,8,5,6.202441353,6.202206992,0.000354012,20000,1330000,20260901,"204 204 204 204 204 204 204 204"
table1b_dual_identical,9,8,6,6.201216541,6.202206992,0.000354012,20000,1330000,20260901,"204 204 204 204 204 204 204 204"
table1b_dual_identical,9,8,7,6.202752632,6.202206992,0.000354012,20000,1330000,20260901,"204 204 204 204 204 204 204 204"
table1b_dual_identical,9,8,8,6.201190226,6.202206992,0.000354012,20000,1330000,20260901,"204 204 204 204 204 204 204 204"
table1b_dual_identical,9,8,9,6.201393233,6.202206992,0.000354012,20000,1330000,20260901,"204 204 204 204 204 204 204 204"
table1b_dual_identical,9,8,10,6.200921053,6.202206992,0.000354012,20000,1330000,20260901,"204 204 204 204 204 204 204 204"
table1b_dual_identical,9,8,11,6.203462406,6.202206992,0.000354012,20000,1330000,20260901,"204 204 204 204 204 204 204 204"
table1b_dual_identical,9,8,12,6.202380451,6.202206992,0.000354012,20000,1330000,20260901,"204 204 204 204 204 204 204 204"
table1b_dual_identical,9,8,13,6.201208271,6.202206992,0.000354012,20000,1330000,20260901,"204 204 204 204 204 204 204 204"
table1b_dual_identical,9,8,14,6.204528571,6.202206992,0.000354012,20000,1330000,20260901,"204 204 204 204 204 204 204 204"
table1b_dual_identical,9,8,15,6.202805263,6.202206992,0.000354012,20000,1330000,20260901,"204 204 204 204 204 204 204 204"
table1b_dual_identical,9,8,16,6.202940602,6.202206992,0.000354012,20000,1330000,20260901,"204 204 204 204 204 204 204 204"
table1b_dual_identical,9,8,17,6.202914286,6.202206992,0.000354012,20000,1330000,20260901,"204 204 204 204 204 204 204 204"
table1b_dual_identical,9,8,18,6.202059398,6.202206992,0.000354012,20000,1330000,20260901,"204 204 204 204 204 204 204 204"
table1b_dual_identical,9,8,19,6.203218045,6.202206992,0.000354012,20000,1330000,20260901,"204 204 204 204 204 204 204 204"
table1b_dual_identical,9,8,20,6.201360150,6.202206992,0.000354012,20000,1330000,20260901,"204 204 204 204 204 204 204 204"
table1b_dual_identical,9,8,21,6.204005263,6.202206992,0.000354012,20000,1330000,20260901,"204 204 204 204 204 204 204 204"
table1b_dual_identical,9,8,22,6.202791729,6.202206992,0.000354012,20000,1330000,20260901,"204 204 204 204 204 204 204 204"
table1b_dual_identical,9,8,23,6.200801504,6.202206992,0.000354012,20000,1330000,20260901,"204 204 204 204 204 204 204 204"
table1b_dual_identical,9,8,24,6.201948120,6.202206992,0.000354012,20000,1330000,20260901,"204 204 204 204 204 204 204 204"
table1b_dual_identical,9,8,25,6.201566165,6.202206992,0.000354012,20000,1330000,20260901,"204 204 204 204 204 204 204 204"
table1b_dual_identical,9,8,26,6.202169925,6.202206992,0.000354012,20000,1330000,20260901,"204 204 204 204 204 204 204 204"
table1b_dual_identical,9,8,27,6.201727820,6.202206992,0.000354012,20000,1330000,20260901,"204 204 204 204 204 204 204 204"
table1b_dual_identical,9,8,28,6.202079699,6.202206992,0.000354012,20000,1330000,20260901,"204 204 204 204 204 204 204 204"
table1b_dual_identical,9,8,29,6.203663910,6.202206992,0.000354012,20000,1330000,20260901,"204 204 204 204 204 204 204 204"
table1b_dual_identical,9,8,30,6.201231579,6.202206992,0.000354012,20000,1330000,20260901,"204 204 204 204 204 204 204 204"
table1b_dual_identical,9,9,1,6.592388722,6.592214110,0.000434628,20000,1330000,20260901,"204 204 204 204 204 204 204 204 204"
table1b_dual_identical,9,9,2,6.591937594,6.592214110,0.000434628,20000,1330000,20260901,"204 204 204 204 204 204 204 204 204"
table1b_dual_identical,9,9,3,6.591903008,6.592214110,0.000434628,20000,1330000,20260901,"204 204 204 204 204 204 204 204 204"
table1b_dual_identical,9,9,4,6.590075188,6.592214110,0.000434628,20000,1330000,20260901,"204 204 204 204 204 204 204 204 204"
table1b_dual_identical,9,9,5,6.592827068,6.592214110,0.000434628,20000,1330000,20260901,"204 204 204 204 204 204 204 204 204"
table1b_dual_identical,9,9,6,6.592057895,6.592214110,0.000434628,20000,1330000,20260901,"204 204 204 204 204 204 204 204 204"
table1b_dual_identical,9,9,7,6.593556391,6.592214110,0.000434628,20000,1330000,20260901,"204 204 204 204 204 204 204 204 204"
table1b_dual_identical,9,9,8,6.590911278,6.592214110,0.000434628,20000,1330000,20260901,"204 204 204 204 204 204 204 204 204"
table1b_dual_identical,9,9,9,6.590092481,6.592214110,0.000434628,20000,1330000,20260901,"204 204 204 204 204 204 204 204 204"
table1b_dual_identical,9,9,10,6.590423308,6.592214110,0.000434628,20000,1330000,20260901,"204 204 204 204 204 204 204 204 204"
table1b_dual_identical,9,9,11,6.593306015,6.592214110,0.000434628,20000,1330000,20260901,"204 204 204 204 204 204 204 204 204"
table1b_dual_identical,9,9,12,6.592142857,6.592214110,0.000434628,20000,1330000,20260901,"204 204 204 204 204 204 204 204 204"
table1b_dual_identical,9,9,13,6.591038346,6.592214110,0.000434628,20000,1330000,20260901,"204 204 204 204 204 204 204 204 204"
table1b_dual_identical,9,9,14,6.594512782,6.592214110,0.000434628,20000,1330000,20260901,"204 204 204 204 204 204 204 204 204"
table1b_dual_identical,9,9,15,6.593324812,6.592214110,0.000434628,20000,1330000,20260901,"204 204 204 204 204 204 204 204 204"
table1b_dual_identical,9,9,16,6.593225564,6.592214110,0.000434628,20000,1330000,20260901,"204 204 204 204 204 204 204 204 204"
table1b_dual_identical,9,9,17,6.593350376,6.592214110,0.000434628,20000,1330000,20260901,"204 204 204 204 204 204 204 204 204"
table1b_dual_identical,9,9,18,6.592236842,6.592214110,0.000434628,20000,1330000,20260901,"204 204 204 204 204 204 204 204 204"
table1b_dual_identical,9,9,19,6.592984211,6.592214110,0.000434628,20000,1330000,20260901,"204 204 204 204 204 204 204 204 204"
table1b_dual_identical,9,9,20,6.591392481,6.592214110,0.000434628,20000,1330000,20260901,"204 204 204 204 204 204 204 204 204"
table1b_dual_identical,9,9,21,6.594738346,6.592214110,0.000434628,20000,1330000,20260901,"204 204 204 204 204 204 204 204 204"
table1b_dual_identical,9,9,22,6.592404511,6.592214110,0.000434628,20000,1330000,20260901,"204 204 204 204 204 204 204 204 204"
table1b_dual_identical,9,9,23,6.590968421,6.592214110,0.000434628,20000,1330000,20260901,"204 204 204 204 204 204 204 204 204"
table1b_dual_identical,9,9,24,6.591933835,6.592214110,0.000434628,20000,1330000,20260901,"204 204 204 204 204 204 204 204 204"
table1b_dual_identical,9,9,25,6.591619549,6.592214110,0.000434628,20000,1330000,20260901,"204 204 204 204 204 204 204 204 204"
table1b_dual_identical,9,9,26,6.592433083,6.592214110,0.000434628,20000,1330000,20260901,"204 204 204 204 204 204 204 204 204"
table1b_dual_identical,9,9,27,6.591872180,6.592214110,0.000434628,20000,1330000,20260901,"204 204 204 204 204 204 204 204 204"
table1b_dual_identical,9,9,28,6.591820301,6.592214110,0.000434628,20000,1330000,20260901,"204 204 204 204 204 204 204 204 204"
table1b_dual_identical,9,9,29,6.593303008,6.592214110,0.000434628,20000,1330000,20260901,"204 204 204 204 204 204 204 204 204"
table1b_dual_identical,9,9,30,6.591642857,6.592214110,0.000434628,20000,1330000,20260901,"204 204 204 204 204 204 204 204 204"
