panel,n,m,replication,throughput,mean,halfwidth,warmup,steps,seed,loops
table2a_single_staggered,3,3,1,2.110957143,2.111091353,0.000175864,20000,1330000,20260901,"84 84 85"
table2a_single_staggered,3,3,2,2.110248120,2.111091353,0.000175864,20000,1330000,20260901,"84 84 85"
table2a_single_staggered,3,3,3,2.110113534,2.111091353,0.000175864,20000,1330000,20260901,"84 84 85"
table2a_single_staggered,3,3,4,2.110639098,2.111091353,0.000175864,20000,1330000,20260901,"84 84 85"
table2a_single_staggered,3,3,5,2.111462406,2.111091353,0.000175864,20000,1330000,20260901,"84 84 85"
table2a_single_staggered,3,3,6,2.111118797,2.111091353,0.000175864,20000,1330000,20260901,"84 84 85"
table2a_single_staggered,3,3,7,2.111916541,2.111091353,0.000175864,20000,1330000,20260901,"84 84 85"
table2a_single_staggered,3,3,8,2.111343609,2.111091353,0.000175864,20000,1330000,20260901,"84 84 85"
table2a_single_staggered,3,3,9,2.110564662,2.111091353,0.000175864,20000,1330000,20260901,"84 84 85"
table2a_single_staggered,3,3,10,2.110903008,2.111091353,0.000175864,20000,1330000,20260901,"84 84 85"
table2a_single_staggered,3,3,11,2.111777444,2.111091353,0.000175864,20000,1330000,20260901,"84 84 85"
table2a_single_staggered,3,3,12,2.110675188,2.111091353,0.000175864,20000,1330000,20260901,"84 84 85"
table2a_single_staggered,3,3,13,2.111542105,2.111091353,0.000175864,20000,1330000,20260901,"84 84 85"
table2a_single_staggered,3,3,14,2.111252632,2.111091353,0.000175864,20000,1330000,20260901,"84 84 85"
table2a_single_staggered,3,3,15,2.111533083,2.111091353,0.000175864,20000,1330000,20260901,"84 84 85"
table2a_single_staggered,3,3,16,2.110751880,2.111091353,0.000175864,20000,1330000,20260901,"84 84 85"
table2a_single_staggered,3,3,17,2.111251128,2.111091353,0.000175864,20000,1330000,20260901,"84 84 85"
table2a_single_staggered,3,3,18,2.111164662,2.111091353,0.000175864,20000,1330000,20260901,"84 84 85"
table2a_single_staggered,3,3,19,2.111244361,2.111091353,0.000175864,20000,1330000,20260901,"84 84 85"
table2a_single_staggered,3,3,20,2.110772932,2.111091353,0.000175864,20000,1330000,20260901,"84 84 85"
table2a_single_staggered,3,3,21,2.111347368,2.111091353,0.000175864,20000,1330000,20260901,"84 84 85"
table2a_single_staggered,3,3,22,2.111226316,2.111091353,0.000175864,20000,1330000,20260901,"84 84 85"
table2a_single_staggered,3,3,23,2.110454135,2.111091353,0.000175864,20000,1330000,20260901,"84 84 85"
table2a_single_staggered,3,3,24,2.110615038,2.111091353,0.000175864,20000,1330000,20260901,"84 84 85"
table2a_single_staggered,3,3,25,2.110784211,2.111091353,0.000175864,20000,1330000,20260901,"84 84 85"
table2a_single_staggered,3,3,26,2.111442857,2.111091353,0.000175864,20000,1330000,20260901,"84 84 85"
table2a_single_staggered,3,3,27,2.110959398,2.111091353,0.000175864,20000,1330000,20260901,"84 84 85"
table2a_single_staggered,3,3,28,2.111045113,2.111091353,0.000175864,20000,1330000,20260901,"84 84 85"
table2a_single_staggered,3,3,29,2.111793985,2.111091353,0.000175864,20000,1330000,20260901,"84 84 85"
table2a_single_staggered,3,3,30,2.111839850,2.111091353,0.000175864,20000,1330000,20260901,"84 84 85"
table2a_single_staggered,3,4,1,2.403175188,2.404008596,0.000199005,20000,1330000,20260901,"84 84 85 86"
table2a_single_staggered,3,4,2,2.403776692,2.404008596,0.000199005,20000,1330000,20260901,"84 84 85 86"
table2a_single_staggered,3,4,3,2.403262406,2.404008596,0.000199005,20000,1330000,20260901,"84 84 85 86"
table2a_single_staggered,3,4,4,2.403525564,2.404008596,0.000199005,20000,1330000,20260901,"84 84 85 86"
table2a_single_staggered,3,4,5,2.405056391,2.404008596,0.000199005,20000,1330000,20260901,"84 84 85 86"
table2a_single_staggered,3,4,6,2.403840602,2.404008596,0.000199005,20000,1330000,20260901,"84 84 85 86"
table2a_single_staggered,3,4,7,2.404075940,2.404008596,0.000199005,20000,1330000,20260901,"84 84 85 86"
table2a_single_staggered,3,4,8,2.403948120,2.404008596,0.000199005,20000,1330000,20260901,"84 84 85 86"
table2a_single_staggered,3,4,9,2.403409023,2.404008596,0.000199005,20000,1330000,20260901,"84 84 85 86"
table2a_single_staggered,3,4,10,2.403734586,2.404008596,0.000199005,20000,1330000,20260901,"84 84 85 86"
table2a_single_staggered,3,4,11,2.404779699,2.404008596,0.000199005,20000,1330000,20260901,"84 84 85 86"
table2a_single_staggered,3,4,12,2.403569173,2.404008596,0.000199005,20000,1330000,20260901,"84 84 85 86"
table2a_single_staggered,3,4,13,2.404393233,2.404008596,0.000199005,20000,1330000,20260901,"84 84 85 86"
table2a_single_staggered,3,4,14,2.403714286,2.404008596,0.000199005,20000,1330000,20260901,"84 84 85 86"
table2a_single_staggered,3,4,15,2.404554887,2.404008596,0.000199005,20000,1330000,20260901,"84 84 85 86"
table2a_single_staggered,3,4,16,2.403157143,2.404008596,0.000199005,20000,1330000,20260901,"84 84 85 86"
table2a_single_staggered,3,4,17,2.404642857,2.404008596,0.000199005,20000,1330000,20260901,"84 84 85 86"
table2a_single_staggered,3,4,18,2.403500752,2.404008596,0.000199005,20000,1330000,20260901,"84 84 85 86"
table2a_single_staggered,3,4,19,2.403813534,2.404008596,0.000199005,20000,1330000,20260901,"84 84 85 86"
table2a_single_staggered,3,4,20,2.404431579,2.404008596,0.000199005,20000,1330000,20260901,"84 84 85 86"
table2a_single_staggered,3,4,21,2.404201504,2.404008596,0.000199005,20000,1330000,20260901,"84 84 85 86"
table2a_single_staggered,3,4,22,2.403238346,2.404008596,0.000199005,20000,1330000,20260901,"84 84 85 86"
table2a_single_staggered,3,4,23,2.403699248,2.404008596,0.000199005,20000,1330000,20260901,"84 84 85 86"
table2a_single_staggered,3,4,24,2.404237594,2.404008596,0.000199005,20000,1330000,20260901,"84 84 85 86"
table2a_single_staggered,3,4,25,2.404309774,2.404008596,0.000199005,20000,1330000,20260901,"84 84 85 86"
table2a_single_staggered,3,4,26,2.404515789,2.404008596,0.000199005,20000,1330000,20260901,"84 84 85 86"
table2a_single_staggered,3,4,27,2.404345113,2.404008596,0.000199005,20000,1330000,20260901,"84 84 85 86"
table2a_single_staggered,3,4,28,2.403950376,2.404008596,0.000199005,20000,1330000,20260901,"84 84 85 86"
table2a_single_staggered,3,4,29,2.404769173,2.404008596,0.000199005,20000,1330000,20260901,"84 84 85 86"
table2a_single_staggered,3,4,30,2.404629323,2.404008596,0.000199005,20000,1330000,20260901,"84 84 85 86"
table2a_single_staggered,3,5,1,2.597908271,2.598599724,0.000201140,20000,1330000,20260901,"84 84 85 86 87"
table2a_single_staggered,3,5,2,2.598327820,2.598599724,0.000201140,20000,1330000,20260901,"84 84 85 86 87"
table2a_single_staggered,3,5,3,2.597753383,2.598599724,0.000201140,20000,1330000,20260901,"84 84 85 86 87"
table2a_single_staggered,3,5,4,2.597975940,2.598599724,0.000201140,20000,1330000,20260901,"84 84 85 86 87"
table2a_single_staggered,3,5,5,2.599725564,2.598599724,0.000201140,20000,1330000,20260901,"84 84 85 86 87"
table2a_single_staggered,3,5,6,2.598772180,2.598599724,0.000201140,20000,1330000,20260901,"84 84 85 86 87"
table2a_single_staggered,3,5,7,2.598176692,2.598599724,0.000201140,20000,1330000,20260901,"84 84 85 86 87"
table2a_single_staggered,3,5,8,2.599306767,2.598599724,0.000201140,20000,1330000,20260901,"84 84 85 86 87"
table2a_single_staggered,3,5,9,2.598439098,2.598599724,0.000201140,20000,1330000,20260901,"84 84 85 86 87"
table2a_single_staggered,3,5,10,2.599355639,2.598599724,0.000201140,20000,1330000,20260901,"84 84 85 86 87"
table2a_single_staggered,3,5,11,2.598711278,2.598599724,0.000201140,20000,1330000,20260901,"84 84 85 86 87"
table2a_single_staggered,3,5,12,2.598397744,2.598599724,0.000201140,20000,1330000,20260901,"84 84 85 86 87"
table2a_single_staggered,3,5,13,2.598491729,2.598599724,0.000201140,20000,1330000,20260901,"84 84 85 86 87"
table2a_single_staggered,3,5,14,2.598082707,2.598599724,0.000201140,20000,1330000,20260901,"84 84 85 86 87"
table2a_single_staggered,3,5,15,2.598791729,2.598599724,0.000201140,20000,1330000,20260901,"84 84 85 86 87"
table2a_single_staggered,3,5,16,2.598030075,2.598599724,0.000201140,20000,1330000,20260901,"84 84 85 86 87"
table2a_single_staggered,3,5,17,2.598639850,2.598599724,0.000201140,20000,1330000,20260901,"84 84 85 86 87"
table2a_single_staggered,3,5,18,2.597848120,2.598599724,0.000201140,20000,1330000,20260901,"84 84 85 86 87"
table2a_single_staggered,3,5,19,2.598554135,2.598599724,0.000201140,20000,1330000,20260901,"84 84 85 86 87"
table2a_single_staggered,3,5,20,2.599271429,2.598599724,0.000201140,20000,1330000,20260901,"84 84 85 86 87"
table2a_single_staggered,3,5,21,2.598546617,2.598599724,0.000201140,20000,1330000,20260901,"84 84 85 86 87"
table2a_single_staggered,3,5,22,2.598009023,2.598599724,0.000201140,20000,1330000,20260901,"84 84 85 86 87"
table2a_single_staggered,3,5,23,2.598345113,2.598599724,0.000201140,20000,1330000,20260901,"84 84 85 86 87"
table2a_single_staggered,3,5,24,2.598175940,2.598599724,0.000201140,20000,1330000,20260901,"84 84 85 86 87"
table2a_single_staggered,3,5,25,2.598366165,2.598599724,0.000201140,20000,1330000,20260901,"84 84 85 86 87"
table2a_single_staggered,3,5,26,2.599205263,2.598599724,0.000201140,20000,1330000,20260901,"84 84 85 86 87"
table2a_single_staggered,3,5,27,2.599333083,2.598599724,0.000201140,20000,1330000,20260901,"84 84 85 86 87"
table2a_single_staggered,3,5,28,2.599120301,2.598599724,0.000201140,20000,1330000,20260901,"84 84 85 86 87"
table2a_single_staggered,3,5,29,2.599113534,2.598599724,0.000201140,20000,1330000,20260901,"84 84 85 86 87"
table2a_single_staggered,3,5,30,2.599216541,2.598599724,0.000201140,20000,1330000,20260901,"84 84 85 86 87"
table2a_single_staggered,3,6,1,2.727793233,2.728111429,0.000171686,20000,1330000,20260901,"84 84 85 86 87 88"
table2a_single_staggered,3,6,2,2.728036090,2.728111429,0.000171686,20000,1330000,20260901,"84 84 85 86 87 88"
table2a_single_staggered,3,6,3,2.727242857,2.728111429,0.000171686,20000,1330000,20260901,"84 84 85 86 87 88"
table2a_single_staggered,3,6,4,2.727396241,2.728111429,0.000171686,20000,1330000,20260901,"84 84 85 86 87 88"
table2a_single_staggered,3,6,5,2.728979699,2.728111429,0.000171686,20000,1330000,20260901,"84 84 85 86 87 88"
table2a_single_staggered,3,6,6,2.728304511,2.728111429,0.000171686,20000,1330000,20260901,"84 84 85 86 87 88"
table2a_single_staggered,3,6,7,2.727722556,2.728111429,0.000171686,20000,1330000,20260901,"84 84 85 86 87 88"
table2a_single_staggered,3,6,8,2.728960902,2.728111429,0.000171686,20000,1330000,20260901,"84 84 85 86 87 88"
table2a_single_staggered,3,6,9,2.728280451,2.728111429,0.000171686,20000,1330000,20260901,"84 84 85 86 87 88"
table2a_single_staggered,3,6,10,2.728613534,2.728111429,0.000171686,20000,1330000,20260901,"84 84 85 86 87 88"
table2a_single_staggered,3,6,11,2.728078195,2.728111429,0.000171686,20000,1330000,20260901,"84 84 85 86 87 88"
table2a_single_staggered,3,6,12,2.727975188,2.728111429,0.000171686,20000,1330000,20260901,"84 84 85 86 87 88"
table2a_single_staggered,3,6,13,2.727551880,2.728111429,0.000171686,20000,1330000,20260901,"84 84 85 86 87 88"
table2a_single_staggered,3,6,14,2.728184211,2.728111429,0.000171686,20000,1330000,20260901,"84 84 85 86 87 88"
table2a_single_staggered,3,6,15,2.727785714,2.728111429,0.000171686,20000,1330000,20260901,"84 84 85 86 87 88"
table2a_single_staggered,3,6,16,2.727469173,2.728111429,0.000171686,20000,1330000,20260901,"84 84 85 86 87 88"
table2a_single_staggered,3,6,17,2.728276692,2.728111429,0.000171686,20000,1330000,20260901,"84 84 85 86 87 88"
table2a_single_staggered,3,6,18,2.727532331,2.728111429,0.000171686,20000,1330000,20260901,"84 84 85 86 87 88"
table2a_single_staggered,3,6,19,2.728586466,2.728111429,0.000171686,20000,1330000,20260901,"84 84 85 86 87 88"
table2a_single_staggered,3,6,20,2.728703008,2.728111429,0.000171686,20000,1330000,20260901,"84 84 85 86 87 88"
table2a_single_staggered,3,6,21,2.727896992,2.728111429,0.000171686,20000,1330000,20260901,"84 84 85 86 87 88"
table2a_single_staggered,3,6,22,2.727754135,2.728111429,0.000171686,20000,1330000,20260901,"84 84 85 86 87 88"
table2a_single_staggered,3,6,23,2.728016541,2.728111429,0.000171686,20000,1330000,20260901,"84 84 85 86 87 88"
table2a_single_staggered,3,6,24,2.727885714,2.728111429,0.000171686,20000,1330000,20260901,"84 84 85 86 87 88"
table2a_single_staggered,3,6,25,2.727902256,2.728111429,0.000171686,20000,1330000,20260901,"84 84 85 86 87 88"
table2a_single_staggered,3,6,26,2.728394737,2.728111429,0.000171686,20000,1330000,20260901,"84 84 85 86 87 88"
table2a_single_staggered,3,6,27,2.728369925,2.728111429,0.000171686,20000,1330000,20260901,"84 84 85 86 87 88"
table2a_single_staggered,3,6,28,2.728507519,2.728111429,0.000171686,20000,1330000,20260901,"84 84 85 86 87 88"
table2a_single_staggered,3,6,29,2.728485714,2.728111429,0.000171686,20000,1330000,20260901,"84 84 85 86 87 88"
table2a_single_staggered,3,6,30,2.728656391,2.728111429,0.000171686,20000,1330000,20260901,"84 84 85 86 87 88"
table2a_single_staggered,3,7,1,2.815045865,2.815331579,0.000146447,20000,1330000,20260901,"84 84 85 86 87 88 89"
table2a_single_staggered,3,7,2,2.815508271,2.815331579,0.000146447,20000,1330000,20260901,"84 84 85 86 87 88 89"
table2a_single_staggered,3,7,3,2.814421053,2.815331579,0.000146447,20000,1330000,20260901,"84 84 85 86 87 88 89"
table2a_single_staggered,3,7,4,2.814738346,2.815331579,0.000146447,20000,1330000,20260901,"84 84 85 86 87 88 89"
table2a_single_staggered,3,7,5,2.815646617,2.815331579,0.000146447,20000,1330000,20260901,"84 84 85 86 87 88 89"
table2a_single_staggered,3,7,6,2.815260150,2.815331579,0.000146447,20000,1330000,20260901,"84 84 85 86 87 88 89"
table2a_single_staggered,3,7,7,2.814681203,2.815331579,0.000146447,20000,1330000,20260901,"84 84 85 86 87 88 89"
table2a_single_staggered,3,7,8,2.815890977,2.815331579,0.000146447,20000,1330000,20260901,"84 84 85 86 87 88 89"
table2a_single_staggered,3,7,9,2.815678195,2.815331579,0.000146447,20000,1330000,20260901,"84 84 85 86 87 88 89"
table2a_single_staggered,3,7,10,2.815776692,2.815331579,0.000146447,20000,1330000,20260901,"84 84 85 86 87 88 89"
table2a_single_staggered,3,7,11,2.815281203,2.815331579,0.000146447,20000,1330000,20260901,"84 84 85 86 87 88 89"
table2a_single_staggered,3,7,12,2.815302256,2.815331579,0.000146447,20000,1330000,20260901,"84 84 85 86 87 88 89"
table2a_single_staggered,3,7,13,2.814966917,2.815331579,0.000146447,20000,1330000,20260901,"84 84 85 86 87 88 89"
table2a_single_staggered,3,7,14,2.815563158,2.815331579,0.000146447,20000,1330000,20260901,"84 84 85 86 87 88 89"
table2a_single_staggered,3,7,15,2.815160902,2.815331579,0.000146447,20000,1330000,20260901,"84 84 85 86 87 88 89"
table2a_single_staggered,3,7,16,2.814684211,2.815331579,0.000146447,20000,1330000,20260901,"84 84 85 86 87 88 89"
table2a_single_staggered,3,7,17,2.815484962,2.815331579,0.000146447,20000,1330000,20260901,"84 84 85 86 87 88 89"
table2a_single_staggered,3,7,18,2.814949624,2.815331579,0.000146447,20000,1330000,20260901,"84 84 85 86 87 88 89"
table2a_single_staggered,3,7,19,2.815983459,2.815331579,0.000146447,20000,1330000,20260901,"84 84 85 86 87 88 89"
table2a_single_staggered,3,7,20,2.815669925,2.815331579,0.000146447,20000,1330000,20260901,"84 84 85 86 87 88 89"
table2a_single_staggered,3,7,21,2.815063158,2.815331579,0.000146447,20000,1330000,20260901,"84 84 85 86 87 88 89"
table2a_single_staggered,3,7,22,2.815306015,2.815331579,0.000146447,20000,1330000,20260901,"84 84 85 86 87 88 89"
table2a_single_staggered,3,7,23,2.815224060,2.815331579,0.000146447,20000,1330000,20260901,"84 84 85 86 87 88 89"
table2a_single_staggered,3,7,24,2.815144361,2.815331579,0.000146447,20000,1330000,20260901,"84 84 85 86 87 88 89"
table2a_single_staggered,3,7,25,2.815430827,2.815331579,0.000146447,20000,1330000,20260901,"84 84 85 86 87 88 89"
table2a_single_staggered,3,7,26,2.815359398,2.815331579,0.000146447,20000,1330000,20260901,"84 84 85 86 87 88 89"
table2a_single_staggered,3,7,27,2.815663158,2.815331579,0.000146447,20000,1330000,20260901,"84 84 85 86 87 88 89"
table2a_single_staggered,3,7,28,2.815663158,2.815331579,0.000146447,20000,1330000,20260901,"84 84 85 86 87 88 89"
table2a_single_staggered,3,7,29,2.815557143,2.815331579,0.000146447,20000,1330000,20260901,"84 84 85 86 87 88 89"
table2a_single_staggered,3,7,30,2.815842105,2.815331579,0.000146447,20000,1330000,20260901,"84 84 85 86 87 88 89"
table2a_single_staggered,3,8,1,2.874063910,2.874123358,0.000138124,20000,1330000,20260901,"84 84 85 86 87 88 89 90"
table2a_single_staggered,3,8,2,2.874532331,2.874123358,0.000138124,20000,1330000,20260901,"84 84 85 86 87 88 89 90"
table2a_single_staggered,3,8,3,2.873569925,2.874123358,0.000138124,20000,1330000,20260901,"84 84 85 86 87 88 89 90"
table2a_single_staggered,3,8,4,2.873568421,2.874123358,0.000138124,20000,1330000,20260901,"84 84 85 86 87 88 89 90"
table2a_single_staggered,3,8,5,2.874202256,2.874123358,0.000138124,20000,1330000,20260901,"84 84 85 86 87 88 89 90"
table2a_single_staggered,3,8,6,2.874003008,2.874123358,0.000138124,20000,1330000,20260901,"84 84 85 86 87 88 89 90"
table2a_single_staggered,3,8,7,2.873454135,2.874123358,0.000138124,20000,1330000,20260901,"84 84 85 86 87 88 89 90"
table2a_single_staggered,3,8,8,2.875113534,2.874123358,0.000138124,20000,1330000,20260901,"84 84 85 86 87 88 89 90"
table2a_single_staggered,3,8,9,2.874424812,2.874123358,0.000138124,20000,1330000,20260901,"84 84 85 86 87 88 89 90"
table2a_single_staggered,3,8,10,2.874782707,2.874123358,0.000138124,20000,1330000,20260901,"84 84 85 86 87 88 89 90"
table2a_single_staggered,3,8,11,2.873993233,2.874123358,0.000138124,20000,1330000,20260901,"84 84 85 86 87 88 89 90"
table2a_single_staggered,3,8,12,2.874239850,2.874123358,0.000138124,20000,1330000,20260901,"84 84 85 86 87 88 89 90"
table2a_single_staggered,3,8,13,2.873851880,2.874123358,0.000138124,20000,1330000,20260901,"84 84 85 86 87 88 89 90"
table2a_single_staggered,3,8,14,2.874218797,2.874123358,0.000138124,20000,1330000,20260901,"84 84 85 86 87 88 89 90"
table2a_single_staggered,3,8,15,2.874497744,2.874123358,0.000138124,20000,1330000,20260901,"84 84 85 86 87 88 89 90"
table2a_single_staggered,3,8,16,2.873609023,2.874123358,0.000138124,20000,1330000,20260901,"84 84 85 86 87 88 89 90"
table2a_single_staggered,3,8,17,2.874048120,2.874123358,0.000138124,20000,1330000,20260901,"84 84 85 86 87 88 89 90"
table2a_single_staggered,3,8,18,2.873838346,2.874123358,0.000138124,20000,1330000,20260901,"84 84 85 86 87 88 89 90"
table2a_single_staggered,3,8,19,2.874499248,2.874123358,0.000138124,20000,1330000,20260901,"84 84 85 86 87 88 89 90"
table2a_single_staggered,3,8,20,2.874460902,2.874123358,0.000138124,20000,1330000,20260901,"84 84 85 86 87 88 89 90"
table2a_single_staggered,3,8,21,2.873841353,2.874123358,0.000138124,20000,1330000,20260901,"84 84 85 86 87 88 89 90"
table2a_single_staggered,3,8,22,2.873987218,2.874123358,0.000138124,20000,1330000,20260901,"84 84 85 86 87 88 89 90"
table2a_single_staggered,3,8,23,2.874100000,2.874123358,0.000138124,20000,1330000,20260901,"84 84 85 86 87 88 89 90"
table2a_single_staggered,3,8,24,2.873802256,2.874123358,0.000138124,20000,1330000,20260901,"84 84 85 86 87 88 89 90"
table2a_single_staggered,3,8,25,2.874021053,2.874123358,0.000138124,20000,1330000,20260901,"84 84 85 86 87 88 89 90"
table2a_single_staggered,3,8,26,2.873980451,2.874123358,0.000138124,20000,1330000,20260901,"84 84 85 86 87 88 89 90"
table2a_single_staggered,3,8,27,2.874205263,2.874123358,0.000138124,20000,1330000,20260901,"84 84 85 86 87 88 89 90"
table2a_single_staggered,3,8,28,2.874190226,2.874123358,0.000138124,20000,1330000,20260901,"84 84 85 86 87 88 89 90"
table2a_single_staggered,3,8,29,2.874155639,2.874123358,0.000138124,20000,1330000,20260901,"84 84 85 86 87 88 89 90"
table2a_single_staggered,3,8,30,2.874445113,2.874123358,0.000138124,20000,1330000,20260901,"84 84 85 86 87 88 89 90"
table2a_single_staggered,3,9,1,2.913906767,2.913899398,0.000137240,20000,1330000,20260901,"84 84 85 86 87 88 89 90 91"
table2a_single_staggered,3,9,2,2.914094737,2.913899398,0.000137240,20000,1330000,20260901,"84 84 85 86 87 88 89 90 91"
table2a_single_staggered,3,9,3,2.913601504,2.913899398,0.000137240,20000,1330000,20260901,"84 84 85 86 87 88 89 90 91"
table2a_single_staggered,3,9,4,2.913628571,2.913899398,0.000137240,20000,1330000,20260901,"84 84 85 86 87 88 89 90 91"
table2a_single_staggered,3,9,5,2.914060150,2.913899398,0.000137240,20000,1330000,20260901,"84 84 85 86 87 88 89 90 91"
table2a_single_staggered,3,9,6,2.913987218,2.913899398,0.000137240,20000,1330000,20260901,"84 84 85 86 87 88 89 90 91"
table2a_single_staggered,3,9,7,2.913137594,2.913899398,0.000137240,20000,1330000,20260901,"84 84 85 86 87 88 89 90 91"
table2a_single_staggered,3,9,8,2.914906767,2.913899398,0.000137240,20000,1330000,20260901,"84 84 85 86 87 88 89 90 91"
table2a_single_staggered,3,9,9,2.914306767,2.913899398,0.000137240,20000,1330000,20260901,"84 84 85 86 87 88 89 90 91"
table2a_single_staggered,3,9,10,2.914575940,2.913899398,0.000137240,20000,1330000,20260901,"84 84 85 86 87 88 89 90 91"
table2a_single_staggered,3,9,11,2.913834586,2.913899398,0.000137240,20000,1330000,20260901,"84 84 85 86 87 88 89 90 91"
table2a_single_staggered,3,9,12,2.914266165,2.913899398,0.000137240,20000,1330000,20260901,"84 84 85 86 87 88 89 90 91"
table2a_single_staggered,3,9,13,2.913803008,2.913899398,0.000137240,20000,1330000,20260901,"84 84 85 86 87 88 89 90 91"
table2a_single_staggered,3,9,14,2.913919549,2.913899398,0.000137240,20000,1330000,20260901,"84 84 85 86 87 88 89 90 91"
table2a_single_staggered,3,9,15,2.914156391,2.913899398,0.000137240,20000,1330000,20260901,"84 84 85 86 87 88 89 90 91"
table2a_single_staggered,3,9,16,2.913596992,2.913899398,0.000137240,20000,1330000,20260901,"84 84 85 86 87 88 89 90 91"
table2a_single_staggered,3,9,17,2.913787970,2.913899398,0.000137240,20000,1330000,20260901,"84 84 85 86 87 88 89 90 91"
table2a_single_staggered,3,9,18,2.913763910,2.913899398,0.000137240,20000,1330000,20260901,"84 84 85 86 87 88 89 90 91"
table2a_single_staggered,3,9,19,2.914321053,2.913899398,0.000137240,20000,1330000,20260901,"84 84 85 86 87 88 89 90 91"
table2a_single_staggered,3,9,20,2.914099248,2.913899398,0.000137240,20000,1330000,20260901,"84 84 85 86 87 88 89 90 91"
table2a_single_staggered,3,9,21,2.913391729,2.913899398,0.000137240,20000,1330000,20260901,"84 84 85 86 87 88 89 90 91"
table2a_single_staggered,3,9,22,2.913354135,2.913899398,0.000137240,20000,1330000,20260901,"84 84 85 86 87 88 89 90 91"
table2a_single_staggered,3,9,23,2.913671429,2.913899398,0.000137240,20000,1330000,20260901,"84 84 85 86 87 88 89 90 91"
table2a_single_staggered,3,9,24,2.913637594,2.913899398,0.000137240,20000,1330000,20260901,"84 84 85 86 87 88 89 90 91"
table2a_single_staggered,3,9,25,2.913614286,2.913899398,0.000137240,20000,1330000,20260901,"84 84 85 86 87 88 89 90 91"
table2a_single_staggered,3,9,26,2.913902256,2.913899398,0.000137240,20000,1330000,20260901,"84 84 85 86 87 88 89 90 91"
table2a_single_staggered,3,9,27,2.913589474,2.913899398,0.000137240,20000,1330000,20260901,"84 84 85 86 87 88 89 90 91"
table2a_single_staggered,3,9,28,2.914035338,2.913899398,0.000137240,20000,1330000,20260901,"84 84 85 86 87 88 89 90 91"
table2a_single_staggered,3,9,29,2.914093233,2.913899398,0.000137240,20000,1330000,20260901,"84 84 85 86 87 88 89 90 91"
table2a_single_staggered,3,9,30,2.913937594,2.913899398,0.000137240,20000,1330000,20260901,"84 84 85 86 87 88 89 90 91"
table2a_single_staggered,4,3,1,2.312686466,2.312656366,0.000233249,20000,1330000,20260901,"104 104 105"
table2a_single_staggered,4,3,2,2.312948120,2.312656366,0.000233249,20000,1330000,20260901,"104 104 105"
table2a_single_staggered,4,3,3,2.312056391,2.312656366,0.000233249,20000,1330000,20260901,"104 104 105"
table2a_single_staggered,4,3,4,2.312243609,2.312656366,0.000233249,20000,1330000,20260901,"104 104 105"
table2a_single_staggered,4,3,5,2.313329323,2.312656366,0.000233249,20000,1330000,20260901,"104 104 105"
table2a_single_staggered,4,3,6,2.313055639,2.312656366,0.000233249,20000,1330000,20260901,"104 104 105"
table2a_single_staggered,4,3,7,2.312378947,2.312656366,0.000233249,20000,1330000,20260901,"104 104 105"
table2a_single_staggered,4,3,8,2.311907519,2.312656366,0.000233249,20000,1330000,20260901,"104 104 105"
table2a_single_staggered,4,3,9,2.312266165,2.312656366,0.000233249,20000,1330000,20260901,"104 104 105"
table2a_single_staggered,4,3,10,2.312266165,2.312656366,0.000233249,20000,1330000,20260901,"104 104 105"
table2a_single_staggered,4,3,11,2.312671429,2.312656366,0.000233249,20000,1330000,20260901,"104 104 105"
table2a_single_staggered,4,3,12,2.311929323,2.312656366,0.000233249,20000,1330000,20260901,"104 104 105"
table2a_single_staggered,4,3,13,2.313288722,2.312656366,0.000233249,20000,1330000,20260901,"104 104 105"
table2a_single_staggered,4,3,14,2.313289474,2.312656366,0.000233249,20000,1330000,20260901,"104 104 105"
table2a_single_staggered,4,3,15,2.313433083,2.312656366,0.000233249,20000,1330000,20260901,"104 104 105"
table2a_single_staggered,4,3,16,2.312202256,2.312656366,0.000233249,20000,1330000,20260901,"104 104 105"
table2a_single_staggered,4,3,17,2.313215789,2.312656366,0.000233249,20000,1330000,20260901,"104 104 105"
table2a_single_staggered,4,3,18,2.312140602,2.312656366,0.000233249,20000,1330000,20260901,"104 104 105"
table2a_single_staggered,4,3,19,2.312522556,2.312656366,0.000233249,20000,1330000,20260901,"104 104 105"
table2a_single_staggered,4,3,20,2.313103759,2.312656366,0.000233249,20000,1330000,20260901,"104 104 105"
table2a_single_staggered,4,3,21,2.312701504,2.312656366,0.000233249,20000,1330000,20260901,"104 104 105"
table2a_single_staggered,4,3,22,2.313370677,2.312656366,0.000233249,20000,1330000,20260901,"104 104 105"
table2a_single_staggered,4,3,23,2.310707519,2.312656366,0.000233249,20000,1330000,20260901,"104 104 105"
table2a_single_staggered,4,3,24,2.313159398,2.312656366,0.000233249,20000,1330000,20260901,"104 104 105"
table2a_single_staggered,4,3,25,2.313107519,2.312656366,0.000233249,20000,1330000,20260901,"104 104 105"
table2a_single_staggered,4,3,26,2.312531579,2.312656366,0.000233249,20000,1330000,20260901,"104 104 105"
table2a_single_staggered,4,3,27,2.313300000,2.312656366,0.000233249,20000,1330000,20260901,"104 104 105"
table2a_single_staggered,4,3,28,2.312490977,2.312656366,0.000233249,20000,1330000,20260901,"104 104 105"
table2a_single_staggered,4,3,29,2.313393985,2.312656366,0.000233249,20000,1330000,20260901,"104 104 105"
table2a_single_staggered,4,3,30,2.311992481,2.312656366,0.000233249,20000,1330000,20260901,"104 104 105"
table2a_single_staggered,4,4,1,2.732304511,2.732680351,0.000254037,20000,1330000,20260901,"104 104 105 106"
table2a_single_staggered,4,4,2,2.733193985,2.732680351,0.000254037,20000,1330000,20260901,"104 104 105 106"
table2a_single_staggered,4,4,3,2.732748120,2.732680351,0.000254037,20000,1330000,20260901,"104 104 105 106"
table2a_single_staggered,4,4,4,2.732257895,2.732680351,0.000254037,20000,1330000,20260901,"104 104 105 106"
table2a_single_staggered,4,4,5,2.733468421,2.732680351,0.000254037,20000,1330000,20260901,"104 104 105 106"
table2a_single_staggered,4,4,6,2.733115789,2.732680351,0.000254037,20000,1330000,20260901,"104 104 105 106"
table2a_single_staggered,4,4,7,2.731819549,2.732680351,0.000254037,20000,1330000,20260901,"104 104 105 106"
table2a_single_staggered,4,4,8,2.732496241,2.732680351,0.000254037,20000,1330000,20260901,"104 104 105 106"
table2a_single_staggered,4,4,9,2.732430827,2.732680351,0.000254037,20000,1330000,20260901,"104 104 105 106"
table2a_single_staggered,4,4,10,2.732185714,2.732680351,0.000254037,20000,1330000,20260901,"104 104 105 106"
table2a_single_staggered,4,4,11,2.732425564,2.732680351,0.000254037,20000,1330000,20260901,"104 104 105 106"
table2a_single_staggered,4,4,12,2.731729323,2.732680351,0.000254037,20000,1330000,20260901,"104 104 105 106"
table2a_single_staggered,4,4,13,2.733295489,2.732680351,0.000254037,20000,1330000,20260901,"104 104 105 106"
table2a_single_staggered,4,4,14,2.733313534,2.732680351,0.000254037,20000,1330000,20260901,"104 104 105 106"
table2a_single_staggered,4,4,15,2.732787970,2.732680351,0.000254037,20000,1330000,20260901,"104 104 105 106"
table2a_single_staggered,4,4,16,2.732156391,2.732680351,0.000254037,20000,1330000,20260901,"104 104 105 106"
table2a_single_staggered,4,4,17,2.733242105,2.732680351,0.000254037,20000,1330000,20260901,"104 104 105 106"
table2a_single_staggered,4,4,18,2.732814286,2.732680351,0.000254037,20000,1330000,20260901,"104 104 105 106"
table2a_single_staggered,4,4,19,2.733374436,2.732680351,0.000254037,20000,1330000,20260901,"104 104 105 106"
table2a_single_staggered,4,4,20,2.733290226,2.732680351,0.000254037,20000,1330000,20260901,"104 104 105 106"
table2a_single_staggered,4,4,21,2.732517293,2.732680351,0.000254037,20000,1330000,20260901,"104 104 105 106"
table2a_single_staggered,4,4,22,2.733514286,2.732680351,0.000254037,20000,1330000,20260901,"104 104 105 106"
table2a_single_staggered,4,4,23,2.730751880,2.732680351,0.000254037,20000,1330000,20260901,"104 104 105 106"
table2a_single_staggered,4,4,24,2.732862406,2.732680351,0.000254037,20000,1330000,20260901,"104 104 105 106"
table2a_single_staggered,4,4,25,2.731490226,2.732680351,0.000254037,20000,1330000,20260901,"104 104 105 106"
table2a_single_staggered,4,4,26,2.732260902,2.732680351,0.000254037,20000,1330000,20260901,"104 104 105 106"
table2a_single_staggered,4,4,27,2.733358647,2.732680351,0.000254037,20000,1330000,20260901,"104 104 105 106"
table2a_single_staggered,4,4,28,2.733267669,2.732680351,0.000254037,20000,1330000,20260901,"104 104 105 106"
table2a_single_staggered,4,4,29,2.733552632,2.732680351,0.000254037,20000,1330000,20260901,"104 104 105 106"
table2a_single_staggered,4,4,30,2.732384211,2.732680351,0.000254037,20000,1330000,20260901,"104 104 105 106"
table2a_single_staggered,4,5,1,3.046001504,3.046699524,0.000241089,20000,1330000,20260901,"104 104 105 106 107"
table2a_single_staggered,4,5,2,3.047461654,3.046699524,0.000241089,20000,1330000,20260901,"104 104 105 106 107"
table2a_single_staggered,4,5,3,3.047027068,3.046699524,0.000241089,20000,1330000,20260901,"104 104 105 106 107"
table2a_single_staggered,4,5,4,3.045677444,3.046699524,0.000241089,20000,1330000,20260901,"104 104 105 106 107"
table2a_single_staggered,4,5,5,3.047610526,3.046699524,0.000241089,20000,1330000,20260901,"104 104 105 106 107"
table2a_single_staggered,4,5,6,3.046756391,3.046699524,0.000241089,20000,1330000,20260901,"104 104 105 106 107"
table2a_single_staggered,4,5,7,3.046583459,3.046699524,0.000241089,20000,1330000,20260901,"104 104 105 106 107"
table2a_single_staggered,4,5,8,3.046442105,3.046699524,0.000241089,20000,1330000,20260901,"104 104 105 106 107"
table2a_single_staggered,4,5,9,3.047200752,3.046699524,0.000241089,20000,1330000,20260901,"104 104 105 106 107"
table2a_single_staggered,4,5,10,3.046404511,3.046699524,0.000241089,20000,1330000,20260901,"104 104 105 106 107"
table2a_single_staggered,4,5,11,3.045848872,3.046699524,0.000241089,20000,1330000,20260901,"104 104 105 106 107"
table2a_single_staggered,4,5,12,3.045757895,3.046699524,0.000241089,20000,1330000,20260901,"104 104 105 106 107"
table2a_single_staggered,4,5,13,3.047318045,3.046699524,0.000241089,20000,1330000,20260901,"104 104 105 106 107"
table2a_single_staggered,4,5,14,3.046888722,3.046699524,0.000241089,20000,1330000,20260901,"104 104 105 106 107"
table2a_single_staggered,4,5,15,3.046353383,3.046699524,0.000241089,20000,1330000,20260901,"104 104 105 106 107"
table2a_single_staggered,4,5,16,3.045469173,3.046699524,0.000241089,20000,1330000,20260901,"104 104 105 106 107"
table2a_single_staggered,4,5,17,3.047405263,3.046699524,0.000241089,20000,1330000,20260901,"104 104 105 106 107"
table2a_single_staggered,4,5,18,3.046869173,3.046699524,0.000241089,20000,1330000,20260901,"104 104 105 106 107"
table2a_single_staggered,4,5,19,3.046779699,3.046699524,0.000241089,20000,1330000,20260901,"104 104 105 106 107"
table2a_single_staggered,4,5,20,3.047242105,3.046699524,0.000241089,20000,1330000,20260901,"104 104 105 106 107"
table2a_single_staggered,4,5,21,3.047122556,3.046699524,0.000241089,20000,1330000,20260901,"104 104 105 106 107"
table2a_single_staggered,4,5,22,3.047203759,3.046699524,0.000241089,20000,1330000,20260901,"104 104 105 106 107"
table2a_single_staggered,4,5,23,3.045315038,3.046699524,0.000241089,20000,1330000,20260901,"104 104 105 106 107"
table2a_single_staggered,4,5,24,3.046910526,3.046699524,0.000241089,20000,1330000,20260901,"104 104 105 106 107"
table2a_single_staggered,4,5,25,3.046260150,3.046699524,0.000241089,20000,1330000,20260901,"104 104 105 106 107"
table2a_single_staggered,4,5,26,3.046476692,3.046699524,0.000241089,20000,1330000,20260901,"104 104 105 106 107"
table2a_single_staggered,4,5,27,3.046700752,3.046699524,0.000241089,20000,1330000,20260901,"104 104 105 106 107"
table2a_single_staggered,4,5,28,3.047560902,3.046699524,0.000241089,20000,1330000,20260901,"104 104 105 106 107"
table2a_single_staggered,4,5,29,3.047561654,3.046699524,0.000241089,20000,1330000,20260901,"104 104 105 106 107"
table2a_single_staggered,4,5,30,3.046775940,3.046699524,0.000241089,20000,1330000,20260901,"104 104 105 106 107"
table2a_single_staggered,4,6,1,3.280277444,3.281219499,0.000235584,20000,1330000,20260901,"104 104 105 106 107 108"
table2a_single_staggered,4,6,2,3.281899248,3.281219499,0.000235584,20000,1330000,20260901,"104 104 105 106 107 108"
table2a_single_staggered,4,6,3,3.281954887,3.281219499,0.000235584,20000,1330000,20260901,"104 104 105 106 107 108"
table2a_single_staggered,4,6,4,3.280451880,3.281219499,0.000235584,20000,1330000,20260901,"104 104 105 106 107 108"
table2a_single_staggered,4,6,5,3.282109023,3.281219499,0.000235584,20000,1330000,20260901,"104 104 105 106 107 108"
table2a_single_staggered,4,6,6,3.281660902,3.281219499,0.000235584,20000,1330000,20260901,"104 104 105 106 107 108"
table2a_single_staggered,4,6,7,3.281210526,3.281219499,0.000235584,20000,1330000,20260901,"104 104 105 106 107 108"
table2a_single_staggered,4,6,8,3.280780451,3.281219499,0.000235584,20000,1330000,20260901,"104 104 105 106 107 108"
table2a_single_staggered,4,6,9,3.281313534,3.281219499,0.000235584,20000,1330000,20260901,"104 104 105 106 107 108"
table2a_single_staggered,4,6,10,3.281023308,3.281219499,0.000235584,20000,1330000,20260901,"104 104 105 106 107 108"
table2a_single_staggered,4,6,11,3.280862406,3.281219499,0.000235584,20000,1330000,20260901,"104 104 105 106 107 108"
table2a_single_staggered,4,6,12,3.279743609,3.281219499,0.000235584,20000,1330000,20260901,"104 104 105 106 107 108"
table2a_single_staggered,4,6,13,3.281725564,3.281219499,0.000235584,20000,1330000,20260901,"104 104 105 106 107 108"
table2a_single_staggered,4,6,14,3.280854887,3.281219499,0.000235584,20000,1330000,20260901,"104 104 105 106 107 108"
table2a_single_staggered,4,6,15,3.281844361,3.281219499,0.000235584,20000,1330000,20260901,"104 104 105 106 107 108"
table2a_single_staggered,4,6,16,3.280142105,3.281219499,0.000235584,20000,1330000,20260901,"104 104 105 106 107 108"
table2a_single_staggered,4,6,17,3.281590226,3.281219499,0.000235584,20000,1330000,20260901,"104 104 105 106 107 108"
table2a_single_staggered,4,6,18,3.281463158,3.281219499,0.000235584,20000,1330000,20260901,"104 104 105 106 107 108"
table2a_single_staggered,4,6,19,3.281979699,3.281219499,0.000235584,20000,1330000,20260901,"104 104 105 106 107 108"
table2a_single_staggered,4,6,20,3.281622556,3.281219499,0.000235584,20000,1330000,20260901,"104 104 105 106 107 108"
table2a_single_staggered,4,6,21,3.281299248,3.281219499,0.000235584,20000,1330000,20260901,"104 104 105 106 107 108"
table2a_single_staggered,4,6,22,3.281229323,3.281219499,0.000235584,20000,1330000,20260901,"104 104 105 106 107 108"
table2a_single_staggered,4,6,23,3.280139850,3.281219499,0.000235584,20000,1330000,20260901,"104 104 105 106 107 108"
table2a_single_staggered,4,6,24,3.281348120,3.281219499,0.000235584,20000,1330000,20260901,"104 104 105 106 107 108"
table2a_single_staggered,4,6,25,3.281050376,3.281219499,0.000235584,20000,1330000,20260901,"104 104 105 106 107 108"
table2a_single_staggered,4,6,26,3.281160902,3.281219499,0.000235584,20000,1330000,20260901,"104 104 105 106 107 108"
table2a_single_staggered,4,6,27,3.280676692,3.281219499,0.000235584,20000,1330000,20260901,"104 104 105 106 107 108"
table2a_single_staggered,4,6,28,3.281833083,3.281219499,0.000235584,20000,1330000,20260901,"104 104 105 106 107 108"
table2a_single_staggered,4,6,29,3.282092481,3.281219499,0.000235584,20000,1330000,20260901,"104 104 105 106 107 108"
table2a_single_staggered,4,6,30,3.281245113,3.281219499,0.000235584,20000,1330000,20260901,"104 104 105 106 107 108"
table2a_single_staggered,4,7,1,3.456703008,3.457398471,0.000239529,20000,1330000,20260901,"104 104 105 106 107 108 109"
table2a_single_staggered,4,7,2,3.458281203,3.457398471,0.000239529,20000,1330000,20260901,"104 104 105 106 107 108 109"
table2a_single_staggered,4,7,3,3.458087218,3.457398471,0.000239529,20000,1330000,20260901,"104 104 105 106 107 108 109"
table2a_single_staggered,4,7,4,3.456742857,3.457398471,0.000239529,20000,1330000,20260901,"104 104 105 106 107 108 109"
table2a_single_staggered,4,7,5,3.458223308,3.457398471,0.000239529,20000,1330000,20260901,"104 104 105 106 107 108 109"
table2a_single_staggered,4,7,6,3.457544361,3.457398471,0.000239529,20000,1330000,20260901,"104 104 105 106 107 108 109"
table2a_single_staggered,4,7,7,3.457362406,3.457398471,0.000239529,20000,1330000,20260901,"104 104 105 106 107 108 109"
table2a_single_staggered,4,7,8,3.457268421,3.457398471,0.000239529,20000,1330000,20260901,"104 104 105 106 107 108 109"
table2a_single_staggered,4,7,9,3.457548872,3.457398471,0.000239529,20000,1330000,20260901,"104 104 105 106 107 108 109"
table2a_single_staggered,4,7,10,3.456572180,3.457398471,0.000239529,20000,1330000,20260901,"104 104 105 106 107 108 109"
table2a_single_staggered,4,7,11,3.457102256,3.457398471,0.000239529,20000,1330000,20260901,"104 104 105 106 107 108 109"
table2a_single_staggered,4,7,12,3.456124060,3.457398471,0.000239529,20000,1330000,20260901,"104 104 105 106 107 108 109"
table2a_single_staggered,4,7,13,3.457603008,3.457398471,0.000239529,20000,1330000,20260901,"104 104 105 106 107 108 109"
table2a_single_staggered,4,7,14,3.457300000,3.457398471,0.000239529,20000,1330000,20260901,"104 104 105 106 107 108 109"
table2a_single_staggered,4,7,15,3.458087218,3.457398471,0.000239529,20000,1330000,20260901,"104 104 105 106 107 108 109"
table2a_single_staggered,4,7,16,3.457211278,3.457398471,0.000239529,20000,1330000,20260901,"104 104 105 106 107 108 109"
table2a_single_staggered,4,7,17,3.457401504,3.457398471,0.000239529,20000,1330000,20260901,"104 104 105 106 107 108 109"
table2a_single_staggered,4,7,18,3.457344361,3.457398471,0.000239529,20000,1330000,20260901,"104 104 105 106 107 108 109"
table2a_single_staggered,4,7,19,3.458453383,3.457398471,0.000239529,20000,1330000,20260901,"104 104 105 106 107 108 109"
table2a_single_staggered,4,7,20,3.457558647,3.457398471,0.000239529,20000,1330000,20260901,"104 104 105 106 107 108 109"
table2a_single_staggered,4,7,21,3.457462406,3.457398471,0.000239529,20000,1330000,20260901,"104 104 105 106 107 108 109"
table2a_single_staggered,4,7,22,3.457615789,3.457398471,0.000239529,20000,1330000,20260901,"104 104 105 106 107 108 109"
table2a_single_staggered,4,7,23,3.455716541,3.457398471,0.000239529,20000,1330000,20260901,"104 104 105 106 107 108 109"
table2a_single_staggered,4,7,24,3.456929323,3.457398471,0.000239529,20000,1330000,20260901,"104 104 105 106 107 108 109"
table2a_single_staggered,4,7,25,3.456869925,3.457398471,0.000239529,20000,1330000,20260901,"104 104 105 106 107 108 109"
table2a_single_staggered,4,7,26,3.457652632,3.457398471,0.000239529,20000,1330000,20260901,"104 104 105 106 107 108 109"
table2a_single_staggered,4,7,27,3.457133835,3.457398471,0.000239529,20000,1330000,20260901,"104 104 105 106 107 108 109"
table2a_single_staggered,4,7,28,3.458190226,3.457398471,0.000239529,20000,1330000,20260901,"104 104 105 106 107 108 109"
table2a_single_staggered,4,7,29,3.458260902,3.457398471,0.000239529,20000,1330000,20260901,"104 104 105 106 107 108 109"
table2a_single_staggered,4,7,30,3.457603008,3.457398471,0.000239529,20000,1330000,20260901,"104 104 105 106 107 108 109"
table2a_single_staggered,4,8,1,3.589321053,3.589678471,0.000218681,20000,1330000,20260901,"104 104 105 106 107 108 109 110"
table2a_single_staggered,4,8,2,3.590943609,3.589678471,0.000218681,20000,1330000,20260901,"104 104 105 106 107 108 109 110"
table2a_single_staggered,4,8,3,3.589803759,3.589678471,0.000218681,20000,1330000,20260901,"104 104 105 106 107 108 109 110"
table2a_single_staggered,4,8,4,3.588991729,3.589678471,0.000218681,20000,1330000,20260901,"104 104 105 106 107 108 109 110"
table2a_single_staggered,4,8,5,3.590185714,3.589678471,0.000218681,20000,1330000,20260901,"104 104 105 106 107 108 109 110"
table2a_single_staggered,4,8,6,3.590408271,3.589678471,0.000218681,20000,1330000,20260901,"104 104 105 106 107 108 109 110"
table2a_single_staggered,4,8,7,3.589923308,3.589678471,0.000218681,20000,1330000,20260901,"104 104 105 106 107 108 109 110"
table2a_single_staggered,4,8,8,3.589602256,3.589678471,0.000218681,20000,1330000,20260901,"104 104 105 106 107 108 109 110"
table2a_single_staggered,4,8,9,3.590149624,3.589678471,0.000218681,20000,1330000,20260901,"104 104 105 106 107 108 109 110"
table2a_single_staggered,4,8,10,3.589073684,3.589678471,0.000218681,20000,1330000,20260901,"104 104 105 106 107 108 109 110"
table2a_single_staggered,4,8,11,3.589075940,3.589678471,0.000218681,20000,1330000,20260901,"104 104 105 106 107 108 109 110"
table2a_single_staggered,4,8,12,3.588418045,3.589678471,0.000218681,20000,1330000,20260901,"104 104 105 106 107 108 109 110"
table2a_single_staggered,4,8,13,3.589389474,3.589678471,0.000218681,20000,1330000,20260901,"104 104 105 106 107 108 109 110"
table2a_single_staggered,4,8,14,3.589830075,3.589678471,0.000218681,20000,1330000,20260901,"104 104 105 106 107 108 109 110"
table2a_single_staggered,4,8,15,3.590115038,3.589678471,0.000218681,20000,1330000,20260901,"104 104 105 106 107 108 109 110"
table2a_single_staggered,4,8,16,3.589421805,3.589678471,0.000218681,20000,1330000,20260901,"104 104 105 106 107 108 109 110"
table2a_single_staggered,4,8,17,3.589840602,3.589678471,0.000218681,20000,1330000,20260901,"104 104 105 106 107 108 109 110"
table2a_single_staggered,4,8,18,3.589117293,3.589678471,0.000218681,20000,1330000,20260901,"104 104 105 106 107 108 109 110"
table2a_single_staggered,4,8,19,3.590454887,3.589678471,0.000218681,20000,1330000,20260901,"104 104 105 106 107 108 109 110"
table2a_single_staggered,4,8,20,3.589216541,3.589678471,0.000218681,20000,1330000,20260901,"104 104 105 106 107 108 109 110"
table2a_single_staggered,4,8,21,3.589919549,3.589678471,0.000218681,20000,1330000,20260901,"104 104 105 106 107 108 109 110"
table2a_single_staggered,4,8,22,3.589556391,3.589678471,0.000218681,20000,1330000,20260901,"104 104 105 106 107 108 109 110"
table2a_single_staggered,4,8,23,3.588769925,3.589678471,0.000218681,20000,1330000,20260901,"104 104 105 106 107 108 109 110"
table2a_single_staggered,4,8,24,3.589282707,3.589678471,0.000218681,20000,1330000,20260901,"104 104 105 106 107 108 109 110"
table2a_single_staggered,4,8,25,3.589419549,3.589678471,0.000218681,20000,1330000,20260901,"104 104 105 106 107 108 109 110"
table2a_single_staggered,4,8,26,3.590129323,3.589678471,0.000218681,20000,1330000,20260901,"104 104 105 106 107 108 109 110"
table2a_single_staggered,4,8,27,3.589164662,3.589678471,0.000218681,20000,1330000,20260901,"104 104 105 106 107 108 109 110"
table2a_single_staggered,4,8,28,3.590595489,3.589678471,0.000218681,20000,1330000,20260901,"104 104 105 106 107 108 109 110"
table2a_single_staggered,4,8,29,3.590133835,3.589678471,0.000218681,20000,1330000,20260901,"104 104 105 106 107 108 109 110"
table2a_single_staggered,4,8,30,3.590100000,3.589678471,0.000218681,20000,1330000,20260901,"104 104 105 106 107 108 109 110"
table2a_single_staggered,4,9,1,3.688992481,3.689398822,0.000173088,20000,1330000,20260901,"104 104 105 106 107 108 109 110 111"
table2a_single_staggered,4,9,2,3.690696992,3.689398822,0.000173088,20000,1330000,20260901,"104 104 105 106 107 108 109 110 111"
table2a_single_staggered,4,9,3,3.689534586,3.689398822,0.000173088,20000,1330000,20260901,"104 104 105 106 107 108 109 110 111"
table2a_single_staggered,4,9,4,3.688512030,3.689398822,0.000173088,20000,1330000,20260901,"104 104 105 106 107 108 109 110 111"
table2a_single_staggered,4,9,5,3.689569173,3.689398822,0.000173088,20000,1330000,20260901,"104 104 105 106 107 108 109 110 111"
table2a_single_staggered,4,9,6,3.689795489,3.689398822,0.000173088,20000,1330000,20260901,"104 104 105 106 107 108 109 110 111"
table2a_single_staggered,4,9,7,3.689600000,3.689398822,0.000173088,20000,1330000,20260901,"104 104 105 106 107 108 109 110 111"
table2a_single_staggered,4,9,8,3.689312782,3.689398822,0.000173088,20000,1330000,20260901,"104 104 105 106 107 108 109 110 111"
table2a_single_staggered,4,9,9,3.689902256,3.689398822,0.000173088,20000,1330000,20260901,"104 104 105 106 107 108 109 110 111"
table2a_single_staggered,4,9,10,3.689168421,3.689398822,0.000173088,20000,1330000,20260901,"104 104 105 106 107 108 109 110 111"
table2a_single_staggered,4,9,11,3.688860902,3.689398822,0.000173088,20000,1330000,20260901,"104 104 105 106 107 108 109 110 111"
table2a_single_staggered,4,9,12,3.688979699,3.689398822,0.000173088,20000,1330000,20260901,"104 104 105 106 107 108 109 110 111"
table2a_single_staggered,4,9,13,3.688825564,3.689398822,0.000173088,20000,1330000,20260901,"104 104 105 106 107 108 109 110 111"
table2a_single_staggered,4,9,14,3.689370677,3.689398822,0.000173088,20000,1330000,20260901,"104 104 105 106 107 108 109 110 111"
table2a_single_staggered,4,9,15,3.689751880,3.689398822,0.000173088,20000,1330000,20260901,"104 104 105 106 107 108 109 110 111"
table2a_single_staggered,4,9,16,3.689352632,3.689398822,0.000173088,20000,1330000,20260901,"104 104 105 106 107 108 109 110 111"
table2a_single_staggered,4,9,17,3.689785714,3.689398822,0.000173088,20000,1330000,20260901,"104 104 105 106 107 108 109 110 111"
table2a_single_staggered,4,9,18,3.688895489,3.689398822,0.000173088,20000,1330000,20260901,"104 104 105 106 107 108 109 110 111"
table2a_single_staggered,4,9,19,3.689961654,3.689398822,0.000173088,20000,1330000,20260901,"104 104 105 106 107 108 109 110 111"
table2a_single_staggered,4,9,20,3.688817293,3.689398822,0.000173088,20000,1330000,20260901,"104 104 105 106 107 108 109 110 111"
table2a_single_staggered,4,9,21,3.689784962,3.689398822,0.000173088,20000,1330000,20260901,"104 104 105 106 107 108 109 110 111"
table2a_single_staggered,4,9,22,3.689249624,3.689398822,0.000173088,20000,1330000,20260901,"104 104 105 106 107 108 109 110 111"
table2a_single_staggered,4,9,23,3.689000000,3.689398822,0.000173088,20000,1330000,20260901,"104 104 105 106 107 108 109 110 111"
table2a_single_staggered,4,9,24,3.689180451,3.689398822,0.000173088,20000,1330000,20260901,"104 104 105 106 107 108 109 110 111"
table2a_single_staggered,4,9,25,3.689160902,3.689398822,0.000173088,20000,1330000,20260901,"104 104 105 106 107 108 109 110 111"
table2a_single_staggered,4,9,26,3.689749624,3.689398822,0.000173088,20000,1330000,20260901,"104 104 105 106 107 108 109 110 111"
table2a_single_staggered,4,9,27,3.689182707,3.689398822,0.000173088,20000,1330000,20260901,"104 104 105 106 107 108 109 110 111"
table2a_single_staggered,4,9,28,3.690012030,3.689398822,0.000173088,20000,1330000,20260901,"104 104 105 106 107 108 109 110 111"
table2a_single_staggered,4,9,29,3.689656391,3.689398822,0.000173088,20000,1330000,20260901,"104 104 105 106 107 108 109 110 111"
table2a_single_staggered,4,9,30,3.689302256,3.689398822,0.000173088,20000,1330000,20260901,"104 104 105 106 107 108 109 110 111"
table2a_single_staggered,5,3,1,2.439838346,2.440005388,0.000149579,20000,1330000,20260901,"124 124 125"
table2a_single_staggered,5,3,2,2.440506015,2.440005388,0.000149579,20000,1330000,20260901,"124 124 125"
table2a_single_staggered,5,3,3,2.439656391,2.440005388,0.000149579,20000,1330000,20260901,"124 124 125"
table2a_single_staggered,5,3,4,2.440295489,2.440005388,0.000149579,20000,1330000,20260901,"124 124 125"
table2a_single_staggered,5,3,5,2.439787970,2.440005388,0.000149579,20000,1330000,20260901,"124 124 125"
table2a_single_staggered,5,3,6,2.440159398,2.440005388,0.000149579,20000,1330000,20260901,"124 124 125"
table2a_single_staggered,5,3,7,2.440066917,2.440005388,0.000149579,20000,1330000,20260901,"124 124 125"
table2a_single_staggered,5,3,8,2.441048120,2.440005388,0.000149579,20000,1330000,20260901,"124 124 125"
table2a_single_staggered,5,3,9,2.440471429,2.440005388,0.000149579,20000,1330000,20260901,"124 124 125"
table2a_single_staggered,5,3,10,2.439990226,2.440005388,0.000149579,20000,1330000,20260901,"124 124 125"
table2a_single_staggered,5,3,11,2.440382707,2.440005388,0.000149579,20000,1330000,20260901,"124 124 125"
table2a_single_staggered,5,3,12,2.440292481,2.440005388,0.000149579,20000,1330000,20260901,"124 124 125"
table2a_single_staggered,5,3,13,2.439619549,2.440005388,0.000149579,20000,1330000,20260901,"124 124 125"
table2a_single_staggered,5,3,14,2.439917293,2.440005388,0.000149579,20000,1330000,20260901,"124 124 125"
table2a_single_staggered,5,3,15,2.439857895,2.440005388,0.000149579,20000,1330000,20260901,"124 124 125"
table2a_single_staggered,5,3,16,2.439631579,2.440005388,0.000149579,20000,1330000,20260901,"124 124 125"
table2a_single_staggered,5,3,17,2.439906767,2.440005388,0.000149579,20000,1330000,20260901,"124 124 125"
table2a_single_staggered,5,3,18,2.440078947,2.440005388,0.000149579,20000,1330000,20260901,"124 124 125"
table2a_single_staggered,5,3,19,2.438894737,2.440005388,0.000149579,20000,1330000,20260901,"124 124 125"
table2a_single_staggered,5,3,20,2.440133835,2.440005388,0.000149579,20000,1330000,20260901,"124 124 125"
table2a_single_staggered,5,3,21,2.439966165,2.440005388,0.000149579,20000,1330000,20260901,"124 124 125"
table2a_single_staggered,5,3,22,2.440393985,2.440005388,0.000149579,20000,1330000,20260901,"124 124 125"
table2a_single_staggered,5,3,23,2.440089474,2.440005388,0.000149579,20000,1330000,20260901,"124 124 125"
table2a_single_staggered,5,3,24,2.440242105,2.440005388,0.000149579,20000,1330000,20260901,"124 124 125"
table2a_single_staggered,5,3,25,2.439584962,2.440005388,0.000149579,20000,1330000,20260901,"124 124 125"
table2a_single_staggered,5,3,26,2.440048120,2.440005388,0.000149579,20000,1330000,20260901,"124 124 125"
table2a_single_staggered,5,3,27,2.440383459,2.440005388,0.000149579,20000,1330000,20260901,"124 124 125"
table2a_single_staggered,5,3,28,2.439806015,2.440005388,0.000149579,20000,1330000,20260901,"124 124 125"
table2a_single_staggered,5,3,29,2.439559398,2.440005388,0.000149579,20000,1330000,20260901,"124 124 125"
table2a_single_staggered,5,3,30,2.439551880,2.440005388,0.000149579,20000,1330000,20260901,"124 124 125"
table2a_single_staggered,5,4,1,2.951101504,2.951101930,0.000207404,20000,1330000,20260901,"124 124 125 126"
table2a_single_staggered,5,4,2,2.951677444,2.951101930,0.000207404,20000,1330000,20260901,"124 124 125 126"
table2a_single_staggered,5,4,3,2.950948872,2.951101930,0.000207404,20000,1330000,20260901,"124 124 125 126"
table2a_single_staggered,5,4,4,2.951039850,2.951101930,0.000207404,20000,1330000,20260901,"124 124 125 126"
table2a_single_staggered,5,4,5,2.950675188,2.951101930,0.000207404,20000,1330000,20260901,"124 124 125 126"
table2a_single_staggered,5,4,6,2.951066917,2.951101930,0.000207404,20000,1330000,20260901,"124 124 125 126"
table2a_single_staggered,5,4,7,2.951414286,2.951101930,0.000207404,20000,1330000,20260901,"124 124 125 126"
table2a_single_staggered,5,4,8,2.952347368,2.951101930,0.000207404,20000,1330000,20260901,"124 124 125 126"
table2a_single_staggered,5,4,9,2.952076692,2.951101930,0.000207404,20000,1330000,20260901,"124 124 125 126"
table2a_single_staggered,5,4,10,2.950885714,2.951101930,0.000207404,20000,1330000,20260901,"124 124 125 126"
table2a_single_staggered,5,4,11,2.951729323,2.951101930,0.000207404,20000,1330000,20260901,"124 124 125 126"
table2a_single_staggered,5,4,12,2.951228571,2.951101930,0.000207404,20000,1330000,20260901,"124 124 125 126"
table2a_single_staggered,5,4,13,2.951233835,2.951101930,0.000207404,20000,1330000,20260901,"124 124 125 126"
table2a_single_staggered,5,4,14,2.951090977,2.951101930,0.000207404,20000,1330000,20260901,"124 124 125 126"
table2a_single_staggered,5,4,15,2.950648872,2.951101930,0.000207404,20000,1330000,20260901,"124 124 125 126"
table2a_single_staggered,5,4,16,2.950947368,2.951101930,0.000207404,20000,1330000,20260901,"124 124 125 126"
table2a_single_staggered,5,4,17,2.950896241,2.951101930,0.000207404,20000,1330000,20260901,"124 124 125 126"
table2a_single_staggered,5,4,18,2.951101504,2.951101930,0.000207404,20000,1330000,20260901,"124 124 125 126"
table2a_single_staggered,5,4,19,2.950023308,2.951101930,0.000207404,20000,1330000,20260901,"124 124 125 126"
table2a_single_staggered,5,4,20,2.951515789,2.951101930,0.000207404,20000,1330000,20260901,"124 124 125 126"
table2a_single_staggered,5,4,21,2.951145113,2.951101930,0.000207404,20000,1330000,20260901,"124 124 125 126"
table2a_single_staggered,5,4,22,2.951869925,2.951101930,0.000207404,20000,1330000,20260901,"124 124 125 126"
table2a_single_staggered,5,4,23,2.951190977,2.951101930,0.000207404,20000,1330000,20260901,"124 124 125 126"
table2a_single_staggered,5,4,24,2.951240602,2.951101930,0.000207404,20000,1330000,20260901,"124 124 125 126"
table2a_single_staggered,5,4,25,2.949683459,2.951101930,0.000207404,20000,1330000,20260901,"124 124 125 126"
table2a_single_staggered,5,4,26,2.951079699,2.951101930,0.000207404,20000,1330000,20260901,"124 124 125 126"
table2a_single_staggered,5,4,27,2.950509023,2.951101930,0.000207404,20000,1330000,20260901,"124 124 125 126"
table2a_single_staggered,5,4,28,2.951438346,2.951101930,0.000207404,20000,1330000,20260901,"124 124 125 126"
table2a_single_staggered,5,4,29,2.950922556,2.951101930,0.000207404,20000,1330000,20260901,"124 124 125 126"
table2a_single_staggered,5,4,30,2.950328571,2.951101930,0.000207404,20000,1330000,20260901,"124 124 125 126"
table2a_single_staggered,5,5,1,3.358656391,3.359053484,0.000208240,20000,1330000,20260901,"124 124 125 126 127"
table2a_single_staggered,5,5,2,3.359306015,3.359053484,0.000208240,20000,1330000,20260901,"124 124 125 126 127"
table2a_single_staggered,5,5,3,3.358383459,3.359053484,0.000208240,20000,1330000,20260901,"124 124 125 126 127"
table2a_single_staggered,5,5,4,3.358129323,3.359053484,0.000208240,20000,1330000,20260901,"124 124 125 126 127"
table2a_single_staggered,5,5,5,3.359068421,3.359053484,0.000208240,20000,1330000,20260901,"124 124 125 126 127"
table2a_single_staggered,5,5,6,3.358851880,3.359053484,0.000208240,20000,1330000,20260901,"124 124 125 126 127"
table2a_single_staggered,5,5,7,3.359520301,3.359053484,0.000208240,20000,1330000,20260901,"124 124 125 126 127"
table2a_single_staggered,5,5,8,3.360445865,3.359053484,0.000208240,20000,1330000,20260901,"124 124 125 126 127"
table2a_single_staggered,5,5,9,3.359371429,3.359053484,0.000208240,20000,1330000,20260901,"124 124 125 126 127"
table2a_single_staggered,5,5,10,3.358735338,3.359053484,0.000208240,20000,1330000,20260901,"124 124 125 126 127"
table2a_single_staggered,5,5,11,3.359098496,3.359053484,0.000208240,20000,1330000,20260901,"124 124 125 126 127"
table2a_single_staggered,5,5,12,3.360073684,3.359053484,0.000208240,20000,1330000,20260901,"124 124 125 126 127"
table2a_single_staggered,5,5,13,3.358580451,3.359053484,0.000208240,20000,1330000,20260901,"124 124 125 126 127"
table2a_single_staggered,5,5,14,3.359340602,3.359053484,0.000208240,20000,1330000,20260901,"124 124 125 126 127"
table2a_single_staggered,5,5,15,3.359048872,3.359053484,0.000208240,20000,1330000,20260901,"124 124 125 126 127"
table2a_single_staggered,5,5,16,3.358925564,3.359053484,0.000208240,20000,1330000,20260901,"124 124 125 126 127"
table2a_single_staggered,5,5,17,3.359527820,3.359053484,0.000208240,20000,1330000,20260901,"124 124 125 126 127"
table2a_single_staggered,5,5,18,3.359268421,3.359053484,0.000208240,20000,1330000,20260901,"124 124 125 126 127"
table2a_single_staggered,5,5,19,3.358184962,3.359053484,0.000208240,20000,1330000,20260901,"124 124 125 126 127"
table2a_single_staggered,5,5,20,3.359584211,3.359053484,0.000208240,20000,1330000,20260901,"124 124 125 126 127"
table2a_single_staggered,5,5,21,3.359471429,3.359053484,0.000208240,20000,1330000,20260901,"124 124 125 126 127"
table2a_single_staggered,5,5,22,3.359236842,3.359053484,0.000208240,20000,1330000,20260901,"124 124 125 126 127"
table2a_single_staggered,5,5,23,3.359659398,3.359053484,0.000208240,20000,1330000,20260901,"124 124 125 126 127"
table2a_single_staggered,5,5,24,3.359006767,3.359053484,0.000208240,20000,1330000,20260901,"124 124 125 126 127"
table2a_single_staggered,5,5,25,3.358508271,3.359053484,0.000208240,20000,1330000,20260901,"124 124 125 126 127"
table2a_single_staggered,5,5,26,3.358730075,3.359053484,0.000208240,20000,1330000,20260901,"124 124 125 126 127"
table2a_single_staggered,5,5,27,3.358503759,3.359053484,0.000208240,20000,1330000,20260901,"124 124 125 126 127"
table2a_single_staggered,5,5,28,3.359212030,3.359053484,0.000208240,20000,1330000,20260901,"124 124 125 126 127"
table2a_single_staggered,5,5,29,3.359170677,3.359053484,0.000208240,20000,1330000,20260901,"124 124 125 126 127"
table2a_single_staggered,5,5,30,3.358003759,3.359053484,0.000208240,20000,1330000,20260901,"124 124 125 126 127"
table2a_single_staggered,5,6,1,3.684452632,3.684474762,0.000244944,20000,1330000,20260901,"124 124 125 126 127 128"
table2a_single_staggered,5,6,2,3.684600752,3.684474762,0.000244944,20000,1330000,20260901,"124 124 125 126 127 128"
table2a_single_staggered,5,6,3,3.683733835,3.684474762,0.000244944,20000,1330000,20260901,"124 124 125 126 127 128"
table2a_single_staggered,5,6,4,3.683619549,3.684474762,0.000244944,20000,1330000,20260901,"124 124 125 126 127 128"
table2a_single_staggered,5,6,5,3.684488722,3.684474762,0.000244944,20000,1330000,20260901,"124 124 125 126 127 128"
table2a_single_staggered,5,6,6,3.683327068,3.684474762,0.000244944,20000,1330000,20260901,"124 124 125 126 127 128"
table2a_single_staggered,5,6,7,3.684385714,3.684474762,0.000244944,20000,1330000,20260901,"124 124 125 126 127 128"
table2a_single_staggered,5,6,8,3.685624060,3.684474762,0.000244944,20000,1330000,20260901,"124 124 125 126 127 128"
table2a_single_staggered,5,6,9,3.684700000,3.684474762,0.000244944,20000,1330000,20260901,"124 124 125 126 127 128"
table2a_single_staggered,5,6,10,3.684590226,3.684474762,0.000244944,20000,1330000,20260901,"124 124 125 126 127 128"
table2a_single_staggered,5,6,11,3.684452632,3.684474762,0.000244944,20000,1330000,20260901,"124 124 125 126 127 128"
table2a_single_staggered,5,6,12,3.685500752,3.684474762,0.000244944,20000,1330000,20260901,"124 124 125 126 127 128"
table2a_single_staggered,5,6,13,3.684521805,3.684474762,0.000244944,20000,1330000,20260901,"124 124 125 126 127 128"
table2a_single_staggered,5,6,14,3.685675940,3.684474762,0.000244944,20000,1330000,20260901,"124 124 125 126 127 128"
table2a_single_staggered,5,6,15,3.684373684,3.684474762,0.000244944,20000,1330000,20260901,"124 124 125 126 127 128"
table2a_single_staggered,5,6,16,3.684047368,3.684474762,0.000244944,20000,1330000,20260901,"124 124 125 126 127 128"
table2a_single_staggered,5,6,17,3.684760150,3.684474762,0.000244944,20000,1330000,20260901,"124 124 125 126 127 128"
table2a_single_staggered,5,6,18,3.685706767,3.684474762,0.000244944,20000,1330000,20260901,"124 124 125 126 127 128"
table2a_single_staggered,5,6,19,3.683960902,3.684474762,0.000244944,20000,1330000,20260901,"124 124 125 126 127 128"
table2a_single_staggered,5,6,20,3.684763910,3.684474762,0.000244944,20000,1330000,20260901,"124 124 125 126 127 128"
table2a_single_staggered,5,6,21,3.685057143,3.684474762,0.000244944,20000,1330000,20260901,"124 124 125 126 127 128"
table2a_single_staggered,5,6,22,3.684981955,3.684474762,0.000244944,20000,1330000,20260901,"124 124 125 126 127 128"
table2a_single_staggered,5,6,23,3.684972932,3.684474762,0.000244944,20000,1330000,20260901,"124 124 125 126 127 128"
table2a_single_staggered,5,6,24,3.684287970,3.684474762,0.000244944,20000,1330000,20260901,"124 124 125 126 127 128"
table2a_single_staggered,5,6,25,3.684468421,3.684474762,0.000244944,20000,1330000,20260901,"124 124 125 126 127 128"
table2a_single_staggered,5,6,26,3.683611278,3.684474762,0.000244944,20000,1330000,20260901,"124 124 125 126 127 128"
table2a_single_staggered,5,6,27,3.683504511,3.684474762,0.000244944,20000,1330000,20260901,"124 124 125 126 127 128"
table2a_single_staggered,5,6,28,3.684103008,3.684474762,0.000244944,20000,1330000,20260901,"124 124 125 126 127 128"
table2a_single_staggered,5,6,29,3.684554135,3.684474762,0.000244944,20000,1330000,20260901,"124 124 125 126 127 128"
table2a_single_staggered,5,6,30,3.683415038,3.684474762,0.000244944,20000,1330000,20260901,"124 124 125 126 127 128"
table2a_single_staggered,5,7,1,3.944927820,3.944551479,0.000220733,20000,1330000,20260901,"124 124 125 126 127 128 129"
table2a_single_staggered,5,7,2,3.944857143,3.944551479,0.000220733,20000,1330000,20260901,"124 124 125 126 127 128 129"
table2a_single_staggered,5,7,3,3.943812030,3.944551479,0.000220733,20000,1330000,20260901,"124 124 125 126 127 128 129"
table2a_single_staggered,5,7,4,3.944242857,3.944551479,0.000220733,20000,1330000,20260901,"124 124 125 126 127 128 129"
table2a_single_staggered,5,7,5,3.944520301,3.944551479,0.000220733,20000,1330000,20260901,"124 124 125 126 127 128 129"
table2a_single_staggered,5,7,6,3.943621805,3.944551479,0.000220733,20000,1330000,20260901,"124 124 125 126 127 128 129"
table2a_single_staggered,5,7,7,3.945165414,3.944551479,0.000220733,20000,1330000,20260901,"124 124 125 126 127 128 129"
table2a_single_staggered,5,7,8,3.945038346,3.944551479,0.000220733,20000,1330000,20260901,"124 124 125 126 127 128 129"
table2a_single_staggered,5,7,9,3.943814286,3.944551479,0.000220733,20000,1330000,20260901,"124 124 125 126 127 128 129"
table2a_single_staggered,5,7,10,3.944665414,3.944551479,0.000220733,20000,1330000,20260901,"124 124 125 126 127 128 129"
table2a_single_staggered,5,7,11,3.944354135,3.944551479,0.000220733,20000,1330000,20260901,"124 124 125 126 127 128 129"
table2a_single_staggered,5,7,12,3.945303008,3.944551479,0.000220733,20000,1330000,20260901,"124 124 125 126 127 128 129"
table2a_single_staggered,5,7,13,3.944831579,3.944551479,0.000220733,20000,1330000,20260901,"124 124 125 126 127 128 129"
table2a_single_staggered,5,7,14,3.945144361,3.944551479,0.000220733,20000,1330000,20260901,"124 124 125 126 127 128 129"
table2a_single_staggered,5,7,15,3.944133835,3.944551479,0.000220733,20000,1330000,20260901,"124 124 125 126 127 128 129"
table2a_single_staggered,5,7,16,3.943330827,3.944551479,0.000220733,20000,1330000,20260901,"124 124 125 126 127 128 129"
table2a_single_staggered,5,7,17,3.945313534,3.944551479,0.000220733,20000,1330000,20260901,"124 124 125 126 127 128 129"
table2a_single_staggered,5,7,18,3.945709774,3.944551479,0.000220733,20000,1330000,20260901,"124 124 125 126 127 128 129"
table2a_single_staggered,5,7,19,3.943664662,3.944551479,0.000220733,20000,1330000,20260901,"124 124 125 126 127 128 129"
table2a_single_staggered,5,7,20,3.944727820,3.944551479,0.000220733,20000,1330000,20260901,"124 124 125 126 127 128 129"
table2a_single_staggered,5,7,21,3.944876692,3.944551479,0.000220733,20000,1330000,20260901,"124 124 125 126 127 128 129"
table2a_single_staggered,5,7,22,3.944851880,3.944551479,0.000220733,20000,1330000,20260901,"124 124 125 126 127 128 129"
table2a_single_staggered,5,7,23,3.944619549,3.944551479,0.000220733,20000,1330000,20260901,"124 124 125 126 127 128 129"
table2a_single_staggered,5,7,24,3.943926316,3.944551479,0.000220733,20000,1330000,20260901,"124 124 125 126 127 128 129"
table2a_single_staggered,5,7,25,3.944793985,3.944551479,0.000220733,20000,1330000,20260901,"124 124 125 126 127 128 129"
table2a_single_staggered,5,7,26,3.944627068,3.944551479,0.000220733,20000,1330000,20260901,"124 124 125 126 127 128 129"
table2a_single_staggered,5,7,27,3.943758647,3.944551479,0.000220733,20000,1330000,20260901,"124 124 125 126 127 128 129"
table2a_single_staggered,5,7,28,3.944935338,3.944551479,0.000220733,20000,1330000,20260901,"124 124 125 126 127 128 129"
table2a_single_staggered,5,7,29,3.944902256,3.944551479,0.000220733,20000,1330000,20260901,"124 124 125 126 127 128 129"
table2a_single_staggered,5,7,30,3.944073684,3.944551479,0.000220733,20000,1330000,20260901,"124 124 125 126 127 128 129"
table2a_single_staggered,5,8,1,4.152315789,4.152398346,0.000243408,20000,1330000,20260901,"124 124 125 126 127 128 129 130"
table2a_single_staggered,5,8,2,4.152852632,4.152398346,0.000243408,20000,1330000,20260901,"124 124 125 126 127 128 129 130"
table2a_single_staggered,5,8,3,4.151642857,4.152398346,0.000243408,20000,1330000,20260901,"124 124 125 126 127 128 129 130"
table2a_single_staggered,5,8,4,4.152417293,4.152398346,0.000243408,20000,1330000,20260901,"124 124 125 126 127 128 129 130"
table2a_single_staggered,5,8,5,4.152057895,4.152398346,0.000243408,20000,1330000,20260901,"124 124 125 126 127 128 129 130"
table2a_single_staggered,5,8,6,4.151387218,4.152398346,0.000243408,20000,1330000,20260901,"124 124 125 126 127 128 129 130"
table2a_single_staggered,5,8,7,4.153109774,4.152398346,0.000243408,20000,1330000,20260901,"124 124 125 126 127 128 129 130"
table2a_single_staggered,5,8,8,4.152833083,4.152398346,0.000243408,20000,1330000,20260901,"124 124 125 126 127 128 129 130"
table2a_single_staggered,5,8,9,4.151782707,4.152398346,0.000243408,20000,1330000,20260901,"124 124 125 126 127 128 129 130"
table2a_single_staggered,5,8,10,4.153106015,4.152398346,0.000243408,20000,1330000,20260901,"124 124 125 126 127 128 129 130"
table2a_single_staggered,5,8,11,4.151915038,4.152398346,0.000243408,20000,1330000,20260901,"124 124 125 126 127 128 129 130"
table2a_single_staggered,5,8,12,4.153042857,4.152398346,0.000243408,20000,1330000,20260901,"124 124 125 126 127 128 129 130"
table2a_single_staggered,5,8,13,4.152993233,4.152398346,0.000243408,20000,1330000,20260901,"124 124 125 126 127 128 129 130"
table2a_single_staggered,5,8,14,4.153153383,4.152398346,0.000243408,20000,1330000,20260901,"124 124 125 126 127 128 129 130"
table2a_single_staggered,5,8,15,4.151820301,4.152398346,0.000243408,20000,1330000,20260901,"124 124 125 126 127 128 129 130"
table2a_single_staggered,5,8,16,4.151937594,4.152398346,0.000243408,20000,1330000,20260901,"124 124 125 126 127 128 129 130"
table2a_single_staggered,5,8,17,4.153057143,4.152398346,0.000243408,20000,1330000,20260901,"124 124 125 126 127 128 129 130"
table2a_single_staggered,5,8,18,4.153693233,4.152398346,0.000243408,20000,1330000,20260901,"124 124 125 126 127 128 129 130"
table2a_single_staggered,5,8,19,4.150740602,4.152398346,0.000243408,20000,1330000,20260901,"124 124 125 126 127 128 129 130"
table2a_single_staggered,5,8,20,4.152555639,4.152398346,0.000243408,20000,1330000,20260901,"124 124 125 126 127 128 129 130"
table2a_single_staggered,5,8,21,4.152330827,4.152398346,0.000243408,20000,1330000,20260901,"124 124 125 126 127 128 129 130"
table2a_single_staggered,5,8,22,4.152930075,4.152398346,0.000243408,20000,1330000,20260901,"124 124 125 126 127 128 129 130"
table2a_single_staggered,5,8,23,4.152543609,4.152398346,0.000243408,20000,1330000,20260901,"124 124 125 126 127 128 129 130"
table2a_single_staggered,5,8,24,4.152303008,4.152398346,0.000243408,20000,1330000,20260901,"124 124 125 126 127 128 129 130"
table2a_single_staggered,5,8,25,4.152030075,4.152398346,0.000243408,20000,1330000,20260901,"124 124 125 126 127 128 129 130"
table2a_single_staggered,5,8,26,4.152651128,4.152398346,0.000243408,20000,1330000,20260901,"124 124 125 126 127 128 129 130"
table2a_single_staggered,5,8,27,4.152027820,4.152398346,0.000243408,20000,1330000,20260901,"124 124 125 126 127 128 129 130"
table2a_single_staggered,5,8,28,4.152023308,4.152398346,0.000243408,20000,1330000,20260901,"124 124 125 126 127 128 129 130"
table2a_single_staggered,5,8,29,4.153063158,4.152398346,0.000243408,20000,1330000,20260901,"124 124 125 126 127 128 129 130"
table2a_single_staggered,5,8,30,4.151633083,4.152398346,0.000243408,20000,1330000,20260901,"124 124 125 126 127 128 129 130"
table2a_single_staggered,5,9,1,4.318410526,4.318888772,0.000215835,20000,1330000,20260901,"124 124 125 126 127 128 129 130 131"
table2a_single_staggered,5,9,2,4.318736842,4.318888772,0.000215835,20000,1330000,20260901,"124 124 125 126 127 128 129 130 131"
table2a_single_staggered,5,9,3,4.318141353,4.318888772,0.000215835,20000,1330000,20260901,"124 124 125 126 127 128 129 130 131"
table2a_single_staggered,5,9,4,4.319366917,4.318888772,0.000215835,20000,1330000,20260901,"124 124 125 126 127 128 129 130 131"
table2a_single_staggered,5,9,5,4.319117293,4.318888772,0.000215835,20000,1330000,20260901,"124 124 125 126 127 128 129 130 131"
table2a_single_staggered,5,9,6,4.318272932,4.318888772,0.000215835,20000,1330000,20260901,"124 124 125 126 127 128 129 130 131"
table2a_single_staggered,5,9,7,4.319447368,4.318888772,0.000215835,20000,1330000,20260901,"124 124 125 126 127 128 129 130 131"
table2a_single_staggered,5,9,8,4.319206015,4.318888772,0.000215835,20000,1330000,20260901,"124 124 125 126 127 128 129 130 131"
table2a_single_staggered,5,9,9,4.318468421,4.318888772,0.000215835,20000,1330000,20260901,"124 124 125 126 127 128 129 130 131"
table2a_single_staggered,5,9,10,4.319680451,4.318888772,0.000215835,20000,1330000,20260901,"124 124 125 126 127 128 129 130 131"
table2a_single_staggered,5,9,11,4.318732331,4.318888772,0.000215835,20000,1330000,20260901,"124 124 125 126 127 128 129 130 131"
table2a_single_staggered,5,9,12,4.319768421,4.318888772,0.000215835,20000,1330000,20260901,"124 124 125 126 127 128 129 130 131"
table2a_single_staggered,5,9,13,4.319030827,4.318888772,0.000215835,20000,1330000,20260901,"124 124 125 126 127 128 129 130 131"
table2a_single_staggered,5,9,14,4.319330075,4.318888772,0.000215835,20000,1330000,20260901,"124 124 125 126 127 128 129 130 131"
table2a_single_staggered,5,9,15,4.317949624,4.318888772,0.000215835,20000,1330000,20260901,"124 124 125 126 127 128 129 130 131"
table2a_single_staggered,5,9,16,4.318509774,4.318888772,0.000215835,20000,1330000,20260901,"124 124 125 126 127 128 129 130 131"
table2a_single_staggered,5,9,17,4.318910526,4.318888772,0.000215835,20000,1330000,20260901,"124 124 125 126 127 128 129 130 131"
table2a_single_staggered,5,9,18,4.320407519,4.318888772,0.000215835,20000,1330000,20260901,"124 124 125 126 127 128 129 130 131"
table2a_single_staggered,5,9,19,4.317884211,4.318888772,0.000215835,20000,1330000,20260901,"124 124 125 126 127 128 129 130 131"
table2a_single_staggered,5,9,20,4.318931579,4.318888772,0.000215835,20000,1330000,20260901,"124 124 125 126 127 128 129 130 131"
table2a_single_staggered,5,9,21,4.319088722,4.318888772,0.000215835,20000,1330000,20260901,"124 124 125 126 127 128 129 130 131"
table2a_single_staggered,5,9,22,4.319463910,4.318888772,0.000215835,20000,1330000,20260901,"124 124 125 126 127 128 129 130 131"
table2a_single_staggered,5,9,23,4.319254135,4.318888772,0.000215835,20000,1330000,20260901,"124 124 125 126 127 128 129 130 131"
table2a_single_staggered,5,9,24,4.318793233,4.318888772,0.000215835,20000,1330000,20260901,"124 124 125 126 127 128 129 130 131"
table2a_single_staggered,5,9,25,4.318386466,4.318888772,0.000215835,20000,1330000,20260901,"124 124 125 126 127 128 129 130 131"
table2a_single_staggered,5,9,26,4.319180451,4.318888772,0.000215835,20000,1330000,20260901,"124 124 125 126 127 128 129 130 131"
table2a_single_staggered,5,9,27,4.318329323,4.318888772,0.000215835,20000,1330000,20260901,"124 124 125 126 127 128 129 130 131"
table2a_single_staggered,5,9,28,4.318348872,4.318888772,0.000215835,20000,1330000,20260901,"124 124 125 126 127 128 129 130 131"
table2a_single_staggered,5,9,29,4.319036842,4.318888772,0.000215835,20000,1330000,20260901,"124 124 125 126 127 128 129 130 131"
table2a_single_staggered,5,9,30,4.318478195,4.318888772,0.000215835,20000,1330000,20260901,"124 124 125 126 127 128 129 130 131"
table2a_single_staggered,6,3,1,2.528071429,2.527713810,0.000162162,20000,1330000,20260901,"144 144 145"
table2a_single_staggered,6,3,2,2.527913534,2.527713810,0.000162162,20000,1330000,20260901,"144 144 145"
table2a_single_staggered,6,3,3,2.527242857,2.527713810,0.000162162,20000,1330000,20260901,"144 144 145"
table2a_single_staggered,6,3,4,2.528657143,2.527713810,0.000162162,20000,1330000,20260901,"144 144 145"
table2a_single_staggered,6,3,5,2.526805263,2.527713810,0.000162162,20000,1330000,20260901,"144 144 145"
table2a_single_staggered,6,3,6,2.527918045,2.527713810,0.000162162,20000,1330000,20260901,"144 144 145"
table2a_single_staggered,6,3,7,2.527851880,2.527713810,0.000162162,20000,1330000,20260901,"144 144 145"
table2a_single_staggered,6,3,8,2.528630827,2.527713810,0.000162162,20000,1330000,20260901,"144 144 145"
table2a_single_staggered,6,3,9,2.528284211,2.527713810,0.000162162,20000,1330000,20260901,"144 144 145"
table2a_single_staggered,6,3,10,2.527024812,2.527713810,0.000162162,20000,1330000,20260901,"144 144 145"
table2a_single_staggered,6,3,11,2.527900752,2.527713810,0.000162162,20000,1330000,20260901,"144 144 145"
table2a_single_staggered,6,3,12,2.527879699,2.527713810,0.000162162,20000,1330000,20260901,"144 144 145"
table2a_single_staggered,6,3,13,2.527887970,2.527713810,0.000162162,20000,1330000,20260901,"144 144 145"
table2a_single_staggered,6,3,14,2.527793233,2.527713810,0.000162162,20000,1330000,20260901,"144 144 145"
table2a_single_staggered,6,3,15,2.527838346,2.527713810,0.000162162,20000,1330000,20260901,"144 144 145"
table2a_single_staggered,6,3,16,2.527562406,2.527713810,0.000162162,20000,1330000,20260901,"144 144 145"
table2a_single_staggered,6,3,17,2.527477444,2.527713810,0.000162162,20000,1330000,20260901,"144 144 145"
table2a_single_staggered,6,3,18,2.527083459,2.527713810,0.000162162,20000,1330000,20260901,"144 144 145"
table2a_single_staggered,6,3,19,2.527760902,2.527713810,0.000162162,20000,1330000,20260901,"144 144 145"
table2a_single_staggered,6,3,20,2.527155639,2.527713810,0.000162162,20000,1330000,20260901,"144 144 145"
table2a_single_staggered,6,3,21,2.528019549,2.527713810,0.000162162,20000,1330000,20260901,"144 144 145"
table2a_single_staggered,6,3,22,2.527533083,2.527713810,0.000162162,20000,1330000,20260901,"144 144 145"
table2a_single_staggered,6,3,23,2.527728571,2.527713810,0.000162162,20000,1330000,20260901,"144 144 145"
table2a_single_staggered,6,3,24,2.528124060,2.527713810,0.000162162,20000,1330000,20260901,"144 144 145"
table2a_single_staggered,6,3,25,2.527324812,2.527713810,0.000162162,20000,1330000,20260901,"144 144 145"
table2a_single_staggered,6,3,26,2.527274436,2.527713810,0.000162162,20000,1330000,20260901,"144 144 145"
table2a_single_staggered,6,3,27,2.527693985,2.527713810,0.000162162,20000,1330000,20260901,"144 144 145"
table2a_single_staggered,6,3,28,2.527900000,2.527713810,0.000162162,20000,1330000,20260901,"144 144 145"
table2a_single_staggered,6,3,29,2.527643609,2.527713810,0.000162162,20000,1330000,20260901,"144 144 145"
table2a_single_staggered,6,3,30,2.527432331,2.527713810,0.000162162,20000,1330000,20260901,"144 144 145"
table2a_single_staggered,6,4,1,3.106479699,3.105899975,0.000208333,20000,1330000,20260901,"144 144 145 146"
table2a_single_staggered,6,4,2,3.106921053,3.105899975,0.000208333,20000,1330000,20260901,"144 144 145 146"
table2a_single_staggered,6,4,3,3.105978195,3.105899975,0.000208333,20000,1330000,20260901,"144 144 145 146"
table2a_single_staggered,6,4,4,3.106009774,3.105899975,0.000208333,20000,1330000,20260901,"144 144 145 146"
table2a_single_staggered,6,4,5,3.104850376,3.105899975,0.000208333,20000,1330000,20260901,"144 144 145 146"
table2a_single_staggered,6,4,6,3.106718045,3.105899975,0.000208333,20000,1330000,20260901,"144 144 145 146"
table2a_single_staggered,6,4,7,3.105770677,3.105899975,0.000208333,20000,1330000,20260901,"144 144 145 146"
table2a_single_staggered,6,4,8,3.106887970,3.105899975,0.000208333,20000,1330000,20260901,"144 144 145 146"
table2a_single_staggered,6,4,9,3.105573684,3.105899975,0.000208333,20000,1330000,20260901,"144 144 145 146"
table2a_single_staggered,6,4,10,3.105422556,3.105899975,0.000208333,20000,1330000,20260901,"144 144 145 146"
table2a_single_staggered,6,4,11,3.105860902,3.105899975,0.000208333,20000,1330000,20260901,"144 144 145 146"
table2a_single_staggered,6,4,12,3.106235338,3.105899975,0.000208333,20000,1330000,20260901,"144 144 145 146"
table2a_single_staggered,6,4,13,3.105338346,3.105899975,0.000208333,20000,1330000,20260901,"144 144 145 146"
table2a_single_staggered,6,4,14,3.105346617,3.105899975,0.000208333,20000,1330000,20260901,"144 144 145 146"
table2a_single_staggered,6,4,15,3.105533083,3.105899975,0.000208333,20000,1330000,20260901,"144 144 145 146"
table2a_single_staggered,6,4,16,3.105380451,3.105899975,0.000208333,20000,1330000,20260901,"144 144 145 146"
table2a_single_staggered,6,4,17,3.105124812,3.105899975,0.000208333,20000,1330000,20260901,"144 144 145 146"
table2a_single_staggered,6,4,18,3.105664662,3.105899975,0.000208333,20000,1330000,20260901,"144 144 145 146"
table2a_single_staggered,6,4,19,3.105729323,3.105899975,0.000208333,20000,1330000,20260901,"144 144 145 146"
table2a_single_staggered,6,4,20,3.105501504,3.105899975,0.000208333,20000,1330000,20260901,"144 144 145 146"
table2a_single_staggered,6,4,21,3.106416541,3.105899975,0.000208333,20000,1330000,20260901,"144 144 145 146"
table2a_single_staggered,6,4,22,3.106054887,3.105899975,0.000208333,20000,1330000,20260901,"144 144 145 146"
table2a_single_staggered,6,4,23,3.106109023,3.105899975,0.000208333,20000,1330000,20260901,"144 144 145 146"
table2a_single_staggered,6,4,24,3.107035338,3.105899975,0.000208333,20000,1330000,20260901,"144 144 145 146"
table2a_single_staggered,6,4,25,3.105193985,3.105899975,0.000208333,20000,1330000,20260901,"144 144 145 146"
table2a_single_staggered,6,4,26,3.105562406,3.105899975,0.000208333,20000,1330000,20260901,"144 144 145 146"
table2a_single_staggered,6,4,27,3.106172932,3.105899975,0.000208333,20000,1330000,20260901,"144 144 145 146"
table2a_single_staggered,6,4,28,3.105718797,3.105899975,0.000208333,20000,1330000,20260901,"144 144 145 146"
table2a_single_staggered,6,4,29,3.106303759,3.105899975,0.000208333,20000,1330000,20260901,"144 144 145 146"
table2a_single_staggered,6,4,30,3.106104511,3.105899975,0.000208333,20000,1330000,20260901,"144 144 145 146"
table2a_single_staggered,6,5,1,3.587050376,3.587201128,0.000195852,20000,1330000,20260901,"144 144 145 146 147"
table2a_single_staggered,6,5,2,3.587708271,3.587201128,0.000195852,20000,1330000,20260901,"144 144 145 146 147"
table2a_single_staggered,6,5,3,3.587703759,3.587201128,0.000195852,20000,1330000,20260901,"144 144 145 146 147"
table2a_single_staggered,6,5,4,3.587466917,3.587201128,0.000195852,20000,1330000,20260901,"144 144 145 146 147"
table2a_single_staggered,6,5,5,3.586469173,3.587201128,0.000195852,20000,1330000,20260901,"144 144 145 146 147"
table2a_single_staggered,6,5,6,3.587278195,3.587201128,0.000195852,20000,1330000,20260901,"144 144 145 146 147"
table2a_single_staggered,6,5,7,3.586607519,3.587201128,0.000195852,20000,1330000,20260901,"144 144 145 146 147"
table2a_single_staggered,6,5,8,3.588112782,3.587201128,0.000195852,20000,1330000,20260901,"144 144 145 146 147"
table2a_single_staggered,6,5,9,3.587717293,3.587201128,0.000195852,20000,1330000,20260901,"144 144 145 146 147"
table2a_single_staggered,6,5,10,3.587069925,3.587201128,0.000195852,20000,1330000,20260901,"144 144 145 146 147"
table2a_single_staggered,6,5,11,3.588081203,3.587201128,0.000195852,20000,1330000,20260901,"144 144 145 146 147"
table2a_single_staggered,6,5,12,3.587609023,3.587201128,0.000195852,20000,1330000,20260901,"144 144 145 146 147"
table2a_single_staggered,6,5,13,3.586748872,3.587201128,0.000195852,20000,1330000,20260901,"144 144 145 146 147"
table2a_single_staggered,6,5,14,3.586393233,3.587201128,0.000195852,20000,1330000,20260901,"144 144 145 146 147"
table2a_single_staggered,6,5,15,3.587542105,3.587201128,0.000195852,20000,1330000,20260901,"144 144 145 146 147"
table2a_single_staggered,6,5,16,3.586977444,3.587201128,0.000195852,20000,1330000,20260901,"144 144 145 146 147"
table2a_single_staggered,6,5,17,3.586790226,3.587201128,0.000195852,20000,1330000,20260901,"144 144 145 146 147"
table2a_single_staggered,6,5,18,3.586581203,3.587201128,0.000195852,20000,1330000,20260901,"144 144 145 146 147"
table2a_single_staggered,6,5,19,3.586981955,3.587201128,0.000195852,20000,1330000,20260901,"144 144 145 146 147"
table2a_single_staggered,6,5,20,3.586879699,3.587201128,0.000195852,20000,1330000,20260901,"144 144 145 146 147"
table2a_single_staggered,6,5,21,3.586893233,3.587201128,0.000195852,20000,1330000,20260901,"144 144 145 146 147"
table2a_single_staggered,6,5,22,3.586906015,3.587201128,0.000195852,20000,1330000,20260901,"144 144 145 146 147"
table2a_single_staggered,6,5,23,3.588363910,3.587201128,0.000195852,20000,1330000,20260901,"144 144 145 146 147"
table2a_single_staggered,6,5,24,3.587517293,3.587201128,0.000195852,20000,1330000,20260901,"144 144 145 146 147"
table2a_single_staggered,6,5,25,3.587130075,3.587201128,0.000195852,20000,1330000,20260901,"144 144 145 146 147"
table2a_single_staggered,6,5,26,3.586847368,3.587201128,0.000195852,20000,1330000,20260901,"144 144 145 146 147"
table2a_single_staggered,6,5,27,3.587686466,3.587201128,0.000195852,20000,1330000,20260901,"144 144 145 146 147"
table2a_single_staggered,6,5,28,3.586606015,3.587201128,0.000195852,20000,1330000,20260901,"144 144 145 146 147"
table2a_single_staggered,6,5,29,3.587569173,3.587201128,0.000195852,20000,1330000,20260901,"144 144 145 146 147"
table2a_single_staggered,6,5,30,3.586745113,3.587201128,0.000195852,20000,1330000,20260901,"144 144 145 146 147"
table2a_single_staggered,6,6,1,3.987669173,3.987266842,0.000194692,20000,1330000,20260901,"144 144 145 146 147 148"
table2a_single_staggered,6,6,2,3.987506767,3.987266842,0.000194692,20000,1330000,20260901,"144 144 145 146 147 148"
table2a_single_staggered,6,6,3,3.988184211,3.987266842,0.000194692,20000,1330000,20260901,"144 144 145 146 147 148"
table2a_single_staggered,6,6,4,3.987027068,3.987266842,0.000194692,20000,1330000,20260901,"144 144 145 146 147 148"
table2a_single_staggered,6,6,5,3.987027068,3.987266842,0.000194692,20000,1330000,20260901,"144 144 145 146 147 148"
table2a_single_staggered,6,6,6,3.987428571,3.987266842,0.000194692,20000,1330000,20260901,"144 144 145 146 147 148"
table2a_single_staggered,6,6,7,3.986167669,3.987266842,0.000194692,20000,1330000,20260901,"144 144 145 146 147 148"
table2a_single_staggered,6,6,8,3.987446617,3.987266842,0.000194692,20000,1330000,20260901,"144 144 145 146 147 148"
table2a_single_staggered,6,6,9,3.988030827,3.987266842,0.000194692,20000,1330000,20260901,"144 144 145 146 147 148"
table2a_single_staggered,6,6,10,3.987427820,3.987266842,0.000194692,20000,1330000,20260901,"144 144 145 146 147 148"
table2a_single_staggered,6,6,11,3.987727068,3.987266842,0.000194692,20000,1330000,20260901,"144 144 145 146 147 148"
table2a_single_staggered,6,6,12,3.987292481,3.987266842,0.000194692,20000,1330000,20260901,"144 144 145 146 147 148"
table2a_single_staggered,6,6,13,3.986651880,3.987266842,0.000194692,20000,1330000,20260901,"144 144 145 146 147 148"
table2a_single_staggered,6,6,14,3.987022556,3.987266842,0.000194692,20000,1330000,20260901,"144 144 145 146 147 148"
table2a_single_staggered,6,6,15,3.986768421,3.987266842,0.000194692,20000,1330000,20260901,"144 144 145 146 147 148"
table2a_single_staggered,6,6,16,3.987023308,3.987266842,0.000194692,20000,1330000,20260901,"144 144 145 146 147 148"
table2a_single_staggered,6,6,17,3.987270677,3.987266842,0.000194692,20000,1330000,20260901,"144 144 145 146 147 148"
table2a_single_staggered,6,6,18,3.987172180,3.987266842,0.000194692,20000,1330000,20260901,"144 144 145 146 147 148"
table2a_single_staggered,6,6,19,3.987670677,3.987266842,0.000194692,20000,1330000,20260901,"144 144 145 146 147 148"
table2a_single_staggered,6,6,20,3.986833083,3.987266842,0.000194692,20000,1330000,20260901,"144 144 145 146 147 148"
table2a_single_staggered,6,6,21,3.986987970,3.987266842,0.000194692,20000,1330000,20260901,"144 144 145 146 147 148"
table2a_single_staggered,6,6,22,3.986133083,3.987266842,0.000194692,20000,1330000,20260901,"144 144 145 146 147 148"
table2a_single_staggered,6,6,23,3.987640602,3.987266842,0.000194692,20000,1330000,20260901,"144 144 145 146 147 148"
table2a_single_staggered,6,6,24,3.986895489,3.987266842,0.000194692,20000,1330000,20260901,"144 144 145 146 147 148"
table2a_single_staggered,6,6,25,3.988102256,3.987266842,0.000194692,20000,1330000,20260901,"144 144 145 146 147 148"
table2a_single_staggered,6,6,26,3.986651128,3.987266842,0.000194692,20000,1330000,20260901,"144 144 145 146 147 148"
table2a_single_staggered,6,6,27,3.987789474,3.987266842,0.000194692,20000,1330000,20260901,"144 144 145 146 147 148"
table2a_single_staggered,6,6,28,3.987147368,3.987266842,0.000194692,20000,1330000,20260901,"144 144 145 146 147 148"
table2a_single_staggered,6,6,29,3.987976692,3.987266842,0.000194692,20000,1330000,20260901,"144 144 145 146 147 148"
table2a_single_staggered,6,6,30,3.987333083,3.987266842,0.000194692,20000,1330000,20260901,"144 144 145 146 147 148"
table2a_single_staggered,6,7,1,4.320615789,4.320375238,0.000248941,20000,1330000,20260901,"144 144 145 146 147 148 149"
table2a_single_staggered,6,7,2,4.321122556,4.320375238,0.000248941,20000,1330000,20260901,"144 144 145 146 147 148 149"
table2a_single_staggered,6,7,3,4.321240602,4.320375238,0.000248941,20000,1330000,20260901,"144 144 145 146 147 148 149"
table2a_single_staggered,6,7,4,4.319436090,4.320375238,0.000248941,20000,1330000,20260901,"144 144 145 146 147 148 149"
table2a_single_staggered,6,7,5,4.320403008,4.320375238,0.000248941,20000,1330000,20260901,"144 144 145 146 147 148 149"
table2a_single_staggered,6,7,6,4.321057895,4.320375238,0.000248941,20000,1330000,20260901,"144 144 145 146 147 148 149"
table2a_single_staggered,6,7,7,4.318816541,4.320375238,0.000248941,20000,1330000,20260901,"144 144 145 146 147 148 149"
table2a_single_staggered,6,7,8,4.320649624,4.320375238,0.000248941,20000,1330000,20260901,"144 144 145 146 147 148 149"
table2a_single_staggered,6,7,9,4.321187970,4.320375238,0.000248941,20000,1330000,20260901,"144 144 145 146 147 148 149"
table2a_single_staggered,6,7,10,4.320420301,4.320375238,0.000248941,20000,1330000,20260901,"144 144 145 146 147 148 149"
table2a_single_staggered,6,7,11,4.321072180,4.320375238,0.000248941,20000,1330000,20260901,"144 144 145 146 147 148 149"
table2a_single_staggered,6,7,12,4.320455639,4.320375238,0.000248941,20000,1330000,20260901,"144 144 145 146 147 148 149"
table2a_single_staggered,6,7,13,4.319642105,4.320375238,0.000248941,20000,1330000,20260901,"144 144 145 146 147 148 149"
table2a_single_staggered,6,7,14,4.320615789,4.320375238,0.000248941,20000,1330000,20260901,"144 144 145 146 147 148 149"
table2a_single_staggered,6,7,15,4.319981203,4.320375238,0.000248941,20000,1330000,20260901,"144 144 145 146 147 148 149"
table2a_single_staggered,6,7,16,4.320289474,4.320375238,0.000248941,20000,1330000,20260901,"144 144 145 146 147 148 149"
table2a_single_staggered,6,7,17,4.320998496,4.320375238,0.000248941,20000,1330000,20260901,"144 144 145 146 147 148 149"
table2a_single_staggered,6,7,18,4.320019549,4.320375238,0.000248941,20000,1330000,20260901,"144 144 145 146 147 148 149"
table2a_single_staggered,6,7,19,4.320512782,4.320375238,0.000248941,20000,1330000,20260901,"144 144 145 146 147 148 149"
table2a_single_staggered,6,7,20,4.320444361,4.320375238,0.000248941,20000,1330000,20260901,"144 144 145 146 147 148 149"
table2a_single_staggered,6,7,21,4.319651128,4.320375238,0.000248941,20000,1330000,20260901,"144 144 145 146 147 148 149"
table2a_single_staggered,6,7,22,4.318648120,4.320375238,0.000248941,20000,1330000,20260901,"144 144 145 146 147 148 149"
table2a_single_staggered,6,7,23,4.320861654,4.320375238,0.000248941,20000,1330000,20260901,"144 144 145 146 147 148 149"
table2a_single_staggered,6,7,24,4.320063158,4.320375238,0.000248941,20000,1330000,20260901,"144 144 145 146 147 148 149"
table2a_single_staggered,6,7,25,4.320929323,4.320375238,0.000248941,20000,1330000,20260901,"144 144 145 146 147 148 149"
table2a_single_staggered,6,7,26,4.319929323,4.320375238,0.000248941,20000,1330000,20260901,"144 144 145 146 147 148 149"
table2a_single_staggered,6,7,27,4.320681203,4.320375238,0.000248941,20000,1330000,20260901,"144 144 145 146 147 148 149"
table2a_single_staggered,6,7,28,4.319876692,4.320375238,0.000248941,20000,1330000,20260901,"144 144 145 146 147 148 149"
table2a_single_staggered,6,7,29,4.321081203,4.320375238,0.000248941,20000,1330000,20260901,"144 144 145 146 147 148 149"
table2a_single_staggered,6,7,30,4.320553383,4.320375238,0.000248941,20000,1330000,20260901,"144 144 145 146 147 148 149"
table2a_single_staggered,6,8,1,4.598469173,4.597597820,0.000289721,20000,1330000,20260901,"144 144 145 146 147 148 149 150"
table2a_single_staggered,6,8,2,4.598244361,4.597597820,0.000289721,20000,1330000,20260901,"144 144 145 146 147 148 149 150"
table2a_single_staggered,6,8,3,4.598250376,4.597597820,0.000289721,20000,1330000,20260901,"144 144 145 146 147 148 149 150"
table2a_single_staggered,6,8,4,4.596736090,4.597597820,0.000289721,20000,1330000,20260901,"144 144 145 146 147 148 149 150"
table2a_single_staggered,6,8,5,4.597164662,4.597597820,0.000289721,20000,1330000,20260901,"144 144 145 146 147 148 149 150"
table2a_single_staggered,6,8,6,4.598735338,4.597597820,0.000289721,20000,1330000,20260901,"144 144 145 146 147 148 149 150"
table2a_single_staggered,6,8,7,4.595609023,4.597597820,0.000289721,20000,1330000,20260901,"144 144 145 146 147 148 149 150"
table2a_single_staggered,6,8,8,4.597628571,4.597597820,0.000289721,20000,1330000,20260901,"144 144 145 146 147 148 149 150"
table2a_single_staggered,6,8,9,4.598575940,4.597597820,0.000289721,20000,1330000,20260901,"144 144 145 146 147 148 149 150"
table2a_single_staggered,6,8,10,4.597590226,4.597597820,0.000289721,20000,1330000,20260901,"144 144 145 146 147 148 149 150"
table2a_single_staggered,6,8,11,4.598121805,4.597597820,0.000289721,20000,1330000,20260901,"144 144 145 146 147 148 149 150"
table2a_single_staggered,6,8,12,4.598021805,4.597597820,0.000289721,20000,1330000,20260901,"144 144 145 146 147 148 149 150"
table2a_single_staggered,6,8,13,4.596585714,4.597597820,0.000289721,20000,1330000,20260901,"144 144 145 146 147 148 149 150"
table2a_single_staggered,6,8,14,4.597493985,4.597597820,0.000289721,20000,1330000,20260901,"144 144 145 146 147 148 149 150"
table2a_single_staggered,6,8,15,4.597139850,4.597597820,0.000289721,20000,1330000,20260901,"144 144 145 146 147 148 149 150"
table2a_single_staggered,6,8,16,4.596914286,4.597597820,0.000289721,20000,1330000,20260901,"144 144 145 146 147 148 149 150"
table2a_single_staggered,6,8,17,4.598353383,4.597597820,0.000289721,20000,1330000,20260901,"144 144 145 146 147 148 149 150"
table2a_single_staggered,6,8,18,4.597884962,4.597597820,0.000289721,20000,1330000,20260901,"144 144 145 146 147 148 149 150"
table2a_single_staggered,6,8,19,4.597439098,4.597597820,0.000289721,20000,1330000,20260901,"144 144 145 146 147 148 149 150"
table2a_single_staggered,6,8,20,4.597945113,4.597597820,0.000289721,20000,1330000,20260901,"144 144 145 146 147 148 149 150"
table2a_single_staggered,6,8,21,4.596733835,4.597597820,0.000289721,20000,1330000,20260901,"144 144 145 146 147 148 149 150"
table2a_single_staggered,6,8,22,4.596319549,4.597597820,0.000289721,20000,1330000,20260901,"144 144 145 146 147 148 149 150"
table2a_single_staggered,6,8,23,4.598469173,4.597597820,0.000289721,20000,1330000,20260901,"144 144 145 146 147 148 149 150"
table2a_single_staggered,6,8,24,4.597029323,4.597597820,0.000289721,20000,1330000,20260901,"144 144 145 146 147 148 149 150"
table2a_single_staggered,6,8,25,4.598226316,4.597597820,0.000289721,20000,1330000,20260901,"144 144 145 146 147 148 149 150"
table2a_single_staggered,6,8,26,4.597515789,4.597597820,0.000289721,20000,1330000,20260901,"144 144 145 146 147 148 149 150"
table2a_single_staggered,6,8,27,4.598185714,4.597597820,0.000289721,20000,1330000,20260901,"144 144 145 146 147 148 149 150"
table2a_single_staggered,6,8,28,4.596692481,4.597597820,0.000289721,20000,1330000,20260901,"144 144 145 146 147 148 149 150"
table2a_single_staggered,6,8,29,4.598430827,4.597597820,0.000289721,20000,1330000,20260901,"144 144 145 146 147 148 149 150"
table2a_single_staggered,6,8,30,4.597427820,4.597597820,0.000289721,20000,1330000,20260901,"144 144 145 146 147 148 149 150"
table2a_single_staggered,6,9,1,4.829497744,4.828512807,0.000284749,20000,1330000,20260901,"144 144 145 146 147 148 149 150 151"
table2a_single_staggered,6,9,2,4.828482707,4.828512807,0.000284749,20000,1330000,20260901,"144 144 145 146 147 148 149 150 151"
table2a_single_staggered,6,9,3,4.828887218,4.828512807,0.000284749,20000,1330000,20260901,"144 144 145 146 147 148 149 150 151"
table2a_single_staggered,6,9,4,4.827289474,4.828512807,0.000284749,20000,1330000,20260901,"144 144 145 146 147 148 149 150 151"
table2a_single_staggered,6,9,5,4.828118797,4.828512807,0.000284749,20000,1330000,20260901,"144 144 145 146 147 148 149 150 151"
table2a_single_staggered,6,9,6,4.829322556,4.828512807,0.000284749,20000,1330000,20260901,"144 144 145 146 147 148 149 150 151"
table2a_single_staggered,6,9,7,4.826989474,4.828512807,0.000284749,20000,1330000,20260901,"144 144 145 146 147 148 149 150 151"
table2a_single_staggered,6,9,8,4.828218797,4.828512807,0.000284749,20000,1330000,20260901,"144 144 145 146 147 148 149 150 151"
table2a_single_staggered,6,9,9,4.828594737,4.828512807,0.000284749,20000,1330000,20260901,"144 144 145 146 147 148 149 150 151"
table2a_single_staggered,6,9,10,4.828627068,4.828512807,0.000284749,20000,1330000,20260901,"144 144 145 146 147 148 149 150 151"
table2a_single_staggered,6,9,11,4.828855639,4.828512807,0.000284749,20000,1330000,20260901,"144 144 145 146 147 148 149 150 151"
table2a_single_staggered,6,9,12,4.829089474,4.828512807,0.000284749,20000,1330000,20260901,"144 144 145 146 147 148 149 150 151"
table2a_single_staggered,6,9,13,4.827801504,4.828512807,0.000284749,20000,1330000,20260901,"144 144 145 146 147 148 149 150 151"
table2a_single_staggered,6,9,14,4.828629323,4.828512807,0.000284749,20000,1330000,20260901,"144 144 145 146 147 148 149 150 151"
table2a_single_staggered,6,9,15,4.828222556,4.828512807,0.000284749,20000,1330000,20260901,"144 144 145 146 147 148 149 150 151"
table2a_single_staggered,6,9,16,4.827626316,4.828512807,0.000284749,20000,1330000,20260901,"144 144 145 146 147 148 149 150 151"
table2a_single_staggered,6,9,17,4.829575940,4.828512807,0.000284749,20000,1330000,20260901,"144 144 145 146 147 148 149 150 151"
table2a_single_staggered,6,9,18,4.828836842,4.828512807,0.000284749,20000,1330000,20260901,"144 144 145 146 147 148 149 150 151"
table2a_single_staggered,6,9,19,4.828121805,4.828512807,0.000284749,20000,1330000,20260901,"144 144 145 146 147 148 149 150 151"
table2a_single_staggered,6,9,20,4.828990977,4.828512807,0.000284749,20000,1330000,20260901,"144 144 145 146 147 148 149 150 151"
table2a_single_staggered,6,9,21,4.827402256,4.828512807,0.000284749,20000,1330000,20260901,"144 144 145 146 147 148 149 150 151"
table2a_single_staggered,6,9,22,4.827847368,4.828512807,0.000284749,20000,1330000,20260901,"144 144 145 146 147 148 149 150 151"
table2a_single_staggered,6,9,23,4.829342105,4.828512807,0.000284749,20000,1330000,20260901,"144 144 145 146 147 148 149 150 151"
table2a_single_staggered,6,9,24,4.828224060,4.828512807,0.000284749,20000,1330000,20260901,"144 144 145 146 147 148 149 150 151"
table2a_single_staggered,6,9,25,4.829381955,4.828512807,0.000284749,20000,1330000,20260901,"144 144 145 146 147 148 149 150 151"
table2a_single_staggered,6,9,26,4.828576692,4.828512807,0.000284749,20000,1330000,20260901,"144 144 145 146 147 148 149 150 151"
table2a_single_staggered,6,9,27,4.829969173,4.828512807,0.000284749,20000,1330000,20260901,"144 144 145 146 147 148 149 150 151"
table2a_single_staggered,6,9,28,4.827210526,4.828512807,0.000284749,20000,1330000,20260901,"144 144 145 146 147 148 149 150 151"
table2a_single_staggered,6,9,29,4.829239850,4.828512807,0.000284749,20000,1330000,20260901,"144 144 145 146 147 148 149 150 151"
table2a_single_staggered,6,9,30,4.828411278,4.828512807,0.000284749,20000,1330000,20260901,"144 144 145 146 147 148 149 150 151"
table2a_single_staggered,7,3,1,2.591411278,2.591766842,0.000195882,20000,1330000,20260901,"164 164 165"
table2a_single_staggered,7,3,2,2.591721805,2.591766842,0.000195882,20000,1330000,20260901,"164 164 165"
table2a_single_staggered,7,3,3,2.591936090,2.591766842,0.000195882,20000,1330000,20260901,"164 164 165"
table2a_single_staggered,7,3,4,2.591943609,2.591766842,0.000195882,20000,1330000,20260901,"164 164 165"
table2a_single_staggered,7,3,5,2.591299248,2.591766842,0.000195882,20000,1330000,20260901,"164 164 165"
table2a_single_staggered,7,3,6,2.592036842,2.591766842,0.000195882,20000,1330000,20260901,"164 164 165"
table2a_single_staggered,7,3,7,2.591639850,2.591766842,0.000195882,20000,1330000,20260901,"164 164 165"
table2a_single_staggered,7,3,8,2.592176692,2.591766842,0.000195882,20000,1330000,20260901,"164 164 165"
table2a_single_staggered,7,3,9,2.591610526,2.591766842,0.000195882,20000,1330000,20260901,"164 164 165"
table2a_single_staggered,7,3,10,2.592734586,2.591766842,0.000195882,20000,1330000,20260901,"164 164 165"
table2a_single_staggered,7,3,11,2.591010526,2.591766842,0.000195882,20000,1330000,20260901,"164 164 165"
table2a_single_staggered,7,3,12,2.592290226,2.591766842,0.000195882,20000,1330000,20260901,"164 164 165"
table2a_single_staggered,7,3,13,2.591233835,2.591766842,0.000195882,20000,1330000,20260901,"164 164 165"
table2a_single_staggered,7,3,14,2.592318797,2.591766842,0.000195882,20000,1330000,20260901,"164 164 165"
table2a_single_staggered,7,3,15,2.591688722,2.591766842,0.000195882,20000,1330000,20260901,"164 164 165"
table2a_single_staggered,7,3,16,2.591933083,2.591766842,0.000195882,20000,1330000,20260901,"164 164 165"
table2a_single_staggered,7,3,17,2.591688722,2.591766842,0.000195882,20000,1330000,20260901,"164 164 165"
table2a_single_staggered,7,3,18,2.591379699,2.591766842,0.000195882,20000,1330000,20260901,"164 164 165"
table2a_single_staggered,7,3,19,2.591381955,2.591766842,0.000195882,20000,1330000,20260901,"164 164 165"
table2a_single_staggered,7,3,20,2.592856391,2.591766842,0.000195882,20000,1330000,20260901,"164 164 165"
table2a_single_staggered,7,3,21,2.592362406,2.591766842,0.000195882,20000,1330000,20260901,"164 164 165"
table2a_single_staggered,7,3,22,2.592593985,2.591766842,0.000195882,20000,1330000,20260901,"164 164 165"
table2a_single_staggered,7,3,23,2.590967669,2.591766842,0.000195882,20000,1330000,20260901,"164 164 165"
table2a_single_staggered,7,3,24,2.592327068,2.591766842,0.000195882,20000,1330000,20260901,"164 164 165"
table2a_single_staggered,7,3,25,2.591196992,2.591766842,0.000195882,20000,1330000,20260901,"164 164 165"
table2a_single_staggered,7,3,26,2.591619549,2.591766842,0.000195882,20000,1330000,20260901,"164 164 165"
table2a_single_staggered,7,3,27,2.591533083,2.591766842,0.000195882,20000,1330000,20260901,"164 164 165"
table2a_single_staggered,7,3,28,2.591053383,2.591766842,0.000195882,20000,1330000,20260901,"164 164 165"
table2a_single_staggered,7,3,29,2.591966165,2.591766842,0.000195882,20000,1330000,20260901,"164 164 165"
table2a_single_staggered,7,3,30,2.591092481,2.591766842,0.000195882,20000,1330000,20260901,"164 164 165"
table2a_single_staggered,7,4,1,3.220677444,3.221267444,0.000191967,20000,1330000,20260901,"164 164 165 166"
table2a_single_staggered,7,4,2,3.221407519,3.221267444,0.000191967,20000,1330000,20260901,"164 164 165 166"
table2a_single_staggered,7,4,3,3.221656391,3.221267444,0.000191967,20000,1330000,20260901,"164 164 165 166"
table2a_single_staggered,7,4,4,3.221515038,3.221267444,0.000191967,20000,1330000,20260901,"164 164 165 166"
table2a_single_staggered,7,4,5,3.221167669,3.221267444,0.000191967,20000,1330000,20260901,"164 164 165 166"
table2a_single_staggered,7,4,6,3.221609774,3.221267444,0.000191967,20000,1330000,20260901,"164 164 165 166"
table2a_single_staggered,7,4,7,3.221361654,3.221267444,0.000191967,20000,1330000,20260901,"164 164 165 166"
table2a_single_staggered,7,4,8,3.221493985,3.221267444,0.000191967,20000,1330000,20260901,"164 164 165 166"
table2a_single_staggered,7,4,9,3.220606767,3.221267444,0.000191967,20000,1330000,20260901,"164 164 165 166"
table2a_single_staggered,7,4,10,3.222061654,3.221267444,0.000191967,20000,1330000,20260901,"164 164 165 166"
table2a_single_staggered,7,4,11,3.220653383,3.221267444,0.000191967,20000,1330000,20260901,"164 164 165 166"
table2a_single_staggered,7,4,12,3.221195489,3.221267444,0.000191967,20000,1330000,20260901,"164 164 165 166"
table2a_single_staggered,7,4,13,3.220798496,3.221267444,0.000191967,20000,1330000,20260901,"164 164 165 166"
table2a_single_staggered,7,4,14,3.221724812,3.221267444,0.000191967,20000,1330000,20260901,"164 164 165 166"
table2a_single_staggered,7,4,15,3.221511278,3.221267444,0.000191967,20000,1330000,20260901,"164 164 165 166"
table2a_single_staggered,7,4,16,3.221190977,3.221267444,0.000191967,20000,1330000,20260901,"164 164 165 166"
table2a_single_staggered,7,4,17,3.221433835,3.221267444,0.000191967,20000,1330000,20260901,"164 164 165 166"
table2a_single_staggered,7,4,18,3.221419549,3.221267444,0.000191967,20000,1330000,20260901,"164 164 165 166"
table2a_single_staggered,7,4,19,3.220970677,3.221267444,0.000191967,20000,1330000,20260901,"164 164 165 166"
table2a_single_staggered,7,4,20,3.222595489,3.221267444,0.000191967,20000,1330000,20260901,"164 164 165 166"
table2a_single_staggered,7,4,21,3.221890977,3.221267444,0.000191967,20000,1330000,20260901,"164 164 165 166"
table2a_single_staggered,7,4,22,3.221716541,3.221267444,0.000191967,20000,1330000,20260901,"164 164 165 166"
table2a_single_staggered,7,4,23,3.220762406,3.221267444,0.000191967,20000,1330000,20260901,"164 164 165 166"
table2a_single_staggered,7,4,24,3.221349624,3.221267444,0.000191967,20000,1330000,20260901,"164 164 165 166"
table2a_single_staggered,7,4,25,3.219991729,3.221267444,0.000191967,20000,1330000,20260901,"164 164 165 166"
table2a_single_staggered,7,4,26,3.220698496,3.221267444,0.000191967,20000,1330000,20260901,"164 164 165 166"
table2a_single_staggered,7,4,27,3.221074436,3.221267444,0.000191967,20000,1330000,20260901,"164 164 165 166"
table2a_single_staggered,7,4,28,3.221248120,3.221267444,0.000191967,20000,1330000,20260901,"164 164 165 166"
table2a_single_staggered,7,4,29,3.221407519,3.221267444,0.000191967,20000,1330000,20260901,"164 164 165 166"
table2a_single_staggered,7,4,30,3.220831579,3.221267444,0.000191967,20000,1330000,20260901,"164 164 165 166"
table2a_single_staggered,7,5,1,3.759491729,3.760139699,0.000247163,20000,1330000,20260901,"164 164 165 166 167"
table2a_single_staggered,7,5,2,3.760082707,3.760139699,0.000247163,20000,1330000,20260901,"164 164 165 166 167"
table2a_single_staggered,7,5,3,3.761485714,3.760139699,0.000247163,20000,1330000,20260901,"164 164 165 166 167"
table2a_single_staggered,7,5,4,3.759621053,3.760139699,0.000247163,20000,1330000,20260901,"164 164 165 166 167"
table2a_single_staggered,7,5,5,3.759691729,3.760139699,0.000247163,20000,1330000,20260901,"164 164 165 166 167"
table2a_single_staggered,7,5,6,3.761105263,3.760139699,0.000247163,20000,1330000,20260901,"164 164 165 166 167"
table2a_single_staggered,7,5,7,3.760485714,3.760139699,0.000247163,20000,1330000,20260901,"164 164 165 166 167"
table2a_single_staggered,7,5,8,3.760430827,3.760139699,0.000247163,20000,1330000,20260901,"164 164 165 166 167"
table2a_single_staggered,7,5,9,3.759945113,3.760139699,0.000247163,20000,1330000,20260901,"164 164 165 166 167"
table2a_single_staggered,7,5,10,3.760730075,3.760139699,0.000247163,20000,1330000,20260901,"164 164 165 166 167"
table2a_single_staggered,7,5,11,3.759395489,3.760139699,0.000247163,20000,1330000,20260901,"164 164 165 166 167"
table2a_single_staggered,7,5,12,3.759478195,3.760139699,0.000247163,20000,1330000,20260901,"164 164 165 166 167"
table2a_single_staggered,7,5,13,3.759793985,3.760139699,0.000247163,20000,1330000,20260901,"164 164 165 166 167"
table2a_single_staggered,7,5,14,3.760742105,3.760139699,0.000247163,20000,1330000,20260901,"164 164 165 166 167"
table2a_single_staggered,7,5,15,3.760206767,3.760139699,0.000247163,20000,1330000,20260901,"164 164 165 166 167"
table2a_single_staggered,7,5,16,3.760456391,3.760139699,0.000247163,20000,1330000,20260901,"164 164 165 166 167"
table2a_single_staggered,7,5,17,3.760056391,3.760139699,0.000247163,20000,1330000,20260901,"164 164 165 166 167"
table2a_single_staggered,7,5,18,3.760300000,3.760139699,0.000247163,20000,1330000,20260901,"164 164 165 166 167"
table2a_single_staggered,7,5,19,3.760378947,3.760139699,0.000247163,20000,1330000,20260901,"164 164 165 166 167"
table2a_single_staggered,7,5,20,3.761354135,3.760139699,0.000247163,20000,1330000,20260901,"164 164 165 166 167"
table2a_single_staggered,7,5,21,3.760180451,3.760139699,0.000247163,20000,1330000,20260901,"164 164 165 166 167"
table2a_single_staggered,7,5,22,3.760346617,3.760139699,0.000247163,20000,1330000,20260901,"164 164 165 166 167"
table2a_single_staggered,7,5,23,3.758890226,3.760139699,0.000247163,20000,1330000,20260901,"164 164 165 166 167"
table2a_single_staggered,7,5,24,3.760335338,3.760139699,0.000247163,20000,1330000,20260901,"164 164 165 166 167"
table2a_single_staggered,7,5,25,3.758768421,3.760139699,0.000247163,20000,1330000,20260901,"164 164 165 166 167"
table2a_single_staggered,7,5,26,3.759930827,3.760139699,0.000247163,20000,1330000,20260901,"164 164 165 166 167"
table2a_single_staggered,7,5,27,3.760768421,3.760139699,0.000247163,20000,1330000,20260901,"164 164 165 166 167"
table2a_single_staggered,7,5,28,3.760550376,3.760139699,0.000247163,20000,1330000,20260901,"164 164 165 166 167"
table2a_single_staggered,7,5,29,3.760145113,3.760139699,0.000247163,20000,1330000,20260901,"164 164 165 166 167"
table2a_single_staggered,7,5,30,3.759042857,3.760139699,0.000247163,20000,1330000,20260901,"164 164 165 166 167"
table2a_single_staggered,7,6,1,4.221138346,4.221611654,0.000294880,20000,1330000,20260901,"164 164 165 166 167 168"
table2a_single_staggered,7,6,2,4.221457143,4.221611654,0.000294880,20000,1330000,20260901,"164 164 165 166 167 168"
table2a_single_staggered,7,6,3,4.222893985,4.221611654,0.000294880,20000,1330000,20260901,"164 164 165 166 167 168"
table2a_single_staggered,7,6,4,4.220408271,4.221611654,0.000294880,20000,1330000,20260901,"164 164 165 166 167 168"
table2a_single_staggered,7,6,5,4.221068421,4.221611654,0.000294880,20000,1330000,20260901,"164 164 165 166 167 168"
table2a_single_staggered,7,6,6,4.222675188,4.221611654,0.000294880,20000,1330000,20260901,"164 164 165 166 167 168"
table2a_single_staggered,7,6,7,4.221847368,4.221611654,0.000294880,20000,1330000,20260901,"164 164 165 166 167 168"
table2a_single_staggered,7,6,8,4.222447368,4.221611654,0.000294880,20000,1330000,20260901,"164 164 165 166 167 168"
table2a_single_staggered,7,6,9,4.221692481,4.221611654,0.000294880,20000,1330000,20260901,"164 164 165 166 167 168"
table2a_single_staggered,7,6,10,4.222024060,4.221611654,0.000294880,20000,1330000,20260901,"164 164 165 166 167 168"
table2a_single_staggered,7,6,11,4.221700000,4.221611654,0.000294880,20000,1330000,20260901,"164 164 165 166 167 168"
table2a_single_staggered,7,6,12,4.220274436,4.221611654,0.000294880,20000,1330000,20260901,"164 164 165 166 167 168"
table2a_single_staggered,7,6,13,4.220444361,4.221611654,0.000294880,20000,1330000,20260901,"164 164 165 166 167 168"
table2a_single_staggered,7,6,14,4.221979699,4.221611654,0.000294880,20000,1330000,20260901,"164 164 165 166 167 168"
table2a_single_staggered,7,6,15,4.221748872,4.221611654,0.000294880,20000,1330000,20260901,"164 164 165 166 167 168"
table2a_single_staggered,7,6,16,4.221858647,4.221611654,0.000294880,20000,1330000,20260901,"164 164 165 166 167 168"
table2a_single_staggered,7,6,17,4.221982707,4.221611654,0.000294880,20000,1330000,20260901,"164 164 165 166 167 168"
table2a_single_staggered,7,6,18,4.222424060,4.221611654,0.000294880,20000,1330000,20260901,"164 164 165 166 167 168"
table2a_single_staggered,7,6,19,4.221966165,4.221611654,0.000294880,20000,1330000,20260901,"164 164 165 166 167 168"
table2a_single_staggered,7,6,20,4.222440602,4.221611654,0.000294880,20000,1330000,20260901,"164 164 165 166 167 168"
table2a_single_staggered,7,6,21,4.221912782,4.221611654,0.000294880,20000,1330000,20260901,"164 164 165 166 167 168"
table2a_single_staggered,7,6,22,4.220716541,4.221611654,0.000294880,20000,1330000,20260901,"164 164 165 166 167 168"
table2a_single_staggered,7,6,23,4.220293233,4.221611654,0.000294880,20000,1330000,20260901,"164 164 165 166 167 168"
table2a_single_staggered,7,6,24,4.221427068,4.221611654,0.000294880,20000,1330000,20260901,"164 164 165 166 167 168"
table2a_single_staggered,7,6,25,4.220356391,4.221611654,0.000294880,20000,1330000,20260901,"164 164 165 166 167 168"
table2a_single_staggered,7,6,26,4.222042105,4.221611654,0.000294880,20000,1330000,20260901,"164 164 165 166 167 168"
table2a_single_staggered,7,6,27,4.222703008,4.221611654,0.000294880,20000,1330000,20260901,"164 164 165 166 167 168"
table2a_single_staggered,7,6,28,4.222278947,4.221611654,0.000294880,20000,1330000,20260901,"164 164 165 166 167 168"
table2a_single_staggered,7,6,29,4.221691729,4.221611654,0.000294880,20000,1330000,20260901,"164 164 165 166 167 168"
table2a_single_staggered,7,6,30,4.220455639,4.221611654,0.000294880,20000,1330000,20260901,"164 164 165 166 167 168"
table2a_single_staggered,7,7,1,4.615967669,4.616738647,0.000305653,20000,1330000,20260901,"164 164 165 166 167 168 169"
table2a_single_staggered,7,7,2,4.616817293,4.616738647,0.000305653,20000,1330000,20260901,"164 164 165 166 167 168 169"
table2a_single_staggered,7,7,3,4.617458647,4.616738647,0.000305653,20000,1330000,20260901,"164 164 165 166 167 168 169"
table2a_single_staggered,7,7,4,4.616031579,4.616738647,0.000305653,20000,1330000,20260901,"164 164 165 166 167 168 169"
table2a_single_staggered,7,7,5,4.616039098,4.616738647,0.000305653,20000,1330000,20260901,"164 164 165 166 167 168 169"
table2a_single_staggered,7,7,6,4.618179699,4.616738647,0.000305653,20000,1330000,20260901,"164 164 165 166 167 168 169"
table2a_single_staggered,7,7,7,4.617287218,4.616738647,0.000305653,20000,1330000,20260901,"164 164 165 166 167 168 169"
table2a_single_staggered,7,7,8,4.618044361,4.616738647,0.000305653,20000,1330000,20260901,"164 164 165 166 167 168 169"
table2a_single_staggered,7,7,9,4.616569173,4.616738647,0.000305653,20000,1330000,20260901,"164 164 165 166 167 168 169"
table2a_single_staggered,7,7,10,4.617536090,4.616738647,0.000305653,20000,1330000,20260901,"164 164 165 166 167 168 169"
table2a_single_staggered,7,7,11,4.616913534,4.616738647,0.000305653,20000,1330000,20260901,"164 164 165 166 167 168 169"
table2a_single_staggered,7,7,12,4.615215789,4.616738647,0.000305653,20000,1330000,20260901,"164 164 165 166 167 168 169"
table2a_single_staggered,7,7,13,4.615820301,4.616738647,0.000305653,20000,1330000,20260901,"164 164 165 166 167 168 169"
table2a_single_staggered,7,7,14,4.616993985,4.616738647,0.000305653,20000,1330000,20260901,"164 164 165 166 167 168 169"
table2a_single_staggered,7,7,15,4.617218045,4.616738647,0.000305653,20000,1330000,20260901,"164 164 165 166 167 168 169"
table2a_single_staggered,7,7,16,4.617302256,4.616738647,0.000305653,20000,1330000,20260901,"164 164 165 166 167 168 169"
table2a_single_staggered,7,7,17,4.616748120,4.616738647,0.000305653,20000,1330000,20260901,"164 164 165 166 167 168 169"
table2a_single_staggered,7,7,18,4.617475940,4.616738647,0.000305653,20000,1330000,20260901,"164 164 165 166 167 168 169"
table2a_single_staggered,7,7,19,4.617018797,4.616738647,0.000305653,20000,1330000,20260901,"164 164 165 166 167 168 169"
table2a_single_staggered,7,7,20,4.617048120,4.616738647,0.000305653,20000,1330000,20260901,"164 164 165 166 167 168 169"
table2a_single_staggered,7,7,21,4.616896992,4.616738647,0.000305653,20000,1330000,20260901,"164 164 165 166 167 168 169"
table2a_single_staggered,7,7,22,4.615608271,4.616738647,0.000305653,20000,1330000,20260901,"164 164 165 166 167 168 169"
table2a_single_staggered,7,7,23,4.615792481,4.616738647,0.000305653,20000,1330000,20260901,"164 164 165 166 167 168 169"
table2a_single_staggered,7,7,24,4.616329323,4.616738647,0.000305653,20000,1330000,20260901,"164 164 165 166 167 168 169"
table2a_single_staggered,7,7,25,4.615382707,4.616738647,0.000305653,20000,1330000,20260901,"164 164 165 166 167 168 169"
table2a_single_staggered,7,7,26,4.617164662,4.616738647,0.000305653,20000,1330000,20260901,"164 164 165 166 167 168 169"
table2a_single_staggered,7,7,27,4.618182707,4.616738647,0.000305653,20000,1330000,20260901,"164 164 165 166 167 168 169"
table2a_single_staggered,7,7,28,4.616718045,4.616738647,0.000305653,20000,1330000,20260901,"164 164 165 166 167 168 169"
table2a_single_staggered,7,7,29,4.616906015,4.616738647,0.000305653,20000,1330000,20260901,"164 164 165 166 167 168 169"
table2a_single_staggered,7,7,30,4.615492481,4.616738647,0.000305653,20000,1330000,20260901,"164 164 165 166 167 168 169"
table2a_single_staggered,7,8,1,4.954611278,4.955094762,0.000268071,20000,1330000,20260901,"164 164 165 166 167 168 169 170"
table2a_single_staggered,7,8,2,4.955039098,4.955094762,0.000268071,20000,1330000,20260901,"164 164 165 166 167 168 169 170"
table2a_single_staggered,7,8,3,4.955605263,4.955094762,0.000268071,20000,1330000,20260901,"164 164 165 166 167 168 169 170"
table2a_single_staggered,7,8,4,4.954847368,4.955094762,0.000268071,20000,1330000,20260901,"164 164 165 166 167 168 169 170"
table2a_single_staggered,7,8,5,4.954687218,4.955094762,0.000268071,20000,1330000,20260901,"164 164 165 166 167 168 169 170"
table2a_single_staggered,7,8,6,4.956403008,4.955094762,0.000268071,20000,1330000,20260901,"164 164 165 166 167 168 169 170"
table2a_single_staggered,7,8,7,4.956113534,4.955094762,0.000268071,20000,1330000,20260901,"164 164 165 166 167 168 169 170"
table2a_single_staggered,7,8,8,4.956518797,4.955094762,0.000268071,20000,1330000,20260901,"164 164 165 166 167 168 169 170"
table2a_single_staggered,7,8,9,4.954079699,4.955094762,0.000268071,20000,1330000,20260901,"164 164 165 166 167 168 169 170"
table2a_single_staggered,7,8,10,4.955336090,4.955094762,0.000268071,20000,1330000,20260901,"164 164 165 166 167 168 169 170"
table2a_single_staggered,7,8,11,4.955090226,4.955094762,0.000268071,20000,1330000,20260901,"164 164 165 166 167 168 169 170"
table2a_single_staggered,7,8,12,4.953927068,4.955094762,0.000268071,20000,1330000,20260901,"164 164 165 166 167 168 169 170"
table2a_single_staggered,7,8,13,4.954250376,4.955094762,0.000268071,20000,1330000,20260901,"164 164 165 166 167 168 169 170"
table2a_single_staggered,7,8,14,4.955139098,4.955094762,0.000268071,20000,1330000,20260901,"164 164 165 166 167 168 169 170"
table2a_single_staggered,7,8,15,4.955453383,4.955094762,0.000268071,20000,1330000,20260901,"164 164 165 166 167 168 169 170"
table2a_single_staggered,7,8,16,4.955753383,4.955094762,0.000268071,20000,1330000,20260901,"164 164 165 166 167 168 169 170"
table2a_single_staggered,7,8,17,4.954660150,4.955094762,0.000268071,20000,1330000,20260901,"164 164 165 166 167 168 169 170"
table2a_single_staggered,7,8,18,4.955639850,4.955094762,0.000268071,20000,1330000,20260901,"164 164 165 166 167 168 169 170"
table2a_single_staggered,7,8,19,4.955200752,4.955094762,0.000268071,20000,1330000,20260901,"164 164 165 166 167 168 169 170"
table2a_single_staggered,7,8,20,4.956087218,4.955094762,0.000268071,20000,1330000,20260901,"164 164 165 166 167 168 169 170"
table2a_single_staggered,7,8,21,4.954694737,4.955094762,0.000268071,20000,1330000,20260901,"164 164 165 166 167 168 169 170"
table2a_single_staggered,7,8,22,4.953781203,4.955094762,0.000268071,20000,1330000,20260901,"164 164 165 166 167 168 169 170"
table2a_single_staggered,7,8,23,4.954600752,4.955094762,0.000268071,20000,1330000,20260901,"164 164 165 166 167 168 169 170"
table2a_single_staggered,7,8,24,4.955425564,4.955094762,0.000268071,20000,1330000,20260901,"164 164 165 166 167 168 169 170"
table2a_single_staggered,7,8,25,4.954250376,4.955094762,0.000268071,20000,1330000,20260901,"164 164 165 166 167 168 169 170"
table2a_single_staggered,7,8,26,4.955216541,4.955094762,0.000268071,20000,1330000,20260901,"164 164 165 166 167 168 169 170"
table2a_single_staggered,7,8,27,4.955625564,4.955094762,0.000268071,20000,1330000,20260901,"164 164 165 166 167 168 169 170"
table2a_single_staggered,7,8,28,4.955018797,4.955094762,0.000268071,20000,1330000,20260901,"164 164 165 166 167 168 169 170"
table2a_single_staggered,7,8,29,4.955563158,4.955094762,0.000268071,20000,1330000,20260901,"164 164 165 166 167 168 169 170"
table2a_single_staggered,7,8,30,4.954223308,4.955094762,0.000268071,20000,1330000,20260901,"164 164 165 166 167 168 169 170"
table2a_single_staggered,7,9,1,5.244799248,5.244993659,0.000239561,20000,1330000,20260901,"164 164 165 166 167 168 169 170 171"
table2a_single_staggered,7,9,2,5.245202256,5.244993659,0.000239561,20000,1330000,20260901,"164 164 165 166 167 168 169 170 171"
table2a_single_staggered,7,9,3,5.245530827,5.244993659,0.000239561,20000,1330000,20260901,"164 164 165 166 167 168 169 170 171"
table2a_single_staggered,7,9,4,5.245249624,5.244993659,0.000239561,20000,1330000,20260901,"164 164 165 166 167 168 169 170 171"
table2a_single_staggered,7,9,5,5.244418797,5.244993659,0.000239561,20000,1330000,20260901,"164 164 165 166 167 168 169 170 171"
table2a_single_staggered,7,9,6,5.246354135,5.244993659,0.000239561,20000,1330000,20260901,"164 164 165 166 167 168 169 170 171"
table2a_single_staggered,7,9,7,5.245633083,5.244993659,0.000239561,20000,1330000,20260901,"164 164 165 166 167 168 169 170 171"
table2a_single_staggered,7,9,8,5.246104511,5.244993659,0.000239561,20000,1330000,20260901,"164 164 165 166 167 168 169 170 171"
table2a_single_staggered,7,9,9,5.244344361,5.244993659,0.000239561,20000,1330000,20260901,"164 164 165 166 167 168 169 170 171"
table2a_single_staggered,7,9,10,5.244656391,5.244993659,0.000239561,20000,1330000,20260901,"164 164 165 166 167 168 169 170 171"
table2a_single_staggered,7,9,11,5.244691729,5.244993659,0.000239561,20000,1330000,20260901,"164 164 165 166 167 168 169 170 171"
table2a_single_staggered,7,9,12,5.243936090,5.244993659,0.000239561,20000,1330000,20260901,"164 164 165 166 167 168 169 170 171"
table2a_single_staggered,7,9,13,5.243962406,5.244993659,0.000239561,20000,1330000,20260901,"164 164 165 166 167 168 169 170 171"
table2a_single_staggered,7,9,14,5.244724060,5.244993659,0.000239561,20000,1330000,20260901,"164 164 165 166 167 168 169 170 171"
table2a_single_staggered,7,9,15,5.245307519,5.244993659,0.000239561,20000,1330000,20260901,"164 164 165 166 167 168 169 170 171"
table2a_single_staggered,7,9,16,5.244677444,5.244993659,0.000239561,20000,1330000,20260901,"164 164 165 166 167 168 169 170 171"
table2a_single_staggered,7,9,17,5.245314286,5.244993659,0.000239561,20000,1330000,20260901,"164 164 165 166 167 168 169 170 171"
table2a_single_staggered,7,9,18,5.245500000,5.244993659,0.000239561,20000,1330000,20260901,"164 164 165 166 167 168 169 170 171"
table2a_single_staggered,7,9,19,5.245729323,5.244993659,0.000239561,20000,1330000,20260901,"164 164 165 166 167 168 169 170 171"
table2a_single_staggered,7,9,20,5.245512030,5.244993659,0.000239561,20000,1330000,20260901,"164 164 165 166 167 168 169 170 171"
table2a_single_staggered,7,9,21,5.245315038,5.244993659,0.000239561,20000,1330000,20260901,"164 164 165 166 167 168 169 170 171"
table2a_single_staggered,7,9,22,5.243764662,5.244993659,0.000239561,20000,1330000,20260901,"164 164 165 166 167 168 169 170 171"
table2a_single_staggered,7,9,23,5.244996992,5.244993659,0.000239561,20000,1330000,20260901,"164 164 165 166 167 168 169 170 171"
table2a_single_staggered,7,9,24,5.244719549,5.244993659,0.000239561,20000,1330000,20260901,"164 164 165 166 167 168 169 170 171"
table2a_single_staggered,7,9,25,5.244469925,5.244993659,0.000239561,20000,1330000,20260901,"164 164 165 166 167 168 169 170 171"
table2a_single_staggered,7,9,26,5.245258647,5.244993659,0.000239561,20000,1330000,20260901,"164 164 165 166 167 168 169 170 171"
table2a_single_staggered,7,9,27,5.245559398,5.244993659,0.000239561,20000,1330000,20260901,"164 164 165 166 167 168 169 170 171"
table2a_single_staggered,7,9,28,5.244630075,5.244993659,0.000239561,20000,1330000,20260901,"164 164 165 166 167 168 169 170 171"
table2a_single_staggered,7,9,29,5.245354887,5.244993659,0.000239561,20000,1330000,20260901,"164 164 165 166 167 168 169 170 171"
table2a_single_staggered,7,9,30,5.244092481,5.244993659,0.000239561,20000,1330000,20260901,"164 164 165 166 167 168 169 170 171"
table2a_single_staggered,8,3,1,2.641515038,2.640495489,0.000218270,20000,1330000,20260901,"184 184 185"
table2a_single_staggered,8,3,2,2.639985714,2.640495489,0.000218270,20000,1330000,20260901,"184 184 185"
table2a_single_staggered,8,3,3,2.640370677,2.640495489,0.000218270,20000,1330000,20260901,"184 184 185"
table2a_single_staggered,8,3,4,2.639288722,2.640495489,0.000218270,20000,1330000,20260901,"184 184 185"
table2a_single_staggered,8,3,5,2.640812030,2.640495489,0.000218270,20000,1330000,20260901,"184 184 185"
table2a_single_staggered,8,3,6,2.639643609,2.640495489,0.000218270,20000,1330000,20260901,"184 184 185"
table2a_single_staggered,8,3,7,2.640480451,2.640495489,0.000218270,20000,1330000,20260901,"184 184 185"
table2a_single_staggered,8,3,8,2.640522556,2.640495489,0.000218270,20000,1330000,20260901,"184 184 185"
table2a_single_staggered,8,3,9,2.640949624,2.640495489,0.000218270,20000,1330000,20260901,"184 184 185"
table2a_single_staggered,8,3,10,2.641308271,2.640495489,0.000218270,20000,1330000,20260901,"184 184 185"
table2a_single_staggered,8,3,11,2.639830075,2.640495489,0.000218270,20000,1330000,20260901,"184 184 185"
table2a_single_staggered,8,3,12,2.639978195,2.640495489,0.000218270,20000,1330000,20260901,"184 184 185"
table2a_single_staggered,8,3,13,2.641219549,2.640495489,0.000218270,20000,1330000,20260901,"184 184 185"
table2a_single_staggered,8,3,14,2.639565414,2.640495489,0.000218270,20000,1330000,20260901,"184 184 185"
table2a_single_staggered,8,3,15,2.640134586,2.640495489,0.000218270,20000,1330000,20260901,"184 184 185"
table2a_single_staggered,8,3,16,2.641398496,2.640495489,0.000218270,20000,1330000,20260901,"184 184 185"
table2a_single_staggered,8,3,17,2.640324812,2.640495489,0.000218270,20000,1330000,20260901,"184 184 185"
table2a_single_staggered,8,3,18,2.640172932,2.640495489,0.000218270,20000,1330000,20260901,"184 184 185"
table2a_single_staggered,8,3,19,2.640042105,2.640495489,0.000218270,20000,1330000,20260901,"184 184 185"
table2a_single_staggered,8,3,20,2.641148872,2.640495489,0.000218270,20000,1330000,20260901,"184 184 185"
table2a_single_staggered,8,3,21,2.641369173,2.640495489,0.000218270,20000,1330000,20260901,"184 184 185"
table2a_single_staggered,8,3,22,2.640672932,2.640495489,0.000218270,20000,1330000,20260901,"184 184 185"
table2a_single_staggered,8,3,23,2.640180451,2.640495489,0.000218270,20000,1330000,20260901,"184 184 185"
table2a_single_staggered,8,3,24,2.641000752,2.640495489,0.000218270,20000,1330000,20260901,"184 184 185"
table2a_single_staggered,8,3,25,2.640096241,2.640495489,0.000218270,20000,1330000,20260901,"184 184 185"
table2a_single_staggered,8,3,26,2.640200000,2.640495489,0.000218270,20000,1330000,20260901,"184 184 185"
table2a_single_staggered,8,3,27,2.640503759,2.640495489,0.000218270,20000,1330000,20260901,"184 184 185"
table2a_single_staggered,8,3,28,2.640527068,2.640495489,0.000218270,20000,1330000,20260901,"184 184 185"
table2a_single_staggered,8,3,29,2.640675940,2.640495489,0.000218270,20000,1330000,20260901,"184 184 185"
table2a_single_staggered,8,3,30,2.640946617,2.640495489,0.000218270,20000,1330000,20260901,"184 184 185"
table2a_single_staggered,8,4,1,3.311429323,3.310197744,0.000234687,20000,1330000,20260901,"184 184 185 186"
table2a_single_staggered,8,4,2,3.310169925,3.310197744,0.000234687,20000,1330000,20260901,"184 184 185 186"
table2a_single_staggered,8,4,3,3.309676692,3.310197744,0.000234687,20000,1330000,20260901,"184 184 185 186"
table2a_single_staggered,8,4,4,3.310061654,3.310197744,0.000234687,20000,1330000,20260901,"184 184 185 186"
table2a_single_staggered,8,4,5,3.310350376,3.310197744,0.000234687,20000,1330000,20260901,"184 184 185 186"
table2a_single_staggered,8,4,6,3.309219549,3.310197744,0.000234687,20000,1330000,20260901,"184 184 185 186"
table2a_single_staggered,8,4,7,3.310032331,3.310197744,0.000234687,20000,1330000,20260901,"184 184 185 186"
table2a_single_staggered,8,4,8,3.309987218,3.310197744,0.000234687,20000,1330000,20260901,"184 184 185 186"
table2a_single_staggered,8,4,9,3.311025564,3.310197744,0.000234687,20000,1330000,20260901,"184 184 185 186"
table2a_single_staggered,8,4,10,3.311141353,3.310197744,0.000234687,20000,1330000,20260901,"184 184 185 186"
table2a_single_staggered,8,4,11,3.309343609,3.310197744,0.000234687,20000,1330000,20260901,"184 184 185 186"
table2a_single_staggered,8,4,12,3.309595489,3.310197744,0.000234687,20000,1330000,20260901,"184 184 185 186"
table2a_single_staggered,8,4,13,3.311024812,3.310197744,0.000234687,20000,1330000,20260901,"184 184 185 186"
table2a_single_staggered,8,4,14,3.309605263,3.310197744,0.000234687,20000,1330000,20260901,"184 184 185 186"
table2a_single_staggered,8,4,15,3.309693985,3.310197744,0.000234687,20000,1330000,20260901,"184 184 185 186"
table2a_single_staggered,8,4,16,3.311684962,3.310197744,0.000234687,20000,1330000,20260901,"184 184 185 186"
table2a_single_staggered,8,4,17,3.310514286,3.310197744,0.000234687,20000,1330000,20260901,"184 184 185 186"
table2a_single_staggered,8,4,18,3.309610526,3.310197744,0.000234687,20000,1330000,20260901,"184 184 185 186"
table2a_single_staggered,8,4,19,3.309543609,3.310197744,0.000234687,20000,1330000,20260901,"184 184 185 186"
table2a_single_staggered,8,4,20,3.310739098,3.310197744,0.000234687,20000,1330000,20260901,"184 184 185 186"
table2a_single_staggered,8,4,21,3.310661654,3.310197744,0.000234687,20000,1330000,20260901,"184 184 185 186"
table2a_single_staggered,8,4,22,3.310360902,3.310197744,0.000234687,20000,1330000,20260901,"184 184 185 186"
table2a_single_staggered,8,4,23,3.309545113,3.310197744,0.000234687,20000,1330000,20260901,"184 184 185 186"
table2a_single_staggered,8,4,24,3.310509023,3.310197744,0.000234687,20000,1330000,20260901,"184 184 185 186"
table2a_single_staggered,8,4,25,3.310344361,3.310197744,0.000234687,20000,1330000,20260901,"184 184 185 186"
table2a_single_staggered,8,4,26,3.310174436,3.310197744,0.000234687,20000,1330000,20260901,"184 184 185 186"
table2a_single_staggered,8,4,27,3.310205263,3.310197744,0.000234687,20000,1330000,20260901,"184 184 185 186"
table2a_single_staggered,8,4,28,3.309573684,3.310197744,0.000234687,20000,1330000,20260901,"184 184 185 186"
table2a_single_staggered,8,4,29,3.309905263,3.310197744,0.000234687,20000,1330000,20260901,"184 184 185 186"
table2a_single_staggered,8,4,30,3.310203008,3.310197744,0.000234687,20000,1330000,20260901,"184 184 185 186"
table2a_single_staggered,8,5,1,3.897003008,3.895843133,0.000283653,20000,1330000,20260901,"184 184 185 186 187"
table2a_single_staggered,8,5,2,3.896533083,3.895843133,0.000283653,20000,1330000,20260901,"184 184 185 186 187"
table2a_single_staggered,8,5,3,3.894980451,3.895843133,0.000283653,20000,1330000,20260901,"184 184 185 186 187"
table2a_single_staggered,8,5,4,3.895297744,3.895843133,0.000283653,20000,1330000,20260901,"184 184 185 186 187"
table2a_single_staggered,8,5,5,3.896589474,3.895843133,0.000283653,20000,1330000,20260901,"184 184 185 186 187"
table2a_single_staggered,8,5,6,3.894138346,3.895843133,0.000283653,20000,1330000,20260901,"184 184 185 186 187"
table2a_single_staggered,8,5,7,3.896106015,3.895843133,0.000283653,20000,1330000,20260901,"184 184 185 186 187"
table2a_single_staggered,8,5,8,3.895447368,3.895843133,0.000283653,20000,1330000,20260901,"184 184 185 186 187"
table2a_single_staggered,8,5,9,3.896402256,3.895843133,0.000283653,20000,1330000,20260901,"184 184 185 186 187"
table2a_single_staggered,8,5,10,3.896974436,3.895843133,0.000283653,20000,1330000,20260901,"184 184 185 186 187"
table2a_single_staggered,8,5,11,3.894386466,3.895843133,0.000283653,20000,1330000,20260901,"184 184 185 186 187"
table2a_single_staggered,8,5,12,3.896015038,3.895843133,0.000283653,20000,1330000,20260901,"184 184 185 186 187"
table2a_single_staggered,8,5,13,3.896817293,3.895843133,0.000283653,20000,1330000,20260901,"184 184 185 186 187"
table2a_single_staggered,8,5,14,3.895075940,3.895843133,0.000283653,20000,1330000,20260901,"184 184 185 186 187"
table2a_single_staggered,8,5,15,3.896174436,3.895843133,0.000283653,20000,1330000,20260901,"184 184 185 186 187"
table2a_single_staggered,8,5,16,3.896269925,3.895843133,0.000283653,20000,1330000,20260901,"184 184 185 186 187"
table2a_single_staggered,8,5,17,3.895606015,3.895843133,0.000283653,20000,1330000,20260901,"184 184 185 186 187"
table2a_single_staggered,8,5,18,3.896003008,3.895843133,0.000283653,20000,1330000,20260901,"184 184 185 186 187"
table2a_single_staggered,8,5,19,3.895175940,3.895843133,0.000283653,20000,1330000,20260901,"184 184 185 186 187"
table2a_single_staggered,8,5,20,3.895745865,3.895843133,0.000283653,20000,1330000,20260901,"184 184 185 186 187"
table2a_single_staggered,8,5,21,3.895857895,3.895843133,0.000283653,20000,1330000,20260901,"184 184 185 186 187"
table2a_single_staggered,8,5,22,3.895726316,3.895843133,0.000283653,20000,1330000,20260901,"184 184 185 186 187"
table2a_single_staggered,8,5,23,3.894318045,3.895843133,0.000283653,20000,1330000,20260901,"184 184 185 186 187"
table2a_single_staggered,8,5,24,3.896091729,3.895843133,0.000283653,20000,1330000,20260901,"184 184 185 186 187"
table2a_single_staggered,8,5,25,3.896236090,3.895843133,0.000283653,20000,1330000,20260901,"184 184 185 186 187"
table2a_single_staggered,8,5,26,3.896417293,3.895843133,0.000283653,20000,1330000,20260901,"184 184 185 186 187"
table2a_single_staggered,8,5,27,3.896761654,3.895843133,0.000283653,20000,1330000,20260901,"184 184 185 186 187"
table2a_single_staggered,8,5,28,3.895272932,3.895843133,0.000283653,20000,1330000,20260901,"184 184 185 186 187"
table2a_single_staggered,8,5,29,3.895905263,3.895843133,0.000283653,20000,1330000,20260901,"184 184 185 186 187"
table2a_single_staggered,8,5,30,3.895964662,3.895843133,0.000283653,20000,1330000,20260901,"184 184 185 186 187"
table2a_single_staggered,8,6,1,4.409274436,4.407760902,0.000284805,20000,1330000,20260901,"184 184 185 186 187 188"
table2a_single_staggered,8,6,2,4.408190226,4.407760902,0.000284805,20000,1330000,20260901,"184 184 185 186 187 188"
table2a_single_staggered,8,6,3,4.406721053,4.407760902,0.000284805,20000,1330000,20260901,"184 184 185 186 187 188"
table2a_single_staggered,8,6,4,4.407265414,4.407760902,0.000284805,20000,1330000,20260901,"184 184 185 186 187 188"
table2a_single_staggered,8,6,5,4.407821053,4.407760902,0.000284805,20000,1330000,20260901,"184 184 185 186 187 188"
table2a_single_staggered,8,6,6,4.406254887,4.407760902,0.000284805,20000,1330000,20260901,"184 184 185 186 187 188"
table2a_single_staggered,8,6,7,4.408122556,4.407760902,0.000284805,20000,1330000,20260901,"184 184 185 186 187 188"
table2a_single_staggered,8,6,8,4.406926316,4.407760902,0.000284805,20000,1330000,20260901,"184 184 185 186 187 188"
table2a_single_staggered,8,6,9,4.407864662,4.407760902,0.000284805,20000,1330000,20260901,"184 184 185 186 187 188"
table2a_single_staggered,8,6,10,4.408915038,4.407760902,0.000284805,20000,1330000,20260901,"184 184 185 186 187 188"
table2a_single_staggered,8,6,11,4.406312030,4.407760902,0.000284805,20000,1330000,20260901,"184 184 185 186 187 188"
table2a_single_staggered,8,6,12,4.408628571,4.407760902,0.000284805,20000,1330000,20260901,"184 184 185 186 187 188"
table2a_single_staggered,8,6,13,4.408474436,4.407760902,0.000284805,20000,1330000,20260901,"184 184 185 186 187 188"
table2a_single_staggered,8,6,14,4.406793233,4.407760902,0.000284805,20000,1330000,20260901,"184 184 185 186 187 188"
table2a_single_staggered,8,6,15,4.408027068,4.407760902,0.000284805,20000,1330000,20260901,"184 184 185 186 187 188"
table2a_single_staggered,8,6,16,4.408848872,4.407760902,0.000284805,20000,1330000,20260901,"184 184 185 186 187 188"
table2a_single_staggered,8,6,17,4.407326316,4.407760902,0.000284805,20000,1330000,20260901,"184 184 185 186 187 188"
table2a_single_staggered,8,6,18,4.408539098,4.407760902,0.000284805,20000,1330000,20260901,"184 184 185 186 187 188"
table2a_single_staggered,8,6,19,4.406869925,4.407760902,0.000284805,20000,1330000,20260901,"184 184 185 186 187 188"
table2a_single_staggered,8,6,20,4.407253383,4.407760902,0.000284805,20000,1330000,20260901,"184 184 185 186 187 188"
table2a_single_staggered,8,6,21,4.408224060,4.407760902,0.000284805,20000,1330000,20260901,"184 184 185 186 187 188"
table2a_single_staggered,8,6,22,4.407992481,4.407760902,0.000284805,20000,1330000,20260901,"184 184 185 186 187 188"
table2a_single_staggered,8,6,23,4.407133083,4.407760902,0.000284805,20000,1330000,20260901,"184 184 185 186 187 188"
table2a_single_staggered,8,6,24,4.408015038,4.407760902,0.000284805,20000,1330000,20260901,"184 184 185 186 187 188"
table2a_single_staggered,8,6,25,4.407526316,4.407760902,0.000284805,20000,1330000,20260901,"184 184 185 186 187 188"
table2a_single_staggered,8,6,26,4.407746617,4.407760902,0.000284805,20000,1330000,20260901,"184 184 185 186 187 188"
table2a_single_staggered,8,6,27,4.408412782,4.407760902,0.000284805,20000,1330000,20260901,"184 184 185 186 187 188"
table2a_single_staggered,8,6,28,4.407775940,4.407760902,0.000284805,20000,1330000,20260901,"184 184 185 186 187 188"
table2a_single_staggered,8,6,29,4.407887970,4.407760902,0.000284805,20000,1330000,20260901,"184 184 185 186 187 188"
table2a_single_staggered,8,6,30,4.407684211,4.407760902,0.000284805,20000,1330000,20260901,"184 184 185 186 187 188"
table2a_single_staggered,8,7,1,4.857196992,4.855503183,0.000273538,20000,1330000,20260901,"184 184 185 186 187 188 189"
table2a_single_staggered,8,7,2,4.855966165,4.855503183,0.000273538,20000,1330000,20260901,"184 184 185 186 187 188 189"
table2a_single_staggered,8,7,3,4.854279699,4.855503183,0.000273538,20000,1330000,20260901,"184 184 185 186 187 188 189"
table2a_single_staggered,8,7,4,4.854757143,4.855503183,0.000273538,20000,1330000,20260901,"184 184 185 186 187 188 189"
table2a_single_staggered,8,7,5,4.855650376,4.855503183,0.000273538,20000,1330000,20260901,"184 184 185 186 187 188 189"
table2a_single_staggered,8,7,6,4.854175940,4.855503183,0.000273538,20000,1330000,20260901,"184 184 185 186 187 188 189"
table2a_single_staggered,8,7,7,4.855652632,4.855503183,0.000273538,20000,1330000,20260901,"184 184 185 186 187 188 189"
table2a_single_staggered,8,7,8,4.855294737,4.855503183,0.000273538,20000,1330000,20260901,"184 184 185 186 187 188 189"
table2a_single_staggered,8,7,9,4.855698496,4.855503183,0.000273538,20000,1330000,20260901,"184 184 185 186 187 188 189"
table2a_single_staggered,8,7,10,4.856666165,4.855503183,0.000273538,20000,1330000,20260901,"184 184 185 186 187 188 189"
table2a_single_staggered,8,7,11,4.854653383,4.855503183,0.000273538,20000,1330000,20260901,"184 184 185 186 187 188 189"
table2a_single_staggered,8,7,12,4.856818797,4.855503183,0.000273538,20000,1330000,20260901,"184 184 185 186 187 188 189"
table2a_single_staggered,8,7,13,4.855966917,4.855503183,0.000273538,20000,1330000,20260901,"184 184 185 186 187 188 189"
table2a_single_staggered,8,7,14,4.854502256,4.855503183,0.000273538,20000,1330000,20260901,"184 184 185 186 187 188 189"
table2a_single_staggered,8,7,15,4.855536090,4.855503183,0.000273538,20000,1330000,20260901,"184 184 185 186 187 188 189"
table2a_single_staggered,8,7,16,4.855633083,4.855503183,0.000273538,20000,1330000,20260901,"184 184 185 186 187 188 189"
table2a_single_staggered,8,7,17,4.854679699,4.855503183,0.000273538,20000,1330000,20260901,"184 184 185 186 187 188 189"
table2a_single_staggered,8,7,18,4.855756391,4.855503183,0.000273538,20000,1330000,20260901,"184 184 185 186 187 188 189"
table2a_single_staggered,8,7,19,4.855210526,4.855503183,0.000273538,20000,1330000,20260901,"184 184 185 186 187 188 189"
table2a_single_staggered,8,7,20,4.855218045,4.855503183,0.000273538,20000,1330000,20260901,"184 184 185 186 187 188 189"
table2a_single_staggered,8,7,21,4.855784962,4.855503183,0.000273538,20000,1330000,20260901,"184 184 185 186 187 188 189"
table2a_single_staggered,8,7,22,4.856082707,4.855503183,0.000273538,20000,1330000,20260901,"184 184 185 186 187 188 189"
table2a_single_staggered,8,7,23,4.855363910,4.855503183,0.000273538,20000,1330000,20260901,"184 184 185 186 187 188 189"
table2a_single_staggered,8,7,24,4.855429323,4.855503183,0.000273538,20000,1330000,20260901,"184 184 185 186 187 188 189"
table2a_single_staggered,8,7,25,4.854682707,4.855503183,0.000273538,20000,1330000,20260901,"184 184 185 186 187 188 189"
table2a_single_staggered,8,7,26,4.855197744,4.855503183,0.000273538,20000,1330000,20260901,"184 184 185 186 187 188 189"
table2a_single_staggered,8,7,27,4.856378947,4.855503183,0.000273538,20000,1330000,20260901,"184 184 185 186 187 188 189"
table2a_single_staggered,8,7,28,4.855419549,4.855503183,0.000273538,20000,1330000,20260901,"184 184 185 186 187 188 189"
table2a_single_staggered,8,7,29,4.856227820,4.855503183,0.000273538,20000,1330000,20260901,"184 184 185 186 187 188 189"
table2a_single_staggered,8,7,30,4.855214286,4.855503183,0.000273538,20000,1330000,20260901,"184 184 185 186 187 188 189"
table2a_single_staggered,8,8,1,5.248826316,5.246934211,0.000288464,20000,1330000,20260901,"184 184 185 186 187 188 189 190"
table2a_single_staggered,8,8,2,5.247642857,5.246934211,0.000288464,20000,1330000,20260901,"184 184 185 186 187 188 189 190"
table2a_single_staggered,8,8,3,5.245254887,5.246934211,0.000288464,20000,1330000,20260901,"184 184 185 186 187 188 189 190"
table2a_single_staggered,8,8,4,5.247015038,5.246934211,0.000288464,20000,1330000,20260901,"184 184 185 186 187 188 189 190"
table2a_single_staggered,8,8,5,5.246879699,5.246934211,0.000288464,20000,1330000,20260901,"184 184 185 186 187 188 189 190"
table2a_single_staggered,8,8,6,5.246719549,5.246934211,0.000288464,20000,1330000,20260901,"184 184 185 186 187 188 189 190"
table2a_single_staggered,8,8,7,5.246724060,5.246934211,0.000288464,20000,1330000,20260901,"184 184 185 186 187 188 189 190"
table2a_single_staggered,8,8,8,5.246501504,5.246934211,0.000288464,20000,1330000,20260901,"184 184 185 186 187 188 189 190"
table2a_single_staggered,8,8,9,5.246805263,5.246934211,0.000288464,20000,1330000,20260901,"184 184 185 186 187 188 189 190"
table2a_single_staggered,8,8,10,5.247981203,5.246934211,0.000288464,20000,1330000,20260901,"184 184 185 186 187 188 189 190"
table2a_single_staggered,8,8,11,5.246209774,5.246934211,0.000288464,20000,1330000,20260901,"184 184 185 186 187 188 189 190"
table2a_single_staggered,8,8,12,5.247837594,5.246934211,0.000288464,20000,1330000,20260901,"184 184 185 186 187 188 189 190"
table2a_single_staggered,8,8,13,5.247114286,5.246934211,0.000288464,20000,1330000,20260901,"184 184 185 186 187 188 189 190"
table2a_single_staggered,8,8,14,5.246439850,5.246934211,0.000288464,20000,1330000,20260901,"184 184 185 186 187 188 189 190"
table2a_single_staggered,8,8,15,5.246138346,5.246934211,0.000288464,20000,1330000,20260901,"184 184 185 186 187 188 189 190"
table2a_single_staggered,8,8,16,5.246602256,5.246934211,0.000288464,20000,1330000,20260901,"184 184 185 186 187 188 189 190"
table2a_single_staggered,8,8,17,5.246607519,5.246934211,0.000288464,20000,1330000,20260901,"184 184 185 186 187 188 189 190"
table2a_single_staggered,8,8,18,5.247430075,5.246934211,0.000288464,20000,1330000,20260901,"184 184 185 186 187 188 189 190"
table2a_single_staggered,8,8,19,5.246778195,5.246934211,0.000288464,20000,1330000,20260901,"184 184 185 186 187 188 189 190"
table2a_single_staggered,8,8,20,5.247310526,5.246934211,0.000288464,20000,1330000,20260901,"184 184 185 186 187 188 189 190"
table2a_single_staggered,8,8,21,5.247748120,5.246934211,0.000288464,20000,1330000,20260901,"184 184 185 186 187 188 189 190"
table2a_single_staggered,8,8,22,5.247273684,5.246934211,0.000288464,20000,1330000,20260901,"184 184 185 186 187 188 189 190"
table2a_single_staggered,8,8,23,5.245963158,5.246934211,0.000288464,20000,1330000,20260901,"184 184 185 186 187 188 189 190"
table2a_single_staggered,8,8,24,5.246663910,5.246934211,0.000288464,20000,1330000,20260901,"184 184 185 186 187 188 189 190"
table2a_single_staggered,8,8,25,5.245753383,5.246934211,0.000288464,20000,1330000,20260901,"184 184 185 186 187 188 189 190"
table2a_single_staggered,8,8,26,5.246443609,5.246934211,0.000288464,20000,1330000,20260901,"184 184 185 186 187 188 189 190"
table2a_single_staggered,8,8,27,5.247707519,5.246934211,0.000288464,20000,1330000,20260901,"184 184 185 186 187 188 189 190"
table2a_single_staggered,8,8,28,5.246483459,5.246934211,0.000288464,20000,1330000,20260901,"184 184 185 186 187 188 189 190"
table2a_single_staggered,8,8,29,5.248309023,5.246934211,0.000288464,20000,1330000,20260901,"184 184 185 186 187 188 189 190"
table2a_single_staggered,8,8,30,5.246861654,5.246934211,0.000288464,20000,1330000,20260901,"184 184 185 186 187 188 189 190"
table2a_single_staggered,8,9,1,5.591502256,5.589293584,0.000300098,20000,1330000,20260901,"184 184 185 186 187 188 189 190 191"
table2a_single_staggered,8,9,2,5.590860150,5.589293584,0.000300098,20000,1330000,20260901,"184 184 185 186 187 188 189 190 191"
table2a_single_staggered,8,9,3,5.588606015,5.589293584,0.000300098,20000,1330000,20260901,"184 184 185 186 187 188 189 190 191"
table2a_single_staggered,8,9,4,5.589265414,5.589293584,0.000300098,20000,1330000,20260901,"184 184 185 186 187 188 189 190 191"
table2a_single_staggered,8,9,5,5.589157143,5.589293584,0.000300098,20000,1330000,20260901,"184 184 185 186 187 188 189 190 191"
table2a_single_staggered,8,9,6,5.588823308,5.589293584,0.000300098,20000,1330000,20260901,"184 184 185 186 187 188 189 190 191"
table2a_single_staggered,8,9,7,5.589262406,5.589293584,0.000300098,20000,1330000,20260901,"184 184 185 186 187 188 189 190 191"
table2a_single_staggered,8,9,8,5.588973684,5.589293584,0.000300098,20000,1330000,20260901,"184 184 185 186 187 188 189 190 191"
table2a_single_staggered,8,9,9,5.589580451,5.589293584,0.000300098,20000,1330000,20260901,"184 184 185 186 187 188 189 190 191"
table2a_single_staggered,8,9,10,5.590348120,5.589293584,0.000300098,20000,1330000,20260901,"184 184 185 186 187 188 189 190 191"
table2a_single_staggered,8,9,11,5.588586466,5.589293584,0.000300098,20000,1330000,20260901,"184 184 185 186 187 188 189 190 191"
table2a_single_staggered,8,9,12,5.590676692,5.589293584,0.000300098,20000,1330000,20260901,"184 184 185 186 187 188 189 190 191"
table2a_single_staggered,8,9,13,5.589473684,5.589293584,0.000300098,20000,1330000,20260901,"184 184 185 186 187 188 189 190 191"
table2a_single_staggered,8,9,14,5.589273684,5.589293584,0.000300098,20000,1330000,20260901,"184 184 185 186 187 188 189 190 191"
table2a_single_staggered,8,9,15,5.588210526,5.589293584,0.000300098,20000,1330000,20260901,"184 184 185 186 187 188 189 190 191"
table2a_single_staggered,8,9,16,5.588749624,5.589293584,0.000300098,20000,1330000,20260901,"184 184 185 186 187 188 189 190 191"
table2a_single_staggered,8,9,17,5.588547368,5.589293584,0.000300098,20000,1330000,20260901,"184 184 185 186 187 188 189 190 191"
table2a_single_staggered,8,9,18,5.589393985,5.589293584,0.000300098,20000,1330000,20260901,"184 184 185 186 187 188 189 190 191"
table2a_single_staggered,8,9,19,5.588520301,5.589293584,0.000300098,20000,1330000,20260901,"184 184 185 186 187 188 189 190 191"
table2a_single_staggered,8,9,20,5.589039850,5.589293584,0.000300098,20000,1330000,20260901,"184 184 185 186 187 188 189 190 191"
table2a_single_staggered,8,9,21,5.589600752,5.589293584,0.000300098,20000,1330000,20260901,"184 184 185 186 187 188 189 190 191"
table2a_single_staggered,8,9,22,5.589422556,5.589293584,0.000300098,20000,1330000,20260901,"184 184 185 186 187 188 189 190 191"
table2a_single_staggered,8,9,23,5.588033835,5.589293584,0.000300098,20000,1330000,20260901,"184 184 185 186 187 188 189 190 191"
table2a_single_staggered,8,9,24,5.588869173,5.589293584,0.000300098,20000,1330000,20260901,"184 184 185 186 187 188 189 190 191"
table2a_single_staggered,8,9,25,5.588717293,5.589293584,0.000300098,20000,1330000,20260901,"184 184 185 186 187 188 189 190 191"
table2a_single_staggered,8,9,26,5.589051128,5.589293584,0.000300098,20000,1330000,20260901,"184 184 185 186 187 188 189 190 191"
table2a_single_staggered,8,9,27,5.589777444,5.589293584,0.000300098,20000,1330000,20260901,"184 184 185 186 187 188 189 190 191"
table2a_single_staggered,8,9,28,5.589024812,5.589293584,0.000300098,20000,1330000,20260901,"184 184 185 186 187 188 189 190 191"
table2a_single_staggered,8,9,29,5.590532331,5.589293584,0.000300098,20000,1330000,20260901,"184 184 185 186 187 188 189 190 191"
table2a_single_staggered,8,9,30,5.588927068,5.589293584,0.000300098,20000,1330000,20260901,"184 184 185 186 187 188 189 190 191"
table2a_single_staggered,9,3,1,2.679416541,2.679154962,0.000140579,20000,1330000,20260901,"204 204 205"
table2a_single_staggered,9,3,2,2.678818045,2.679154962,0.000140579,20000,1330000,20260901,"204 204 205"
table2a_single_staggered,9,3,3,2.678918045,2.679154962,0.000140579,20000,1330000,20260901,"204 204 205"
table2a_single_staggered,9,3,4,2.679603759,2.679154962,0.000140579,20000,1330000,20260901,"204 204 205"
table2a_single_staggered,9,3,5,2.678964662,2.679154962,0.000140579,20000,1330000,20260901,"204 204 205"
table2a_single_staggered,9,3,6,2.679043609,2.679154962,0.000140579,20000,1330000,20260901,"204 204 205"
table2a_single_staggered,9,3,7,2.679170677,2.679154962,0.000140579,20000,1330000,20260901,"204 204 205"
table2a_single_staggered,9,3,8,2.679157143,2.679154962,0.000140579,20000,1330000,20260901,"204 204 205"
table2a_single_staggered,9,3,9,2.679115789,2.679154962,0.000140579,20000,1330000,20260901,"204 204 205"
table2a_single_staggered,9,3,10,2.679746617,2.679154962,0.000140579,20000,1330000,20260901,"204 204 205"
table2a_single_staggered,9,3,11,2.678879699,2.679154962,0.000140579,20000,1330000,20260901,"204 204 205"
table2a_single_staggered,9,3,12,2.679550376,2.679154962,0.000140579,20000,1330000,20260901,"204 204 205"
table2a_single_staggered,9,3,13,2.678771429,2.679154962,0.000140579,20000,1330000,20260901,"204 204 205"
table2a_single_staggered,9,3,14,2.679436842,2.679154962,0.000140579,20000,1330000,20260901,"204 204 205"
table2a_single_staggered,9,3,15,2.679853383,2.679154962,0.000140579,20000,1330000,20260901,"204 204 205"
table2a_single_staggered,9,3,16,2.679476692,2.679154962,0.000140579,20000,1330000,20260901,"204 204 205"
table2a_single_staggered,9,3,17,2.679227820,2.679154962,0.000140579,20000,1330000,20260901,"204 204 205"
table2a_single_staggered,9,3,18,2.678548120,2.679154962,0.000140579,20000,1330000,20260901,"204 204 205"
table2a_single_staggered,9,3,19,2.678863158,2.679154962,0.000140579,20000,1330000,20260901,"204 204 205"
table2a_single_staggered,9,3,20,2.678430827,2.679154962,0.000140579,20000,1330000,20260901,"204 204 205"
table2a_single_staggered,9,3,21,2.679145113,2.679154962,0.000140579,20000,1330000,20260901,"204 204 205"
table2a_single_staggered,9,3,22,2.679597744,2.679154962,0.000140579,20000,1330000,20260901,"204 204 205"
table2a_single_staggered,9,3,23,2.678939098,2.679154962,0.000140579,20000,1330000,20260901,"204 204 205"
table2a_single_staggered,9,3,24,2.679443609,2.679154962,0.000140579,20000,1330000,20260901,"204 204 205"
table2a_single_staggered,9,3,25,2.679111278,2.679154962,0.000140579,20000,1330000,20260901,"204 204 205"
table2a_single_staggered,9,3,26,2.679510526,2.679154962,0.000140579,20000,1330000,20260901,"204 204 205"
table2a_single_staggered,9,3,27,2.678540602,2.679154962,0.000140579,20000,1330000,20260901,"204 204 205"
table2a_single_staggered,9,3,28,2.678817293,2.679154962,0.000140579,20000,1330000,20260901,"204 204 205"
table2a_single_staggered,9,3,29,2.678912782,2.679154962,0.000140579,20000,1330000,20260901,"204 204 205"
table2a_single_staggered,9,3,30,2.679637594,2.679154962,0.000140579,20000,1330000,20260901,"204 204 205"
table2a_single_staggered,9,4,1,3.381642105,3.381321228,0.000214348,20000,1330000,20260901,"204 204 205 206"
table2a_single_staggered,9,4,2,3.381167669,3.381321228,0.000214348,20000,1330000,20260901,"204 204 205 206"
table2a_single_staggered,9,4,3,3.381755639,3.381321228,0.000214348,20000,1330000,20260901,"204 204 205 206"
table2a_single_staggered,9,4,4,3.381128571,3.381321228,0.000214348,20000,1330000,20260901,"204 204 205 206"
table2a_single_staggered,9,4,5,3.380814286,3.381321228,0.000214348,20000,1330000,20260901,"204 204 205 206"
table2a_single_staggered,9,4,6,3.380810526,3.381321228,0.000214348,20000,1330000,20260901,"204 204 205 206"
table2a_single_staggered,9,4,7,3.381935338,3.381321228,0.000214348,20000,1330000,20260901,"204 204 205 206"
table2a_single_staggered,9,4,8,3.380918045,3.381321228,0.000214348,20000,1330000,20260901,"204 204 205 206"
table2a_single_staggered,9,4,9,3.381139098,3.381321228,0.000214348,20000,1330000,20260901,"204 204 205 206"
table2a_single_staggered,9,4,10,3.382199248,3.381321228,0.000214348,20000,1330000,20260901,"204 204 205 206"
table2a_single_staggered,9,4,11,3.380664662,3.381321228,0.000214348,20000,1330000,20260901,"204 204 205 206"
table2a_single_staggered,9,4,12,3.381495489,3.381321228,0.000214348,20000,1330000,20260901,"204 204 205 206"
table2a_single_staggered,9,4,13,3.381480451,3.381321228,0.000214348,20000,1330000,20260901,"204 204 205 206"
table2a_single_staggered,9,4,14,3.381400000,3.381321228,0.000214348,20000,1330000,20260901,"204 204 205 206"
table2a_single_staggered,9,4,15,3.381681955,3.381321228,0.000214348,20000,1330000,20260901,"204 204 205 206"
table2a_single_staggered,9,4,16,3.381656391,3.381321228,0.000214348,20000,1330000,20260901,"204 204 205 206"
table2a_single_staggered,9,4,17,3.382006767,3.381321228,0.000214348,20000,1330000,20260901,"204 204 205 206"
table2a_single_staggered,9,4,18,3.380533083,3.381321228,0.000214348,20000,1330000,20260901,"204 204 205 206"
table2a_single_staggered,9,4,19,3.380666917,3.381321228,0.000214348,20000,1330000,20260901,"204 204 205 206"
table2a_single_staggered,9,4,20,3.380265414,3.381321228,0.000214348,20000,1330000,20260901,"204 204 205 206"
table2a_single_staggered,9,4,21,3.381923308,3.381321228,0.000214348,20000,1330000,20260901,"204 204 205 206"
table2a_single_staggered,9,4,22,3.382245865,3.381321228,0.000214348,20000,1330000,20260901,"204 204 205 206"
table2a_single_staggered,9,4,23,3.380830075,3.381321228,0.000214348,20000,1330000,20260901,"204 204 205 206"
table2a_single_staggered,9,4,24,3.381794737,3.381321228,0.000214348,20000,1330000,20260901,"204 204 205 206"
table2a_single_staggered,9,4,25,3.380713534,3.381321228,0.000214348,20000,1330000,20260901,"204 204 205 206"
table2a_single_staggered,9,4,26,3.382203759,3.381321228,0.000214348,20000,1330000,20260901,"204 204 205 206"
table2a_single_staggered,9,4,27,3.380831579,3.381321228,0.000214348,20000,1330000,20260901,"204 204 205 206"
table2a_single_staggered,9,4,28,3.380589474,3.381321228,0.000214348,20000,1330000,20260901,"204 204 205 206"
table2a_single_staggered,9,4,29,3.381224060,3.381321228,0.000214348,20000,1330000,20260901,"204 204 205 206"
table2a_single_staggered,9,4,30,3.381918797,3.381321228,0.000214348,20000,1330000,20260901,"204 204 205 206"
table2a_single_staggered,9,5,1,4.006006015,4.005332757,0.000239376,20000,1330000,20260901,"204 204 205 206 207"
table2a_single_staggered,9,5,2,4.004607519,4.005332757,0.000239376,20000,1330000,20260901,"204 204 205 206 207"
table2a_single_staggered,9,5,3,4.005669173,4.005332757,0.000239376,20000,1330000,20260901,"204 204 205 206 207"
table2a_single_staggered,9,5,4,4.005442105,4.005332757,0.000239376,20000,1330000,20260901,"204 204 205 206 207"
table2a_single_staggered,9,5,5,4.005104511,4.005332757,0.000239376,20000,1330000,20260901,"204 204 205 206 207"
table2a_single_staggered,9,5,6,4.005104511,4.005332757,0.000239376,20000,1330000,20260901,"204 204 205 206 207"
table2a_single_staggered,9,5,7,4.004920301,4.005332757,0.000239376,20000,1330000,20260901,"204 204 205 206 207"
table2a_single_staggered,9,5,8,4.004772932,4.005332757,0.000239376,20000,1330000,20260901,"204 204 205 206 207"
table2a_single_staggered,9,5,9,4.006040602,4.005332757,0.000239376,20000,1330000,20260901,"204 204 205 206 207"
table2a_single_staggered,9,5,10,4.005822556,4.005332757,0.000239376,20000,1330000,20260901,"204 204 205 206 207"
table2a_single_staggered,9,5,11,4.004797744,4.005332757,0.000239376,20000,1330000,20260901,"204 204 205 206 207"
table2a_single_staggered,9,5,12,4.006081203,4.005332757,0.000239376,20000,1330000,20260901,"204 204 205 206 207"
table2a_single_staggered,9,5,13,4.006203008,4.005332757,0.000239376,20000,1330000,20260901,"204 204 205 206 207"
table2a_single_staggered,9,5,14,4.005819549,4.005332757,0.000239376,20000,1330000,20260901,"204 204 205 206 207"
table2a_single_staggered,9,5,15,4.004857895,4.005332757,0.000239376,20000,1330000,20260901,"204 204 205 206 207"
table2a_single_staggered,9,5,16,4.005824812,4.005332757,0.000239376,20000,1330000,20260901,"204 204 205 206 207"
table2a_single_staggered,9,5,17,4.005818797,4.005332757,0.000239376,20000,1330000,20260901,"204 204 205 206 207"
table2a_single_staggered,9,5,18,4.004777444,4.005332757,0.000239376,20000,1330000,20260901,"204 204 205 206 207"
table2a_single_staggered,9,5,19,4.004147368,4.005332757,0.000239376,20000,1330000,20260901,"204 204 205 206 207"
table2a_single_staggered,9,5,20,4.004036842,4.005332757,0.000239376,20000,1330000,20260901,"204 204 205 206 207"
table2a_single_staggered,9,5,21,4.005659398,4.005332757,0.000239376,20000,1330000,20260901,"204 204 205 206 207"
table2a_single_staggered,9,5,22,4.006372180,4.005332757,0.000239376,20000,1330000,20260901,"204 204 205 206 207"
table2a_single_staggered,9,5,23,4.004907519,4.005332757,0.000239376,20000,1330000,20260901,"204 204 205 206 207"
table2a_single_staggered,9,5,24,4.005541353,4.005332757,0.000239376,20000,1330000,20260901,"204 204 205 206 207"
table2a_single_staggered,9,5,25,4.005036842,4.005332757,0.000239376,20000,1330000,20260901,"204 204 205 206 207"
table2a_single_staggered,9,5,26,4.005833835,4.005332757,0.000239376,20000,1330000,20260901,"204 204 205 206 207"
table2a_single_staggered,9,5,27,4.004525564,4.005332757,0.000239376,20000,1330000,20260901,"204 204 205 206 207"
table2a_single_staggered,9,5,28,4.005042105,4.005332757,0.000239376,20000,1330000,20260901,"204 204 205 206 207"
table2a_single_staggered,9,5,29,4.004928571,4.005332757,0.000239376,20000,1330000,20260901,"204 204 205 206 207"
table2a_single_staggered,9,5,30,4.006280451,4.005332757,0.000239376,20000,1330000,20260901,"204 204 205 206 207"
table2a_single_staggered,9,6,1,4.561073684,4.559604536,0.000308486,20000,1330000,20260901,"204 204 205 206 207 208"
table2a_single_staggered,9,6,2,4.558884211,4.559604536,0.000308486,20000,1330000,20260901,"204 204 205 206 207 208"
table2a_single_staggered,9,6,3,4.559946617,4.559604536,0.000308486,20000,1330000,20260901,"204 204 205 206 207 208"
table2a_single_staggered,9,6,4,4.560012030,4.559604536,0.000308486,20000,1330000,20260901,"204 204 205 206 207 208"
table2a_single_staggered,9,6,5,4.559030075,4.559604536,0.000308486,20000,1330000,20260901,"204 204 205 206 207 208"
table2a_single_staggered,9,6,6,4.558768421,4.559604536,0.000308486,20000,1330000,20260901,"204 204 205 206 207 208"
table2a_single_staggered,9,6,7,4.559477444,4.559604536,0.000308486,20000,1330000,20260901,"204 204 205 206 207 208"
table2a_single_staggered,9,6,8,4.559298496,4.559604536,0.000308486,20000,1330000,20260901,"204 204 205 206 207 208"
table2a_single_staggered,9,6,9,4.560052632,4.559604536,0.000308486,20000,1330000,20260901,"204 204 205 206 207 208"
table2a_single_staggered,9,6,10,4.560769925,4.559604536,0.000308486,20000,1330000,20260901,"204 204 205 206 207 208"
table2a_single_staggered,9,6,11,4.559330827,4.559604536,0.000308486,20000,1330000,20260901,"204 204 205 206 207 208"
table2a_single_staggered,9,6,12,4.560092481,4.559604536,0.000308486,20000,1330000,20260901,"204 204 205 206 207 208"
table2a_single_staggered,9,6,13,4.560493985,4.559604536,0.000308486,20000,1330000,20260901,"204 204 205 206 207 208"
table2a_single_staggered,9,6,14,4.559888722,4.559604536,0.000308486,20000,1330000,20260901,"204 204 205 206 207 208"
table2a_single_staggered,9,6,15,4.559335338,4.559604536,0.000308486,20000,1330000,20260901,"204 204 205 206 207 208"
table2a_single_staggered,9,6,16,4.560477444,4.559604536,0.000308486,20000,1330000,20260901,"204 204 205 206 207 208"
table2a_single_staggered,9,6,17,4.558900752,4.559604536,0.000308486,20000,1330000,20260901,"204 204 205 206 207 208"
table2a_single_staggered,9,6,18,4.558693985,4.559604536,0.000308486,20000,1330000,20260901,"204 204 205 206 207 208"
table2a_single_staggered,9,6,19,4.558175188,4.559604536,0.000308486,20000,1330000,20260901,"204 204 205 206 207 208"
table2a_single_staggered,9,6,20,4.557633083,4.559604536,0.000308486,20000,1330000,20260901,"204 204 205 206 207 208"
table2a_single_staggered,9,6,21,4.559415789,4.559604536,0.000308486,20000,1330000,20260901,"204 204 205 206 207 208"
table2a_single_staggered,9,6,22,4.560830075,4.559604536,0.000308486,20000,1330000,20260901,"204 204 205 206 207 208"
table2a_single_staggered,9,6,23,4.559191729,4.559604536,0.000308486,20000,1330000,20260901,"204 204 205 206 207 208"
table2a_single_staggered,9,6,24,4.560569173,4.559604536,0.000308486,20000,1330000,20260901,"204 204 205 206 207 208"
table2a_single_staggered,9,6,25,4.559369173,4.559604536,0.000308486,20000,1330000,20260901,"204 204 205 206 207 208"
table2a_single_staggered,9,6,26,4.560677444,4.559604536,0.000308486,20000,1330000,20260901,"204 204 205 206 207 208"
table2a_single_staggered,9,6,27,4.558941353,4.559604536,0.000308486,20000,1330000,20260901,"204 204 205 206 207 208"
table2a_single_staggered,9,6,28,4.559424812,4.559604536,0.000308486,20000,1330000,20260901,"204 204 205 206 207 208"
table2a_single_staggered,9,6,29,4.559175940,4.559604536,0.000308486,20000,1330000,20260901,"204 204 205 206 207 208"
table2a_single_staggered,9,6,30,4.560205263,4.559604536,0.000308486,20000,1330000,20260901,"204 204 205 206 207 208"
table2a_single_staggered,9,7,1,5.053618045,5.051977368,0.000338005,20000,1330000,20260901,"204 204 205 206 207 208 209"
table2a_single_staggered,9,7,2,5.051177444,5.051977368,0.000338005,20000,1330000,20260901,"204 204 205 206 207 208 209"
table2a_single_staggered,9,7,3,5.052341353,5.051977368,0.000338005,20000,1330000,20260901,"204 204 205 206 207 208 209"
table2a_single_staggered,9,7,4,5.052154887,5.051977368,0.000338005,20000,1330000,20260901,"204 204 205 206 207 208 209"
table2a_single_staggered,9,7,5,5.052383459,5.051977368,0.000338005,20000,1330000,20260901,"204 204 205 206 207 208 209"
table2a_single_staggered,9,7,6,5.051324060,5.051977368,0.000338005,20000,1330000,20260901,"204 204 205 206 207 208 209"
table2a_single_staggered,9,7,7,5.051848872,5.051977368,0.000338005,20000,1330000,20260901,"204 204 205 206 207 208 209"
table2a_single_staggered,9,7,8,5.051109774,5.051977368,0.000338005,20000,1330000,20260901,"204 204 205 206 207 208 209"
table2a_single_staggered,9,7,9,5.052444361,5.051977368,0.000338005,20000,1330000,20260901,"204 204 205 206 207 208 209"
table2a_single_staggered,9,7,10,5.053242105,5.051977368,0.000338005,20000,1330000,20260901,"204 204 205 206 207 208 209"
table2a_single_staggered,9,7,11,5.052395489,5.051977368,0.000338005,20000,1330000,20260901,"204 204 205 206 207 208 209"
table2a_single_staggered,9,7,12,5.052584962,5.051977368,0.000338005,20000,1330000,20260901,"204 204 205 206 207 208 209"
table2a_single_staggered,9,7,13,5.052963910,5.051977368,0.000338005,20000,1330000,20260901,"204 204 205 206 207 208 209"
table2a_single_staggered,9,7,14,5.051809023,5.051977368,0.000338005,20000,1330000,20260901,"204 204 205 206 207 208 209"
table2a_single_staggered,9,7,15,5.052510526,5.051977368,0.000338005,20000,1330000,20260901,"204 204 205 206 207 208 209"
table2a_single_staggered,9,7,16,5.053092481,5.051977368,0.000338005,20000,1330000,20260901,"204 204 205 206 207 208 209"
table2a_single_staggered,9,7,17,5.052021805,5.051977368,0.000338005,20000,1330000,20260901,"204 204 205 206 207 208 209"
table2a_single_staggered,9,7,18,5.051530075,5.051977368,0.000338005,20000,1330000,20260901,"204 204 205 206 207 208 209"
table2a_single_staggered,9,7,19,5.050376692,5.051977368,0.000338005,20000,1330000,20260901,"204 204 205 206 207 208 209"
table2a_single_staggered,9,7,20,5.049909023,5.051977368,0.000338005,20000,1330000,20260901,"204 204 205 206 207 208 209"
table2a_single_staggered,9,7,21,5.051575940,5.051977368,0.000338005,20000,1330000,20260901,"204 204 205 206 207 208 209"
table2a_single_staggered,9,7,22,5.053300000,5.051977368,0.000338005,20000,1330000,20260901,"204 204 205 206 207 208 209"
table2a_single_staggered,9,7,23,5.051051880,5.051977368,0.000338005,20000,1330000,20260901,"204 204 205 206 207 208 209"
table2a_single_staggered,9,7,24,5.052478947,5.051977368,0.000338005,20000,1330000,20260901,"204 204 205 206 207 208 209"
table2a_single_staggered,9,7,25,5.050848872,5.051977368,0.000338005,20000,1330000,20260901,"204 204 205 206 207 208 209"
table2a_single_staggered,9,7,26,5.053006015,5.051977368,0.000338005,20000,1330000,20260901,"204 204 205 206 207 208 209"
table2a_single_staggered,9,7,27,5.050957895,5.051977368,0.000338005,20000,1330000,20260901,"204 204 205 206 207 208 209"
table2a_single_staggered,9,7,28,5.051424060,5.051977368,0.000338005,20000,1330000,20260901,"204 204 205 206 207 208 209"
table2a_single_staggered,9,7,29,5.051551880,5.051977368,0.000338005,20000,1330000,20260901,"204 204 205 206 207 208 209"
table2a_single_staggered,9,7,30,5.052287218,5.051977368,0.000338005,20000,1330000,20260901,"204 204 205 206 207 208 209"
table2a_single_staggered,9,8,1,5.490296992,5.489275514,0.000296547,20000,1330000,20260901,"204 204 205 206 207 208 209 210"
table2a_single_staggered,9,8,2,5.488330075,5.489275514,0.000296547,20000,1330000,20260901,"204 204 205 206 207 208 209 210"
table2a_single_staggered,9,8,3,5.489369925,5.489275514,0.000296547,20000,1330000,20260901,"204 204 205 206 207 208 209 210"
table2a_single_staggered,9,8,4,5.488788722,5.489275514,0.000296547,20000,1330000,20260901,"204 204 205 206 207 208 209 210"
table2a_single_staggered,9,8,5,5.490434586,5.489275514,0.000296547,20000,1330000,20260901,"204 204 205 206 207 208 209 210"
table2a_single_staggered,9,8,6,5.488810526,5.489275514,0.000296547,20000,1330000,20260901,"204 204 205 206 207 208 209 210"
table2a_single_staggered,9,8,7,5.489840602,5.489275514,0.000296547,20000,1330000,20260901,"204 204 205 206 207 208 209 210"
table2a_single_staggered,9,8,8,5.489039098,5.489275514,0.000296547,20000,1330000,20260901,"204 204 205 206 207 208 209 210"
table2a_single_staggered,9,8,9,5.489206015,5.489275514,0.000296547,20000,1330000,20260901,"204 204 205 206 207 208 209 210"
table2a_single_staggered,9,8,10,5.490290226,5.489275514,0.000296547,20000,1330000,20260901,"204 204 205 206 207 208 209 210"
table2a_single_staggered,9,8,11,5.489657143,5.489275514,0.000296547,20000,1330000,20260901,"204 204 205 206 207 208 209 210"
table2a_single_staggered,9,8,12,5.489245113,5.489275514,0.000296547,20000,1330000,20260901,"204 204 205 206 207 208 209 210"
table2a_single_staggered,9,8,13,5.490129323,5.489275514,0.000296547,20000,1330000,20260901,"204 204 205 206 207 208 209 210"
table2a_single_staggered,9,8,14,5.489644361,5.489275514,0.000296547,20000,1330000,20260901,"204 204 205 206 207 208 209 210"
table2a_single_staggered,9,8,15,5.489181203,5.489275514,0.000296547,20000,1330000,20260901,"204 204 205 206 207 208 209 210"
table2a_single_staggered,9,8,16,5.490345865,5.489275514,0.000296547,20000,1330000,20260901,"204 204 205 206 207 208 209 210"
table2a_single_staggered,9,8,17,5.489784962,5.489275514,0.000296547,20000,1330000,20260901,"204 204 205 206 207 208 209 210"
table2a_single_staggered,9,8,18,5.488242857,5.489275514,0.000296547,20000,1330000,20260901,"204 204 205 206 207 208 209 210"
table2a_single_staggered,9,8,19,5.488372180,5.489275514,0.000296547,20000,1330000,20260901,"204 204 205 206 207 208 209 210"
table2a_single_staggered,9,8,20,5.487705263,5.489275514,0.000296547,20000,1330000,20260901,"204 204 205 206 207 208 209 210"
table2a_single_staggered,9,8,21,5.488773684,5.489275514,0.000296547,20000,1330000,20260901,"204 204 205 206 207 208 209 210"
table2a_single_staggered,9,8,22,5.490465414,5.489275514,0.000296547,20000,1330000,20260901,"204 204 205 206 207 208 209 210"
table2a_single_staggered,9,8,23,5.488538346,5.489275514,0.000296547,20000,1330000,20260901,"204 204 205 206 207 208 209 210"
table2a_single_staggered,9,8,24,5.489000000,5.489275514,0.000296547,20000,1330000,20260901,"204 204 205 206 207 208 209 210"
table2a_single_staggered,9,8,25,5.487733835,5.489275514,0.000296547,20000,1330000,20260901,"204 204 205 206 207 208 209 210"
table2a_single_staggered,9,8,26,5.489875188,5.489275514,0.000296547,20000,1330000,20260901,"204 204 205 206 207 208 209 210"
table2a_single_staggered,9,8,27,5.488819549,5.489275514,0.000296547,20000,1330000,20260901,"204 204 205 206 207 208 209 210"
table2a_single_staggered,9,8,28,5.488687218,5.489275514,0.000296547,20000,1330000,20260901,"204 204 205 206 207 208 209 210"
table2a_single_staggered,9,8,29,5.489532331,5.489275514,0.000296547,20000,1330000,20260901,"204 204 205 206 207 208 209 210"
table2a_single_staggered,9,8,30,5.490124812,5.489275514,0.000296547,20000,1330000,20260901,"204 204 205 206 207 208 209 210"
table2a_single_staggered,9,9,1,5.878441353,5.877764662,0.000292646,20000,1330000,20260901,"204 204 205 206 207 208 209 210 211"
table2a_single_staggered,9,9,2,5.876817293,5.877764662,0.000292646,20000,1330000,20260901,"204 204 205 206 207 208 209 210 211"
table2a_single_staggered,9,9,3,5.877187970,5.877764662,0.000292646,20000,1330000,20260901,"204 204 205 206 207 208 209 210 211"
table2a_single_staggered,9,9,4,5.877368421,5.877764662,0.000292646,20000,1330000,20260901,"204 204 205 206 207 208 209 210 211"
table2a_single_staggered,9,9,5,5.878589474,5.877764662,0.000292646,20000,1330000,20260901,"204 204 205 206 207 208 209 210 211"
table2a_single_staggered,9,9,6,5.877130075,5.877764662,0.000292646,20000,1330000,20260901,"204 204 205 206 207 208 209 210 211"
table2a_single_staggered,9,9,7,5.878538346,5.877764662,0.000292646,20000,1330000,20260901,"204 204 205 206 207 208 209 210 211"
table2a_single_staggered,9,9,8,5.877707519,5.877764662,0.000292646,20000,1330000,20260901,"204 204 205 206 207 208 209 210 211"
table2a_single_staggered,9,9,9,5.877784211,5.877764662,0.000292646,20000,1330000,20260901,"204 204 205 206 207 208 209 210 211"
table2a_single_staggered,9,9,10,5.879558647,5.877764662,0.000292646,20000,1330000,20260901,"204 204 205 206 207 208 209 210 211"
table2a_single_staggered,9,9,11,5.877733083,5.877764662,0.000292646,20000,1330000,20260901,"204 204 205 206 207 208 209 210 211"
table2a_single_staggered,9,9,12,5.877991729,5.877764662,0.000292646,20000,1330000,20260901,"204 204 205 206 207 208 209 210 211"
table2a_single_staggered,9,9,13,5.878303008,5.877764662,0.000292646,20000,1330000,20260901,"204 204 205 206 207 208 209 210 211"
table2a_single_staggered,9,9,14,5.877481203,5.877764662,0.000292646,20000,1330000,20260901,"204 204 205 206 207 208 209 210 211"
table2a_single_staggered,9,9,15,5.877512782,5.877764662,0.000292646,20000,1330000,20260901,"204 204 205 206 207 208 209 210 211"
table2a_single_staggered,9,9,16,5.878990977,5.877764662,0.000292646,20000,1330000,20260901,"204 204 205 206 207 208 209 210 211"
table2a_single_staggered,9,9,17,5.878729323,5.877764662,0.000292646,20000,1330000,20260901,"204 204 205 206 207 208 209 210 211"
table2a_single_staggered,9,9,18,5.876590226,5.877764662,0.000292646,20000,1330000,20260901,"204 204 205 206 207 208 209 210 211"
table2a_single_staggered,9,9,19,5.876669925,5.877764662,0.000292646,20000,1330000,20260901,"204 204 205 206 207 208 209 210 211"
table2a_single_staggered,9,9,20,5.876676692,5.877764662,0.000292646,20000,1330000,20260901,"204 204 205 206 207 208 209 210 211"
table2a_single_staggered,9,9,21,5.877750376,5.877764662,0.000292646,20000,1330000,20260901,"204 204 205 206 207 208 209 210 211"
table2a_single_staggered,9,9,22,5.878887970,5.877764662,0.000292646,20000,1330000,20260901,"204 204 205 206 207 208 209 210 211"
table2a_single_staggered,9,9,23,5.876996992,5.877764662,0.000292646,20000,1330000,20260901,"204 204 205 206 207 208 209 210 211"
table2a_single_staggered,9,9,24,5.877889474,5.877764662,0.000292646,20000,1330000,20260901,"204 204 205 206 207 208 209 210 211"
table2a_single_staggered,9,9,25,5.876421805,5.877764662,0.000292646,20000,1330000,20260901,"204 204 205 206 207 208 209 210 211"
table2a_single_staggered,9,9,26,5.878155639,5.877764662,0.000292646,20000,1330000,20260901,"204 204 205 206 207 208 209 210 211"
table2a_single_staggered,9,9,27,5.877431579,5.877764662,0.000292646,20000,1330000,20260901,"204 204 205 206 207 208 209 210 211"
table2a_single_staggered,9,9,28,5.877372180,5.877764662,0.000292646,20000,1330000,20260901,"204 204 205 206 207 208 209 210 211"
table2a_single_staggered,9,9,29,5.877961654,5.877764662,0.000292646,20000,1330000,20260901,"204 204 205 206 207 208 209 210 211"
table2a_single_staggered,9,9,30,5.878269925,5.877764662,0.000292646,20000,1330000,20260901,"204 204 205 206 207 208 209 210 211"
