panel,n,m,replication,throughput,mean,halfwidth,warmup,steps,seed,loops
table2c_dual_staggered_turnaround,3,3,1,2.350696241,2.350328521,0.000204822,20000,1330000,20260901,"84 84 85"
table2c_dual_staggered_turnaround,3,3,2,2.349373684,2.350328521,0.000204822,20000,1330000,20260901,"84 84 85"
table2c_dual_staggered_turnaround,3,3,3,2.350453383,2.350328521,0.000204822,20000,1330000,20260901,"84 84 85"
table2c_dual_staggered_turnaround,3,3,4,2.350794737,2.350328521,0.000204822,20000,1330000,20260901,"84 84 85"
table2c_dual_staggered_turnaround,3,3,5,2.350471429,2.350328521,0.000204822,20000,1330000,20260901,"84 84 85"
table2c_dual_staggered_turnaround,3,3,6,2.350026316,2.350328521,0.000204822,20000,1330000,20260901,"84 84 85"
table2c_dual_staggered_turnaround,3,3,7,2.350515038,2.350328521,0.000204822,20000,1330000,20260901,"84 84 85"
table2c_dual_staggered_turnaround,3,3,8,2.350024812,2.350328521,0.000204822,20000,1330000,20260901,"84 84 85"
table2c_dual_staggered_turnaround,3,3,9,2.350444361,2.350328521,0.000204822,20000,1330000,20260901,"84 84 85"
table2c_dual_staggered_turnaround,3,3,10,2.349772180,2.350328521,0.000204822,20000,1330000,20260901,"84 84 85"
table2c_dual_staggered_turnaround,3,3,11,2.349715038,2.350328521,0.000204822,20000,1330000,20260901,"84 84 85"
table2c_dual_staggered_turnaround,3,3,12,2.349608271,2.350328521,0.000204822,20000,1330000,20260901,"84 84 85"
table2c_dual_staggered_turnaround,3,3,13,2.349924812,2.350328521,0.000204822,20000,1330000,20260901,"84 84 85"
table2c_dual_staggered_turnaround,3,3,14,2.350821805,2.350328521,0.000204822,20000,1330000,20260901,"84 84 85"
table2c_dual_staggered_turnaround,3,3,15,2.350352632,2.350328521,0.000204822,20000,1330000,20260901,"84 84 85"
table2c_dual_staggered_turnaround,3,3,16,2.349163910,2.350328521,0.000204822,20000,1330000,20260901,"84 84 85"
table2c_dual_staggered_turnaround,3,3,17,2.350343609,2.350328521,0.000204822,20000,1330000,20260901,"84 84 85"
table2c_dual_staggered_turnaround,3,3,18,2.351007519,2.350328521,0.000204822,20000,1330000,20260901,"84 84 85"
table2c_dual_staggered_turnaround,3,3,19,2.351506767,2.350328521,0.000204822,20000,1330000,20260901,"84 84 85"
table2c_dual_staggered_turnaround,3,3,20,2.350587970,2.350328521,0.000204822,20000,1330000,20260901,"84 84 85"
table2c_dual_staggered_turnaround,3,3,21,2.350457143,2.350328521,0.000204822,20000,1330000,20260901,"84 84 85"
table2c_dual_staggered_turnaround,3,3,22,2.350361654,2.350328521,0.000204822,20000,1330000,20260901,"84 84 85"
table2c_dual_staggered_turnaround,3,3,23,2.350196992,2.350328521,0.000204822,20000,1330000,20260901,"84 84 85"
table2c_dual_staggered_turnaround,3,3,24,2.350976692,2.350328521,0.000204822,20000,1330000,20260901,"84 84 85"
table2c_dual_staggered_turnaround,3,3,25,2.351090226,2.350328521,0.000204822,20000,1330000,20260901,"84 84 85"
table2c_dual_staggered_turnaround,3,3,26,2.349543609,2.350328521,0.000204822,20000,1330000,20260901,"84 84 85"
table2c_dual_staggered_turnaround,3,3,27,2.350556391,2.350328521,0.000204822,20000,1330000,20260901,"84 84 85"
table2c_dual_staggered_turnaround,3,3,28,2.349805263,2.350328521,0.000204822,20000,1330000,20260901,"84 84 85"
table2c_dual_staggered_turnaround,3,3,29,2.350903759,2.350328521,0.000204822,20000,1330000,20260901,"84 84 85"
table2c_dual_staggered_turnaround,3,3,30,2.350359398,2.350328521,0.000204822,20000,1330000,20260901,"84 84 85"
table2c_dual_staggered_turnaround,3,4,1,2.662879699,2.662694160,0.000207906,20000,1330000,20260901,"84 84 85 86"
table2c_dual_staggered_turnaround,3,4,2,2.661822556,2.662694160,0.000207906,20000,1330000,20260901,"84 84 85 86"
table2c_dual_staggered_turnaround,3,4,3,2.662715789,2.662694160,0.000207906,20000,1330000,20260901,"84 84 85 86"
table2c_dual_staggered_turnaround,3,4,4,2.663408271,2.662694160,0.000207906,20000,1330000,20260901,"84 84 85 86"
table2c_dual_staggered_turnaround,3,4,5,2.662393233,2.662694160,0.000207906,20000,1330000,20260901,"84 84 85 86"
table2c_dual_staggered_turnaround,3,4,6,2.662442105,2.662694160,0.000207906,20000,1330000,20260901,"84 84 85 86"
table2c_dual_staggered_turnaround,3,4,7,2.663024812,2.662694160,0.000207906,20000,1330000,20260901,"84 84 85 86"
table2c_dual_staggered_turnaround,3,4,8,2.662910526,2.662694160,0.000207906,20000,1330000,20260901,"84 84 85 86"
table2c_dual_staggered_turnaround,3,4,9,2.662876692,2.662694160,0.000207906,20000,1330000,20260901,"84 84 85 86"
table2c_dual_staggered_turnaround,3,4,10,2.662086466,2.662694160,0.000207906,20000,1330000,20260901,"84 84 85 86"
table2c_dual_staggered_turnaround,3,4,11,2.662963158,2.662694160,0.000207906,20000,1330000,20260901,"84 84 85 86"
table2c_dual_staggered_turnaround,3,4,12,2.662926316,2.662694160,0.000207906,20000,1330000,20260901,"84 84 85 86"
table2c_dual_staggered_turnaround,3,4,13,2.661932331,2.662694160,0.000207906,20000,1330000,20260901,"84 84 85 86"
table2c_dual_staggered_turnaround,3,4,14,2.661740602,2.662694160,0.000207906,20000,1330000,20260901,"84 84 85 86"
table2c_dual_staggered_turnaround,3,4,15,2.662385714,2.662694160,0.000207906,20000,1330000,20260901,"84 84 85 86"
table2c_dual_staggered_turnaround,3,4,16,2.662639850,2.662694160,0.000207906,20000,1330000,20260901,"84 84 85 86"
table2c_dual_staggered_turnaround,3,4,17,2.663181955,2.662694160,0.000207906,20000,1330000,20260901,"84 84 85 86"
table2c_dual_staggered_turnaround,3,4,18,2.663083459,2.662694160,0.000207906,20000,1330000,20260901,"84 84 85 86"
table2c_dual_staggered_turnaround,3,4,19,2.664281203,2.662694160,0.000207906,20000,1330000,20260901,"84 84 85 86"
table2c_dual_staggered_turnaround,3,4,20,2.662575188,2.662694160,0.000207906,20000,1330000,20260901,"84 84 85 86"
table2c_dual_staggered_turnaround,3,4,21,2.662702256,2.662694160,0.000207906,20000,1330000,20260901,"84 84 85 86"
table2c_dual_staggered_turnaround,3,4,22,2.662121805,2.662694160,0.000207906,20000,1330000,20260901,"84 84 85 86"
table2c_dual_staggered_turnaround,3,4,23,2.662449624,2.662694160,0.000207906,20000,1330000,20260901,"84 84 85 86"
table2c_dual_staggered_turnaround,3,4,24,2.663061654,2.662694160,0.000207906,20000,1330000,20260901,"84 84 85 86"
table2c_dual_staggered_turnaround,3,4,25,2.663348872,2.662694160,0.000207906,20000,1330000,20260901,"84 84 85 86"
table2c_dual_staggered_turnaround,3,4,26,2.662190226,2.662694160,0.000207906,20000,1330000,20260901,"84 84 85 86"
table2c_dual_staggered_turnaround,3,4,27,2.662836842,2.662694160,0.000207906,20000,1330000,20260901,"84 84 85 86"
table2c_dual_staggered_turnaround,3,4,28,2.662762406,2.662694160,0.000207906,20000,1330000,20260901,"84 84 85 86"
table2c_dual_staggered_turnaround,3,4,29,2.663268421,2.662694160,0.000207906,20000,1330000,20260901,"84 84 85 86"
table2c_dual_staggered_turnaround,3,4,30,2.661812782,2.662694160,0.000207906,20000,1330000,20260901,"84 84 85 86"
table2c_dual_staggered_turnaround,3,5,1,2.828821053,2.828291529,0.000205266,20000,1330000,20260901,"84 84 85 86 87"
table2c_dual_staggered_turnaround,3,5,2,2.827172180,2.828291529,0.000205266,20000,1330000,20260901,"84 84 85 86 87"
table2c_dual_staggered_turnaround,3,5,3,2.828175940,2.828291529,0.000205266,20000,1330000,20260901,"84 84 85 86 87"
table2c_dual_staggered_turnaround,3,5,4,2.828410526,2.828291529,0.000205266,20000,1330000,20260901,"84 84 85 86 87"
table2c_dual_staggered_turnaround,3,5,5,2.828251128,2.828291529,0.000205266,20000,1330000,20260901,"84 84 85 86 87"
table2c_dual_staggered_turnaround,3,5,6,2.827587970,2.828291529,0.000205266,20000,1330000,20260901,"84 84 85 86 87"
table2c_dual_staggered_turnaround,3,5,7,2.827932331,2.828291529,0.000205266,20000,1330000,20260901,"84 84 85 86 87"
table2c_dual_staggered_turnaround,3,5,8,2.828219549,2.828291529,0.000205266,20000,1330000,20260901,"84 84 85 86 87"
table2c_dual_staggered_turnaround,3,5,9,2.828675188,2.828291529,0.000205266,20000,1330000,20260901,"84 84 85 86 87"
table2c_dual_staggered_turnaround,3,5,10,2.828373684,2.828291529,0.000205266,20000,1330000,20260901,"84 84 85 86 87"
table2c_dual_staggered_turnaround,3,5,11,2.828612030,2.828291529,0.000205266,20000,1330000,20260901,"84 84 85 86 87"
table2c_dual_staggered_turnaround,3,5,12,2.828460902,2.828291529,0.000205266,20000,1330000,20260901,"84 84 85 86 87"
table2c_dual_staggered_turnaround,3,5,13,2.827939098,2.828291529,0.000205266,20000,1330000,20260901,"84 84 85 86 87"
table2c_dual_staggered_turnaround,3,5,14,2.827890226,2.828291529,0.000205266,20000,1330000,20260901,"84 84 85 86 87"
table2c_dual_staggered_turnaround,3,5,15,2.827863910,2.828291529,0.000205266,20000,1330000,20260901,"84 84 85 86 87"
table2c_dual_staggered_turnaround,3,5,16,2.828446617,2.828291529,0.000205266,20000,1330000,20260901,"84 84 85 86 87"
table2c_dual_staggered_turnaround,3,5,17,2.828915789,2.828291529,0.000205266,20000,1330000,20260901,"84 84 85 86 87"
table2c_dual_staggered_turnaround,3,5,18,2.828333835,2.828291529,0.000205266,20000,1330000,20260901,"84 84 85 86 87"
table2c_dual_staggered_turnaround,3,5,19,2.829513534,2.828291529,0.000205266,20000,1330000,20260901,"84 84 85 86 87"
table2c_dual_staggered_turnaround,3,5,20,2.827846617,2.828291529,0.000205266,20000,1330000,20260901,"84 84 85 86 87"
table2c_dual_staggered_turnaround,3,5,21,2.828340602,2.828291529,0.000205266,20000,1330000,20260901,"84 84 85 86 87"
table2c_dual_staggered_turnaround,3,5,22,2.827390977,2.828291529,0.000205266,20000,1330000,20260901,"84 84 85 86 87"
table2c_dual_staggered_turnaround,3,5,23,2.828031579,2.828291529,0.000205266,20000,1330000,20260901,"84 84 85 86 87"
table2c_dual_staggered_turnaround,3,5,24,2.828503759,2.828291529,0.000205266,20000,1330000,20260901,"84 84 85 86 87"
table2c_dual_staggered_turnaround,3,5,25,2.829163910,2.828291529,0.000205266,20000,1330000,20260901,"84 84 85 86 87"
table2c_dual_staggered_turnaround,3,5,26,2.828539098,2.828291529,0.000205266,20000,1330000,20260901,"84 84 85 86 87"
table2c_dual_staggered_turnaround,3,5,27,2.828770677,2.828291529,0.000205266,20000,1330000,20260901,"84 84 85 86 87"
table2c_dual_staggered_turnaround,3,5,28,2.828531579,2.828291529,0.000205266,20000,1330000,20260901,"84 84 85 86 87"
table2c_dual_staggered_turnaround,3,5,29,2.828888722,2.828291529,0.000205266,20000,1330000,20260901,"84 84 85 86 87"
table2c_dual_staggered_turnaround,3,5,30,2.827142857,2.828291529,0.000205266,20000,1330000,20260901,"84 84 85 86 87"
table2c_dual_staggered_turnaround,3,6,1,2.912372932,2.912051654,0.000197416,20000,1330000,20260901,"84 84 85 86 87 88"
table2c_dual_staggered_turnaround,3,6,2,2.910893985,2.912051654,0.000197416,20000,1330000,20260901,"84 84 85 86 87 88"
table2c_dual_staggered_turnaround,3,6,3,2.911722556,2.912051654,0.000197416,20000,1330000,20260901,"84 84 85 86 87 88"
table2c_dual_staggered_turnaround,3,6,4,2.912245113,2.912051654,0.000197416,20000,1330000,20260901,"84 84 85 86 87 88"
table2c_dual_staggered_turnaround,3,6,5,2.912190977,2.912051654,0.000197416,20000,1330000,20260901,"84 84 85 86 87 88"
table2c_dual_staggered_turnaround,3,6,6,2.911433083,2.912051654,0.000197416,20000,1330000,20260901,"84 84 85 86 87 88"
table2c_dual_staggered_turnaround,3,6,7,2.911531579,2.912051654,0.000197416,20000,1330000,20260901,"84 84 85 86 87 88"
table2c_dual_staggered_turnaround,3,6,8,2.912240602,2.912051654,0.000197416,20000,1330000,20260901,"84 84 85 86 87 88"
table2c_dual_staggered_turnaround,3,6,9,2.912362406,2.912051654,0.000197416,20000,1330000,20260901,"84 84 85 86 87 88"
table2c_dual_staggered_turnaround,3,6,10,2.912154135,2.912051654,0.000197416,20000,1330000,20260901,"84 84 85 86 87 88"
table2c_dual_staggered_turnaround,3,6,11,2.912139098,2.912051654,0.000197416,20000,1330000,20260901,"84 84 85 86 87 88"
table2c_dual_staggered_turnaround,3,6,12,2.912081955,2.912051654,0.000197416,20000,1330000,20260901,"84 84 85 86 87 88"
table2c_dual_staggered_turnaround,3,6,13,2.912097744,2.912051654,0.000197416,20000,1330000,20260901,"84 84 85 86 87 88"
table2c_dual_staggered_turnaround,3,6,14,2.912088722,2.912051654,0.000197416,20000,1330000,20260901,"84 84 85 86 87 88"
table2c_dual_staggered_turnaround,3,6,15,2.911614286,2.912051654,0.000197416,20000,1330000,20260901,"84 84 85 86 87 88"
table2c_dual_staggered_turnaround,3,6,16,2.912123308,2.912051654,0.000197416,20000,1330000,20260901,"84 84 85 86 87 88"
table2c_dual_staggered_turnaround,3,6,17,2.912906015,2.912051654,0.000197416,20000,1330000,20260901,"84 84 85 86 87 88"
table2c_dual_staggered_turnaround,3,6,18,2.912300000,2.912051654,0.000197416,20000,1330000,20260901,"84 84 85 86 87 88"
table2c_dual_staggered_turnaround,3,6,19,2.913309023,2.912051654,0.000197416,20000,1330000,20260901,"84 84 85 86 87 88"
table2c_dual_staggered_turnaround,3,6,20,2.911685714,2.912051654,0.000197416,20000,1330000,20260901,"84 84 85 86 87 88"
table2c_dual_staggered_turnaround,3,6,21,2.912184962,2.912051654,0.000197416,20000,1330000,20260901,"84 84 85 86 87 88"
table2c_dual_staggered_turnaround,3,6,22,2.911131579,2.912051654,0.000197416,20000,1330000,20260901,"84 84 85 86 87 88"
table2c_dual_staggered_turnaround,3,6,23,2.912143609,2.912051654,0.000197416,20000,1330000,20260901,"84 84 85 86 87 88"
table2c_dual_staggered_turnaround,3,6,24,2.912448872,2.912051654,0.000197416,20000,1330000,20260901,"84 84 85 86 87 88"
table2c_dual_staggered_turnaround,3,6,25,2.912454135,2.912051654,0.000197416,20000,1330000,20260901,"84 84 85 86 87 88"
table2c_dual_staggered_turnaround,3,6,26,2.912306767,2.912051654,0.000197416,20000,1330000,20260901,"84 84 85 86 87 88"
table2c_dual_staggered_turnaround,3,6,27,2.912288722,2.912051654,0.000197416,20000,1330000,20260901,"84 84 85 86 87 88"
table2c_dual_staggered_turnaround,3,6,28,2.912201504,2.912051654,0.000197416,20000,1330000,20260901,"84 84 85 86 87 88"
table2c_dual_staggered_turnaround,3,6,29,2.912127068,2.912051654,0.000197416,20000,1330000,20260901,"84 84 85 86 87 88"
table2c_dual_staggered_turnaround,3,6,30,2.910769173,2.912051654,0.000197416,20000,1330000,20260901,"84 84 85 86 87 88"
table2c_dual_staggered_turnaround,3,7,1,2.953423308,2.953112005,0.000182672,20000,1330000,20260901,"84 84 85 86 87 88 89"
table2c_dual_staggered_turnaround,3,7,2,2.951922556,2.953112005,0.000182672,20000,1330000,20260901,"84 84 85 86 87 88 89"
table2c_dual_staggered_turnaround,3,7,3,2.952727068,2.953112005,0.000182672,20000,1330000,20260901,"84 84 85 86 87 88 89"
table2c_dual_staggered_turnaround,3,7,4,2.953058647,2.953112005,0.000182672,20000,1330000,20260901,"84 84 85 86 87 88 89"
table2c_dual_staggered_turnaround,3,7,5,2.953027820,2.953112005,0.000182672,20000,1330000,20260901,"84 84 85 86 87 88 89"
table2c_dual_staggered_turnaround,3,7,6,2.953016541,2.953112005,0.000182672,20000,1330000,20260901,"84 84 85 86 87 88 89"
table2c_dual_staggered_turnaround,3,7,7,2.952430075,2.953112005,0.000182672,20000,1330000,20260901,"84 84 85 86 87 88 89"
table2c_dual_staggered_turnaround,3,7,8,2.953198496,2.953112005,0.000182672,20000,1330000,20260901,"84 84 85 86 87 88 89"
table2c_dual_staggered_turnaround,3,7,9,2.953569925,2.953112005,0.000182672,20000,1330000,20260901,"84 84 85 86 87 88 89"
table2c_dual_staggered_turnaround,3,7,10,2.953087218,2.953112005,0.000182672,20000,1330000,20260901,"84 84 85 86 87 88 89"
table2c_dual_staggered_turnaround,3,7,11,2.953347368,2.953112005,0.000182672,20000,1330000,20260901,"84 84 85 86 87 88 89"
table2c_dual_staggered_turnaround,3,7,12,2.952961654,2.953112005,0.000182672,20000,1330000,20260901,"84 84 85 86 87 88 89"
table2c_dual_staggered_turnaround,3,7,13,2.953251128,2.953112005,0.000182672,20000,1330000,20260901,"84 84 85 86 87 88 89"
table2c_dual_staggered_turnaround,3,7,14,2.953269925,2.953112005,0.000182672,20000,1330000,20260901,"84 84 85 86 87 88 89"
table2c_dual_staggered_turnaround,3,7,15,2.952763158,2.953112005,0.000182672,20000,1330000,20260901,"84 84 85 86 87 88 89"
table2c_dual_staggered_turnaround,3,7,16,2.953469173,2.953112005,0.000182672,20000,1330000,20260901,"84 84 85 86 87 88 89"
table2c_dual_staggered_turnaround,3,7,17,2.954062406,2.953112005,0.000182672,20000,1330000,20260901,"84 84 85 86 87 88 89"
table2c_dual_staggered_turnaround,3,7,18,2.953447368,2.953112005,0.000182672,20000,1330000,20260901,"84 84 85 86 87 88 89"
table2c_dual_staggered_turnaround,3,7,19,2.953903008,2.953112005,0.000182672,20000,1330000,20260901,"84 84 85 86 87 88 89"
table2c_dual_staggered_turnaround,3,7,20,2.952715789,2.953112005,0.000182672,20000,1330000,20260901,"84 84 85 86 87 88 89"
table2c_dual_staggered_turnaround,3,7,21,2.953482707,2.953112005,0.000182672,20000,1330000,20260901,"84 84 85 86 87 88 89"
table2c_dual_staggered_turnaround,3,7,22,2.952189474,2.953112005,0.000182672,20000,1330000,20260901,"84 84 85 86 87 88 89"
table2c_dual_staggered_turnaround,3,7,23,2.953534586,2.953112005,0.000182672,20000,1330000,20260901,"84 84 85 86 87 88 89"
table2c_dual_staggered_turnaround,3,7,24,2.953627068,2.953112005,0.000182672,20000,1330000,20260901,"84 84 85 86 87 88 89"
table2c_dual_staggered_turnaround,3,7,25,2.953459398,2.953112005,0.000182672,20000,1330000,20260901,"84 84 85 86 87 88 89"
table2c_dual_staggered_turnaround,3,7,26,2.952747368,2.953112005,0.000182672,20000,1330000,20260901,"84 84 85 86 87 88 89"
table2c_dual_staggered_turnaround,3,7,27,2.953208271,2.953112005,0.000182672,20000,1330000,20260901,"84 84 85 86 87 88 89"
table2c_dual_staggered_turnaround,3,7,28,2.953102256,2.953112005,0.000182672,20000,1330000,20260901,"84 84 85 86 87 88 89"
table2c_dual_staggered_turnaround,3,7,29,2.953088722,2.953112005,0.000182672,20000,1330000,20260901,"84 84 85 86 87 88 89"
table2c_dual_staggered_turnaround,3,7,30,2.952267669,2.953112005,0.000182672,20000,1330000,20260901,"84 84 85 86 87 88 89"
table2c_dual_staggered_turnaround,3,8,1,2.972534586,2.972753183,0.000229003,20000,1330000,20260901,"84 84 85 86 87 88 89 90"
table2c_dual_staggered_turnaround,3,8,2,2.971639098,2.972753183,0.000229003,20000,1330000,20260901,"84 84 85 86 87 88 89 90"
table2c_dual_staggered_turnaround,3,8,3,2.971916541,2.972753183,0.000229003,20000,1330000,20260901,"84 84 85 86 87 88 89 90"
table2c_dual_staggered_turnaround,3,8,4,2.972756391,2.972753183,0.000229003,20000,1330000,20260901,"84 84 85 86 87 88 89 90"
table2c_dual_staggered_turnaround,3,8,5,2.972949624,2.972753183,0.000229003,20000,1330000,20260901,"84 84 85 86 87 88 89 90"
table2c_dual_staggered_turnaround,3,8,6,2.972833835,2.972753183,0.000229003,20000,1330000,20260901,"84 84 85 86 87 88 89 90"
table2c_dual_staggered_turnaround,3,8,7,2.971603008,2.972753183,0.000229003,20000,1330000,20260901,"84 84 85 86 87 88 89 90"
table2c_dual_staggered_turnaround,3,8,8,2.972666165,2.972753183,0.000229003,20000,1330000,20260901,"84 84 85 86 87 88 89 90"
table2c_dual_staggered_turnaround,3,8,9,2.973298496,2.972753183,0.000229003,20000,1330000,20260901,"84 84 85 86 87 88 89 90"
table2c_dual_staggered_turnaround,3,8,10,2.972929323,2.972753183,0.000229003,20000,1330000,20260901,"84 84 85 86 87 88 89 90"
table2c_dual_staggered_turnaround,3,8,11,2.973236090,2.972753183,0.000229003,20000,1330000,20260901,"84 84 85 86 87 88 89 90"
table2c_dual_staggered_turnaround,3,8,12,2.972185714,2.972753183,0.000229003,20000,1330000,20260901,"84 84 85 86 87 88 89 90"
table2c_dual_staggered_turnaround,3,8,13,2.973009774,2.972753183,0.000229003,20000,1330000,20260901,"84 84 85 86 87 88 89 90"
table2c_dual_staggered_turnaround,3,8,14,2.972948872,2.972753183,0.000229003,20000,1330000,20260901,"84 84 85 86 87 88 89 90"
table2c_dual_staggered_turnaround,3,8,15,2.972722556,2.972753183,0.000229003,20000,1330000,20260901,"84 84 85 86 87 88 89 90"
table2c_dual_staggered_turnaround,3,8,16,2.973248120,2.972753183,0.000229003,20000,1330000,20260901,"84 84 85 86 87 88 89 90"
table2c_dual_staggered_turnaround,3,8,17,2.974053383,2.972753183,0.000229003,20000,1330000,20260901,"84 84 85 86 87 88 89 90"
table2c_dual_staggered_turnaround,3,8,18,2.973382707,2.972753183,0.000229003,20000,1330000,20260901,"84 84 85 86 87 88 89 90"
table2c_dual_staggered_turnaround,3,8,19,2.973628571,2.972753183,0.000229003,20000,1330000,20260901,"84 84 85 86 87 88 89 90"
table2c_dual_staggered_turnaround,3,8,20,2.972135338,2.972753183,0.000229003,20000,1330000,20260901,"84 84 85 86 87 88 89 90"
table2c_dual_staggered_turnaround,3,8,21,2.972852632,2.972753183,0.000229003,20000,1330000,20260901,"84 84 85 86 87 88 89 90"
table2c_dual_staggered_turnaround,3,8,22,2.971922556,2.972753183,0.000229003,20000,1330000,20260901,"84 84 85 86 87 88 89 90"
table2c_dual_staggered_turnaround,3,8,23,2.973524060,2.972753183,0.000229003,20000,1330000,20260901,"84 84 85 86 87 88 89 90"
table2c_dual_staggered_turnaround,3,8,24,2.973422556,2.972753183,0.000229003,20000,1330000,20260901,"84 84 85 86 87 88 89 90"
table2c_dual_staggered_turnaround,3,8,25,2.973036090,2.972753183,0.000229003,20000,1330000,20260901,"84 84 85 86 87 88 89 90"
table2c_dual_staggered_turnaround,3,8,26,2.972022556,2.972753183,0.000229003,20000,1330000,20260901,"84 84 85 86 87 88 89 90"
table2c_dual_staggered_turnaround,3,8,27,2.972664662,2.972753183,0.000229003,20000,1330000,20260901,"84 84 85 86 87 88 89 90"
table2c_dual_staggered_turnaround,3,8,28,2.972694737,2.972753183,0.000229003,20000,1330000,20260901,"84 84 85 86 87 88 89 90"
table2c_dual_staggered_turnaround,3,8,29,2.972858647,2.972753183,0.000229003,20000,1330000,20260901,"84 84 85 86 87 88 89 90"
table2c_dual_staggered_turnaround,3,8,30,2.971918797,2.972753183,0.000229003,20000,1330000,20260901,"84 84 85 86 87 88 89 90"
table2c_dual_staggered_turnaround,3,9,1,2.982141353,2.982617594,0.000293818,20000,1330000,20260901,"84 84 85 86 87 88 89 90 91"
table2c_dual_staggered_turnaround,3,9,2,2.981914286,2.982617594,0.000293818,20000,1330000,20260901,"84 84 85 86 87 88 89 90 91"
table2c_dual_staggered_turnaround,3,9,3,2.981506015,2.982617594,0.000293818,20000,1330000,20260901,"84 84 85 86 87 88 89 90 91"
table2c_dual_staggered_turnaround,3,9,4,2.982735338,2.982617594,0.000293818,20000,1330000,20260901,"84 84 85 86 87 88 89 90 91"
table2c_dual_staggered_turnaround,3,9,5,2.983221053,2.982617594,0.000293818,20000,1330000,20260901,"84 84 85 86 87 88 89 90 91"
table2c_dual_staggered_turnaround,3,9,6,2.982505263,2.982617594,0.000293818,20000,1330000,20260901,"84 84 85 86 87 88 89 90 91"
table2c_dual_staggered_turnaround,3,9,7,2.981072932,2.982617594,0.000293818,20000,1330000,20260901,"84 84 85 86 87 88 89 90 91"
table2c_dual_staggered_turnaround,3,9,8,2.982074436,2.982617594,0.000293818,20000,1330000,20260901,"84 84 85 86 87 88 89 90 91"
table2c_dual_staggered_turnaround,3,9,9,2.983286466,2.982617594,0.000293818,20000,1330000,20260901,"84 84 85 86 87 88 89 90 91"
table2c_dual_staggered_turnaround,3,9,10,2.983199248,2.982617594,0.000293818,20000,1330000,20260901,"84 84 85 86 87 88 89 90 91"
table2c_dual_staggered_turnaround,3,9,11,2.983038346,2.982617594,0.000293818,20000,1330000,20260901,"84 84 85 86 87 88 89 90 91"
table2c_dual_staggered_turnaround,3,9,12,2.981645113,2.982617594,0.000293818,20000,1330000,20260901,"84 84 85 86 87 88 89 90 91"
table2c_dual_staggered_turnaround,3,9,13,2.983171429,2.982617594,0.000293818,20000,1330000,20260901,"84 84 85 86 87 88 89 90 91"
table2c_dual_staggered_turnaround,3,9,14,2.982752632,2.982617594,0.000293818,20000,1330000,20260901,"84 84 85 86 87 88 89 90 91"
table2c_dual_staggered_turnaround,3,9,15,2.982428571,2.982617594,0.000293818,20000,1330000,20260901,"84 84 85 86 87 88 89 90 91"
table2c_dual_staggered_turnaround,3,9,16,2.983025564,2.982617594,0.000293818,20000,1330000,20260901,"84 84 85 86 87 88 89 90 91"
table2c_dual_staggered_turnaround,3,9,17,2.983868421,2.982617594,0.000293818,20000,1330000,20260901,"84 84 85 86 87 88 89 90 91"
table2c_dual_staggered_turnaround,3,9,18,2.983700000,2.982617594,0.000293818,20000,1330000,20260901,"84 84 85 86 87 88 89 90 91"
table2c_dual_staggered_turnaround,3,9,19,2.983927068,2.982617594,0.000293818,20000,1330000,20260901,"84 84 85 86 87 88 89 90 91"
table2c_dual_staggered_turnaround,3,9,20,2.981747368,2.982617594,0.000293818,20000,1330000,20260901,"84 84 85 86 87 88 89 90 91"
table2c_dual_staggered_turnaround,3,9,21,2.982612782,2.982617594,0.000293818,20000,1330000,20260901,"84 84 85 86 87 88 89 90 91"
table2c_dual_staggered_turnaround,3,9,22,2.981639850,2.982617594,0.000293818,20000,1330000,20260901,"84 84 85 86 87 88 89 90 91"
table2c_dual_staggered_turnaround,3,9,23,2.983703008,2.982617594,0.000293818,20000,1330000,20260901,"84 84 85 86 87 88 89 90 91"
table2c_dual_staggered_turnaround,3,9,24,2.983602256,2.982617594,0.000293818,20000,1330000,20260901,"84 84 85 86 87 88 89 90 91"
table2c_dual_staggered_turnaround,3,9,25,2.982719549,2.982617594,0.000293818,20000,1330000,20260901,"84 84 85 86 87 88 89 90 91"
table2c_dual_staggered_turnaround,3,9,26,2.981515789,2.982617594,0.000293818,20000,1330000,20260901,"84 84 85 86 87 88 89 90 91"
table2c_dual_staggered_turnaround,3,9,27,2.982528571,2.982617594,0.000293818,20000,1330000,20260901,"84 84 85 86 87 88 89 90 91"
table2c_dual_staggered_turnaround,3,9,28,2.982542857,2.982617594,0.000293818,20000,1330000,20260901,"84 84 85 86 87 88 89 90 91"
table2c_dual_staggered_turnaround,3,9,29,2.982983459,2.982617594,0.000293818,20000,1330000,20260901,"84 84 85 86 87 88 89 90 91"
table2c_dual_staggered_turnaround,3,9,30,2.981718797,2.982617594,0.000293818,20000,1330000,20260901,"84 84 85 86 87 88 89 90 91"
table2c_dual_staggered_turnaround,4,3,1,2.597657143,2.597007393,0.000159133,20000,1330000,20260901,"104 104 105"
table2c_dual_staggered_turnaround,4,3,2,2.596175940,2.597007393,0.000159133,20000,1330000,20260901,"104 104 105"
table2c_dual_staggered_turnaround,4,3,3,2.596227068,2.597007393,0.000159133,20000,1330000,20260901,"104 104 105"
table2c_dual_staggered_turnaround,4,3,4,2.596964662,2.597007393,0.000159133,20000,1330000,20260901,"104 104 105"
table2c_dual_staggered_turnaround,4,3,5,2.597516541,2.597007393,0.000159133,20000,1330000,20260901,"104 104 105"
table2c_dual_staggered_turnaround,4,3,6,2.596837594,2.597007393,0.000159133,20000,1330000,20260901,"104 104 105"
table2c_dual_staggered_turnaround,4,3,7,2.597179699,2.597007393,0.000159133,20000,1330000,20260901,"104 104 105"
table2c_dual_staggered_turnaround,4,3,8,2.597609023,2.597007393,0.000159133,20000,1330000,20260901,"104 104 105"
table2c_dual_staggered_turnaround,4,3,9,2.597347368,2.597007393,0.000159133,20000,1330000,20260901,"104 104 105"
table2c_dual_staggered_turnaround,4,3,10,2.597770677,2.597007393,0.000159133,20000,1330000,20260901,"104 104 105"
table2c_dual_staggered_turnaround,4,3,11,2.596967669,2.597007393,0.000159133,20000,1330000,20260901,"104 104 105"
table2c_dual_staggered_turnaround,4,3,12,2.597247368,2.597007393,0.000159133,20000,1330000,20260901,"104 104 105"
table2c_dual_staggered_turnaround,4,3,13,2.596612030,2.597007393,0.000159133,20000,1330000,20260901,"104 104 105"
table2c_dual_staggered_turnaround,4,3,14,2.596466165,2.597007393,0.000159133,20000,1330000,20260901,"104 104 105"
table2c_dual_staggered_turnaround,4,3,15,2.597321053,2.597007393,0.000159133,20000,1330000,20260901,"104 104 105"
table2c_dual_staggered_turnaround,4,3,16,2.596830827,2.597007393,0.000159133,20000,1330000,20260901,"104 104 105"
table2c_dual_staggered_turnaround,4,3,17,2.597609774,2.597007393,0.000159133,20000,1330000,20260901,"104 104 105"
table2c_dual_staggered_turnaround,4,3,18,2.596889474,2.597007393,0.000159133,20000,1330000,20260901,"104 104 105"
table2c_dual_staggered_turnaround,4,3,19,2.597326316,2.597007393,0.000159133,20000,1330000,20260901,"104 104 105"
table2c_dual_staggered_turnaround,4,3,20,2.596960150,2.597007393,0.000159133,20000,1330000,20260901,"104 104 105"
table2c_dual_staggered_turnaround,4,3,21,2.597187970,2.597007393,0.000159133,20000,1330000,20260901,"104 104 105"
table2c_dual_staggered_turnaround,4,3,22,2.596863158,2.597007393,0.000159133,20000,1330000,20260901,"104 104 105"
table2c_dual_staggered_turnaround,4,3,23,2.596844361,2.597007393,0.000159133,20000,1330000,20260901,"104 104 105"
table2c_dual_staggered_turnaround,4,3,24,2.596554135,2.597007393,0.000159133,20000,1330000,20260901,"104 104 105"
table2c_dual_staggered_turnaround,4,3,25,2.596657143,2.597007393,0.000159133,20000,1330000,20260901,"104 104 105"
table2c_dual_staggered_turnaround,4,3,26,2.597454135,2.597007393,0.000159133,20000,1330000,20260901,"104 104 105"
table2c_dual_staggered_turnaround,4,3,27,2.596687970,2.597007393,0.000159133,20000,1330000,20260901,"104 104 105"
table2c_dual_staggered_turnaround,4,3,28,2.596735338,2.597007393,0.000159133,20000,1330000,20260901,"104 104 105"
table2c_dual_staggered_turnaround,4,3,29,2.596529323,2.597007393,0.000159133,20000,1330000,20260901,"104 104 105"
table2c_dual_staggered_turnaround,4,3,30,2.597191729,2.597007393,0.000159133,20000,1330000,20260901,"104 104 105"
table2c_dual_staggered_turnaround,4,4,1,3.105803008,3.105747368,0.000173061,20000,1330000,20260901,"104 104 105 106"
table2c_dual_staggered_turnaround,4,4,2,3.105115038,3.105747368,0.000173061,20000,1330000,20260901,"104 104 105 106"
table2c_dual_staggered_turnaround,4,4,3,3.105606015,3.105747368,0.000173061,20000,1330000,20260901,"104 104 105 106"
table2c_dual_staggered_turnaround,4,4,4,3.106036090,3.105747368,0.000173061,20000,1330000,20260901,"104 104 105 106"
table2c_dual_staggered_turnaround,4,4,5,3.106050376,3.105747368,0.000173061,20000,1330000,20260901,"104 104 105 106"
table2c_dual_staggered_turnaround,4,4,6,3.105336842,3.105747368,0.000173061,20000,1330000,20260901,"104 104 105 106"
table2c_dual_staggered_turnaround,4,4,7,3.105278195,3.105747368,0.000173061,20000,1330000,20260901,"104 104 105 106"
table2c_dual_staggered_turnaround,4,4,8,3.105490977,3.105747368,0.000173061,20000,1330000,20260901,"104 104 105 106"
table2c_dual_staggered_turnaround,4,4,9,3.105974436,3.105747368,0.000173061,20000,1330000,20260901,"104 104 105 106"
table2c_dual_staggered_turnaround,4,4,10,3.105734586,3.105747368,0.000173061,20000,1330000,20260901,"104 104 105 106"
table2c_dual_staggered_turnaround,4,4,11,3.105513534,3.105747368,0.000173061,20000,1330000,20260901,"104 104 105 106"
table2c_dual_staggered_turnaround,4,4,12,3.105565414,3.105747368,0.000173061,20000,1330000,20260901,"104 104 105 106"
table2c_dual_staggered_turnaround,4,4,13,3.105745865,3.105747368,0.000173061,20000,1330000,20260901,"104 104 105 106"
table2c_dual_staggered_turnaround,4,4,14,3.105309023,3.105747368,0.000173061,20000,1330000,20260901,"104 104 105 106"
table2c_dual_staggered_turnaround,4,4,15,3.106381203,3.105747368,0.000173061,20000,1330000,20260901,"104 104 105 106"
table2c_dual_staggered_turnaround,4,4,16,3.106011278,3.105747368,0.000173061,20000,1330000,20260901,"104 104 105 106"
table2c_dual_staggered_turnaround,4,4,17,3.106360902,3.105747368,0.000173061,20000,1330000,20260901,"104 104 105 106"
table2c_dual_staggered_turnaround,4,4,18,3.105933835,3.105747368,0.000173061,20000,1330000,20260901,"104 104 105 106"
table2c_dual_staggered_turnaround,4,4,19,3.106122556,3.105747368,0.000173061,20000,1330000,20260901,"104 104 105 106"
table2c_dual_staggered_turnaround,4,4,20,3.105797744,3.105747368,0.000173061,20000,1330000,20260901,"104 104 105 106"
table2c_dual_staggered_turnaround,4,4,21,3.106330075,3.105747368,0.000173061,20000,1330000,20260901,"104 104 105 106"
table2c_dual_staggered_turnaround,4,4,22,3.105350376,3.105747368,0.000173061,20000,1330000,20260901,"104 104 105 106"
table2c_dual_staggered_turnaround,4,4,23,3.106725564,3.105747368,0.000173061,20000,1330000,20260901,"104 104 105 106"
table2c_dual_staggered_turnaround,4,4,24,3.105248872,3.105747368,0.000173061,20000,1330000,20260901,"104 104 105 106"
table2c_dual_staggered_turnaround,4,4,25,3.106262406,3.105747368,0.000173061,20000,1330000,20260901,"104 104 105 106"
table2c_dual_staggered_turnaround,4,4,26,3.105136090,3.105747368,0.000173061,20000,1330000,20260901,"104 104 105 106"
table2c_dual_staggered_turnaround,4,4,27,3.104829323,3.105747368,0.000173061,20000,1330000,20260901,"104 104 105 106"
table2c_dual_staggered_turnaround,4,4,28,3.105521805,3.105747368,0.000173061,20000,1330000,20260901,"104 104 105 106"
table2c_dual_staggered_turnaround,4,4,29,3.105414286,3.105747368,0.000173061,20000,1330000,20260901,"104 104 105 106"
table2c_dual_staggered_turnaround,4,4,30,3.106435338,3.105747368,0.000173061,20000,1330000,20260901,"104 104 105 106"
table2c_dual_staggered_turnaround,4,5,1,3.444599248,3.444555363,0.000192706,20000,1330000,20260901,"104 104 105 106 107"
table2c_dual_staggered_turnaround,4,5,2,3.443859398,3.444555363,0.000192706,20000,1330000,20260901,"104 104 105 106 107"
table2c_dual_staggered_turnaround,4,5,3,3.444945113,3.444555363,0.000192706,20000,1330000,20260901,"104 104 105 106 107"
table2c_dual_staggered_turnaround,4,5,4,3.444500000,3.444555363,0.000192706,20000,1330000,20260901,"104 104 105 106 107"
table2c_dual_staggered_turnaround,4,5,5,3.445348872,3.444555363,0.000192706,20000,1330000,20260901,"104 104 105 106 107"
table2c_dual_staggered_turnaround,4,5,6,3.443593233,3.444555363,0.000192706,20000,1330000,20260901,"104 104 105 106 107"
table2c_dual_staggered_turnaround,4,5,7,3.444546617,3.444555363,0.000192706,20000,1330000,20260901,"104 104 105 106 107"
table2c_dual_staggered_turnaround,4,5,8,3.444542857,3.444555363,0.000192706,20000,1330000,20260901,"104 104 105 106 107"
table2c_dual_staggered_turnaround,4,5,9,3.445039098,3.444555363,0.000192706,20000,1330000,20260901,"104 104 105 106 107"
table2c_dual_staggered_turnaround,4,5,10,3.444528571,3.444555363,0.000192706,20000,1330000,20260901,"104 104 105 106 107"
table2c_dual_staggered_turnaround,4,5,11,3.444354887,3.444555363,0.000192706,20000,1330000,20260901,"104 104 105 106 107"
table2c_dual_staggered_turnaround,4,5,12,3.443848120,3.444555363,0.000192706,20000,1330000,20260901,"104 104 105 106 107"
table2c_dual_staggered_turnaround,4,5,13,3.444662406,3.444555363,0.000192706,20000,1330000,20260901,"104 104 105 106 107"
table2c_dual_staggered_turnaround,4,5,14,3.444489474,3.444555363,0.000192706,20000,1330000,20260901,"104 104 105 106 107"
table2c_dual_staggered_turnaround,4,5,15,3.444987218,3.444555363,0.000192706,20000,1330000,20260901,"104 104 105 106 107"
table2c_dual_staggered_turnaround,4,5,16,3.444122556,3.444555363,0.000192706,20000,1330000,20260901,"104 104 105 106 107"
table2c_dual_staggered_turnaround,4,5,17,3.445160150,3.444555363,0.000192706,20000,1330000,20260901,"104 104 105 106 107"
table2c_dual_staggered_turnaround,4,5,18,3.444911278,3.444555363,0.000192706,20000,1330000,20260901,"104 104 105 106 107"
table2c_dual_staggered_turnaround,4,5,19,3.445246617,3.444555363,0.000192706,20000,1330000,20260901,"104 104 105 106 107"
table2c_dual_staggered_turnaround,4,5,20,3.445190226,3.444555363,0.000192706,20000,1330000,20260901,"104 104 105 106 107"
table2c_dual_staggered_turnaround,4,5,21,3.444412782,3.444555363,0.000192706,20000,1330000,20260901,"104 104 105 106 107"
table2c_dual_staggered_turnaround,4,5,22,3.444214286,3.444555363,0.000192706,20000,1330000,20260901,"104 104 105 106 107"
table2c_dual_staggered_turnaround,4,5,23,3.445023308,3.444555363,0.000192706,20000,1330000,20260901,"104 104 105 106 107"
table2c_dual_staggered_turnaround,4,5,24,3.444279699,3.444555363,0.000192706,20000,1330000,20260901,"104 104 105 106 107"
table2c_dual_staggered_turnaround,4,5,25,3.445016541,3.444555363,0.000192706,20000,1330000,20260901,"104 104 105 106 107"
table2c_dual_staggered_turnaround,4,5,26,3.444572932,3.444555363,0.000192706,20000,1330000,20260901,"104 104 105 106 107"
table2c_dual_staggered_turnaround,4,5,27,3.443584211,3.444555363,0.000192706,20000,1330000,20260901,"104 104 105 106 107"
table2c_dual_staggered_turnaround,4,5,28,3.443974436,3.444555363,0.000192706,20000,1330000,20260901,"104 104 105 106 107"
table2c_dual_staggered_turnaround,4,5,29,3.443824060,3.444555363,0.000192706,20000,1330000,20260901,"104 104 105 106 107"
table2c_dual_staggered_turnaround,4,5,30,3.445282707,3.444555363,0.000192706,20000,1330000,20260901,"104 104 105 106 107"
table2c_dual_staggered_turnaround,4,6,1,3.660557895,3.659638170,0.000200890,20000,1330000,20260901,"104 104 105 106 107 108"
table2c_dual_staggered_turnaround,4,6,2,3.659575188,3.659638170,0.000200890,20000,1330000,20260901,"104 104 105 106 107 108"
table2c_dual_staggered_turnaround,4,6,3,3.660131579,3.659638170,0.000200890,20000,1330000,20260901,"104 104 105 106 107 108"
table2c_dual_staggered_turnaround,4,6,4,3.659712030,3.659638170,0.000200890,20000,1330000,20260901,"104 104 105 106 107 108"
table2c_dual_staggered_turnaround,4,6,5,3.660375940,3.659638170,0.000200890,20000,1330000,20260901,"104 104 105 106 107 108"
table2c_dual_staggered_turnaround,4,6,6,3.658634586,3.659638170,0.000200890,20000,1330000,20260901,"104 104 105 106 107 108"
table2c_dual_staggered_turnaround,4,6,7,3.659809023,3.659638170,0.000200890,20000,1330000,20260901,"104 104 105 106 107 108"
table2c_dual_staggered_turnaround,4,6,8,3.659176692,3.659638170,0.000200890,20000,1330000,20260901,"104 104 105 106 107 108"
table2c_dual_staggered_turnaround,4,6,9,3.659835338,3.659638170,0.000200890,20000,1330000,20260901,"104 104 105 106 107 108"
table2c_dual_staggered_turnaround,4,6,10,3.659883459,3.659638170,0.000200890,20000,1330000,20260901,"104 104 105 106 107 108"
table2c_dual_staggered_turnaround,4,6,11,3.659457895,3.659638170,0.000200890,20000,1330000,20260901,"104 104 105 106 107 108"
table2c_dual_staggered_turnaround,4,6,12,3.658762406,3.659638170,0.000200890,20000,1330000,20260901,"104 104 105 106 107 108"
table2c_dual_staggered_turnaround,4,6,13,3.659562406,3.659638170,0.000200890,20000,1330000,20260901,"104 104 105 106 107 108"
table2c_dual_staggered_turnaround,4,6,14,3.659564662,3.659638170,0.000200890,20000,1330000,20260901,"104 104 105 106 107 108"
table2c_dual_staggered_turnaround,4,6,15,3.660067669,3.659638170,0.000200890,20000,1330000,20260901,"104 104 105 106 107 108"
table2c_dual_staggered_turnaround,4,6,16,3.658770677,3.659638170,0.000200890,20000,1330000,20260901,"104 104 105 106 107 108"
table2c_dual_staggered_turnaround,4,6,17,3.660068421,3.659638170,0.000200890,20000,1330000,20260901,"104 104 105 106 107 108"
table2c_dual_staggered_turnaround,4,6,18,3.659727820,3.659638170,0.000200890,20000,1330000,20260901,"104 104 105 106 107 108"
table2c_dual_staggered_turnaround,4,6,19,3.659982707,3.659638170,0.000200890,20000,1330000,20260901,"104 104 105 106 107 108"
table2c_dual_staggered_turnaround,4,6,20,3.659684211,3.659638170,0.000200890,20000,1330000,20260901,"104 104 105 106 107 108"
table2c_dual_staggered_turnaround,4,6,21,3.659310526,3.659638170,0.000200890,20000,1330000,20260901,"104 104 105 106 107 108"
table2c_dual_staggered_turnaround,4,6,22,3.659093233,3.659638170,0.000200890,20000,1330000,20260901,"104 104 105 106 107 108"
table2c_dual_staggered_turnaround,4,6,23,3.659875940,3.659638170,0.000200890,20000,1330000,20260901,"104 104 105 106 107 108"
table2c_dual_staggered_turnaround,4,6,24,3.659599248,3.659638170,0.000200890,20000,1330000,20260901,"104 104 105 106 107 108"
table2c_dual_staggered_turnaround,4,6,25,3.660776692,3.659638170,0.000200890,20000,1330000,20260901,"104 104 105 106 107 108"
table2c_dual_staggered_turnaround,4,6,26,3.659957895,3.659638170,0.000200890,20000,1330000,20260901,"104 104 105 106 107 108"
table2c_dual_staggered_turnaround,4,6,27,3.659175940,3.659638170,0.000200890,20000,1330000,20260901,"104 104 105 106 107 108"
table2c_dual_staggered_turnaround,4,6,28,3.658870677,3.659638170,0.000200890,20000,1330000,20260901,"104 104 105 106 107 108"
table2c_dual_staggered_turnaround,4,6,29,3.658993985,3.659638170,0.000200890,20000,1330000,20260901,"104 104 105 106 107 108"
table2c_dual_staggered_turnaround,4,6,30,3.660150376,3.659638170,0.000200890,20000,1330000,20260901,"104 104 105 106 107 108"
table2c_dual_staggered_turnaround,4,7,1,3.793520301,3.792657644,0.000169677,20000,1330000,20260901,"104 104 105 106 107 108 109"
table2c_dual_staggered_turnaround,4,7,2,3.792580451,3.792657644,0.000169677,20000,1330000,20260901,"104 104 105 106 107 108 109"
table2c_dual_staggered_turnaround,4,7,3,3.792981955,3.792657644,0.000169677,20000,1330000,20260901,"104 104 105 106 107 108 109"
table2c_dual_staggered_turnaround,4,7,4,3.792728571,3.792657644,0.000169677,20000,1330000,20260901,"104 104 105 106 107 108 109"
table2c_dual_staggered_turnaround,4,7,5,3.792797744,3.792657644,0.000169677,20000,1330000,20260901,"104 104 105 106 107 108 109"
table2c_dual_staggered_turnaround,4,7,6,3.792038346,3.792657644,0.000169677,20000,1330000,20260901,"104 104 105 106 107 108 109"
table2c_dual_staggered_turnaround,4,7,7,3.792802256,3.792657644,0.000169677,20000,1330000,20260901,"104 104 105 106 107 108 109"
table2c_dual_staggered_turnaround,4,7,8,3.792389474,3.792657644,0.000169677,20000,1330000,20260901,"104 104 105 106 107 108 109"
table2c_dual_staggered_turnaround,4,7,9,3.793490977,3.792657644,0.000169677,20000,1330000,20260901,"104 104 105 106 107 108 109"
table2c_dual_staggered_turnaround,4,7,10,3.793112030,3.792657644,0.000169677,20000,1330000,20260901,"104 104 105 106 107 108 109"
table2c_dual_staggered_turnaround,4,7,11,3.792376692,3.792657644,0.000169677,20000,1330000,20260901,"104 104 105 106 107 108 109"
table2c_dual_staggered_turnaround,4,7,12,3.791878195,3.792657644,0.000169677,20000,1330000,20260901,"104 104 105 106 107 108 109"
table2c_dual_staggered_turnaround,4,7,13,3.792355639,3.792657644,0.000169677,20000,1330000,20260901,"104 104 105 106 107 108 109"
table2c_dual_staggered_turnaround,4,7,14,3.792185714,3.792657644,0.000169677,20000,1330000,20260901,"104 104 105 106 107 108 109"
table2c_dual_staggered_turnaround,4,7,15,3.792862406,3.792657644,0.000169677,20000,1330000,20260901,"104 104 105 106 107 108 109"
table2c_dual_staggered_turnaround,4,7,16,3.791982707,3.792657644,0.000169677,20000,1330000,20260901,"104 104 105 106 107 108 109"
table2c_dual_staggered_turnaround,4,7,17,3.793045113,3.792657644,0.000169677,20000,1330000,20260901,"104 104 105 106 107 108 109"
table2c_dual_staggered_turnaround,4,7,18,3.792383459,3.792657644,0.000169677,20000,1330000,20260901,"104 104 105 106 107 108 109"
table2c_dual_staggered_turnaround,4,7,19,3.793318045,3.792657644,0.000169677,20000,1330000,20260901,"104 104 105 106 107 108 109"
table2c_dual_staggered_turnaround,4,7,20,3.792724812,3.792657644,0.000169677,20000,1330000,20260901,"104 104 105 106 107 108 109"
table2c_dual_staggered_turnaround,4,7,21,3.792395489,3.792657644,0.000169677,20000,1330000,20260901,"104 104 105 106 107 108 109"
table2c_dual_staggered_turnaround,4,7,22,3.792229323,3.792657644,0.000169677,20000,1330000,20260901,"104 104 105 106 107 108 109"
table2c_dual_staggered_turnaround,4,7,23,3.793136842,3.792657644,0.000169677,20000,1330000,20260901,"104 104 105 106 107 108 109"
table2c_dual_staggered_turnaround,4,7,24,3.792202256,3.792657644,0.000169677,20000,1330000,20260901,"104 104 105 106 107 108 109"
table2c_dual_staggered_turnaround,4,7,25,3.792824812,3.792657644,0.000169677,20000,1330000,20260901,"104 104 105 106 107 108 109"
table2c_dual_staggered_turnaround,4,7,26,3.793252632,3.792657644,0.000169677,20000,1330000,20260901,"104 104 105 106 107 108 109"
table2c_dual_staggered_turnaround,4,7,27,3.792224812,3.792657644,0.000169677,20000,1330000,20260901,"104 104 105 106 107 108 109"
table2c_dual_staggered_turnaround,4,7,28,3.792505263,3.792657644,0.000169677,20000,1330000,20260901,"104 104 105 106 107 108 109"
table2c_dual_staggered_turnaround,4,7,29,3.792326316,3.792657644,0.000169677,20000,1330000,20260901,"104 104 105 106 107 108 109"
table2c_dual_staggered_turnaround,4,7,30,3.793076692,3.792657644,0.000169677,20000,1330000,20260901,"104 104 105 106 107 108 109"
table2c_dual_staggered_turnaround,4,8,1,3.873146617,3.872812607,0.000182425,20000,1330000,20260901,"104 104 105 106 107 108 109 110"
table2c_dual_staggered_turnaround,4,8,2,3.872943609,3.872812607,0.000182425,20000,1330000,20260901,"104 104 105 106 107 108 109 110"
table2c_dual_staggered_turnaround,4,8,3,3.872518045,3.872812607,0.000182425,20000,1330000,20260901,"104 104 105 106 107 108 109 110"
table2c_dual_staggered_turnaround,4,8,4,3.872739850,3.872812607,0.000182425,20000,1330000,20260901,"104 104 105 106 107 108 109 110"
table2c_dual_staggered_turnaround,4,8,5,3.872909774,3.872812607,0.000182425,20000,1330000,20260901,"104 104 105 106 107 108 109 110"
table2c_dual_staggered_turnaround,4,8,6,3.872459398,3.872812607,0.000182425,20000,1330000,20260901,"104 104 105 106 107 108 109 110"
table2c_dual_staggered_turnaround,4,8,7,3.873344361,3.872812607,0.000182425,20000,1330000,20260901,"104 104 105 106 107 108 109 110"
table2c_dual_staggered_turnaround,4,8,8,3.872263158,3.872812607,0.000182425,20000,1330000,20260901,"104 104 105 106 107 108 109 110"
table2c_dual_staggered_turnaround,4,8,9,3.873594737,3.872812607,0.000182425,20000,1330000,20260901,"104 104 105 106 107 108 109 110"
table2c_dual_staggered_turnaround,4,8,10,3.873645113,3.872812607,0.000182425,20000,1330000,20260901,"104 104 105 106 107 108 109 110"
table2c_dual_staggered_turnaround,4,8,11,3.872228571,3.872812607,0.000182425,20000,1330000,20260901,"104 104 105 106 107 108 109 110"
table2c_dual_staggered_turnaround,4,8,12,3.872118797,3.872812607,0.000182425,20000,1330000,20260901,"104 104 105 106 107 108 109 110"
table2c_dual_staggered_turnaround,4,8,13,3.872950376,3.872812607,0.000182425,20000,1330000,20260901,"104 104 105 106 107 108 109 110"
table2c_dual_staggered_turnaround,4,8,14,3.872615038,3.872812607,0.000182425,20000,1330000,20260901,"104 104 105 106 107 108 109 110"
table2c_dual_staggered_turnaround,4,8,15,3.872739850,3.872812607,0.000182425,20000,1330000,20260901,"104 104 105 106 107 108 109 110"
table2c_dual_staggered_turnaround,4,8,16,3.871672932,3.872812607,0.000182425,20000,1330000,20260901,"104 104 105 106 107 108 109 110"
table2c_dual_staggered_turnaround,4,8,17,3.873318045,3.872812607,0.000182425,20000,1330000,20260901,"104 104 105 106 107 108 109 110"
table2c_dual_staggered_turnaround,4,8,18,3.872578195,3.872812607,0.000182425,20000,1330000,20260901,"104 104 105 106 107 108 109 110"
table2c_dual_staggered_turnaround,4,8,19,3.872815789,3.872812607,0.000182425,20000,1330000,20260901,"104 104 105 106 107 108 109 110"
table2c_dual_staggered_turnaround,4,8,20,3.873354135,3.872812607,0.000182425,20000,1330000,20260901,"104 104 105 106 107 108 109 110"
table2c_dual_staggered_turnaround,4,8,21,3.872400752,3.872812607,0.000182425,20000,1330000,20260901,"104 104 105 106 107 108 109 110"
table2c_dual_staggered_turnaround,4,8,22,3.872878195,3.872812607,0.000182425,20000,1330000,20260901,"104 104 105 106 107 108 109 110"
table2c_dual_staggered_turnaround,4,8,23,3.873496992,3.872812607,0.000182425,20000,1330000,20260901,"104 104 105 106 107 108 109 110"
table2c_dual_staggered_turnaround,4,8,24,3.872308271,3.872812607,0.000182425,20000,1330000,20260901,"104 104 105 106 107 108 109 110"
table2c_dual_staggered_turnaround,4,8,25,3.873013534,3.872812607,0.000182425,20000,1330000,20260901,"104 104 105 106 107 108 109 110"
table2c_dual_staggered_turnaround,4,8,26,3.873674436,3.872812607,0.000182425,20000,1330000,20260901,"104 104 105 106 107 108 109 110"
table2c_dual_staggered_turnaround,4,8,27,3.872500000,3.872812607,0.000182425,20000,1330000,20260901,"104 104 105 106 107 108 109 110"
table2c_dual_staggered_turnaround,4,8,28,3.872884962,3.872812607,0.000182425,20000,1330000,20260901,"104 104 105 106 107 108 109 110"
table2c_dual_staggered_turnaround,4,8,29,3.872488722,3.872812607,0.000182425,20000,1330000,20260901,"104 104 105 106 107 108 109 110"
table2c_dual_staggered_turnaround,4,8,30,3.872775940,3.872812607,0.000182425,20000,1330000,20260901,"104 104 105 106 107 108 109 110"
table2c_dual_staggered_turnaround,4,9,1,3.920490226,3.920535288,0.000202545,20000,1330000,20260901,"104 104 105 106 107 108 109 110 111"
table2c_dual_staggered_turnaround,4,9,2,3.920622556,3.920535288,0.000202545,20000,1330000,20260901,"104 104 105 106 107 108 109 110 111"
table2c_dual_staggered_turnaround,4,9,3,3.920051880,3.920535288,0.000202545,20000,1330000,20260901,"104 104 105 106 107 108 109 110 111"
table2c_dual_staggered_turnaround,4,9,4,3.920481203,3.920535288,0.000202545,20000,1330000,20260901,"104 104 105 106 107 108 109 110 111"
table2c_dual_staggered_turnaround,4,9,5,3.920900000,3.920535288,0.000202545,20000,1330000,20260901,"104 104 105 106 107 108 109 110 111"
table2c_dual_staggered_turnaround,4,9,6,3.919970677,3.920535288,0.000202545,20000,1330000,20260901,"104 104 105 106 107 108 109 110 111"
table2c_dual_staggered_turnaround,4,9,7,3.920569925,3.920535288,0.000202545,20000,1330000,20260901,"104 104 105 106 107 108 109 110 111"
table2c_dual_staggered_turnaround,4,9,8,3.919957143,3.920535288,0.000202545,20000,1330000,20260901,"104 104 105 106 107 108 109 110 111"
table2c_dual_staggered_turnaround,4,9,9,3.920918045,3.920535288,0.000202545,20000,1330000,20260901,"104 104 105 106 107 108 109 110 111"
table2c_dual_staggered_turnaround,4,9,10,3.921483459,3.920535288,0.000202545,20000,1330000,20260901,"104 104 105 106 107 108 109 110 111"
table2c_dual_staggered_turnaround,4,9,11,3.919776692,3.920535288,0.000202545,20000,1330000,20260901,"104 104 105 106 107 108 109 110 111"
table2c_dual_staggered_turnaround,4,9,12,3.920044361,3.920535288,0.000202545,20000,1330000,20260901,"104 104 105 106 107 108 109 110 111"
table2c_dual_staggered_turnaround,4,9,13,3.920824060,3.920535288,0.000202545,20000,1330000,20260901,"104 104 105 106 107 108 109 110 111"
table2c_dual_staggered_turnaround,4,9,14,3.920448872,3.920535288,0.000202545,20000,1330000,20260901,"104 104 105 106 107 108 109 110 111"
table2c_dual_staggered_turnaround,4,9,15,3.920302256,3.920535288,0.000202545,20000,1330000,20260901,"104 104 105 106 107 108 109 110 111"
table2c_dual_staggered_turnaround,4,9,16,3.919293985,3.920535288,0.000202545,20000,1330000,20260901,"104 104 105 106 107 108 109 110 111"
table2c_dual_staggered_turnaround,4,9,17,3.921675940,3.920535288,0.000202545,20000,1330000,20260901,"104 104 105 106 107 108 109 110 111"
table2c_dual_staggered_turnaround,4,9,18,3.920729323,3.920535288,0.000202545,20000,1330000,20260901,"104 104 105 106 107 108 109 110 111"
table2c_dual_staggered_turnaround,4,9,19,3.920706015,3.920535288,0.000202545,20000,1330000,20260901,"104 104 105 106 107 108 109 110 111"
table2c_dual_staggered_turnaround,4,9,20,3.921577444,3.920535288,0.000202545,20000,1330000,20260901,"104 104 105 106 107 108 109 110 111"
table2c_dual_staggered_turnaround,4,9,21,3.920046617,3.920535288,0.000202545,20000,1330000,20260901,"104 104 105 106 107 108 109 110 111"
table2c_dual_staggered_turnaround,4,9,22,3.920627068,3.920535288,0.000202545,20000,1330000,20260901,"104 104 105 106 107 108 109 110 111"
table2c_dual_staggered_turnaround,4,9,23,3.921045865,3.920535288,0.000202545,20000,1330000,20260901,"104 104 105 106 107 108 109 110 111"
table2c_dual_staggered_turnaround,4,9,24,3.919922556,3.920535288,0.000202545,20000,1330000,20260901,"104 104 105 106 107 108 109 110 111"
table2c_dual_staggered_turnaround,4,9,25,3.920740602,3.920535288,0.000202545,20000,1330000,20260901,"104 104 105 106 107 108 109 110 111"
table2c_dual_staggered_turnaround,4,9,26,3.921116541,3.920535288,0.000202545,20000,1330000,20260901,"104 104 105 106 107 108 109 110 111"
table2c_dual_staggered_turnaround,4,9,27,3.920524060,3.920535288,0.000202545,20000,1330000,20260901,"104 104 105 106 107 108 109 110 111"
table2c_dual_staggered_turnaround,4,9,28,3.920747368,3.920535288,0.000202545,20000,1330000,20260901,"104 104 105 106 107 108 109 110 111"
table2c_dual_staggered_turnaround,4,9,29,3.920281203,3.920535288,0.000202545,20000,1330000,20260901,"104 104 105 106 107 108 109 110 111"
table2c_dual_staggered_turnaround,4,9,30,3.920182707,3.920535288,0.000202545,20000,1330000,20260901,"104 104 105 106 107 108 109 110 111"
table2c_dual_staggered_turnaround,5,3,1,2.726650376,2.726945764,0.000147993,20000,1330000,20260901,"124 124 125"
table2c_dual_staggered_turnaround,5,3,2,2.726590226,2.726945764,0.000147993,20000,1330000,20260901,"124 124 125"
table2c_dual_staggered_turnaround,5,3,3,2.727112030,2.726945764,0.000147993,20000,1330000,20260901,"124 124 125"
table2c_dual_staggered_turnaround,5,3,4,2.727231579,2.726945764,0.000147993,20000,1330000,20260901,"124 124 125"
table2c_dual_staggered_turnaround,5,3,5,2.727060902,2.726945764,0.000147993,20000,1330000,20260901,"124 124 125"
table2c_dual_staggered_turnaround,5,3,6,2.726585714,2.726945764,0.000147993,20000,1330000,20260901,"124 124 125"
table2c_dual_staggered_turnaround,5,3,7,2.726324060,2.726945764,0.000147993,20000,1330000,20260901,"124 124 125"
table2c_dual_staggered_turnaround,5,3,8,2.726845113,2.726945764,0.000147993,20000,1330000,20260901,"124 124 125"
table2c_dual_staggered_turnaround,5,3,9,2.727387218,2.726945764,0.000147993,20000,1330000,20260901,"124 124 125"
table2c_dual_staggered_turnaround,5,3,10,2.727118797,2.726945764,0.000147993,20000,1330000,20260901,"124 124 125"
table2c_dual_staggered_turnaround,5,3,11,2.726895489,2.726945764,0.000147993,20000,1330000,20260901,"124 124 125"
table2c_dual_staggered_turnaround,5,3,12,2.727493233,2.726945764,0.000147993,20000,1330000,20260901,"124 124 125"
table2c_dual_staggered_turnaround,5,3,13,2.726691729,2.726945764,0.000147993,20000,1330000,20260901,"124 124 125"
table2c_dual_staggered_turnaround,5,3,14,2.726730827,2.726945764,0.000147993,20000,1330000,20260901,"124 124 125"
table2c_dual_staggered_turnaround,5,3,15,2.727464662,2.726945764,0.000147993,20000,1330000,20260901,"124 124 125"
table2c_dual_staggered_turnaround,5,3,16,2.726900752,2.726945764,0.000147993,20000,1330000,20260901,"124 124 125"
table2c_dual_staggered_turnaround,5,3,17,2.727102256,2.726945764,0.000147993,20000,1330000,20260901,"124 124 125"
table2c_dual_staggered_turnaround,5,3,18,2.726427820,2.726945764,0.000147993,20000,1330000,20260901,"124 124 125"
table2c_dual_staggered_turnaround,5,3,19,2.727051880,2.726945764,0.000147993,20000,1330000,20260901,"124 124 125"
table2c_dual_staggered_turnaround,5,3,20,2.727666165,2.726945764,0.000147993,20000,1330000,20260901,"124 124 125"
table2c_dual_staggered_turnaround,5,3,21,2.726751880,2.726945764,0.000147993,20000,1330000,20260901,"124 124 125"
table2c_dual_staggered_turnaround,5,3,22,2.727006015,2.726945764,0.000147993,20000,1330000,20260901,"124 124 125"
table2c_dual_staggered_turnaround,5,3,23,2.726368421,2.726945764,0.000147993,20000,1330000,20260901,"124 124 125"
table2c_dual_staggered_turnaround,5,3,24,2.727770677,2.726945764,0.000147993,20000,1330000,20260901,"124 124 125"
table2c_dual_staggered_turnaround,5,3,25,2.727069173,2.726945764,0.000147993,20000,1330000,20260901,"124 124 125"
table2c_dual_staggered_turnaround,5,3,26,2.727124812,2.726945764,0.000147993,20000,1330000,20260901,"124 124 125"
table2c_dual_staggered_turnaround,5,3,27,2.727086466,2.726945764,0.000147993,20000,1330000,20260901,"124 124 125"
table2c_dual_staggered_turnaround,5,3,28,2.726259398,2.726945764,0.000147993,20000,1330000,20260901,"124 124 125"
table2c_dual_staggered_turnaround,5,3,29,2.726398496,2.726945764,0.000147993,20000,1330000,20260901,"124 124 125"
table2c_dual_staggered_turnaround,5,3,30,2.727206767,2.726945764,0.000147993,20000,1330000,20260901,"124 124 125"
table2c_dual_staggered_turnaround,5,4,1,3.370202256,3.370710927,0.000196044,20000,1330000,20260901,"124 124 125 126"
table2c_dual_staggered_turnaround,5,4,2,3.370272180,3.370710927,0.000196044,20000,1330000,20260901,"124 124 125 126"
table2c_dual_staggered_turnaround,5,4,3,3.371354887,3.370710927,0.000196044,20000,1330000,20260901,"124 124 125 126"
table2c_dual_staggered_turnaround,5,4,4,3.370418797,3.370710927,0.000196044,20000,1330000,20260901,"124 124 125 126"
table2c_dual_staggered_turnaround,5,4,5,3.370045865,3.370710927,0.000196044,20000,1330000,20260901,"124 124 125 126"
table2c_dual_staggered_turnaround,5,4,6,3.370142857,3.370710927,0.000196044,20000,1330000,20260901,"124 124 125 126"
table2c_dual_staggered_turnaround,5,4,7,3.370427068,3.370710927,0.000196044,20000,1330000,20260901,"124 124 125 126"
table2c_dual_staggered_turnaround,5,4,8,3.369807519,3.370710927,0.000196044,20000,1330000,20260901,"124 124 125 126"
table2c_dual_staggered_turnaround,5,4,9,3.371577444,3.370710927,0.000196044,20000,1330000,20260901,"124 124 125 126"
table2c_dual_staggered_turnaround,5,4,10,3.371037594,3.370710927,0.000196044,20000,1330000,20260901,"124 124 125 126"
table2c_dual_staggered_turnaround,5,4,11,3.370830075,3.370710927,0.000196044,20000,1330000,20260901,"124 124 125 126"
table2c_dual_staggered_turnaround,5,4,12,3.371254887,3.370710927,0.000196044,20000,1330000,20260901,"124 124 125 126"
table2c_dual_staggered_turnaround,5,4,13,3.370575188,3.370710927,0.000196044,20000,1330000,20260901,"124 124 125 126"
table2c_dual_staggered_turnaround,5,4,14,3.370811278,3.370710927,0.000196044,20000,1330000,20260901,"124 124 125 126"
table2c_dual_staggered_turnaround,5,4,15,3.371181203,3.370710927,0.000196044,20000,1330000,20260901,"124 124 125 126"
table2c_dual_staggered_turnaround,5,4,16,3.370482707,3.370710927,0.000196044,20000,1330000,20260901,"124 124 125 126"
table2c_dual_staggered_turnaround,5,4,17,3.370230827,3.370710927,0.000196044,20000,1330000,20260901,"124 124 125 126"
table2c_dual_staggered_turnaround,5,4,18,3.370345865,3.370710927,0.000196044,20000,1330000,20260901,"124 124 125 126"
table2c_dual_staggered_turnaround,5,4,19,3.370824060,3.370710927,0.000196044,20000,1330000,20260901,"124 124 125 126"
table2c_dual_staggered_turnaround,5,4,20,3.371121805,3.370710927,0.000196044,20000,1330000,20260901,"124 124 125 126"
table2c_dual_staggered_turnaround,5,4,21,3.371421805,3.370710927,0.000196044,20000,1330000,20260901,"124 124 125 126"
table2c_dual_staggered_turnaround,5,4,22,3.370996992,3.370710927,0.000196044,20000,1330000,20260901,"124 124 125 126"
table2c_dual_staggered_turnaround,5,4,23,3.370712030,3.370710927,0.000196044,20000,1330000,20260901,"124 124 125 126"
table2c_dual_staggered_turnaround,5,4,24,3.372075188,3.370710927,0.000196044,20000,1330000,20260901,"124 124 125 126"
table2c_dual_staggered_turnaround,5,4,25,3.370467669,3.370710927,0.000196044,20000,1330000,20260901,"124 124 125 126"
table2c_dual_staggered_turnaround,5,4,26,3.370563158,3.370710927,0.000196044,20000,1330000,20260901,"124 124 125 126"
table2c_dual_staggered_turnaround,5,4,27,3.371006767,3.370710927,0.000196044,20000,1330000,20260901,"124 124 125 126"
table2c_dual_staggered_turnaround,5,4,28,3.370290226,3.370710927,0.000196044,20000,1330000,20260901,"124 124 125 126"
table2c_dual_staggered_turnaround,5,4,29,3.369972932,3.370710927,0.000196044,20000,1330000,20260901,"124 124 125 126"
table2c_dual_staggered_turnaround,5,4,30,3.370876692,3.370710927,0.000196044,20000,1330000,20260901,"124 124 125 126"
table2c_dual_staggered_turnaround,5,5,1,3.857954887,3.858653634,0.000206075,20000,1330000,20260901,"124 124 125 126 127"
table2c_dual_staggered_turnaround,5,5,2,3.858978947,3.858653634,0.000206075,20000,1330000,20260901,"124 124 125 126 127"
table2c_dual_staggered_turnaround,5,5,3,3.859483459,3.858653634,0.000206075,20000,1330000,20260901,"124 124 125 126 127"
table2c_dual_staggered_turnaround,5,5,4,3.858612782,3.858653634,0.000206075,20000,1330000,20260901,"124 124 125 126 127"
table2c_dual_staggered_turnaround,5,5,5,3.857739850,3.858653634,0.000206075,20000,1330000,20260901,"124 124 125 126 127"
table2c_dual_staggered_turnaround,5,5,6,3.858110526,3.858653634,0.000206075,20000,1330000,20260901,"124 124 125 126 127"
table2c_dual_staggered_turnaround,5,5,7,3.858548120,3.858653634,0.000206075,20000,1330000,20260901,"124 124 125 126 127"
table2c_dual_staggered_turnaround,5,5,8,3.857818045,3.858653634,0.000206075,20000,1330000,20260901,"124 124 125 126 127"
table2c_dual_staggered_turnaround,5,5,9,3.860192481,3.858653634,0.000206075,20000,1330000,20260901,"124 124 125 126 127"
table2c_dual_staggered_turnaround,5,5,10,3.859174436,3.858653634,0.000206075,20000,1330000,20260901,"124 124 125 126 127"
table2c_dual_staggered_turnaround,5,5,11,3.858690226,3.858653634,0.000206075,20000,1330000,20260901,"124 124 125 126 127"
table2c_dual_staggered_turnaround,5,5,12,3.859003759,3.858653634,0.000206075,20000,1330000,20260901,"124 124 125 126 127"
table2c_dual_staggered_turnaround,5,5,13,3.858349624,3.858653634,0.000206075,20000,1330000,20260901,"124 124 125 126 127"
table2c_dual_staggered_turnaround,5,5,14,3.858477444,3.858653634,0.000206075,20000,1330000,20260901,"124 124 125 126 127"
table2c_dual_staggered_turnaround,5,5,15,3.859204511,3.858653634,0.000206075,20000,1330000,20260901,"124 124 125 126 127"
table2c_dual_staggered_turnaround,5,5,16,3.858245865,3.858653634,0.000206075,20000,1330000,20260901,"124 124 125 126 127"
table2c_dual_staggered_turnaround,5,5,17,3.858773684,3.858653634,0.000206075,20000,1330000,20260901,"124 124 125 126 127"
table2c_dual_staggered_turnaround,5,5,18,3.857936842,3.858653634,0.000206075,20000,1330000,20260901,"124 124 125 126 127"
table2c_dual_staggered_turnaround,5,5,19,3.858319549,3.858653634,0.000206075,20000,1330000,20260901,"124 124 125 126 127"
table2c_dual_staggered_turnaround,5,5,20,3.859400000,3.858653634,0.000206075,20000,1330000,20260901,"124 124 125 126 127"
table2c_dual_staggered_turnaround,5,5,21,3.858971429,3.858653634,0.000206075,20000,1330000,20260901,"124 124 125 126 127"
table2c_dual_staggered_turnaround,5,5,22,3.858474436,3.858653634,0.000206075,20000,1330000,20260901,"124 124 125 126 127"
table2c_dual_staggered_turnaround,5,5,23,3.858245113,3.858653634,0.000206075,20000,1330000,20260901,"124 124 125 126 127"
table2c_dual_staggered_turnaround,5,5,24,3.858919549,3.858653634,0.000206075,20000,1330000,20260901,"124 124 125 126 127"
table2c_dual_staggered_turnaround,5,5,25,3.858906767,3.858653634,0.000206075,20000,1330000,20260901,"124 124 125 126 127"
table2c_dual_staggered_turnaround,5,5,26,3.858617293,3.858653634,0.000206075,20000,1330000,20260901,"124 124 125 126 127"
table2c_dual_staggered_turnaround,5,5,27,3.859050376,3.858653634,0.000206075,20000,1330000,20260901,"124 124 125 126 127"
table2c_dual_staggered_turnaround,5,5,28,3.858830075,3.858653634,0.000206075,20000,1330000,20260901,"124 124 125 126 127"
table2c_dual_staggered_turnaround,5,5,29,3.857924812,3.858653634,0.000206075,20000,1330000,20260901,"124 124 125 126 127"
table2c_dual_staggered_turnaround,5,5,30,3.858654135,3.858653634,0.000206075,20000,1330000,20260901,"124 124 125 126 127"
table2c_dual_staggered_turnaround,5,6,1,4.212264662,4.212333609,0.000191223,20000,1330000,20260901,"124 124 125 126 127 128"
table2c_dual_staggered_turnaround,5,6,2,4.212281203,4.212333609,0.000191223,20000,1330000,20260901,"124 124 125 126 127 128"
table2c_dual_staggered_turnaround,5,6,3,4.213698496,4.212333609,0.000191223,20000,1330000,20260901,"124 124 125 126 127 128"
table2c_dual_staggered_turnaround,5,6,4,4.212307519,4.212333609,0.000191223,20000,1330000,20260901,"124 124 125 126 127 128"
table2c_dual_staggered_turnaround,5,6,5,4.211924060,4.212333609,0.000191223,20000,1330000,20260901,"124 124 125 126 127 128"
table2c_dual_staggered_turnaround,5,6,6,4.211258647,4.212333609,0.000191223,20000,1330000,20260901,"124 124 125 126 127 128"
table2c_dual_staggered_turnaround,5,6,7,4.212453383,4.212333609,0.000191223,20000,1330000,20260901,"124 124 125 126 127 128"
table2c_dual_staggered_turnaround,5,6,8,4.211790977,4.212333609,0.000191223,20000,1330000,20260901,"124 124 125 126 127 128"
table2c_dual_staggered_turnaround,5,6,9,4.213218797,4.212333609,0.000191223,20000,1330000,20260901,"124 124 125 126 127 128"
table2c_dual_staggered_turnaround,5,6,10,4.211975188,4.212333609,0.000191223,20000,1330000,20260901,"124 124 125 126 127 128"
table2c_dual_staggered_turnaround,5,6,11,4.212051880,4.212333609,0.000191223,20000,1330000,20260901,"124 124 125 126 127 128"
table2c_dual_staggered_turnaround,5,6,12,4.213205263,4.212333609,0.000191223,20000,1330000,20260901,"124 124 125 126 127 128"
table2c_dual_staggered_turnaround,5,6,13,4.211789474,4.212333609,0.000191223,20000,1330000,20260901,"124 124 125 126 127 128"
table2c_dual_staggered_turnaround,5,6,14,4.212663158,4.212333609,0.000191223,20000,1330000,20260901,"124 124 125 126 127 128"
table2c_dual_staggered_turnaround,5,6,15,4.212121805,4.212333609,0.000191223,20000,1330000,20260901,"124 124 125 126 127 128"
table2c_dual_staggered_turnaround,5,6,16,4.212778947,4.212333609,0.000191223,20000,1330000,20260901,"124 124 125 126 127 128"
table2c_dual_staggered_turnaround,5,6,17,4.212386466,4.212333609,0.000191223,20000,1330000,20260901,"124 124 125 126 127 128"
table2c_dual_staggered_turnaround,5,6,18,4.212152632,4.212333609,0.000191223,20000,1330000,20260901,"124 124 125 126 127 128"
table2c_dual_staggered_turnaround,5,6,19,4.212056391,4.212333609,0.000191223,20000,1330000,20260901,"124 124 125 126 127 128"
table2c_dual_staggered_turnaround,5,6,20,4.212892481,4.212333609,0.000191223,20000,1330000,20260901,"124 124 125 126 127 128"
table2c_dual_staggered_turnaround,5,6,21,4.212555639,4.212333609,0.000191223,20000,1330000,20260901,"124 124 125 126 127 128"
table2c_dual_staggered_turnaround,5,6,22,4.212050376,4.212333609,0.000191223,20000,1330000,20260901,"124 124 125 126 127 128"
table2c_dual_staggered_turnaround,5,6,23,4.212417293,4.212333609,0.000191223,20000,1330000,20260901,"124 124 125 126 127 128"
table2c_dual_staggered_turnaround,5,6,24,4.212565414,4.212333609,0.000191223,20000,1330000,20260901,"124 124 125 126 127 128"
table2c_dual_staggered_turnaround,5,6,25,4.212255639,4.212333609,0.000191223,20000,1330000,20260901,"124 124 125 126 127 128"
table2c_dual_staggered_turnaround,5,6,26,4.211963158,4.212333609,0.000191223,20000,1330000,20260901,"124 124 125 126 127 128"
table2c_dual_staggered_turnaround,5,6,27,4.212645865,4.212333609,0.000191223,20000,1330000,20260901,"124 124 125 126 127 128"
table2c_dual_staggered_turnaround,5,6,28,4.212667669,4.212333609,0.000191223,20000,1330000,20260901,"124 124 125 126 127 128"
table2c_dual_staggered_turnaround,5,6,29,4.211505263,4.212333609,0.000191223,20000,1330000,20260901,"124 124 125 126 127 128"
table2c_dual_staggered_turnaround,5,6,30,4.212110526,4.212333609,0.000191223,20000,1330000,20260901,"124 124 125 126 127 128"
table2c_dual_staggered_turnaround,5,7,1,4.461950376,4.461742356,0.000209876,20000,1330000,20260901,"124 124 125 126 127 128 129"
table2c_dual_staggered_turnaround,5,7,2,4.461351128,4.461742356,0.000209876,20000,1330000,20260901,"124 124 125 126 127 128 129"
table2c_dual_staggered_turnaround,5,7,3,4.463145865,4.461742356,0.000209876,20000,1330000,20260901,"124 124 125 126 127 128 129"
table2c_dual_staggered_turnaround,5,7,4,4.462209774,4.461742356,0.000209876,20000,1330000,20260901,"124 124 125 126 127 128 129"
table2c_dual_staggered_turnaround,5,7,5,4.461243609,4.461742356,0.000209876,20000,1330000,20260901,"124 124 125 126 127 128 129"
table2c_dual_staggered_turnaround,5,7,6,4.460772180,4.461742356,0.000209876,20000,1330000,20260901,"124 124 125 126 127 128 129"
table2c_dual_staggered_turnaround,5,7,7,4.461743609,4.461742356,0.000209876,20000,1330000,20260901,"124 124 125 126 127 128 129"
table2c_dual_staggered_turnaround,5,7,8,4.461724060,4.461742356,0.000209876,20000,1330000,20260901,"124 124 125 126 127 128 129"
table2c_dual_staggered_turnaround,5,7,9,4.461811278,4.461742356,0.000209876,20000,1330000,20260901,"124 124 125 126 127 128 129"
table2c_dual_staggered_turnaround,5,7,10,4.461048120,4.461742356,0.000209876,20000,1330000,20260901,"124 124 125 126 127 128 129"
table2c_dual_staggered_turnaround,5,7,11,4.461739850,4.461742356,0.000209876,20000,1330000,20260901,"124 124 125 126 127 128 129"
table2c_dual_staggered_turnaround,5,7,12,4.461587218,4.461742356,0.000209876,20000,1330000,20260901,"124 124 125 126 127 128 129"
table2c_dual_staggered_turnaround,5,7,13,4.461354887,4.461742356,0.000209876,20000,1330000,20260901,"124 124 125 126 127 128 129"
table2c_dual_staggered_turnaround,5,7,14,4.462389474,4.461742356,0.000209876,20000,1330000,20260901,"124 124 125 126 127 128 129"
table2c_dual_staggered_turnaround,5,7,15,4.461325564,4.461742356,0.000209876,20000,1330000,20260901,"124 124 125 126 127 128 129"
table2c_dual_staggered_turnaround,5,7,16,4.462716541,4.461742356,0.000209876,20000,1330000,20260901,"124 124 125 126 127 128 129"
table2c_dual_staggered_turnaround,5,7,17,4.461381955,4.461742356,0.000209876,20000,1330000,20260901,"124 124 125 126 127 128 129"
table2c_dual_staggered_turnaround,5,7,18,4.461193985,4.461742356,0.000209876,20000,1330000,20260901,"124 124 125 126 127 128 129"
table2c_dual_staggered_turnaround,5,7,19,4.461560902,4.461742356,0.000209876,20000,1330000,20260901,"124 124 125 126 127 128 129"
table2c_dual_staggered_turnaround,5,7,20,4.462263158,4.461742356,0.000209876,20000,1330000,20260901,"124 124 125 126 127 128 129"
table2c_dual_staggered_turnaround,5,7,21,4.462465414,4.461742356,0.000209876,20000,1330000,20260901,"124 124 125 126 127 128 129"
table2c_dual_staggered_turnaround,5,7,22,4.461118045,4.461742356,0.000209876,20000,1330000,20260901,"124 124 125 126 127 128 129"
table2c_dual_staggered_turnaround,5,7,23,4.461645113,4.461742356,0.000209876,20000,1330000,20260901,"124 124 125 126 127 128 129"
table2c_dual_staggered_turnaround,5,7,24,4.462239098,4.461742356,0.000209876,20000,1330000,20260901,"124 124 125 126 127 128 129"
table2c_dual_staggered_turnaround,5,7,25,4.461652632,4.461742356,0.000209876,20000,1330000,20260901,"124 124 125 126 127 128 129"
table2c_dual_staggered_turnaround,5,7,26,4.460887218,4.461742356,0.000209876,20000,1330000,20260901,"124 124 125 126 127 128 129"
table2c_dual_staggered_turnaround,5,7,27,4.462500000,4.461742356,0.000209876,20000,1330000,20260901,"124 124 125 126 127 128 129"
table2c_dual_staggered_turnaround,5,7,28,4.461837594,4.461742356,0.000209876,20000,1330000,20260901,"124 124 125 126 127 128 129"
table2c_dual_staggered_turnaround,5,7,29,4.461427068,4.461742356,0.000209876,20000,1330000,20260901,"124 124 125 126 127 128 129"
table2c_dual_staggered_turnaround,5,7,30,4.461984962,4.461742356,0.000209876,20000,1330000,20260901,"124 124 125 126 127 128 129"
table2c_dual_staggered_turnaround,5,8,1,4.634408271,4.633938972,0.000200418,20000,1330000,20260901,"124 124 125 126 127 128 129 130"
table2c_dual_staggered_turnaround,5,8,2,4.633393233,4.633938972,0.000200418,20000,1330000,20260901,"124 124 125 126 127 128 129 130"
table2c_dual_staggered_turnaround,5,8,3,4.634705263,4.633938972,0.000200418,20000,1330000,20260901,"124 124 125 126 127 128 129 130"
table2c_dual_staggered_turnaround,5,8,4,4.634645865,4.633938972,0.000200418,20000,1330000,20260901,"124 124 125 126 127 128 129 130"
table2c_dual_staggered_turnaround,5,8,5,4.633784211,4.633938972,0.000200418,20000,1330000,20260901,"124 124 125 126 127 128 129 130"
table2c_dual_staggered_turnaround,5,8,6,4.633047368,4.633938972,0.000200418,20000,1330000,20260901,"124 124 125 126 127 128 129 130"
table2c_dual_staggered_turnaround,5,8,7,4.634224060,4.633938972,0.000200418,20000,1330000,20260901,"124 124 125 126 127 128 129 130"
table2c_dual_staggered_turnaround,5,8,8,4.633985714,4.633938972,0.000200418,20000,1330000,20260901,"124 124 125 126 127 128 129 130"
table2c_dual_staggered_turnaround,5,8,9,4.633539850,4.633938972,0.000200418,20000,1330000,20260901,"124 124 125 126 127 128 129 130"
table2c_dual_staggered_turnaround,5,8,10,4.633311278,4.633938972,0.000200418,20000,1330000,20260901,"124 124 125 126 127 128 129 130"
table2c_dual_staggered_turnaround,5,8,11,4.633776692,4.633938972,0.000200418,20000,1330000,20260901,"124 124 125 126 127 128 129 130"
table2c_dual_staggered_turnaround,5,8,12,4.633551128,4.633938972,0.000200418,20000,1330000,20260901,"124 124 125 126 127 128 129 130"
table2c_dual_staggered_turnaround,5,8,13,4.633456391,4.633938972,0.000200418,20000,1330000,20260901,"124 124 125 126 127 128 129 130"
table2c_dual_staggered_turnaround,5,8,14,4.634286466,4.633938972,0.000200418,20000,1330000,20260901,"124 124 125 126 127 128 129 130"
table2c_dual_staggered_turnaround,5,8,15,4.633636842,4.633938972,0.000200418,20000,1330000,20260901,"124 124 125 126 127 128 129 130"
table2c_dual_staggered_turnaround,5,8,16,4.635063158,4.633938972,0.000200418,20000,1330000,20260901,"124 124 125 126 127 128 129 130"
table2c_dual_staggered_turnaround,5,8,17,4.633385714,4.633938972,0.000200418,20000,1330000,20260901,"124 124 125 126 127 128 129 130"
table2c_dual_staggered_turnaround,5,8,18,4.633342857,4.633938972,0.000200418,20000,1330000,20260901,"124 124 125 126 127 128 129 130"
table2c_dual_staggered_turnaround,5,8,19,4.633851128,4.633938972,0.000200418,20000,1330000,20260901,"124 124 125 126 127 128 129 130"
table2c_dual_staggered_turnaround,5,8,20,4.634115038,4.633938972,0.000200418,20000,1330000,20260901,"124 124 125 126 127 128 129 130"
table2c_dual_staggered_turnaround,5,8,21,4.634343609,4.633938972,0.000200418,20000,1330000,20260901,"124 124 125 126 127 128 129 130"
table2c_dual_staggered_turnaround,5,8,22,4.633087218,4.633938972,0.000200418,20000,1330000,20260901,"124 124 125 126 127 128 129 130"
table2c_dual_staggered_turnaround,5,8,23,4.633855639,4.633938972,0.000200418,20000,1330000,20260901,"124 124 125 126 127 128 129 130"
table2c_dual_staggered_turnaround,5,8,24,4.634328571,4.633938972,0.000200418,20000,1330000,20260901,"124 124 125 126 127 128 129 130"
table2c_dual_staggered_turnaround,5,8,25,4.634112030,4.633938972,0.000200418,20000,1330000,20260901,"124 124 125 126 127 128 129 130"
table2c_dual_staggered_turnaround,5,8,26,4.633209023,4.633938972,0.000200418,20000,1330000,20260901,"124 124 125 126 127 128 129 130"
table2c_dual_staggered_turnaround,5,8,27,4.634555639,4.633938972,0.000200418,20000,1330000,20260901,"124 124 125 126 127 128 129 130"
table2c_dual_staggered_turnaround,5,8,28,4.634626316,4.633938972,0.000200418,20000,1330000,20260901,"124 124 125 126 127 128 129 130"
table2c_dual_staggered_turnaround,5,8,29,4.634157895,4.633938972,0.000200418,20000,1330000,20260901,"124 124 125 126 127 128 129 130"
table2c_dual_staggered_turnaround,5,8,30,4.634382707,4.633938972,0.000200418,20000,1330000,20260901,"124 124 125 126 127 128 129 130"
table2c_dual_staggered_turnaround,5,9,1,4.752242857,4.751549549,0.000202779,20000,1330000,20260901,"124 124 125 126 127 128 129 130 131"
table2c_dual_staggered_turnaround,5,9,2,4.751412030,4.751549549,0.000202779,20000,1330000,20260901,"124 124 125 126 127 128 129 130 131"
table2c_dual_staggered_turnaround,5,9,3,4.752225564,4.751549549,0.000202779,20000,1330000,20260901,"124 124 125 126 127 128 129 130 131"
table2c_dual_staggered_turnaround,5,9,4,4.751862406,4.751549549,0.000202779,20000,1330000,20260901,"124 124 125 126 127 128 129 130 131"
table2c_dual_staggered_turnaround,5,9,5,4.750684962,4.751549549,0.000202779,20000,1330000,20260901,"124 124 125 126 127 128 129 130 131"
table2c_dual_staggered_turnaround,5,9,6,4.751222556,4.751549549,0.000202779,20000,1330000,20260901,"124 124 125 126 127 128 129 130 131"
table2c_dual_staggered_turnaround,5,9,7,4.751966917,4.751549549,0.000202779,20000,1330000,20260901,"124 124 125 126 127 128 129 130 131"
table2c_dual_staggered_turnaround,5,9,8,4.751864662,4.751549549,0.000202779,20000,1330000,20260901,"124 124 125 126 127 128 129 130 131"
table2c_dual_staggered_turnaround,5,9,9,4.751073684,4.751549549,0.000202779,20000,1330000,20260901,"124 124 125 126 127 128 129 130 131"
table2c_dual_staggered_turnaround,5,9,10,4.750735338,4.751549549,0.000202779,20000,1330000,20260901,"124 124 125 126 127 128 129 130 131"
table2c_dual_staggered_turnaround,5,9,11,4.751455639,4.751549549,0.000202779,20000,1330000,20260901,"124 124 125 126 127 128 129 130 131"
table2c_dual_staggered_turnaround,5,9,12,4.751337594,4.751549549,0.000202779,20000,1330000,20260901,"124 124 125 126 127 128 129 130 131"
table2c_dual_staggered_turnaround,5,9,13,4.750673684,4.751549549,0.000202779,20000,1330000,20260901,"124 124 125 126 127 128 129 130 131"
table2c_dual_staggered_turnaround,5,9,14,4.752231579,4.751549549,0.000202779,20000,1330000,20260901,"124 124 125 126 127 128 129 130 131"
table2c_dual_staggered_turnaround,5,9,15,4.751419549,4.751549549,0.000202779,20000,1330000,20260901,"124 124 125 126 127 128 129 130 131"
table2c_dual_staggered_turnaround,5,9,16,4.752585714,4.751549549,0.000202779,20000,1330000,20260901,"124 124 125 126 127 128 129 130 131"
table2c_dual_staggered_turnaround,5,9,17,4.751058647,4.751549549,0.000202779,20000,1330000,20260901,"124 124 125 126 127 128 129 130 131"
table2c_dual_staggered_turnaround,5,9,18,4.750866917,4.751549549,0.000202779,20000,1330000,20260901,"124 124 125 126 127 128 129 130 131"
table2c_dual_staggered_turnaround,5,9,19,4.751373684,4.751549549,0.000202779,20000,1330000,20260901,"124 124 125 126 127 128 129 130 131"
table2c_dual_staggered_turnaround,5,9,20,4.751730827,4.751549549,0.000202779,20000,1330000,20260901,"124 124 125 126 127 128 129 130 131"
table2c_dual_staggered_turnaround,5,9,21,4.751588722,4.751549549,0.000202779,20000,1330000,20260901,"124 124 125 126 127 128 129 130 131"
table2c_dual_staggered_turnaround,5,9,22,4.751221805,4.751549549,0.000202779,20000,1330000,20260901,"124 124 125 126 127 128 129 130 131"
table2c_dual_staggered_turnaround,5,9,23,4.751801504,4.751549549,0.000202779,20000,1330000,20260901,"124 124 125 126 127 128 129 130 131"
table2c_dual_staggered_turnaround,5,9,24,4.752157143,4.751549549,0.000202779,20000,1330000,20260901,"124 124 125 126 127 128 129 130 131"
table2c_dual_staggered_turnaround,5,9,25,4.751957895,4.751549549,0.000202779,20000,1330000,20260901,"124 124 125 126 127 128 129 130 131"
table2c_dual_staggered_turnaround,5,9,26,4.750485714,4.751549549,0.000202779,20000,1330000,20260901,"124 124 125 126 127 128 129 130 131"
table2c_dual_staggered_turnaround,5,9,27,4.752182707,4.751549549,0.000202779,20000,1330000,20260901,"124 124 125 126 127 128 129 130 131"
table2c_dual_staggered_turnaround,5,9,28,4.751769925,4.751549549,0.000202779,20000,1330000,20260901,"124 124 125 126 127 128 129 130 131"
table2c_dual_staggered_turnaround,5,9,29,4.751758647,4.751549549,0.000202779,20000,1330000,20260901,"124 124 125 126 127 128 129 130 131"
table2c_dual_staggered_turnaround,5,9,30,4.751537594,4.751549549,0.000202779,20000,1330000,20260901,"124 124 125 126 127 128 129 130 131"
table2c_dual_staggered_turnaround,6,3,1,2.804962406,2.805014110,0.000128449,20000,1330000,20260901,"144 144 145"
table2c_dual_staggered_turnaround,6,3,2,2.804830827,2.805014110,0.000128449,20000,1330000,20260901,"144 144 145"
table2c_dual_staggered_turnaround,6,3,3,2.805023308,2.805014110,0.000128449,20000,1330000,20260901,"144 144 145"
table2c_dual_staggered_turnaround,6,3,4,2.804727820,2.805014110,0.000128449,20000,1330000,20260901,"144 144 145"
table2c_dual_staggered_turnaround,6,3,5,2.805739850,2.805014110,0.000128449,20000,1330000,20260901,"144 144 145"
table2c_dual_staggered_turnaround,6,3,6,2.804901504,2.805014110,0.000128449,20000,1330000,20260901,"144 144 145"
table2c_dual_staggered_turnaround,6,3,7,2.804597744,2.805014110,0.000128449,20000,1330000,20260901,"144 144 145"
table2c_dual_staggered_turnaround,6,3,8,2.804736090,2.805014110,0.000128449,20000,1330000,20260901,"144 144 145"
table2c_dual_staggered_turnaround,6,3,9,2.805306767,2.805014110,0.000128449,20000,1330000,20260901,"144 144 145"
table2c_dual_staggered_turnaround,6,3,10,2.805006015,2.805014110,0.000128449,20000,1330000,20260901,"144 144 145"
table2c_dual_staggered_turnaround,6,3,11,2.804596241,2.805014110,0.000128449,20000,1330000,20260901,"144 144 145"
table2c_dual_staggered_turnaround,6,3,12,2.805482707,2.805014110,0.000128449,20000,1330000,20260901,"144 144 145"
table2c_dual_staggered_turnaround,6,3,13,2.804759398,2.805014110,0.000128449,20000,1330000,20260901,"144 144 145"
table2c_dual_staggered_turnaround,6,3,14,2.805161654,2.805014110,0.000128449,20000,1330000,20260901,"144 144 145"
table2c_dual_staggered_turnaround,6,3,15,2.805131579,2.805014110,0.000128449,20000,1330000,20260901,"144 144 145"
table2c_dual_staggered_turnaround,6,3,16,2.804539850,2.805014110,0.000128449,20000,1330000,20260901,"144 144 145"
table2c_dual_staggered_turnaround,6,3,17,2.805239850,2.805014110,0.000128449,20000,1330000,20260901,"144 144 145"
table2c_dual_staggered_turnaround,6,3,18,2.805290226,2.805014110,0.000128449,20000,1330000,20260901,"144 144 145"
table2c_dual_staggered_turnaround,6,3,19,2.805260902,2.805014110,0.000128449,20000,1330000,20260901,"144 144 145"
table2c_dual_staggered_turnaround,6,3,20,2.805565414,2.805014110,0.000128449,20000,1330000,20260901,"144 144 145"
table2c_dual_staggered_turnaround,6,3,21,2.805209023,2.805014110,0.000128449,20000,1330000,20260901,"144 144 145"
table2c_dual_staggered_turnaround,6,3,22,2.805436090,2.805014110,0.000128449,20000,1330000,20260901,"144 144 145"
table2c_dual_staggered_turnaround,6,3,23,2.804961654,2.805014110,0.000128449,20000,1330000,20260901,"144 144 145"
table2c_dual_staggered_turnaround,6,3,24,2.804483459,2.805014110,0.000128449,20000,1330000,20260901,"144 144 145"
table2c_dual_staggered_turnaround,6,3,25,2.804798496,2.805014110,0.000128449,20000,1330000,20260901,"144 144 145"
table2c_dual_staggered_turnaround,6,3,26,2.804809023,2.805014110,0.000128449,20000,1330000,20260901,"144 144 145"
table2c_dual_staggered_turnaround,6,3,27,2.804827068,2.805014110,0.000128449,20000,1330000,20260901,"144 144 145"
table2c_dual_staggered_turnaround,6,3,28,2.805645865,2.805014110,0.000128449,20000,1330000,20260901,"144 144 145"
table2c_dual_staggered_turnaround,6,3,29,2.804717293,2.805014110,0.000128449,20000,1330000,20260901,"144 144 145"
table2c_dual_staggered_turnaround,6,3,30,2.804675188,2.805014110,0.000128449,20000,1330000,20260901,"144 144 145"
table2c_dual_staggered_turnaround,6,4,1,3.539649624,3.539808396,0.000140795,20000,1330000,20260901,"144 144 145 146"
table2c_dual_staggered_turnaround,6,4,2,3.539802256,3.539808396,0.000140795,20000,1330000,20260901,"144 144 145 146"
table2c_dual_staggered_turnaround,6,4,3,3.539660902,3.539808396,0.000140795,20000,1330000,20260901,"144 144 145 146"
table2c_dual_staggered_turnaround,6,4,4,3.540193233,3.539808396,0.000140795,20000,1330000,20260901,"144 144 145 146"
table2c_dual_staggered_turnaround,6,4,5,3.539918797,3.539808396,0.000140795,20000,1330000,20260901,"144 144 145 146"
table2c_dual_staggered_turnaround,6,4,6,3.539761654,3.539808396,0.000140795,20000,1330000,20260901,"144 144 145 146"
table2c_dual_staggered_turnaround,6,4,7,3.539642857,3.539808396,0.000140795,20000,1330000,20260901,"144 144 145 146"
table2c_dual_staggered_turnaround,6,4,8,3.539197744,3.539808396,0.000140795,20000,1330000,20260901,"144 144 145 146"
table2c_dual_staggered_turnaround,6,4,9,3.540673684,3.539808396,0.000140795,20000,1330000,20260901,"144 144 145 146"
table2c_dual_staggered_turnaround,6,4,10,3.540221053,3.539808396,0.000140795,20000,1330000,20260901,"144 144 145 146"
table2c_dual_staggered_turnaround,6,4,11,3.539227820,3.539808396,0.000140795,20000,1330000,20260901,"144 144 145 146"
table2c_dual_staggered_turnaround,6,4,12,3.539677444,3.539808396,0.000140795,20000,1330000,20260901,"144 144 145 146"
table2c_dual_staggered_turnaround,6,4,13,3.540129323,3.539808396,0.000140795,20000,1330000,20260901,"144 144 145 146"
table2c_dual_staggered_turnaround,6,4,14,3.539520301,3.539808396,0.000140795,20000,1330000,20260901,"144 144 145 146"
table2c_dual_staggered_turnaround,6,4,15,3.540145113,3.539808396,0.000140795,20000,1330000,20260901,"144 144 145 146"
table2c_dual_staggered_turnaround,6,4,16,3.539258647,3.539808396,0.000140795,20000,1330000,20260901,"144 144 145 146"
table2c_dual_staggered_turnaround,6,4,17,3.539839098,3.539808396,0.000140795,20000,1330000,20260901,"144 144 145 146"
table2c_dual_staggered_turnaround,6,4,18,3.540335338,3.539808396,0.000140795,20000,1330000,20260901,"144 144 145 146"
table2c_dual_staggered_turnaround,6,4,19,3.539963158,3.539808396,0.000140795,20000,1330000,20260901,"144 144 145 146"
table2c_dual_staggered_turnaround,6,4,20,3.539470677,3.539808396,0.000140795,20000,1330000,20260901,"144 144 145 146"
table2c_dual_staggered_turnaround,6,4,21,3.540124060,3.539808396,0.000140795,20000,1330000,20260901,"144 144 145 146"
table2c_dual_staggered_turnaround,6,4,22,3.540100000,3.539808396,0.000140795,20000,1330000,20260901,"144 144 145 146"
table2c_dual_staggered_turnaround,6,4,23,3.539766917,3.539808396,0.000140795,20000,1330000,20260901,"144 144 145 146"
table2c_dual_staggered_turnaround,6,4,24,3.539310526,3.539808396,0.000140795,20000,1330000,20260901,"144 144 145 146"
table2c_dual_staggered_turnaround,6,4,25,3.540115038,3.539808396,0.000140795,20000,1330000,20260901,"144 144 145 146"
table2c_dual_staggered_turnaround,6,4,26,3.539803759,3.539808396,0.000140795,20000,1330000,20260901,"144 144 145 146"
table2c_dual_staggered_turnaround,6,4,27,3.539996241,3.539808396,0.000140795,20000,1330000,20260901,"144 144 145 146"
table2c_dual_staggered_turnaround,6,4,28,3.540142857,3.539808396,0.000140795,20000,1330000,20260901,"144 144 145 146"
table2c_dual_staggered_turnaround,6,4,29,3.539172932,3.539808396,0.000140795,20000,1330000,20260901,"144 144 145 146"
table2c_dual_staggered_turnaround,6,4,30,3.539430827,3.539808396,0.000140795,20000,1330000,20260901,"144 144 145 146"
table2c_dual_staggered_turnaround,6,5,1,4.141984211,4.142274336,0.000173420,20000,1330000,20260901,"144 144 145 146 147"
table2c_dual_staggered_turnaround,6,5,2,4.142249624,4.142274336,0.000173420,20000,1330000,20260901,"144 144 145 146 147"
table2c_dual_staggered_turnaround,6,5,3,4.141437594,4.142274336,0.000173420,20000,1330000,20260901,"144 144 145 146 147"
table2c_dual_staggered_turnaround,6,5,4,4.142327820,4.142274336,0.000173420,20000,1330000,20260901,"144 144 145 146 147"
table2c_dual_staggered_turnaround,6,5,5,4.142112782,4.142274336,0.000173420,20000,1330000,20260901,"144 144 145 146 147"
table2c_dual_staggered_turnaround,6,5,6,4.142196992,4.142274336,0.000173420,20000,1330000,20260901,"144 144 145 146 147"
table2c_dual_staggered_turnaround,6,5,7,4.141817293,4.142274336,0.000173420,20000,1330000,20260901,"144 144 145 146 147"
table2c_dual_staggered_turnaround,6,5,8,4.141795489,4.142274336,0.000173420,20000,1330000,20260901,"144 144 145 146 147"
table2c_dual_staggered_turnaround,6,5,9,4.142839850,4.142274336,0.000173420,20000,1330000,20260901,"144 144 145 146 147"
table2c_dual_staggered_turnaround,6,5,10,4.142498496,4.142274336,0.000173420,20000,1330000,20260901,"144 144 145 146 147"
table2c_dual_staggered_turnaround,6,5,11,4.142031579,4.142274336,0.000173420,20000,1330000,20260901,"144 144 145 146 147"
table2c_dual_staggered_turnaround,6,5,12,4.141875188,4.142274336,0.000173420,20000,1330000,20260901,"144 144 145 146 147"
table2c_dual_staggered_turnaround,6,5,13,4.142542105,4.142274336,0.000173420,20000,1330000,20260901,"144 144 145 146 147"
table2c_dual_staggered_turnaround,6,5,14,4.142291729,4.142274336,0.000173420,20000,1330000,20260901,"144 144 145 146 147"
table2c_dual_staggered_turnaround,6,5,15,4.142513534,4.142274336,0.000173420,20000,1330000,20260901,"144 144 145 146 147"
table2c_dual_staggered_turnaround,6,5,16,4.141505263,4.142274336,0.000173420,20000,1330000,20260901,"144 144 145 146 147"
table2c_dual_staggered_turnaround,6,5,17,4.142320301,4.142274336,0.000173420,20000,1330000,20260901,"144 144 145 146 147"
table2c_dual_staggered_turnaround,6,5,18,4.142506015,4.142274336,0.000173420,20000,1330000,20260901,"144 144 145 146 147"
table2c_dual_staggered_turnaround,6,5,19,4.142672180,4.142274336,0.000173420,20000,1330000,20260901,"144 144 145 146 147"
table2c_dual_staggered_turnaround,6,5,20,4.142093233,4.142274336,0.000173420,20000,1330000,20260901,"144 144 145 146 147"
table2c_dual_staggered_turnaround,6,5,21,4.142912030,4.142274336,0.000173420,20000,1330000,20260901,"144 144 145 146 147"
table2c_dual_staggered_turnaround,6,5,22,4.143295489,4.142274336,0.000173420,20000,1330000,20260901,"144 144 145 146 147"
table2c_dual_staggered_turnaround,6,5,23,4.142016541,4.142274336,0.000173420,20000,1330000,20260901,"144 144 145 146 147"
table2c_dual_staggered_turnaround,6,5,24,4.142012782,4.142274336,0.000173420,20000,1330000,20260901,"144 144 145 146 147"
table2c_dual_staggered_turnaround,6,5,25,4.142984962,4.142274336,0.000173420,20000,1330000,20260901,"144 144 145 146 147"
table2c_dual_staggered_turnaround,6,5,26,4.142556391,4.142274336,0.000173420,20000,1330000,20260901,"144 144 145 146 147"
table2c_dual_staggered_turnaround,6,5,27,4.142781203,4.142274336,0.000173420,20000,1330000,20260901,"144 144 145 146 147"
table2c_dual_staggered_turnaround,6,5,28,4.142753383,4.142274336,0.000173420,20000,1330000,20260901,"144 144 145 146 147"
table2c_dual_staggered_turnaround,6,5,29,4.141736842,4.142274336,0.000173420,20000,1330000,20260901,"144 144 145 146 147"
table2c_dual_staggered_turnaround,6,5,30,4.141569173,4.142274336,0.000173420,20000,1330000,20260901,"144 144 145 146 147"
table2c_dual_staggered_turnaround,6,6,1,4.617463910,4.617439323,0.000206043,20000,1330000,20260901,"144 144 145 146 147 148"
table2c_dual_staggered_turnaround,6,6,2,4.618376692,4.617439323,0.000206043,20000,1330000,20260901,"144 144 145 146 147 148"
table2c_dual_staggered_turnaround,6,6,3,4.616767669,4.617439323,0.000206043,20000,1330000,20260901,"144 144 145 146 147 148"
table2c_dual_staggered_turnaround,6,6,4,4.617766917,4.617439323,0.000206043,20000,1330000,20260901,"144 144 145 146 147 148"
table2c_dual_staggered_turnaround,6,6,5,4.616479699,4.617439323,0.000206043,20000,1330000,20260901,"144 144 145 146 147 148"
table2c_dual_staggered_turnaround,6,6,6,4.616603759,4.617439323,0.000206043,20000,1330000,20260901,"144 144 145 146 147 148"
table2c_dual_staggered_turnaround,6,6,7,4.617319549,4.617439323,0.000206043,20000,1330000,20260901,"144 144 145 146 147 148"
table2c_dual_staggered_turnaround,6,6,8,4.616712030,4.617439323,0.000206043,20000,1330000,20260901,"144 144 145 146 147 148"
table2c_dual_staggered_turnaround,6,6,9,4.617648872,4.617439323,0.000206043,20000,1330000,20260901,"144 144 145 146 147 148"
table2c_dual_staggered_turnaround,6,6,10,4.617730827,4.617439323,0.000206043,20000,1330000,20260901,"144 144 145 146 147 148"
table2c_dual_staggered_turnaround,6,6,11,4.616830827,4.617439323,0.000206043,20000,1330000,20260901,"144 144 145 146 147 148"
table2c_dual_staggered_turnaround,6,6,12,4.617445113,4.617439323,0.000206043,20000,1330000,20260901,"144 144 145 146 147 148"
table2c_dual_staggered_turnaround,6,6,13,4.617490977,4.617439323,0.000206043,20000,1330000,20260901,"144 144 145 146 147 148"
table2c_dual_staggered_turnaround,6,6,14,4.617115038,4.617439323,0.000206043,20000,1330000,20260901,"144 144 145 146 147 148"
table2c_dual_staggered_turnaround,6,6,15,4.617434586,4.617439323,0.000206043,20000,1330000,20260901,"144 144 145 146 147 148"
table2c_dual_staggered_turnaround,6,6,16,4.616341353,4.617439323,0.000206043,20000,1330000,20260901,"144 144 145 146 147 148"
table2c_dual_staggered_turnaround,6,6,17,4.617692481,4.617439323,0.000206043,20000,1330000,20260901,"144 144 145 146 147 148"
table2c_dual_staggered_turnaround,6,6,18,4.617553383,4.617439323,0.000206043,20000,1330000,20260901,"144 144 145 146 147 148"
table2c_dual_staggered_turnaround,6,6,19,4.618230827,4.617439323,0.000206043,20000,1330000,20260901,"144 144 145 146 147 148"
table2c_dual_staggered_turnaround,6,6,20,4.617486466,4.617439323,0.000206043,20000,1330000,20260901,"144 144 145 146 147 148"
table2c_dual_staggered_turnaround,6,6,21,4.617878947,4.617439323,0.000206043,20000,1330000,20260901,"144 144 145 146 147 148"
table2c_dual_staggered_turnaround,6,6,22,4.618377444,4.617439323,0.000206043,20000,1330000,20260901,"144 144 145 146 147 148"
table2c_dual_staggered_turnaround,6,6,23,4.616952632,4.617439323,0.000206043,20000,1330000,20260901,"144 144 145 146 147 148"
table2c_dual_staggered_turnaround,6,6,24,4.617944361,4.617439323,0.000206043,20000,1330000,20260901,"144 144 145 146 147 148"
table2c_dual_staggered_turnaround,6,6,25,4.617670677,4.617439323,0.000206043,20000,1330000,20260901,"144 144 145 146 147 148"
table2c_dual_staggered_turnaround,6,6,26,4.617740602,4.617439323,0.000206043,20000,1330000,20260901,"144 144 145 146 147 148"
table2c_dual_staggered_turnaround,6,6,27,4.618175188,4.617439323,0.000206043,20000,1330000,20260901,"144 144 145 146 147 148"
table2c_dual_staggered_turnaround,6,6,28,4.617840602,4.617439323,0.000206043,20000,1330000,20260901,"144 144 145 146 147 148"
table2c_dual_staggered_turnaround,6,6,29,4.617091729,4.617439323,0.000206043,20000,1330000,20260901,"144 144 145 146 147 148"
table2c_dual_staggered_turnaround,6,6,30,4.617016541,4.617439323,0.000206043,20000,1330000,20260901,"144 144 145 146 147 148"
table2c_dual_staggered_turnaround,6,7,1,4.982179699,4.981863283,0.000189931,20000,1330000,20260901,"144 144 145 146 147 148 149"
table2c_dual_staggered_turnaround,6,7,2,4.982390977,4.981863283,0.000189931,20000,1330000,20260901,"144 144 145 146 147 148 149"
table2c_dual_staggered_turnaround,6,7,3,4.982015789,4.981863283,0.000189931,20000,1330000,20260901,"144 144 145 146 147 148 149"
table2c_dual_staggered_turnaround,6,7,4,4.981669173,4.981863283,0.000189931,20000,1330000,20260901,"144 144 145 146 147 148 149"
table2c_dual_staggered_turnaround,6,7,5,4.981066165,4.981863283,0.000189931,20000,1330000,20260901,"144 144 145 146 147 148 149"
table2c_dual_staggered_turnaround,6,7,6,4.981306767,4.981863283,0.000189931,20000,1330000,20260901,"144 144 145 146 147 148 149"
table2c_dual_staggered_turnaround,6,7,7,4.981453383,4.981863283,0.000189931,20000,1330000,20260901,"144 144 145 146 147 148 149"
table2c_dual_staggered_turnaround,6,7,8,4.981287970,4.981863283,0.000189931,20000,1330000,20260901,"144 144 145 146 147 148 149"
table2c_dual_staggered_turnaround,6,7,9,4.981931579,4.981863283,0.000189931,20000,1330000,20260901,"144 144 145 146 147 148 149"
table2c_dual_staggered_turnaround,6,7,10,4.982084211,4.981863283,0.000189931,20000,1330000,20260901,"144 144 145 146 147 148 149"
table2c_dual_staggered_turnaround,6,7,11,4.981046617,4.981863283,0.000189931,20000,1330000,20260901,"144 144 145 146 147 148 149"
table2c_dual_staggered_turnaround,6,7,12,4.982060902,4.981863283,0.000189931,20000,1330000,20260901,"144 144 145 146 147 148 149"
table2c_dual_staggered_turnaround,6,7,13,4.981663910,4.981863283,0.000189931,20000,1330000,20260901,"144 144 145 146 147 148 149"
table2c_dual_staggered_turnaround,6,7,14,4.982246617,4.981863283,0.000189931,20000,1330000,20260901,"144 144 145 146 147 148 149"
table2c_dual_staggered_turnaround,6,7,15,4.981680451,4.981863283,0.000189931,20000,1330000,20260901,"144 144 145 146 147 148 149"
table2c_dual_staggered_turnaround,6,7,16,4.981090977,4.981863283,0.000189931,20000,1330000,20260901,"144 144 145 146 147 148 149"
table2c_dual_staggered_turnaround,6,7,17,4.981617293,4.981863283,0.000189931,20000,1330000,20260901,"144 144 145 146 147 148 149"
table2c_dual_staggered_turnaround,6,7,18,4.982064662,4.981863283,0.000189931,20000,1330000,20260901,"144 144 145 146 147 148 149"
table2c_dual_staggered_turnaround,6,7,19,4.982767669,4.981863283,0.000189931,20000,1330000,20260901,"144 144 145 146 147 148 149"
table2c_dual_staggered_turnaround,6,7,20,4.981875940,4.981863283,0.000189931,20000,1330000,20260901,"144 144 145 146 147 148 149"
table2c_dual_staggered_turnaround,6,7,21,4.982050376,4.981863283,0.000189931,20000,1330000,20260901,"144 144 145 146 147 148 149"
table2c_dual_staggered_turnaround,6,7,22,4.983055639,4.981863283,0.000189931,20000,1330000,20260901,"144 144 145 146 147 148 149"
table2c_dual_staggered_turnaround,6,7,23,4.981319549,4.981863283,0.000189931,20000,1330000,20260901,"144 144 145 146 147 148 149"
table2c_dual_staggered_turnaround,6,7,24,4.982480451,4.981863283,0.000189931,20000,1330000,20260901,"144 144 145 146 147 148 149"
table2c_dual_staggered_turnaround,6,7,25,4.982548120,4.981863283,0.000189931,20000,1330000,20260901,"144 144 145 146 147 148 149"
table2c_dual_staggered_turnaround,6,7,26,4.982110526,4.981863283,0.000189931,20000,1330000,20260901,"144 144 145 146 147 148 149"
table2c_dual_staggered_turnaround,6,7,27,4.981795489,4.981863283,0.000189931,20000,1330000,20260901,"144 144 145 146 147 148 149"
table2c_dual_staggered_turnaround,6,7,28,4.982165414,4.981863283,0.000189931,20000,1330000,20260901,"144 144 145 146 147 148 149"
table2c_dual_staggered_turnaround,6,7,29,4.981439850,4.981863283,0.000189931,20000,1330000,20260901,"144 144 145 146 147 148 149"
table2c_dual_staggered_turnaround,6,7,30,4.981432331,4.981863283,0.000189931,20000,1330000,20260901,"144 144 145 146 147 148 149"
table2c_dual_staggered_turnaround,6,8,1,5.256491729,5.255592281,0.000191520,20000,1330000,20260901,"144 144 145 146 147 148 149 150"
table2c_dual_staggered_turnaround,6,8,2,5.256196992,5.255592281,0.000191520,20000,1330000,20260901,"144 144 145 146 147 148 149 150"
table2c_dual_staggered_turnaround,6,8,3,5.255943609,5.255592281,0.000191520,20000,1330000,20260901,"144 144 145 146 147 148 149 150"
table2c_dual_staggered_turnaround,6,8,4,5.256130827,5.255592281,0.000191520,20000,1330000,20260901,"144 144 145 146 147 148 149 150"
table2c_dual_staggered_turnaround,6,8,5,5.255009774,5.255592281,0.000191520,20000,1330000,20260901,"144 144 145 146 147 148 149 150"
table2c_dual_staggered_turnaround,6,8,6,5.255507519,5.255592281,0.000191520,20000,1330000,20260901,"144 144 145 146 147 148 149 150"
table2c_dual_staggered_turnaround,6,8,7,5.255033835,5.255592281,0.000191520,20000,1330000,20260901,"144 144 145 146 147 148 149 150"
table2c_dual_staggered_turnaround,6,8,8,5.254877444,5.255592281,0.000191520,20000,1330000,20260901,"144 144 145 146 147 148 149 150"
table2c_dual_staggered_turnaround,6,8,9,5.255500752,5.255592281,0.000191520,20000,1330000,20260901,"144 144 145 146 147 148 149 150"
table2c_dual_staggered_turnaround,6,8,10,5.255198496,5.255592281,0.000191520,20000,1330000,20260901,"144 144 145 146 147 148 149 150"
table2c_dual_staggered_turnaround,6,8,11,5.255194737,5.255592281,0.000191520,20000,1330000,20260901,"144 144 145 146 147 148 149 150"
table2c_dual_staggered_turnaround,6,8,12,5.255750376,5.255592281,0.000191520,20000,1330000,20260901,"144 144 145 146 147 148 149 150"
table2c_dual_staggered_turnaround,6,8,13,5.255513534,5.255592281,0.000191520,20000,1330000,20260901,"144 144 145 146 147 148 149 150"
table2c_dual_staggered_turnaround,6,8,14,5.255818797,5.255592281,0.000191520,20000,1330000,20260901,"144 144 145 146 147 148 149 150"
table2c_dual_staggered_turnaround,6,8,15,5.255787970,5.255592281,0.000191520,20000,1330000,20260901,"144 144 145 146 147 148 149 150"
table2c_dual_staggered_turnaround,6,8,16,5.255259398,5.255592281,0.000191520,20000,1330000,20260901,"144 144 145 146 147 148 149 150"
table2c_dual_staggered_turnaround,6,8,17,5.255693233,5.255592281,0.000191520,20000,1330000,20260901,"144 144 145 146 147 148 149 150"
table2c_dual_staggered_turnaround,6,8,18,5.255897744,5.255592281,0.000191520,20000,1330000,20260901,"144 144 145 146 147 148 149 150"
table2c_dual_staggered_turnaround,6,8,19,5.256628571,5.255592281,0.000191520,20000,1330000,20260901,"144 144 145 146 147 148 149 150"
table2c_dual_staggered_turnaround,6,8,20,5.255324060,5.255592281,0.000191520,20000,1330000,20260901,"144 144 145 146 147 148 149 150"
table2c_dual_staggered_turnaround,6,8,21,5.255545865,5.255592281,0.000191520,20000,1330000,20260901,"144 144 145 146 147 148 149 150"
table2c_dual_staggered_turnaround,6,8,22,5.255983459,5.255592281,0.000191520,20000,1330000,20260901,"144 144 145 146 147 148 149 150"
table2c_dual_staggered_turnaround,6,8,23,5.255481203,5.255592281,0.000191520,20000,1330000,20260901,"144 144 145 146 147 148 149 150"
table2c_dual_staggered_turnaround,6,8,24,5.256139850,5.255592281,0.000191520,20000,1330000,20260901,"144 144 145 146 147 148 149 150"
table2c_dual_staggered_turnaround,6,8,25,5.256363158,5.255592281,0.000191520,20000,1330000,20260901,"144 144 145 146 147 148 149 150"
table2c_dual_staggered_turnaround,6,8,26,5.255287970,5.255592281,0.000191520,20000,1330000,20260901,"144 144 145 146 147 148 149 150"
table2c_dual_staggered_turnaround,6,8,27,5.255077444,5.255592281,0.000191520,20000,1330000,20260901,"144 144 145 146 147 148 149 150"
table2c_dual_staggered_turnaround,6,8,28,5.255726316,5.255592281,0.000191520,20000,1330000,20260901,"144 144 145 146 147 148 149 150"
table2c_dual_staggered_turnaround,6,8,29,5.254854135,5.255592281,0.000191520,20000,1330000,20260901,"144 144 145 146 147 148 149 150"
table2c_dual_staggered_turnaround,6,8,30,5.254549624,5.255592281,0.000191520,20000,1330000,20260901,"144 144 145 146 147 148 149 150"
table2c_dual_staggered_turnaround,6,9,1,5.459307519,5.458225739,0.000208428,20000,1330000,20260901,"144 144 145 146 147 148 149 150 151"
table2c_dual_staggered_turnaround,6,9,2,5.458966917,5.458225739,0.000208428,20000,1330000,20260901,"144 144 145 146 147 148 149 150 151"
table2c_dual_staggered_turnaround,6,9,3,5.458502256,5.458225739,0.000208428,20000,1330000,20260901,"144 144 145 146 147 148 149 150 151"
table2c_dual_staggered_turnaround,6,9,4,5.459084962,5.458225739,0.000208428,20000,1330000,20260901,"144 144 145 146 147 148 149 150 151"
table2c_dual_staggered_turnaround,6,9,5,5.457435338,5.458225739,0.000208428,20000,1330000,20260901,"144 144 145 146 147 148 149 150 151"
table2c_dual_staggered_turnaround,6,9,6,5.458652632,5.458225739,0.000208428,20000,1330000,20260901,"144 144 145 146 147 148 149 150 151"
table2c_dual_staggered_turnaround,6,9,7,5.457586466,5.458225739,0.000208428,20000,1330000,20260901,"144 144 145 146 147 148 149 150 151"
table2c_dual_staggered_turnaround,6,9,8,5.457466917,5.458225739,0.000208428,20000,1330000,20260901,"144 144 145 146 147 148 149 150 151"
table2c_dual_staggered_turnaround,6,9,9,5.458131579,5.458225739,0.000208428,20000,1330000,20260901,"144 144 145 146 147 148 149 150 151"
table2c_dual_staggered_turnaround,6,9,10,5.458272932,5.458225739,0.000208428,20000,1330000,20260901,"144 144 145 146 147 148 149 150 151"
table2c_dual_staggered_turnaround,6,9,11,5.458158647,5.458225739,0.000208428,20000,1330000,20260901,"144 144 145 146 147 148 149 150 151"
table2c_dual_staggered_turnaround,6,9,12,5.458502256,5.458225739,0.000208428,20000,1330000,20260901,"144 144 145 146 147 148 149 150 151"
table2c_dual_staggered_turnaround,6,9,13,5.458394737,5.458225739,0.000208428,20000,1330000,20260901,"144 144 145 146 147 148 149 150 151"
table2c_dual_staggered_turnaround,6,9,14,5.458107519,5.458225739,0.000208428,20000,1330000,20260901,"144 144 145 146 147 148 149 150 151"
table2c_dual_staggered_turnaround,6,9,15,5.459012030,5.458225739,0.000208428,20000,1330000,20260901,"144 144 145 146 147 148 149 150 151"
table2c_dual_staggered_turnaround,6,9,16,5.457615038,5.458225739,0.000208428,20000,1330000,20260901,"144 144 145 146 147 148 149 150 151"
table2c_dual_staggered_turnaround,6,9,17,5.458118797,5.458225739,0.000208428,20000,1330000,20260901,"144 144 145 146 147 148 149 150 151"
table2c_dual_staggered_turnaround,6,9,18,5.457997744,5.458225739,0.000208428,20000,1330000,20260901,"144 144 145 146 147 148 149 150 151"
table2c_dual_staggered_turnaround,6,9,19,5.459079699,5.458225739,0.000208428,20000,1330000,20260901,"144 144 145 146 147 148 149 150 151"
table2c_dual_staggered_turnaround,6,9,20,5.457910526,5.458225739,0.000208428,20000,1330000,20260901,"144 144 145 146 147 148 149 150 151"
table2c_dual_staggered_turnaround,6,9,21,5.457958647,5.458225739,0.000208428,20000,1330000,20260901,"144 144 145 146 147 148 149 150 151"
table2c_dual_staggered_turnaround,6,9,22,5.457960902,5.458225739,0.000208428,20000,1330000,20260901,"144 144 145 146 147 148 149 150 151"
table2c_dual_staggered_turnaround,6,9,23,5.458406015,5.458225739,0.000208428,20000,1330000,20260901,"144 144 145 146 147 148 149 150 151"
table2c_dual_staggered_turnaround,6,9,24,5.458445865,5.458225739,0.000208428,20000,1330000,20260901,"144 144 145 146 147 148 149 150 151"
table2c_dual_staggered_turnaround,6,9,25,5.458783459,5.458225739,0.000208428,20000,1330000,20260901,"144 144 145 146 147 148 149 150 151"
table2c_dual_staggered_turnaround,6,9,26,5.457782707,5.458225739,0.000208428,20000,1330000,20260901,"144 144 145 146 147 148 149 150 151"
table2c_dual_staggered_turnaround,6,9,27,5.458546617,5.458225739,0.000208428,20000,1330000,20260901,"144 144 145 146 147 148 149 150 151"
table2c_dual_staggered_turnaround,6,9,28,5.458040602,5.458225739,0.000208428,20000,1330000,20260901,"144 144 145 146 147 148 149 150 151"
table2c_dual_staggered_turnaround,6,9,29,5.457314286,5.458225739,0.000208428,20000,1330000,20260901,"144 144 145 146 147 148 149 150 151"
table2c_dual_staggered_turnaround,6,9,30,5.457228571,5.458225739,0.000208428,20000,1330000,20260901,"144 144 145 146 147 148 149 150 151"
table2c_dual_staggered_turnaround,7,3,1,2.853145865,2.853222657,0.000111176,20000,1330000,20260901,"164 164 165"
table2c_dual_staggered_turnaround,7,3,2,2.853651128,2.853222657,0.000111176,20000,1330000,20260901,"164 164 165"
table2c_dual_staggered_turnaround,7,3,3,2.853215038,2.853222657,0.000111176,20000,1330000,20260901,"164 164 165"
table2c_dual_staggered_turnaround,7,3,4,2.853464662,2.853222657,0.000111176,20000,1330000,20260901,"164 164 165"
table2c_dual_staggered_turnaround,7,3,5,2.853395489,2.853222657,0.000111176,20000,1330000,20260901,"164 164 165"
table2c_dual_staggered_turnaround,7,3,6,2.853063158,2.853222657,0.000111176,20000,1330000,20260901,"164 164 165"
table2c_dual_staggered_turnaround,7,3,7,2.852925564,2.853222657,0.000111176,20000,1330000,20260901,"164 164 165"
table2c_dual_staggered_turnaround,7,3,8,2.852907519,2.853222657,0.000111176,20000,1330000,20260901,"164 164 165"
table2c_dual_staggered_turnaround,7,3,9,2.852805263,2.853222657,0.000111176,20000,1330000,20260901,"164 164 165"
table2c_dual_staggered_turnaround,7,3,10,2.853387218,2.853222657,0.000111176,20000,1330000,20260901,"164 164 165"
table2c_dual_staggered_turnaround,7,3,11,2.853021053,2.853222657,0.000111176,20000,1330000,20260901,"164 164 165"
table2c_dual_staggered_turnaround,7,3,12,2.852762406,2.853222657,0.000111176,20000,1330000,20260901,"164 164 165"
table2c_dual_staggered_turnaround,7,3,13,2.852670677,2.853222657,0.000111176,20000,1330000,20260901,"164 164 165"
table2c_dual_staggered_turnaround,7,3,14,2.853226316,2.853222657,0.000111176,20000,1330000,20260901,"164 164 165"
table2c_dual_staggered_turnaround,7,3,15,2.853475188,2.853222657,0.000111176,20000,1330000,20260901,"164 164 165"
table2c_dual_staggered_turnaround,7,3,16,2.853338346,2.853222657,0.000111176,20000,1330000,20260901,"164 164 165"
table2c_dual_staggered_turnaround,7,3,17,2.853620301,2.853222657,0.000111176,20000,1330000,20260901,"164 164 165"
table2c_dual_staggered_turnaround,7,3,18,2.852918797,2.853222657,0.000111176,20000,1330000,20260901,"164 164 165"
table2c_dual_staggered_turnaround,7,3,19,2.853067669,2.853222657,0.000111176,20000,1330000,20260901,"164 164 165"
table2c_dual_staggered_turnaround,7,3,20,2.853166165,2.853222657,0.000111176,20000,1330000,20260901,"164 164 165"
table2c_dual_staggered_turnaround,7,3,21,2.853291729,2.853222657,0.000111176,20000,1330000,20260901,"164 164 165"
table2c_dual_staggered_turnaround,7,3,22,2.852772180,2.853222657,0.000111176,20000,1330000,20260901,"164 164 165"
table2c_dual_staggered_turnaround,7,3,23,2.853821805,2.853222657,0.000111176,20000,1330000,20260901,"164 164 165"
table2c_dual_staggered_turnaround,7,3,24,2.853529323,2.853222657,0.000111176,20000,1330000,20260901,"164 164 165"
table2c_dual_staggered_turnaround,7,3,25,2.853607519,2.853222657,0.000111176,20000,1330000,20260901,"164 164 165"
table2c_dual_staggered_turnaround,7,3,26,2.853212030,2.853222657,0.000111176,20000,1330000,20260901,"164 164 165"
table2c_dual_staggered_turnaround,7,3,27,2.853185714,2.853222657,0.000111176,20000,1330000,20260901,"164 164 165"
table2c_dual_staggered_turnaround,7,3,28,2.853614286,2.853222657,0.000111176,20000,1330000,20260901,"164 164 165"
table2c_dual_staggered_turnaround,7,3,29,2.853173684,2.853222657,0.000111176,20000,1330000,20260901,"164 164 165"
table2c_dual_staggered_turnaround,7,3,30,2.853243609,2.853222657,0.000111176,20000,1330000,20260901,"164 164 165"
table2c_dual_staggered_turnaround,7,4,1,3.649229323,3.649146090,0.000128359,20000,1330000,20260901,"164 164 165 166"
table2c_dual_staggered_turnaround,7,4,2,3.649209774,3.649146090,0.000128359,20000,1330000,20260901,"164 164 165 166"
table2c_dual_staggered_turnaround,7,4,3,3.648986466,3.649146090,0.000128359,20000,1330000,20260901,"164 164 165 166"
table2c_dual_staggered_turnaround,7,4,4,3.649315038,3.649146090,0.000128359,20000,1330000,20260901,"164 164 165 166"
table2c_dual_staggered_turnaround,7,4,5,3.649346617,3.649146090,0.000128359,20000,1330000,20260901,"164 164 165 166"
table2c_dual_staggered_turnaround,7,4,6,3.648836090,3.649146090,0.000128359,20000,1330000,20260901,"164 164 165 166"
table2c_dual_staggered_turnaround,7,4,7,3.649318797,3.649146090,0.000128359,20000,1330000,20260901,"164 164 165 166"
table2c_dual_staggered_turnaround,7,4,8,3.649219549,3.649146090,0.000128359,20000,1330000,20260901,"164 164 165 166"
table2c_dual_staggered_turnaround,7,4,9,3.648286466,3.649146090,0.000128359,20000,1330000,20260901,"164 164 165 166"
table2c_dual_staggered_turnaround,7,4,10,3.649267669,3.649146090,0.000128359,20000,1330000,20260901,"164 164 165 166"
table2c_dual_staggered_turnaround,7,4,11,3.648490226,3.649146090,0.000128359,20000,1330000,20260901,"164 164 165 166"
table2c_dual_staggered_turnaround,7,4,12,3.649181203,3.649146090,0.000128359,20000,1330000,20260901,"164 164 165 166"
table2c_dual_staggered_turnaround,7,4,13,3.648944361,3.649146090,0.000128359,20000,1330000,20260901,"164 164 165 166"
table2c_dual_staggered_turnaround,7,4,14,3.649057143,3.649146090,0.000128359,20000,1330000,20260901,"164 164 165 166"
table2c_dual_staggered_turnaround,7,4,15,3.649224812,3.649146090,0.000128359,20000,1330000,20260901,"164 164 165 166"
table2c_dual_staggered_turnaround,7,4,16,3.649737594,3.649146090,0.000128359,20000,1330000,20260901,"164 164 165 166"
table2c_dual_staggered_turnaround,7,4,17,3.649360902,3.649146090,0.000128359,20000,1330000,20260901,"164 164 165 166"
table2c_dual_staggered_turnaround,7,4,18,3.649339850,3.649146090,0.000128359,20000,1330000,20260901,"164 164 165 166"
table2c_dual_staggered_turnaround,7,4,19,3.649429323,3.649146090,0.000128359,20000,1330000,20260901,"164 164 165 166"
table2c_dual_staggered_turnaround,7,4,20,3.648997744,3.649146090,0.000128359,20000,1330000,20260901,"164 164 165 166"
table2c_dual_staggered_turnaround,7,4,21,3.649266917,3.649146090,0.000128359,20000,1330000,20260901,"164 164 165 166"
table2c_dual_staggered_turnaround,7,4,22,3.648641353,3.649146090,0.000128359,20000,1330000,20260901,"164 164 165 166"
table2c_dual_staggered_turnaround,7,4,23,3.649831579,3.649146090,0.000128359,20000,1330000,20260901,"164 164 165 166"
table2c_dual_staggered_turnaround,7,4,24,3.649244361,3.649146090,0.000128359,20000,1330000,20260901,"164 164 165 166"
table2c_dual_staggered_turnaround,7,4,25,3.649742857,3.649146090,0.000128359,20000,1330000,20260901,"164 164 165 166"
table2c_dual_staggered_turnaround,7,4,26,3.648737594,3.649146090,0.000128359,20000,1330000,20260901,"164 164 165 166"
table2c_dual_staggered_turnaround,7,4,27,3.649087970,3.649146090,0.000128359,20000,1330000,20260901,"164 164 165 166"
table2c_dual_staggered_turnaround,7,4,28,3.648930827,3.649146090,0.000128359,20000,1330000,20260901,"164 164 165 166"
table2c_dual_staggered_turnaround,7,4,29,3.649257895,3.649146090,0.000128359,20000,1330000,20260901,"164 164 165 166"
table2c_dual_staggered_turnaround,7,4,30,3.648862406,3.649146090,0.000128359,20000,1330000,20260901,"164 164 165 166"
table2c_dual_staggered_turnaround,7,5,1,4.334930827,4.335009073,0.000163191,20000,1330000,20260901,"164 164 165 166 167"
table2c_dual_staggered_turnaround,7,5,2,4.334841353,4.335009073,0.000163191,20000,1330000,20260901,"164 164 165 166 167"
table2c_dual_staggered_turnaround,7,5,3,4.335563158,4.335009073,0.000163191,20000,1330000,20260901,"164 164 165 166 167"
table2c_dual_staggered_turnaround,7,5,4,4.335203759,4.335009073,0.000163191,20000,1330000,20260901,"164 164 165 166 167"
table2c_dual_staggered_turnaround,7,5,5,4.334648872,4.335009073,0.000163191,20000,1330000,20260901,"164 164 165 166 167"
table2c_dual_staggered_turnaround,7,5,6,4.334750376,4.335009073,0.000163191,20000,1330000,20260901,"164 164 165 166 167"
table2c_dual_staggered_turnaround,7,5,7,4.334575940,4.335009073,0.000163191,20000,1330000,20260901,"164 164 165 166 167"
table2c_dual_staggered_turnaround,7,5,8,4.334411278,4.335009073,0.000163191,20000,1330000,20260901,"164 164 165 166 167"
table2c_dual_staggered_turnaround,7,5,9,4.334088722,4.335009073,0.000163191,20000,1330000,20260901,"164 164 165 166 167"
table2c_dual_staggered_turnaround,7,5,10,4.334910526,4.335009073,0.000163191,20000,1330000,20260901,"164 164 165 166 167"
table2c_dual_staggered_turnaround,7,5,11,4.334307519,4.335009073,0.000163191,20000,1330000,20260901,"164 164 165 166 167"
table2c_dual_staggered_turnaround,7,5,12,4.334860902,4.335009073,0.000163191,20000,1330000,20260901,"164 164 165 166 167"
table2c_dual_staggered_turnaround,7,5,13,4.334969925,4.335009073,0.000163191,20000,1330000,20260901,"164 164 165 166 167"
table2c_dual_staggered_turnaround,7,5,14,4.335101504,4.335009073,0.000163191,20000,1330000,20260901,"164 164 165 166 167"
table2c_dual_staggered_turnaround,7,5,15,4.335324060,4.335009073,0.000163191,20000,1330000,20260901,"164 164 165 166 167"
table2c_dual_staggered_turnaround,7,5,16,4.335474436,4.335009073,0.000163191,20000,1330000,20260901,"164 164 165 166 167"
table2c_dual_staggered_turnaround,7,5,17,4.335234586,4.335009073,0.000163191,20000,1330000,20260901,"164 164 165 166 167"
table2c_dual_staggered_turnaround,7,5,18,4.335432331,4.335009073,0.000163191,20000,1330000,20260901,"164 164 165 166 167"
table2c_dual_staggered_turnaround,7,5,19,4.335344361,4.335009073,0.000163191,20000,1330000,20260901,"164 164 165 166 167"
table2c_dual_staggered_turnaround,7,5,20,4.334500752,4.335009073,0.000163191,20000,1330000,20260901,"164 164 165 166 167"
table2c_dual_staggered_turnaround,7,5,21,4.334866917,4.335009073,0.000163191,20000,1330000,20260901,"164 164 165 166 167"
table2c_dual_staggered_turnaround,7,5,22,4.334782707,4.335009073,0.000163191,20000,1330000,20260901,"164 164 165 166 167"
table2c_dual_staggered_turnaround,7,5,23,4.335690977,4.335009073,0.000163191,20000,1330000,20260901,"164 164 165 166 167"
table2c_dual_staggered_turnaround,7,5,24,4.335560150,4.335009073,0.000163191,20000,1330000,20260901,"164 164 165 166 167"
table2c_dual_staggered_turnaround,7,5,25,4.335272932,4.335009073,0.000163191,20000,1330000,20260901,"164 164 165 166 167"
table2c_dual_staggered_turnaround,7,5,26,4.334966917,4.335009073,0.000163191,20000,1330000,20260901,"164 164 165 166 167"
table2c_dual_staggered_turnaround,7,5,27,4.335057143,4.335009073,0.000163191,20000,1330000,20260901,"164 164 165 166 167"
table2c_dual_staggered_turnaround,7,5,28,4.335417293,4.335009073,0.000163191,20000,1330000,20260901,"164 164 165 166 167"
table2c_dual_staggered_turnaround,7,5,29,4.335807519,4.335009073,0.000163191,20000,1330000,20260901,"164 164 165 166 167"
table2c_dual_staggered_turnaround,7,5,30,4.334374436,4.335009073,0.000163191,20000,1330000,20260901,"164 164 165 166 167"
table2c_dual_staggered_turnaround,7,6,1,4.907689474,4.907630977,0.000190513,20000,1330000,20260901,"164 164 165 166 167 168"
table2c_dual_staggered_turnaround,7,6,2,4.907641353,4.907630977,0.000190513,20000,1330000,20260901,"164 164 165 166 167 168"
table2c_dual_staggered_turnaround,7,6,3,4.908363910,4.907630977,0.000190513,20000,1330000,20260901,"164 164 165 166 167 168"
table2c_dual_staggered_turnaround,7,6,4,4.907732331,4.907630977,0.000190513,20000,1330000,20260901,"164 164 165 166 167 168"
table2c_dual_staggered_turnaround,7,6,5,4.907465414,4.907630977,0.000190513,20000,1330000,20260901,"164 164 165 166 167 168"
table2c_dual_staggered_turnaround,7,6,6,4.907252632,4.907630977,0.000190513,20000,1330000,20260901,"164 164 165 166 167 168"
table2c_dual_staggered_turnaround,7,6,7,4.907053383,4.907630977,0.000190513,20000,1330000,20260901,"164 164 165 166 167 168"
table2c_dual_staggered_turnaround,7,6,8,4.906909774,4.907630977,0.000190513,20000,1330000,20260901,"164 164 165 166 167 168"
table2c_dual_staggered_turnaround,7,6,9,4.906734586,4.907630977,0.000190513,20000,1330000,20260901,"164 164 165 166 167 168"
table2c_dual_staggered_turnaround,7,6,10,4.907221053,4.907630977,0.000190513,20000,1330000,20260901,"164 164 165 166 167 168"
table2c_dual_staggered_turnaround,7,6,11,4.907084211,4.907630977,0.000190513,20000,1330000,20260901,"164 164 165 166 167 168"
table2c_dual_staggered_turnaround,7,6,12,4.907804511,4.907630977,0.000190513,20000,1330000,20260901,"164 164 165 166 167 168"
table2c_dual_staggered_turnaround,7,6,13,4.907269925,4.907630977,0.000190513,20000,1330000,20260901,"164 164 165 166 167 168"
table2c_dual_staggered_turnaround,7,6,14,4.907858647,4.907630977,0.000190513,20000,1330000,20260901,"164 164 165 166 167 168"
table2c_dual_staggered_turnaround,7,6,15,4.908053383,4.907630977,0.000190513,20000,1330000,20260901,"164 164 165 166 167 168"
table2c_dual_staggered_turnaround,7,6,16,4.908161654,4.907630977,0.000190513,20000,1330000,20260901,"164 164 165 166 167 168"
table2c_dual_staggered_turnaround,7,6,17,4.908075188,4.907630977,0.000190513,20000,1330000,20260901,"164 164 165 166 167 168"
table2c_dual_staggered_turnaround,7,6,18,4.907724812,4.907630977,0.000190513,20000,1330000,20260901,"164 164 165 166 167 168"
table2c_dual_staggered_turnaround,7,6,19,4.907910526,4.907630977,0.000190513,20000,1330000,20260901,"164 164 165 166 167 168"
table2c_dual_staggered_turnaround,7,6,20,4.906801504,4.907630977,0.000190513,20000,1330000,20260901,"164 164 165 166 167 168"
table2c_dual_staggered_turnaround,7,6,21,4.908975940,4.907630977,0.000190513,20000,1330000,20260901,"164 164 165 166 167 168"
table2c_dual_staggered_turnaround,7,6,22,4.907900000,4.907630977,0.000190513,20000,1330000,20260901,"164 164 165 166 167 168"
table2c_dual_staggered_turnaround,7,6,23,4.908086466,4.907630977,0.000190513,20000,1330000,20260901,"164 164 165 166 167 168"
table2c_dual_staggered_turnaround,7,6,24,4.908193985,4.907630977,0.000190513,20000,1330000,20260901,"164 164 165 166 167 168"
table2c_dual_staggered_turnaround,7,6,25,4.907073684,4.907630977,0.000190513,20000,1330000,20260901,"164 164 165 166 167 168"
table2c_dual_staggered_turnaround,7,6,26,4.907775188,4.907630977,0.000190513,20000,1330000,20260901,"164 164 165 166 167 168"
table2c_dual_staggered_turnaround,7,6,27,4.907317293,4.907630977,0.000190513,20000,1330000,20260901,"164 164 165 166 167 168"
table2c_dual_staggered_turnaround,7,6,28,4.907968421,4.907630977,0.000190513,20000,1330000,20260901,"164 164 165 166 167 168"
table2c_dual_staggered_turnaround,7,6,29,4.907504511,4.907630977,0.000190513,20000,1330000,20260901,"164 164 165 166 167 168"
table2c_dual_staggered_turnaround,7,6,30,4.907325564,4.907630977,0.000190513,20000,1330000,20260901,"164 164 165 166 167 168"
table2c_dual_staggered_turnaround,7,7,1,5.373820301,5.373439424,0.000179448,20000,1330000,20260901,"164 164 165 166 167 168 169"
table2c_dual_staggered_turnaround,7,7,2,5.373308271,5.373439424,0.000179448,20000,1330000,20260901,"164 164 165 166 167 168 169"
table2c_dual_staggered_turnaround,7,7,3,5.373331579,5.373439424,0.000179448,20000,1330000,20260901,"164 164 165 166 167 168 169"
table2c_dual_staggered_turnaround,7,7,4,5.373520301,5.373439424,0.000179448,20000,1330000,20260901,"164 164 165 166 167 168 169"
table2c_dual_staggered_turnaround,7,7,5,5.372630075,5.373439424,0.000179448,20000,1330000,20260901,"164 164 165 166 167 168 169"
table2c_dual_staggered_turnaround,7,7,6,5.373560150,5.373439424,0.000179448,20000,1330000,20260901,"164 164 165 166 167 168 169"
table2c_dual_staggered_turnaround,7,7,7,5.373624812,5.373439424,0.000179448,20000,1330000,20260901,"164 164 165 166 167 168 169"
table2c_dual_staggered_turnaround,7,7,8,5.373070677,5.373439424,0.000179448,20000,1330000,20260901,"164 164 165 166 167 168 169"
table2c_dual_staggered_turnaround,7,7,9,5.372561654,5.373439424,0.000179448,20000,1330000,20260901,"164 164 165 166 167 168 169"
table2c_dual_staggered_turnaround,7,7,10,5.373790226,5.373439424,0.000179448,20000,1330000,20260901,"164 164 165 166 167 168 169"
table2c_dual_staggered_turnaround,7,7,11,5.373579699,5.373439424,0.000179448,20000,1330000,20260901,"164 164 165 166 167 168 169"
table2c_dual_staggered_turnaround,7,7,12,5.373138346,5.373439424,0.000179448,20000,1330000,20260901,"164 164 165 166 167 168 169"
table2c_dual_staggered_turnaround,7,7,13,5.373266917,5.373439424,0.000179448,20000,1330000,20260901,"164 164 165 166 167 168 169"
table2c_dual_staggered_turnaround,7,7,14,5.373355639,5.373439424,0.000179448,20000,1330000,20260901,"164 164 165 166 167 168 169"
table2c_dual_staggered_turnaround,7,7,15,5.372884962,5.373439424,0.000179448,20000,1330000,20260901,"164 164 165 166 167 168 169"
table2c_dual_staggered_turnaround,7,7,16,5.373837594,5.373439424,0.000179448,20000,1330000,20260901,"164 164 165 166 167 168 169"
table2c_dual_staggered_turnaround,7,7,17,5.373961654,5.373439424,0.000179448,20000,1330000,20260901,"164 164 165 166 167 168 169"
table2c_dual_staggered_turnaround,7,7,18,5.373636090,5.373439424,0.000179448,20000,1330000,20260901,"164 164 165 166 167 168 169"
table2c_dual_staggered_turnaround,7,7,19,5.373968421,5.373439424,0.000179448,20000,1330000,20260901,"164 164 165 166 167 168 169"
table2c_dual_staggered_turnaround,7,7,20,5.373166917,5.373439424,0.000179448,20000,1330000,20260901,"164 164 165 166 167 168 169"
table2c_dual_staggered_turnaround,7,7,21,5.374784211,5.373439424,0.000179448,20000,1330000,20260901,"164 164 165 166 167 168 169"
table2c_dual_staggered_turnaround,7,7,22,5.374093985,5.373439424,0.000179448,20000,1330000,20260901,"164 164 165 166 167 168 169"
table2c_dual_staggered_turnaround,7,7,23,5.373738346,5.373439424,0.000179448,20000,1330000,20260901,"164 164 165 166 167 168 169"
table2c_dual_staggered_turnaround,7,7,24,5.373893985,5.373439424,0.000179448,20000,1330000,20260901,"164 164 165 166 167 168 169"
table2c_dual_staggered_turnaround,7,7,25,5.372879699,5.373439424,0.000179448,20000,1330000,20260901,"164 164 165 166 167 168 169"
table2c_dual_staggered_turnaround,7,7,26,5.373081203,5.373439424,0.000179448,20000,1330000,20260901,"164 164 165 166 167 168 169"
table2c_dual_staggered_turnaround,7,7,27,5.373271429,5.373439424,0.000179448,20000,1330000,20260901,"164 164 165 166 167 168 169"
table2c_dual_staggered_turnaround,7,7,28,5.373359398,5.373439424,0.000179448,20000,1330000,20260901,"164 164 165 166 167 168 169"
table2c_dual_staggered_turnaround,7,7,29,5.373321053,5.373439424,0.000179448,20000,1330000,20260901,"164 164 165 166 167 168 169"
table2c_dual_staggered_turnaround,7,7,30,5.372745113,5.373439424,0.000179448,20000,1330000,20260901,"164 164 165 166 167 168 169"
table2c_dual_staggered_turnaround,7,8,1,5.744705263,5.744717544,0.000199304,20000,1330000,20260901,"164 164 165 166 167 168 169 170"
table2c_dual_staggered_turnaround,7,8,2,5.744321053,5.744717544,0.000199304,20000,1330000,20260901,"164 164 165 166 167 168 169 170"
table2c_dual_staggered_turnaround,7,8,3,5.744939098,5.744717544,0.000199304,20000,1330000,20260901,"164 164 165 166 167 168 169 170"
table2c_dual_staggered_turnaround,7,8,4,5.744491729,5.744717544,0.000199304,20000,1330000,20260901,"164 164 165 166 167 168 169 170"
table2c_dual_staggered_turnaround,7,8,5,5.744424060,5.744717544,0.000199304,20000,1330000,20260901,"164 164 165 166 167 168 169 170"
table2c_dual_staggered_turnaround,7,8,6,5.745001504,5.744717544,0.000199304,20000,1330000,20260901,"164 164 165 166 167 168 169 170"
table2c_dual_staggered_turnaround,7,8,7,5.744304511,5.744717544,0.000199304,20000,1330000,20260901,"164 164 165 166 167 168 169 170"
table2c_dual_staggered_turnaround,7,8,8,5.744112030,5.744717544,0.000199304,20000,1330000,20260901,"164 164 165 166 167 168 169 170"
table2c_dual_staggered_turnaround,7,8,9,5.744282707,5.744717544,0.000199304,20000,1330000,20260901,"164 164 165 166 167 168 169 170"
table2c_dual_staggered_turnaround,7,8,10,5.745487970,5.744717544,0.000199304,20000,1330000,20260901,"164 164 165 166 167 168 169 170"
table2c_dual_staggered_turnaround,7,8,11,5.744449624,5.744717544,0.000199304,20000,1330000,20260901,"164 164 165 166 167 168 169 170"
table2c_dual_staggered_turnaround,7,8,12,5.744551880,5.744717544,0.000199304,20000,1330000,20260901,"164 164 165 166 167 168 169 170"
table2c_dual_staggered_turnaround,7,8,13,5.744833835,5.744717544,0.000199304,20000,1330000,20260901,"164 164 165 166 167 168 169 170"
table2c_dual_staggered_turnaround,7,8,14,5.744501504,5.744717544,0.000199304,20000,1330000,20260901,"164 164 165 166 167 168 169 170"
table2c_dual_staggered_turnaround,7,8,15,5.744609774,5.744717544,0.000199304,20000,1330000,20260901,"164 164 165 166 167 168 169 170"
table2c_dual_staggered_turnaround,7,8,16,5.745558647,5.744717544,0.000199304,20000,1330000,20260901,"164 164 165 166 167 168 169 170"
table2c_dual_staggered_turnaround,7,8,17,5.744462406,5.744717544,0.000199304,20000,1330000,20260901,"164 164 165 166 167 168 169 170"
table2c_dual_staggered_turnaround,7,8,18,5.744918797,5.744717544,0.000199304,20000,1330000,20260901,"164 164 165 166 167 168 169 170"
table2c_dual_staggered_turnaround,7,8,19,5.744612030,5.744717544,0.000199304,20000,1330000,20260901,"164 164 165 166 167 168 169 170"
table2c_dual_staggered_turnaround,7,8,20,5.743798496,5.744717544,0.000199304,20000,1330000,20260901,"164 164 165 166 167 168 169 170"
table2c_dual_staggered_turnaround,7,8,21,5.746109023,5.744717544,0.000199304,20000,1330000,20260901,"164 164 165 166 167 168 169 170"
table2c_dual_staggered_turnaround,7,8,22,5.745564662,5.744717544,0.000199304,20000,1330000,20260901,"164 164 165 166 167 168 169 170"
table2c_dual_staggered_turnaround,7,8,23,5.744606015,5.744717544,0.000199304,20000,1330000,20260901,"164 164 165 166 167 168 169 170"
table2c_dual_staggered_turnaround,7,8,24,5.745384962,5.744717544,0.000199304,20000,1330000,20260901,"164 164 165 166 167 168 169 170"
table2c_dual_staggered_turnaround,7,8,25,5.743820301,5.744717544,0.000199304,20000,1330000,20260901,"164 164 165 166 167 168 169 170"
table2c_dual_staggered_turnaround,7,8,26,5.744554135,5.744717544,0.000199304,20000,1330000,20260901,"164 164 165 166 167 168 169 170"
table2c_dual_staggered_turnaround,7,8,27,5.745326316,5.744717544,0.000199304,20000,1330000,20260901,"164 164 165 166 167 168 169 170"
table2c_dual_staggered_turnaround,7,8,28,5.744715038,5.744717544,0.000199304,20000,1330000,20260901,"164 164 165 166 167 168 169 170"
table2c_dual_staggered_turnaround,7,8,29,5.744151880,5.744717544,0.000199304,20000,1330000,20260901,"164 164 165 166 167 168 169 170"
table2c_dual_staggered_turnaround,7,8,30,5.744927068,5.744717544,0.000199304,20000,1330000,20260901,"164 164 165 166 167 168 169 170"
table2c_dual_staggered_turnaround,7,9,1,6.036542105,6.036690075,0.000221407,20000,1330000,20260901,"164 164 165 166 167 168 169 170 171"
table2c_dual_staggered_turnaround,7,9,2,6.036581203,6.036690075,0.000221407,20000,1330000,20260901,"164 164 165 166 167 168 169 170 171"
table2c_dual_staggered_turnaround,7,9,3,6.036712030,6.036690075,0.000221407,20000,1330000,20260901,"164 164 165 166 167 168 169 170 171"
table2c_dual_staggered_turnaround,7,9,4,6.036722556,6.036690075,0.000221407,20000,1330000,20260901,"164 164 165 166 167 168 169 170 171"
table2c_dual_staggered_turnaround,7,9,5,6.037022556,6.036690075,0.000221407,20000,1330000,20260901,"164 164 165 166 167 168 169 170 171"
table2c_dual_staggered_turnaround,7,9,6,6.037426316,6.036690075,0.000221407,20000,1330000,20260901,"164 164 165 166 167 168 169 170 171"
table2c_dual_staggered_turnaround,7,9,7,6.036503759,6.036690075,0.000221407,20000,1330000,20260901,"164 164 165 166 167 168 169 170 171"
table2c_dual_staggered_turnaround,7,9,8,6.035812782,6.036690075,0.000221407,20000,1330000,20260901,"164 164 165 166 167 168 169 170 171"
table2c_dual_staggered_turnaround,7,9,9,6.036581203,6.036690075,0.000221407,20000,1330000,20260901,"164 164 165 166 167 168 169 170 171"
table2c_dual_staggered_turnaround,7,9,10,6.037937594,6.036690075,0.000221407,20000,1330000,20260901,"164 164 165 166 167 168 169 170 171"
table2c_dual_staggered_turnaround,7,9,11,6.036771429,6.036690075,0.000221407,20000,1330000,20260901,"164 164 165 166 167 168 169 170 171"
table2c_dual_staggered_turnaround,7,9,12,6.036495489,6.036690075,0.000221407,20000,1330000,20260901,"164 164 165 166 167 168 169 170 171"
table2c_dual_staggered_turnaround,7,9,13,6.036560150,6.036690075,0.000221407,20000,1330000,20260901,"164 164 165 166 167 168 169 170 171"
table2c_dual_staggered_turnaround,7,9,14,6.036160902,6.036690075,0.000221407,20000,1330000,20260901,"164 164 165 166 167 168 169 170 171"
table2c_dual_staggered_turnaround,7,9,15,6.036931579,6.036690075,0.000221407,20000,1330000,20260901,"164 164 165 166 167 168 169 170 171"
table2c_dual_staggered_turnaround,7,9,16,6.037885714,6.036690075,0.000221407,20000,1330000,20260901,"164 164 165 166 167 168 169 170 171"
table2c_dual_staggered_turnaround,7,9,17,6.036507519,6.036690075,0.000221407,20000,1330000,20260901,"164 164 165 166 167 168 169 170 171"
table2c_dual_staggered_turnaround,7,9,18,6.036266917,6.036690075,0.000221407,20000,1330000,20260901,"164 164 165 166 167 168 169 170 171"
table2c_dual_staggered_turnaround,7,9,19,6.036779699,6.036690075,0.000221407,20000,1330000,20260901,"164 164 165 166 167 168 169 170 171"
table2c_dual_staggered_turnaround,7,9,20,6.036055639,6.036690075,0.000221407,20000,1330000,20260901,"164 164 165 166 167 168 169 170 171"
table2c_dual_staggered_turnaround,7,9,21,6.037942857,6.036690075,0.000221407,20000,1330000,20260901,"164 164 165 166 167 168 169 170 171"
table2c_dual_staggered_turnaround,7,9,22,6.037115038,6.036690075,0.000221407,20000,1330000,20260901,"164 164 165 166 167 168 169 170 171"
table2c_dual_staggered_turnaround,7,9,23,6.035972180,6.036690075,0.000221407,20000,1330000,20260901,"164 164 165 166 167 168 169 170 171"
table2c_dual_staggered_turnaround,7,9,24,6.036999248,6.036690075,0.000221407,20000,1330000,20260901,"164 164 165 166 167 168 169 170 171"
table2c_dual_staggered_turnaround,7,9,25,6.035351880,6.036690075,0.000221407,20000,1330000,20260901,"164 164 165 166 167 168 169 170 171"
table2c_dual_staggered_turnaround,7,9,26,6.036453383,6.036690075,0.000221407,20000,1330000,20260901,"164 164 165 166 167 168 169 170 171"
table2c_dual_staggered_turnaround,7,9,27,6.036948872,6.036690075,0.000221407,20000,1330000,20260901,"164 164 165 166 167 168 169 170 171"
table2c_dual_staggered_turnaround,7,9,28,6.036127068,6.036690075,0.000221407,20000,1330000,20260901,"164 164 165 166 167 168 169 170 171"
table2c_dual_staggered_turnaround,7,9,29,6.036567669,6.036690075,0.000221407,20000,1330000,20260901,"164 164 165 166 167 168 169 170 171"
table2c_dual_staggered_turnaround,7,9,30,6.036966917,6.036690075,0.000221407,20000,1330000,20260901,"164 164 165 166 167 168 169 170 171"
table2c_dual_staggered_turnaround,8,3,1,2.886788722,2.886175313,0.000101710,20000,1330000,20260901,"184 184 185"
table2c_dual_staggered_turnaround,8,3,2,2.886434586,2.886175313,0.000101710,20000,1330000,20260901,"184 184 185"
table2c_dual_staggered_turnaround,8,3,3,2.886312030,2.886175313,0.000101710,20000,1330000,20260901,"184 184 185"
table2c_dual_staggered_turnaround,8,3,4,2.886344361,2.886175313,0.000101710,20000,1330000,20260901,"184 184 185"
table2c_dual_staggered_turnaround,8,3,5,2.885926316,2.886175313,0.000101710,20000,1330000,20260901,"184 184 185"
table2c_dual_staggered_turnaround,8,3,6,2.886398496,2.886175313,0.000101710,20000,1330000,20260901,"184 184 185"
table2c_dual_staggered_turnaround,8,3,7,2.885975188,2.886175313,0.000101710,20000,1330000,20260901,"184 184 185"
table2c_dual_staggered_turnaround,8,3,8,2.886412030,2.886175313,0.000101710,20000,1330000,20260901,"184 184 185"
table2c_dual_staggered_turnaround,8,3,9,2.886310526,2.886175313,0.000101710,20000,1330000,20260901,"184 184 185"
table2c_dual_staggered_turnaround,8,3,10,2.886154135,2.886175313,0.000101710,20000,1330000,20260901,"184 184 185"
table2c_dual_staggered_turnaround,8,3,11,2.886154135,2.886175313,0.000101710,20000,1330000,20260901,"184 184 185"
table2c_dual_staggered_turnaround,8,3,12,2.886463158,2.886175313,0.000101710,20000,1330000,20260901,"184 184 185"
table2c_dual_staggered_turnaround,8,3,13,2.886114286,2.886175313,0.000101710,20000,1330000,20260901,"184 184 185"
table2c_dual_staggered_turnaround,8,3,14,2.886375940,2.886175313,0.000101710,20000,1330000,20260901,"184 184 185"
table2c_dual_staggered_turnaround,8,3,15,2.885894737,2.886175313,0.000101710,20000,1330000,20260901,"184 184 185"
table2c_dual_staggered_turnaround,8,3,16,2.886169173,2.886175313,0.000101710,20000,1330000,20260901,"184 184 185"
table2c_dual_staggered_turnaround,8,3,17,2.886257143,2.886175313,0.000101710,20000,1330000,20260901,"184 184 185"
table2c_dual_staggered_turnaround,8,3,18,2.886514286,2.886175313,0.000101710,20000,1330000,20260901,"184 184 185"
table2c_dual_staggered_turnaround,8,3,19,2.886292481,2.886175313,0.000101710,20000,1330000,20260901,"184 184 185"
table2c_dual_staggered_turnaround,8,3,20,2.886136090,2.886175313,0.000101710,20000,1330000,20260901,"184 184 185"
table2c_dual_staggered_turnaround,8,3,21,2.885869925,2.886175313,0.000101710,20000,1330000,20260901,"184 184 185"
table2c_dual_staggered_turnaround,8,3,22,2.886177444,2.886175313,0.000101710,20000,1330000,20260901,"184 184 185"
table2c_dual_staggered_turnaround,8,3,23,2.885655639,2.886175313,0.000101710,20000,1330000,20260901,"184 184 185"
table2c_dual_staggered_turnaround,8,3,24,2.885649624,2.886175313,0.000101710,20000,1330000,20260901,"184 184 185"
table2c_dual_staggered_turnaround,8,3,25,2.886276692,2.886175313,0.000101710,20000,1330000,20260901,"184 184 185"
table2c_dual_staggered_turnaround,8,3,26,2.885776692,2.886175313,0.000101710,20000,1330000,20260901,"184 184 185"
table2c_dual_staggered_turnaround,8,3,27,2.885802256,2.886175313,0.000101710,20000,1330000,20260901,"184 184 185"
table2c_dual_staggered_turnaround,8,3,28,2.886454135,2.886175313,0.000101710,20000,1330000,20260901,"184 184 185"
table2c_dual_staggered_turnaround,8,3,29,2.886241353,2.886175313,0.000101710,20000,1330000,20260901,"184 184 185"
table2c_dual_staggered_turnaround,8,3,30,2.885927820,2.886175313,0.000101710,20000,1330000,20260901,"184 184 185"
table2c_dual_staggered_turnaround,8,4,1,3.725773684,3.725101529,0.000173361,20000,1330000,20260901,"184 184 185 186"
table2c_dual_staggered_turnaround,8,4,2,3.725195489,3.725101529,0.000173361,20000,1330000,20260901,"184 184 185 186"
table2c_dual_staggered_turnaround,8,4,3,3.725468421,3.725101529,0.000173361,20000,1330000,20260901,"184 184 185 186"
table2c_dual_staggered_turnaround,8,4,4,3.725551880,3.725101529,0.000173361,20000,1330000,20260901,"184 184 185 186"
table2c_dual_staggered_turnaround,8,4,5,3.724714286,3.725101529,0.000173361,20000,1330000,20260901,"184 184 185 186"
table2c_dual_staggered_turnaround,8,4,6,3.725237594,3.725101529,0.000173361,20000,1330000,20260901,"184 184 185 186"
table2c_dual_staggered_turnaround,8,4,7,3.724607519,3.725101529,0.000173361,20000,1330000,20260901,"184 184 185 186"
table2c_dual_staggered_turnaround,8,4,8,3.725221053,3.725101529,0.000173361,20000,1330000,20260901,"184 184 185 186"
table2c_dual_staggered_turnaround,8,4,9,3.724759398,3.725101529,0.000173361,20000,1330000,20260901,"184 184 185 186"
table2c_dual_staggered_turnaround,8,4,10,3.725038346,3.725101529,0.000173361,20000,1330000,20260901,"184 184 185 186"
table2c_dual_staggered_turnaround,8,4,11,3.725513534,3.725101529,0.000173361,20000,1330000,20260901,"184 184 185 186"
table2c_dual_staggered_turnaround,8,4,12,3.725871429,3.725101529,0.000173361,20000,1330000,20260901,"184 184 185 186"
table2c_dual_staggered_turnaround,8,4,13,3.725682707,3.725101529,0.000173361,20000,1330000,20260901,"184 184 185 186"
table2c_dual_staggered_turnaround,8,4,14,3.725641353,3.725101529,0.000173361,20000,1330000,20260901,"184 184 185 186"
table2c_dual_staggered_turnaround,8,4,15,3.725371429,3.725101529,0.000173361,20000,1330000,20260901,"184 184 185 186"
table2c_dual_staggered_turnaround,8,4,16,3.725020301,3.725101529,0.000173361,20000,1330000,20260901,"184 184 185 186"
table2c_dual_staggered_turnaround,8,4,17,3.725071429,3.725101529,0.000173361,20000,1330000,20260901,"184 184 185 186"
table2c_dual_staggered_turnaround,8,4,18,3.725287218,3.725101529,0.000173361,20000,1330000,20260901,"184 184 185 186"
table2c_dual_staggered_turnaround,8,4,19,3.725448872,3.725101529,0.000173361,20000,1330000,20260901,"184 184 185 186"
table2c_dual_staggered_turnaround,8,4,20,3.724409023,3.725101529,0.000173361,20000,1330000,20260901,"184 184 185 186"
table2c_dual_staggered_turnaround,8,4,21,3.724736842,3.725101529,0.000173361,20000,1330000,20260901,"184 184 185 186"
table2c_dual_staggered_turnaround,8,4,22,3.725798496,3.725101529,0.000173361,20000,1330000,20260901,"184 184 185 186"
table2c_dual_staggered_turnaround,8,4,23,3.724401504,3.725101529,0.000173361,20000,1330000,20260901,"184 184 185 186"
table2c_dual_staggered_turnaround,8,4,24,3.724763910,3.725101529,0.000173361,20000,1330000,20260901,"184 184 185 186"
table2c_dual_staggered_turnaround,8,4,25,3.724660902,3.725101529,0.000173361,20000,1330000,20260901,"184 184 185 186"
table2c_dual_staggered_turnaround,8,4,26,3.724212782,3.725101529,0.000173361,20000,1330000,20260901,"184 184 185 186"
table2c_dual_staggered_turnaround,8,4,27,3.724415789,3.725101529,0.000173361,20000,1330000,20260901,"184 184 185 186"
table2c_dual_staggered_turnaround,8,4,28,3.725221053,3.725101529,0.000173361,20000,1330000,20260901,"184 184 185 186"
table2c_dual_staggered_turnaround,8,4,29,3.724781203,3.725101529,0.000173361,20000,1330000,20260901,"184 184 185 186"
table2c_dual_staggered_turnaround,8,4,30,3.725168421,3.725101529,0.000173361,20000,1330000,20260901,"184 184 185 186"
table2c_dual_staggered_turnaround,8,5,1,4.472579699,4.472415639,0.000228312,20000,1330000,20260901,"184 184 185 186 187"
table2c_dual_staggered_turnaround,8,5,2,4.472480451,4.472415639,0.000228312,20000,1330000,20260901,"184 184 185 186 187"
table2c_dual_staggered_turnaround,8,5,3,4.473270677,4.472415639,0.000228312,20000,1330000,20260901,"184 184 185 186 187"
table2c_dual_staggered_turnaround,8,5,4,4.473360902,4.472415639,0.000228312,20000,1330000,20260901,"184 184 185 186 187"
table2c_dual_staggered_turnaround,8,5,5,4.472728571,4.472415639,0.000228312,20000,1330000,20260901,"184 184 185 186 187"
table2c_dual_staggered_turnaround,8,5,6,4.472654135,4.472415639,0.000228312,20000,1330000,20260901,"184 184 185 186 187"
table2c_dual_staggered_turnaround,8,5,7,4.471924812,4.472415639,0.000228312,20000,1330000,20260901,"184 184 185 186 187"
table2c_dual_staggered_turnaround,8,5,8,4.472721805,4.472415639,0.000228312,20000,1330000,20260901,"184 184 185 186 187"
table2c_dual_staggered_turnaround,8,5,9,4.471993985,4.472415639,0.000228312,20000,1330000,20260901,"184 184 185 186 187"
table2c_dual_staggered_turnaround,8,5,10,4.472817293,4.472415639,0.000228312,20000,1330000,20260901,"184 184 185 186 187"
table2c_dual_staggered_turnaround,8,5,11,4.472518045,4.472415639,0.000228312,20000,1330000,20260901,"184 184 185 186 187"
table2c_dual_staggered_turnaround,8,5,12,4.473286466,4.472415639,0.000228312,20000,1330000,20260901,"184 184 185 186 187"
table2c_dual_staggered_turnaround,8,5,13,4.473024060,4.472415639,0.000228312,20000,1330000,20260901,"184 184 185 186 187"
table2c_dual_staggered_turnaround,8,5,14,4.472691729,4.472415639,0.000228312,20000,1330000,20260901,"184 184 185 186 187"
table2c_dual_staggered_turnaround,8,5,15,4.472968421,4.472415639,0.000228312,20000,1330000,20260901,"184 184 185 186 187"
table2c_dual_staggered_turnaround,8,5,16,4.471883459,4.472415639,0.000228312,20000,1330000,20260901,"184 184 185 186 187"
table2c_dual_staggered_turnaround,8,5,17,4.472469173,4.472415639,0.000228312,20000,1330000,20260901,"184 184 185 186 187"
table2c_dual_staggered_turnaround,8,5,18,4.472686466,4.472415639,0.000228312,20000,1330000,20260901,"184 184 185 186 187"
table2c_dual_staggered_turnaround,8,5,19,4.473409023,4.472415639,0.000228312,20000,1330000,20260901,"184 184 185 186 187"
table2c_dual_staggered_turnaround,8,5,20,4.471524812,4.472415639,0.000228312,20000,1330000,20260901,"184 184 185 186 187"
table2c_dual_staggered_turnaround,8,5,21,4.471760902,4.472415639,0.000228312,20000,1330000,20260901,"184 184 185 186 187"
table2c_dual_staggered_turnaround,8,5,22,4.472675188,4.472415639,0.000228312,20000,1330000,20260901,"184 184 185 186 187"
table2c_dual_staggered_turnaround,8,5,23,4.471670677,4.472415639,0.000228312,20000,1330000,20260901,"184 184 185 186 187"
table2c_dual_staggered_turnaround,8,5,24,4.471921053,4.472415639,0.000228312,20000,1330000,20260901,"184 184 185 186 187"
table2c_dual_staggered_turnaround,8,5,25,4.471993233,4.472415639,0.000228312,20000,1330000,20260901,"184 184 185 186 187"
table2c_dual_staggered_turnaround,8,5,26,4.471249624,4.472415639,0.000228312,20000,1330000,20260901,"184 184 185 186 187"
table2c_dual_staggered_turnaround,8,5,27,4.471266917,4.472415639,0.000228312,20000,1330000,20260901,"184 184 185 186 187"
table2c_dual_staggered_turnaround,8,5,28,4.471745865,4.472415639,0.000228312,20000,1330000,20260901,"184 184 185 186 187"
table2c_dual_staggered_turnaround,8,5,29,4.472472932,4.472415639,0.000228312,20000,1330000,20260901,"184 184 185 186 187"
table2c_dual_staggered_turnaround,8,5,30,4.472718797,4.472415639,0.000228312,20000,1330000,20260901,"184 184 185 186 187"
table2c_dual_staggered_turnaround,8,6,1,5.122173684,5.121384662,0.000252673,20000,1330000,20260901,"184 184 185 186 187 188"
table2c_dual_staggered_turnaround,8,6,2,5.121668421,5.121384662,0.000252673,20000,1330000,20260901,"184 184 185 186 187 188"
table2c_dual_staggered_turnaround,8,6,3,5.121496992,5.121384662,0.000252673,20000,1330000,20260901,"184 184 185 186 187 188"
table2c_dual_staggered_turnaround,8,6,4,5.121939098,5.121384662,0.000252673,20000,1330000,20260901,"184 184 185 186 187 188"
table2c_dual_staggered_turnaround,8,6,5,5.121812782,5.121384662,0.000252673,20000,1330000,20260901,"184 184 185 186 187 188"
table2c_dual_staggered_turnaround,8,6,6,5.122058647,5.121384662,0.000252673,20000,1330000,20260901,"184 184 185 186 187 188"
table2c_dual_staggered_turnaround,8,6,7,5.120756391,5.121384662,0.000252673,20000,1330000,20260901,"184 184 185 186 187 188"
table2c_dual_staggered_turnaround,8,6,8,5.121724060,5.121384662,0.000252673,20000,1330000,20260901,"184 184 185 186 187 188"
table2c_dual_staggered_turnaround,8,6,9,5.120860150,5.121384662,0.000252673,20000,1330000,20260901,"184 184 185 186 187 188"
table2c_dual_staggered_turnaround,8,6,10,5.121014286,5.121384662,0.000252673,20000,1330000,20260901,"184 184 185 186 187 188"
table2c_dual_staggered_turnaround,8,6,11,5.121815789,5.121384662,0.000252673,20000,1330000,20260901,"184 184 185 186 187 188"
table2c_dual_staggered_turnaround,8,6,12,5.122658647,5.121384662,0.000252673,20000,1330000,20260901,"184 184 185 186 187 188"
table2c_dual_staggered_turnaround,8,6,13,5.121795489,5.121384662,0.000252673,20000,1330000,20260901,"184 184 185 186 187 188"
table2c_dual_staggered_turnaround,8,6,14,5.121812782,5.121384662,0.000252673,20000,1330000,20260901,"184 184 185 186 187 188"
table2c_dual_staggered_turnaround,8,6,15,5.122258647,5.121384662,0.000252673,20000,1330000,20260901,"184 184 185 186 187 188"
table2c_dual_staggered_turnaround,8,6,16,5.121193985,5.121384662,0.000252673,20000,1330000,20260901,"184 184 185 186 187 188"
table2c_dual_staggered_turnaround,8,6,17,5.121253383,5.121384662,0.000252673,20000,1330000,20260901,"184 184 185 186 187 188"
table2c_dual_staggered_turnaround,8,6,18,5.121424812,5.121384662,0.000252673,20000,1330000,20260901,"184 184 185 186 187 188"
table2c_dual_staggered_turnaround,8,6,19,5.122561654,5.121384662,0.000252673,20000,1330000,20260901,"184 184 185 186 187 188"
table2c_dual_staggered_turnaround,8,6,20,5.120063158,5.121384662,0.000252673,20000,1330000,20260901,"184 184 185 186 187 188"
table2c_dual_staggered_turnaround,8,6,21,5.120034586,5.121384662,0.000252673,20000,1330000,20260901,"184 184 185 186 187 188"
table2c_dual_staggered_turnaround,8,6,22,5.121746617,5.121384662,0.000252673,20000,1330000,20260901,"184 184 185 186 187 188"
table2c_dual_staggered_turnaround,8,6,23,5.121172932,5.121384662,0.000252673,20000,1330000,20260901,"184 184 185 186 187 188"
table2c_dual_staggered_turnaround,8,6,24,5.121333835,5.121384662,0.000252673,20000,1330000,20260901,"184 184 185 186 187 188"
table2c_dual_staggered_turnaround,8,6,25,5.121212782,5.121384662,0.000252673,20000,1330000,20260901,"184 184 185 186 187 188"
table2c_dual_staggered_turnaround,8,6,26,5.120580451,5.121384662,0.000252673,20000,1330000,20260901,"184 184 185 186 187 188"
table2c_dual_staggered_turnaround,8,6,27,5.120363910,5.121384662,0.000252673,20000,1330000,20260901,"184 184 185 186 187 188"
table2c_dual_staggered_turnaround,8,6,28,5.120545865,5.121384662,0.000252673,20000,1330000,20260901,"184 184 185 186 187 188"
table2c_dual_staggered_turnaround,8,6,29,5.121140602,5.121384662,0.000252673,20000,1330000,20260901,"184 184 185 186 187 188"
table2c_dual_staggered_turnaround,8,6,30,5.121065414,5.121384662,0.000252673,20000,1330000,20260901,"184 184 185 186 187 188"
table2c_dual_staggered_turnaround,8,7,1,5.673151128,5.672311529,0.000282902,20000,1330000,20260901,"184 184 185 186 187 188 189"
table2c_dual_staggered_turnaround,8,7,2,5.673012030,5.672311529,0.000282902,20000,1330000,20260901,"184 184 185 186 187 188 189"
table2c_dual_staggered_turnaround,8,7,3,5.673095489,5.672311529,0.000282902,20000,1330000,20260901,"184 184 185 186 187 188 189"
table2c_dual_staggered_turnaround,8,7,4,5.671918797,5.672311529,0.000282902,20000,1330000,20260901,"184 184 185 186 187 188 189"
table2c_dual_staggered_turnaround,8,7,5,5.672039850,5.672311529,0.000282902,20000,1330000,20260901,"184 184 185 186 187 188 189"
table2c_dual_staggered_turnaround,8,7,6,5.672076692,5.672311529,0.000282902,20000,1330000,20260901,"184 184 185 186 187 188 189"
table2c_dual_staggered_turnaround,8,7,7,5.671308271,5.672311529,0.000282902,20000,1330000,20260901,"184 184 185 186 187 188 189"
table2c_dual_staggered_turnaround,8,7,8,5.672106767,5.672311529,0.000282902,20000,1330000,20260901,"184 184 185 186 187 188 189"
table2c_dual_staggered_turnaround,8,7,9,5.672710526,5.672311529,0.000282902,20000,1330000,20260901,"184 184 185 186 187 188 189"
table2c_dual_staggered_turnaround,8,7,10,5.671526316,5.672311529,0.000282902,20000,1330000,20260901,"184 184 185 186 187 188 189"
table2c_dual_staggered_turnaround,8,7,11,5.673239850,5.672311529,0.000282902,20000,1330000,20260901,"184 184 185 186 187 188 189"
table2c_dual_staggered_turnaround,8,7,12,5.673496992,5.672311529,0.000282902,20000,1330000,20260901,"184 184 185 186 187 188 189"
table2c_dual_staggered_turnaround,8,7,13,5.672673684,5.672311529,0.000282902,20000,1330000,20260901,"184 184 185 186 187 188 189"
table2c_dual_staggered_turnaround,8,7,14,5.673528571,5.672311529,0.000282902,20000,1330000,20260901,"184 184 185 186 187 188 189"
table2c_dual_staggered_turnaround,8,7,15,5.673746617,5.672311529,0.000282902,20000,1330000,20260901,"184 184 185 186 187 188 189"
table2c_dual_staggered_turnaround,8,7,16,5.671221805,5.672311529,0.000282902,20000,1330000,20260901,"184 184 185 186 187 188 189"
table2c_dual_staggered_turnaround,8,7,17,5.671891729,5.672311529,0.000282902,20000,1330000,20260901,"184 184 185 186 187 188 189"
table2c_dual_staggered_turnaround,8,7,18,5.672287218,5.672311529,0.000282902,20000,1330000,20260901,"184 184 185 186 187 188 189"
table2c_dual_staggered_turnaround,8,7,19,5.673430827,5.672311529,0.000282902,20000,1330000,20260901,"184 184 185 186 187 188 189"
table2c_dual_staggered_turnaround,8,7,20,5.670798496,5.672311529,0.000282902,20000,1330000,20260901,"184 184 185 186 187 188 189"
table2c_dual_staggered_turnaround,8,7,21,5.671616541,5.672311529,0.000282902,20000,1330000,20260901,"184 184 185 186 187 188 189"
table2c_dual_staggered_turnaround,8,7,22,5.672169925,5.672311529,0.000282902,20000,1330000,20260901,"184 184 185 186 187 188 189"
table2c_dual_staggered_turnaround,8,7,23,5.672402256,5.672311529,0.000282902,20000,1330000,20260901,"184 184 185 186 187 188 189"
table2c_dual_staggered_turnaround,8,7,24,5.672430075,5.672311529,0.000282902,20000,1330000,20260901,"184 184 185 186 187 188 189"
table2c_dual_staggered_turnaround,8,7,25,5.671993233,5.672311529,0.000282902,20000,1330000,20260901,"184 184 185 186 187 188 189"
table2c_dual_staggered_turnaround,8,7,26,5.672035338,5.672311529,0.000282902,20000,1330000,20260901,"184 184 185 186 187 188 189"
table2c_dual_staggered_turnaround,8,7,27,5.671418797,5.672311529,0.000282902,20000,1330000,20260901,"184 184 185 186 187 188 189"
table2c_dual_staggered_turnaround,8,7,28,5.671746617,5.672311529,0.000282902,20000,1330000,20260901,"184 184 185 186 187 188 189"
table2c_dual_staggered_turnaround,8,7,29,5.672100000,5.672311529,0.000282902,20000,1330000,20260901,"184 184 185 186 187 188 189"
table2c_dual_staggered_turnaround,8,7,30,5.672171429,5.672311529,0.000282902,20000,1330000,20260901,"184 184 185 186 187 188 189"
table2c_dual_staggered_turnaround,8,8,1,6.132422556,6.131494637,0.000326542,20000,1330000,20260901,"184 184 185 186 187 188 189 190"
table2c_dual_staggered_turnaround,8,8,2,6.132071429,6.131494637,0.000326542,20000,1330000,20260901,"184 184 185 186 187 188 189 190"
table2c_dual_staggered_turnaround,8,8,3,6.132416541,6.131494637,0.000326542,20000,1330000,20260901,"184 184 185 186 187 188 189 190"
table2c_dual_staggered_turnaround,8,8,4,6.131081203,6.131494637,0.000326542,20000,1330000,20260901,"184 184 185 186 187 188 189 190"
table2c_dual_staggered_turnaround,8,8,5,6.131575940,6.131494637,0.000326542,20000,1330000,20260901,"184 184 185 186 187 188 189 190"
table2c_dual_staggered_turnaround,8,8,6,6.130991729,6.131494637,0.000326542,20000,1330000,20260901,"184 184 185 186 187 188 189 190"
table2c_dual_staggered_turnaround,8,8,7,6.130204511,6.131494637,0.000326542,20000,1330000,20260901,"184 184 185 186 187 188 189 190"
table2c_dual_staggered_turnaround,8,8,8,6.131535338,6.131494637,0.000326542,20000,1330000,20260901,"184 184 185 186 187 188 189 190"
table2c_dual_staggered_turnaround,8,8,9,6.131629323,6.131494637,0.000326542,20000,1330000,20260901,"184 184 185 186 187 188 189 190"
table2c_dual_staggered_turnaround,8,8,10,6.130897744,6.131494637,0.000326542,20000,1330000,20260901,"184 184 185 186 187 188 189 190"
table2c_dual_staggered_turnaround,8,8,11,6.132918045,6.131494637,0.000326542,20000,1330000,20260901,"184 184 185 186 187 188 189 190"
table2c_dual_staggered_turnaround,8,8,12,6.132744361,6.131494637,0.000326542,20000,1330000,20260901,"184 184 185 186 187 188 189 190"
table2c_dual_staggered_turnaround,8,8,13,6.131279699,6.131494637,0.000326542,20000,1330000,20260901,"184 184 185 186 187 188 189 190"
table2c_dual_staggered_turnaround,8,8,14,6.133363158,6.131494637,0.000326542,20000,1330000,20260901,"184 184 185 186 187 188 189 190"
table2c_dual_staggered_turnaround,8,8,15,6.132793985,6.131494637,0.000326542,20000,1330000,20260901,"184 184 185 186 187 188 189 190"
table2c_dual_staggered_turnaround,8,8,16,6.129921805,6.131494637,0.000326542,20000,1330000,20260901,"184 184 185 186 187 188 189 190"
table2c_dual_staggered_turnaround,8,8,17,6.131284211,6.131494637,0.000326542,20000,1330000,20260901,"184 184 185 186 187 188 189 190"
table2c_dual_staggered_turnaround,8,8,18,6.130918045,6.131494637,0.000326542,20000,1330000,20260901,"184 184 185 186 187 188 189 190"
table2c_dual_staggered_turnaround,8,8,19,6.132830827,6.131494637,0.000326542,20000,1330000,20260901,"184 184 185 186 187 188 189 190"
table2c_dual_staggered_turnaround,8,8,20,6.130220301,6.131494637,0.000326542,20000,1330000,20260901,"184 184 185 186 187 188 189 190"
table2c_dual_staggered_turnaround,8,8,21,6.130419549,6.131494637,0.000326542,20000,1330000,20260901,"184 184 185 186 187 188 189 190"
table2c_dual_staggered_turnaround,8,8,22,6.131200000,6.131494637,0.000326542,20000,1330000,20260901,"184 184 185 186 187 188 189 190"
table2c_dual_staggered_turnaround,8,8,23,6.131087218,6.131494637,0.000326542,20000,1330000,20260901,"184 184 185 186 187 188 189 190"
table2c_dual_staggered_turnaround,8,8,24,6.131713534,6.131494637,0.000326542,20000,1330000,20260901,"184 184 185 186 187 188 189 190"
table2c_dual_staggered_turnaround,8,8,25,6.131475188,6.131494637,0.000326542,20000,1330000,20260901,"184 184 185 186 187 188 189 190"
table2c_dual_staggered_turnaround,8,8,26,6.131728571,6.131494637,0.000326542,20000,1330000,20260901,"184 184 185 186 187 188 189 190"
table2c_dual_staggered_turnaround,8,8,27,6.130651880,6.131494637,0.000326542,20000,1330000,20260901,"184 184 185 186 187 188 189 190"
table2c_dual_staggered_turnaround,8,8,28,6.131175940,6.131494637,0.000326542,20000,1330000,20260901,"184 184 185 186 187 188 189 190"
table2c_dual_staggered_turnaround,8,8,29,6.131044361,6.131494637,0.000326542,20000,1330000,20260901,"184 184 185 186 187 188 189 190"
table2c_dual_staggered_turnaround,8,8,30,6.131242105,6.131494637,0.000326542,20000,1330000,20260901,"184 184 185 186 187 188 189 190"
table2c_dual_staggered_turnaround,8,9,1,6.509269925,6.508577920,0.000340576,20000,1330000,20260901,"184 184 185 186 187 188 189 190 191"
table2c_dual_staggered_turnaround,8,9,2,6.509033835,6.508577920,0.000340576,20000,1330000,20260901,"184 184 185 186 187 188 189 190 191"
table2c_dual_staggered_turnaround,8,9,3,6.508852632,6.508577920,0.000340576,20000,1330000,20260901,"184 184 185 186 187 188 189 190 191"
table2c_dual_staggered_turnaround,8,9,4,6.508282707,6.508577920,0.000340576,20000,1330000,20260901,"184 184 185 186 187 188 189 190 191"
table2c_dual_staggered_turnaround,8,9,5,6.508772180,6.508577920,0.000340576,20000,1330000,20260901,"184 184 185 186 187 188 189 190 191"
table2c_dual_staggered_turnaround,8,9,6,6.507771429,6.508577920,0.000340576,20000,1330000,20260901,"184 184 185 186 187 188 189 190 191"
table2c_dual_staggered_turnaround,8,9,7,6.506909774,6.508577920,0.000340576,20000,1330000,20260901,"184 184 185 186 187 188 189 190 191"
table2c_dual_staggered_turnaround,8,9,8,6.508804511,6.508577920,0.000340576,20000,1330000,20260901,"184 184 185 186 187 188 189 190 191"
table2c_dual_staggered_turnaround,8,9,9,6.509395489,6.508577920,0.000340576,20000,1330000,20260901,"184 184 185 186 187 188 189 190 191"
table2c_dual_staggered_turnaround,8,9,10,6.508447368,6.508577920,0.000340576,20000,1330000,20260901,"184 184 185 186 187 188 189 190 191"
table2c_dual_staggered_turnaround,8,9,11,6.510351128,6.508577920,0.000340576,20000,1330000,20260901,"184 184 185 186 187 188 189 190 191"
table2c_dual_staggered_turnaround,8,9,12,6.509148120,6.508577920,0.000340576,20000,1330000,20260901,"184 184 185 186 187 188 189 190 191"
table2c_dual_staggered_turnaround,8,9,13,6.507233835,6.508577920,0.000340576,20000,1330000,20260901,"184 184 185 186 187 188 189 190 191"
table2c_dual_staggered_turnaround,8,9,14,6.510609023,6.508577920,0.000340576,20000,1330000,20260901,"184 184 185 186 187 188 189 190 191"
table2c_dual_staggered_turnaround,8,9,15,6.510298496,6.508577920,0.000340576,20000,1330000,20260901,"184 184 185 186 187 188 189 190 191"
table2c_dual_staggered_turnaround,8,9,16,6.507312030,6.508577920,0.000340576,20000,1330000,20260901,"184 184 185 186 187 188 189 190 191"
table2c_dual_staggered_turnaround,8,9,17,6.508158647,6.508577920,0.000340576,20000,1330000,20260901,"184 184 185 186 187 188 189 190 191"
table2c_dual_staggered_turnaround,8,9,18,6.507909023,6.508577920,0.000340576,20000,1330000,20260901,"184 184 185 186 187 188 189 190 191"
table2c_dual_staggered_turnaround,8,9,19,6.509421805,6.508577920,0.000340576,20000,1330000,20260901,"184 184 185 186 187 188 189 190 191"
table2c_dual_staggered_turnaround,8,9,20,6.507191729,6.508577920,0.000340576,20000,1330000,20260901,"184 184 185 186 187 188 189 190 191"
table2c_dual_staggered_turnaround,8,9,21,6.508084962,6.508577920,0.000340576,20000,1330000,20260901,"184 184 185 186 187 188 189 190 191"
table2c_dual_staggered_turnaround,8,9,22,6.508484962,6.508577920,0.000340576,20000,1330000,20260901,"184 184 185 186 187 188 189 190 191"
table2c_dual_staggered_turnaround,8,9,23,6.508675940,6.508577920,0.000340576,20000,1330000,20260901,"184 184 185 186 187 188 189 190 191"
table2c_dual_staggered_turnaround,8,9,24,6.508966917,6.508577920,0.000340576,20000,1330000,20260901,"184 184 185 186 187 188 189 190 191"
table2c_dual_staggered_turnaround,8,9,25,6.507985714,6.508577920,0.000340576,20000,1330000,20260901,"184 184 185 186 187 188 189 190 191"
table2c_dual_staggered_turnaround,8,9,26,6.508730827,6.508577920,0.000340576,20000,1330000,20260901,"184 184 185 186 187 188 189 190 191"
table2c_dual_staggered_turnaround,8,9,27,6.507636842,6.508577920,0.000340576,20000,1330000,20260901,"184 184 185 186 187 188 189 190 191"
table2c_dual_staggered_turnaround,8,9,28,6.508403008,6.508577920,0.000340576,20000,1330000,20260901,"184 184 185 186 187 188 189 190 191"
table2c_dual_staggered_turnaround,8,9,29,6.508329323,6.508577920,0.000340576,20000,1330000,20260901,"184 184 185 186 187 188 189 190 191"
table2c_dual_staggered_turnaround,8,9,30,6.508865414,6.508577920,0.000340576,20000,1330000,20260901,"184 184 185 186 187 188 189 190 191"
table2c_dual_staggered_turnaround,9,3,1,2.909134586,2.908832456,0.000060836,20000,1330000,20260901,"204 204 205"
table2c_dual_staggered_turnaround,9,3,2,2.908815038,2.908832456,0.000060836,20000,1330000,20260901,"204 204 205"
table2c_dual_staggered_turnaround,9,3,3,2.908781955,2.908832456,0.000060836,20000,1330000,20260901,"204 204 205"
table2c_dual_staggered_turnaround,9,3,4,2.908780451,2.908832456,0.000060836,20000,1330000,20260901,"204 204 205"
table2c_dual_staggered_turnaround,9,3,5,2.908869925,2.908832456,0.000060836,20000,1330000,20260901,"204 204 205"
table2c_dual_staggered_turnaround,9,3,6,2.908822556,2.908832456,0.000060836,20000,1330000,20260901,"204 204 205"
table2c_dual_staggered_turnaround,9,3,7,2.908775188,2.908832456,0.000060836,20000,1330000,20260901,"204 204 205"
table2c_dual_staggered_turnaround,9,3,8,2.908733083,2.908832456,0.000060836,20000,1330000,20260901,"204 204 205"
table2c_dual_staggered_turnaround,9,3,9,2.908810526,2.908832456,0.000060836,20000,1330000,20260901,"204 204 205"
table2c_dual_staggered_turnaround,9,3,10,2.909030075,2.908832456,0.000060836,20000,1330000,20260901,"204 204 205"
table2c_dual_staggered_turnaround,9,3,11,2.908858647,2.908832456,0.000060836,20000,1330000,20260901,"204 204 205"
table2c_dual_staggered_turnaround,9,3,12,2.908790977,2.908832456,0.000060836,20000,1330000,20260901,"204 204 205"
table2c_dual_staggered_turnaround,9,3,13,2.908922556,2.908832456,0.000060836,20000,1330000,20260901,"204 204 205"
table2c_dual_staggered_turnaround,9,3,14,2.908915789,2.908832456,0.000060836,20000,1330000,20260901,"204 204 205"
table2c_dual_staggered_turnaround,9,3,15,2.908919549,2.908832456,0.000060836,20000,1330000,20260901,"204 204 205"
table2c_dual_staggered_turnaround,9,3,16,2.908646617,2.908832456,0.000060836,20000,1330000,20260901,"204 204 205"
table2c_dual_staggered_turnaround,9,3,17,2.909084962,2.908832456,0.000060836,20000,1330000,20260901,"204 204 205"
table2c_dual_staggered_turnaround,9,3,18,2.908818045,2.908832456,0.000060836,20000,1330000,20260901,"204 204 205"
table2c_dual_staggered_turnaround,9,3,19,2.909131579,2.908832456,0.000060836,20000,1330000,20260901,"204 204 205"
table2c_dual_staggered_turnaround,9,3,20,2.908800752,2.908832456,0.000060836,20000,1330000,20260901,"204 204 205"
table2c_dual_staggered_turnaround,9,3,21,2.908967669,2.908832456,0.000060836,20000,1330000,20260901,"204 204 205"
table2c_dual_staggered_turnaround,9,3,22,2.908827820,2.908832456,0.000060836,20000,1330000,20260901,"204 204 205"
table2c_dual_staggered_turnaround,9,3,23,2.908945113,2.908832456,0.000060836,20000,1330000,20260901,"204 204 205"
table2c_dual_staggered_turnaround,9,3,24,2.908644361,2.908832456,0.000060836,20000,1330000,20260901,"204 204 205"
table2c_dual_staggered_turnaround,9,3,25,2.908635338,2.908832456,0.000060836,20000,1330000,20260901,"204 204 205"
table2c_dual_staggered_turnaround,9,3,26,2.908787218,2.908832456,0.000060836,20000,1330000,20260901,"204 204 205"
table2c_dual_staggered_turnaround,9,3,27,2.908903759,2.908832456,0.000060836,20000,1330000,20260901,"204 204 205"
table2c_dual_staggered_turnaround,9,3,28,2.908657143,2.908832456,0.000060836,20000,1330000,20260901,"204 204 205"
table2c_dual_staggered_turnaround,9,3,29,2.908841353,2.908832456,0.000060836,20000,1330000,20260901,"204 204 205"
table2c_dual_staggered_turnaround,9,3,30,2.908321053,2.908832456,0.000060836,20000,1330000,20260901,"204 204 205"
table2c_dual_staggered_turnaround,9,4,1,3.779067669,3.778786767,0.000118255,20000,1330000,20260901,"204 204 205 206"
table2c_dual_staggered_turnaround,9,4,2,3.779187970,3.778786767,0.000118255,20000,1330000,20260901,"204 204 205 206"
table2c_dual_staggered_turnaround,9,4,3,3.778732331,3.778786767,0.000118255,20000,1330000,20260901,"204 204 205 206"
table2c_dual_staggered_turnaround,9,4,4,3.779017293,3.778786767,0.000118255,20000,1330000,20260901,"204 204 205 206"
table2c_dual_staggered_turnaround,9,4,5,3.778817293,3.778786767,0.000118255,20000,1330000,20260901,"204 204 205 206"
table2c_dual_staggered_turnaround,9,4,6,3.778404511,3.778786767,0.000118255,20000,1330000,20260901,"204 204 205 206"
table2c_dual_staggered_turnaround,9,4,7,3.778521805,3.778786767,0.000118255,20000,1330000,20260901,"204 204 205 206"
table2c_dual_staggered_turnaround,9,4,8,3.778741353,3.778786767,0.000118255,20000,1330000,20260901,"204 204 205 206"
table2c_dual_staggered_turnaround,9,4,9,3.778572932,3.778786767,0.000118255,20000,1330000,20260901,"204 204 205 206"
table2c_dual_staggered_turnaround,9,4,10,3.779116541,3.778786767,0.000118255,20000,1330000,20260901,"204 204 205 206"
table2c_dual_staggered_turnaround,9,4,11,3.778635338,3.778786767,0.000118255,20000,1330000,20260901,"204 204 205 206"
table2c_dual_staggered_turnaround,9,4,12,3.778796992,3.778786767,0.000118255,20000,1330000,20260901,"204 204 205 206"
table2c_dual_staggered_turnaround,9,4,13,3.779477444,3.778786767,0.000118255,20000,1330000,20260901,"204 204 205 206"
table2c_dual_staggered_turnaround,9,4,14,3.778858647,3.778786767,0.000118255,20000,1330000,20260901,"204 204 205 206"
table2c_dual_staggered_turnaround,9,4,15,3.779017293,3.778786767,0.000118255,20000,1330000,20260901,"204 204 205 206"
table2c_dual_staggered_turnaround,9,4,16,3.778227068,3.778786767,0.000118255,20000,1330000,20260901,"204 204 205 206"
table2c_dual_staggered_turnaround,9,4,17,3.779184211,3.778786767,0.000118255,20000,1330000,20260901,"204 204 205 206"
table2c_dual_staggered_turnaround,9,4,18,3.778875940,3.778786767,0.000118255,20000,1330000,20260901,"204 204 205 206"
table2c_dual_staggered_turnaround,9,4,19,3.778830827,3.778786767,0.000118255,20000,1330000,20260901,"204 204 205 206"
table2c_dual_staggered_turnaround,9,4,20,3.778288722,3.778786767,0.000118255,20000,1330000,20260901,"204 204 205 206"
table2c_dual_staggered_turnaround,9,4,21,3.778664662,3.778786767,0.000118255,20000,1330000,20260901,"204 204 205 206"
table2c_dual_staggered_turnaround,9,4,22,3.778814286,3.778786767,0.000118255,20000,1330000,20260901,"204 204 205 206"
table2c_dual_staggered_turnaround,9,4,23,3.779051128,3.778786767,0.000118255,20000,1330000,20260901,"204 204 205 206"
table2c_dual_staggered_turnaround,9,4,24,3.778892481,3.778786767,0.000118255,20000,1330000,20260901,"204 204 205 206"
table2c_dual_staggered_turnaround,9,4,25,3.778279699,3.778786767,0.000118255,20000,1330000,20260901,"204 204 205 206"
table2c_dual_staggered_turnaround,9,4,26,3.778606015,3.778786767,0.000118255,20000,1330000,20260901,"204 204 205 206"
table2c_dual_staggered_turnaround,9,4,27,3.779014286,3.778786767,0.000118255,20000,1330000,20260901,"204 204 205 206"
table2c_dual_staggered_turnaround,9,4,28,3.778522556,3.778786767,0.000118255,20000,1330000,20260901,"204 204 205 206"
table2c_dual_staggered_turnaround,9,4,29,3.779154135,3.778786767,0.000118255,20000,1330000,20260901,"204 204 205 206"
table2c_dual_staggered_turnaround,9,4,30,3.778231579,3.778786767,0.000118255,20000,1330000,20260901,"204 204 205 206"
table2c_dual_staggered_turnaround,9,5,1,4.571912030,4.572179774,0.000151348,20000,1330000,20260901,"204 204 205 206 207"
table2c_dual_staggered_turnaround,9,5,2,4.573023308,4.572179774,0.000151348,20000,1330000,20260901,"204 204 205 206 207"
table2c_dual_staggered_turnaround,9,5,3,4.571815038,4.572179774,0.000151348,20000,1330000,20260901,"204 204 205 206 207"
table2c_dual_staggered_turnaround,9,5,4,4.572218045,4.572179774,0.000151348,20000,1330000,20260901,"204 204 205 206 207"
table2c_dual_staggered_turnaround,9,5,5,4.572550376,4.572179774,0.000151348,20000,1330000,20260901,"204 204 205 206 207"
table2c_dual_staggered_turnaround,9,5,6,4.572030075,4.572179774,0.000151348,20000,1330000,20260901,"204 204 205 206 207"
table2c_dual_staggered_turnaround,9,5,7,4.572215038,4.572179774,0.000151348,20000,1330000,20260901,"204 204 205 206 207"
table2c_dual_staggered_turnaround,9,5,8,4.572300752,4.572179774,0.000151348,20000,1330000,20260901,"204 204 205 206 207"
table2c_dual_staggered_turnaround,9,5,9,4.572189474,4.572179774,0.000151348,20000,1330000,20260901,"204 204 205 206 207"
table2c_dual_staggered_turnaround,9,5,10,4.572756391,4.572179774,0.000151348,20000,1330000,20260901,"204 204 205 206 207"
table2c_dual_staggered_turnaround,9,5,11,4.572169173,4.572179774,0.000151348,20000,1330000,20260901,"204 204 205 206 207"
table2c_dual_staggered_turnaround,9,5,12,4.572406767,4.572179774,0.000151348,20000,1330000,20260901,"204 204 205 206 207"
table2c_dual_staggered_turnaround,9,5,13,4.572791729,4.572179774,0.000151348,20000,1330000,20260901,"204 204 205 206 207"
table2c_dual_staggered_turnaround,9,5,14,4.571917293,4.572179774,0.000151348,20000,1330000,20260901,"204 204 205 206 207"
table2c_dual_staggered_turnaround,9,5,15,4.572653383,4.572179774,0.000151348,20000,1330000,20260901,"204 204 205 206 207"
table2c_dual_staggered_turnaround,9,5,16,4.571509774,4.572179774,0.000151348,20000,1330000,20260901,"204 204 205 206 207"
table2c_dual_staggered_turnaround,9,5,17,4.572267669,4.572179774,0.000151348,20000,1330000,20260901,"204 204 205 206 207"
table2c_dual_staggered_turnaround,9,5,18,4.572372180,4.572179774,0.000151348,20000,1330000,20260901,"204 204 205 206 207"
table2c_dual_staggered_turnaround,9,5,19,4.572189474,4.572179774,0.000151348,20000,1330000,20260901,"204 204 205 206 207"
table2c_dual_staggered_turnaround,9,5,20,4.571166165,4.572179774,0.000151348,20000,1330000,20260901,"204 204 205 206 207"
table2c_dual_staggered_turnaround,9,5,21,4.571755639,4.572179774,0.000151348,20000,1330000,20260901,"204 204 205 206 207"
table2c_dual_staggered_turnaround,9,5,22,4.572747368,4.572179774,0.000151348,20000,1330000,20260901,"204 204 205 206 207"
table2c_dual_staggered_turnaround,9,5,23,4.572414286,4.572179774,0.000151348,20000,1330000,20260901,"204 204 205 206 207"
table2c_dual_staggered_turnaround,9,5,24,4.572393233,4.572179774,0.000151348,20000,1330000,20260901,"204 204 205 206 207"
table2c_dual_staggered_turnaround,9,5,25,4.571968421,4.572179774,0.000151348,20000,1330000,20260901,"204 204 205 206 207"
table2c_dual_staggered_turnaround,9,5,26,4.572181203,4.572179774,0.000151348,20000,1330000,20260901,"204 204 205 206 207"
table2c_dual_staggered_turnaround,9,5,27,4.572003008,4.572179774,0.000151348,20000,1330000,20260901,"204 204 205 206 207"
table2c_dual_staggered_turnaround,9,5,28,4.571958647,4.572179774,0.000151348,20000,1330000,20260901,"204 204 205 206 207"
table2c_dual_staggered_turnaround,9,5,29,4.571847368,4.572179774,0.000151348,20000,1330000,20260901,"204 204 205 206 207"
table2c_dual_staggered_turnaround,9,5,30,4.571669925,4.572179774,0.000151348,20000,1330000,20260901,"204 204 205 206 207"
table2c_dual_staggered_turnaround,9,6,1,5.280662406,5.280599674,0.000168684,20000,1330000,20260901,"204 204 205 206 207 208"
table2c_dual_staggered_turnaround,9,6,2,5.281057143,5.280599674,0.000168684,20000,1330000,20260901,"204 204 205 206 207 208"
table2c_dual_staggered_turnaround,9,6,3,5.280830827,5.280599674,0.000168684,20000,1330000,20260901,"204 204 205 206 207 208"
table2c_dual_staggered_turnaround,9,6,4,5.280532331,5.280599674,0.000168684,20000,1330000,20260901,"204 204 205 206 207 208"
table2c_dual_staggered_turnaround,9,6,5,5.280744361,5.280599674,0.000168684,20000,1330000,20260901,"204 204 205 206 207 208"
table2c_dual_staggered_turnaround,9,6,6,5.280665414,5.280599674,0.000168684,20000,1330000,20260901,"204 204 205 206 207 208"
table2c_dual_staggered_turnaround,9,6,7,5.280535338,5.280599674,0.000168684,20000,1330000,20260901,"204 204 205 206 207 208"
table2c_dual_staggered_turnaround,9,6,8,5.280439850,5.280599674,0.000168684,20000,1330000,20260901,"204 204 205 206 207 208"
table2c_dual_staggered_turnaround,9,6,9,5.280757143,5.280599674,0.000168684,20000,1330000,20260901,"204 204 205 206 207 208"
table2c_dual_staggered_turnaround,9,6,10,5.281362406,5.280599674,0.000168684,20000,1330000,20260901,"204 204 205 206 207 208"
table2c_dual_staggered_turnaround,9,6,11,5.281214286,5.280599674,0.000168684,20000,1330000,20260901,"204 204 205 206 207 208"
table2c_dual_staggered_turnaround,9,6,12,5.280444361,5.280599674,0.000168684,20000,1330000,20260901,"204 204 205 206 207 208"
table2c_dual_staggered_turnaround,9,6,13,5.281157143,5.280599674,0.000168684,20000,1330000,20260901,"204 204 205 206 207 208"
table2c_dual_staggered_turnaround,9,6,14,5.279847368,5.280599674,0.000168684,20000,1330000,20260901,"204 204 205 206 207 208"
table2c_dual_staggered_turnaround,9,6,15,5.281519549,5.280599674,0.000168684,20000,1330000,20260901,"204 204 205 206 207 208"
table2c_dual_staggered_turnaround,9,6,16,5.280221053,5.280599674,0.000168684,20000,1330000,20260901,"204 204 205 206 207 208"
table2c_dual_staggered_turnaround,9,6,17,5.280448872,5.280599674,0.000168684,20000,1330000,20260901,"204 204 205 206 207 208"
table2c_dual_staggered_turnaround,9,6,18,5.280585714,5.280599674,0.000168684,20000,1330000,20260901,"204 204 205 206 207 208"
table2c_dual_staggered_turnaround,9,6,19,5.280146617,5.280599674,0.000168684,20000,1330000,20260901,"204 204 205 206 207 208"
table2c_dual_staggered_turnaround,9,6,20,5.279683459,5.280599674,0.000168684,20000,1330000,20260901,"204 204 205 206 207 208"
table2c_dual_staggered_turnaround,9,6,21,5.279719549,5.280599674,0.000168684,20000,1330000,20260901,"204 204 205 206 207 208"
table2c_dual_staggered_turnaround,9,6,22,5.280736842,5.280599674,0.000168684,20000,1330000,20260901,"204 204 205 206 207 208"
table2c_dual_staggered_turnaround,9,6,23,5.280331579,5.280599674,0.000168684,20000,1330000,20260901,"204 204 205 206 207 208"
table2c_dual_staggered_turnaround,9,6,24,5.281004511,5.280599674,0.000168684,20000,1330000,20260901,"204 204 205 206 207 208"
table2c_dual_staggered_turnaround,9,6,25,5.281040602,5.280599674,0.000168684,20000,1330000,20260901,"204 204 205 206 207 208"
table2c_dual_staggered_turnaround,9,6,26,5.280349624,5.280599674,0.000168684,20000,1330000,20260901,"204 204 205 206 207 208"
table2c_dual_staggered_turnaround,9,6,27,5.280048120,5.280599674,0.000168684,20000,1330000,20260901,"204 204 205 206 207 208"
table2c_dual_staggered_turnaround,9,6,28,5.280615038,5.280599674,0.000168684,20000,1330000,20260901,"204 204 205 206 207 208"
table2c_dual_staggered_turnaround,9,6,29,5.280810526,5.280599674,0.000168684,20000,1330000,20260901,"204 204 205 206 207 208"
table2c_dual_staggered_turnaround,9,6,30,5.280478195,5.280599674,0.000168684,20000,1330000,20260901,"204 204 205 206 207 208"
table2c_dual_staggered_turnaround,9,7,1,5.901636090,5.901224035,0.000204184,20000,1330000,20260901,"204 204 205 206 207 208 209"
table2c_dual_staggered_turnaround,9,7,2,5.902172932,5.901224035,0.000204184,20000,1330000,20260901,"204 204 205 206 207 208 209"
table2c_dual_staggered_turnaround,9,7,3,5.901315038,5.901224035,0.000204184,20000,1330000,20260901,"204 204 205 206 207 208 209"
table2c_dual_staggered_turnaround,9,7,4,5.901072932,5.901224035,0.000204184,20000,1330000,20260901,"204 204 205 206 207 208 209"
table2c_dual_staggered_turnaround,9,7,5,5.901245865,5.901224035,0.000204184,20000,1330000,20260901,"204 204 205 206 207 208 209"
table2c_dual_staggered_turnaround,9,7,6,5.901378947,5.901224035,0.000204184,20000,1330000,20260901,"204 204 205 206 207 208 209"
table2c_dual_staggered_turnaround,9,7,7,5.901733835,5.901224035,0.000204184,20000,1330000,20260901,"204 204 205 206 207 208 209"
table2c_dual_staggered_turnaround,9,7,8,5.900945865,5.901224035,0.000204184,20000,1330000,20260901,"204 204 205 206 207 208 209"
table2c_dual_staggered_turnaround,9,7,9,5.900718045,5.901224035,0.000204184,20000,1330000,20260901,"204 204 205 206 207 208 209"
table2c_dual_staggered_turnaround,9,7,10,5.901651128,5.901224035,0.000204184,20000,1330000,20260901,"204 204 205 206 207 208 209"
table2c_dual_staggered_turnaround,9,7,11,5.901597744,5.901224035,0.000204184,20000,1330000,20260901,"204 204 205 206 207 208 209"
table2c_dual_staggered_turnaround,9,7,12,5.901639850,5.901224035,0.000204184,20000,1330000,20260901,"204 204 205 206 207 208 209"
table2c_dual_staggered_turnaround,9,7,13,5.901521053,5.901224035,0.000204184,20000,1330000,20260901,"204 204 205 206 207 208 209"
table2c_dual_staggered_turnaround,9,7,14,5.900663158,5.901224035,0.000204184,20000,1330000,20260901,"204 204 205 206 207 208 209"
table2c_dual_staggered_turnaround,9,7,15,5.902388722,5.901224035,0.000204184,20000,1330000,20260901,"204 204 205 206 207 208 209"
table2c_dual_staggered_turnaround,9,7,16,5.901118045,5.901224035,0.000204184,20000,1330000,20260901,"204 204 205 206 207 208 209"
table2c_dual_staggered_turnaround,9,7,17,5.900832331,5.901224035,0.000204184,20000,1330000,20260901,"204 204 205 206 207 208 209"
table2c_dual_staggered_turnaround,9,7,18,5.900829323,5.901224035,0.000204184,20000,1330000,20260901,"204 204 205 206 207 208 209"
table2c_dual_staggered_turnaround,9,7,19,5.901441353,5.901224035,0.000204184,20000,1330000,20260901,"204 204 205 206 207 208 209"
table2c_dual_staggered_turnaround,9,7,20,5.900456391,5.901224035,0.000204184,20000,1330000,20260901,"204 204 205 206 207 208 209"
table2c_dual_staggered_turnaround,9,7,21,5.900266917,5.901224035,0.000204184,20000,1330000,20260901,"204 204 205 206 207 208 209"
table2c_dual_staggered_turnaround,9,7,22,5.901155639,5.901224035,0.000204184,20000,1330000,20260901,"204 204 205 206 207 208 209"
table2c_dual_staggered_turnaround,9,7,23,5.900590977,5.901224035,0.000204184,20000,1330000,20260901,"204 204 205 206 207 208 209"
table2c_dual_staggered_turnaround,9,7,24,5.901257895,5.901224035,0.000204184,20000,1330000,20260901,"204 204 205 206 207 208 209"
table2c_dual_staggered_turnaround,9,7,25,5.902220301,5.901224035,0.000204184,20000,1330000,20260901,"204 204 205 206 207 208 209"
table2c_dual_staggered_turnaround,9,7,26,5.900490226,5.901224035,0.000204184,20000,1330000,20260901,"204 204 205 206 207 208 209"
table2c_dual_staggered_turnaround,9,7,27,5.900800752,5.901224035,0.000204184,20000,1330000,20260901,"204 204 205 206 207 208 209"
table2c_dual_staggered_turnaround,9,7,28,5.900921053,5.901224035,0.000204184,20000,1330000,20260901,"204 204 205 206 207 208 209"
table2c_dual_staggered_turnaround,9,7,29,5.901874436,5.901224035,0.000204184,20000,1330000,20260901,"204 204 205 206 207 208 209"
table2c_dual_staggered_turnaround,9,7,30,5.900784211,5.901224035,0.000204184,20000,1330000,20260901,"204 204 205 206 207 208 209"
table2c_dual_staggered_turnaround,9,8,1,6.436781955,6.435554612,0.000253784,20000,1330000,20260901,"204 204 205 206 207 208 209 210"
table2c_dual_staggered_turnaround,9,8,2,6.436864662,6.435554612,0.000253784,20000,1330000,20260901,"204 204 205 206 207 208 209 210"
table2c_dual_staggered_turnaround,9,8,3,6.435477444,6.435554612,0.000253784,20000,1330000,20260901,"204 204 205 206 207 208 209 210"
table2c_dual_staggered_turnaround,9,8,4,6.434963158,6.435554612,0.000253784,20000,1330000,20260901,"204 204 205 206 207 208 209 210"
table2c_dual_staggered_turnaround,9,8,5,6.435211278,6.435554612,0.000253784,20000,1330000,20260901,"204 204 205 206 207 208 209 210"
table2c_dual_staggered_turnaround,9,8,6,6.435852632,6.435554612,0.000253784,20000,1330000,20260901,"204 204 205 206 207 208 209 210"
table2c_dual_staggered_turnaround,9,8,7,6.435828571,6.435554612,0.000253784,20000,1330000,20260901,"204 204 205 206 207 208 209 210"
table2c_dual_staggered_turnaround,9,8,8,6.434831579,6.435554612,0.000253784,20000,1330000,20260901,"204 204 205 206 207 208 209 210"
table2c_dual_staggered_turnaround,9,8,9,6.435132331,6.435554612,0.000253784,20000,1330000,20260901,"204 204 205 206 207 208 209 210"
table2c_dual_staggered_turnaround,9,8,10,6.436247368,6.435554612,0.000253784,20000,1330000,20260901,"204 204 205 206 207 208 209 210"
table2c_dual_staggered_turnaround,9,8,11,6.435576692,6.435554612,0.000253784,20000,1330000,20260901,"204 204 205 206 207 208 209 210"
table2c_dual_staggered_turnaround,9,8,12,6.435239098,6.435554612,0.000253784,20000,1330000,20260901,"204 204 205 206 207 208 209 210"
table2c_dual_staggered_turnaround,9,8,13,6.435924812,6.435554612,0.000253784,20000,1330000,20260901,"204 204 205 206 207 208 209 210"
table2c_dual_staggered_turnaround,9,8,14,6.434736842,6.435554612,0.000253784,20000,1330000,20260901,"204 204 205 206 207 208 209 210"
table2c_dual_staggered_turnaround,9,8,15,6.436382707,6.435554612,0.000253784,20000,1330000,20260901,"204 204 205 206 207 208 209 210"
table2c_dual_staggered_turnaround,9,8,16,6.436126316,6.435554612,0.000253784,20000,1330000,20260901,"204 204 205 206 207 208 209 210"
table2c_dual_staggered_turnaround,9,8,17,6.435170677,6.435554612,0.000253784,20000,1330000,20260901,"204 204 205 206 207 208 209 210"
table2c_dual_staggered_turnaround,9,8,18,6.434803008,6.435554612,0.000253784,20000,1330000,20260901,"204 204 205 206 207 208 209 210"
table2c_dual_staggered_turnaround,9,8,19,6.435544361,6.435554612,0.000253784,20000,1330000,20260901,"204 204 205 206 207 208 209 210"
table2c_dual_staggered_turnaround,9,8,20,6.434413534,6.435554612,0.000253784,20000,1330000,20260901,"204 204 205 206 207 208 209 210"
table2c_dual_staggered_turnaround,9,8,21,6.435260902,6.435554612,0.000253784,20000,1330000,20260901,"204 204 205 206 207 208 209 210"
table2c_dual_staggered_turnaround,9,8,22,6.435295489,6.435554612,0.000253784,20000,1330000,20260901,"204 204 205 206 207 208 209 210"
table2c_dual_staggered_turnaround,9,8,23,6.435077444,6.435554612,0.000253784,20000,1330000,20260901,"204 204 205 206 207 208 209 210"
table2c_dual_staggered_turnaround,9,8,24,6.436096241,6.435554612,0.000253784,20000,1330000,20260901,"204 204 205 206 207 208 209 210"
table2c_dual_staggered_turnaround,9,8,25,6.436863158,6.435554612,0.000253784,20000,1330000,20260901,"204 204 205 206 207 208 209 210"
table2c_dual_staggered_turnaround,9,8,26,6.434800000,6.435554612,0.000253784,20000,1330000,20260901,"204 204 205 206 207 208 209 210"
table2c_dual_staggered_turnaround,9,8,27,6.434883459,6.435554612,0.000253784,20000,1330000,20260901,"204 204 205 206 207 208 209 210"
table2c_dual_staggered_turnaround,9,8,28,6.435851880,6.435554612,0.000253784,20000,1330000,20260901,"204 204 205 206 207 208 209 210"
table2c_dual_staggered_turnaround,9,8,29,6.436365414,6.435554612,0.000253784,20000,1330000,20260901,"204 204 205 206 207 208 209 210"
table2c_dual_staggered_turnaround,9,8,30,6.435035338,6.435554612,0.000253784,20000,1330000,20260901,"204 204 205 206 207 208 209 210"
table2c_dual_staggered_turnaround,9,9,1,6.889740602,6.889465815,0.000263524,20000,1330000,20260901,"204 204 205 206 207 208 209 210 211"
table2c_dual_staggered_turnaround,9,9,2,6.890439850,6.889465815,0.000263524,20000,1330000,20260901,"204 204 205 206 207 208 209 210 211"
table2c_dual_staggered_turnaround,9,9,3,6.888900752,6.889465815,0.000263524,20000,1330000,20260901,"204 204 205 206 207 208 209 210 211"
table2c_dual_staggered_turnaround,9,9,4,6.888577444,6.889465815,0.000263524,20000,1330000,20260901,"204 204 205 206 207 208 209 210 211"
table2c_dual_staggered_turnaround,9,9,5,6.888890226,6.889465815,0.000263524,20000,1330000,20260901,"204 204 205 206 207 208 209 210 211"
table2c_dual_staggered_turnaround,9,9,6,6.890198496,6.889465815,0.000263524,20000,1330000,20260901,"204 204 205 206 207 208 209 210 211"
table2c_dual_staggered_turnaround,9,9,7,6.889900752,6.889465815,0.000263524,20000,1330000,20260901,"204 204 205 206 207 208 209 210 211"
table2c_dual_staggered_turnaround,9,9,8,6.888626316,6.889465815,0.000263524,20000,1330000,20260901,"204 204 205 206 207 208 209 210 211"
table2c_dual_staggered_turnaround,9,9,9,6.889055639,6.889465815,0.000263524,20000,1330000,20260901,"204 204 205 206 207 208 209 210 211"
table2c_dual_staggered_turnaround,9,9,10,6.889529323,6.889465815,0.000263524,20000,1330000,20260901,"204 204 205 206 207 208 209 210 211"
table2c_dual_staggered_turnaround,9,9,11,6.890209774,6.889465815,0.000263524,20000,1330000,20260901,"204 204 205 206 207 208 209 210 211"
table2c_dual_staggered_turnaround,9,9,12,6.888800752,6.889465815,0.000263524,20000,1330000,20260901,"204 204 205 206 207 208 209 210 211"
table2c_dual_staggered_turnaround,9,9,13,6.889939098,6.889465815,0.000263524,20000,1330000,20260901,"204 204 205 206 207 208 209 210 211"
table2c_dual_staggered_turnaround,9,9,14,6.888752632,6.889465815,0.000263524,20000,1330000,20260901,"204 204 205 206 207 208 209 210 211"
table2c_dual_staggered_turnaround,9,9,15,6.890178195,6.889465815,0.000263524,20000,1330000,20260901,"204 204 205 206 207 208 209 210 211"
table2c_dual_staggered_turnaround,9,9,16,6.890318045,6.889465815,0.000263524,20000,1330000,20260901,"204 204 205 206 207 208 209 210 211"
table2c_dual_staggered_turnaround,9,9,17,6.889121805,6.889465815,0.000263524,20000,1330000,20260901,"204 204 205 206 207 208 209 210 211"
table2c_dual_staggered_turnaround,9,9,18,6.889317293,6.889465815,0.000263524,20000,1330000,20260901,"204 204 205 206 207 208 209 210 211"
table2c_dual_staggered_turnaround,9,9,19,6.890175188,6.889465815,0.000263524,20000,1330000,20260901,"204 204 205 206 207 208 209 210 211"
table2c_dual_staggered_turnaround,9,9,20,6.888778947,6.889465815,0.000263524,20000,1330000,20260901,"204 204 205 206 207 208 209 210 211"
table2c_dual_staggered_turnaround,9,9,21,6.889334586,6.889465815,0.000263524,20000,1330000,20260901,"204 204 205 206 207 208 209 210 211"
table2c_dual_staggered_turnaround,9,9,22,6.889283459,6.889465815,0.000263524,20000,1330000,20260901,"204 204 205 206 207 208 209 210 211"
table2c_dual_staggered_turnaround,9,9,23,6.889345113,6.889465815,0.000263524,20000,1330000,20260901,"204 204 205 206 207 208 209 210 211"
table2c_dual_staggered_turnaround,9,9,24,6.890222556,6.889465815,0.000263524,20000,1330000,20260901,"204 204 205 206 207 208 209 210 211"
table2c_dual_staggered_turnaround,9,9,25,6.891103008,6.889465815,0.000263524,20000,1330000,20260901,"204 204 205 206 207 208 209 210 211"
table2c_dual_staggered_turnaround,9,9,26,6.888294737,6.889465815,0.000263524,20000,1330000,20260901,"204 204 205 206 207 208 209 210 211"
table2c_dual_staggered_turnaround,9,9,27,6.888666917,6.889465815,0.000263524,20000,1330000,20260901,"204 204 205 206 207 208 209 210 211"
table2c_dual_staggered_turnaround,9,9,28,6.889345113,6.889465815,0.000263524,20000,1330000,20260901,"204 204 205 206 207 208 209 210 211"
table2c_dual_staggered_turnaround,9,9,29,6.890155639,6.889465815,0.000263524,20000,1330000,20260901,"204 204 205 206 207 208 209 210 211"
table2c_dual_staggered_turnaround,9,9,30,6.888772180,6.889465815,0.000263524,20000,1330000,20260901,"204 204 205 206 207 208 209 210 211"
