panel,n,m,replication,throughput,mean,halfwidth,warmup,steps,seed,loops
table2b_dual_staggered_return,3,3,1,2.339700752,2.339746165,0.000159086,20000,1330000,20260901,"84 84 85"
table2b_dual_staggered_return,3,3,2,2.339532331,2.339746165,0.000159086,20000,1330000,20260901,"84 84 85"
table2b_dual_staggered_return,3,3,3,2.339272932,2.339746165,0.000159086,20000,1330000,20260901,"84 84 85"
table2b_dual_staggered_return,3,3,4,2.339960150,2.339746165,0.000159086,20000,1330000,20260901,"84 84 85"
table2b_dual_staggered_return,3,3,5,2.339376692,2.339746165,0.000159086,20000,1330000,20260901,"84 84 85"
table2b_dual_staggered_return,3,3,6,2.339368421,2.339746165,0.000159086,20000,1330000,20260901,"84 84 85"
table2b_dual_staggered_return,3,3,7,2.339981203,2.339746165,0.000159086,20000,1330000,20260901,"84 84 85"
table2b_dual_staggered_return,3,3,8,2.340169173,2.339746165,0.000159086,20000,1330000,20260901,"84 84 85"
table2b_dual_staggered_return,3,3,9,2.339601504,2.339746165,0.000159086,20000,1330000,20260901,"84 84 85"
table2b_dual_staggered_return,3,3,10,2.339439098,2.339746165,0.000159086,20000,1330000,20260901,"84 84 85"
table2b_dual_staggered_return,3,3,11,2.339003759,2.339746165,0.000159086,20000,1330000,20260901,"84 84 85"
table2b_dual_staggered_return,3,3,12,2.339740602,2.339746165,0.000159086,20000,1330000,20260901,"84 84 85"
table2b_dual_staggered_return,3,3,13,2.338961654,2.339746165,0.000159086,20000,1330000,20260901,"84 84 85"
table2b_dual_staggered_return,3,3,14,2.340208271,2.339746165,0.000159086,20000,1330000,20260901,"84 84 85"
table2b_dual_staggered_return,3,3,15,2.339984211,2.339746165,0.000159086,20000,1330000,20260901,"84 84 85"
table2b_dual_staggered_return,3,3,16,2.339609023,2.339746165,0.000159086,20000,1330000,20260901,"84 84 85"
table2b_dual_staggered_return,3,3,17,2.339197744,2.339746165,0.000159086,20000,1330000,20260901,"84 84 85"
table2b_dual_staggered_return,3,3,18,2.339227068,2.339746165,0.000159086,20000,1330000,20260901,"84 84 85"
table2b_dual_staggered_return,3,3,19,2.340865414,2.339746165,0.000159086,20000,1330000,20260901,"84 84 85"
table2b_dual_staggered_return,3,3,20,2.339883459,2.339746165,0.000159086,20000,1330000,20260901,"84 84 85"
table2b_dual_staggered_return,3,3,21,2.339965414,2.339746165,0.000159086,20000,1330000,20260901,"84 84 85"
table2b_dual_staggered_return,3,3,22,2.339866917,2.339746165,0.000159086,20000,1330000,20260901,"84 84 85"
table2b_dual_staggered_return,3,3,23,2.339903759,2.339746165,0.000159086,20000,1330000,20260901,"84 84 85"
table2b_dual_staggered_return,3,3,24,2.339796241,2.339746165,0.000159086,20000,1330000,20260901,"84 84 85"
table2b_dual_staggered_return,3,3,25,2.340285714,2.339746165,0.000159086,20000,1330000,20260901,"84 84 85"
table2b_dual_staggered_return,3,3,26,2.339472932,2.339746165,0.000159086,20000,1330000,20260901,"84 84 85"
table2b_dual_staggered_return,3,3,27,2.339771429,2.339746165,0.000159086,20000,1330000,20260901,"84 84 85"
table2b_dual_staggered_return,3,3,28,2.340253383,2.339746165,0.000159086,20000,1330000,20260901,"84 84 85"
table2b_dual_staggered_return,3,3,29,2.340296992,2.339746165,0.000159086,20000,1330000,20260901,"84 84 85"
table2b_dual_staggered_return,3,3,30,2.339688722,2.339746165,0.000159086,20000,1330000,20260901,"84 84 85"
table2b_dual_staggered_return,3,4,1,2.649268421,2.648793308,0.000168748,20000,1330000,20260901,"84 84 85 86"
table2b_dual_staggered_return,3,4,2,2.648389474,2.648793308,0.000168748,20000,1330000,20260901,"84 84 85 86"
table2b_dual_staggered_return,3,4,3,2.648547368,2.648793308,0.000168748,20000,1330000,20260901,"84 84 85 86"
table2b_dual_staggered_return,3,4,4,2.648423308,2.648793308,0.000168748,20000,1330000,20260901,"84 84 85 86"
table2b_dual_staggered_return,3,4,5,2.648578195,2.648793308,0.000168748,20000,1330000,20260901,"84 84 85 86"
table2b_dual_staggered_return,3,4,6,2.648629323,2.648793308,0.000168748,20000,1330000,20260901,"84 84 85 86"
table2b_dual_staggered_return,3,4,7,2.649229323,2.648793308,0.000168748,20000,1330000,20260901,"84 84 85 86"
table2b_dual_staggered_return,3,4,8,2.649078195,2.648793308,0.000168748,20000,1330000,20260901,"84 84 85 86"
table2b_dual_staggered_return,3,4,9,2.649254887,2.648793308,0.000168748,20000,1330000,20260901,"84 84 85 86"
table2b_dual_staggered_return,3,4,10,2.648343609,2.648793308,0.000168748,20000,1330000,20260901,"84 84 85 86"
table2b_dual_staggered_return,3,4,11,2.648127068,2.648793308,0.000168748,20000,1330000,20260901,"84 84 85 86"
table2b_dual_staggered_return,3,4,12,2.649210526,2.648793308,0.000168748,20000,1330000,20260901,"84 84 85 86"
table2b_dual_staggered_return,3,4,13,2.648321805,2.648793308,0.000168748,20000,1330000,20260901,"84 84 85 86"
table2b_dual_staggered_return,3,4,14,2.649217293,2.648793308,0.000168748,20000,1330000,20260901,"84 84 85 86"
table2b_dual_staggered_return,3,4,15,2.648183459,2.648793308,0.000168748,20000,1330000,20260901,"84 84 85 86"
table2b_dual_staggered_return,3,4,16,2.648764662,2.648793308,0.000168748,20000,1330000,20260901,"84 84 85 86"
table2b_dual_staggered_return,3,4,17,2.648482707,2.648793308,0.000168748,20000,1330000,20260901,"84 84 85 86"
table2b_dual_staggered_return,3,4,18,2.648551128,2.648793308,0.000168748,20000,1330000,20260901,"84 84 85 86"
table2b_dual_staggered_return,3,4,19,2.649560902,2.648793308,0.000168748,20000,1330000,20260901,"84 84 85 86"
table2b_dual_staggered_return,3,4,20,2.648643609,2.648793308,0.000168748,20000,1330000,20260901,"84 84 85 86"
table2b_dual_staggered_return,3,4,21,2.648784962,2.648793308,0.000168748,20000,1330000,20260901,"84 84 85 86"
table2b_dual_staggered_return,3,4,22,2.648631579,2.648793308,0.000168748,20000,1330000,20260901,"84 84 85 86"
table2b_dual_staggered_return,3,4,23,2.649415038,2.648793308,0.000168748,20000,1330000,20260901,"84 84 85 86"
table2b_dual_staggered_return,3,4,24,2.648372180,2.648793308,0.000168748,20000,1330000,20260901,"84 84 85 86"
table2b_dual_staggered_return,3,4,25,2.649483459,2.648793308,0.000168748,20000,1330000,20260901,"84 84 85 86"
table2b_dual_staggered_return,3,4,26,2.647853383,2.648793308,0.000168748,20000,1330000,20260901,"84 84 85 86"
table2b_dual_staggered_return,3,4,27,2.649221805,2.648793308,0.000168748,20000,1330000,20260901,"84 84 85 86"
table2b_dual_staggered_return,3,4,28,2.649234586,2.648793308,0.000168748,20000,1330000,20260901,"84 84 85 86"
table2b_dual_staggered_return,3,4,29,2.649048120,2.648793308,0.000168748,20000,1330000,20260901,"84 84 85 86"
table2b_dual_staggered_return,3,4,30,2.648948872,2.648793308,0.000168748,20000,1330000,20260901,"84 84 85 86"
table2b_dual_staggered_return,3,5,1,2.817324060,2.817305238,0.000167815,20000,1330000,20260901,"84 84 85 86 87"
table2b_dual_staggered_return,3,5,2,2.816401504,2.817305238,0.000167815,20000,1330000,20260901,"84 84 85 86 87"
table2b_dual_staggered_return,3,5,3,2.817426316,2.817305238,0.000167815,20000,1330000,20260901,"84 84 85 86 87"
table2b_dual_staggered_return,3,5,4,2.816853383,2.817305238,0.000167815,20000,1330000,20260901,"84 84 85 86 87"
table2b_dual_staggered_return,3,5,5,2.816563158,2.817305238,0.000167815,20000,1330000,20260901,"84 84 85 86 87"
table2b_dual_staggered_return,3,5,6,2.817590226,2.817305238,0.000167815,20000,1330000,20260901,"84 84 85 86 87"
table2b_dual_staggered_return,3,5,7,2.817715038,2.817305238,0.000167815,20000,1330000,20260901,"84 84 85 86 87"
table2b_dual_staggered_return,3,5,8,2.817755639,2.817305238,0.000167815,20000,1330000,20260901,"84 84 85 86 87"
table2b_dual_staggered_return,3,5,9,2.817693233,2.817305238,0.000167815,20000,1330000,20260901,"84 84 85 86 87"
table2b_dual_staggered_return,3,5,10,2.817447368,2.817305238,0.000167815,20000,1330000,20260901,"84 84 85 86 87"
table2b_dual_staggered_return,3,5,11,2.816739098,2.817305238,0.000167815,20000,1330000,20260901,"84 84 85 86 87"
table2b_dual_staggered_return,3,5,12,2.817258647,2.817305238,0.000167815,20000,1330000,20260901,"84 84 85 86 87"
table2b_dual_staggered_return,3,5,13,2.817194737,2.817305238,0.000167815,20000,1330000,20260901,"84 84 85 86 87"
table2b_dual_staggered_return,3,5,14,2.817242105,2.817305238,0.000167815,20000,1330000,20260901,"84 84 85 86 87"
table2b_dual_staggered_return,3,5,15,2.816755639,2.817305238,0.000167815,20000,1330000,20260901,"84 84 85 86 87"
table2b_dual_staggered_return,3,5,16,2.817396992,2.817305238,0.000167815,20000,1330000,20260901,"84 84 85 86 87"
table2b_dual_staggered_return,3,5,17,2.817537594,2.817305238,0.000167815,20000,1330000,20260901,"84 84 85 86 87"
table2b_dual_staggered_return,3,5,18,2.816878195,2.817305238,0.000167815,20000,1330000,20260901,"84 84 85 86 87"
table2b_dual_staggered_return,3,5,19,2.818181203,2.817305238,0.000167815,20000,1330000,20260901,"84 84 85 86 87"
table2b_dual_staggered_return,3,5,20,2.817126316,2.817305238,0.000167815,20000,1330000,20260901,"84 84 85 86 87"
table2b_dual_staggered_return,3,5,21,2.817354887,2.817305238,0.000167815,20000,1330000,20260901,"84 84 85 86 87"
table2b_dual_staggered_return,3,5,22,2.817136842,2.817305238,0.000167815,20000,1330000,20260901,"84 84 85 86 87"
table2b_dual_staggered_return,3,5,23,2.817993233,2.817305238,0.000167815,20000,1330000,20260901,"84 84 85 86 87"
table2b_dual_staggered_return,3,5,24,2.816858647,2.817305238,0.000167815,20000,1330000,20260901,"84 84 85 86 87"
table2b_dual_staggered_return,3,5,25,2.817584211,2.817305238,0.000167815,20000,1330000,20260901,"84 84 85 86 87"
table2b_dual_staggered_return,3,5,26,2.816726316,2.817305238,0.000167815,20000,1330000,20260901,"84 84 85 86 87"
table2b_dual_staggered_return,3,5,27,2.818088722,2.817305238,0.000167815,20000,1330000,20260901,"84 84 85 86 87"
table2b_dual_staggered_return,3,5,28,2.817734586,2.817305238,0.000167815,20000,1330000,20260901,"84 84 85 86 87"
table2b_dual_staggered_return,3,5,29,2.817454887,2.817305238,0.000167815,20000,1330000,20260901,"84 84 85 86 87"
table2b_dual_staggered_return,3,5,30,2.817144361,2.817305238,0.000167815,20000,1330000,20260901,"84 84 85 86 87"
table2b_dual_staggered_return,3,6,1,2.905049624,2.904863634,0.000162141,20000,1330000,20260901,"84 84 85 86 87 88"
table2b_dual_staggered_return,3,6,2,2.904288722,2.904863634,0.000162141,20000,1330000,20260901,"84 84 85 86 87 88"
table2b_dual_staggered_return,3,6,3,2.904749624,2.904863634,0.000162141,20000,1330000,20260901,"84 84 85 86 87 88"
table2b_dual_staggered_return,3,6,4,2.904764662,2.904863634,0.000162141,20000,1330000,20260901,"84 84 85 86 87 88"
table2b_dual_staggered_return,3,6,5,2.904327820,2.904863634,0.000162141,20000,1330000,20260901,"84 84 85 86 87 88"
table2b_dual_staggered_return,3,6,6,2.905678947,2.904863634,0.000162141,20000,1330000,20260901,"84 84 85 86 87 88"
table2b_dual_staggered_return,3,6,7,2.904366917,2.904863634,0.000162141,20000,1330000,20260901,"84 84 85 86 87 88"
table2b_dual_staggered_return,3,6,8,2.904717293,2.904863634,0.000162141,20000,1330000,20260901,"84 84 85 86 87 88"
table2b_dual_staggered_return,3,6,9,2.905517293,2.904863634,0.000162141,20000,1330000,20260901,"84 84 85 86 87 88"
table2b_dual_staggered_return,3,6,10,2.905247368,2.904863634,0.000162141,20000,1330000,20260901,"84 84 85 86 87 88"
table2b_dual_staggered_return,3,6,11,2.904454135,2.904863634,0.000162141,20000,1330000,20260901,"84 84 85 86 87 88"
table2b_dual_staggered_return,3,6,12,2.904730075,2.904863634,0.000162141,20000,1330000,20260901,"84 84 85 86 87 88"
table2b_dual_staggered_return,3,6,13,2.904913534,2.904863634,0.000162141,20000,1330000,20260901,"84 84 85 86 87 88"
table2b_dual_staggered_return,3,6,14,2.904987970,2.904863634,0.000162141,20000,1330000,20260901,"84 84 85 86 87 88"
table2b_dual_staggered_return,3,6,15,2.904471429,2.904863634,0.000162141,20000,1330000,20260901,"84 84 85 86 87 88"
table2b_dual_staggered_return,3,6,16,2.904443609,2.904863634,0.000162141,20000,1330000,20260901,"84 84 85 86 87 88"
table2b_dual_staggered_return,3,6,17,2.905209023,2.904863634,0.000162141,20000,1330000,20260901,"84 84 85 86 87 88"
table2b_dual_staggered_return,3,6,18,2.904905263,2.904863634,0.000162141,20000,1330000,20260901,"84 84 85 86 87 88"
table2b_dual_staggered_return,3,6,19,2.905633835,2.904863634,0.000162141,20000,1330000,20260901,"84 84 85 86 87 88"
table2b_dual_staggered_return,3,6,20,2.904498496,2.904863634,0.000162141,20000,1330000,20260901,"84 84 85 86 87 88"
table2b_dual_staggered_return,3,6,21,2.904684211,2.904863634,0.000162141,20000,1330000,20260901,"84 84 85 86 87 88"
table2b_dual_staggered_return,3,6,22,2.905030827,2.904863634,0.000162141,20000,1330000,20260901,"84 84 85 86 87 88"
table2b_dual_staggered_return,3,6,23,2.905704511,2.904863634,0.000162141,20000,1330000,20260901,"84 84 85 86 87 88"
table2b_dual_staggered_return,3,6,24,2.904480451,2.904863634,0.000162141,20000,1330000,20260901,"84 84 85 86 87 88"
table2b_dual_staggered_return,3,6,25,2.904700000,2.904863634,0.000162141,20000,1330000,20260901,"84 84 85 86 87 88"
table2b_dual_staggered_return,3,6,26,2.904109023,2.904863634,0.000162141,20000,1330000,20260901,"84 84 85 86 87 88"
table2b_dual_staggered_return,3,6,27,2.905222556,2.904863634,0.000162141,20000,1330000,20260901,"84 84 85 86 87 88"
table2b_dual_staggered_return,3,6,28,2.905288722,2.904863634,0.000162141,20000,1330000,20260901,"84 84 85 86 87 88"
table2b_dual_staggered_return,3,6,29,2.905072180,2.904863634,0.000162141,20000,1330000,20260901,"84 84 85 86 87 88"
table2b_dual_staggered_return,3,6,30,2.904660902,2.904863634,0.000162141,20000,1330000,20260901,"84 84 85 86 87 88"
table2b_dual_staggered_return,3,7,1,2.948898496,2.949004637,0.000202277,20000,1330000,20260901,"84 84 85 86 87 88 89"
table2b_dual_staggered_return,3,7,2,2.948112030,2.949004637,0.000202277,20000,1330000,20260901,"84 84 85 86 87 88 89"
table2b_dual_staggered_return,3,7,3,2.948841353,2.949004637,0.000202277,20000,1330000,20260901,"84 84 85 86 87 88 89"
table2b_dual_staggered_return,3,7,4,2.948944361,2.949004637,0.000202277,20000,1330000,20260901,"84 84 85 86 87 88 89"
table2b_dual_staggered_return,3,7,5,2.948862406,2.949004637,0.000202277,20000,1330000,20260901,"84 84 85 86 87 88 89"
table2b_dual_staggered_return,3,7,6,2.950030075,2.949004637,0.000202277,20000,1330000,20260901,"84 84 85 86 87 88 89"
table2b_dual_staggered_return,3,7,7,2.948345865,2.949004637,0.000202277,20000,1330000,20260901,"84 84 85 86 87 88 89"
table2b_dual_staggered_return,3,7,8,2.948661654,2.949004637,0.000202277,20000,1330000,20260901,"84 84 85 86 87 88 89"
table2b_dual_staggered_return,3,7,9,2.949652632,2.949004637,0.000202277,20000,1330000,20260901,"84 84 85 86 87 88 89"
table2b_dual_staggered_return,3,7,10,2.949344361,2.949004637,0.000202277,20000,1330000,20260901,"84 84 85 86 87 88 89"
table2b_dual_staggered_return,3,7,11,2.948274436,2.949004637,0.000202277,20000,1330000,20260901,"84 84 85 86 87 88 89"
table2b_dual_staggered_return,3,7,12,2.948516541,2.949004637,0.000202277,20000,1330000,20260901,"84 84 85 86 87 88 89"
table2b_dual_staggered_return,3,7,13,2.949757143,2.949004637,0.000202277,20000,1330000,20260901,"84 84 85 86 87 88 89"
table2b_dual_staggered_return,3,7,14,2.949038346,2.949004637,0.000202277,20000,1330000,20260901,"84 84 85 86 87 88 89"
table2b_dual_staggered_return,3,7,15,2.948563158,2.949004637,0.000202277,20000,1330000,20260901,"84 84 85 86 87 88 89"
table2b_dual_staggered_return,3,7,16,2.948539098,2.949004637,0.000202277,20000,1330000,20260901,"84 84 85 86 87 88 89"
table2b_dual_staggered_return,3,7,17,2.949346617,2.949004637,0.000202277,20000,1330000,20260901,"84 84 85 86 87 88 89"
table2b_dual_staggered_return,3,7,18,2.949230075,2.949004637,0.000202277,20000,1330000,20260901,"84 84 85 86 87 88 89"
table2b_dual_staggered_return,3,7,19,2.949651128,2.949004637,0.000202277,20000,1330000,20260901,"84 84 85 86 87 88 89"
table2b_dual_staggered_return,3,7,20,2.948424812,2.949004637,0.000202277,20000,1330000,20260901,"84 84 85 86 87 88 89"
table2b_dual_staggered_return,3,7,21,2.948759398,2.949004637,0.000202277,20000,1330000,20260901,"84 84 85 86 87 88 89"
table2b_dual_staggered_return,3,7,22,2.948929323,2.949004637,0.000202277,20000,1330000,20260901,"84 84 85 86 87 88 89"
table2b_dual_staggered_return,3,7,23,2.950196992,2.949004637,0.000202277,20000,1330000,20260901,"84 84 85 86 87 88 89"
table2b_dual_staggered_return,3,7,24,2.948669173,2.949004637,0.000202277,20000,1330000,20260901,"84 84 85 86 87 88 89"
table2b_dual_staggered_return,3,7,25,2.948870677,2.949004637,0.000202277,20000,1330000,20260901,"84 84 85 86 87 88 89"
table2b_dual_staggered_return,3,7,26,2.948349624,2.949004637,0.000202277,20000,1330000,20260901,"84 84 85 86 87 88 89"
table2b_dual_staggered_return,3,7,27,2.949348120,2.949004637,0.000202277,20000,1330000,20260901,"84 84 85 86 87 88 89"
table2b_dual_staggered_return,3,7,28,2.949672932,2.949004637,0.000202277,20000,1330000,20260901,"84 84 85 86 87 88 89"
table2b_dual_staggered_return,3,7,29,2.949457895,2.949004637,0.000202277,20000,1330000,20260901,"84 84 85 86 87 88 89"
table2b_dual_staggered_return,3,7,30,2.948850376,2.949004637,0.000202277,20000,1330000,20260901,"84 84 85 86 87 88 89"
table2b_dual_staggered_return,3,8,1,2.970203759,2.970512907,0.000237534,20000,1330000,20260901,"84 84 85 86 87 88 89 90"
table2b_dual_staggered_return,3,8,2,2.969406767,2.970512907,0.000237534,20000,1330000,20260901,"84 84 85 86 87 88 89 90"
table2b_dual_staggered_return,3,8,3,2.970504511,2.970512907,0.000237534,20000,1330000,20260901,"84 84 85 86 87 88 89 90"
table2b_dual_staggered_return,3,8,4,2.970718045,2.970512907,0.000237534,20000,1330000,20260901,"84 84 85 86 87 88 89 90"
table2b_dual_staggered_return,3,8,5,2.970660150,2.970512907,0.000237534,20000,1330000,20260901,"84 84 85 86 87 88 89 90"
table2b_dual_staggered_return,3,8,6,2.971372180,2.970512907,0.000237534,20000,1330000,20260901,"84 84 85 86 87 88 89 90"
table2b_dual_staggered_return,3,8,7,2.969824812,2.970512907,0.000237534,20000,1330000,20260901,"84 84 85 86 87 88 89 90"
table2b_dual_staggered_return,3,8,8,2.970153383,2.970512907,0.000237534,20000,1330000,20260901,"84 84 85 86 87 88 89 90"
table2b_dual_staggered_return,3,8,9,2.971313534,2.970512907,0.000237534,20000,1330000,20260901,"84 84 85 86 87 88 89 90"
table2b_dual_staggered_return,3,8,10,2.971057143,2.970512907,0.000237534,20000,1330000,20260901,"84 84 85 86 87 88 89 90"
table2b_dual_staggered_return,3,8,11,2.969834586,2.970512907,0.000237534,20000,1330000,20260901,"84 84 85 86 87 88 89 90"
table2b_dual_staggered_return,3,8,12,2.969944361,2.970512907,0.000237534,20000,1330000,20260901,"84 84 85 86 87 88 89 90"
table2b_dual_staggered_return,3,8,13,2.971372180,2.970512907,0.000237534,20000,1330000,20260901,"84 84 85 86 87 88 89 90"
table2b_dual_staggered_return,3,8,14,2.970630075,2.970512907,0.000237534,20000,1330000,20260901,"84 84 85 86 87 88 89 90"
table2b_dual_staggered_return,3,8,15,2.969979699,2.970512907,0.000237534,20000,1330000,20260901,"84 84 85 86 87 88 89 90"
table2b_dual_staggered_return,3,8,16,2.970347368,2.970512907,0.000237534,20000,1330000,20260901,"84 84 85 86 87 88 89 90"
table2b_dual_staggered_return,3,8,17,2.970900752,2.970512907,0.000237534,20000,1330000,20260901,"84 84 85 86 87 88 89 90"
table2b_dual_staggered_return,3,8,18,2.970856391,2.970512907,0.000237534,20000,1330000,20260901,"84 84 85 86 87 88 89 90"
table2b_dual_staggered_return,3,8,19,2.971373684,2.970512907,0.000237534,20000,1330000,20260901,"84 84 85 86 87 88 89 90"
table2b_dual_staggered_return,3,8,20,2.969386466,2.970512907,0.000237534,20000,1330000,20260901,"84 84 85 86 87 88 89 90"
table2b_dual_staggered_return,3,8,21,2.970189474,2.970512907,0.000237534,20000,1330000,20260901,"84 84 85 86 87 88 89 90"
table2b_dual_staggered_return,3,8,22,2.970396992,2.970512907,0.000237534,20000,1330000,20260901,"84 84 85 86 87 88 89 90"
table2b_dual_staggered_return,3,8,23,2.971942105,2.970512907,0.000237534,20000,1330000,20260901,"84 84 85 86 87 88 89 90"
table2b_dual_staggered_return,3,8,24,2.970430075,2.970512907,0.000237534,20000,1330000,20260901,"84 84 85 86 87 88 89 90"
table2b_dual_staggered_return,3,8,25,2.970431579,2.970512907,0.000237534,20000,1330000,20260901,"84 84 85 86 87 88 89 90"
table2b_dual_staggered_return,3,8,26,2.969616541,2.970512907,0.000237534,20000,1330000,20260901,"84 84 85 86 87 88 89 90"
table2b_dual_staggered_return,3,8,27,2.970441353,2.970512907,0.000237534,20000,1330000,20260901,"84 84 85 86 87 88 89 90"
table2b_dual_staggered_return,3,8,28,2.971439850,2.970512907,0.000237534,20000,1330000,20260901,"84 84 85 86 87 88 89 90"
table2b_dual_staggered_return,3,8,29,2.970470677,2.970512907,0.000237534,20000,1330000,20260901,"84 84 85 86 87 88 89 90"
table2b_dual_staggered_return,3,8,30,2.970188722,2.970512907,0.000237534,20000,1330000,20260901,"84 84 85 86 87 88 89 90"
table2b_dual_staggered_return,3,9,1,2.980858647,2.981382682,0.000272279,20000,1330000,20260901,"84 84 85 86 87 88 89 90 91"
table2b_dual_staggered_return,3,9,2,2.980545113,2.981382682,0.000272279,20000,1330000,20260901,"84 84 85 86 87 88 89 90 91"
table2b_dual_staggered_return,3,9,3,2.981467669,2.981382682,0.000272279,20000,1330000,20260901,"84 84 85 86 87 88 89 90 91"
table2b_dual_staggered_return,3,9,4,2.981574436,2.981382682,0.000272279,20000,1330000,20260901,"84 84 85 86 87 88 89 90 91"
table2b_dual_staggered_return,3,9,5,2.981867669,2.981382682,0.000272279,20000,1330000,20260901,"84 84 85 86 87 88 89 90 91"
table2b_dual_staggered_return,3,9,6,2.982115789,2.981382682,0.000272279,20000,1330000,20260901,"84 84 85 86 87 88 89 90 91"
table2b_dual_staggered_return,3,9,7,2.980540602,2.981382682,0.000272279,20000,1330000,20260901,"84 84 85 86 87 88 89 90 91"
table2b_dual_staggered_return,3,9,8,2.980798496,2.981382682,0.000272279,20000,1330000,20260901,"84 84 85 86 87 88 89 90 91"
table2b_dual_staggered_return,3,9,9,2.982348120,2.981382682,0.000272279,20000,1330000,20260901,"84 84 85 86 87 88 89 90 91"
table2b_dual_staggered_return,3,9,10,2.982092481,2.981382682,0.000272279,20000,1330000,20260901,"84 84 85 86 87 88 89 90 91"
table2b_dual_staggered_return,3,9,11,2.980826316,2.981382682,0.000272279,20000,1330000,20260901,"84 84 85 86 87 88 89 90 91"
table2b_dual_staggered_return,3,9,12,2.980789474,2.981382682,0.000272279,20000,1330000,20260901,"84 84 85 86 87 88 89 90 91"
table2b_dual_staggered_return,3,9,13,2.982381955,2.981382682,0.000272279,20000,1330000,20260901,"84 84 85 86 87 88 89 90 91"
table2b_dual_staggered_return,3,9,14,2.981762406,2.981382682,0.000272279,20000,1330000,20260901,"84 84 85 86 87 88 89 90 91"
table2b_dual_staggered_return,3,9,15,2.980544361,2.981382682,0.000272279,20000,1330000,20260901,"84 84 85 86 87 88 89 90 91"
table2b_dual_staggered_return,3,9,16,2.981383459,2.981382682,0.000272279,20000,1330000,20260901,"84 84 85 86 87 88 89 90 91"
table2b_dual_staggered_return,3,9,17,2.981678947,2.981382682,0.000272279,20000,1330000,20260901,"84 84 85 86 87 88 89 90 91"
table2b_dual_staggered_return,3,9,18,2.981722556,2.981382682,0.000272279,20000,1330000,20260901,"84 84 85 86 87 88 89 90 91"
table2b_dual_staggered_return,3,9,19,2.982395489,2.981382682,0.000272279,20000,1330000,20260901,"84 84 85 86 87 88 89 90 91"
table2b_dual_staggered_return,3,9,20,2.980116541,2.981382682,0.000272279,20000,1330000,20260901,"84 84 85 86 87 88 89 90 91"
table2b_dual_staggered_return,3,9,21,2.981236090,2.981382682,0.000272279,20000,1330000,20260901,"84 84 85 86 87 88 89 90 91"
table2b_dual_staggered_return,3,9,22,2.980828571,2.981382682,0.000272279,20000,1330000,20260901,"84 84 85 86 87 88 89 90 91"
table2b_dual_staggered_return,3,9,23,2.982968421,2.981382682,0.000272279,20000,1330000,20260901,"84 84 85 86 87 88 89 90 91"
table2b_dual_staggered_return,3,9,24,2.981649624,2.981382682,0.000272279,20000,1330000,20260901,"84 84 85 86 87 88 89 90 91"
table2b_dual_staggered_return,3,9,25,2.981178195,2.981382682,0.000272279,20000,1330000,20260901,"84 84 85 86 87 88 89 90 91"
table2b_dual_staggered_return,3,9,26,2.980081955,2.981382682,0.000272279,20000,1330000,20260901,"84 84 85 86 87 88 89 90 91"
table2b_dual_staggered_return,3,9,27,2.981298496,2.981382682,0.000272279,20000,1330000,20260901,"84 84 85 86 87 88 89 90 91"
table2b_dual_staggered_return,3,9,28,2.982290226,2.981382682,0.000272279,20000,1330000,20260901,"84 84 85 86 87 88 89 90 91"
table2b_dual_staggered_return,3,9,29,2.981320301,2.981382682,0.000272279,20000,1330000,20260901,"84 84 85 86 87 88 89 90 91"
table2b_dual_staggered_return,3,9,30,2.980818045,2.981382682,0.000272279,20000,1330000,20260901,"84 84 85 86 87 88 89 90 91"
table2b_dual_staggered_return,4,3,1,2.584733083,2.584732306,0.000167154,20000,1330000,20260901,"104 104 105"
table2b_dual_staggered_return,4,3,2,2.585031579,2.584732306,0.000167154,20000,1330000,20260901,"104 104 105"
table2b_dual_staggered_return,4,3,3,2.584523308,2.584732306,0.000167154,20000,1330000,20260901,"104 104 105"
table2b_dual_staggered_return,4,3,4,2.584356391,2.584732306,0.000167154,20000,1330000,20260901,"104 104 105"
table2b_dual_staggered_return,4,3,5,2.584418797,2.584732306,0.000167154,20000,1330000,20260901,"104 104 105"
table2b_dual_staggered_return,4,3,6,2.584184962,2.584732306,0.000167154,20000,1330000,20260901,"104 104 105"
table2b_dual_staggered_return,4,3,7,2.584809774,2.584732306,0.000167154,20000,1330000,20260901,"104 104 105"
table2b_dual_staggered_return,4,3,8,2.584870677,2.584732306,0.000167154,20000,1330000,20260901,"104 104 105"
table2b_dual_staggered_return,4,3,9,2.584192481,2.584732306,0.000167154,20000,1330000,20260901,"104 104 105"
table2b_dual_staggered_return,4,3,10,2.585430827,2.584732306,0.000167154,20000,1330000,20260901,"104 104 105"
table2b_dual_staggered_return,4,3,11,2.584597744,2.584732306,0.000167154,20000,1330000,20260901,"104 104 105"
table2b_dual_staggered_return,4,3,12,2.583975188,2.584732306,0.000167154,20000,1330000,20260901,"104 104 105"
table2b_dual_staggered_return,4,3,13,2.584673684,2.584732306,0.000167154,20000,1330000,20260901,"104 104 105"
table2b_dual_staggered_return,4,3,14,2.584451128,2.584732306,0.000167154,20000,1330000,20260901,"104 104 105"
table2b_dual_staggered_return,4,3,15,2.584447368,2.584732306,0.000167154,20000,1330000,20260901,"104 104 105"
table2b_dual_staggered_return,4,3,16,2.584718045,2.584732306,0.000167154,20000,1330000,20260901,"104 104 105"
table2b_dual_staggered_return,4,3,17,2.585753383,2.584732306,0.000167154,20000,1330000,20260901,"104 104 105"
table2b_dual_staggered_return,4,3,18,2.584093233,2.584732306,0.000167154,20000,1330000,20260901,"104 104 105"
table2b_dual_staggered_return,4,3,19,2.584766917,2.584732306,0.000167154,20000,1330000,20260901,"104 104 105"
table2b_dual_staggered_return,4,3,20,2.585014286,2.584732306,0.000167154,20000,1330000,20260901,"104 104 105"
table2b_dual_staggered_return,4,3,21,2.585339850,2.584732306,0.000167154,20000,1330000,20260901,"104 104 105"
table2b_dual_staggered_return,4,3,22,2.585596241,2.584732306,0.000167154,20000,1330000,20260901,"104 104 105"
table2b_dual_staggered_return,4,3,23,2.584339850,2.584732306,0.000167154,20000,1330000,20260901,"104 104 105"
table2b_dual_staggered_return,4,3,24,2.584557895,2.584732306,0.000167154,20000,1330000,20260901,"104 104 105"
table2b_dual_staggered_return,4,3,25,2.585363910,2.584732306,0.000167154,20000,1330000,20260901,"104 104 105"
table2b_dual_staggered_return,4,3,26,2.584697744,2.584732306,0.000167154,20000,1330000,20260901,"104 104 105"
table2b_dual_staggered_return,4,3,27,2.584544361,2.584732306,0.000167154,20000,1330000,20260901,"104 104 105"
table2b_dual_staggered_return,4,3,28,2.585252632,2.584732306,0.000167154,20000,1330000,20260901,"104 104 105"
table2b_dual_staggered_return,4,3,29,2.584703008,2.584732306,0.000167154,20000,1330000,20260901,"104 104 105"
table2b_dual_staggered_return,4,3,30,2.584530827,2.584732306,0.000167154,20000,1330000,20260901,"104 104 105"
table2b_dual_staggered_return,4,4,1,3.082978947,3.083306416,0.000188130,20000,1330000,20260901,"104 104 105 106"
table2b_dual_staggered_return,4,4,2,3.083434586,3.083306416,0.000188130,20000,1330000,20260901,"104 104 105 106"
table2b_dual_staggered_return,4,4,3,3.083242105,3.083306416,0.000188130,20000,1330000,20260901,"104 104 105 106"
table2b_dual_staggered_return,4,4,4,3.083005263,3.083306416,0.000188130,20000,1330000,20260901,"104 104 105 106"
table2b_dual_staggered_return,4,4,5,3.082946617,3.083306416,0.000188130,20000,1330000,20260901,"104 104 105 106"
table2b_dual_staggered_return,4,4,6,3.082522556,3.083306416,0.000188130,20000,1330000,20260901,"104 104 105 106"
table2b_dual_staggered_return,4,4,7,3.083466165,3.083306416,0.000188130,20000,1330000,20260901,"104 104 105 106"
table2b_dual_staggered_return,4,4,8,3.083974436,3.083306416,0.000188130,20000,1330000,20260901,"104 104 105 106"
table2b_dual_staggered_return,4,4,9,3.082410526,3.083306416,0.000188130,20000,1330000,20260901,"104 104 105 106"
table2b_dual_staggered_return,4,4,10,3.082970677,3.083306416,0.000188130,20000,1330000,20260901,"104 104 105 106"
table2b_dual_staggered_return,4,4,11,3.083660150,3.083306416,0.000188130,20000,1330000,20260901,"104 104 105 106"
table2b_dual_staggered_return,4,4,12,3.083472180,3.083306416,0.000188130,20000,1330000,20260901,"104 104 105 106"
table2b_dual_staggered_return,4,4,13,3.083284962,3.083306416,0.000188130,20000,1330000,20260901,"104 104 105 106"
table2b_dual_staggered_return,4,4,14,3.083067669,3.083306416,0.000188130,20000,1330000,20260901,"104 104 105 106"
table2b_dual_staggered_return,4,4,15,3.083223308,3.083306416,0.000188130,20000,1330000,20260901,"104 104 105 106"
table2b_dual_staggered_return,4,4,16,3.083471429,3.083306416,0.000188130,20000,1330000,20260901,"104 104 105 106"
table2b_dual_staggered_return,4,4,17,3.084373684,3.083306416,0.000188130,20000,1330000,20260901,"104 104 105 106"
table2b_dual_staggered_return,4,4,18,3.082981203,3.083306416,0.000188130,20000,1330000,20260901,"104 104 105 106"
table2b_dual_staggered_return,4,4,19,3.083887970,3.083306416,0.000188130,20000,1330000,20260901,"104 104 105 106"
table2b_dual_staggered_return,4,4,20,3.083351880,3.083306416,0.000188130,20000,1330000,20260901,"104 104 105 106"
table2b_dual_staggered_return,4,4,21,3.083289474,3.083306416,0.000188130,20000,1330000,20260901,"104 104 105 106"
table2b_dual_staggered_return,4,4,22,3.084294737,3.083306416,0.000188130,20000,1330000,20260901,"104 104 105 106"
table2b_dual_staggered_return,4,4,23,3.083298496,3.083306416,0.000188130,20000,1330000,20260901,"104 104 105 106"
table2b_dual_staggered_return,4,4,24,3.082469173,3.083306416,0.000188130,20000,1330000,20260901,"104 104 105 106"
table2b_dual_staggered_return,4,4,25,3.084054135,3.083306416,0.000188130,20000,1330000,20260901,"104 104 105 106"
table2b_dual_staggered_return,4,4,26,3.083175940,3.083306416,0.000188130,20000,1330000,20260901,"104 104 105 106"
table2b_dual_staggered_return,4,4,27,3.082929323,3.083306416,0.000188130,20000,1330000,20260901,"104 104 105 106"
table2b_dual_staggered_return,4,4,28,3.084039098,3.083306416,0.000188130,20000,1330000,20260901,"104 104 105 106"
table2b_dual_staggered_return,4,4,29,3.082900752,3.083306416,0.000188130,20000,1330000,20260901,"104 104 105 106"
table2b_dual_staggered_return,4,4,30,3.083015038,3.083306416,0.000188130,20000,1330000,20260901,"104 104 105 106"
table2b_dual_staggered_return,4,5,1,3.420371429,3.420027494,0.000184675,20000,1330000,20260901,"104 104 105 106 107"
table2b_dual_staggered_return,4,5,2,3.420328571,3.420027494,0.000184675,20000,1330000,20260901,"104 104 105 106 107"
table2b_dual_staggered_return,4,5,3,3.420142105,3.420027494,0.000184675,20000,1330000,20260901,"104 104 105 106 107"
table2b_dual_staggered_return,4,5,4,3.420211278,3.420027494,0.000184675,20000,1330000,20260901,"104 104 105 106 107"
table2b_dual_staggered_return,4,5,5,3.419838346,3.420027494,0.000184675,20000,1330000,20260901,"104 104 105 106 107"
table2b_dual_staggered_return,4,5,6,3.418912782,3.420027494,0.000184675,20000,1330000,20260901,"104 104 105 106 107"
table2b_dual_staggered_return,4,5,7,3.419707519,3.420027494,0.000184675,20000,1330000,20260901,"104 104 105 106 107"
table2b_dual_staggered_return,4,5,8,3.420946617,3.420027494,0.000184675,20000,1330000,20260901,"104 104 105 106 107"
table2b_dual_staggered_return,4,5,9,3.419124812,3.420027494,0.000184675,20000,1330000,20260901,"104 104 105 106 107"
table2b_dual_staggered_return,4,5,10,3.419990226,3.420027494,0.000184675,20000,1330000,20260901,"104 104 105 106 107"
table2b_dual_staggered_return,4,5,11,3.419814286,3.420027494,0.000184675,20000,1330000,20260901,"104 104 105 106 107"
table2b_dual_staggered_return,4,5,12,3.420204511,3.420027494,0.000184675,20000,1330000,20260901,"104 104 105 106 107"
table2b_dual_staggered_return,4,5,13,3.420147368,3.420027494,0.000184675,20000,1330000,20260901,"104 104 105 106 107"
table2b_dual_staggered_return,4,5,14,3.419706015,3.420027494,0.000184675,20000,1330000,20260901,"104 104 105 106 107"
table2b_dual_staggered_return,4,5,15,3.419739098,3.420027494,0.000184675,20000,1330000,20260901,"104 104 105 106 107"
table2b_dual_staggered_return,4,5,16,3.420369173,3.420027494,0.000184675,20000,1330000,20260901,"104 104 105 106 107"
table2b_dual_staggered_return,4,5,17,3.420851128,3.420027494,0.000184675,20000,1330000,20260901,"104 104 105 106 107"
table2b_dual_staggered_return,4,5,18,3.419336090,3.420027494,0.000184675,20000,1330000,20260901,"104 104 105 106 107"
table2b_dual_staggered_return,4,5,19,3.419918045,3.420027494,0.000184675,20000,1330000,20260901,"104 104 105 106 107"
table2b_dual_staggered_return,4,5,20,3.420331579,3.420027494,0.000184675,20000,1330000,20260901,"104 104 105 106 107"
table2b_dual_staggered_return,4,5,21,3.420336090,3.420027494,0.000184675,20000,1330000,20260901,"104 104 105 106 107"
table2b_dual_staggered_return,4,5,22,3.420393233,3.420027494,0.000184675,20000,1330000,20260901,"104 104 105 106 107"
table2b_dual_staggered_return,4,5,23,3.420222556,3.420027494,0.000184675,20000,1330000,20260901,"104 104 105 106 107"
table2b_dual_staggered_return,4,5,24,3.419033083,3.420027494,0.000184675,20000,1330000,20260901,"104 104 105 106 107"
table2b_dual_staggered_return,4,5,25,3.420888722,3.420027494,0.000184675,20000,1330000,20260901,"104 104 105 106 107"
table2b_dual_staggered_return,4,5,26,3.419696992,3.420027494,0.000184675,20000,1330000,20260901,"104 104 105 106 107"
table2b_dual_staggered_return,4,5,27,3.420045113,3.420027494,0.000184675,20000,1330000,20260901,"104 104 105 106 107"
table2b_dual_staggered_return,4,5,28,3.420160902,3.420027494,0.000184675,20000,1330000,20260901,"104 104 105 106 107"
table2b_dual_staggered_return,4,5,29,3.419939850,3.420027494,0.000184675,20000,1330000,20260901,"104 104 105 106 107"
table2b_dual_staggered_return,4,5,30,3.420117293,3.420027494,0.000184675,20000,1330000,20260901,"104 104 105 106 107"
table2b_dual_staggered_return,4,6,1,3.638860150,3.638394887,0.000187392,20000,1330000,20260901,"104 104 105 106 107 108"
table2b_dual_staggered_return,4,6,2,3.638915038,3.638394887,0.000187392,20000,1330000,20260901,"104 104 105 106 107 108"
table2b_dual_staggered_return,4,6,3,3.638642857,3.638394887,0.000187392,20000,1330000,20260901,"104 104 105 106 107 108"
table2b_dual_staggered_return,4,6,4,3.638826316,3.638394887,0.000187392,20000,1330000,20260901,"104 104 105 106 107 108"
table2b_dual_staggered_return,4,6,5,3.638630075,3.638394887,0.000187392,20000,1330000,20260901,"104 104 105 106 107 108"
table2b_dual_staggered_return,4,6,6,3.637886466,3.638394887,0.000187392,20000,1330000,20260901,"104 104 105 106 107 108"
table2b_dual_staggered_return,4,6,7,3.638150376,3.638394887,0.000187392,20000,1330000,20260901,"104 104 105 106 107 108"
table2b_dual_staggered_return,4,6,8,3.638926316,3.638394887,0.000187392,20000,1330000,20260901,"104 104 105 106 107 108"
table2b_dual_staggered_return,4,6,9,3.637917293,3.638394887,0.000187392,20000,1330000,20260901,"104 104 105 106 107 108"
table2b_dual_staggered_return,4,6,10,3.638178195,3.638394887,0.000187392,20000,1330000,20260901,"104 104 105 106 107 108"
table2b_dual_staggered_return,4,6,11,3.637481955,3.638394887,0.000187392,20000,1330000,20260901,"104 104 105 106 107 108"
table2b_dual_staggered_return,4,6,12,3.638949624,3.638394887,0.000187392,20000,1330000,20260901,"104 104 105 106 107 108"
table2b_dual_staggered_return,4,6,13,3.638993985,3.638394887,0.000187392,20000,1330000,20260901,"104 104 105 106 107 108"
table2b_dual_staggered_return,4,6,14,3.637848872,3.638394887,0.000187392,20000,1330000,20260901,"104 104 105 106 107 108"
table2b_dual_staggered_return,4,6,15,3.638775188,3.638394887,0.000187392,20000,1330000,20260901,"104 104 105 106 107 108"
table2b_dual_staggered_return,4,6,16,3.638721053,3.638394887,0.000187392,20000,1330000,20260901,"104 104 105 106 107 108"
table2b_dual_staggered_return,4,6,17,3.639081955,3.638394887,0.000187392,20000,1330000,20260901,"104 104 105 106 107 108"
table2b_dual_staggered_return,4,6,18,3.637344361,3.638394887,0.000187392,20000,1330000,20260901,"104 104 105 106 107 108"
table2b_dual_staggered_return,4,6,19,3.637825564,3.638394887,0.000187392,20000,1330000,20260901,"104 104 105 106 107 108"
table2b_dual_staggered_return,4,6,20,3.638378947,3.638394887,0.000187392,20000,1330000,20260901,"104 104 105 106 107 108"
table2b_dual_staggered_return,4,6,21,3.638432331,3.638394887,0.000187392,20000,1330000,20260901,"104 104 105 106 107 108"
table2b_dual_staggered_return,4,6,22,3.638515038,3.638394887,0.000187392,20000,1330000,20260901,"104 104 105 106 107 108"
table2b_dual_staggered_return,4,6,23,3.637742857,3.638394887,0.000187392,20000,1330000,20260901,"104 104 105 106 107 108"
table2b_dual_staggered_return,4,6,24,3.637435338,3.638394887,0.000187392,20000,1330000,20260901,"104 104 105 106 107 108"
table2b_dual_staggered_return,4,6,25,3.638828571,3.638394887,0.000187392,20000,1330000,20260901,"104 104 105 106 107 108"
table2b_dual_staggered_return,4,6,26,3.638388722,3.638394887,0.000187392,20000,1330000,20260901,"104 104 105 106 107 108"
table2b_dual_staggered_return,4,6,27,3.638580451,3.638394887,0.000187392,20000,1330000,20260901,"104 104 105 106 107 108"
table2b_dual_staggered_return,4,6,28,3.638687218,3.638394887,0.000187392,20000,1330000,20260901,"104 104 105 106 107 108"
table2b_dual_staggered_return,4,6,29,3.638530827,3.638394887,0.000187392,20000,1330000,20260901,"104 104 105 106 107 108"
table2b_dual_staggered_return,4,6,30,3.638370677,3.638394887,0.000187392,20000,1330000,20260901,"104 104 105 106 107 108"
table2b_dual_staggered_return,4,7,1,3.776243609,3.776529248,0.000171275,20000,1330000,20260901,"104 104 105 106 107 108 109"
table2b_dual_staggered_return,4,7,2,3.777443609,3.776529248,0.000171275,20000,1330000,20260901,"104 104 105 106 107 108 109"
table2b_dual_staggered_return,4,7,3,3.776419549,3.776529248,0.000171275,20000,1330000,20260901,"104 104 105 106 107 108 109"
table2b_dual_staggered_return,4,7,4,3.776761654,3.776529248,0.000171275,20000,1330000,20260901,"104 104 105 106 107 108 109"
table2b_dual_staggered_return,4,7,5,3.776787970,3.776529248,0.000171275,20000,1330000,20260901,"104 104 105 106 107 108 109"
table2b_dual_staggered_return,4,7,6,3.776124060,3.776529248,0.000171275,20000,1330000,20260901,"104 104 105 106 107 108 109"
table2b_dual_staggered_return,4,7,7,3.776506767,3.776529248,0.000171275,20000,1330000,20260901,"104 104 105 106 107 108 109"
table2b_dual_staggered_return,4,7,8,3.776576692,3.776529248,0.000171275,20000,1330000,20260901,"104 104 105 106 107 108 109"
table2b_dual_staggered_return,4,7,9,3.776495489,3.776529248,0.000171275,20000,1330000,20260901,"104 104 105 106 107 108 109"
table2b_dual_staggered_return,4,7,10,3.775839098,3.776529248,0.000171275,20000,1330000,20260901,"104 104 105 106 107 108 109"
table2b_dual_staggered_return,4,7,11,3.776172180,3.776529248,0.000171275,20000,1330000,20260901,"104 104 105 106 107 108 109"
table2b_dual_staggered_return,4,7,12,3.776886466,3.776529248,0.000171275,20000,1330000,20260901,"104 104 105 106 107 108 109"
table2b_dual_staggered_return,4,7,13,3.776666165,3.776529248,0.000171275,20000,1330000,20260901,"104 104 105 106 107 108 109"
table2b_dual_staggered_return,4,7,14,3.776183459,3.776529248,0.000171275,20000,1330000,20260901,"104 104 105 106 107 108 109"
table2b_dual_staggered_return,4,7,15,3.776645113,3.776529248,0.000171275,20000,1330000,20260901,"104 104 105 106 107 108 109"
table2b_dual_staggered_return,4,7,16,3.776424060,3.776529248,0.000171275,20000,1330000,20260901,"104 104 105 106 107 108 109"
table2b_dual_staggered_return,4,7,17,3.777377444,3.776529248,0.000171275,20000,1330000,20260901,"104 104 105 106 107 108 109"
table2b_dual_staggered_return,4,7,18,3.775840602,3.776529248,0.000171275,20000,1330000,20260901,"104 104 105 106 107 108 109"
table2b_dual_staggered_return,4,7,19,3.775952632,3.776529248,0.000171275,20000,1330000,20260901,"104 104 105 106 107 108 109"
table2b_dual_staggered_return,4,7,20,3.776001504,3.776529248,0.000171275,20000,1330000,20260901,"104 104 105 106 107 108 109"
table2b_dual_staggered_return,4,7,21,3.777322556,3.776529248,0.000171275,20000,1330000,20260901,"104 104 105 106 107 108 109"
table2b_dual_staggered_return,4,7,22,3.776823308,3.776529248,0.000171275,20000,1330000,20260901,"104 104 105 106 107 108 109"
table2b_dual_staggered_return,4,7,23,3.776127820,3.776529248,0.000171275,20000,1330000,20260901,"104 104 105 106 107 108 109"
table2b_dual_staggered_return,4,7,24,3.775944361,3.776529248,0.000171275,20000,1330000,20260901,"104 104 105 106 107 108 109"
table2b_dual_staggered_return,4,7,25,3.777059398,3.776529248,0.000171275,20000,1330000,20260901,"104 104 105 106 107 108 109"
table2b_dual_staggered_return,4,7,26,3.776130075,3.776529248,0.000171275,20000,1330000,20260901,"104 104 105 106 107 108 109"
table2b_dual_staggered_return,4,7,27,3.776769173,3.776529248,0.000171275,20000,1330000,20260901,"104 104 105 106 107 108 109"
table2b_dual_staggered_return,4,7,28,3.776527820,3.776529248,0.000171275,20000,1330000,20260901,"104 104 105 106 107 108 109"
table2b_dual_staggered_return,4,7,29,3.777206767,3.776529248,0.000171275,20000,1330000,20260901,"104 104 105 106 107 108 109"
table2b_dual_staggered_return,4,7,30,3.776618045,3.776529248,0.000171275,20000,1330000,20260901,"104 104 105 106 107 108 109"
table2b_dual_staggered_return,4,8,1,3.861027820,3.861588195,0.000198136,20000,1330000,20260901,"104 104 105 106 107 108 109 110"
table2b_dual_staggered_return,4,8,2,3.862287218,3.861588195,0.000198136,20000,1330000,20260901,"104 104 105 106 107 108 109 110"
table2b_dual_staggered_return,4,8,3,3.860764662,3.861588195,0.000198136,20000,1330000,20260901,"104 104 105 106 107 108 109 110"
table2b_dual_staggered_return,4,8,4,3.862510526,3.861588195,0.000198136,20000,1330000,20260901,"104 104 105 106 107 108 109 110"
table2b_dual_staggered_return,4,8,5,3.862299248,3.861588195,0.000198136,20000,1330000,20260901,"104 104 105 106 107 108 109 110"
table2b_dual_staggered_return,4,8,6,3.861390977,3.861588195,0.000198136,20000,1330000,20260901,"104 104 105 106 107 108 109 110"
table2b_dual_staggered_return,4,8,7,3.861612030,3.861588195,0.000198136,20000,1330000,20260901,"104 104 105 106 107 108 109 110"
table2b_dual_staggered_return,4,8,8,3.861431579,3.861588195,0.000198136,20000,1330000,20260901,"104 104 105 106 107 108 109 110"
table2b_dual_staggered_return,4,8,9,3.861737594,3.861588195,0.000198136,20000,1330000,20260901,"104 104 105 106 107 108 109 110"
table2b_dual_staggered_return,4,8,10,3.861036090,3.861588195,0.000198136,20000,1330000,20260901,"104 104 105 106 107 108 109 110"
table2b_dual_staggered_return,4,8,11,3.861062406,3.861588195,0.000198136,20000,1330000,20260901,"104 104 105 106 107 108 109 110"
table2b_dual_staggered_return,4,8,12,3.861696992,3.861588195,0.000198136,20000,1330000,20260901,"104 104 105 106 107 108 109 110"
table2b_dual_staggered_return,4,8,13,3.861505263,3.861588195,0.000198136,20000,1330000,20260901,"104 104 105 106 107 108 109 110"
table2b_dual_staggered_return,4,8,14,3.861326316,3.861588195,0.000198136,20000,1330000,20260901,"104 104 105 106 107 108 109 110"
table2b_dual_staggered_return,4,8,15,3.862149624,3.861588195,0.000198136,20000,1330000,20260901,"104 104 105 106 107 108 109 110"
table2b_dual_staggered_return,4,8,16,3.861063158,3.861588195,0.000198136,20000,1330000,20260901,"104 104 105 106 107 108 109 110"
table2b_dual_staggered_return,4,8,17,3.862358647,3.861588195,0.000198136,20000,1330000,20260901,"104 104 105 106 107 108 109 110"
table2b_dual_staggered_return,4,8,18,3.860745865,3.861588195,0.000198136,20000,1330000,20260901,"104 104 105 106 107 108 109 110"
table2b_dual_staggered_return,4,8,19,3.861389474,3.861588195,0.000198136,20000,1330000,20260901,"104 104 105 106 107 108 109 110"
table2b_dual_staggered_return,4,8,20,3.861272180,3.861588195,0.000198136,20000,1330000,20260901,"104 104 105 106 107 108 109 110"
table2b_dual_staggered_return,4,8,21,3.862451128,3.861588195,0.000198136,20000,1330000,20260901,"104 104 105 106 107 108 109 110"
table2b_dual_staggered_return,4,8,22,3.861836090,3.861588195,0.000198136,20000,1330000,20260901,"104 104 105 106 107 108 109 110"
table2b_dual_staggered_return,4,8,23,3.861316541,3.861588195,0.000198136,20000,1330000,20260901,"104 104 105 106 107 108 109 110"
table2b_dual_staggered_return,4,8,24,3.861087218,3.861588195,0.000198136,20000,1330000,20260901,"104 104 105 106 107 108 109 110"
table2b_dual_staggered_return,4,8,25,3.861807519,3.861588195,0.000198136,20000,1330000,20260901,"104 104 105 106 107 108 109 110"
table2b_dual_staggered_return,4,8,26,3.860928571,3.861588195,0.000198136,20000,1330000,20260901,"104 104 105 106 107 108 109 110"
table2b_dual_staggered_return,4,8,27,3.861960902,3.861588195,0.000198136,20000,1330000,20260901,"104 104 105 106 107 108 109 110"
table2b_dual_staggered_return,4,8,28,3.861381203,3.861588195,0.000198136,20000,1330000,20260901,"104 104 105 106 107 108 109 110"
table2b_dual_staggered_return,4,8,29,3.862429323,3.861588195,0.000198136,20000,1330000,20260901,"104 104 105 106 107 108 109 110"
table2b_dual_staggered_return,4,8,30,3.861779699,3.861588195,0.000198136,20000,1330000,20260901,"104 104 105 106 107 108 109 110"
table2b_dual_staggered_return,4,9,1,3.912656391,3.913254486,0.000219797,20000,1330000,20260901,"104 104 105 106 107 108 109 110 111"
table2b_dual_staggered_return,4,9,2,3.913585714,3.913254486,0.000219797,20000,1330000,20260901,"104 104 105 106 107 108 109 110 111"
table2b_dual_staggered_return,4,9,3,3.912178947,3.913254486,0.000219797,20000,1330000,20260901,"104 104 105 106 107 108 109 110 111"
table2b_dual_staggered_return,4,9,4,3.914241353,3.913254486,0.000219797,20000,1330000,20260901,"104 104 105 106 107 108 109 110 111"
table2b_dual_staggered_return,4,9,5,3.914123308,3.913254486,0.000219797,20000,1330000,20260901,"104 104 105 106 107 108 109 110 111"
table2b_dual_staggered_return,4,9,6,3.913089474,3.913254486,0.000219797,20000,1330000,20260901,"104 104 105 106 107 108 109 110 111"
table2b_dual_staggered_return,4,9,7,3.913523308,3.913254486,0.000219797,20000,1330000,20260901,"104 104 105 106 107 108 109 110 111"
table2b_dual_staggered_return,4,9,8,3.913381955,3.913254486,0.000219797,20000,1330000,20260901,"104 104 105 106 107 108 109 110 111"
table2b_dual_staggered_return,4,9,9,3.913469925,3.913254486,0.000219797,20000,1330000,20260901,"104 104 105 106 107 108 109 110 111"
table2b_dual_staggered_return,4,9,10,3.913140602,3.913254486,0.000219797,20000,1330000,20260901,"104 104 105 106 107 108 109 110 111"
table2b_dual_staggered_return,4,9,11,3.912165414,3.913254486,0.000219797,20000,1330000,20260901,"104 104 105 106 107 108 109 110 111"
table2b_dual_staggered_return,4,9,12,3.913412782,3.913254486,0.000219797,20000,1330000,20260901,"104 104 105 106 107 108 109 110 111"
table2b_dual_staggered_return,4,9,13,3.913026316,3.913254486,0.000219797,20000,1330000,20260901,"104 104 105 106 107 108 109 110 111"
table2b_dual_staggered_return,4,9,14,3.912863910,3.913254486,0.000219797,20000,1330000,20260901,"104 104 105 106 107 108 109 110 111"
table2b_dual_staggered_return,4,9,15,3.914372932,3.913254486,0.000219797,20000,1330000,20260901,"104 104 105 106 107 108 109 110 111"
table2b_dual_staggered_return,4,9,16,3.912116541,3.913254486,0.000219797,20000,1330000,20260901,"104 104 105 106 107 108 109 110 111"
table2b_dual_staggered_return,4,9,17,3.914133835,3.913254486,0.000219797,20000,1330000,20260901,"104 104 105 106 107 108 109 110 111"
table2b_dual_staggered_return,4,9,18,3.912456391,3.913254486,0.000219797,20000,1330000,20260901,"104 104 105 106 107 108 109 110 111"
table2b_dual_staggered_return,4,9,19,3.913095489,3.913254486,0.000219797,20000,1330000,20260901,"104 104 105 106 107 108 109 110 111"
table2b_dual_staggered_return,4,9,20,3.913056391,3.913254486,0.000219797,20000,1330000,20260901,"104 104 105 106 107 108 109 110 111"
table2b_dual_staggered_return,4,9,21,3.913870677,3.913254486,0.000219797,20000,1330000,20260901,"104 104 105 106 107 108 109 110 111"
table2b_dual_staggered_return,4,9,22,3.913316541,3.913254486,0.000219797,20000,1330000,20260901,"104 104 105 106 107 108 109 110 111"
table2b_dual_staggered_return,4,9,23,3.913275188,3.913254486,0.000219797,20000,1330000,20260901,"104 104 105 106 107 108 109 110 111"
table2b_dual_staggered_return,4,9,24,3.912776692,3.913254486,0.000219797,20000,1330000,20260901,"104 104 105 106 107 108 109 110 111"
table2b_dual_staggered_return,4,9,25,3.913228571,3.913254486,0.000219797,20000,1330000,20260901,"104 104 105 106 107 108 109 110 111"
table2b_dual_staggered_return,4,9,26,3.913116541,3.913254486,0.000219797,20000,1330000,20260901,"104 104 105 106 107 108 109 110 111"
table2b_dual_staggered_return,4,9,27,3.913443609,3.913254486,0.000219797,20000,1330000,20260901,"104 104 105 106 107 108 109 110 111"
table2b_dual_staggered_return,4,9,28,3.913383459,3.913254486,0.000219797,20000,1330000,20260901,"104 104 105 106 107 108 109 110 111"
table2b_dual_staggered_return,4,9,29,3.913886466,3.913254486,0.000219797,20000,1330000,20260901,"104 104 105 106 107 108 109 110 111"
table2b_dual_staggered_return,4,9,30,3.913245865,3.913254486,0.000219797,20000,1330000,20260901,"104 104 105 106 107 108 109 110 111"
table2b_dual_staggered_return,5,3,1,2.714635338,2.714929825,0.000083751,20000,1330000,20260901,"124 124 125"
table2b_dual_staggered_return,5,3,2,2.714662406,2.714929825,0.000083751,20000,1330000,20260901,"124 124 125"
table2b_dual_staggered_return,5,3,3,2.715072180,2.714929825,0.000083751,20000,1330000,20260901,"124 124 125"
table2b_dual_staggered_return,5,3,4,2.715333083,2.714929825,0.000083751,20000,1330000,20260901,"124 124 125"
table2b_dual_staggered_return,5,3,5,2.715127068,2.714929825,0.000083751,20000,1330000,20260901,"124 124 125"
table2b_dual_staggered_return,5,3,6,2.714784962,2.714929825,0.000083751,20000,1330000,20260901,"124 124 125"
table2b_dual_staggered_return,5,3,7,2.714745113,2.714929825,0.000083751,20000,1330000,20260901,"124 124 125"
table2b_dual_staggered_return,5,3,8,2.714962406,2.714929825,0.000083751,20000,1330000,20260901,"124 124 125"
table2b_dual_staggered_return,5,3,9,2.714535338,2.714929825,0.000083751,20000,1330000,20260901,"124 124 125"
table2b_dual_staggered_return,5,3,10,2.714692481,2.714929825,0.000083751,20000,1330000,20260901,"124 124 125"
table2b_dual_staggered_return,5,3,11,2.714842857,2.714929825,0.000083751,20000,1330000,20260901,"124 124 125"
table2b_dual_staggered_return,5,3,12,2.715190226,2.714929825,0.000083751,20000,1330000,20260901,"124 124 125"
table2b_dual_staggered_return,5,3,13,2.715188722,2.714929825,0.000083751,20000,1330000,20260901,"124 124 125"
table2b_dual_staggered_return,5,3,14,2.715421053,2.714929825,0.000083751,20000,1330000,20260901,"124 124 125"
table2b_dual_staggered_return,5,3,15,2.714904511,2.714929825,0.000083751,20000,1330000,20260901,"124 124 125"
table2b_dual_staggered_return,5,3,16,2.714655639,2.714929825,0.000083751,20000,1330000,20260901,"124 124 125"
table2b_dual_staggered_return,5,3,17,2.714800752,2.714929825,0.000083751,20000,1330000,20260901,"124 124 125"
table2b_dual_staggered_return,5,3,18,2.714806767,2.714929825,0.000083751,20000,1330000,20260901,"124 124 125"
table2b_dual_staggered_return,5,3,19,2.715236842,2.714929825,0.000083751,20000,1330000,20260901,"124 124 125"
table2b_dual_staggered_return,5,3,20,2.714922556,2.714929825,0.000083751,20000,1330000,20260901,"124 124 125"
table2b_dual_staggered_return,5,3,21,2.714906767,2.714929825,0.000083751,20000,1330000,20260901,"124 124 125"
table2b_dual_staggered_return,5,3,22,2.715009023,2.714929825,0.000083751,20000,1330000,20260901,"124 124 125"
table2b_dual_staggered_return,5,3,23,2.715049624,2.714929825,0.000083751,20000,1330000,20260901,"124 124 125"
table2b_dual_staggered_return,5,3,24,2.714896241,2.714929825,0.000083751,20000,1330000,20260901,"124 124 125"
table2b_dual_staggered_return,5,3,25,2.715218045,2.714929825,0.000083751,20000,1330000,20260901,"124 124 125"
table2b_dual_staggered_return,5,3,26,2.714920301,2.714929825,0.000083751,20000,1330000,20260901,"124 124 125"
table2b_dual_staggered_return,5,3,27,2.714807519,2.714929825,0.000083751,20000,1330000,20260901,"124 124 125"
table2b_dual_staggered_return,5,3,28,2.714722556,2.714929825,0.000083751,20000,1330000,20260901,"124 124 125"
table2b_dual_staggered_return,5,3,29,2.714746617,2.714929825,0.000083751,20000,1330000,20260901,"124 124 125"
table2b_dual_staggered_return,5,3,30,2.715097744,2.714929825,0.000083751,20000,1330000,20260901,"124 124 125"
table2b_dual_staggered_return,5,4,1,3.343413534,3.343719048,0.000160839,20000,1330000,20260901,"124 124 125 126"
table2b_dual_staggered_return,5,4,2,3.343699248,3.343719048,0.000160839,20000,1330000,20260901,"124 124 125 126"
table2b_dual_staggered_return,5,4,3,3.343324812,3.343719048,0.000160839,20000,1330000,20260901,"124 124 125 126"
table2b_dual_staggered_return,5,4,4,3.343567669,3.343719048,0.000160839,20000,1330000,20260901,"124 124 125 126"
table2b_dual_staggered_return,5,4,5,3.343909774,3.343719048,0.000160839,20000,1330000,20260901,"124 124 125 126"
table2b_dual_staggered_return,5,4,6,3.344326316,3.343719048,0.000160839,20000,1330000,20260901,"124 124 125 126"
table2b_dual_staggered_return,5,4,7,3.343915038,3.343719048,0.000160839,20000,1330000,20260901,"124 124 125 126"
table2b_dual_staggered_return,5,4,8,3.343507519,3.343719048,0.000160839,20000,1330000,20260901,"124 124 125 126"
table2b_dual_staggered_return,5,4,9,3.343138346,3.343719048,0.000160839,20000,1330000,20260901,"124 124 125 126"
table2b_dual_staggered_return,5,4,10,3.344387970,3.343719048,0.000160839,20000,1330000,20260901,"124 124 125 126"
table2b_dual_staggered_return,5,4,11,3.343219549,3.343719048,0.000160839,20000,1330000,20260901,"124 124 125 126"
table2b_dual_staggered_return,5,4,12,3.343896241,3.343719048,0.000160839,20000,1330000,20260901,"124 124 125 126"
table2b_dual_staggered_return,5,4,13,3.343547368,3.343719048,0.000160839,20000,1330000,20260901,"124 124 125 126"
table2b_dual_staggered_return,5,4,14,3.343528571,3.343719048,0.000160839,20000,1330000,20260901,"124 124 125 126"
table2b_dual_staggered_return,5,4,15,3.343694737,3.343719048,0.000160839,20000,1330000,20260901,"124 124 125 126"
table2b_dual_staggered_return,5,4,16,3.343263158,3.343719048,0.000160839,20000,1330000,20260901,"124 124 125 126"
table2b_dual_staggered_return,5,4,17,3.343691729,3.343719048,0.000160839,20000,1330000,20260901,"124 124 125 126"
table2b_dual_staggered_return,5,4,18,3.343695489,3.343719048,0.000160839,20000,1330000,20260901,"124 124 125 126"
table2b_dual_staggered_return,5,4,19,3.344259398,3.343719048,0.000160839,20000,1330000,20260901,"124 124 125 126"
table2b_dual_staggered_return,5,4,20,3.344734586,3.343719048,0.000160839,20000,1330000,20260901,"124 124 125 126"
table2b_dual_staggered_return,5,4,21,3.343772932,3.343719048,0.000160839,20000,1330000,20260901,"124 124 125 126"
table2b_dual_staggered_return,5,4,22,3.343275940,3.343719048,0.000160839,20000,1330000,20260901,"124 124 125 126"
table2b_dual_staggered_return,5,4,23,3.343133835,3.343719048,0.000160839,20000,1330000,20260901,"124 124 125 126"
table2b_dual_staggered_return,5,4,24,3.343369173,3.343719048,0.000160839,20000,1330000,20260901,"124 124 125 126"
table2b_dual_staggered_return,5,4,25,3.343640602,3.343719048,0.000160839,20000,1330000,20260901,"124 124 125 126"
table2b_dual_staggered_return,5,4,26,3.343386466,3.343719048,0.000160839,20000,1330000,20260901,"124 124 125 126"
table2b_dual_staggered_return,5,4,27,3.343666165,3.343719048,0.000160839,20000,1330000,20260901,"124 124 125 126"
table2b_dual_staggered_return,5,4,28,3.343640602,3.343719048,0.000160839,20000,1330000,20260901,"124 124 125 126"
table2b_dual_staggered_return,5,4,29,3.344462406,3.343719048,0.000160839,20000,1330000,20260901,"124 124 125 126"
table2b_dual_staggered_return,5,4,30,3.344502256,3.343719048,0.000160839,20000,1330000,20260901,"124 124 125 126"
table2b_dual_staggered_return,5,5,1,3.821970677,3.822822105,0.000175278,20000,1330000,20260901,"124 124 125 126 127"
table2b_dual_staggered_return,5,5,2,3.822625564,3.822822105,0.000175278,20000,1330000,20260901,"124 124 125 126 127"
table2b_dual_staggered_return,5,5,3,3.822416541,3.822822105,0.000175278,20000,1330000,20260901,"124 124 125 126 127"
table2b_dual_staggered_return,5,5,4,3.821993985,3.822822105,0.000175278,20000,1330000,20260901,"124 124 125 126 127"
table2b_dual_staggered_return,5,5,5,3.823107519,3.822822105,0.000175278,20000,1330000,20260901,"124 124 125 126 127"
table2b_dual_staggered_return,5,5,6,3.823066917,3.822822105,0.000175278,20000,1330000,20260901,"124 124 125 126 127"
table2b_dual_staggered_return,5,5,7,3.823628571,3.822822105,0.000175278,20000,1330000,20260901,"124 124 125 126 127"
table2b_dual_staggered_return,5,5,8,3.822775188,3.822822105,0.000175278,20000,1330000,20260901,"124 124 125 126 127"
table2b_dual_staggered_return,5,5,9,3.822134586,3.822822105,0.000175278,20000,1330000,20260901,"124 124 125 126 127"
table2b_dual_staggered_return,5,5,10,3.823487218,3.822822105,0.000175278,20000,1330000,20260901,"124 124 125 126 127"
table2b_dual_staggered_return,5,5,11,3.822566917,3.822822105,0.000175278,20000,1330000,20260901,"124 124 125 126 127"
table2b_dual_staggered_return,5,5,12,3.822715789,3.822822105,0.000175278,20000,1330000,20260901,"124 124 125 126 127"
table2b_dual_staggered_return,5,5,13,3.822956391,3.822822105,0.000175278,20000,1330000,20260901,"124 124 125 126 127"
table2b_dual_staggered_return,5,5,14,3.822054887,3.822822105,0.000175278,20000,1330000,20260901,"124 124 125 126 127"
table2b_dual_staggered_return,5,5,15,3.822882707,3.822822105,0.000175278,20000,1330000,20260901,"124 124 125 126 127"
table2b_dual_staggered_return,5,5,16,3.823115789,3.822822105,0.000175278,20000,1330000,20260901,"124 124 125 126 127"
table2b_dual_staggered_return,5,5,17,3.822697744,3.822822105,0.000175278,20000,1330000,20260901,"124 124 125 126 127"
table2b_dual_staggered_return,5,5,18,3.822413534,3.822822105,0.000175278,20000,1330000,20260901,"124 124 125 126 127"
table2b_dual_staggered_return,5,5,19,3.823205263,3.822822105,0.000175278,20000,1330000,20260901,"124 124 125 126 127"
table2b_dual_staggered_return,5,5,20,3.823196992,3.822822105,0.000175278,20000,1330000,20260901,"124 124 125 126 127"
table2b_dual_staggered_return,5,5,21,3.822853383,3.822822105,0.000175278,20000,1330000,20260901,"124 124 125 126 127"
table2b_dual_staggered_return,5,5,22,3.822380451,3.822822105,0.000175278,20000,1330000,20260901,"124 124 125 126 127"
table2b_dual_staggered_return,5,5,23,3.822111278,3.822822105,0.000175278,20000,1330000,20260901,"124 124 125 126 127"
table2b_dual_staggered_return,5,5,24,3.823138346,3.822822105,0.000175278,20000,1330000,20260901,"124 124 125 126 127"
table2b_dual_staggered_return,5,5,25,3.822851128,3.822822105,0.000175278,20000,1330000,20260901,"124 124 125 126 127"
table2b_dual_staggered_return,5,5,26,3.823106767,3.822822105,0.000175278,20000,1330000,20260901,"124 124 125 126 127"
table2b_dual_staggered_return,5,5,27,3.823251880,3.822822105,0.000175278,20000,1330000,20260901,"124 124 125 126 127"
table2b_dual_staggered_return,5,5,28,3.823412782,3.822822105,0.000175278,20000,1330000,20260901,"124 124 125 126 127"
table2b_dual_staggered_return,5,5,29,3.823236842,3.822822105,0.000175278,20000,1330000,20260901,"124 124 125 126 127"
table2b_dual_staggered_return,5,5,30,3.823307519,3.822822105,0.000175278,20000,1330000,20260901,"124 124 125 126 127"
table2b_dual_staggered_return,5,6,1,4.174521053,4.174985013,0.000213954,20000,1330000,20260901,"124 124 125 126 127 128"
table2b_dual_staggered_return,5,6,2,4.175046617,4.174985013,0.000213954,20000,1330000,20260901,"124 124 125 126 127 128"
table2b_dual_staggered_return,5,6,3,4.174796241,4.174985013,0.000213954,20000,1330000,20260901,"124 124 125 126 127 128"
table2b_dual_staggered_return,5,6,4,4.174354135,4.174985013,0.000213954,20000,1330000,20260901,"124 124 125 126 127 128"
table2b_dual_staggered_return,5,6,5,4.174763158,4.174985013,0.000213954,20000,1330000,20260901,"124 124 125 126 127 128"
table2b_dual_staggered_return,5,6,6,4.174851880,4.174985013,0.000213954,20000,1330000,20260901,"124 124 125 126 127 128"
table2b_dual_staggered_return,5,6,7,4.175806015,4.174985013,0.000213954,20000,1330000,20260901,"124 124 125 126 127 128"
table2b_dual_staggered_return,5,6,8,4.174627820,4.174985013,0.000213954,20000,1330000,20260901,"124 124 125 126 127 128"
table2b_dual_staggered_return,5,6,9,4.174707519,4.174985013,0.000213954,20000,1330000,20260901,"124 124 125 126 127 128"
table2b_dual_staggered_return,5,6,10,4.175553383,4.174985013,0.000213954,20000,1330000,20260901,"124 124 125 126 127 128"
table2b_dual_staggered_return,5,6,11,4.174938346,4.174985013,0.000213954,20000,1330000,20260901,"124 124 125 126 127 128"
table2b_dual_staggered_return,5,6,12,4.174304511,4.174985013,0.000213954,20000,1330000,20260901,"124 124 125 126 127 128"
table2b_dual_staggered_return,5,6,13,4.175041353,4.174985013,0.000213954,20000,1330000,20260901,"124 124 125 126 127 128"
table2b_dual_staggered_return,5,6,14,4.174200000,4.174985013,0.000213954,20000,1330000,20260901,"124 124 125 126 127 128"
table2b_dual_staggered_return,5,6,15,4.175843609,4.174985013,0.000213954,20000,1330000,20260901,"124 124 125 126 127 128"
table2b_dual_staggered_return,5,6,16,4.175561654,4.174985013,0.000213954,20000,1330000,20260901,"124 124 125 126 127 128"
table2b_dual_staggered_return,5,6,17,4.175249624,4.174985013,0.000213954,20000,1330000,20260901,"124 124 125 126 127 128"
table2b_dual_staggered_return,5,6,18,4.174853383,4.174985013,0.000213954,20000,1330000,20260901,"124 124 125 126 127 128"
table2b_dual_staggered_return,5,6,19,4.175011278,4.174985013,0.000213954,20000,1330000,20260901,"124 124 125 126 127 128"
table2b_dual_staggered_return,5,6,20,4.175766917,4.174985013,0.000213954,20000,1330000,20260901,"124 124 125 126 127 128"
table2b_dual_staggered_return,5,6,21,4.174394737,4.174985013,0.000213954,20000,1330000,20260901,"124 124 125 126 127 128"
table2b_dual_staggered_return,5,6,22,4.174779699,4.174985013,0.000213954,20000,1330000,20260901,"124 124 125 126 127 128"
table2b_dual_staggered_return,5,6,23,4.173572180,4.174985013,0.000213954,20000,1330000,20260901,"124 124 125 126 127 128"
table2b_dual_staggered_return,5,6,24,4.175096992,4.174985013,0.000213954,20000,1330000,20260901,"124 124 125 126 127 128"
table2b_dual_staggered_return,5,6,25,4.174958647,4.174985013,0.000213954,20000,1330000,20260901,"124 124 125 126 127 128"
table2b_dual_staggered_return,5,6,26,4.175364662,4.174985013,0.000213954,20000,1330000,20260901,"124 124 125 126 127 128"
table2b_dual_staggered_return,5,6,27,4.175287970,4.174985013,0.000213954,20000,1330000,20260901,"124 124 125 126 127 128"
table2b_dual_staggered_return,5,6,28,4.175689474,4.174985013,0.000213954,20000,1330000,20260901,"124 124 125 126 127 128"
table2b_dual_staggered_return,5,6,29,4.174463910,4.174985013,0.000213954,20000,1330000,20260901,"124 124 125 126 127 128"
table2b_dual_staggered_return,5,6,30,4.176143609,4.174985013,0.000213954,20000,1330000,20260901,"124 124 125 126 127 128"
table2b_dual_staggered_return,5,7,1,4.427075940,4.427931028,0.000228280,20000,1330000,20260901,"124 124 125 126 127 128 129"
table2b_dual_staggered_return,5,7,2,4.428207519,4.427931028,0.000228280,20000,1330000,20260901,"124 124 125 126 127 128 129"
table2b_dual_staggered_return,5,7,3,4.427895489,4.427931028,0.000228280,20000,1330000,20260901,"124 124 125 126 127 128 129"
table2b_dual_staggered_return,5,7,4,4.428115789,4.427931028,0.000228280,20000,1330000,20260901,"124 124 125 126 127 128 129"
table2b_dual_staggered_return,5,7,5,4.427328571,4.427931028,0.000228280,20000,1330000,20260901,"124 124 125 126 127 128 129"
table2b_dual_staggered_return,5,7,6,4.427809774,4.427931028,0.000228280,20000,1330000,20260901,"124 124 125 126 127 128 129"
table2b_dual_staggered_return,5,7,7,4.428696241,4.427931028,0.000228280,20000,1330000,20260901,"124 124 125 126 127 128 129"
table2b_dual_staggered_return,5,7,8,4.427585714,4.427931028,0.000228280,20000,1330000,20260901,"124 124 125 126 127 128 129"
table2b_dual_staggered_return,5,7,9,4.427169173,4.427931028,0.000228280,20000,1330000,20260901,"124 124 125 126 127 128 129"
table2b_dual_staggered_return,5,7,10,4.428693233,4.427931028,0.000228280,20000,1330000,20260901,"124 124 125 126 127 128 129"
table2b_dual_staggered_return,5,7,11,4.428300752,4.427931028,0.000228280,20000,1330000,20260901,"124 124 125 126 127 128 129"
table2b_dual_staggered_return,5,7,12,4.427710526,4.427931028,0.000228280,20000,1330000,20260901,"124 124 125 126 127 128 129"
table2b_dual_staggered_return,5,7,13,4.428968421,4.427931028,0.000228280,20000,1330000,20260901,"124 124 125 126 127 128 129"
table2b_dual_staggered_return,5,7,14,4.427174436,4.427931028,0.000228280,20000,1330000,20260901,"124 124 125 126 127 128 129"
table2b_dual_staggered_return,5,7,15,4.428735338,4.427931028,0.000228280,20000,1330000,20260901,"124 124 125 126 127 128 129"
table2b_dual_staggered_return,5,7,16,4.428558647,4.427931028,0.000228280,20000,1330000,20260901,"124 124 125 126 127 128 129"
table2b_dual_staggered_return,5,7,17,4.427766917,4.427931028,0.000228280,20000,1330000,20260901,"124 124 125 126 127 128 129"
table2b_dual_staggered_return,5,7,18,4.427541353,4.427931028,0.000228280,20000,1330000,20260901,"124 124 125 126 127 128 129"
table2b_dual_staggered_return,5,7,19,4.427826316,4.427931028,0.000228280,20000,1330000,20260901,"124 124 125 126 127 128 129"
table2b_dual_staggered_return,5,7,20,4.428296992,4.427931028,0.000228280,20000,1330000,20260901,"124 124 125 126 127 128 129"
table2b_dual_staggered_return,5,7,21,4.427415038,4.427931028,0.000228280,20000,1330000,20260901,"124 124 125 126 127 128 129"
table2b_dual_staggered_return,5,7,22,4.428222556,4.427931028,0.000228280,20000,1330000,20260901,"124 124 125 126 127 128 129"
table2b_dual_staggered_return,5,7,23,4.426656391,4.427931028,0.000228280,20000,1330000,20260901,"124 124 125 126 127 128 129"
table2b_dual_staggered_return,5,7,24,4.428271429,4.427931028,0.000228280,20000,1330000,20260901,"124 124 125 126 127 128 129"
table2b_dual_staggered_return,5,7,25,4.427574436,4.427931028,0.000228280,20000,1330000,20260901,"124 124 125 126 127 128 129"
table2b_dual_staggered_return,5,7,26,4.427645865,4.427931028,0.000228280,20000,1330000,20260901,"124 124 125 126 127 128 129"
table2b_dual_staggered_return,5,7,27,4.427772932,4.427931028,0.000228280,20000,1330000,20260901,"124 124 125 126 127 128 129"
table2b_dual_staggered_return,5,7,28,4.428746617,4.427931028,0.000228280,20000,1330000,20260901,"124 124 125 126 127 128 129"
table2b_dual_staggered_return,5,7,29,4.427213534,4.427931028,0.000228280,20000,1330000,20260901,"124 124 125 126 127 128 129"
table2b_dual_staggered_return,5,7,30,4.428954887,4.427931028,0.000228280,20000,1330000,20260901,"124 124 125 126 127 128 129"
table2b_dual_staggered_return,5,8,1,4.604702256,4.605734436,0.000202291,20000,1330000,20260901,"124 124 125 126 127 128 129 130"
table2b_dual_staggered_return,5,8,2,4.605758647,4.605734436,0.000202291,20000,1330000,20260901,"124 124 125 126 127 128 129 130"
table2b_dual_staggered_return,5,8,3,4.605509023,4.605734436,0.000202291,20000,1330000,20260901,"124 124 125 126 127 128 129 130"
table2b_dual_staggered_return,5,8,4,4.605969173,4.605734436,0.000202291,20000,1330000,20260901,"124 124 125 126 127 128 129 130"
table2b_dual_staggered_return,5,8,5,4.605481955,4.605734436,0.000202291,20000,1330000,20260901,"124 124 125 126 127 128 129 130"
table2b_dual_staggered_return,5,8,6,4.605851880,4.605734436,0.000202291,20000,1330000,20260901,"124 124 125 126 127 128 129 130"
table2b_dual_staggered_return,5,8,7,4.606381203,4.605734436,0.000202291,20000,1330000,20260901,"124 124 125 126 127 128 129 130"
table2b_dual_staggered_return,5,8,8,4.605506015,4.605734436,0.000202291,20000,1330000,20260901,"124 124 125 126 127 128 129 130"
table2b_dual_staggered_return,5,8,9,4.605121053,4.605734436,0.000202291,20000,1330000,20260901,"124 124 125 126 127 128 129 130"
table2b_dual_staggered_return,5,8,10,4.606790977,4.605734436,0.000202291,20000,1330000,20260901,"124 124 125 126 127 128 129 130"
table2b_dual_staggered_return,5,8,11,4.606483459,4.605734436,0.000202291,20000,1330000,20260901,"124 124 125 126 127 128 129 130"
table2b_dual_staggered_return,5,8,12,4.605515789,4.605734436,0.000202291,20000,1330000,20260901,"124 124 125 126 127 128 129 130"
table2b_dual_staggered_return,5,8,13,4.606130075,4.605734436,0.000202291,20000,1330000,20260901,"124 124 125 126 127 128 129 130"
table2b_dual_staggered_return,5,8,14,4.605481203,4.605734436,0.000202291,20000,1330000,20260901,"124 124 125 126 127 128 129 130"
table2b_dual_staggered_return,5,8,15,4.606040602,4.605734436,0.000202291,20000,1330000,20260901,"124 124 125 126 127 128 129 130"
table2b_dual_staggered_return,5,8,16,4.606006015,4.605734436,0.000202291,20000,1330000,20260901,"124 124 125 126 127 128 129 130"
table2b_dual_staggered_return,5,8,17,4.605672932,4.605734436,0.000202291,20000,1330000,20260901,"124 124 125 126 127 128 129 130"
table2b_dual_staggered_return,5,8,18,4.605361654,4.605734436,0.000202291,20000,1330000,20260901,"124 124 125 126 127 128 129 130"
table2b_dual_staggered_return,5,8,19,4.605976692,4.605734436,0.000202291,20000,1330000,20260901,"124 124 125 126 127 128 129 130"
table2b_dual_staggered_return,5,8,20,4.605521053,4.605734436,0.000202291,20000,1330000,20260901,"124 124 125 126 127 128 129 130"
table2b_dual_staggered_return,5,8,21,4.605422556,4.605734436,0.000202291,20000,1330000,20260901,"124 124 125 126 127 128 129 130"
table2b_dual_staggered_return,5,8,22,4.606818045,4.605734436,0.000202291,20000,1330000,20260901,"124 124 125 126 127 128 129 130"
table2b_dual_staggered_return,5,8,23,4.605024812,4.605734436,0.000202291,20000,1330000,20260901,"124 124 125 126 127 128 129 130"
table2b_dual_staggered_return,5,8,24,4.605956391,4.605734436,0.000202291,20000,1330000,20260901,"124 124 125 126 127 128 129 130"
table2b_dual_staggered_return,5,8,25,4.604955639,4.605734436,0.000202291,20000,1330000,20260901,"124 124 125 126 127 128 129 130"
table2b_dual_staggered_return,5,8,26,4.605103008,4.605734436,0.000202291,20000,1330000,20260901,"124 124 125 126 127 128 129 130"
table2b_dual_staggered_return,5,8,27,4.605448872,4.605734436,0.000202291,20000,1330000,20260901,"124 124 125 126 127 128 129 130"
table2b_dual_staggered_return,5,8,28,4.605823308,4.605734436,0.000202291,20000,1330000,20260901,"124 124 125 126 127 128 129 130"
table2b_dual_staggered_return,5,8,29,4.605455639,4.605734436,0.000202291,20000,1330000,20260901,"124 124 125 126 127 128 129 130"
table2b_dual_staggered_return,5,8,30,4.606763158,4.605734436,0.000202291,20000,1330000,20260901,"124 124 125 126 127 128 129 130"
table2b_dual_staggered_return,5,9,1,4.728542105,4.729598471,0.000211371,20000,1330000,20260901,"124 124 125 126 127 128 129 130 131"
table2b_dual_staggered_return,5,9,2,4.729693985,4.729598471,0.000211371,20000,1330000,20260901,"124 124 125 126 127 128 129 130 131"
table2b_dual_staggered_return,5,9,3,4.729594737,4.729598471,0.000211371,20000,1330000,20260901,"124 124 125 126 127 128 129 130 131"
table2b_dual_staggered_return,5,9,4,4.729653383,4.729598471,0.000211371,20000,1330000,20260901,"124 124 125 126 127 128 129 130 131"
table2b_dual_staggered_return,5,9,5,4.729571429,4.729598471,0.000211371,20000,1330000,20260901,"124 124 125 126 127 128 129 130 131"
table2b_dual_staggered_return,5,9,6,4.728990977,4.729598471,0.000211371,20000,1330000,20260901,"124 124 125 126 127 128 129 130 131"
table2b_dual_staggered_return,5,9,7,4.729993233,4.729598471,0.000211371,20000,1330000,20260901,"124 124 125 126 127 128 129 130 131"
table2b_dual_staggered_return,5,9,8,4.729278195,4.729598471,0.000211371,20000,1330000,20260901,"124 124 125 126 127 128 129 130 131"
table2b_dual_staggered_return,5,9,9,4.729306015,4.729598471,0.000211371,20000,1330000,20260901,"124 124 125 126 127 128 129 130 131"
table2b_dual_staggered_return,5,9,10,4.730473684,4.729598471,0.000211371,20000,1330000,20260901,"124 124 125 126 127 128 129 130 131"
table2b_dual_staggered_return,5,9,11,4.730498496,4.729598471,0.000211371,20000,1330000,20260901,"124 124 125 126 127 128 129 130 131"
table2b_dual_staggered_return,5,9,12,4.729366917,4.729598471,0.000211371,20000,1330000,20260901,"124 124 125 126 127 128 129 130 131"
table2b_dual_staggered_return,5,9,13,4.729468421,4.729598471,0.000211371,20000,1330000,20260901,"124 124 125 126 127 128 129 130 131"
table2b_dual_staggered_return,5,9,14,4.729423308,4.729598471,0.000211371,20000,1330000,20260901,"124 124 125 126 127 128 129 130 131"
table2b_dual_staggered_return,5,9,15,4.730520301,4.729598471,0.000211371,20000,1330000,20260901,"124 124 125 126 127 128 129 130 131"
table2b_dual_staggered_return,5,9,16,4.730028571,4.729598471,0.000211371,20000,1330000,20260901,"124 124 125 126 127 128 129 130 131"
table2b_dual_staggered_return,5,9,17,4.729396992,4.729598471,0.000211371,20000,1330000,20260901,"124 124 125 126 127 128 129 130 131"
table2b_dual_staggered_return,5,9,18,4.729460902,4.729598471,0.000211371,20000,1330000,20260901,"124 124 125 126 127 128 129 130 131"
table2b_dual_staggered_return,5,9,19,4.729800752,4.729598471,0.000211371,20000,1330000,20260901,"124 124 125 126 127 128 129 130 131"
table2b_dual_staggered_return,5,9,20,4.729333083,4.729598471,0.000211371,20000,1330000,20260901,"124 124 125 126 127 128 129 130 131"
table2b_dual_staggered_return,5,9,21,4.729387218,4.729598471,0.000211371,20000,1330000,20260901,"124 124 125 126 127 128 129 130 131"
table2b_dual_staggered_return,5,9,22,4.730758647,4.729598471,0.000211371,20000,1330000,20260901,"124 124 125 126 127 128 129 130 131"
table2b_dual_staggered_return,5,9,23,4.729072932,4.729598471,0.000211371,20000,1330000,20260901,"124 124 125 126 127 128 129 130 131"
table2b_dual_staggered_return,5,9,24,4.730012782,4.729598471,0.000211371,20000,1330000,20260901,"124 124 125 126 127 128 129 130 131"
table2b_dual_staggered_return,5,9,25,4.728830075,4.729598471,0.000211371,20000,1330000,20260901,"124 124 125 126 127 128 129 130 131"
table2b_dual_staggered_return,5,9,26,4.728572180,4.729598471,0.000211371,20000,1330000,20260901,"124 124 125 126 127 128 129 130 131"
table2b_dual_staggered_return,5,9,27,4.729324060,4.729598471,0.000211371,20000,1330000,20260901,"124 124 125 126 127 128 129 130 131"
table2b_dual_staggered_return,5,9,28,4.730055639,4.729598471,0.000211371,20000,1330000,20260901,"124 124 125 126 127 128 129 130 131"
table2b_dual_staggered_return,5,9,29,4.729163910,4.729598471,0.000211371,20000,1330000,20260901,"124 124 125 126 127 128 129 130 131"
table2b_dual_staggered_return,5,9,30,4.730381203,4.729598471,0.000211371,20000,1330000,20260901,"124 124 125 126 127 128 129 130 131"
table2b_dual_staggered_return,6,3,1,2.794059398,2.794607719,0.000123464,20000,1330000,20260901,"144 144 145"
table2b_dual_staggered_return,6,3,2,2.794671429,2.794607719,0.000123464,20000,1330000,20260901,"144 144 145"
table2b_dual_staggered_return,6,3,3,2.794560150,2.794607719,0.000123464,20000,1330000,20260901,"144 144 145"
table2b_dual_staggered_return,6,3,4,2.794684962,2.794607719,0.000123464,20000,1330000,20260901,"144 144 145"
table2b_dual_staggered_return,6,3,5,2.794947368,2.794607719,0.000123464,20000,1330000,20260901,"144 144 145"
table2b_dual_staggered_return,6,3,6,2.794292481,2.794607719,0.000123464,20000,1330000,20260901,"144 144 145"
table2b_dual_staggered_return,6,3,7,2.794409774,2.794607719,0.000123464,20000,1330000,20260901,"144 144 145"
table2b_dual_staggered_return,6,3,8,2.794215789,2.794607719,0.000123464,20000,1330000,20260901,"144 144 145"
table2b_dual_staggered_return,6,3,9,2.794841353,2.794607719,0.000123464,20000,1330000,20260901,"144 144 145"
table2b_dual_staggered_return,6,3,10,2.794419549,2.794607719,0.000123464,20000,1330000,20260901,"144 144 145"
table2b_dual_staggered_return,6,3,11,2.794663910,2.794607719,0.000123464,20000,1330000,20260901,"144 144 145"
table2b_dual_staggered_return,6,3,12,2.794624812,2.794607719,0.000123464,20000,1330000,20260901,"144 144 145"
table2b_dual_staggered_return,6,3,13,2.794148872,2.794607719,0.000123464,20000,1330000,20260901,"144 144 145"
table2b_dual_staggered_return,6,3,14,2.794254135,2.794607719,0.000123464,20000,1330000,20260901,"144 144 145"
table2b_dual_staggered_return,6,3,15,2.794163910,2.794607719,0.000123464,20000,1330000,20260901,"144 144 145"
table2b_dual_staggered_return,6,3,16,2.794665414,2.794607719,0.000123464,20000,1330000,20260901,"144 144 145"
table2b_dual_staggered_return,6,3,17,2.794667669,2.794607719,0.000123464,20000,1330000,20260901,"144 144 145"
table2b_dual_staggered_return,6,3,18,2.794691729,2.794607719,0.000123464,20000,1330000,20260901,"144 144 145"
table2b_dual_staggered_return,6,3,19,2.794412030,2.794607719,0.000123464,20000,1330000,20260901,"144 144 145"
table2b_dual_staggered_return,6,3,20,2.794830827,2.794607719,0.000123464,20000,1330000,20260901,"144 144 145"
table2b_dual_staggered_return,6,3,21,2.794245865,2.794607719,0.000123464,20000,1330000,20260901,"144 144 145"
table2b_dual_staggered_return,6,3,22,2.794772180,2.794607719,0.000123464,20000,1330000,20260901,"144 144 145"
table2b_dual_staggered_return,6,3,23,2.795369925,2.794607719,0.000123464,20000,1330000,20260901,"144 144 145"
table2b_dual_staggered_return,6,3,24,2.794569925,2.794607719,0.000123464,20000,1330000,20260901,"144 144 145"
table2b_dual_staggered_return,6,3,25,2.795027068,2.794607719,0.000123464,20000,1330000,20260901,"144 144 145"
table2b_dual_staggered_return,6,3,26,2.795269173,2.794607719,0.000123464,20000,1330000,20260901,"144 144 145"
table2b_dual_staggered_return,6,3,27,2.794672180,2.794607719,0.000123464,20000,1330000,20260901,"144 144 145"
table2b_dual_staggered_return,6,3,28,2.794978195,2.794607719,0.000123464,20000,1330000,20260901,"144 144 145"
table2b_dual_staggered_return,6,3,29,2.794882707,2.794607719,0.000123464,20000,1330000,20260901,"144 144 145"
table2b_dual_staggered_return,6,3,30,2.794218797,2.794607719,0.000123464,20000,1330000,20260901,"144 144 145"
table2b_dual_staggered_return,6,4,1,3.512587218,3.513171604,0.000162269,20000,1330000,20260901,"144 144 145 146"
table2b_dual_staggered_return,6,4,2,3.513387218,3.513171604,0.000162269,20000,1330000,20260901,"144 144 145 146"
table2b_dual_staggered_return,6,4,3,3.513768421,3.513171604,0.000162269,20000,1330000,20260901,"144 144 145 146"
table2b_dual_staggered_return,6,4,4,3.513593233,3.513171604,0.000162269,20000,1330000,20260901,"144 144 145 146"
table2b_dual_staggered_return,6,4,5,3.513163158,3.513171604,0.000162269,20000,1330000,20260901,"144 144 145 146"
table2b_dual_staggered_return,6,4,6,3.513184211,3.513171604,0.000162269,20000,1330000,20260901,"144 144 145 146"
table2b_dual_staggered_return,6,4,7,3.512336090,3.513171604,0.000162269,20000,1330000,20260901,"144 144 145 146"
table2b_dual_staggered_return,6,4,8,3.512693233,3.513171604,0.000162269,20000,1330000,20260901,"144 144 145 146"
table2b_dual_staggered_return,6,4,9,3.513605263,3.513171604,0.000162269,20000,1330000,20260901,"144 144 145 146"
table2b_dual_staggered_return,6,4,10,3.512591729,3.513171604,0.000162269,20000,1330000,20260901,"144 144 145 146"
table2b_dual_staggered_return,6,4,11,3.513363158,3.513171604,0.000162269,20000,1330000,20260901,"144 144 145 146"
table2b_dual_staggered_return,6,4,12,3.513614286,3.513171604,0.000162269,20000,1330000,20260901,"144 144 145 146"
table2b_dual_staggered_return,6,4,13,3.513030075,3.513171604,0.000162269,20000,1330000,20260901,"144 144 145 146"
table2b_dual_staggered_return,6,4,14,3.512957143,3.513171604,0.000162269,20000,1330000,20260901,"144 144 145 146"
table2b_dual_staggered_return,6,4,15,3.512690226,3.513171604,0.000162269,20000,1330000,20260901,"144 144 145 146"
table2b_dual_staggered_return,6,4,16,3.513210526,3.513171604,0.000162269,20000,1330000,20260901,"144 144 145 146"
table2b_dual_staggered_return,6,4,17,3.513193233,3.513171604,0.000162269,20000,1330000,20260901,"144 144 145 146"
table2b_dual_staggered_return,6,4,18,3.512709774,3.513171604,0.000162269,20000,1330000,20260901,"144 144 145 146"
table2b_dual_staggered_return,6,4,19,3.512381955,3.513171604,0.000162269,20000,1330000,20260901,"144 144 145 146"
table2b_dual_staggered_return,6,4,20,3.513521805,3.513171604,0.000162269,20000,1330000,20260901,"144 144 145 146"
table2b_dual_staggered_return,6,4,21,3.512699248,3.513171604,0.000162269,20000,1330000,20260901,"144 144 145 146"
table2b_dual_staggered_return,6,4,22,3.513355639,3.513171604,0.000162269,20000,1330000,20260901,"144 144 145 146"
table2b_dual_staggered_return,6,4,23,3.513736090,3.513171604,0.000162269,20000,1330000,20260901,"144 144 145 146"
table2b_dual_staggered_return,6,4,24,3.513533835,3.513171604,0.000162269,20000,1330000,20260901,"144 144 145 146"
table2b_dual_staggered_return,6,4,25,3.512688722,3.513171604,0.000162269,20000,1330000,20260901,"144 144 145 146"
table2b_dual_staggered_return,6,4,26,3.513490977,3.513171604,0.000162269,20000,1330000,20260901,"144 144 145 146"
table2b_dual_staggered_return,6,4,27,3.513462406,3.513171604,0.000162269,20000,1330000,20260901,"144 144 145 146"
table2b_dual_staggered_return,6,4,28,3.513740602,3.513171604,0.000162269,20000,1330000,20260901,"144 144 145 146"
table2b_dual_staggered_return,6,4,29,3.513310526,3.513171604,0.000162269,20000,1330000,20260901,"144 144 145 146"
table2b_dual_staggered_return,6,4,30,3.513548120,3.513171604,0.000162269,20000,1330000,20260901,"144 144 145 146"
table2b_dual_staggered_return,6,5,1,4.101209774,4.101271203,0.000151763,20000,1330000,20260901,"144 144 145 146 147"
table2b_dual_staggered_return,6,5,2,4.101343609,4.101271203,0.000151763,20000,1330000,20260901,"144 144 145 146 147"
table2b_dual_staggered_return,6,5,3,4.101781955,4.101271203,0.000151763,20000,1330000,20260901,"144 144 145 146 147"
table2b_dual_staggered_return,6,5,4,4.100830827,4.101271203,0.000151763,20000,1330000,20260901,"144 144 145 146 147"
table2b_dual_staggered_return,6,5,5,4.101034586,4.101271203,0.000151763,20000,1330000,20260901,"144 144 145 146 147"
table2b_dual_staggered_return,6,5,6,4.100775188,4.101271203,0.000151763,20000,1330000,20260901,"144 144 145 146 147"
table2b_dual_staggered_return,6,5,7,4.100754135,4.101271203,0.000151763,20000,1330000,20260901,"144 144 145 146 147"
table2b_dual_staggered_return,6,5,8,4.100664662,4.101271203,0.000151763,20000,1330000,20260901,"144 144 145 146 147"
table2b_dual_staggered_return,6,5,9,4.101242857,4.101271203,0.000151763,20000,1330000,20260901,"144 144 145 146 147"
table2b_dual_staggered_return,6,5,10,4.100694737,4.101271203,0.000151763,20000,1330000,20260901,"144 144 145 146 147"
table2b_dual_staggered_return,6,5,11,4.102000752,4.101271203,0.000151763,20000,1330000,20260901,"144 144 145 146 147"
table2b_dual_staggered_return,6,5,12,4.101578947,4.101271203,0.000151763,20000,1330000,20260901,"144 144 145 146 147"
table2b_dual_staggered_return,6,5,13,4.100945865,4.101271203,0.000151763,20000,1330000,20260901,"144 144 145 146 147"
table2b_dual_staggered_return,6,5,14,4.101335338,4.101271203,0.000151763,20000,1330000,20260901,"144 144 145 146 147"
table2b_dual_staggered_return,6,5,15,4.101301504,4.101271203,0.000151763,20000,1330000,20260901,"144 144 145 146 147"
table2b_dual_staggered_return,6,5,16,4.101684962,4.101271203,0.000151763,20000,1330000,20260901,"144 144 145 146 147"
table2b_dual_staggered_return,6,5,17,4.101107519,4.101271203,0.000151763,20000,1330000,20260901,"144 144 145 146 147"
table2b_dual_staggered_return,6,5,18,4.100954887,4.101271203,0.000151763,20000,1330000,20260901,"144 144 145 146 147"
table2b_dual_staggered_return,6,5,19,4.101415038,4.101271203,0.000151763,20000,1330000,20260901,"144 144 145 146 147"
table2b_dual_staggered_return,6,5,20,4.101263910,4.101271203,0.000151763,20000,1330000,20260901,"144 144 145 146 147"
table2b_dual_staggered_return,6,5,21,4.100427820,4.101271203,0.000151763,20000,1330000,20260901,"144 144 145 146 147"
table2b_dual_staggered_return,6,5,22,4.101809774,4.101271203,0.000151763,20000,1330000,20260901,"144 144 145 146 147"
table2b_dual_staggered_return,6,5,23,4.101331579,4.101271203,0.000151763,20000,1330000,20260901,"144 144 145 146 147"
table2b_dual_staggered_return,6,5,24,4.101742105,4.101271203,0.000151763,20000,1330000,20260901,"144 144 145 146 147"
table2b_dual_staggered_return,6,5,25,4.101253383,4.101271203,0.000151763,20000,1330000,20260901,"144 144 145 146 147"
table2b_dual_staggered_return,6,5,26,4.101272932,4.101271203,0.000151763,20000,1330000,20260901,"144 144 145 146 147"
table2b_dual_staggered_return,6,5,27,4.101181203,4.101271203,0.000151763,20000,1330000,20260901,"144 144 145 146 147"
table2b_dual_staggered_return,6,5,28,4.101567669,4.101271203,0.000151763,20000,1330000,20260901,"144 144 145 146 147"
table2b_dual_staggered_return,6,5,29,4.101606015,4.101271203,0.000151763,20000,1330000,20260901,"144 144 145 146 147"
table2b_dual_staggered_return,6,5,30,4.102022556,4.101271203,0.000151763,20000,1330000,20260901,"144 144 145 146 147"
table2b_dual_staggered_return,6,6,1,4.567917293,4.568622155,0.000203787,20000,1330000,20260901,"144 144 145 146 147 148"
table2b_dual_staggered_return,6,6,2,4.568328571,4.568622155,0.000203787,20000,1330000,20260901,"144 144 145 146 147 148"
table2b_dual_staggered_return,6,6,3,4.568338346,4.568622155,0.000203787,20000,1330000,20260901,"144 144 145 146 147 148"
table2b_dual_staggered_return,6,6,4,4.568393233,4.568622155,0.000203787,20000,1330000,20260901,"144 144 145 146 147 148"
table2b_dual_staggered_return,6,6,5,4.568396241,4.568622155,0.000203787,20000,1330000,20260901,"144 144 145 146 147 148"
table2b_dual_staggered_return,6,6,6,4.568457895,4.568622155,0.000203787,20000,1330000,20260901,"144 144 145 146 147 148"
table2b_dual_staggered_return,6,6,7,4.568207519,4.568622155,0.000203787,20000,1330000,20260901,"144 144 145 146 147 148"
table2b_dual_staggered_return,6,6,8,4.568053383,4.568622155,0.000203787,20000,1330000,20260901,"144 144 145 146 147 148"
table2b_dual_staggered_return,6,6,9,4.568721053,4.568622155,0.000203787,20000,1330000,20260901,"144 144 145 146 147 148"
table2b_dual_staggered_return,6,6,10,4.567990226,4.568622155,0.000203787,20000,1330000,20260901,"144 144 145 146 147 148"
table2b_dual_staggered_return,6,6,11,4.569492481,4.568622155,0.000203787,20000,1330000,20260901,"144 144 145 146 147 148"
table2b_dual_staggered_return,6,6,12,4.569766917,4.568622155,0.000203787,20000,1330000,20260901,"144 144 145 146 147 148"
table2b_dual_staggered_return,6,6,13,4.567785714,4.568622155,0.000203787,20000,1330000,20260901,"144 144 145 146 147 148"
table2b_dual_staggered_return,6,6,14,4.569078195,4.568622155,0.000203787,20000,1330000,20260901,"144 144 145 146 147 148"
table2b_dual_staggered_return,6,6,15,4.568228571,4.568622155,0.000203787,20000,1330000,20260901,"144 144 145 146 147 148"
table2b_dual_staggered_return,6,6,16,4.568780451,4.568622155,0.000203787,20000,1330000,20260901,"144 144 145 146 147 148"
table2b_dual_staggered_return,6,6,17,4.568348120,4.568622155,0.000203787,20000,1330000,20260901,"144 144 145 146 147 148"
table2b_dual_staggered_return,6,6,18,4.568617293,4.568622155,0.000203787,20000,1330000,20260901,"144 144 145 146 147 148"
table2b_dual_staggered_return,6,6,19,4.568593985,4.568622155,0.000203787,20000,1330000,20260901,"144 144 145 146 147 148"
table2b_dual_staggered_return,6,6,20,4.568384962,4.568622155,0.000203787,20000,1330000,20260901,"144 144 145 146 147 148"
table2b_dual_staggered_return,6,6,21,4.567851128,4.568622155,0.000203787,20000,1330000,20260901,"144 144 145 146 147 148"
table2b_dual_staggered_return,6,6,22,4.568572180,4.568622155,0.000203787,20000,1330000,20260901,"144 144 145 146 147 148"
table2b_dual_staggered_return,6,6,23,4.568997744,4.568622155,0.000203787,20000,1330000,20260901,"144 144 145 146 147 148"
table2b_dual_staggered_return,6,6,24,4.569453383,4.568622155,0.000203787,20000,1330000,20260901,"144 144 145 146 147 148"
table2b_dual_staggered_return,6,6,25,4.568681203,4.568622155,0.000203787,20000,1330000,20260901,"144 144 145 146 147 148"
table2b_dual_staggered_return,6,6,26,4.568110526,4.568622155,0.000203787,20000,1330000,20260901,"144 144 145 146 147 148"
table2b_dual_staggered_return,6,6,27,4.569187218,4.568622155,0.000203787,20000,1330000,20260901,"144 144 145 146 147 148"
table2b_dual_staggered_return,6,6,28,4.569142105,4.568622155,0.000203787,20000,1330000,20260901,"144 144 145 146 147 148"
table2b_dual_staggered_return,6,6,29,4.569098496,4.568622155,0.000203787,20000,1330000,20260901,"144 144 145 146 147 148"
table2b_dual_staggered_return,6,6,30,4.569690226,4.568622155,0.000203787,20000,1330000,20260901,"144 144 145 146 147 148"
table2b_dual_staggered_return,6,7,1,4.931913534,4.931815965,0.000251145,20000,1330000,20260901,"144 144 145 146 147 148 149"
table2b_dual_staggered_return,6,7,2,4.931005263,4.931815965,0.000251145,20000,1330000,20260901,"144 144 145 146 147 148 149"
table2b_dual_staggered_return,6,7,3,4.931409023,4.931815965,0.000251145,20000,1330000,20260901,"144 144 145 146 147 148 149"
table2b_dual_staggered_return,6,7,4,4.931742857,4.931815965,0.000251145,20000,1330000,20260901,"144 144 145 146 147 148 149"
table2b_dual_staggered_return,6,7,5,4.931466917,4.931815965,0.000251145,20000,1330000,20260901,"144 144 145 146 147 148 149"
table2b_dual_staggered_return,6,7,6,4.932425564,4.931815965,0.000251145,20000,1330000,20260901,"144 144 145 146 147 148 149"
table2b_dual_staggered_return,6,7,7,4.931516541,4.931815965,0.000251145,20000,1330000,20260901,"144 144 145 146 147 148 149"
table2b_dual_staggered_return,6,7,8,4.931592481,4.931815965,0.000251145,20000,1330000,20260901,"144 144 145 146 147 148 149"
table2b_dual_staggered_return,6,7,9,4.932294737,4.931815965,0.000251145,20000,1330000,20260901,"144 144 145 146 147 148 149"
table2b_dual_staggered_return,6,7,10,4.931078947,4.931815965,0.000251145,20000,1330000,20260901,"144 144 145 146 147 148 149"
table2b_dual_staggered_return,6,7,11,4.932584211,4.931815965,0.000251145,20000,1330000,20260901,"144 144 145 146 147 148 149"
table2b_dual_staggered_return,6,7,12,4.932899248,4.931815965,0.000251145,20000,1330000,20260901,"144 144 145 146 147 148 149"
table2b_dual_staggered_return,6,7,13,4.931598496,4.931815965,0.000251145,20000,1330000,20260901,"144 144 145 146 147 148 149"
table2b_dual_staggered_return,6,7,14,4.931690226,4.931815965,0.000251145,20000,1330000,20260901,"144 144 145 146 147 148 149"
table2b_dual_staggered_return,6,7,15,4.931235338,4.931815965,0.000251145,20000,1330000,20260901,"144 144 145 146 147 148 149"
table2b_dual_staggered_return,6,7,16,4.931957143,4.931815965,0.000251145,20000,1330000,20260901,"144 144 145 146 147 148 149"
table2b_dual_staggered_return,6,7,17,4.931142105,4.931815965,0.000251145,20000,1330000,20260901,"144 144 145 146 147 148 149"
table2b_dual_staggered_return,6,7,18,4.931469173,4.931815965,0.000251145,20000,1330000,20260901,"144 144 145 146 147 148 149"
table2b_dual_staggered_return,6,7,19,4.931284962,4.931815965,0.000251145,20000,1330000,20260901,"144 144 145 146 147 148 149"
table2b_dual_staggered_return,6,7,20,4.931533083,4.931815965,0.000251145,20000,1330000,20260901,"144 144 145 146 147 148 149"
table2b_dual_staggered_return,6,7,21,4.930261654,4.931815965,0.000251145,20000,1330000,20260901,"144 144 145 146 147 148 149"
table2b_dual_staggered_return,6,7,22,4.931333083,4.931815965,0.000251145,20000,1330000,20260901,"144 144 145 146 147 148 149"
table2b_dual_staggered_return,6,7,23,4.932222556,4.931815965,0.000251145,20000,1330000,20260901,"144 144 145 146 147 148 149"
table2b_dual_staggered_return,6,7,24,4.933333083,4.931815965,0.000251145,20000,1330000,20260901,"144 144 145 146 147 148 149"
table2b_dual_staggered_return,6,7,25,4.931942857,4.931815965,0.000251145,20000,1330000,20260901,"144 144 145 146 147 148 149"
table2b_dual_staggered_return,6,7,26,4.931433835,4.931815965,0.000251145,20000,1330000,20260901,"144 144 145 146 147 148 149"
table2b_dual_staggered_return,6,7,27,4.932632331,4.931815965,0.000251145,20000,1330000,20260901,"144 144 145 146 147 148 149"
table2b_dual_staggered_return,6,7,28,4.932044361,4.931815965,0.000251145,20000,1330000,20260901,"144 144 145 146 147 148 149"
table2b_dual_staggered_return,6,7,29,4.932460150,4.931815965,0.000251145,20000,1330000,20260901,"144 144 145 146 147 148 149"
table2b_dual_staggered_return,6,7,30,4.932975188,4.931815965,0.000251145,20000,1330000,20260901,"144 144 145 146 147 148 149"
table2b_dual_staggered_return,6,8,1,5.209155639,5.208926742,0.000237471,20000,1330000,20260901,"144 144 145 146 147 148 149 150"
table2b_dual_staggered_return,6,8,2,5.208372180,5.208926742,0.000237471,20000,1330000,20260901,"144 144 145 146 147 148 149 150"
table2b_dual_staggered_return,6,8,3,5.209029323,5.208926742,0.000237471,20000,1330000,20260901,"144 144 145 146 147 148 149 150"
table2b_dual_staggered_return,6,8,4,5.209184962,5.208926742,0.000237471,20000,1330000,20260901,"144 144 145 146 147 148 149 150"
table2b_dual_staggered_return,6,8,5,5.208631579,5.208926742,0.000237471,20000,1330000,20260901,"144 144 145 146 147 148 149 150"
table2b_dual_staggered_return,6,8,6,5.209899248,5.208926742,0.000237471,20000,1330000,20260901,"144 144 145 146 147 148 149 150"
table2b_dual_staggered_return,6,8,7,5.207970677,5.208926742,0.000237471,20000,1330000,20260901,"144 144 145 146 147 148 149 150"
table2b_dual_staggered_return,6,8,8,5.208749624,5.208926742,0.000237471,20000,1330000,20260901,"144 144 145 146 147 148 149 150"
table2b_dual_staggered_return,6,8,9,5.209495489,5.208926742,0.000237471,20000,1330000,20260901,"144 144 145 146 147 148 149 150"
table2b_dual_staggered_return,6,8,10,5.208373684,5.208926742,0.000237471,20000,1330000,20260901,"144 144 145 146 147 148 149 150"
table2b_dual_staggered_return,6,8,11,5.209566165,5.208926742,0.000237471,20000,1330000,20260901,"144 144 145 146 147 148 149 150"
table2b_dual_staggered_return,6,8,12,5.209287218,5.208926742,0.000237471,20000,1330000,20260901,"144 144 145 146 147 148 149 150"
table2b_dual_staggered_return,6,8,13,5.209242105,5.208926742,0.000237471,20000,1330000,20260901,"144 144 145 146 147 148 149 150"
table2b_dual_staggered_return,6,8,14,5.209084962,5.208926742,0.000237471,20000,1330000,20260901,"144 144 145 146 147 148 149 150"
table2b_dual_staggered_return,6,8,15,5.208396241,5.208926742,0.000237471,20000,1330000,20260901,"144 144 145 146 147 148 149 150"
table2b_dual_staggered_return,6,8,16,5.208437594,5.208926742,0.000237471,20000,1330000,20260901,"144 144 145 146 147 148 149 150"
table2b_dual_staggered_return,6,8,17,5.207881955,5.208926742,0.000237471,20000,1330000,20260901,"144 144 145 146 147 148 149 150"
table2b_dual_staggered_return,6,8,18,5.208618045,5.208926742,0.000237471,20000,1330000,20260901,"144 144 145 146 147 148 149 150"
table2b_dual_staggered_return,6,8,19,5.208481955,5.208926742,0.000237471,20000,1330000,20260901,"144 144 145 146 147 148 149 150"
table2b_dual_staggered_return,6,8,20,5.208660902,5.208926742,0.000237471,20000,1330000,20260901,"144 144 145 146 147 148 149 150"
table2b_dual_staggered_return,6,8,21,5.207788722,5.208926742,0.000237471,20000,1330000,20260901,"144 144 145 146 147 148 149 150"
table2b_dual_staggered_return,6,8,22,5.208807519,5.208926742,0.000237471,20000,1330000,20260901,"144 144 145 146 147 148 149 150"
table2b_dual_staggered_return,6,8,23,5.208952632,5.208926742,0.000237471,20000,1330000,20260901,"144 144 145 146 147 148 149 150"
table2b_dual_staggered_return,6,8,24,5.209875188,5.208926742,0.000237471,20000,1330000,20260901,"144 144 145 146 147 148 149 150"
table2b_dual_staggered_return,6,8,25,5.209407519,5.208926742,0.000237471,20000,1330000,20260901,"144 144 145 146 147 148 149 150"
table2b_dual_staggered_return,6,8,26,5.208009023,5.208926742,0.000237471,20000,1330000,20260901,"144 144 145 146 147 148 149 150"
table2b_dual_staggered_return,6,8,27,5.210009774,5.208926742,0.000237471,20000,1330000,20260901,"144 144 145 146 147 148 149 150"
table2b_dual_staggered_return,6,8,28,5.208901504,5.208926742,0.000237471,20000,1330000,20260901,"144 144 145 146 147 148 149 150"
table2b_dual_staggered_return,6,8,29,5.209463910,5.208926742,0.000237471,20000,1330000,20260901,"144 144 145 146 147 148 149 150"
table2b_dual_staggered_return,6,8,30,5.210066917,5.208926742,0.000237471,20000,1330000,20260901,"144 144 145 146 147 148 149 150"
table2b_dual_staggered_return,6,9,1,5.417864662,5.417739273,0.000237962,20000,1330000,20260901,"144 144 145 146 147 148 149 150 151"
table2b_dual_staggered_return,6,9,2,5.416823308,5.417739273,0.000237962,20000,1330000,20260901,"144 144 145 146 147 148 149 150 151"
table2b_dual_staggered_return,6,9,3,5.417712030,5.417739273,0.000237962,20000,1330000,20260901,"144 144 145 146 147 148 149 150 151"
table2b_dual_staggered_return,6,9,4,5.418029323,5.417739273,0.000237962,20000,1330000,20260901,"144 144 145 146 147 148 149 150 151"
table2b_dual_staggered_return,6,9,5,5.417822556,5.417739273,0.000237962,20000,1330000,20260901,"144 144 145 146 147 148 149 150 151"
table2b_dual_staggered_return,6,9,6,5.419009774,5.417739273,0.000237962,20000,1330000,20260901,"144 144 145 146 147 148 149 150 151"
table2b_dual_staggered_return,6,9,7,5.416355639,5.417739273,0.000237962,20000,1330000,20260901,"144 144 145 146 147 148 149 150 151"
table2b_dual_staggered_return,6,9,8,5.417598496,5.417739273,0.000237962,20000,1330000,20260901,"144 144 145 146 147 148 149 150 151"
table2b_dual_staggered_return,6,9,9,5.418495489,5.417739273,0.000237962,20000,1330000,20260901,"144 144 145 146 147 148 149 150 151"
table2b_dual_staggered_return,6,9,10,5.417484962,5.417739273,0.000237962,20000,1330000,20260901,"144 144 145 146 147 148 149 150 151"
table2b_dual_staggered_return,6,9,11,5.418603759,5.417739273,0.000237962,20000,1330000,20260901,"144 144 145 146 147 148 149 150 151"
table2b_dual_staggered_return,6,9,12,5.417431579,5.417739273,0.000237962,20000,1330000,20260901,"144 144 145 146 147 148 149 150 151"
table2b_dual_staggered_return,6,9,13,5.417709023,5.417739273,0.000237962,20000,1330000,20260901,"144 144 145 146 147 148 149 150 151"
table2b_dual_staggered_return,6,9,14,5.417693233,5.417739273,0.000237962,20000,1330000,20260901,"144 144 145 146 147 148 149 150 151"
table2b_dual_staggered_return,6,9,15,5.416997744,5.417739273,0.000237962,20000,1330000,20260901,"144 144 145 146 147 148 149 150 151"
table2b_dual_staggered_return,6,9,16,5.417333835,5.417739273,0.000237962,20000,1330000,20260901,"144 144 145 146 147 148 149 150 151"
table2b_dual_staggered_return,6,9,17,5.417036842,5.417739273,0.000237962,20000,1330000,20260901,"144 144 145 146 147 148 149 150 151"
table2b_dual_staggered_return,6,9,18,5.417783459,5.417739273,0.000237962,20000,1330000,20260901,"144 144 145 146 147 148 149 150 151"
table2b_dual_staggered_return,6,9,19,5.417275188,5.417739273,0.000237962,20000,1330000,20260901,"144 144 145 146 147 148 149 150 151"
table2b_dual_staggered_return,6,9,20,5.417817293,5.417739273,0.000237962,20000,1330000,20260901,"144 144 145 146 147 148 149 150 151"
table2b_dual_staggered_return,6,9,21,5.416641353,5.417739273,0.000237962,20000,1330000,20260901,"144 144 145 146 147 148 149 150 151"
table2b_dual_staggered_return,6,9,22,5.418023308,5.417739273,0.000237962,20000,1330000,20260901,"144 144 145 146 147 148 149 150 151"
table2b_dual_staggered_return,6,9,23,5.417668421,5.417739273,0.000237962,20000,1330000,20260901,"144 144 145 146 147 148 149 150 151"
table2b_dual_staggered_return,6,9,24,5.418261654,5.417739273,0.000237962,20000,1330000,20260901,"144 144 145 146 147 148 149 150 151"
table2b_dual_staggered_return,6,9,25,5.417915038,5.417739273,0.000237962,20000,1330000,20260901,"144 144 145 146 147 148 149 150 151"
table2b_dual_staggered_return,6,9,26,5.417213534,5.417739273,0.000237962,20000,1330000,20260901,"144 144 145 146 147 148 149 150 151"
table2b_dual_staggered_return,6,9,27,5.418880451,5.417739273,0.000237962,20000,1330000,20260901,"144 144 145 146 147 148 149 150 151"
table2b_dual_staggered_return,6,9,28,5.418195489,5.417739273,0.000237962,20000,1330000,20260901,"144 144 145 146 147 148 149 150 151"
table2b_dual_staggered_return,6,9,29,5.417767669,5.417739273,0.000237962,20000,1330000,20260901,"144 144 145 146 147 148 149 150 151"
table2b_dual_staggered_return,6,9,30,5.418733083,5.417739273,0.000237962,20000,1330000,20260901,"144 144 145 146 147 148 149 150 151"
table2b_dual_staggered_return,7,3,1,2.844675188,2.843986692,0.000108574,20000,1330000,20260901,"164 164 165"
table2b_dual_staggered_return,7,3,2,2.843679699,2.843986692,0.000108574,20000,1330000,20260901,"164 164 165"
table2b_dual_staggered_return,7,3,3,2.844103759,2.843986692,0.000108574,20000,1330000,20260901,"164 164 165"
table2b_dual_staggered_return,7,3,4,2.843822556,2.843986692,0.000108574,20000,1330000,20260901,"164 164 165"
table2b_dual_staggered_return,7,3,5,2.843885714,2.843986692,0.000108574,20000,1330000,20260901,"164 164 165"
table2b_dual_staggered_return,7,3,6,2.844009774,2.843986692,0.000108574,20000,1330000,20260901,"164 164 165"
table2b_dual_staggered_return,7,3,7,2.843865414,2.843986692,0.000108574,20000,1330000,20260901,"164 164 165"
table2b_dual_staggered_return,7,3,8,2.843790977,2.843986692,0.000108574,20000,1330000,20260901,"164 164 165"
table2b_dual_staggered_return,7,3,9,2.843763910,2.843986692,0.000108574,20000,1330000,20260901,"164 164 165"
table2b_dual_staggered_return,7,3,10,2.844224060,2.843986692,0.000108574,20000,1330000,20260901,"164 164 165"
table2b_dual_staggered_return,7,3,11,2.844106015,2.843986692,0.000108574,20000,1330000,20260901,"164 164 165"
table2b_dual_staggered_return,7,3,12,2.843445113,2.843986692,0.000108574,20000,1330000,20260901,"164 164 165"
table2b_dual_staggered_return,7,3,13,2.843631579,2.843986692,0.000108574,20000,1330000,20260901,"164 164 165"
table2b_dual_staggered_return,7,3,14,2.843966165,2.843986692,0.000108574,20000,1330000,20260901,"164 164 165"
table2b_dual_staggered_return,7,3,15,2.844150376,2.843986692,0.000108574,20000,1330000,20260901,"164 164 165"
table2b_dual_staggered_return,7,3,16,2.843671429,2.843986692,0.000108574,20000,1330000,20260901,"164 164 165"
table2b_dual_staggered_return,7,3,17,2.843952632,2.843986692,0.000108574,20000,1330000,20260901,"164 164 165"
table2b_dual_staggered_return,7,3,18,2.844158647,2.843986692,0.000108574,20000,1330000,20260901,"164 164 165"
table2b_dual_staggered_return,7,3,19,2.844127820,2.843986692,0.000108574,20000,1330000,20260901,"164 164 165"
table2b_dual_staggered_return,7,3,20,2.844337594,2.843986692,0.000108574,20000,1330000,20260901,"164 164 165"
table2b_dual_staggered_return,7,3,21,2.843800000,2.843986692,0.000108574,20000,1330000,20260901,"164 164 165"
table2b_dual_staggered_return,7,3,22,2.844524812,2.843986692,0.000108574,20000,1330000,20260901,"164 164 165"
table2b_dual_staggered_return,7,3,23,2.843949624,2.843986692,0.000108574,20000,1330000,20260901,"164 164 165"
table2b_dual_staggered_return,7,3,24,2.843877444,2.843986692,0.000108574,20000,1330000,20260901,"164 164 165"
table2b_dual_staggered_return,7,3,25,2.844596992,2.843986692,0.000108574,20000,1330000,20260901,"164 164 165"
table2b_dual_staggered_return,7,3,26,2.843910526,2.843986692,0.000108574,20000,1330000,20260901,"164 164 165"
table2b_dual_staggered_return,7,3,27,2.843851880,2.843986692,0.000108574,20000,1330000,20260901,"164 164 165"
table2b_dual_staggered_return,7,3,28,2.844202256,2.843986692,0.000108574,20000,1330000,20260901,"164 164 165"
table2b_dual_staggered_return,7,3,29,2.843593233,2.843986692,0.000108574,20000,1330000,20260901,"164 164 165"
table2b_dual_staggered_return,7,3,30,2.843925564,2.843986692,0.000108574,20000,1330000,20260901,"164 164 165"
table2b_dual_staggered_return,7,4,1,3.623498496,3.623875464,0.000100555,20000,1330000,20260901,"164 164 165 166"
table2b_dual_staggered_return,7,4,2,3.623863910,3.623875464,0.000100555,20000,1330000,20260901,"164 164 165 166"
table2b_dual_staggered_return,7,4,3,3.623999248,3.623875464,0.000100555,20000,1330000,20260901,"164 164 165 166"
table2b_dual_staggered_return,7,4,4,3.623981203,3.623875464,0.000100555,20000,1330000,20260901,"164 164 165 166"
table2b_dual_staggered_return,7,4,5,3.624226316,3.623875464,0.000100555,20000,1330000,20260901,"164 164 165 166"
table2b_dual_staggered_return,7,4,6,3.624164662,3.623875464,0.000100555,20000,1330000,20260901,"164 164 165 166"
table2b_dual_staggered_return,7,4,7,3.624452632,3.623875464,0.000100555,20000,1330000,20260901,"164 164 165 166"
table2b_dual_staggered_return,7,4,8,3.623539098,3.623875464,0.000100555,20000,1330000,20260901,"164 164 165 166"
table2b_dual_staggered_return,7,4,9,3.624075188,3.623875464,0.000100555,20000,1330000,20260901,"164 164 165 166"
table2b_dual_staggered_return,7,4,10,3.623976692,3.623875464,0.000100555,20000,1330000,20260901,"164 164 165 166"
table2b_dual_staggered_return,7,4,11,3.623848120,3.623875464,0.000100555,20000,1330000,20260901,"164 164 165 166"
table2b_dual_staggered_return,7,4,12,3.623846617,3.623875464,0.000100555,20000,1330000,20260901,"164 164 165 166"
table2b_dual_staggered_return,7,4,13,3.623272932,3.623875464,0.000100555,20000,1330000,20260901,"164 164 165 166"
table2b_dual_staggered_return,7,4,14,3.624047368,3.623875464,0.000100555,20000,1330000,20260901,"164 164 165 166"
table2b_dual_staggered_return,7,4,15,3.623873684,3.623875464,0.000100555,20000,1330000,20260901,"164 164 165 166"
table2b_dual_staggered_return,7,4,16,3.623748872,3.623875464,0.000100555,20000,1330000,20260901,"164 164 165 166"
table2b_dual_staggered_return,7,4,17,3.623633083,3.623875464,0.000100555,20000,1330000,20260901,"164 164 165 166"
table2b_dual_staggered_return,7,4,18,3.623946617,3.623875464,0.000100555,20000,1330000,20260901,"164 164 165 166"
table2b_dual_staggered_return,7,4,19,3.624002256,3.623875464,0.000100555,20000,1330000,20260901,"164 164 165 166"
table2b_dual_staggered_return,7,4,20,3.624136090,3.623875464,0.000100555,20000,1330000,20260901,"164 164 165 166"
table2b_dual_staggered_return,7,4,21,3.623819549,3.623875464,0.000100555,20000,1330000,20260901,"164 164 165 166"
table2b_dual_staggered_return,7,4,22,3.624377444,3.623875464,0.000100555,20000,1330000,20260901,"164 164 165 166"
table2b_dual_staggered_return,7,4,23,3.624048120,3.623875464,0.000100555,20000,1330000,20260901,"164 164 165 166"
table2b_dual_staggered_return,7,4,24,3.623847368,3.623875464,0.000100555,20000,1330000,20260901,"164 164 165 166"
table2b_dual_staggered_return,7,4,25,3.623905263,3.623875464,0.000100555,20000,1330000,20260901,"164 164 165 166"
table2b_dual_staggered_return,7,4,26,3.623768421,3.623875464,0.000100555,20000,1330000,20260901,"164 164 165 166"
table2b_dual_staggered_return,7,4,27,3.623431579,3.623875464,0.000100555,20000,1330000,20260901,"164 164 165 166"
table2b_dual_staggered_return,7,4,28,3.623586466,3.623875464,0.000100555,20000,1330000,20260901,"164 164 165 166"
table2b_dual_staggered_return,7,4,29,3.623753383,3.623875464,0.000100555,20000,1330000,20260901,"164 164 165 166"
table2b_dual_staggered_return,7,4,30,3.623593233,3.623875464,0.000100555,20000,1330000,20260901,"164 164 165 166"
table2b_dual_staggered_return,7,5,1,4.292653383,4.292418947,0.000176229,20000,1330000,20260901,"164 164 165 166 167"
table2b_dual_staggered_return,7,5,2,4.292560150,4.292418947,0.000176229,20000,1330000,20260901,"164 164 165 166 167"
table2b_dual_staggered_return,7,5,3,4.292033083,4.292418947,0.000176229,20000,1330000,20260901,"164 164 165 166 167"
table2b_dual_staggered_return,7,5,4,4.292116541,4.292418947,0.000176229,20000,1330000,20260901,"164 164 165 166 167"
table2b_dual_staggered_return,7,5,5,4.292467669,4.292418947,0.000176229,20000,1330000,20260901,"164 164 165 166 167"
table2b_dual_staggered_return,7,5,6,4.293030075,4.292418947,0.000176229,20000,1330000,20260901,"164 164 165 166 167"
table2b_dual_staggered_return,7,5,7,4.293310526,4.292418947,0.000176229,20000,1330000,20260901,"164 164 165 166 167"
table2b_dual_staggered_return,7,5,8,4.292397744,4.292418947,0.000176229,20000,1330000,20260901,"164 164 165 166 167"
table2b_dual_staggered_return,7,5,9,4.293161654,4.292418947,0.000176229,20000,1330000,20260901,"164 164 165 166 167"
table2b_dual_staggered_return,7,5,10,4.293016541,4.292418947,0.000176229,20000,1330000,20260901,"164 164 165 166 167"
table2b_dual_staggered_return,7,5,11,4.292248872,4.292418947,0.000176229,20000,1330000,20260901,"164 164 165 166 167"
table2b_dual_staggered_return,7,5,12,4.292915789,4.292418947,0.000176229,20000,1330000,20260901,"164 164 165 166 167"
table2b_dual_staggered_return,7,5,13,4.290954135,4.292418947,0.000176229,20000,1330000,20260901,"164 164 165 166 167"
table2b_dual_staggered_return,7,5,14,4.292700000,4.292418947,0.000176229,20000,1330000,20260901,"164 164 165 166 167"
table2b_dual_staggered_return,7,5,15,4.292521053,4.292418947,0.000176229,20000,1330000,20260901,"164 164 165 166 167"
table2b_dual_staggered_return,7,5,16,4.291875940,4.292418947,0.000176229,20000,1330000,20260901,"164 164 165 166 167"
table2b_dual_staggered_return,7,5,17,4.292224812,4.292418947,0.000176229,20000,1330000,20260901,"164 164 165 166 167"
table2b_dual_staggered_return,7,5,18,4.292637594,4.292418947,0.000176229,20000,1330000,20260901,"164 164 165 166 167"
table2b_dual_staggered_return,7,5,19,4.292613534,4.292418947,0.000176229,20000,1330000,20260901,"164 164 165 166 167"
table2b_dual_staggered_return,7,5,20,4.292636090,4.292418947,0.000176229,20000,1330000,20260901,"164 164 165 166 167"
table2b_dual_staggered_return,7,5,21,4.291846617,4.292418947,0.000176229,20000,1330000,20260901,"164 164 165 166 167"
table2b_dual_staggered_return,7,5,22,4.292530075,4.292418947,0.000176229,20000,1330000,20260901,"164 164 165 166 167"
table2b_dual_staggered_return,7,5,23,4.292678195,4.292418947,0.000176229,20000,1330000,20260901,"164 164 165 166 167"
table2b_dual_staggered_return,7,5,24,4.292272932,4.292418947,0.000176229,20000,1330000,20260901,"164 164 165 166 167"
table2b_dual_staggered_return,7,5,25,4.292390226,4.292418947,0.000176229,20000,1330000,20260901,"164 164 165 166 167"
table2b_dual_staggered_return,7,5,26,4.291921805,4.292418947,0.000176229,20000,1330000,20260901,"164 164 165 166 167"
table2b_dual_staggered_return,7,5,27,4.292130827,4.292418947,0.000176229,20000,1330000,20260901,"164 164 165 166 167"
table2b_dual_staggered_return,7,5,28,4.292110526,4.292418947,0.000176229,20000,1330000,20260901,"164 164 165 166 167"
table2b_dual_staggered_return,7,5,29,4.292628571,4.292418947,0.000176229,20000,1330000,20260901,"164 164 165 166 167"
table2b_dual_staggered_return,7,5,30,4.291983459,4.292418947,0.000176229,20000,1330000,20260901,"164 164 165 166 167"
table2b_dual_staggered_return,7,6,1,4.852222556,4.851905689,0.000233828,20000,1330000,20260901,"164 164 165 166 167 168"
table2b_dual_staggered_return,7,6,2,4.852209023,4.851905689,0.000233828,20000,1330000,20260901,"164 164 165 166 167 168"
table2b_dual_staggered_return,7,6,3,4.851060150,4.851905689,0.000233828,20000,1330000,20260901,"164 164 165 166 167 168"
table2b_dual_staggered_return,7,6,4,4.851461654,4.851905689,0.000233828,20000,1330000,20260901,"164 164 165 166 167 168"
table2b_dual_staggered_return,7,6,5,4.852477444,4.851905689,0.000233828,20000,1330000,20260901,"164 164 165 166 167 168"
table2b_dual_staggered_return,7,6,6,4.852626316,4.851905689,0.000233828,20000,1330000,20260901,"164 164 165 166 167 168"
table2b_dual_staggered_return,7,6,7,4.853424060,4.851905689,0.000233828,20000,1330000,20260901,"164 164 165 166 167 168"
table2b_dual_staggered_return,7,6,8,4.851824812,4.851905689,0.000233828,20000,1330000,20260901,"164 164 165 166 167 168"
table2b_dual_staggered_return,7,6,9,4.852832331,4.851905689,0.000233828,20000,1330000,20260901,"164 164 165 166 167 168"
table2b_dual_staggered_return,7,6,10,4.852722556,4.851905689,0.000233828,20000,1330000,20260901,"164 164 165 166 167 168"
table2b_dual_staggered_return,7,6,11,4.851678195,4.851905689,0.000233828,20000,1330000,20260901,"164 164 165 166 167 168"
table2b_dual_staggered_return,7,6,12,4.851980451,4.851905689,0.000233828,20000,1330000,20260901,"164 164 165 166 167 168"
table2b_dual_staggered_return,7,6,13,4.850351880,4.851905689,0.000233828,20000,1330000,20260901,"164 164 165 166 167 168"
table2b_dual_staggered_return,7,6,14,4.852390226,4.851905689,0.000233828,20000,1330000,20260901,"164 164 165 166 167 168"
table2b_dual_staggered_return,7,6,15,4.851994737,4.851905689,0.000233828,20000,1330000,20260901,"164 164 165 166 167 168"
table2b_dual_staggered_return,7,6,16,4.851484962,4.851905689,0.000233828,20000,1330000,20260901,"164 164 165 166 167 168"
table2b_dual_staggered_return,7,6,17,4.851375940,4.851905689,0.000233828,20000,1330000,20260901,"164 164 165 166 167 168"
table2b_dual_staggered_return,7,6,18,4.851949624,4.851905689,0.000233828,20000,1330000,20260901,"164 164 165 166 167 168"
table2b_dual_staggered_return,7,6,19,4.851852632,4.851905689,0.000233828,20000,1330000,20260901,"164 164 165 166 167 168"
table2b_dual_staggered_return,7,6,20,4.852321805,4.851905689,0.000233828,20000,1330000,20260901,"164 164 165 166 167 168"
table2b_dual_staggered_return,7,6,21,4.851905263,4.851905689,0.000233828,20000,1330000,20260901,"164 164 165 166 167 168"
table2b_dual_staggered_return,7,6,22,4.851684211,4.851905689,0.000233828,20000,1330000,20260901,"164 164 165 166 167 168"
table2b_dual_staggered_return,7,6,23,4.851758647,4.851905689,0.000233828,20000,1330000,20260901,"164 164 165 166 167 168"
table2b_dual_staggered_return,7,6,24,4.850911278,4.851905689,0.000233828,20000,1330000,20260901,"164 164 165 166 167 168"
table2b_dual_staggered_return,7,6,25,4.851402256,4.851905689,0.000233828,20000,1330000,20260901,"164 164 165 166 167 168"
table2b_dual_staggered_return,7,6,26,4.851803008,4.851905689,0.000233828,20000,1330000,20260901,"164 164 165 166 167 168"
table2b_dual_staggered_return,7,6,27,4.852485714,4.851905689,0.000233828,20000,1330000,20260901,"164 164 165 166 167 168"
table2b_dual_staggered_return,7,6,28,4.851267669,4.851905689,0.000233828,20000,1330000,20260901,"164 164 165 166 167 168"
table2b_dual_staggered_return,7,6,29,4.852139850,4.851905689,0.000233828,20000,1330000,20260901,"164 164 165 166 167 168"
table2b_dual_staggered_return,7,6,30,4.851571429,4.851905689,0.000233828,20000,1330000,20260901,"164 164 165 166 167 168"
table2b_dual_staggered_return,7,7,1,5.311965414,5.310965890,0.000255627,20000,1330000,20260901,"164 164 165 166 167 168 169"
table2b_dual_staggered_return,7,7,2,5.311612782,5.310965890,0.000255627,20000,1330000,20260901,"164 164 165 166 167 168 169"
table2b_dual_staggered_return,7,7,3,5.310430075,5.310965890,0.000255627,20000,1330000,20260901,"164 164 165 166 167 168 169"
table2b_dual_staggered_return,7,7,4,5.309903008,5.310965890,0.000255627,20000,1330000,20260901,"164 164 165 166 167 168 169"
table2b_dual_staggered_return,7,7,5,5.310984962,5.310965890,0.000255627,20000,1330000,20260901,"164 164 165 166 167 168 169"
table2b_dual_staggered_return,7,7,6,5.311687218,5.310965890,0.000255627,20000,1330000,20260901,"164 164 165 166 167 168 169"
table2b_dual_staggered_return,7,7,7,5.312057143,5.310965890,0.000255627,20000,1330000,20260901,"164 164 165 166 167 168 169"
table2b_dual_staggered_return,7,7,8,5.311585714,5.310965890,0.000255627,20000,1330000,20260901,"164 164 165 166 167 168 169"
table2b_dual_staggered_return,7,7,9,5.311685714,5.310965890,0.000255627,20000,1330000,20260901,"164 164 165 166 167 168 169"
table2b_dual_staggered_return,7,7,10,5.312347368,5.310965890,0.000255627,20000,1330000,20260901,"164 164 165 166 167 168 169"
table2b_dual_staggered_return,7,7,11,5.310487218,5.310965890,0.000255627,20000,1330000,20260901,"164 164 165 166 167 168 169"
table2b_dual_staggered_return,7,7,12,5.310990226,5.310965890,0.000255627,20000,1330000,20260901,"164 164 165 166 167 168 169"
table2b_dual_staggered_return,7,7,13,5.309987970,5.310965890,0.000255627,20000,1330000,20260901,"164 164 165 166 167 168 169"
table2b_dual_staggered_return,7,7,14,5.310773684,5.310965890,0.000255627,20000,1330000,20260901,"164 164 165 166 167 168 169"
table2b_dual_staggered_return,7,7,15,5.311385714,5.310965890,0.000255627,20000,1330000,20260901,"164 164 165 166 167 168 169"
table2b_dual_staggered_return,7,7,16,5.310641353,5.310965890,0.000255627,20000,1330000,20260901,"164 164 165 166 167 168 169"
table2b_dual_staggered_return,7,7,17,5.310127068,5.310965890,0.000255627,20000,1330000,20260901,"164 164 165 166 167 168 169"
table2b_dual_staggered_return,7,7,18,5.310475188,5.310965890,0.000255627,20000,1330000,20260901,"164 164 165 166 167 168 169"
table2b_dual_staggered_return,7,7,19,5.310642857,5.310965890,0.000255627,20000,1330000,20260901,"164 164 165 166 167 168 169"
table2b_dual_staggered_return,7,7,20,5.311793233,5.310965890,0.000255627,20000,1330000,20260901,"164 164 165 166 167 168 169"
table2b_dual_staggered_return,7,7,21,5.311545113,5.310965890,0.000255627,20000,1330000,20260901,"164 164 165 166 167 168 169"
table2b_dual_staggered_return,7,7,22,5.310400000,5.310965890,0.000255627,20000,1330000,20260901,"164 164 165 166 167 168 169"
table2b_dual_staggered_return,7,7,23,5.310670677,5.310965890,0.000255627,20000,1330000,20260901,"164 164 165 166 167 168 169"
table2b_dual_staggered_return,7,7,24,5.310742857,5.310965890,0.000255627,20000,1330000,20260901,"164 164 165 166 167 168 169"
table2b_dual_staggered_return,7,7,25,5.310492481,5.310965890,0.000255627,20000,1330000,20260901,"164 164 165 166 167 168 169"
table2b_dual_staggered_return,7,7,26,5.311277444,5.310965890,0.000255627,20000,1330000,20260901,"164 164 165 166 167 168 169"
table2b_dual_staggered_return,7,7,27,5.310854887,5.310965890,0.000255627,20000,1330000,20260901,"164 164 165 166 167 168 169"
table2b_dual_staggered_return,7,7,28,5.309646617,5.310965890,0.000255627,20000,1330000,20260901,"164 164 165 166 167 168 169"
table2b_dual_staggered_return,7,7,29,5.311135338,5.310965890,0.000255627,20000,1330000,20260901,"164 164 165 166 167 168 169"
table2b_dual_staggered_return,7,7,30,5.310647368,5.310965890,0.000255627,20000,1330000,20260901,"164 164 165 166 167 168 169"
table2b_dual_staggered_return,7,8,1,5.681856391,5.681451754,0.000248689,20000,1330000,20260901,"164 164 165 166 167 168 169 170"
table2b_dual_staggered_return,7,8,2,5.682585714,5.681451754,0.000248689,20000,1330000,20260901,"164 164 165 166 167 168 169 170"
table2b_dual_staggered_return,7,8,3,5.681516541,5.681451754,0.000248689,20000,1330000,20260901,"164 164 165 166 167 168 169 170"
table2b_dual_staggered_return,7,8,4,5.680758647,5.681451754,0.000248689,20000,1330000,20260901,"164 164 165 166 167 168 169 170"
table2b_dual_staggered_return,7,8,5,5.681556391,5.681451754,0.000248689,20000,1330000,20260901,"164 164 165 166 167 168 169 170"
table2b_dual_staggered_return,7,8,6,5.681662406,5.681451754,0.000248689,20000,1330000,20260901,"164 164 165 166 167 168 169 170"
table2b_dual_staggered_return,7,8,7,5.681872180,5.681451754,0.000248689,20000,1330000,20260901,"164 164 165 166 167 168 169 170"
table2b_dual_staggered_return,7,8,8,5.682036842,5.681451754,0.000248689,20000,1330000,20260901,"164 164 165 166 167 168 169 170"
table2b_dual_staggered_return,7,8,9,5.681927068,5.681451754,0.000248689,20000,1330000,20260901,"164 164 165 166 167 168 169 170"
table2b_dual_staggered_return,7,8,10,5.683035338,5.681451754,0.000248689,20000,1330000,20260901,"164 164 165 166 167 168 169 170"
table2b_dual_staggered_return,7,8,11,5.681205263,5.681451754,0.000248689,20000,1330000,20260901,"164 164 165 166 167 168 169 170"
table2b_dual_staggered_return,7,8,12,5.681108271,5.681451754,0.000248689,20000,1330000,20260901,"164 164 165 166 167 168 169 170"
table2b_dual_staggered_return,7,8,13,5.680024812,5.681451754,0.000248689,20000,1330000,20260901,"164 164 165 166 167 168 169 170"
table2b_dual_staggered_return,7,8,14,5.681548872,5.681451754,0.000248689,20000,1330000,20260901,"164 164 165 166 167 168 169 170"
table2b_dual_staggered_return,7,8,15,5.681872932,5.681451754,0.000248689,20000,1330000,20260901,"164 164 165 166 167 168 169 170"
table2b_dual_staggered_return,7,8,16,5.681030075,5.681451754,0.000248689,20000,1330000,20260901,"164 164 165 166 167 168 169 170"
table2b_dual_staggered_return,7,8,17,5.680972932,5.681451754,0.000248689,20000,1330000,20260901,"164 164 165 166 167 168 169 170"
table2b_dual_staggered_return,7,8,18,5.680876692,5.681451754,0.000248689,20000,1330000,20260901,"164 164 165 166 167 168 169 170"
table2b_dual_staggered_return,7,8,19,5.681642105,5.681451754,0.000248689,20000,1330000,20260901,"164 164 165 166 167 168 169 170"
table2b_dual_staggered_return,7,8,20,5.682221805,5.681451754,0.000248689,20000,1330000,20260901,"164 164 165 166 167 168 169 170"
table2b_dual_staggered_return,7,8,21,5.682012030,5.681451754,0.000248689,20000,1330000,20260901,"164 164 165 166 167 168 169 170"
table2b_dual_staggered_return,7,8,22,5.680863158,5.681451754,0.000248689,20000,1330000,20260901,"164 164 165 166 167 168 169 170"
table2b_dual_staggered_return,7,8,23,5.681448120,5.681451754,0.000248689,20000,1330000,20260901,"164 164 165 166 167 168 169 170"
table2b_dual_staggered_return,7,8,24,5.681592481,5.681451754,0.000248689,20000,1330000,20260901,"164 164 165 166 167 168 169 170"
table2b_dual_staggered_return,7,8,25,5.680491729,5.681451754,0.000248689,20000,1330000,20260901,"164 164 165 166 167 168 169 170"
table2b_dual_staggered_return,7,8,26,5.681706015,5.681451754,0.000248689,20000,1330000,20260901,"164 164 165 166 167 168 169 170"
table2b_dual_staggered_return,7,8,27,5.681304511,5.681451754,0.000248689,20000,1330000,20260901,"164 164 165 166 167 168 169 170"
table2b_dual_staggered_return,7,8,28,5.680045865,5.681451754,0.000248689,20000,1330000,20260901,"164 164 165 166 167 168 169 170"
table2b_dual_staggered_return,7,8,29,5.681688722,5.681451754,0.000248689,20000,1330000,20260901,"164 164 165 166 167 168 169 170"
table2b_dual_staggered_return,7,8,30,5.681088722,5.681451754,0.000248689,20000,1330000,20260901,"164 164 165 166 167 168 169 170"
table2b_dual_staggered_return,7,9,1,5.977918045,5.977074937,0.000265939,20000,1330000,20260901,"164 164 165 166 167 168 169 170 171"
table2b_dual_staggered_return,7,9,2,5.977881955,5.977074937,0.000265939,20000,1330000,20260901,"164 164 165 166 167 168 169 170 171"
table2b_dual_staggered_return,7,9,3,5.976716541,5.977074937,0.000265939,20000,1330000,20260901,"164 164 165 166 167 168 169 170 171"
table2b_dual_staggered_return,7,9,4,5.976842857,5.977074937,0.000265939,20000,1330000,20260901,"164 164 165 166 167 168 169 170 171"
table2b_dual_staggered_return,7,9,5,5.977407519,5.977074937,0.000265939,20000,1330000,20260901,"164 164 165 166 167 168 169 170 171"
table2b_dual_staggered_return,7,9,6,5.977015038,5.977074937,0.000265939,20000,1330000,20260901,"164 164 165 166 167 168 169 170 171"
table2b_dual_staggered_return,7,9,7,5.977240602,5.977074937,0.000265939,20000,1330000,20260901,"164 164 165 166 167 168 169 170 171"
table2b_dual_staggered_return,7,9,8,5.978367669,5.977074937,0.000265939,20000,1330000,20260901,"164 164 165 166 167 168 169 170 171"
table2b_dual_staggered_return,7,9,9,5.977503008,5.977074937,0.000265939,20000,1330000,20260901,"164 164 165 166 167 168 169 170 171"
table2b_dual_staggered_return,7,9,10,5.978330827,5.977074937,0.000265939,20000,1330000,20260901,"164 164 165 166 167 168 169 170 171"
table2b_dual_staggered_return,7,9,11,5.976800752,5.977074937,0.000265939,20000,1330000,20260901,"164 164 165 166 167 168 169 170 171"
table2b_dual_staggered_return,7,9,12,5.977056391,5.977074937,0.000265939,20000,1330000,20260901,"164 164 165 166 167 168 169 170 171"
table2b_dual_staggered_return,7,9,13,5.975966165,5.977074937,0.000265939,20000,1330000,20260901,"164 164 165 166 167 168 169 170 171"
table2b_dual_staggered_return,7,9,14,5.976867669,5.977074937,0.000265939,20000,1330000,20260901,"164 164 165 166 167 168 169 170 171"
table2b_dual_staggered_return,7,9,15,5.977757895,5.977074937,0.000265939,20000,1330000,20260901,"164 164 165 166 167 168 169 170 171"
table2b_dual_staggered_return,7,9,16,5.976956391,5.977074937,0.000265939,20000,1330000,20260901,"164 164 165 166 167 168 169 170 171"
table2b_dual_staggered_return,7,9,17,5.976614286,5.977074937,0.000265939,20000,1330000,20260901,"164 164 165 166 167 168 169 170 171"
table2b_dual_staggered_return,7,9,18,5.976561654,5.977074937,0.000265939,20000,1330000,20260901,"164 164 165 166 167 168 169 170 171"
table2b_dual_staggered_return,7,9,19,5.976772932,5.977074937,0.000265939,20000,1330000,20260901,"164 164 165 166 167 168 169 170 171"
table2b_dual_staggered_return,7,9,20,5.977798496,5.977074937,0.000265939,20000,1330000,20260901,"164 164 165 166 167 168 169 170 171"
table2b_dual_staggered_return,7,9,21,5.977629323,5.977074937,0.000265939,20000,1330000,20260901,"164 164 165 166 167 168 169 170 171"
table2b_dual_staggered_return,7,9,22,5.976517293,5.977074937,0.000265939,20000,1330000,20260901,"164 164 165 166 167 168 169 170 171"
table2b_dual_staggered_return,7,9,23,5.976439098,5.977074937,0.000265939,20000,1330000,20260901,"164 164 165 166 167 168 169 170 171"
table2b_dual_staggered_return,7,9,24,5.977035338,5.977074937,0.000265939,20000,1330000,20260901,"164 164 165 166 167 168 169 170 171"
table2b_dual_staggered_return,7,9,25,5.975621805,5.977074937,0.000265939,20000,1330000,20260901,"164 164 165 166 167 168 169 170 171"
table2b_dual_staggered_return,7,9,26,5.977381955,5.977074937,0.000265939,20000,1330000,20260901,"164 164 165 166 167 168 169 170 171"
table2b_dual_staggered_return,7,9,27,5.977129323,5.977074937,0.000265939,20000,1330000,20260901,"164 164 165 166 167 168 169 170 171"
table2b_dual_staggered_return,7,9,28,5.975895489,5.977074937,0.000265939,20000,1330000,20260901,"164 164 165 166 167 168 169 170 171"
table2b_dual_staggered_return,7,9,29,5.978122556,5.977074937,0.000265939,20000,1330000,20260901,"164 164 165 166 167 168 169 170 171"
table2b_dual_staggered_return,7,9,30,5.976099248,5.977074937,0.000265939,20000,1330000,20260901,"164 164 165 166 167 168 169 170 171"
table2b_dual_staggered_return,8,3,1,2.878500752,2.878454887,0.000104695,20000,1330000,20260901,"184 184 185"
table2b_dual_staggered_return,8,3,2,2.878547368,2.878454887,0.000104695,20000,1330000,20260901,"184 184 185"
table2b_dual_staggered_return,8,3,3,2.878557143,2.878454887,0.000104695,20000,1330000,20260901,"184 184 185"
table2b_dual_staggered_return,8,3,4,2.878112782,2.878454887,0.000104695,20000,1330000,20260901,"184 184 185"
table2b_dual_staggered_return,8,3,5,2.878345865,2.878454887,0.000104695,20000,1330000,20260901,"184 184 185"
table2b_dual_staggered_return,8,3,6,2.877877444,2.878454887,0.000104695,20000,1330000,20260901,"184 184 185"
table2b_dual_staggered_return,8,3,7,2.878439850,2.878454887,0.000104695,20000,1330000,20260901,"184 184 185"
table2b_dual_staggered_return,8,3,8,2.878797744,2.878454887,0.000104695,20000,1330000,20260901,"184 184 185"
table2b_dual_staggered_return,8,3,9,2.878581955,2.878454887,0.000104695,20000,1330000,20260901,"184 184 185"
table2b_dual_staggered_return,8,3,10,2.877972180,2.878454887,0.000104695,20000,1330000,20260901,"184 184 185"
table2b_dual_staggered_return,8,3,11,2.878445865,2.878454887,0.000104695,20000,1330000,20260901,"184 184 185"
table2b_dual_staggered_return,8,3,12,2.878347368,2.878454887,0.000104695,20000,1330000,20260901,"184 184 185"
table2b_dual_staggered_return,8,3,13,2.878784962,2.878454887,0.000104695,20000,1330000,20260901,"184 184 185"
table2b_dual_staggered_return,8,3,14,2.878723308,2.878454887,0.000104695,20000,1330000,20260901,"184 184 185"
table2b_dual_staggered_return,8,3,15,2.878164662,2.878454887,0.000104695,20000,1330000,20260901,"184 184 185"
table2b_dual_staggered_return,8,3,16,2.878375940,2.878454887,0.000104695,20000,1330000,20260901,"184 184 185"
table2b_dual_staggered_return,8,3,17,2.878491729,2.878454887,0.000104695,20000,1330000,20260901,"184 184 185"
table2b_dual_staggered_return,8,3,18,2.878279699,2.878454887,0.000104695,20000,1330000,20260901,"184 184 185"
table2b_dual_staggered_return,8,3,19,2.879134586,2.878454887,0.000104695,20000,1330000,20260901,"184 184 185"
table2b_dual_staggered_return,8,3,20,2.878281955,2.878454887,0.000104695,20000,1330000,20260901,"184 184 185"
table2b_dual_staggered_return,8,3,21,2.878572180,2.878454887,0.000104695,20000,1330000,20260901,"184 184 185"
table2b_dual_staggered_return,8,3,22,2.879027820,2.878454887,0.000104695,20000,1330000,20260901,"184 184 185"
table2b_dual_staggered_return,8,3,23,2.878224060,2.878454887,0.000104695,20000,1330000,20260901,"184 184 185"
table2b_dual_staggered_return,8,3,24,2.878476692,2.878454887,0.000104695,20000,1330000,20260901,"184 184 185"
table2b_dual_staggered_return,8,3,25,2.878437594,2.878454887,0.000104695,20000,1330000,20260901,"184 184 185"
table2b_dual_staggered_return,8,3,26,2.878642857,2.878454887,0.000104695,20000,1330000,20260901,"184 184 185"
table2b_dual_staggered_return,8,3,27,2.878046617,2.878454887,0.000104695,20000,1330000,20260901,"184 184 185"
table2b_dual_staggered_return,8,3,28,2.878365414,2.878454887,0.000104695,20000,1330000,20260901,"184 184 185"
table2b_dual_staggered_return,8,3,29,2.878545113,2.878454887,0.000104695,20000,1330000,20260901,"184 184 185"
table2b_dual_staggered_return,8,3,30,2.878545113,2.878454887,0.000104695,20000,1330000,20260901,"184 184 185"
table2b_dual_staggered_return,8,4,1,3.701916541,3.701972782,0.000159530,20000,1330000,20260901,"184 184 185 186"
table2b_dual_staggered_return,8,4,2,3.702440602,3.701972782,0.000159530,20000,1330000,20260901,"184 184 185 186"
table2b_dual_staggered_return,8,4,3,3.701805263,3.701972782,0.000159530,20000,1330000,20260901,"184 184 185 186"
table2b_dual_staggered_return,8,4,4,3.701742105,3.701972782,0.000159530,20000,1330000,20260901,"184 184 185 186"
table2b_dual_staggered_return,8,4,5,3.702015038,3.701972782,0.000159530,20000,1330000,20260901,"184 184 185 186"
table2b_dual_staggered_return,8,4,6,3.700876692,3.701972782,0.000159530,20000,1330000,20260901,"184 184 185 186"
table2b_dual_staggered_return,8,4,7,3.701761654,3.701972782,0.000159530,20000,1330000,20260901,"184 184 185 186"
table2b_dual_staggered_return,8,4,8,3.702137594,3.701972782,0.000159530,20000,1330000,20260901,"184 184 185 186"
table2b_dual_staggered_return,8,4,9,3.701812782,3.701972782,0.000159530,20000,1330000,20260901,"184 184 185 186"
table2b_dual_staggered_return,8,4,10,3.701945113,3.701972782,0.000159530,20000,1330000,20260901,"184 184 185 186"
table2b_dual_staggered_return,8,4,11,3.701835338,3.701972782,0.000159530,20000,1330000,20260901,"184 184 185 186"
table2b_dual_staggered_return,8,4,12,3.702024812,3.701972782,0.000159530,20000,1330000,20260901,"184 184 185 186"
table2b_dual_staggered_return,8,4,13,3.702784962,3.701972782,0.000159530,20000,1330000,20260901,"184 184 185 186"
table2b_dual_staggered_return,8,4,14,3.702121053,3.701972782,0.000159530,20000,1330000,20260901,"184 184 185 186"
table2b_dual_staggered_return,8,4,15,3.701376692,3.701972782,0.000159530,20000,1330000,20260901,"184 184 185 186"
table2b_dual_staggered_return,8,4,16,3.702468421,3.701972782,0.000159530,20000,1330000,20260901,"184 184 185 186"
table2b_dual_staggered_return,8,4,17,3.702639098,3.701972782,0.000159530,20000,1330000,20260901,"184 184 185 186"
table2b_dual_staggered_return,8,4,18,3.701976692,3.701972782,0.000159530,20000,1330000,20260901,"184 184 185 186"
table2b_dual_staggered_return,8,4,19,3.702326316,3.701972782,0.000159530,20000,1330000,20260901,"184 184 185 186"
table2b_dual_staggered_return,8,4,20,3.702200752,3.701972782,0.000159530,20000,1330000,20260901,"184 184 185 186"
table2b_dual_staggered_return,8,4,21,3.702183459,3.701972782,0.000159530,20000,1330000,20260901,"184 184 185 186"
table2b_dual_staggered_return,8,4,22,3.702775188,3.701972782,0.000159530,20000,1330000,20260901,"184 184 185 186"
table2b_dual_staggered_return,8,4,23,3.701403008,3.701972782,0.000159530,20000,1330000,20260901,"184 184 185 186"
table2b_dual_staggered_return,8,4,24,3.701854887,3.701972782,0.000159530,20000,1330000,20260901,"184 184 185 186"
table2b_dual_staggered_return,8,4,25,3.701818045,3.701972782,0.000159530,20000,1330000,20260901,"184 184 185 186"
table2b_dual_staggered_return,8,4,26,3.702233083,3.701972782,0.000159530,20000,1330000,20260901,"184 184 185 186"
table2b_dual_staggered_return,8,4,27,3.701522556,3.701972782,0.000159530,20000,1330000,20260901,"184 184 185 186"
table2b_dual_staggered_return,8,4,28,3.701381955,3.701972782,0.000159530,20000,1330000,20260901,"184 184 185 186"
table2b_dual_staggered_return,8,4,29,3.701697744,3.701972782,0.000159530,20000,1330000,20260901,"184 184 185 186"
table2b_dual_staggered_return,8,4,30,3.702106015,3.701972782,0.000159530,20000,1330000,20260901,"184 184 185 186"
table2b_dual_staggered_return,8,5,1,4.431186466,4.431239749,0.000183929,20000,1330000,20260901,"184 184 185 186 187"
table2b_dual_staggered_return,8,5,2,4.431679699,4.431239749,0.000183929,20000,1330000,20260901,"184 184 185 186 187"
table2b_dual_staggered_return,8,5,3,4.431148872,4.431239749,0.000183929,20000,1330000,20260901,"184 184 185 186 187"
table2b_dual_staggered_return,8,5,4,4.431272932,4.431239749,0.000183929,20000,1330000,20260901,"184 184 185 186 187"
table2b_dual_staggered_return,8,5,5,4.431396241,4.431239749,0.000183929,20000,1330000,20260901,"184 184 185 186 187"
table2b_dual_staggered_return,8,5,6,4.430873684,4.431239749,0.000183929,20000,1330000,20260901,"184 184 185 186 187"
table2b_dual_staggered_return,8,5,7,4.431272932,4.431239749,0.000183929,20000,1330000,20260901,"184 184 185 186 187"
table2b_dual_staggered_return,8,5,8,4.431366165,4.431239749,0.000183929,20000,1330000,20260901,"184 184 185 186 187"
table2b_dual_staggered_return,8,5,9,4.430628571,4.431239749,0.000183929,20000,1330000,20260901,"184 184 185 186 187"
table2b_dual_staggered_return,8,5,10,4.431384211,4.431239749,0.000183929,20000,1330000,20260901,"184 184 185 186 187"
table2b_dual_staggered_return,8,5,11,4.430508271,4.431239749,0.000183929,20000,1330000,20260901,"184 184 185 186 187"
table2b_dual_staggered_return,8,5,12,4.431055639,4.431239749,0.000183929,20000,1330000,20260901,"184 184 185 186 187"
table2b_dual_staggered_return,8,5,13,4.431987218,4.431239749,0.000183929,20000,1330000,20260901,"184 184 185 186 187"
table2b_dual_staggered_return,8,5,14,4.431681955,4.431239749,0.000183929,20000,1330000,20260901,"184 184 185 186 187"
table2b_dual_staggered_return,8,5,15,4.430333083,4.431239749,0.000183929,20000,1330000,20260901,"184 184 185 186 187"
table2b_dual_staggered_return,8,5,16,4.431239850,4.431239749,0.000183929,20000,1330000,20260901,"184 184 185 186 187"
table2b_dual_staggered_return,8,5,17,4.431966165,4.431239749,0.000183929,20000,1330000,20260901,"184 184 185 186 187"
table2b_dual_staggered_return,8,5,18,4.431384962,4.431239749,0.000183929,20000,1330000,20260901,"184 184 185 186 187"
table2b_dual_staggered_return,8,5,19,4.432303759,4.431239749,0.000183929,20000,1330000,20260901,"184 184 185 186 187"
table2b_dual_staggered_return,8,5,20,4.431920301,4.431239749,0.000183929,20000,1330000,20260901,"184 184 185 186 187"
table2b_dual_staggered_return,8,5,21,4.431606015,4.431239749,0.000183929,20000,1330000,20260901,"184 184 185 186 187"
table2b_dual_staggered_return,8,5,22,4.431584962,4.431239749,0.000183929,20000,1330000,20260901,"184 184 185 186 187"
table2b_dual_staggered_return,8,5,23,4.430338346,4.431239749,0.000183929,20000,1330000,20260901,"184 184 185 186 187"
table2b_dual_staggered_return,8,5,24,4.431170677,4.431239749,0.000183929,20000,1330000,20260901,"184 184 185 186 187"
table2b_dual_staggered_return,8,5,25,4.431137594,4.431239749,0.000183929,20000,1330000,20260901,"184 184 185 186 187"
table2b_dual_staggered_return,8,5,26,4.431125564,4.431239749,0.000183929,20000,1330000,20260901,"184 184 185 186 187"
table2b_dual_staggered_return,8,5,27,4.430814286,4.431239749,0.000183929,20000,1330000,20260901,"184 184 185 186 187"
table2b_dual_staggered_return,8,5,28,4.430442105,4.431239749,0.000183929,20000,1330000,20260901,"184 184 185 186 187"
table2b_dual_staggered_return,8,5,29,4.431357143,4.431239749,0.000183929,20000,1330000,20260901,"184 184 185 186 187"
table2b_dual_staggered_return,8,5,30,4.431024812,4.431239749,0.000183929,20000,1330000,20260901,"184 184 185 186 187"
table2b_dual_staggered_return,8,6,1,5.064068421,5.063575990,0.000203860,20000,1330000,20260901,"184 184 185 186 187 188"
table2b_dual_staggered_return,8,6,2,5.063915789,5.063575990,0.000203860,20000,1330000,20260901,"184 184 185 186 187 188"
table2b_dual_staggered_return,8,6,3,5.062938346,5.063575990,0.000203860,20000,1330000,20260901,"184 184 185 186 187 188"
table2b_dual_staggered_return,8,6,4,5.063258647,5.063575990,0.000203860,20000,1330000,20260901,"184 184 185 186 187 188"
table2b_dual_staggered_return,8,6,5,5.063531579,5.063575990,0.000203860,20000,1330000,20260901,"184 184 185 186 187 188"
table2b_dual_staggered_return,8,6,6,5.063493233,5.063575990,0.000203860,20000,1330000,20260901,"184 184 185 186 187 188"
table2b_dual_staggered_return,8,6,7,5.063025564,5.063575990,0.000203860,20000,1330000,20260901,"184 184 185 186 187 188"
table2b_dual_staggered_return,8,6,8,5.063046617,5.063575990,0.000203860,20000,1330000,20260901,"184 184 185 186 187 188"
table2b_dual_staggered_return,8,6,9,5.063069925,5.063575990,0.000203860,20000,1330000,20260901,"184 184 185 186 187 188"
table2b_dual_staggered_return,8,6,10,5.063899248,5.063575990,0.000203860,20000,1330000,20260901,"184 184 185 186 187 188"
table2b_dual_staggered_return,8,6,11,5.063303008,5.063575990,0.000203860,20000,1330000,20260901,"184 184 185 186 187 188"
table2b_dual_staggered_return,8,6,12,5.064751128,5.063575990,0.000203860,20000,1330000,20260901,"184 184 185 186 187 188"
table2b_dual_staggered_return,8,6,13,5.064536090,5.063575990,0.000203860,20000,1330000,20260901,"184 184 185 186 187 188"
table2b_dual_staggered_return,8,6,14,5.064018797,5.063575990,0.000203860,20000,1330000,20260901,"184 184 185 186 187 188"
table2b_dual_staggered_return,8,6,15,5.063079699,5.063575990,0.000203860,20000,1330000,20260901,"184 184 185 186 187 188"
table2b_dual_staggered_return,8,6,16,5.063372932,5.063575990,0.000203860,20000,1330000,20260901,"184 184 185 186 187 188"
table2b_dual_staggered_return,8,6,17,5.064144361,5.063575990,0.000203860,20000,1330000,20260901,"184 184 185 186 187 188"
table2b_dual_staggered_return,8,6,18,5.063287970,5.063575990,0.000203860,20000,1330000,20260901,"184 184 185 186 187 188"
table2b_dual_staggered_return,8,6,19,5.064893985,5.063575990,0.000203860,20000,1330000,20260901,"184 184 185 186 187 188"
table2b_dual_staggered_return,8,6,20,5.064077444,5.063575990,0.000203860,20000,1330000,20260901,"184 184 185 186 187 188"
table2b_dual_staggered_return,8,6,21,5.063731579,5.063575990,0.000203860,20000,1330000,20260901,"184 184 185 186 187 188"
table2b_dual_staggered_return,8,6,22,5.063856391,5.063575990,0.000203860,20000,1330000,20260901,"184 184 185 186 187 188"
table2b_dual_staggered_return,8,6,23,5.063314286,5.063575990,0.000203860,20000,1330000,20260901,"184 184 185 186 187 188"
table2b_dual_staggered_return,8,6,24,5.063263910,5.063575990,0.000203860,20000,1330000,20260901,"184 184 185 186 187 188"
table2b_dual_staggered_return,8,6,25,5.063255639,5.063575990,0.000203860,20000,1330000,20260901,"184 184 185 186 187 188"
table2b_dual_staggered_return,8,6,26,5.063377444,5.063575990,0.000203860,20000,1330000,20260901,"184 184 185 186 187 188"
table2b_dual_staggered_return,8,6,27,5.063360150,5.063575990,0.000203860,20000,1330000,20260901,"184 184 185 186 187 188"
table2b_dual_staggered_return,8,6,28,5.062631579,5.063575990,0.000203860,20000,1330000,20260901,"184 184 185 186 187 188"
table2b_dual_staggered_return,8,6,29,5.063113534,5.063575990,0.000203860,20000,1330000,20260901,"184 184 185 186 187 188"
table2b_dual_staggered_return,8,6,30,5.063662406,5.063575990,0.000203860,20000,1330000,20260901,"184 184 185 186 187 188"
table2b_dual_staggered_return,8,7,1,5.602839098,5.602532682,0.000202255,20000,1330000,20260901,"184 184 185 186 187 188 189"
table2b_dual_staggered_return,8,7,2,5.603328571,5.602532682,0.000202255,20000,1330000,20260901,"184 184 185 186 187 188 189"
table2b_dual_staggered_return,8,7,3,5.601824060,5.602532682,0.000202255,20000,1330000,20260901,"184 184 185 186 187 188 189"
table2b_dual_staggered_return,8,7,4,5.601779699,5.602532682,0.000202255,20000,1330000,20260901,"184 184 185 186 187 188 189"
table2b_dual_staggered_return,8,7,5,5.602507519,5.602532682,0.000202255,20000,1330000,20260901,"184 184 185 186 187 188 189"
table2b_dual_staggered_return,8,7,6,5.601762406,5.602532682,0.000202255,20000,1330000,20260901,"184 184 185 186 187 188 189"
table2b_dual_staggered_return,8,7,7,5.601516541,5.602532682,0.000202255,20000,1330000,20260901,"184 184 185 186 187 188 189"
table2b_dual_staggered_return,8,7,8,5.602582707,5.602532682,0.000202255,20000,1330000,20260901,"184 184 185 186 187 188 189"
table2b_dual_staggered_return,8,7,9,5.602044361,5.602532682,0.000202255,20000,1330000,20260901,"184 184 185 186 187 188 189"
table2b_dual_staggered_return,8,7,10,5.602376692,5.602532682,0.000202255,20000,1330000,20260901,"184 184 185 186 187 188 189"
table2b_dual_staggered_return,8,7,11,5.601906015,5.602532682,0.000202255,20000,1330000,20260901,"184 184 185 186 187 188 189"
table2b_dual_staggered_return,8,7,12,5.603434586,5.602532682,0.000202255,20000,1330000,20260901,"184 184 185 186 187 188 189"
table2b_dual_staggered_return,8,7,13,5.603220301,5.602532682,0.000202255,20000,1330000,20260901,"184 184 185 186 187 188 189"
table2b_dual_staggered_return,8,7,14,5.602972932,5.602532682,0.000202255,20000,1330000,20260901,"184 184 185 186 187 188 189"
table2b_dual_staggered_return,8,7,15,5.602860902,5.602532682,0.000202255,20000,1330000,20260901,"184 184 185 186 187 188 189"
table2b_dual_staggered_return,8,7,16,5.602795489,5.602532682,0.000202255,20000,1330000,20260901,"184 184 185 186 187 188 189"
table2b_dual_staggered_return,8,7,17,5.602776692,5.602532682,0.000202255,20000,1330000,20260901,"184 184 185 186 187 188 189"
table2b_dual_staggered_return,8,7,18,5.601809023,5.602532682,0.000202255,20000,1330000,20260901,"184 184 185 186 187 188 189"
table2b_dual_staggered_return,8,7,19,5.603460150,5.602532682,0.000202255,20000,1330000,20260901,"184 184 185 186 187 188 189"
table2b_dual_staggered_return,8,7,20,5.602335338,5.602532682,0.000202255,20000,1330000,20260901,"184 184 185 186 187 188 189"
table2b_dual_staggered_return,8,7,21,5.602875940,5.602532682,0.000202255,20000,1330000,20260901,"184 184 185 186 187 188 189"
table2b_dual_staggered_return,8,7,22,5.602633835,5.602532682,0.000202255,20000,1330000,20260901,"184 184 185 186 187 188 189"
table2b_dual_staggered_return,8,7,23,5.602387970,5.602532682,0.000202255,20000,1330000,20260901,"184 184 185 186 187 188 189"
table2b_dual_staggered_return,8,7,24,5.602131579,5.602532682,0.000202255,20000,1330000,20260901,"184 184 185 186 187 188 189"
table2b_dual_staggered_return,8,7,25,5.602716541,5.602532682,0.000202255,20000,1330000,20260901,"184 184 185 186 187 188 189"
table2b_dual_staggered_return,8,7,26,5.602381955,5.602532682,0.000202255,20000,1330000,20260901,"184 184 185 186 187 188 189"
table2b_dual_staggered_return,8,7,27,5.603069925,5.602532682,0.000202255,20000,1330000,20260901,"184 184 185 186 187 188 189"
table2b_dual_staggered_return,8,7,28,5.602152632,5.602532682,0.000202255,20000,1330000,20260901,"184 184 185 186 187 188 189"
table2b_dual_staggered_return,8,7,29,5.602303759,5.602532682,0.000202255,20000,1330000,20260901,"184 184 185 186 187 188 189"
table2b_dual_staggered_return,8,7,30,5.603193233,5.602532682,0.000202255,20000,1330000,20260901,"184 184 185 186 187 188 189"
table2b_dual_staggered_return,8,8,1,6.055751128,6.055542206,0.000223454,20000,1330000,20260901,"184 184 185 186 187 188 189 190"
table2b_dual_staggered_return,8,8,2,6.056050376,6.055542206,0.000223454,20000,1330000,20260901,"184 184 185 186 187 188 189 190"
table2b_dual_staggered_return,8,8,3,6.054794737,6.055542206,0.000223454,20000,1330000,20260901,"184 184 185 186 187 188 189 190"
table2b_dual_staggered_return,8,8,4,6.054466917,6.055542206,0.000223454,20000,1330000,20260901,"184 184 185 186 187 188 189 190"
table2b_dual_staggered_return,8,8,5,6.055046617,6.055542206,0.000223454,20000,1330000,20260901,"184 184 185 186 187 188 189 190"
table2b_dual_staggered_return,8,8,6,6.055376692,6.055542206,0.000223454,20000,1330000,20260901,"184 184 185 186 187 188 189 190"
table2b_dual_staggered_return,8,8,7,6.054336090,6.055542206,0.000223454,20000,1330000,20260901,"184 184 185 186 187 188 189 190"
table2b_dual_staggered_return,8,8,8,6.056220301,6.055542206,0.000223454,20000,1330000,20260901,"184 184 185 186 187 188 189 190"
table2b_dual_staggered_return,8,8,9,6.055418797,6.055542206,0.000223454,20000,1330000,20260901,"184 184 185 186 187 188 189 190"
table2b_dual_staggered_return,8,8,10,6.055237594,6.055542206,0.000223454,20000,1330000,20260901,"184 184 185 186 187 188 189 190"
table2b_dual_staggered_return,8,8,11,6.054812782,6.055542206,0.000223454,20000,1330000,20260901,"184 184 185 186 187 188 189 190"
table2b_dual_staggered_return,8,8,12,6.056548120,6.055542206,0.000223454,20000,1330000,20260901,"184 184 185 186 187 188 189 190"
table2b_dual_staggered_return,8,8,13,6.056092481,6.055542206,0.000223454,20000,1330000,20260901,"184 184 185 186 187 188 189 190"
table2b_dual_staggered_return,8,8,14,6.056100752,6.055542206,0.000223454,20000,1330000,20260901,"184 184 185 186 187 188 189 190"
table2b_dual_staggered_return,8,8,15,6.056542857,6.055542206,0.000223454,20000,1330000,20260901,"184 184 185 186 187 188 189 190"
table2b_dual_staggered_return,8,8,16,6.055273684,6.055542206,0.000223454,20000,1330000,20260901,"184 184 185 186 187 188 189 190"
table2b_dual_staggered_return,8,8,17,6.056092481,6.055542206,0.000223454,20000,1330000,20260901,"184 184 185 186 187 188 189 190"
table2b_dual_staggered_return,8,8,18,6.055058647,6.055542206,0.000223454,20000,1330000,20260901,"184 184 185 186 187 188 189 190"
table2b_dual_staggered_return,8,8,19,6.056330827,6.055542206,0.000223454,20000,1330000,20260901,"184 184 185 186 187 188 189 190"
table2b_dual_staggered_return,8,8,20,6.055861654,6.055542206,0.000223454,20000,1330000,20260901,"184 184 185 186 187 188 189 190"
table2b_dual_staggered_return,8,8,21,6.055987970,6.055542206,0.000223454,20000,1330000,20260901,"184 184 185 186 187 188 189 190"
table2b_dual_staggered_return,8,8,22,6.055498496,6.055542206,0.000223454,20000,1330000,20260901,"184 184 185 186 187 188 189 190"
table2b_dual_staggered_return,8,8,23,6.055279699,6.055542206,0.000223454,20000,1330000,20260901,"184 184 185 186 187 188 189 190"
table2b_dual_staggered_return,8,8,24,6.055139850,6.055542206,0.000223454,20000,1330000,20260901,"184 184 185 186 187 188 189 190"
table2b_dual_staggered_return,8,8,25,6.055048872,6.055542206,0.000223454,20000,1330000,20260901,"184 184 185 186 187 188 189 190"
table2b_dual_staggered_return,8,8,26,6.054935338,6.055542206,0.000223454,20000,1330000,20260901,"184 184 185 186 187 188 189 190"
table2b_dual_staggered_return,8,8,27,6.055525564,6.055542206,0.000223454,20000,1330000,20260901,"184 184 185 186 187 188 189 190"
table2b_dual_staggered_return,8,8,28,6.055385714,6.055542206,0.000223454,20000,1330000,20260901,"184 184 185 186 187 188 189 190"
table2b_dual_staggered_return,8,8,29,6.055875188,6.055542206,0.000223454,20000,1330000,20260901,"184 184 185 186 187 188 189 190"
table2b_dual_staggered_return,8,8,30,6.056175940,6.055542206,0.000223454,20000,1330000,20260901,"184 184 185 186 187 188 189 190"
table2b_dual_staggered_return,8,9,1,6.432342105,6.431845313,0.000241114,20000,1330000,20260901,"184 184 185 186 187 188 189 190 191"
table2b_dual_staggered_return,8,9,2,6.432256391,6.431845313,0.000241114,20000,1330000,20260901,"184 184 185 186 187 188 189 190 191"
table2b_dual_staggered_return,8,9,3,6.431455639,6.431845313,0.000241114,20000,1330000,20260901,"184 184 185 186 187 188 189 190 191"
table2b_dual_staggered_return,8,9,4,6.431251128,6.431845313,0.000241114,20000,1330000,20260901,"184 184 185 186 187 188 189 190 191"
table2b_dual_staggered_return,8,9,5,6.430813534,6.431845313,0.000241114,20000,1330000,20260901,"184 184 185 186 187 188 189 190 191"
table2b_dual_staggered_return,8,9,6,6.431054135,6.431845313,0.000241114,20000,1330000,20260901,"184 184 185 186 187 188 189 190 191"
table2b_dual_staggered_return,8,9,7,6.430344361,6.431845313,0.000241114,20000,1330000,20260901,"184 184 185 186 187 188 189 190 191"
table2b_dual_staggered_return,8,9,8,6.432396992,6.431845313,0.000241114,20000,1330000,20260901,"184 184 185 186 187 188 189 190 191"
table2b_dual_staggered_return,8,9,9,6.431715789,6.431845313,0.000241114,20000,1330000,20260901,"184 184 185 186 187 188 189 190 191"
table2b_dual_staggered_return,8,9,10,6.431582707,6.431845313,0.000241114,20000,1330000,20260901,"184 184 185 186 187 188 189 190 191"
table2b_dual_staggered_return,8,9,11,6.430827068,6.431845313,0.000241114,20000,1330000,20260901,"184 184 185 186 187 188 189 190 191"
table2b_dual_staggered_return,8,9,12,6.432857143,6.431845313,0.000241114,20000,1330000,20260901,"184 184 185 186 187 188 189 190 191"
table2b_dual_staggered_return,8,9,13,6.432705263,6.431845313,0.000241114,20000,1330000,20260901,"184 184 185 186 187 188 189 190 191"
table2b_dual_staggered_return,8,9,14,6.432021053,6.431845313,0.000241114,20000,1330000,20260901,"184 184 185 186 187 188 189 190 191"
table2b_dual_staggered_return,8,9,15,6.432871429,6.431845313,0.000241114,20000,1330000,20260901,"184 184 185 186 187 188 189 190 191"
table2b_dual_staggered_return,8,9,16,6.431733083,6.431845313,0.000241114,20000,1330000,20260901,"184 184 185 186 187 188 189 190 191"
table2b_dual_staggered_return,8,9,17,6.432546617,6.431845313,0.000241114,20000,1330000,20260901,"184 184 185 186 187 188 189 190 191"
table2b_dual_staggered_return,8,9,18,6.431831579,6.431845313,0.000241114,20000,1330000,20260901,"184 184 185 186 187 188 189 190 191"
table2b_dual_staggered_return,8,9,19,6.432317293,6.431845313,0.000241114,20000,1330000,20260901,"184 184 185 186 187 188 189 190 191"
table2b_dual_staggered_return,8,9,20,6.431599248,6.431845313,0.000241114,20000,1330000,20260901,"184 184 185 186 187 188 189 190 191"
table2b_dual_staggered_return,8,9,21,6.432441353,6.431845313,0.000241114,20000,1330000,20260901,"184 184 185 186 187 188 189 190 191"
table2b_dual_staggered_return,8,9,22,6.431816541,6.431845313,0.000241114,20000,1330000,20260901,"184 184 185 186 187 188 189 190 191"
table2b_dual_staggered_return,8,9,23,6.431834586,6.431845313,0.000241114,20000,1330000,20260901,"184 184 185 186 187 188 189 190 191"
table2b_dual_staggered_return,8,9,24,6.431863910,6.431845313,0.000241114,20000,1330000,20260901,"184 184 185 186 187 188 189 190 191"
table2b_dual_staggered_return,8,9,25,6.431527068,6.431845313,0.000241114,20000,1330000,20260901,"184 184 185 186 187 188 189 190 191"
table2b_dual_staggered_return,8,9,26,6.431093985,6.431845313,0.000241114,20000,1330000,20260901,"184 184 185 186 187 188 189 190 191"
table2b_dual_staggered_return,8,9,27,6.432063158,6.431845313,0.000241114,20000,1330000,20260901,"184 184 185 186 187 188 189 190 191"
table2b_dual_staggered_return,8,9,28,6.431551128,6.431845313,0.000241114,20000,1330000,20260901,"184 184 185 186 187 188 189 190 191"
table2b_dual_staggered_return,8,9,29,6.431796241,6.431845313,0.000241114,20000,1330000,20260901,"184 184 185 186 187 188 189 190 191"
table2b_dual_staggered_return,8,9,30,6.432848872,6.431845313,0.000241114,20000,1330000,20260901,"184 184 185 186 187 188 189 190 191"
table2b_dual_staggered_return,9,3,1,2.901616541,2.902054586,0.000096931,20000,1330000,20260901,"204 204 205"
table2b_dual_staggered_return,9,3,2,2.901925564,2.902054586,0.000096931,20000,1330000,20260901,"204 204 205"
table2b_dual_staggered_return,9,3,3,2.901880451,2.902054586,0.000096931,20000,1330000,20260901,"204 204 205"
table2b_dual_staggered_return,9,3,4,2.901975940,2.902054586,0.000096931,20000,1330000,20260901,"204 204 205"
table2b_dual_staggered_return,9,3,5,2.902097744,2.902054586,0.000096931,20000,1330000,20260901,"204 204 205"
table2b_dual_staggered_return,9,3,6,2.902220301,2.902054586,0.000096931,20000,1330000,20260901,"204 204 205"
table2b_dual_staggered_return,9,3,7,2.902247368,2.902054586,0.000096931,20000,1330000,20260901,"204 204 205"
table2b_dual_staggered_return,9,3,8,2.901724812,2.902054586,0.000096931,20000,1330000,20260901,"204 204 205"
table2b_dual_staggered_return,9,3,9,2.902367669,2.902054586,0.000096931,20000,1330000,20260901,"204 204 205"
table2b_dual_staggered_return,9,3,10,2.902029323,2.902054586,0.000096931,20000,1330000,20260901,"204 204 205"
table2b_dual_staggered_return,9,3,11,2.902268421,2.902054586,0.000096931,20000,1330000,20260901,"204 204 205"
table2b_dual_staggered_return,9,3,12,2.902462406,2.902054586,0.000096931,20000,1330000,20260901,"204 204 205"
table2b_dual_staggered_return,9,3,13,2.901700752,2.902054586,0.000096931,20000,1330000,20260901,"204 204 205"
table2b_dual_staggered_return,9,3,14,2.901967669,2.902054586,0.000096931,20000,1330000,20260901,"204 204 205"
table2b_dual_staggered_return,9,3,15,2.902415789,2.902054586,0.000096931,20000,1330000,20260901,"204 204 205"
table2b_dual_staggered_return,9,3,16,2.902093985,2.902054586,0.000096931,20000,1330000,20260901,"204 204 205"
table2b_dual_staggered_return,9,3,17,2.902577444,2.902054586,0.000096931,20000,1330000,20260901,"204 204 205"
table2b_dual_staggered_return,9,3,18,2.902119549,2.902054586,0.000096931,20000,1330000,20260901,"204 204 205"
table2b_dual_staggered_return,9,3,19,2.902116541,2.902054586,0.000096931,20000,1330000,20260901,"204 204 205"
table2b_dual_staggered_return,9,3,20,2.901769925,2.902054586,0.000096931,20000,1330000,20260901,"204 204 205"
table2b_dual_staggered_return,9,3,21,2.901978947,2.902054586,0.000096931,20000,1330000,20260901,"204 204 205"
table2b_dual_staggered_return,9,3,22,2.901440602,2.902054586,0.000096931,20000,1330000,20260901,"204 204 205"
table2b_dual_staggered_return,9,3,23,2.902169173,2.902054586,0.000096931,20000,1330000,20260901,"204 204 205"
table2b_dual_staggered_return,9,3,24,2.902042857,2.902054586,0.000096931,20000,1330000,20260901,"204 204 205"
table2b_dual_staggered_return,9,3,25,2.902178947,2.902054586,0.000096931,20000,1330000,20260901,"204 204 205"
table2b_dual_staggered_return,9,3,26,2.902025564,2.902054586,0.000096931,20000,1330000,20260901,"204 204 205"
table2b_dual_staggered_return,9,3,27,2.902093233,2.902054586,0.000096931,20000,1330000,20260901,"204 204 205"
table2b_dual_staggered_return,9,3,28,2.901697744,2.902054586,0.000096931,20000,1330000,20260901,"204 204 205"
table2b_dual_staggered_return,9,3,29,2.902179699,2.902054586,0.000096931,20000,1330000,20260901,"204 204 205"
table2b_dual_staggered_return,9,3,30,2.902252632,2.902054586,0.000096931,20000,1330000,20260901,"204 204 205"
table2b_dual_staggered_return,9,4,1,3.757125564,3.757839724,0.000174574,20000,1330000,20260901,"204 204 205 206"
table2b_dual_staggered_return,9,4,2,3.757639098,3.757839724,0.000174574,20000,1330000,20260901,"204 204 205 206"
table2b_dual_staggered_return,9,4,3,3.757218797,3.757839724,0.000174574,20000,1330000,20260901,"204 204 205 206"
table2b_dual_staggered_return,9,4,4,3.758146617,3.757839724,0.000174574,20000,1330000,20260901,"204 204 205 206"
table2b_dual_staggered_return,9,4,5,3.758081203,3.757839724,0.000174574,20000,1330000,20260901,"204 204 205 206"
table2b_dual_staggered_return,9,4,6,3.757927068,3.757839724,0.000174574,20000,1330000,20260901,"204 204 205 206"
table2b_dual_staggered_return,9,4,7,3.757851880,3.757839724,0.000174574,20000,1330000,20260901,"204 204 205 206"
table2b_dual_staggered_return,9,4,8,3.757167669,3.757839724,0.000174574,20000,1330000,20260901,"204 204 205 206"
table2b_dual_staggered_return,9,4,9,3.758166165,3.757839724,0.000174574,20000,1330000,20260901,"204 204 205 206"
table2b_dual_staggered_return,9,4,10,3.757907519,3.757839724,0.000174574,20000,1330000,20260901,"204 204 205 206"
table2b_dual_staggered_return,9,4,11,3.758133083,3.757839724,0.000174574,20000,1330000,20260901,"204 204 205 206"
table2b_dual_staggered_return,9,4,12,3.758006015,3.757839724,0.000174574,20000,1330000,20260901,"204 204 205 206"
table2b_dual_staggered_return,9,4,13,3.757383459,3.757839724,0.000174574,20000,1330000,20260901,"204 204 205 206"
table2b_dual_staggered_return,9,4,14,3.758246617,3.757839724,0.000174574,20000,1330000,20260901,"204 204 205 206"
table2b_dual_staggered_return,9,4,15,3.758412782,3.757839724,0.000174574,20000,1330000,20260901,"204 204 205 206"
table2b_dual_staggered_return,9,4,16,3.757909023,3.757839724,0.000174574,20000,1330000,20260901,"204 204 205 206"
table2b_dual_staggered_return,9,4,17,3.758220301,3.757839724,0.000174574,20000,1330000,20260901,"204 204 205 206"
table2b_dual_staggered_return,9,4,18,3.757515789,3.757839724,0.000174574,20000,1330000,20260901,"204 204 205 206"
table2b_dual_staggered_return,9,4,19,3.758022556,3.757839724,0.000174574,20000,1330000,20260901,"204 204 205 206"
table2b_dual_staggered_return,9,4,20,3.757031579,3.757839724,0.000174574,20000,1330000,20260901,"204 204 205 206"
table2b_dual_staggered_return,9,4,21,3.757593233,3.757839724,0.000174574,20000,1330000,20260901,"204 204 205 206"
table2b_dual_staggered_return,9,4,22,3.756990977,3.757839724,0.000174574,20000,1330000,20260901,"204 204 205 206"
table2b_dual_staggered_return,9,4,23,3.757808271,3.757839724,0.000174574,20000,1330000,20260901,"204 204 205 206"
table2b_dual_staggered_return,9,4,24,3.757130827,3.757839724,0.000174574,20000,1330000,20260901,"204 204 205 206"
table2b_dual_staggered_return,9,4,25,3.758637594,3.757839724,0.000174574,20000,1330000,20260901,"204 204 205 206"
table2b_dual_staggered_return,9,4,26,3.757900752,3.757839724,0.000174574,20000,1330000,20260901,"204 204 205 206"
table2b_dual_staggered_return,9,4,27,3.758363910,3.757839724,0.000174574,20000,1330000,20260901,"204 204 205 206"
table2b_dual_staggered_return,9,4,28,3.757819549,3.757839724,0.000174574,20000,1330000,20260901,"204 204 205 206"
table2b_dual_staggered_return,9,4,29,3.758248872,3.757839724,0.000174574,20000,1330000,20260901,"204 204 205 206"
table2b_dual_staggered_return,9,4,30,3.758584962,3.757839724,0.000174574,20000,1330000,20260901,"204 204 205 206"
table2b_dual_staggered_return,9,5,1,4.532325564,4.532930526,0.000216014,20000,1330000,20260901,"204 204 205 206 207"
table2b_dual_staggered_return,9,5,2,4.532628571,4.532930526,0.000216014,20000,1330000,20260901,"204 204 205 206 207"
table2b_dual_staggered_return,9,5,3,4.532709774,4.532930526,0.000216014,20000,1330000,20260901,"204 204 205 206 207"
table2b_dual_staggered_return,9,5,4,4.533365414,4.532930526,0.000216014,20000,1330000,20260901,"204 204 205 206 207"
table2b_dual_staggered_return,9,5,5,4.533020301,4.532930526,0.000216014,20000,1330000,20260901,"204 204 205 206 207"
table2b_dual_staggered_return,9,5,6,4.533368421,4.532930526,0.000216014,20000,1330000,20260901,"204 204 205 206 207"
table2b_dual_staggered_return,9,5,7,4.533272932,4.532930526,0.000216014,20000,1330000,20260901,"204 204 205 206 207"
table2b_dual_staggered_return,9,5,8,4.532113534,4.532930526,0.000216014,20000,1330000,20260901,"204 204 205 206 207"
table2b_dual_staggered_return,9,5,9,4.533352632,4.532930526,0.000216014,20000,1330000,20260901,"204 204 205 206 207"
table2b_dual_staggered_return,9,5,10,4.533172932,4.532930526,0.000216014,20000,1330000,20260901,"204 204 205 206 207"
table2b_dual_staggered_return,9,5,11,4.532747368,4.532930526,0.000216014,20000,1330000,20260901,"204 204 205 206 207"
table2b_dual_staggered_return,9,5,12,4.533140602,4.532930526,0.000216014,20000,1330000,20260901,"204 204 205 206 207"
table2b_dual_staggered_return,9,5,13,4.531915789,4.532930526,0.000216014,20000,1330000,20260901,"204 204 205 206 207"
table2b_dual_staggered_return,9,5,14,4.533291729,4.532930526,0.000216014,20000,1330000,20260901,"204 204 205 206 207"
table2b_dual_staggered_return,9,5,15,4.533500000,4.532930526,0.000216014,20000,1330000,20260901,"204 204 205 206 207"
table2b_dual_staggered_return,9,5,16,4.532765414,4.532930526,0.000216014,20000,1330000,20260901,"204 204 205 206 207"
table2b_dual_staggered_return,9,5,17,4.533802256,4.532930526,0.000216014,20000,1330000,20260901,"204 204 205 206 207"
table2b_dual_staggered_return,9,5,18,4.532836842,4.532930526,0.000216014,20000,1330000,20260901,"204 204 205 206 207"
table2b_dual_staggered_return,9,5,19,4.533163910,4.532930526,0.000216014,20000,1330000,20260901,"204 204 205 206 207"
table2b_dual_staggered_return,9,5,20,4.531481203,4.532930526,0.000216014,20000,1330000,20260901,"204 204 205 206 207"
table2b_dual_staggered_return,9,5,21,4.532857895,4.532930526,0.000216014,20000,1330000,20260901,"204 204 205 206 207"
table2b_dual_staggered_return,9,5,22,4.531630075,4.532930526,0.000216014,20000,1330000,20260901,"204 204 205 206 207"
table2b_dual_staggered_return,9,5,23,4.533134586,4.532930526,0.000216014,20000,1330000,20260901,"204 204 205 206 207"
table2b_dual_staggered_return,9,5,24,4.532518045,4.532930526,0.000216014,20000,1330000,20260901,"204 204 205 206 207"
table2b_dual_staggered_return,9,5,25,4.533545113,4.532930526,0.000216014,20000,1330000,20260901,"204 204 205 206 207"
table2b_dual_staggered_return,9,5,26,4.533424060,4.532930526,0.000216014,20000,1330000,20260901,"204 204 205 206 207"
table2b_dual_staggered_return,9,5,27,4.533527068,4.532930526,0.000216014,20000,1330000,20260901,"204 204 205 206 207"
table2b_dual_staggered_return,9,5,28,4.532660150,4.532930526,0.000216014,20000,1330000,20260901,"204 204 205 206 207"
table2b_dual_staggered_return,9,5,29,4.533247368,4.532930526,0.000216014,20000,1330000,20260901,"204 204 205 206 207"
table2b_dual_staggered_return,9,5,30,4.533396241,4.532930526,0.000216014,20000,1330000,20260901,"204 204 205 206 207"
table2b_dual_staggered_return,9,6,1,5.222243609,5.222765338,0.000212885,20000,1330000,20260901,"204 204 205 206 207 208"
table2b_dual_staggered_return,9,6,2,5.223117293,5.222765338,0.000212885,20000,1330000,20260901,"204 204 205 206 207 208"
table2b_dual_staggered_return,9,6,3,5.222075940,5.222765338,0.000212885,20000,1330000,20260901,"204 204 205 206 207 208"
table2b_dual_staggered_return,9,6,4,5.223309774,5.222765338,0.000212885,20000,1330000,20260901,"204 204 205 206 207 208"
table2b_dual_staggered_return,9,6,5,5.223332331,5.222765338,0.000212885,20000,1330000,20260901,"204 204 205 206 207 208"
table2b_dual_staggered_return,9,6,6,5.222927820,5.222765338,0.000212885,20000,1330000,20260901,"204 204 205 206 207 208"
table2b_dual_staggered_return,9,6,7,5.223169925,5.222765338,0.000212885,20000,1330000,20260901,"204 204 205 206 207 208"
table2b_dual_staggered_return,9,6,8,5.222291729,5.222765338,0.000212885,20000,1330000,20260901,"204 204 205 206 207 208"
table2b_dual_staggered_return,9,6,9,5.222451128,5.222765338,0.000212885,20000,1330000,20260901,"204 204 205 206 207 208"
table2b_dual_staggered_return,9,6,10,5.222717293,5.222765338,0.000212885,20000,1330000,20260901,"204 204 205 206 207 208"
table2b_dual_staggered_return,9,6,11,5.223164662,5.222765338,0.000212885,20000,1330000,20260901,"204 204 205 206 207 208"
table2b_dual_staggered_return,9,6,12,5.222838346,5.222765338,0.000212885,20000,1330000,20260901,"204 204 205 206 207 208"
table2b_dual_staggered_return,9,6,13,5.221473684,5.222765338,0.000212885,20000,1330000,20260901,"204 204 205 206 207 208"
table2b_dual_staggered_return,9,6,14,5.223784962,5.222765338,0.000212885,20000,1330000,20260901,"204 204 205 206 207 208"
table2b_dual_staggered_return,9,6,15,5.222785714,5.222765338,0.000212885,20000,1330000,20260901,"204 204 205 206 207 208"
table2b_dual_staggered_return,9,6,16,5.222536090,5.222765338,0.000212885,20000,1330000,20260901,"204 204 205 206 207 208"
table2b_dual_staggered_return,9,6,17,5.223880451,5.222765338,0.000212885,20000,1330000,20260901,"204 204 205 206 207 208"
table2b_dual_staggered_return,9,6,18,5.222827820,5.222765338,0.000212885,20000,1330000,20260901,"204 204 205 206 207 208"
table2b_dual_staggered_return,9,6,19,5.222695489,5.222765338,0.000212885,20000,1330000,20260901,"204 204 205 206 207 208"
table2b_dual_staggered_return,9,6,20,5.221681955,5.222765338,0.000212885,20000,1330000,20260901,"204 204 205 206 207 208"
table2b_dual_staggered_return,9,6,21,5.222642857,5.222765338,0.000212885,20000,1330000,20260901,"204 204 205 206 207 208"
table2b_dual_staggered_return,9,6,22,5.222009774,5.222765338,0.000212885,20000,1330000,20260901,"204 204 205 206 207 208"
table2b_dual_staggered_return,9,6,23,5.223194737,5.222765338,0.000212885,20000,1330000,20260901,"204 204 205 206 207 208"
table2b_dual_staggered_return,9,6,24,5.222147368,5.222765338,0.000212885,20000,1330000,20260901,"204 204 205 206 207 208"
table2b_dual_staggered_return,9,6,25,5.223227820,5.222765338,0.000212885,20000,1330000,20260901,"204 204 205 206 207 208"
table2b_dual_staggered_return,9,6,26,5.222748120,5.222765338,0.000212885,20000,1330000,20260901,"204 204 205 206 207 208"
table2b_dual_staggered_return,9,6,27,5.223182707,5.222765338,0.000212885,20000,1330000,20260901,"204 204 205 206 207 208"
table2b_dual_staggered_return,9,6,28,5.222777444,5.222765338,0.000212885,20000,1330000,20260901,"204 204 205 206 207 208"
table2b_dual_staggered_return,9,6,29,5.222356391,5.222765338,0.000212885,20000,1330000,20260901,"204 204 205 206 207 208"
table2b_dual_staggered_return,9,6,30,5.223366917,5.222765338,0.000212885,20000,1330000,20260901,"204 204 205 206 207 208"
table2b_dual_staggered_return,9,7,1,5.827196241,5.827618321,0.000271237,20000,1330000,20260901,"204 204 205 206 207 208 209"
table2b_dual_staggered_return,9,7,2,5.828204511,5.827618321,0.000271237,20000,1330000,20260901,"204 204 205 206 207 208 209"
table2b_dual_staggered_return,9,7,3,5.827021805,5.827618321,0.000271237,20000,1330000,20260901,"204 204 205 206 207 208 209"
table2b_dual_staggered_return,9,7,4,5.828100752,5.827618321,0.000271237,20000,1330000,20260901,"204 204 205 206 207 208 209"
table2b_dual_staggered_return,9,7,5,5.828024060,5.827618321,0.000271237,20000,1330000,20260901,"204 204 205 206 207 208 209"
table2b_dual_staggered_return,9,7,6,5.827654887,5.827618321,0.000271237,20000,1330000,20260901,"204 204 205 206 207 208 209"
table2b_dual_staggered_return,9,7,7,5.828393985,5.827618321,0.000271237,20000,1330000,20260901,"204 204 205 206 207 208 209"
table2b_dual_staggered_return,9,7,8,5.826818797,5.827618321,0.000271237,20000,1330000,20260901,"204 204 205 206 207 208 209"
table2b_dual_staggered_return,9,7,9,5.826840602,5.827618321,0.000271237,20000,1330000,20260901,"204 204 205 206 207 208 209"
table2b_dual_staggered_return,9,7,10,5.827578195,5.827618321,0.000271237,20000,1330000,20260901,"204 204 205 206 207 208 209"
table2b_dual_staggered_return,9,7,11,5.828501504,5.827618321,0.000271237,20000,1330000,20260901,"204 204 205 206 207 208 209"
table2b_dual_staggered_return,9,7,12,5.826979699,5.827618321,0.000271237,20000,1330000,20260901,"204 204 205 206 207 208 209"
table2b_dual_staggered_return,9,7,13,5.826181203,5.827618321,0.000271237,20000,1330000,20260901,"204 204 205 206 207 208 209"
table2b_dual_staggered_return,9,7,14,5.828651128,5.827618321,0.000271237,20000,1330000,20260901,"204 204 205 206 207 208 209"
table2b_dual_staggered_return,9,7,15,5.827729323,5.827618321,0.000271237,20000,1330000,20260901,"204 204 205 206 207 208 209"
table2b_dual_staggered_return,9,7,16,5.827485714,5.827618321,0.000271237,20000,1330000,20260901,"204 204 205 206 207 208 209"
table2b_dual_staggered_return,9,7,17,5.829200752,5.827618321,0.000271237,20000,1330000,20260901,"204 204 205 206 207 208 209"
table2b_dual_staggered_return,9,7,18,5.827548872,5.827618321,0.000271237,20000,1330000,20260901,"204 204 205 206 207 208 209"
table2b_dual_staggered_return,9,7,19,5.827158647,5.827618321,0.000271237,20000,1330000,20260901,"204 204 205 206 207 208 209"
table2b_dual_staggered_return,9,7,20,5.826754887,5.827618321,0.000271237,20000,1330000,20260901,"204 204 205 206 207 208 209"
table2b_dual_staggered_return,9,7,21,5.827230075,5.827618321,0.000271237,20000,1330000,20260901,"204 204 205 206 207 208 209"
table2b_dual_staggered_return,9,7,22,5.826381203,5.827618321,0.000271237,20000,1330000,20260901,"204 204 205 206 207 208 209"
table2b_dual_staggered_return,9,7,23,5.828121805,5.827618321,0.000271237,20000,1330000,20260901,"204 204 205 206 207 208 209"
table2b_dual_staggered_return,9,7,24,5.826810526,5.827618321,0.000271237,20000,1330000,20260901,"204 204 205 206 207 208 209"
table2b_dual_staggered_return,9,7,25,5.828287970,5.827618321,0.000271237,20000,1330000,20260901,"204 204 205 206 207 208 209"
table2b_dual_staggered_return,9,7,26,5.828000000,5.827618321,0.000271237,20000,1330000,20260901,"204 204 205 206 207 208 209"
table2b_dual_staggered_return,9,7,27,5.828639098,5.827618321,0.000271237,20000,1330000,20260901,"204 204 205 206 207 208 209"
table2b_dual_staggered_return,9,7,28,5.827403008,5.827618321,0.000271237,20000,1330000,20260901,"204 204 205 206 207 208 209"
table2b_dual_staggered_return,9,7,29,5.827886466,5.827618321,0.000271237,20000,1330000,20260901,"204 204 205 206 207 208 209"
table2b_dual_staggered_return,9,7,30,5.827763910,5.827618321,0.000271237,20000,1330000,20260901,"204 204 205 206 207 208 209"
table2b_dual_staggered_return,9,8,1,6.350300752,6.351270602,0.000294894,20000,1330000,20260901,"204 204 205 206 207 208 209 210"
table2b_dual_staggered_return,9,8,2,6.351109774,6.351270602,0.000294894,20000,1330000,20260901,"204 204 205 206 207 208 209 210"
table2b_dual_staggered_return,9,8,3,6.351355639,6.351270602,0.000294894,20000,1330000,20260901,"204 204 205 206 207 208 209 210"
table2b_dual_staggered_return,9,8,4,6.352427820,6.351270602,0.000294894,20000,1330000,20260901,"204 204 205 206 207 208 209 210"
table2b_dual_staggered_return,9,8,5,6.351359398,6.351270602,0.000294894,20000,1330000,20260901,"204 204 205 206 207 208 209 210"
table2b_dual_staggered_return,9,8,6,6.351234586,6.351270602,0.000294894,20000,1330000,20260901,"204 204 205 206 207 208 209 210"
table2b_dual_staggered_return,9,8,7,6.351251880,6.351270602,0.000294894,20000,1330000,20260901,"204 204 205 206 207 208 209 210"
table2b_dual_staggered_return,9,8,8,6.351238346,6.351270602,0.000294894,20000,1330000,20260901,"204 204 205 206 207 208 209 210"
table2b_dual_staggered_return,9,8,9,6.349996241,6.351270602,0.000294894,20000,1330000,20260901,"204 204 205 206 207 208 209 210"
table2b_dual_staggered_return,9,8,10,6.350936090,6.351270602,0.000294894,20000,1330000,20260901,"204 204 205 206 207 208 209 210"
table2b_dual_staggered_return,9,8,11,6.352466165,6.351270602,0.000294894,20000,1330000,20260901,"204 204 205 206 207 208 209 210"
table2b_dual_staggered_return,9,8,12,6.350183459,6.351270602,0.000294894,20000,1330000,20260901,"204 204 205 206 207 208 209 210"
table2b_dual_staggered_return,9,8,13,6.350345865,6.351270602,0.000294894,20000,1330000,20260901,"204 204 205 206 207 208 209 210"
table2b_dual_staggered_return,9,8,14,6.351838346,6.351270602,0.000294894,20000,1330000,20260901,"204 204 205 206 207 208 209 210"
table2b_dual_staggered_return,9,8,15,6.351032331,6.351270602,0.000294894,20000,1330000,20260901,"204 204 205 206 207 208 209 210"
table2b_dual_staggered_return,9,8,16,6.350977444,6.351270602,0.000294894,20000,1330000,20260901,"204 204 205 206 207 208 209 210"
table2b_dual_staggered_return,9,8,17,6.353283459,6.351270602,0.000294894,20000,1330000,20260901,"204 204 205 206 207 208 209 210"
table2b_dual_staggered_return,9,8,18,6.351156391,6.351270602,0.000294894,20000,1330000,20260901,"204 204 205 206 207 208 209 210"
table2b_dual_staggered_return,9,8,19,6.351009774,6.351270602,0.000294894,20000,1330000,20260901,"204 204 205 206 207 208 209 210"
table2b_dual_staggered_return,9,8,20,6.351312030,6.351270602,0.000294894,20000,1330000,20260901,"204 204 205 206 207 208 209 210"
table2b_dual_staggered_return,9,8,21,6.351024060,6.351270602,0.000294894,20000,1330000,20260901,"204 204 205 206 207 208 209 210"
table2b_dual_staggered_return,9,8,22,6.350221053,6.351270602,0.000294894,20000,1330000,20260901,"204 204 205 206 207 208 209 210"
table2b_dual_staggered_return,9,8,23,6.352043609,6.351270602,0.000294894,20000,1330000,20260901,"204 204 205 206 207 208 209 210"
table2b_dual_staggered_return,9,8,24,6.350892481,6.351270602,0.000294894,20000,1330000,20260901,"204 204 205 206 207 208 209 210"
table2b_dual_staggered_return,9,8,25,6.351898496,6.351270602,0.000294894,20000,1330000,20260901,"204 204 205 206 207 208 209 210"
table2b_dual_staggered_return,9,8,26,6.351083459,6.351270602,0.000294894,20000,1330000,20260901,"204 204 205 206 207 208 209 210"
table2b_dual_staggered_return,9,8,27,6.352921053,6.351270602,0.000294894,20000,1330000,20260901,"204 204 205 206 207 208 209 210"
table2b_dual_staggered_return,9,8,28,6.350436090,6.351270602,0.000294894,20000,1330000,20260901,"204 204 205 206 207 208 209 210"
table2b_dual_staggered_return,9,8,29,6.351691729,6.351270602,0.000294894,20000,1330000,20260901,"204 204 205 206 207 208 209 210"
table2b_dual_staggered_return,9,8,30,6.351090226,6.351270602,0.000294894,20000,1330000,20260901,"204 204 205 206 207 208 209 210"
table2b_dual_staggered_return,9,9,1,6.799175188,6.799755915,0.000359807,20000,1330000,20260901,"204 204 205 206 207 208 209 210 211"
table2b_dual_staggered_return,9,9,2,6.799884211,6.799755915,0.000359807,20000,1330000,20260901,"204 204 205 206 207 208 209 210 211"
table2b_dual_staggered_return,9,9,3,6.799390977,6.799755915,0.000359807,20000,1330000,20260901,"204 204 205 206 207 208 209 210 211"
table2b_dual_staggered_return,9,9,4,6.801315038,6.799755915,0.000359807,20000,1330000,20260901,"204 204 205 206 207 208 209 210 211"
table2b_dual_staggered_return,9,9,5,6.799440602,6.799755915,0.000359807,20000,1330000,20260901,"204 204 205 206 207 208 209 210 211"
table2b_dual_staggered_return,9,9,6,6.799127068,6.799755915,0.000359807,20000,1330000,20260901,"204 204 205 206 207 208 209 210 211"
table2b_dual_staggered_return,9,9,7,6.799964662,6.799755915,0.000359807,20000,1330000,20260901,"204 204 205 206 207 208 209 210 211"
table2b_dual_staggered_return,9,9,8,6.799242857,6.799755915,0.000359807,20000,1330000,20260901,"204 204 205 206 207 208 209 210 211"
table2b_dual_staggered_return,9,9,9,6.798560902,6.799755915,0.000359807,20000,1330000,20260901,"204 204 205 206 207 208 209 210 211"
table2b_dual_staggered_return,9,9,10,6.799048872,6.799755915,0.000359807,20000,1330000,20260901,"204 204 205 206 207 208 209 210 211"
table2b_dual_staggered_return,9,9,11,6.801096241,6.799755915,0.000359807,20000,1330000,20260901,"204 204 205 206 207 208 209 210 211"
table2b_dual_staggered_return,9,9,12,6.798522556,6.799755915,0.000359807,20000,1330000,20260901,"204 204 205 206 207 208 209 210 211"
table2b_dual_staggered_return,9,9,13,6.799527068,6.799755915,0.000359807,20000,1330000,20260901,"204 204 205 206 207 208 209 210 211"
table2b_dual_staggered_return,9,9,14,6.800390977,6.799755915,0.000359807,20000,1330000,20260901,"204 204 205 206 207 208 209 210 211"
table2b_dual_staggered_return,9,9,15,6.800158647,6.799755915,0.000359807,20000,1330000,20260901,"204 204 205 206 207 208 209 210 211"
table2b_dual_staggered_return,9,9,16,6.799003008,6.799755915,0.000359807,20000,1330000,20260901,"204 204 205 206 207 208 209 210 211"
table2b_dual_staggered_return,9,9,17,6.802343609,6.799755915,0.000359807,20000,1330000,20260901,"204 204 205 206 207 208 209 210 211"
table2b_dual_staggered_return,9,9,18,6.799552632,6.799755915,0.000359807,20000,1330000,20260901,"204 204 205 206 207 208 209 210 211"
table2b_dual_staggered_return,9,9,19,6.799146617,6.799755915,0.000359807,20000,1330000,20260901,"204 204 205 206 207 208 209 210 211"
table2b_dual_staggered_return,9,9,20,6.800539850,6.799755915,0.000359807,20000,1330000,20260901,"204 204 205 206 207 208 209 210 211"
table2b_dual_staggered_return,9,9,21,6.799470677,6.799755915,0.000359807,20000,1330000,20260901,"204 204 205 206 207 208 209 210 211"
table2b_dual_staggered_return,9,9,22,6.798221805,6.799755915,0.000359807,20000,1330000,20260901,"204 204 205 206 207 208 209 210 211"
table2b_dual_staggered_return,9,9,23,6.800444361,6.799755915,0.000359807,20000,1330000,20260901,"204 204 205 206 207 208 209 210 211"
table2b_dual_staggered_return,9,9,24,6.799581203,6.799755915,0.000359807,20000,1330000,20260901,"204 204 205 206 207 208 209 210 211"
table2b_dual_staggered_return,9,9,25,6.800629323,6.799755915,0.000359807,20000,1330000,20260901,"204 204 205 206 207 208 209 210 211"
table2b_dual_staggered_return,9,9,26,6.799493985,6.799755915,0.000359807,20000,1330000,20260901,"204 204 205 206 207 208 209 210 211"
table2b_dual_staggered_return,9,9,27,6.801561654,6.799755915,0.000359807,20000,1330000,20260901,"204 204 205 206 207 208 209 210 211"
table2b_dual_staggered_return,9,9,28,6.799130075,6.799755915,0.000359807,20000,1330000,20260901,"204 204 205 206 207 208 209 210 211"
table2b_dual_staggered_return,9,9,29,6.800166165,6.799755915,0.000359807,20000,1330000,20260901,"204 204 205 206 207 208 209 210 211"
table2b_dual_staggered_return,9,9,30,6.798546617,6.799755915,0.000359807,20000,1330000,20260901,"204 204 205 206 207 208 209 210 211"
