n,m,B,dual,c_forward,c_backward,structured,r1,mean1,sd1,r3,mean3,sd3
4,5,6,1,0|0|0|0|0,0|0|0|0|6,1,30,3.871185,0.000953,0,,
4,5,6,1,0|0|0|0|1,0|0|0|0|5,0,10,3.873216,0.000951,10,3.873057,0.000567
4,5,6,1,0|0|0|0|2,0|0|0|0|4,0,10,3.872112,0.001559,10,3.872816,0.001054
4,5,6,1,0|0|0|0|3,0|0|0|0|3,0,10,3.871543,0.000940,10,3.871318,0.000848
4,5,6,1,0|0|0|0|4,0|0|0|0|2,0,10,3.869747,0.000506,10,3.869639,0.001356
4,5,6,1,0|0|0|0|5,0|0|0|0|1,0,10,3.867306,0.001404,10,3.867429,0.000898
4,5,6,1,0|0|0|0|6,0|0|0|0|0,0,10,3.864035,0.000907,10,3.864004,0.000506
4,5,6,1,0|0|0|0|0,0|0|0|1|5,1,30,3.924231,0.001012,0,,
4,5,6,1,0|0|0|0|1,0|0|0|1|4,0,10,3.925550,0.001247,10,3.925388,0.001285
4,5,6,1,0|0|0|0|2,0|0|0|1|3,0,10,3.924946,0.000936,10,3.925405,0.001193
4,5,6,1,0|0|0|0|3,0|0|0|1|2,0,10,3.923614,0.001760,10,3.923227,0.001299
4,5,6,1,0|0|0|0|4,0|0|0|1|1,0,10,3.922918,0.001068,10,3.922158,0.000723
4,5,6,1,0|0|0|0|5,0|0|0|1|0,0,10,3.918957,0.000642,10,3.919887,0.000933
4,5,6,1,0|0|0|0|0,0|0|0|2|4,1,30,3.927461,0.001321,0,,
4,5,6,1,0|0|0|0|1,0|0|0|2|3,0,10,3.928854,0.000788,10,3.929159,0.001298
4,5,6,1,0|0|0|0|2,0|0|0|2|2,0,10,3.927676,0.000996,10,3.926973,0.001214
4,5,6,1,0|0|0|0|3,0|0|0|2|1,0,10,3.925041,0.001197,10,3.924573,0.001447
4,5,6,1,0|0|0|0|4,0|0|0|2|0,0,10,3.920319,0.000793,10,3.920170,0.000883
4,5,6,1,0|0|0|0|0,0|0|0|3|3,1,30,3.922190,0.001446,0,,
4,5,6,1,0|0|0|0|1,0|0|0|3|2,0,10,3.924438,0.001094,10,3.923567,0.000950
4,5,6,1,0|0|0|0|2,0|0|0|3|1,0,10,3.920052,0.001130,10,3.920784,0.000891
4,5,6,1,0|0|0|0|3,0|0|0|3|0,0,10,3.912267,0.000809,10,3.912011,0.000951
4,5,6,1,0|0|0|0|0,0|0|0|4|2,0,10,3.907773,0.000733,10,3.907598,0.000848
4,5,6,1,0|0|0|0|1,0|0|0|4|1,0,10,3.907714,0.000894,10,3.907866,0.001096
4,5,6,1,0|0|0|0|2,0|0|0|4|0,0,10,3.893937,0.000661,10,3.894233,0.000935
4,5,6,1,0|0|0|0|0,0|0|0|5|1,0,10,3.868878,0.000664,10,3.868919,0.000477
4,5,6,1,0|0|0|0|1,0|0|0|5|0,0,10,3.853267,0.000837,10,3.853302,0.000385
4,5,6,1,0|0|0|0|0,0|0|0|6|0,0,10,3.724458,0.000207,10,3.724242,0.000384
4,5,6,1,0|0|0|1|0,0|0|0|0|5,0,10,3.919541,0.001613,10,3.919865,0.001226
4,5,6,1,0|0|0|1|1,0|0|0|0|4,0,10,3.920111,0.000763,10,3.920555,0.001424
4,5,6,1,0|0|0|1|2,0|0|0|0|3,0,10,3.919883,0.001210,10,3.919555,0.000756
4,5,6,1,0|0|0|1|3,0|0|0|0|2,0,10,3.917921,0.001500,10,3.917853,0.001172
4,5,6,1,0|0|0|1|4,0|0|0|0|1,0,10,3.915569,0.001504,10,3.915805,0.001130
4,5,6,1,0|0|0|1|5,0|0|0|0|0,0,10,3.911930,0.000849,10,3.911745,0.000979
4,5,6,1,0|0|0|1|0,0|0|0|1|4,0,10,3.927048,0.000918,10,3.927087,0.001423
4,5,6,1,0|0|0|1|1,0|0|0|1|3,0,10,3.928005,0.001392,10,3.928097,0.000932
4,5,6,1,0|0|0|1|2,0|0|0|1|2,0,10,3.926562,0.001341,10,3.927255,0.001133
4,5,6,1,0|0|0|1|3,0|0|0|1|1,0,10,3.923960,0.001427,10,3.924140,0.001279
4,5,6,1,0|0|0|1|4,0|0|0|1|0,0,10,3.919194,0.001076,10,3.919571,0.000960
4,5,6,1,0|0|0|1|0,0|0|0|2|3,0,10,3.923192,0.000935,10,3.922255,0.001020
4,5,6,1,0|0|0|1|1,0|0|0|2|2,0,10,3.923514,0.000946,10,3.923222,0.001114
4,5,6,1,0|0|0|1|2,0|0|0|2|1,0,10,3.919494,0.001013,10,3.919845,0.000786
4,5,6,1,0|0|0|1|3,0|0|0|2|0,0,10,3.911432,0.001114,10,3.912071,0.000698
4,5,6,1,0|0|0|1|0,0|0|0|3|2,0,10,3.907933,0.000708,10,3.908104,0.000975
4,5,6,1,0|0|0|1|1,0|0|0|3|1,0,10,3.906883,0.000511,10,3.906747,0.000396
4,5,6,1,0|0|0|1|2,0|0|0|3|0,0,10,3.893535,0.000692,10,3.892898,0.000864
4,5,6,1,0|0|0|1|0,0|0|0|4|1,0,10,3.868101,0.000567,10,3.868271,0.000672
4,5,6,1,0|0|0|1|1,0|0|0|4|0,0,10,3.851939,0.000828,10,3.851952,0.000499
4,5,6,1,0|0|0|1|0,0|0|0|5|0,0,10,3.725791,0.000294,10,3.725802,0.000447
4,5,6,1,0|0|0|2|0,0|0|0|0|4,0,10,3.922826,0.001156,10,3.922828,0.000852
4,5,6,1,0|0|0|2|1,0|0|0|0|3,0,10,3.924280,0.001403,10,3.925087,0.001187
4,5,6,1,0|0|0|2|2,0|0|0|0|2,0,10,3.921518,0.000573,10,3.921798,0.001337
4,5,6,1,0|0|0|2|3,0|0|0|0|1,0,10,3.917591,0.001199,10,3.918456,0.000842
4,5,6,1,0|0|0|2|4,0|0|0|0|0,0,10,3.911037,0.001105,10,3.911647,0.000927
4,5,6,1,0|0|0|2|0,0|0|0|1|3,0,10,3.919970,0.001036,10,3.920802,0.001091
4,5,6,1,0|0|0|2|1,0|0|0|1|2,0,10,3.921748,0.000683,10,3.921703,0.001068
4,5,6,1,0|0|0|2|2,0|0|0|1|1,0,10,3.917534,0.000808,10,3.917725,0.001165
4,5,6,1,0|0|0|2|3,0|0|0|1|0,0,10,3.907625,0.000962,10,3.908550,0.000948
4,5,6,1,0|0|0|2|0,0|0|0|2|2,0,10,3.906156,0.001060,10,3.906198,0.000609
4,5,6,1,0|0|0|2|1,0|0|0|2|1,0,10,3.905011,0.001159,10,3.904568,0.000778
4,5,6,1,0|0|0|2|2,0|0|0|2|0,0,10,3.890503,0.000936,10,3.890140,0.000662
4,5,6,1,0|0|0|2|0,0|0|0|3|1,0,10,3.866472,0.000759,10,3.866542,0.000447
4,5,6,1,0|0|0|2|1,0|0|0|3|0,0,10,3.849885,0.000567,10,3.849537,0.000685
4,5,6,1,0|0|0|2|0,0|0|0|4|0,0,10,3.726508,0.000363,10,3.726523,0.000757
4,5,6,1,0|0|0|3|0,0|0|0|0|3,0,10,3.917314,0.001044,10,3.917160,0.001079
4,5,6,1,0|0|0|3|1,0|0|0|0|2,0,10,3.918586,0.001015,10,3.918927,0.000742
4,5,6,1,0|0|0|3|2,0|0|0|0|1,0,10,3.913332,0.000826,10,3.913052,0.001272
4,5,6,1,0|0|0|3|3,0|0|0|0|0,0,10,3.902011,0.001190,10,3.901506,0.001041
4,5,6,1,0|0|0|3|0,0|0|0|1|2,0,10,3.904134,0.000926,10,3.904490,0.001175
4,5,6,1,0|0|0|3|1,0|0|0|1|1,0,10,3.903021,0.000954,10,3.903528,0.001168
4,5,6,1,0|0|0|3|2,0|0|0|1|0,0,10,3.887007,0.000551,10,3.887711,0.000796
4,5,6,1,0|0|0|3|0,0|0|0|2|1,0,10,3.865086,0.000619,10,3.865389,0.000879
4,5,6,1,0|0|0|3|1,0|0|0|2|0,0,10,3.847763,0.000669,10,3.847660,0.000548
4,5,6,1,0|0|0|3|0,0|0|0|3|0,0,10,3.726285,0.000463,10,3.726393,0.000288
4,5,6,1,0|0|0|4|0,0|0|0|0|2,0,10,3.902116,0.000805,10,3.902240,0.000867
4,5,6,1,0|0|0|4|1,0|0|0|0|1,0,10,3.900964,0.000967,10,3.900720,0.001051
4,5,6,1,0|0|0|4|2,0|0|0|0|0,0,10,3.883426,0.000733,10,3.883665,0.000469
4,5,6,1,0|0|0|4|0,0|0|0|1|1,0,10,3.864067,0.000780,10,3.864115,0.000781
4,5,6,1,0|0|0|4|1,0|0|0|1|0,0,10,3.846252,0.000493,10,3.846368,0.000706
4,5,6,1,0|0|0|4|0,0|0|0|2|0,0,10,3.725576,0.000505,10,3.725815,0.000565
4,5,6,1,0|0|0|5|0,0|0|0|0|1,0,10,3.862261,0.000484,10,3.862379,0.000569
4,5,6,1,0|0|0|5|1,0|0|0|0|0,0,10,3.844389,0.000487,10,3.844341,0.000578
4,5,6,1,0|0|0|5|0,0|0|0|1|0,0,10,3.724721,0.000607,10,3.724932,0.000576
4,5,6,1,0|0|0|6|0,0|0|0|0|0,0,10,3.723343,0.000616,10,3.723273,0.000403
4,5,6,1,0|0|0|0|0,0|0|1|0|5,0,10,3.909355,0.001259,10,3.909380,0.001382
4,5,6,1,0|0|0|0|1,0|0|1|0|4,0,10,3.910354,0.001307,10,3.911032,0.001418
4,5,6,1,0|0|0|0|2,0|0|1|0|3,0,10,3.910050,0.000990,10,3.909822,0.000776
4,5,6,1,0|0|0|0|3,0|0|1|0|2,0,10,3.908358,0.000611,10,3.908697,0.001495
4,5,6,1,0|0|0|0|4,0|0|1|0|1,0,10,3.906386,0.001562,10,3.906005,0.001413
4,5,6,1,0|0|0|0|5,0|0|1|0|0,0,10,3.902633,0.001082,10,3.903095,0.001141
4,5,6,1,0|0|0|0|0,0|0|1|1|4,1,30,3.936078,0.001048,0,,
4,5,6,1,0|0|0|0|1,0|0|1|1|3,0,10,3.937693,0.001583,10,3.936839,0.001014
4,5,6,1,0|0|0|0|2,0|0|1|1|2,0,10,3.936624,0.001738,10,3.936566,0.001465
4,5,6,1,0|0|0|0|3,0|0|1|1|1,0,10,3.934996,0.001250,10,3.934450,0.001337
4,5,6,1,0|0|0|0|4,0|0|1|1|0,0,10,3.930766,0.001177,10,3.931317,0.001307
4,5,6,1,0|0|0|0|0,0|0|1|2|3,1,30,3.938438,0.001248,500,3.938277,0.001138
4,5,6,1,0|0|0|0|1,0|0|1|2|2,0,10,3.939145,0.001117,10,3.939419,0.001379
4,5,6,1,0|0|0|0|2,0|0|1|2|1,0,10,3.936794,0.000959,10,3.937488,0.001037
4,5,6,1,0|0|0|0|3,0|0|1|2|0,0,10,3.932510,0.001349,10,3.932513,0.001158
4,5,6,1,0|0|0|0|0,0|0|1|3|2,0,10,3.933531,0.001168,10,3.933832,0.000998
4,5,6,1,0|0|0|0|1,0|0|1|3|1,0,10,3.933835,0.001210,10,3.933801,0.001120
4,5,6,1,0|0|0|0|2,0|0|1|3|0,0,10,3.926445,0.000690,10,3.926450,0.001135
4,5,6,1,0|0|0|0|0,0|0|1|4|1,0,10,3.917413,0.000791,10,3.917501,0.001053
4,5,6,1,0|0|0|0|1,0|0|1|4|0,0,10,3.909572,0.000700,10,3.909492,0.000966
4,5,6,1,0|0|0|0|0,0|0|1|5|0,0,10,3.846676,0.000798,10,3.847255,0.000690
4,5,6,1,0|0|0|1|0,0|0|1|0|4,0,10,3.932451,0.001461,10,3.932425,0.001440
4,5,6,1,0|0|0|1|1,0|0|1|0|3,0,10,3.932926,0.001536,10,3.932609,0.001195
4,5,6,1,0|0|0|1|2,0|0|1|0|2,0,10,3.931486,0.000945,10,3.930933,0.001444
4,5,6,1,0|0|0|1|3,0|0|1|0|1,0,10,3.929283,0.001366,10,3.928915,0.001465
4,5,6,1,0|0|0|1|4,0|0|1|0|0,0,10,3.924876,0.000736,10,3.924231,0.000711
4,5,6,1,0|0|0|1|0,0|0|1|1|3,0,10,3.937366,0.000858,10,3.938308,0.001292
4,5,6,1,0|0|0|1|1,0|0|1|1|2,0,10,3.938716,0.001263,10,3.938230,0.001366
4,5,6,1,0|0|0|1|2,0|0|1|1|1,0,10,3.936262,0.001169,10,3.936560,0.000812
4,5,6,1,0|0|0|1|3,0|0|1|1|0,0,10,3.931320,0.001157,10,3.931781,0.001046
4,5,6,1,0|0|0|1|0,0|0|1|2|2,0,10,3.933407,0.001182,10,3.934148,0.001070
4,5,6,1,0|0|0|1|1,0|0|1|2|1,0,10,3.933775,0.001115,10,3.933743,0.001241
4,5,6,1,0|0|0|1|2,0|0|1|2|0,0,10,3.926929,0.001386,10,3.926186,0.000874
4,5,6,1,0|0|0|1|0,0|0|1|3|1,0,10,3.917377,0.001207,10,3.917422,0.001179
4,5,6,1,0|0|0|1|1,0|0|1|3|0,0,10,3.910201,0.000684,10,3.909192,0.000644
4,5,6,1,0|0|0|1|0,0|0|1|4|0,0,10,3.848970,0.000533,10,3.848791,0.000490
4,5,6,1,0|0|0|2|0,0|0|1|0|3,0,10,3.933700,0.001766,10,3.933298,0.000848
4,5,6,1,0|0|0|2|1,0|0|1|0|2,0,10,3.933966,0.001396,10,3.933076,0.000915
4,5,6,1,0|0|0|2|2,0|0|1|0|1,0,10,3.930536,0.001123,10,3.930703,0.000816
4,5,6,1,0|0|0|2|3,0|0|1|0|0,0,10,3.923033,0.001116,10,3.923477,0.001105
4,5,6,1,0|0|0|2|0,0|0|1|1|2,0,10,3.931608,0.000999,10,3.932160,0.000914
4,5,6,1,0|0|0|2|1,0|0|1|1|1,0,10,3.931390,0.000986,10,3.930617,0.000805
4,5,6,1,0|0|0|2|2,0|0|1|1|0,0,10,3.923265,0.000712,10,3.922597,0.000716
4,5,6,1,0|0|0|2|0,0|0|1|2|1,0,10,3.915600,0.000958,10,3.915508,0.000957
4,5,6,1,0|0|0|2|1,0|0|1|2|0,0,10,3.907038,0.000747,10,3.906999,0.001161
4,5,6,1,0|0|0|2|0,0|0|1|3|0,0,10,3.847740,0.000453,10,3.847896,0.000502
4,5,6,1,0|0|0|3|0,0|0|1|0|2,0,10,3.927047,0.000705,10,3.927271,0.001306
4,5,6,1,0|0|0|3|1,0|0|1|0|1,0,10,3.926257,0.001085,10,3.926626,0.000932
4,5,6,1,0|0|0|3|2,0|0|1|0|0,0,10,3.916246,0.001208,10,3.916001,0.001128
4,5,6,1,0|0|0|3|0,0|0|1|1|1,0,10,3.913229,0.000515,10,3.912501,0.000718
4,5,6,1,0|0|0|3|1,0|0|1|1|0,0,10,3.903767,0.000935,10,3.903452,0.000602
4,5,6,1,0|0|0|3|0,0|0|1|2|0,0,10,3.845380,0.000478,10,3.845281,0.000519
4,5,6,1,0|0|0|4|0,0|0|1|0|1,0,10,3.908480,0.000611,10,3.908214,0.001084
4,5,6,1,0|0|0|4|1,0|0|1|0|0,0,10,3.898095,0.000809,10,3.898554,0.000607
4,5,6,1,0|0|0|4|0,0|0|1|1|0,0,10,3.842235,0.000681,10,3.842017,0.000504
4,5,6,1,0|0|0|5|0,0|0|1|0|0,0,10,3.836582,0.000431,10,3.836342,0.000577
4,5,6,1,0|0|0|0|0,0|0|2|0|4,0,10,3.905132,0.001231,10,3.905396,0.000932
4,5,6,1,0|0|0|0|1,0|0|2|0|3,0,10,3.907164,0.001041,10,3.907127,0.001177
4,5,6,1,0|0|0|0|2,0|0|2|0|2,0,10,3.905166,0.001280,10,3.905625,0.001290
4,5,6,1,0|0|0|0|3,0|0|2|0|1,0,10,3.901545,0.000534,10,3.900873,0.000547
4,5,6,1,0|0|0|0|4,0|0|2|0|0,0,10,3.893922,0.000830,10,3.894090,0.000726
4,5,6,1,0|0|0|0|0,0|0|2|1|3,0,10,3.930906,0.001074,10,3.931128,0.001400
4,5,6,1,0|0|0|0|1,0|0|2|1|2,0,10,3.931742,0.000791,10,3.932556,0.001373
4,5,6,1,0|0|0|0|2,0|0|2|1|1,0,10,3.929383,0.000688,10,3.929765,0.001261
4,5,6,1,0|0|0|0|3,0|0|2|1|0,0,10,3.923972,0.000897,10,3.923683,0.001089
4,5,6,1,0|0|0|0|0,0|0|2|2|2,1,30,3.929968,0.001048,0,,
4,5,6,1,0|0|0|0|1,0|0|2|2|1,0,10,3.929616,0.000917,10,3.929416,0.000838
4,5,6,1,0|0|0|0|2,0|0|2|2|0,0,10,3.921533,0.001055,10,3.922127,0.000996
4,5,6,1,0|0|0|0|0,0|0|2|3|1,0,10,3.915038,0.000673,10,3.914916,0.001038
4,5,6,1,0|0|0|0|1,0|0|2|3|0,0,10,3.906799,0.001087,10,3.906606,0.000700
4,5,6,1,0|0|0|0|0,0|0|2|4|0,0,10,3.847422,0.000888,10,3.847355,0.000501
4,5,6,1,0|0|0|1|0,0|0|2|0|3,0,10,3.925609,0.000818,10,3.925854,0.001500
4,5,6,1,0|0|0|1|1,0|0|2|0|2,0,10,3.925478,0.000978,10,3.925345,0.001526
4,5,6,1,0|0|0|1|2,0|0|2|0|1,0,10,3.922056,0.000722,10,3.922209,0.001414
4,5,6,1,0|0|0|1|3,0|0|2|0|0,0,10,3.914300,0.001084,10,3.913702,0.000616
4,5,6,1,0|0|0|1|0,0|0|2|1|2,0,10,3.929378,0.000731,10,3.928809,0.000984
4,5,6,1,0|0|0|1|1,0|0|2|1|1,0,10,3.928210,0.000793,10,3.927766,0.000898
4,5,6,1,0|0|0|1|2,0|0|2|1|0,0,10,3.920365,0.001060,10,3.920323,0.000970
4,5,6,1,0|0|0|1|0,0|0|2|2|1,0,10,3.914363,0.000727,10,3.914535,0.001033
4,5,6,1,0|0|0|1|1,0|0|2|2|0,0,10,3.906626,0.000604,10,3.905722,0.000984
4,5,6,1,0|0|0|1|0,0|0|2|3|0,0,10,3.849815,0.000756,10,3.849735,0.000464
4,5,6,1,0|0|0|2|0,0|0|2|0|2,0,10,3.922240,0.001433,10,3.922425,0.001167
4,5,6,1,0|0|0|2|1,0|0|2|0|1,0,10,3.920666,0.000671,10,3.920054,0.000724
4,5,6,1,0|0|0|2|2,0|0|2|0|0,0,10,3.908170,0.001214,10,3.908291,0.000948
4,5,6,1,0|0|0|2|0,0|0|2|1|1,0,10,3.910808,0.000835,10,3.911180,0.000955
4,5,6,1,0|0|0|2|1,0|0|2|1|0,0,10,3.901194,0.001008,10,3.901477,0.000843
4,5,6,1,0|0|0|2|0,0|0|2|2|0,0,10,3.846523,0.000580,10,3.846090,0.000467
4,5,6,1,0|0|0|3|0,0|0|2|0|1,0,10,3.904047,0.000645,10,3.903942,0.000697
4,5,6,1,0|0|0|3|1,0|0|2|0|0,0,10,3.891891,0.000742,10,3.892350,0.000551
4,5,6,1,0|0|0|3|0,0|0|2|1|0,0,10,3.841507,0.000587,10,3.841252,0.000515
4,5,6,1,0|0|0|4|0,0|0|2|0|0,0,10,3.831888,0.000494,10,3.831855,0.000554
4,5,6,1,0|0|0|0|0,0|0|3|0|3,0,10,3.890780,0.001066,10,3.890943,0.001129
4,5,6,1,0|0|0|0|1,0|0|3|0|2,0,10,3.892151,0.000815,10,3.892442,0.000958
4,5,6,1,0|0|0|0|2,0|0|3|0|1,0,10,3.886870,0.000731,10,3.887059,0.000773
4,5,6,1,0|0|0|0|3,0|0|3|0|0,0,10,3.873384,0.000678,10,3.873515,0.001021
4,5,6,1,0|0|0|0|0,0|0|3|1|2,0,10,3.916514,0.000856,10,3.916492,0.000762
4,5,6,1,0|0|0|0|1,0|0|3|1|1,0,10,3.915474,0.000662,10,3.915203,0.001272
4,5,6,1,0|0|0|0|2,0|0|3|1|0,0,10,3.905052,0.000903,10,3.904539,0.000688
4,5,6,1,0|0|0|0|0,0|0|3|2|1,0,10,3.902657,0.000702,10,3.902881,0.001042
4,5,6,1,0|0|0|0|1,0|0|3|2|0,0,10,3.892762,0.000457,10,3.893070,0.000784
4,5,6,1,0|0|0|0|0,0|0|3|3|0,0,10,3.831052,0.000660,10,3.830688,0.000510
4,5,6,1,0|0|0|1|0,0|0|3|0|2,0,10,3.908063,0.000949,10,3.907705,0.000571
4,5,6,1,0|0|0|1|1,0|0|3|0|1,0,10,3.905167,0.001164,10,3.904718,0.001209
4,5,6,1,0|0|0|1|2,0|0|3|0|0,0,10,3.890185,0.000904,10,3.890471,0.000717
4,5,6,1,0|0|0|1|0,0|0|3|1|1,0,10,3.900776,0.000666,10,3.900879,0.000560
4,5,6,1,0|0|0|1|1,0|0|3|1|0,0,10,3.889698,0.000751,10,3.890013,0.000982
4,5,6,1,0|0|0|1|0,0|0|3|2|0,0,10,3.831950,0.000555,10,3.832005,0.000566
4,5,6,1,0|0|0|2|0,0|0|3|0|1,0,10,3.889633,0.000575,10,3.889404,0.000625
4,5,6,1,0|0|0|2|1,0|0|3|0|0,0,10,3.874033,0.000652,10,3.874147,0.000416
4,5,6,1,0|0|0|2|0,0|0|3|1|0,0,10,3.825289,0.000572,10,3.825269,0.000602
4,5,6,1,0|0|0|3|0,0|0|3|0|0,0,10,3.811159,0.000358,10,3.811037,0.000437
4,5,6,1,0|0|0|0|0,0|0|4|0|2,0,10,3.859170,0.000859,10,3.859237,0.000633
4,5,6,1,0|0|0|0|1,0|0|4|0|1,0,10,3.857642,0.001038,10,3.857152,0.000940
4,5,6,1,0|0|0|0|2,0|0|4|0|0,0,10,3.834817,0.000541,10,3.834615,0.000489
4,5,6,1,0|0|0|0|0,0|0|4|1|1,0,10,3.875534,0.000576,10,3.875073,0.000558
4,5,6,1,0|0|0|0|1,0|0|4|1|0,0,10,3.861150,0.000680,10,3.860905,0.000558
4,5,6,1,0|0|0|0|0,0|0|4|2|0,0,10,3.798811,0.000332,10,3.798469,0.000593
4,5,6,1,0|0|0|1|0,0|0|4|0|1,0,10,3.861867,0.000411,10,3.861770,0.000667
4,5,6,1,0|0|0|1|1,0|0|4|0|0,0,10,3.841383,0.000561,10,3.841286,0.000641
4,5,6,1,0|0|0|1|0,0|0|4|1|0,0,10,3.795966,0.000360,10,3.796199,0.000463
4,5,6,1,0|0|0|2|0,0|0|4|0|0,0,10,3.774979,0.000548,10,3.774888,0.000533
4,5,6,1,0|0|0|0|0,0|0|5|0|1,0,10,3.782039,0.000452,10,3.781826,0.000541
4,5,6,1,0|0|0|0|1,0|0|5|0|0,0,10,3.755025,0.000433,10,3.755098,0.000519
4,5,6,1,0|0|0|0|0,0|0|5|1|0,0,10,3.732109,0.000485,10,3.731579,0.000816
4,5,6,1,0|0|0|1|0,0|0|5|0|0,0,10,3.707197,0.000384,10,3.707308,0.000806
4,5,6,1,0|0|0|0|0,0|0|6|0|0,0,10,3.520801,0.000473,10,3.521024,0.000460
4,5,6,1,0|0|1|0|0,0|0|0|0|5,0,10,3.906449,0.001146,10,3.906463,0.001385
4,5,6,1,0|0|1|0|1,0|0|0|0|4,0,10,3.908138,0.001215,10,3.908110,0.001462
4,5,6,1,0|0|1|0|2,0|0|0|0|3,0,10,3.906330,0.000896,10,3.907160,0.001389
4,5,6,1,0|0|1|0|3,0|0|0|0|2,0,10,3.905109,0.000968,10,3.905165,0.001378
4,5,6,1,0|0|1|0|4,0|0|0|0|1,0,10,3.903050,0.001149,10,3.903018,0.000858
4,5,6,1,0|0|1|0|5,0|0|0|0|0,0,10,3.897739,0.001125,10,3.897937,0.001017
4,5,6,1,0|0|1|0|0,0|0|0|1|4,0,10,3.933495,0.000540,10,3.933397,0.001493
4,5,6,1,0|0|1|0|1,0|0|0|1|3,0,10,3.934800,0.001114,10,3.934780,0.001146
4,5,6,1,0|0|1|0|2,0|0|0|1|2,0,10,3.933310,0.001355,10,3.933865,0.000558
4,5,6,1,0|0|1|0|3,0|0|0|1|1,0,10,3.931041,0.001295,10,3.931705,0.001100
4,5,6,1,0|0|1|0|4,0|0|0|1|0,0,10,3.927884,0.000948,10,3.927783,0.001338
4,5,6,1,0|0|1|0|0,0|0|0|2|3,0,10,3.935433,0.001279,10,3.935867,0.001187
4,5,6,1,0|0|1|0|1,0|0|0|2|2,0,10,3.936638,0.001357,10,3.937455,0.000938
4,5,6,1,0|0|1|0|2,0|0|0|2|1,0,10,3.934794,0.001253,10,3.934120,0.001301
4,5,6,1,0|0|1|0|3,0|0|0|2|0,0,10,3.928759,0.000450,10,3.928529,0.000915
4,5,6,1,0|0|1|0|0,0|0|0|3|2,0,10,3.930296,0.000802,10,3.930812,0.001308
4,5,6,1,0|0|1|0|1,0|0|0|3|1,0,10,3.930325,0.001154,10,3.930238,0.000709
4,5,6,1,0|0|1|0|2,0|0|0|3|0,0,10,3.921443,0.000552,10,3.921959,0.000897
4,5,6,1,0|0|1|0|0,0|0|0|4|1,0,10,3.912133,0.000698,10,3.911512,0.000663
4,5,6,1,0|0|1|0|1,0|0|0|4|0,0,10,3.902743,0.000945,10,3.902464,0.000597
4,5,6,1,0|0|1|0|0,0|0|0|5|0,0,10,3.836967,0.000480,10,3.836877,0.000467
4,5,6,1,0|0|1|1|0,0|0|0|0|4,0,10,3.928718,0.001137,10,3.928997,0.001043
4,5,6,1,0|0|1|1|1,0|0|0|0|3,0,10,3.929394,0.001089,10,3.928833,0.000805
4,5,6,1,0|0|1|1|2,0|0|0|0|2,0,10,3.926875,0.001667,10,3.927394,0.000844
4,5,6,1,0|0|1|1|3,0|0|0|0|1,0,10,3.923746,0.000921,10,3.924010,0.001444
4,5,6,1,0|0|1|1|4,0|0|0|0|0,0,10,3.918943,0.000617,10,3.917835,0.000915
4,5,6,1,0|0|1|1|0,0|0|0|1|3,0,10,3.934652,0.001083,10,3.934773,0.001054
4,5,6,1,0|0|1|1|1,0|0|0|1|2,0,10,3.934929,0.000850,10,3.934789,0.000860
4,5,6,1,0|0|1|1|2,0|0|0|1|1,0,10,3.931918,0.000950,10,3.932218,0.001260
4,5,6,1,0|0|1|1|3,0|0|0|1|0,0,10,3.926215,0.001027,10,3.926637,0.000551
4,5,6,1,0|0|1|1|0,0|0|0|2|2,0,10,3.929673,0.001299,10,3.930252,0.000828
4,5,6,1,0|0|1|1|1,0|0|0|2|1,0,10,3.928767,0.000988,10,3.929421,0.000769
4,5,6,1,0|0|1|1|2,0|0|0|2|0,0,10,3.920926,0.000826,10,3.920965,0.000742
4,5,6,1,0|0|1|1|0,0|0|0|3|1,0,10,3.911677,0.000340,10,3.911217,0.000847
4,5,6,1,0|0|1|1|1,0|0|0|3|0,0,10,3.901927,0.000941,10,3.902054,0.000480
4,5,6,1,0|0|1|1|0,0|0|0|4|0,0,10,3.838625,0.000499,10,3.838136,0.000384
4,5,6,1,0|0|1|2|0,0|0|0|0|3,0,10,3.929212,0.001225,10,3.929375,0.001023
4,5,6,1,0|0|1|2|1,0|0|0|0|2,0,10,3.929065,0.000969,10,3.929127,0.001433
4,5,6,1,0|0|1|2|2,0|0|0|0|1,0,10,3.924223,0.001765,10,3.924799,0.000702
4,5,6,1,0|0|1|2|3,0|0|0|0|0,0,10,3.916280,0.001029,10,3.915384,0.001257
4,5,6,1,0|0|1|2|0,0|0|0|1|2,0,10,3.926950,0.000904,10,3.927520,0.001260
4,5,6,1,0|0|1|2|1,0|0|0|1|1,0,10,3.926065,0.000692,10,3.925865,0.001092
4,5,6,1,0|0|1|2|2,0|0|0|1|0,0,10,3.916294,0.001073,10,3.916024,0.001228
4,5,6,1,0|0|1|2|0,0|0|0|2|1,0,10,3.908770,0.000780,10,3.908805,0.000849
4,5,6,1,0|0|1|2|1,0|0|0|2|0,0,10,3.898774,0.000796,10,3.898785,0.000544
4,5,6,1,0|0|1|2|0,0|0|0|3|0,0,10,3.836586,0.000326,10,3.836575,0.000716
4,5,6,1,0|0|1|3|0,0|0|0|0|2,0,10,3.921608,0.000420,10,3.922155,0.001050
4,5,6,1,0|0|1|3|1,0|0|0|0|1,0,10,3.920542,0.000867,10,3.920776,0.000792
4,5,6,1,0|0|1|3|2,0|0|0|0|0,0,10,3.907813,0.000493,10,3.907843,0.001191
4,5,6,1,0|0|1|3|0,0|0|0|1|1,0,10,3.905846,0.000999,10,3.906215,0.000836
4,5,6,1,0|0|1|3|1,0|0|0|1|0,0,10,3.894541,0.000660,10,3.895072,0.000600
4,5,6,1,0|0|1|3|0,0|0|0|2|0,0,10,3.833915,0.000446,10,3.833761,0.000373
4,5,6,1,0|0|1|4|0,0|0|0|0|1,0,10,3.900607,0.000645,10,3.900166,0.000875
4,5,6,1,0|0|1|4|1,0|0|0|0|0,0,10,3.888478,0.000786,10,3.888487,0.000768
4,5,6,1,0|0|1|4|0,0|0|0|1|0,0,10,3.830423,0.000438,10,3.830541,0.000478
4,5,6,1,0|0|1|5|0,0|0|0|0|0,0,10,3.823988,0.000435,10,3.824017,0.000530
4,5,6,1,0|0|1|0|0,0|0|1|0|4,0,10,3.905359,0.001043,10,3.905286,0.001267
4,5,6,1,0|0|1|0|1,0|0|1|0|3,0,10,3.906965,0.001030,10,3.907118,0.001581
4,5,6,1,0|0|1|0|2,0|0|1|0|2,0,10,3.904017,0.001117,10,3.904634,0.001184
4,5,6,1,0|0|1|0|3,0|0|1|0|1,0,10,3.900692,0.000975,10,3.901223,0.000983
4,5,6,1,0|0|1|0|4,0|0|1|0|0,0,10,3.892981,0.001067,10,3.893319,0.000673
4,5,6,1,0|0|1|0|0,0|0|1|1|3,0,10,3.930575,0.000495,10,3.930102,0.001278
4,5,6,1,0|0|1|0|1,0|0|1|1|2,0,10,3.930521,0.000578,10,3.930962,0.000837
4,5,6,1,0|0|1|0|2,0|0|1|1|1,0,10,3.927624,0.000933,10,3.928208,0.000831
4,5,6,1,0|0|1|0|3,0|0|1|1|0,0,10,3.921610,0.000845,10,3.921858,0.000978
4,5,6,1,0|0|1|0|0,0|0|1|2|2,0,10,3.928488,0.001074,10,3.928287,0.001166
4,5,6,1,0|0|1|0|1,0|0|1|2|1,0,10,3.928319,0.000812,10,3.928143,0.001225
4,5,6,1,0|0|1|0|2,0|0|1|2|0,0,10,3.919604,0.000853,10,3.919643,0.000708
4,5,6,1,0|0|1|0|0,0|0|1|3|1,0,10,3.913272,0.000502,10,3.913164,0.001095
4,5,6,1,0|0|1|0|1,0|0|1|3|0,0,10,3.904777,0.000693,10,3.904279,0.000759
4,5,6,1,0|0|1|0|0,0|0|1|4|0,0,10,3.846138,0.000604,10,3.846232,0.000713
4,5,6,1,0|0|1|1|0,0|0|1|0|3,0,10,3.923795,0.000853,10,3.924217,0.000850
4,5,6,1,0|0|1|1|1,0|0|1|0|2,0,10,3.922811,0.000768,10,3.922802,0.001301
4,5,6,1,0|0|1|1|2,0|0|1|0|1,0,10,3.918950,0.000928,10,3.919390,0.001078
4,5,6,1,0|0|1|1|3,0|0|1|0|0,0,10,3.910122,0.000739,10,3.909549,0.000913
4,5,6,1,0|0|1|1|0,0|0|1|1|2,0,10,3.926752,0.000910,10,3.926961,0.001407
4,5,6,1,0|0|1|1|1,0|0|1|1|1,0,10,3.925849,0.001012,10,3.925191,0.001116
4,5,6,1,0|0|1|1|2,0|0|1|1|0,0,10,3.916400,0.000588,10,3.916228,0.000694
4,5,6,1,0|0|1|1|0,0|0|1|2|1,0,10,3.912046,0.000939,10,3.912402,0.000926
4,5,6,1,0|0|1|1|1,0|0|1|2|0,0,10,3.903140,0.000830,10,3.903118,0.000668
4,5,6,1,0|0|1|1|0,0|0|1|3|0,0,10,3.847177,0.000565,10,3.847530,0.000695
4,5,6,1,0|0|1|2|0,0|0|1|0|2,0,10,3.919513,0.001214,10,3.920055,0.000603
4,5,6,1,0|0|1|2|1,0|0|1|0|1,0,10,3.917008,0.000860,10,3.916820,0.001089
4,5,6,1,0|0|1|2|2,0|0|1|0|0,0,10,3.904146,0.000647,10,3.904564,0.000663
4,5,6,1,0|0|1|2|0,0|0|1|1|1,0,10,3.907885,0.000634,10,3.908571,0.000645
4,5,6,1,0|0|1|2|1,0|0|1|1|0,0,10,3.897460,0.000824,10,3.897604,0.000678
4,5,6,1,0|0|1|2|0,0|0|1|2|0,0,10,3.844052,0.000612,10,3.844010,0.000591
4,5,6,1,0|0|1|3|0,0|0|1|0|1,0,10,3.900983,0.000567,10,3.900958,0.001024
4,5,6,1,0|0|1|3|1,0|0|1|0|0,0,10,3.887836,0.000925,10,3.887969,0.000547
4,5,6,1,0|0|1|3|0,0|0|1|1|0,0,10,3.839147,0.000546,10,3.838832,0.000706
4,5,6,1,0|0|1|4|0,0|0|1|0|0,0,10,3.829131,0.000641,10,3.829075,0.000491
4,5,6,1,0|0|1|0|0,0|0|2|0|3,0,10,3.890989,0.000575,10,3.891304,0.000936
4,5,6,1,0|0|1|0|1,0|0|2|0|2,0,10,3.892222,0.000713,10,3.892231,0.000739
4,5,6,1,0|0|1|0|2,0|0|2|0|1,0,10,3.886282,0.001228,10,3.885882,0.000886
4,5,6,1,0|0|1|0|3,0|0|2|0|0,0,10,3.872331,0.000511,10,3.872310,0.000630
4,5,6,1,0|0|1|0|0,0|0|2|1|2,0,10,3.914996,0.000802,10,3.914872,0.001268
4,5,6,1,0|0|1|0|1,0|0|2|1|1,0,10,3.913593,0.001083,10,3.913614,0.000913
4,5,6,1,0|0|1|0|2,0|0|2|1|0,0,10,3.902189,0.000547,10,3.902050,0.000891
4,5,6,1,0|0|1|0|0,0|0|2|2|1,0,10,3.901038,0.000752,10,3.900742,0.000894
4,5,6,1,0|0|1|0|1,0|0|2|2|0,0,10,3.889911,0.000665,10,3.890435,0.000673
4,5,6,1,0|0|1|0|0,0|0|2|3|0,0,10,3.829668,0.000402,10,3.829685,0.000444
4,5,6,1,0|0|1|1|0,0|0|2|0|2,0,10,3.905705,0.000759,10,3.905437,0.000730
4,5,6,1,0|0|1|1|1,0|0|2|0|1,0,10,3.901177,0.000691,10,3.901235,0.001175
4,5,6,1,0|0|1|1|2,0|0|2|0|0,0,10,3.886102,0.000998,10,3.886286,0.000647
4,5,6,1,0|0|1|1|0,0|0|2|1|1,0,10,3.897697,0.000346,10,3.897692,0.000829
4,5,6,1,0|0|1|1|1,0|0|2|1|0,0,10,3.885991,0.000620,10,3.885458,0.000733
4,5,6,1,0|0|1|1|0,0|0|2|2|0,0,10,3.829775,0.000453,10,3.830030,0.000535
4,5,6,1,0|0|1|2|0,0|0|2|0|1,0,10,3.886440,0.000720,10,3.886312,0.000500
4,5,6,1,0|0|1|2|1,0|0|2|0|0,0,10,3.869815,0.000690,10,3.870117,0.000746
4,5,6,1,0|0|1|2|0,0|0|2|1|0,0,10,3.823240,0.000589,10,3.822759,0.000491
4,5,6,1,0|0|1|3|0,0|0|2|0|0,0,10,3.808419,0.000338,10,3.808695,0.000312
4,5,6,1,0|0|1|0|0,0|0|3|0|2,0,10,3.859487,0.000879,10,3.859740,0.000791
4,5,6,1,0|0|1|0|1,0|0|3|0|1,0,10,3.856066,0.000718,10,3.856718,0.001045
4,5,6,1,0|0|1|0|2,0|0|3|0|0,0,10,3.832898,0.000804,10,3.833468,0.000623
4,5,6,1,0|0|1|0|0,0|0|3|1|1,0,10,3.873348,0.000930,10,3.873211,0.000752
4,5,6,1,0|0|1|0|1,0|0|3|1|0,0,10,3.857933,0.000508,10,3.858340,0.000457
4,5,6,1,0|0|1|0|0,0|0|3|2|0,0,10,3.797830,0.000604,10,3.797915,0.000588
4,5,6,1,0|0|1|1|0,0|0|3|0|1,0,10,3.857163,0.000409,10,3.857729,0.000633
4,5,6,1,0|0|1|1|1,0|0|3|0|0,0,10,3.835584,0.000876,10,3.835741,0.000704
4,5,6,1,0|0|1|1|0,0|0|3|1|0,0,10,3.792864,0.000437,10,3.793205,0.000417
4,5,6,1,0|0|1|2|0,0|0|3|0|0,0,10,3.771898,0.000644,10,3.772068,0.000457
4,5,6,1,0|0|1|0|0,0|0|4|0|1,0,10,3.782304,0.000376,10,3.782296,0.000577
4,5,6,1,0|0|1|0|1,0|0|4|0|0,0,10,3.754042,0.000827,10,3.753620,0.000599
4,5,6,1,0|0|1|0|0,0|0|4|1|0,0,10,3.731061,0.000579,10,3.731139,0.000469
4,5,6,1,0|0|1|1|0,0|0|4|0|0,0,10,3.704103,0.000599,10,3.704003,0.000661
4,5,6,1,0|0|1|0|0,0|0|5|0|0,0,10,3.528042,0.000480,10,3.527994,0.000320
4,5,6,1,0|0|2|0|0,0|0|0|0|4,0,10,3.904151,0.001303,10,3.903667,0.001338
4,5,6,1,0|0|2|0|1,0|0|0|0|3,0,10,3.905579,0.001187,10,3.905464,0.000848
4,5,6,1,0|0|2|0|2,0|0|0|0|2,0,10,3.902149,0.001114,10,3.902798,0.001319
4,5,6,1,0|0|2|0|3,0|0|0|0|1,0,10,3.898327,0.000889,10,3.898072,0.001064
4,5,6,1,0|0|2|0|4,0|0|0|0|0,0,10,3.890025,0.000735,10,3.889591,0.000855
4,5,6,1,0|0|2|0|0,0|0|0|1|3,0,10,3.929387,0.001133,10,3.929059,0.000988
4,5,6,1,0|0|2|0|1,0|0|0|1|2,0,10,3.929425,0.001056,10,3.929395,0.000848
4,5,6,1,0|0|2|0|2,0|0|0|1|1,0,10,3.925982,0.001151,10,3.926203,0.001006
4,5,6,1,0|0|2|0|3,0|0|0|1|0,0,10,3.919362,0.000442,10,3.919360,0.000722
4,5,6,1,0|0|2|0|0,0|0|0|2|2,0,10,3.926838,0.000872,10,3.926257,0.000835
4,5,6,1,0|0|2|0|1,0|0|0|2|1,0,10,3.926243,0.001062,10,3.926380,0.000927
4,5,6,1,0|0|2|0|2,0|0|0|2|0,0,10,3.916410,0.000683,10,3.916734,0.000797
4,5,6,1,0|0|2|0|0,0|0|0|3|1,0,10,3.910463,0.000539,10,3.910652,0.000821
4,5,6,1,0|0|2|0|1,0|0|0|3|0,0,10,3.901404,0.000411,10,3.901195,0.000526
4,5,6,1,0|0|2|0|0,0|0|0|4|0,0,10,3.842211,0.000309,10,3.841963,0.000481
4,5,6,1,0|0|2|1|0,0|0|0|0|3,0,10,3.921800,0.001105,10,3.920955,0.001378
4,5,6,1,0|0|2|1|1,0|0|0|0|2,0,10,3.920795,0.000840,10,3.920899,0.001225
4,5,6,1,0|0|2|1|2,0|0|0|0|1,0,10,3.915938,0.000928,10,3.915965,0.000811
4,5,6,1,0|0|2|1|3,0|0|0|0|0,0,10,3.906600,0.000923,10,3.906393,0.000902
4,5,6,1,0|0|2|1|0,0|0|0|1|2,0,10,3.924935,0.001329,10,3.924770,0.000945
4,5,6,1,0|0|2|1|1,0|0|0|1|1,0,10,3.923054,0.000697,10,3.922657,0.000559
4,5,6,1,0|0|2|1|2,0|0|0|1|0,0,10,3.914132,0.000830,10,3.913225,0.000497
4,5,6,1,0|0|2|1|0,0|0|0|2|1,0,10,3.909623,0.000994,10,3.909664,0.000950
4,5,6,1,0|0|2|1|1,0|0|0|2|0,0,10,3.899923,0.000643,10,3.899731,0.000715
4,5,6,1,0|0|2|1|0,0|0|0|3|0,0,10,3.843155,0.000545,10,3.843484,0.000359
4,5,6,1,0|0|2|2|0,0|0|0|0|2,0,10,3.916635,0.001288,10,3.916920,0.000372
4,5,6,1,0|0|2|2|1,0|0|0|0|1,0,10,3.913152,0.000872,10,3.913709,0.000991
4,5,6,1,0|0|2|2|2,0|0|0|0|0,0,10,3.899283,0.001103,10,3.899649,0.000937
4,5,6,1,0|0|2|2|0,0|0|0|1|1,0,10,3.904435,0.000689,10,3.904848,0.000573
4,5,6,1,0|0|2|2|1,0|0|0|1|0,0,10,3.893727,0.000713,10,3.893559,0.000427
4,5,6,1,0|0|2|2|0,0|0|0|2|0,0,10,3.839462,0.000667,10,3.839615,0.000721
4,5,6,1,0|0|2|3|0,0|0|0|0|1,0,10,3.896534,0.000305,10,3.896228,0.000828
4,5,6,1,0|0|2|3|1,0|0|0|0|0,0,10,3.882861,0.000487,10,3.882365,0.000561
4,5,6,1,0|0|2|3|0,0|0|0|1|0,0,10,3.832775,0.000687,10,3.833220,0.000503
4,5,6,1,0|0|2|4|0,0|0|0|0|0,0,10,3.821827,0.000655,10,3.821933,0.000530
4,5,6,1,0|0|2|0|0,0|0|1|0|3,0,10,3.890682,0.000601,10,3.890224,0.000736
4,5,6,1,0|0|2|0|1,0|0|1|0|2,0,10,3.891451,0.000850,10,3.891133,0.000661
4,5,6,1,0|0|2|0|2,0|0|1|0|1,0,10,3.885185,0.000911,10,3.884411,0.000732
4,5,6,1,0|0|2|0|3,0|0|1|0|0,0,10,3.870008,0.000644,10,3.870317,0.001071
4,5,6,1,0|0|2|0|0,0|0|1|1|2,0,10,3.913866,0.001100,10,3.913262,0.000831
4,5,6,1,0|0|2|0|1,0|0|1|1|1,0,10,3.912584,0.000819,10,3.912499,0.001192
4,5,6,1,0|0|2|0|2,0|0|1|1|0,0,10,3.900568,0.000726,10,3.900469,0.001119
4,5,6,1,0|0|2|0|0,0|0|1|2|1,0,10,3.899674,0.000747,10,3.899497,0.000778
4,5,6,1,0|0|2|0|1,0|0|1|2|0,0,10,3.889033,0.000590,10,3.888238,0.000783
4,5,6,1,0|0|2|0|0,0|0|1|3|0,0,10,3.828445,0.000445,10,3.828137,0.000647
4,5,6,1,0|0|2|1|0,0|0|1|0|2,0,10,3.903442,0.000981,10,3.903974,0.001080
4,5,6,1,0|0|2|1|1,0|0|1|0|1,0,10,3.899340,0.000683,10,3.899012,0.000884
4,5,6,1,0|0|2|1|2,0|0|1|0|0,0,10,3.883250,0.000789,10,3.883223,0.000874
4,5,6,1,0|0|2|1|0,0|0|1|1|1,0,10,3.896142,0.000605,10,3.895764,0.000889
4,5,6,1,0|0|2|1|1,0|0|1|1|0,0,10,3.883668,0.000863,10,3.883463,0.000751
4,5,6,1,0|0|2|1|0,0|0|1|2|0,0,10,3.827803,0.000647,10,3.828405,0.000506
4,5,6,1,0|0|2|2|0,0|0|1|0|1,0,10,3.883853,0.000572,10,3.883459,0.000647
4,5,6,1,0|0|2|2|1,0|0|1|0|0,0,10,3.866215,0.000693,10,3.866579,0.000551
4,5,6,1,0|0|2|2|0,0|0|1|1|0,0,10,3.820015,0.000777,10,3.820100,0.000531
4,5,6,1,0|0|2|3|0,0|0|1|0|0,0,10,3.804308,0.000820,10,3.804237,0.000499
4,5,6,1,0|0|2|0|0,0|0|2|0|2,0,10,3.858500,0.000873,10,3.858808,0.000676
4,5,6,1,0|0|2|0|1,0|0|2|0|1,0,10,3.855440,0.000806,10,3.855930,0.000882
4,5,6,1,0|0|2|0|2,0|0|2|0|0,0,10,3.831329,0.000478,10,3.831455,0.000825
4,5,6,1,0|0|2|0|0,0|0|2|1|1,0,10,3.872101,0.000560,10,3.871905,0.000628
4,5,6,1,0|0|2|0|1,0|0|2|1|0,0,10,3.856758,0.000596,10,3.856482,0.000423
4,5,6,1,0|0|2|0|0,0|0|2|2|0,0,10,3.796107,0.000633,10,3.796110,0.000410
4,5,6,1,0|0|2|1|0,0|0|2|0|1,0,10,3.855748,0.000535,10,3.855231,0.000553
4,5,6,1,0|0|2|1|1,0|0|2|0|0,0,10,3.832865,0.000479,10,3.833027,0.000716
4,5,6,1,0|0|2|1|0,0|0|2|1|0,0,10,3.791478,0.000674,10,3.790976,0.000857
4,5,6,1,0|0|2|2|0,0|0|2|0|0,0,10,3.768420,0.000559,10,3.768654,0.000532
4,5,6,1,0|0|2|0|0,0|0|3|0|1,0,10,3.781640,0.000540,10,3.781729,0.000377
4,5,6,1,0|0|2|0|1,0|0|3|0|0,0,10,3.752759,0.000499,10,3.752706,0.000558
4,5,6,1,0|0|2|0|0,0|0|3|1|0,0,10,3.730644,0.000629,10,3.730783,0.000400
4,5,6,1,0|0|2|1|0,0|0|3|0|0,0,10,3.702514,0.000490,10,3.702751,0.000264
4,5,6,1,0|0|2|0|0,0|0|4|0|0,0,10,3.530672,0.000465,10,3.530575,0.000675
4,5,6,1,0|0|3|0|0,0|0|0|0|3,0,10,3.889652,0.000891,10,3.889721,0.001116
4,5,6,1,0|0|3|0|1,0|0|0|0|2,0,10,3.890393,0.000836,10,3.890479,0.000794
4,5,6,1,0|0|3|0|2,0|0|0|0|1,0,10,3.883804,0.001074,10,3.884027,0.000893
4,5,6,1,0|0|3|0|3,0|0|0|0|0,0,10,3.868304,0.000788,10,3.868337,0.000945
4,5,6,1,0|0|3|0|0,0|0|0|1|2,0,10,3.912729,0.000723,10,3.913492,0.000821
4,5,6,1,0|0|3|0|1,0|0|0|1|1,0,10,3.912151,0.001104,10,3.912259,0.000890
4,5,6,1,0|0|3|0|2,0|0|0|1|0,0,10,3.899525,0.000665,10,3.899076,0.000627
4,5,6,1,0|0|3|0|0,0|0|0|2|1,0,10,3.898510,0.000640,10,3.898678,0.000847
4,5,6,1,0|0|3|0|1,0|0|0|2|0,0,10,3.887103,0.000767,10,3.887449,0.000546
4,5,6,1,0|0|3|0|0,0|0|0|3|0,0,10,3.826896,0.000563,10,3.826490,0.000659
4,5,6,1,0|0|3|1|0,0|0|0|0|2,0,10,3.902952,0.000876,10,3.903272,0.000602
4,5,6,1,0|0|3|1|1,0|0|0|0|1,0,10,3.898399,0.000651,10,3.898685,0.000843
4,5,6,1,0|0|3|1|2,0|0|0|0|0,0,10,3.881565,0.000846,10,3.881555,0.000806
4,5,6,1,0|0|3|1|0,0|0|0|1|1,0,10,3.895512,0.000735,10,3.895496,0.000515
4,5,6,1,0|0|3|1|1,0|0|0|1|0,0,10,3.882676,0.000651,10,3.882493,0.000582
4,5,6,1,0|0|3|1|0,0|0|0|2|0,0,10,3.826908,0.000606,10,3.826880,0.000587
4,5,6,1,0|0|3|2|0,0|0|0|0|1,0,10,3.882401,0.000996,10,3.882107,0.000662
4,5,6,1,0|0|3|2|1,0|0|0|0|0,0,10,3.864914,0.000528,10,3.864712,0.000633
4,5,6,1,0|0|3|2|0,0|0|0|1|0,0,10,3.818354,0.000649,10,3.818289,0.000549
4,5,6,1,0|0|3|3|0,0|0|0|0|0,0,10,3.801410,0.000463,10,3.801291,0.000354
4,5,6,1,0|0|3|0|0,0|0|1|0|2,0,10,3.858342,0.001130,10,3.857854,0.000499
4,5,6,1,0|0|3|0|1,0|0|1|0|1,0,10,3.855751,0.000904,10,3.855049,0.000416
4,5,6,1,0|0|3|0|2,0|0|1|0|0,0,10,3.830344,0.000595,10,3.830575,0.001147
4,5,6,1,0|0|3|0|0,0|0|1|1|1,0,10,3.871833,0.001109,10,3.871696,0.000426
4,5,6,1,0|0|3|0|1,0|0|1|1|0,0,10,3.856079,0.000635,10,3.856156,0.001102
4,5,6,1,0|0|3|0|0,0|0|1|2|0,0,10,3.795674,0.000365,10,3.795371,0.000314
4,5,6,1,0|0|3|1|0,0|0|1|0|1,0,10,3.855375,0.000544,10,3.855572,0.000474
4,5,6,1,0|0|3|1|1,0|0|1|0|0,0,10,3.832332,0.000540,10,3.832307,0.000563
4,5,6,1,0|0|3|1|0,0|0|1|1|0,0,10,3.790939,0.000481,10,3.790741,0.000601
4,5,6,1,0|0|3|2|0,0|0|1|0|0,0,10,3.767274,0.000503,10,3.767078,0.000607
4,5,6,1,0|0|3|0|0,0|0|2|0|1,0,10,3.781931,0.000729,10,3.781806,0.000592
4,5,6,1,0|0|3|0|1,0|0|2|0|0,0,10,3.752083,0.000826,10,3.752450,0.000811
4,5,6,1,0|0|3|0|0,0|0|2|1|0,0,10,3.730297,0.000390,10,3.730864,0.000582
4,5,6,1,0|0|3|1|0,0|0|2|0|0,0,10,3.702471,0.000626,10,3.702432,0.000492
4,5,6,1,0|0|3|0|0,0|0|3|0|0,0,10,3.531452,0.000360,10,3.531633,0.000484
4,5,6,1,0|0|4|0|0,0|0|0|0|2,0,10,3.858019,0.000957,10,3.857735,0.001141
4,5,6,1,0|0|4|0|1,0|0|0|0|1,0,10,3.854933,0.000836,10,3.855198,0.000706
4,5,6,1,0|0|4|0|2,0|0|0|0|0,0,10,3.829798,0.000968,10,3.830023,0.000532
4,5,6,1,0|0|4|0|0,0|0|0|1|1,0,10,3.871729,0.000576,10,3.871879,0.000812
4,5,6,1,0|0|4|0|1,0|0|0|1|0,0,10,3.855745,0.000623,10,3.855795,0.000734
4,5,6,1,0|0|4|0|0,0|0|0|2|0,0,10,3.794771,0.000370,10,3.794934,0.000310
4,5,6,1,0|0|4|1|0,0|0|0|0|1,0,10,3.855159,0.000708,10,3.854914,0.000738
4,5,6,1,0|0|4|1|1,0|0|0|0|0,0,10,3.831810,0.000516,10,3.831731,0.000741
4,5,6,1,0|0|4|1|0,0|0|0|1|0,0,10,3.790835,0.000327,10,3.790737,0.000404
4,5,6,1,0|0|4|2|0,0|0|0|0|0,0,10,3.766431,0.000557,10,3.766344,0.000423
4,5,6,1,0|0|4|0|0,0|0|1|0|1,0,10,3.781822,0.000731,10,3.781927,0.000534
4,5,6,1,0|0|4|0|1,0|0|1|0|0,0,10,3.752919,0.000638,10,3.752720,0.000553
4,5,6,1,0|0|4|0|0,0|0|1|1|0,0,10,3.730540,0.000513,10,3.730785,0.000385
4,5,6,1,0|0|4|1|0,0|0|1|0|0,0,10,3.702326,0.000423,10,3.702150,0.000466
4,5,6,1,0|0|4|0|0,0|0|2|0|0,0,10,3.531899,0.000440,10,3.531776,0.000930
4,5,6,1,0|0|5|0|0,0|0|0|0|1,0,10,3.781290,0.000315,10,3.781592,0.000760
4,5,6,1,0|0|5|0|1,0|0|0|0|0,0,10,3.752336,0.000367,10,3.752490,0.000659
4,5,6,1,0|0|5|0|0,0|0|0|1|0,0,10,3.730288,0.000432,10,3.730439,0.000582
4,5,6,1,0|0|5|1|0,0|0|0|0|0,0,10,3.702456,0.000547,10,3.702267,0.000508
4,5,6,1,0|0|5|0|0,0|0|1|0|0,0,10,3.531785,0.000505,10,3.531878,0.000432
4,5,6,1,0|0|6|0|0,0|0|0|0|0,0,10,3.531909,0.000478,10,3.532102,0.000449
4,5,6,1,0|0|0|0|0,0|1|0|0|5,0,10,3.883320,0.001025,10,3.883655,0.000791
4,5,6,1,0|0|0|0|1,0|1|0|0|4,0,10,3.885264,0.000723,10,3.885218,0.000928
4,5,6,1,0|0|0|0|2,0|1|0|0|3,0,10,3.884554,0.000621,10,3.884235,0.000755
4,5,6,1,0|0|0|0|3,0|1|0|0|2,0,10,3.882445,0.001061,10,3.882298,0.000971
4,5,6,1,0|0|0|0|4,0|1|0|0|1,0,10,3.879394,0.001229,10,3.879258,0.001503
4,5,6,1,0|0|0|0|5,0|1|0|0|0,0,10,3.873644,0.000721,10,3.873082,0.000569
4,5,6,1,0|0|0|0|0,0|1|0|1|4,0,10,3.926733,0.001003,10,3.925822,0.001401
4,5,6,1,0|0|0|0|1,0|1|0|1|3,0,10,3.926241,0.001141,10,3.926675,0.001176
4,5,6,1,0|0|0|0|2,0|1|0|1|2,0,10,3.926155,0.000930,10,3.925206,0.001595
4,5,6,1,0|0|0|0|3,0|1|0|1|1,0,10,3.923338,0.001477,10,3.923682,0.001088
4,5,6,1,0|0|0|0|4,0|1|0|1|0,0,10,3.919123,0.000920,10,3.918924,0.000532
4,5,6,1,0|0|0|0|0,0|1|0|2|3,0,10,3.926987,0.001236,10,3.926503,0.000679
4,5,6,1,0|0|0|0|1,0|1|0|2|2,0,10,3.928113,0.000737,10,3.927709,0.000810
4,5,6,1,0|0|0|0|2,0|1|0|2|1,0,10,3.924953,0.000624,10,3.924814,0.000736
4,5,6,1,0|0|0|0|3,0|1|0|2|0,0,10,3.917756,0.001086,10,3.917554,0.000989
4,5,6,1,0|0|0|0|0,0|1|0|3|2,0,10,3.917066,0.000969,10,3.917566,0.000464
4,5,6,1,0|0|0|0|1,0|1|0|3|1,0,10,3.917446,0.001157,10,3.917254,0.000845
4,5,6,1,0|0|0|0|2,0|1|0|3|0,0,10,3.905664,0.000715,10,3.906212,0.000936
4,5,6,1,0|0|0|0|0,0|1|0|4|1,0,10,3.888577,0.000552,10,3.888528,0.000600
4,5,6,1,0|0|0|0|1,0|1|0|4|0,0,10,3.875778,0.000779,10,3.875796,0.000407
4,5,6,1,0|0|0|0|0,0|1|0|5|0,0,10,3.773287,0.000476,10,3.773589,0.000409
4,5,6,1,0|0|0|1|0,0|1|0|0|4,0,10,3.920943,0.001479,10,3.920543,0.001323
4,5,6,1,0|0|0|1|1,0|1|0|0|3,0,10,3.920999,0.000843,10,3.921421,0.001169
4,5,6,1,0|0|0|1|2,0|1|0|0|2,0,10,3.918861,0.000908,10,3.919411,0.001147
4,5,6,1,0|0|0|1|3,0|1|0|0|1,0,10,3.915734,0.000844,10,3.915964,0.000699
4,5,6,1,0|0|0|1|4,0|1|0|0|0,0,10,3.910119,0.001469,10,3.909936,0.001120
4,5,6,1,0|0|0|1|0,0|1|0|1|3,0,10,3.926178,0.001202,10,3.926610,0.001017
4,5,6,1,0|0|0|1|1,0|1|0|1|2,0,10,3.927173,0.000819,10,3.926183,0.001171
4,5,6,1,0|0|0|1|2,0|1|0|1|1,0,10,3.923564,0.000819,10,3.923655,0.001217
4,5,6,1,0|0|0|1|3,0|1|0|1|0,0,10,3.916680,0.001084,10,3.915848,0.000850
4,5,6,1,0|0|0|1|0,0|1|0|2|2,0,10,3.917640,0.001118,10,3.917288,0.000958
4,5,6,1,0|0|0|1|1,0|1|0|2|1,0,10,3.916722,0.001140,10,3.916636,0.000693
4,5,6,1,0|0|0|1|2,0|1|0|2|0,0,10,3.905534,0.000615,10,3.905352,0.000777
4,5,6,1,0|0|0|1|0,0|1|0|3|1,0,10,3.888336,0.000673,10,3.887851,0.000412
4,5,6,1,0|0|0|1|1,0|1|0|3|0,0,10,3.875085,0.000466,10,3.875437,0.000559
4,5,6,1,0|0|0|1|0,0|1|0|4|0,0,10,3.775419,0.000612,10,3.775269,0.000346
4,5,6,1,0|0|0|2|0,0|1|0|0|3,0,10,3.921207,0.001137,10,3.921501,0.001121
4,5,6,1,0|0|0|2|1,0|1|0|0|2,0,10,3.921554,0.000996,10,3.921915,0.001314
4,5,6,1,0|0|0|2|2,0|1|0|0|1,0,10,3.917156,0.000517,10,3.916837,0.001081
4,5,6,1,0|0|0|2|3,0|1|0|0|0,0,10,3.906569,0.000719,10,3.907186,0.000904
4,5,6,1,0|0|0|2|0,0|1|0|1|2,0,10,3.914911,0.000800,10,3.915146,0.000773
4,5,6,1,0|0|0|2|1,0|1|0|1|1,0,10,3.913710,0.000833,10,3.913218,0.001093
4,5,6,1,0|0|0|2|2,0|1|0|1|0,0,10,3.900900,0.000377,10,3.901233,0.000797
4,5,6,1,0|0|0|2|0,0|1|0|2|1,0,10,3.886094,0.000672,10,3.886142,0.000491
4,5,6,1,0|0|0|2|1,0|1|0|2|0,0,10,3.872108,0.000730,10,3.872628,0.000958
4,5,6,1,0|0|0|2|0,0|1|0|3|0,0,10,3.774716,0.000472,10,3.774875,0.000699
4,5,6,1,0|0|0|3|0,0|1|0|0|2,0,10,3.910338,0.000599,10,3.910498,0.000667
4,5,6,1,0|0|0|3|1,0|1|0|0|1,0,10,3.908944,0.001266,10,3.909612,0.000523
4,5,6,1,0|0|0|3|2,0|1|0|0|0,0,10,3.893952,0.000709,10,3.893593,0.000750
4,5,6,1,0|0|0|3|0,0|1|0|1|1,0,10,3.883724,0.000559,10,3.884126,0.000605
4,5,6,1,0|0|0|3|1,0|1|0|1|0,0,10,3.869248,0.000491,10,3.869233,0.000674
4,5,6,1,0|0|0|3|0,0|1|0|2|0,0,10,3.773321,0.000519,10,3.773123,0.000582
4,5,6,1,0|0|0|4|0,0|1|0|0|1,0,10,3.879822,0.000391,10,3.880135,0.000597
4,5,6,1,0|0|0|4|1,0|1|0|0|0,0,10,3.864087,0.000507,10,3.864346,0.000340
4,5,6,1,0|0|0|4|0,0|1|0|1|0,0,10,3.771086,0.000403,10,3.771320,0.000520
4,5,6,1,0|0|0|5|0,0|1|0|0|0,0,10,3.767367,0.000351,10,3.767163,0.000400
4,5,6,1,0|0|0|0|0,0|1|1|0|4,0,10,3.910911,0.001045,10,3.911038,0.000763
4,5,6,1,0|0|0|0|1,0|1|1|0|3,0,10,3.912879,0.000865,10,3.913003,0.000760
4,5,6,1,0|0|0|0|2,0|1|1|0|2,0,10,3.911042,0.000826,10,3.911502,0.001300
4,5,6,1,0|0|0|0|3,0|1|1|0|1,0,10,3.907863,0.000858,10,3.908529,0.001392
4,5,6,1,0|0|0|0|4,0|1|1|0|0,0,10,3.901818,0.000845,10,3.900899,0.001150
4,5,6,1,0|0|0|0|0,0|1|1|1|3,1,30,3.934744,0.001257,0,,
4,5,6,1,0|0|0|0|1,0|1|1|1|2,0,10,3.935888,0.001239,10,3.935020,0.000744
4,5,6,1,0|0|0|0|2,0|1|1|1|1,0,10,3.932798,0.001001,10,3.933478,0.000796
4,5,6,1,0|0|0|0|3,0|1|1|1|0,0,10,3.928263,0.000986,10,3.927776,0.001025
4,5,6,1,0|0|0|0|0,0|1|1|2|2,1,30,3.934029,0.001095,0,,
4,5,6,1,0|0|0|0|1,0|1|1|2|1,0,10,3.933624,0.001226,10,3.933646,0.001122
4,5,6,1,0|0|0|0|2,0|1|1|2|0,0,10,3.926822,0.000836,10,3.926617,0.001144
4,5,6,1,0|0|0|0|0,0|1|1|3|1,0,10,3.921615,0.000740,10,3.921524,0.000576
4,5,6,1,0|0|0|0|1,0|1|1|3|0,0,10,3.914355,0.000880,10,3.914016,0.000705
4,5,6,1,0|0|0|0|0,0|1|1|4|0,0,10,3.862767,0.000529,10,3.862663,0.000606
4,5,6,1,0|0|0|1|0,0|1|1|0|3,0,10,3.929537,0.001032,10,3.929185,0.001584
4,5,6,1,0|0|0|1|1,0|1|1|0|2,0,10,3.929808,0.000812,10,3.929508,0.001150
4,5,6,1,0|0|0|1|2,0|1|1|0|1,0,10,3.926404,0.001105,10,3.926597,0.000787
4,5,6,1,0|0|0|1|3,0|1|1|0|0,0,10,3.918772,0.000868,10,3.918885,0.000808
4,5,6,1,0|0|0|1|0,0|1|1|1|2,0,10,3.933058,0.001222,10,3.933388,0.001096
4,5,6,1,0|0|0|1|1,0|1|1|1|1,0,10,3.932324,0.001067,10,3.932745,0.000866
4,5,6,1,0|0|0|1|2,0|1|1|1|0,0,10,3.924959,0.001007,10,3.924787,0.000965
4,5,6,1,0|0|0|1|0,0|1|1|2|1,0,10,3.921031,0.000983,10,3.920899,0.000546
4,5,6,1,0|0|0|1|1,0|1|1|2|0,0,10,3.914040,0.000680,10,3.913636,0.000964
4,5,6,1,0|0|0|1|0,0|1|1|3|0,0,10,3.864090,0.000536,10,3.864238,0.000768
4,5,6,1,0|0|0|2|0,0|1|1|0|2,0,10,3.926997,0.000928,10,3.926856,0.000919
4,5,6,1,0|0|0|2|1,0|1|1|0|1,0,10,3.924571,0.000620,10,3.924949,0.001054
4,5,6,1,0|0|0|2|2,0|1|1|0|0,0,10,3.914024,0.000610,10,3.914977,0.000913
4,5,6,1,0|0|0|2|0,0|1|1|1|1,0,10,3.918051,0.001135,10,3.917929,0.001389
4,5,6,1,0|0|0|2|1,0|1|1|1|0,0,10,3.909347,0.000516,10,3.909217,0.000845
4,5,6,1,0|0|0|2|0,0|1|1|2|0,0,10,3.861377,0.000594,10,3.861538,0.000618
4,5,6,1,0|0|0|3|0,0|1|1|0|1,0,10,3.911421,0.000806,10,3.911377,0.000790
4,5,6,1,0|0|0|3|1,0|1|1|0|0,0,10,3.901077,0.000682,10,3.900910,0.000691
4,5,6,1,0|0|0|3|0,0|1|1|1|0,0,10,3.856846,0.000717,10,3.856964,0.000779
4,5,6,1,0|0|0|4|0,0|1|1|0|0,0,10,3.848151,0.000445,10,3.848102,0.000581
4,5,6,1,0|0|0|0|0,0|1|2|0|3,0,10,3.903269,0.000766,10,3.903125,0.000816
4,5,6,1,0|0|0|0|1,0|1|2|0|2,0,10,3.905181,0.001157,10,3.904321,0.000953
4,5,6,1,0|0|0|0|2,0|1|2|0|1,0,10,3.900212,0.000489,10,3.899988,0.001303
4,5,6,1,0|0|0|0|3,0|1|2|0|0,0,10,3.889142,0.000655,10,3.888481,0.001122
4,5,6,1,0|0|0|0|0,0|1|2|1|2,0,10,3.924730,0.001003,10,3.924577,0.000881
4,5,6,1,0|0|0|0|1,0|1|2|1|1,0,10,3.923514,0.000818,10,3.923763,0.000859
4,5,6,1,0|0|0|0|2,0|1|2|1|0,0,10,3.914929,0.000811,10,3.914304,0.000601
4,5,6,1,0|0|0|0|0,0|1|2|2|1,0,10,3.914521,0.000655,10,3.913864,0.001244
4,5,6,1,0|0|0|0|1,0|1|2|2|0,0,10,3.906050,0.000643,10,3.906165,0.000821
4,5,6,1,0|0|0|0|0,0|1|2|3|0,0,10,3.856153,0.000657,10,3.856455,0.000515
4,5,6,1,0|0|0|1|0,0|1|2|0|2,0,10,3.917488,0.000737,10,3.917114,0.000791
4,5,6,1,0|0|0|1|1,0|1|2|0|1,0,10,3.914312,0.000697,10,3.914342,0.000960
4,5,6,1,0|0|0|1|2,0|1|2|0|0,0,10,3.901661,0.000533,10,3.902194,0.000868
4,5,6,1,0|0|0|1|0,0|1|2|1|1,0,10,3.912360,0.001051,10,3.912351,0.000829
4,5,6,1,0|0|0|1|1,0|1|2|1|0,0,10,3.903273,0.000775,10,3.903399,0.000613
4,5,6,1,0|0|0|1|0,0|1|2|2|0,0,10,3.857094,0.000753,10,3.857756,0.000673
4,5,6,1,0|0|0|2|0,0|1|2|0|1,0,10,3.902548,0.000573,10,3.902285,0.000888
4,5,6,1,0|0|0|2|1,0|1|2|0|0,0,10,3.889261,0.000649,10,3.889671,0.000916
4,5,6,1,0|0|0|2|0,0|1|2|1|0,0,10,3.850561,0.000609,10,3.850693,0.000436
4,5,6,1,0|0|0|3|0,0|1|2|0|0,0,10,3.837276,0.000682,10,3.837492,0.000677
4,5,6,1,0|0|0|0|0,0|1|3|0|2,0,10,3.878059,0.000854,10,3.877840,0.000653
4,5,6,1,0|0|0|0|1,0|1|3|0|1,0,10,3.876750,0.000437,10,3.876899,0.000676
4,5,6,1,0|0|0|0|2,0|1|3|0|0,0,10,3.856953,0.000729,10,3.856821,0.000600
4,5,6,1,0|0|0|0|0,0|1|3|1|1,0,10,3.891123,0.000534,10,3.891122,0.000774
4,5,6,1,0|0|0|0|1,0|1|3|1|0,0,10,3.879245,0.000524,10,3.879492,0.000492
4,5,6,1,0|0|0|0|0,0|1|3|2|0,0,10,3.828162,0.000414,10,3.828756,0.000750
4,5,6,1,0|0|0|1|0,0|1|3|0|1,0,10,3.878812,0.000745,10,3.879046,0.000435
4,5,6,1,0|0|0|1|1,0|1|3|0|0,0,10,3.860892,0.000652,10,3.860947,0.000845
4,5,6,1,0|0|0|1|0,0|1|3|1|0,0,10,3.825583,0.000798,10,3.825966,0.000648
4,5,6,1,0|0|0|2|0,0|1|3|0|0,0,10,3.805443,0.000390,10,3.805389,0.000488
4,5,6,1,0|0|0|0|0,0|1|4|0|1,0,10,3.811100,0.000582,10,3.811086,0.000348
4,5,6,1,0|0|0|0|1,0|1|4|0|0,0,10,3.787198,0.000896,10,3.787711,0.000554
4,5,6,1,0|0|0|0|0,0|1|4|1|0,0,10,3.767171,0.000541,10,3.767128,0.000272
4,5,6,1,0|0|0|1|0,0|1|4|0|0,0,10,3.744293,0.000514,10,3.744230,0.000453
4,5,6,1,0|0|0|0|0,0|1|5|0|0,0,10,3.576295,0.000569,10,3.576304,0.000416
4,5,6,1,0|0|1|0|0,0|1|0|0|4,0,10,3.908202,0.000684,10,3.908432,0.000765
4,5,6,1,0|0|1|0|1,0|1|0|0|3,0,10,3.909175,0.001062,10,3.909210,0.001825
4,5,6,1,0|0|1|0|2,0|1|0|0|2,0,10,3.906846,0.000979,10,3.907686,0.001459
4,5,6,1,0|0|1|0|3,0|1|0|0|1,0,10,3.903759,0.001142,10,3.903398,0.000801
4,5,6,1,0|0|1|0|4,0|1|0|0|0,0,10,3.895180,0.000963,10,3.895841,0.000879
4,5,6,1,0|0|1|0|0,0|1|0|1|3,0,10,3.931356,0.001234,10,3.931738,0.001119
4,5,6,1,0|0|1|0|1,0|1|0|1|2,0,10,3.931987,0.000803,10,3.931277,0.000964
4,5,6,1,0|0|1|0|2,0|1|0|1|1,0,10,3.929138,0.000929,10,3.929201,0.001244
4,5,6,1,0|0|1|0|3,0|1|0|1|0,0,10,3.922876,0.000843,10,3.923427,0.000743
4,5,6,1,0|0|1|0|0,0|1|0|2|2,0,10,3.930438,0.000805,10,3.930609,0.001198
4,5,6,1,0|0|1|0|1,0|1|0|2|1,0,10,3.930039,0.001124,10,3.930152,0.000811
4,5,6,1,0|0|1|0|2,0|1|0|2|0,0,10,3.921384,0.000959,10,3.921797,0.000925
4,5,6,1,0|0|1|0|0,0|1|0|3|1,0,10,3.915994,0.001188,10,3.916012,0.000953
4,5,6,1,0|0|1|0|1,0|1|0|3|0,0,10,3.907886,0.000868,10,3.906993,0.000675
4,5,6,1,0|0|1|0|0,0|1|0|4|0,0,10,3.853053,0.000748,10,3.853241,0.000546
4,5,6,1,0|0|1|1|0,0|1|0|0|3,0,10,3.925116,0.001054,10,3.924646,0.001208
4,5,6,1,0|0|1|1|1,0|1|0|0|2,0,10,3.924756,0.001183,10,3.924022,0.000874
4,5,6,1,0|0|1|1|2,0|1|0|0|1,0,10,3.920376,0.000862,10,3.919427,0.001161
4,5,6,1,0|0|1|1|3,0|1|0|0|0,0,10,3.911410,0.001109,10,3.911584,0.000932
4,5,6,1,0|0|1|1|0,0|1|0|1|2,0,10,3.928835,0.000706,10,3.928478,0.000902
4,5,6,1,0|0|1|1|1,0|1|0|1|1,0,10,3.926864,0.000926,10,3.927049,0.001245
4,5,6,1,0|0|1|1|2,0|1|0|1|0,0,10,3.918042,0.000684,10,3.918531,0.000736
4,5,6,1,0|0|1|1|0,0|1|0|2|1,0,10,3.914655,0.000580,10,3.914544,0.000773
4,5,6,1,0|0|1|1|1,0|1|0|2|0,0,10,3.906103,0.001092,10,3.905856,0.000644
4,5,6,1,0|0|1|1|0,0|1|0|3|0,0,10,3.853766,0.000602,10,3.853788,0.000404
4,5,6,1,0|0|1|2|0,0|1|0|0|2,0,10,3.920916,0.001217,10,3.920798,0.000690
4,5,6,1,0|0|1|2|1,0|1|0|0|1,0,10,3.918410,0.001041,10,3.918788,0.000586
4,5,6,1,0|0|1|2|2,0|1|0|0|0,0,10,3.905648,0.001006,10,3.905467,0.000632
4,5,6,1,0|0|1|2|0,0|1|0|1|1,0,10,3.910570,0.000849,10,3.910173,0.000953
4,5,6,1,0|0|1|2|1,0|1|0|1|0,0,10,3.900485,0.001066,10,3.900425,0.000803
4,5,6,1,0|0|1|2|0,0|1|0|2|0,0,10,3.850370,0.000509,10,3.850561,0.000715
4,5,6,1,0|0|1|3|0,0|1|0|0|1,0,10,3.903030,0.000776,10,3.903185,0.000899
4,5,6,1,0|0|1|3|1,0|1|0|0|0,0,10,3.889914,0.000520,10,3.890756,0.000675
4,5,6,1,0|0|1|3|0,0|1|0|1|0,0,10,3.845481,0.000700,10,3.845082,0.000413
4,5,6,1,0|0|1|4|0,0|1|0|0|0,0,10,3.835263,0.000513,10,3.835056,0.000415
4,5,6,1,0|0|1|0|0,0|1|1|0|3,0,10,3.902491,0.000783,10,3.903377,0.000978
4,5,6,1,0|0|1|0|1,0|1|1|0|2,0,10,3.903479,0.001233,10,3.903415,0.000502
4,5,6,1,0|0|1|0|2,0|1|1|0|1,0,10,3.898783,0.000994,10,3.898617,0.000789
4,5,6,1,0|0|1|0|3,0|1|1|0|0,0,10,3.886754,0.000888,10,3.886541,0.000874
4,5,6,1,0|0|1|0|0,0|1|1|1|2,0,10,3.922624,0.001514,10,3.922912,0.000660
4,5,6,1,0|0|1|0|1,0|1|1|1|1,0,10,3.921371,0.000655,10,3.921744,0.000869
4,5,6,1,0|0|1|0|2,0|1|1|1|0,0,10,3.911996,0.000887,10,3.911678,0.000864
4,5,6,1,0|0|1|0|0,0|1|1|2|1,0,10,3.912130,0.000702,10,3.912227,0.001121
4,5,6,1,0|0|1|0|1,0|1|1|2|0,0,10,3.903819,0.000981,10,3.903528,0.000585
4,5,6,1,0|0|1|0|0,0|1|1|3|0,0,10,3.854835,0.000447,10,3.854823,0.000721
4,5,6,1,0|0|1|1|0,0|1|1|0|2,0,10,3.914334,0.001059,10,3.913670,0.000766
4,5,6,1,0|0|1|1|1,0|1|1|0|1,0,10,3.910508,0.000962,10,3.911036,0.001233
4,5,6,1,0|0|1|1|2,0|1|1|0|0,0,10,3.897923,0.000868,10,3.897755,0.001012
4,5,6,1,0|0|1|1|0,0|1|1|1|1,0,10,3.909741,0.000710,10,3.908683,0.000791
4,5,6,1,0|0|1|1|1,0|1|1|1|0,0,10,3.898746,0.000553,10,3.899139,0.000519
4,5,6,1,0|0|1|1|0,0|1|1|2|0,0,10,3.854526,0.000480,10,3.854370,0.000622
4,5,6,1,0|0|1|2|0,0|1|1|0|1,0,10,3.898965,0.000439,10,3.899069,0.000531
4,5,6,1,0|0|1|2|1,0|1|1|0|0,0,10,3.884795,0.000471,10,3.884385,0.000605
4,5,6,1,0|0|1|2|0,0|1|1|1|0,0,10,3.847638,0.000657,10,3.847706,0.000572
4,5,6,1,0|0|1|3|0,0|1|1|0|0,0,10,3.833671,0.000560,10,3.833663,0.000691
4,5,6,1,0|0|1|0|0,0|1|2|0|2,0,10,3.878088,0.000893,10,3.877904,0.000838
4,5,6,1,0|0|1|0|1,0|1|2|0|1,0,10,3.875657,0.000755,10,3.875286,0.001196
4,5,6,1,0|0|1|0|2,0|1|2|0|0,0,10,3.855324,0.000430,10,3.855042,0.000791
4,5,6,1,0|0|1|0|0,0|1|2|1|1,0,10,3.889315,0.000538,10,3.888837,0.000670
4,5,6,1,0|0|1|0|1,0|1|2|1|0,0,10,3.876342,0.000815,10,3.876612,0.000685
4,5,6,1,0|0|1|0|0,0|1|2|2|0,0,10,3.827207,0.000350,10,3.827580,0.000456
4,5,6,1,0|0|1|1|0,0|1|2|0|1,0,10,3.875287,0.000516,10,3.875085,0.000834
4,5,6,1,0|0|1|1|1,0|1|2|0|0,0,10,3.856300,0.000615,10,3.856778,0.000797
4,5,6,1,0|0|1|1|0,0|1|2|1|0,0,10,3.823015,0.000479,10,3.822897,0.000499
4,5,6,1,0|0|1|2|0,0|1|2|0|0,0,10,3.802892,0.000529,10,3.802453,0.000837
4,5,6,1,0|0|1|0|0,0|1|3|0|1,0,10,3.810597,0.000709,10,3.810750,0.000508
4,5,6,1,0|0|1|0|1,0|1|3|0|0,0,10,3.785766,0.000543,10,3.785635,0.000430
4,5,6,1,0|0|1|0|0,0|1|3|1|0,0,10,3.766805,0.000219,10,3.766795,0.000417
4,5,6,1,0|0|1|1|0,0|1|3|0|0,0,10,3.741377,0.000344,10,3.741067,0.000325
4,5,6,1,0|0|1|0|0,0|1|4|0|0,0,10,3.581876,0.000297,10,3.581803,0.000431
4,5,6,1,0|0|2|0|0,0|1|0|0|3,0,10,3.900890,0.001453,10,3.900213,0.000835
4,5,6,1,0|0|2|0|1,0|1|0|0|2,0,10,3.901147,0.001363,10,3.901693,0.000923
4,5,6,1,0|0|2|0|2,0|1|0|0|1,0,10,3.895925,0.001109,10,3.895610,0.001031
4,5,6,1,0|0|2|0|3,0|1|0|0|0,0,10,3.881737,0.000904,10,3.882574,0.000770
4,5,6,1,0|0|2|0|0,0|1|0|1|2,0,10,3.920477,0.000955,10,3.920334,0.001712
4,5,6,1,0|0|2|0|1,0|1|0|1|1,0,10,3.919059,0.001075,10,3.919281,0.000980
4,5,6,1,0|0|2|0|2,0|1|0|1|0,0,10,3.908556,0.001078,10,3.908437,0.000577
4,5,6,1,0|0|2|0|0,0|1|0|2|1,0,10,3.909520,0.000456,10,3.909076,0.000885
4,5,6,1,0|0|2|0|1,0|1|0|2|0,0,10,3.900108,0.001095,10,3.899364,0.000604
4,5,6,1,0|0|2|0|0,0|1|0|3|0,0,10,3.849868,0.000575,10,3.849604,0.000543
4,5,6,1,0|0|2|1|0,0|1|0|0|2,0,10,3.910702,0.000473,10,3.911165,0.000783
4,5,6,1,0|0|2|1|1,0|1|0|0|1,0,10,3.907092,0.001116,10,3.907297,0.000976
4,5,6,1,0|0|2|1|2,0|1|0|0|0,0,10,3.892338,0.001059,10,3.892896,0.000857
4,5,6,1,0|0|2|1|0,0|1|0|1|1,0,10,3.905804,0.000986,10,3.905934,0.001115
4,5,6,1,0|0|2|1|1,0|1|0|1|0,0,10,3.894790,0.001198,10,3.894888,0.000464
4,5,6,1,0|0|2|1|0,0|1|0|2|0,0,10,3.849598,0.000450,10,3.849409,0.000409
4,5,6,1,0|0|2|2|0,0|1|0|0|1,0,10,3.893285,0.000844,10,3.893418,0.000629
4,5,6,1,0|0|2|2|1,0|1|0|0|0,0,10,3.878142,0.000533,10,3.878369,0.000728
4,5,6,1,0|0|2|2|0,0|1|0|1|0,0,10,3.841049,0.000401,10,3.841194,0.000524
4,5,6,1,0|0|2|3|0,0|1|0|0|0,0,10,3.825543,0.000689,10,3.824808,0.000327
4,5,6,1,0|0|2|0|0,0|1|1|0|2,0,10,3.876236,0.000934,10,3.876764,0.000613
4,5,6,1,0|0|2|0|1,0|1|1|0|1,0,10,3.873508,0.000745,10,3.873280,0.000703
4,5,6,1,0|0|2|0|2,0|1|1|0|0,0,10,3.852579,0.000562,10,3.852707,0.000671
4,5,6,1,0|0|2|0|0,0|1|1|1|1,0,10,3.887094,0.000793,10,3.887175,0.000375
4,5,6,1,0|0|2|0|1,0|1|1|1|0,0,10,3.874215,0.000806,10,3.874158,0.000703
4,5,6,1,0|0|2|0|0,0|1|1|2|0,0,10,3.825464,0.000610,10,3.825278,0.000718
4,5,6,1,0|0|2|1|0,0|1|1|0|1,0,10,3.872712,0.000592,10,3.872456,0.000622
4,5,6,1,0|0|2|1|1,0|1|1|0|0,0,10,3.853401,0.000873,10,3.853285,0.000892
4,5,6,1,0|0|2|1|0,0|1|1|1|0,0,10,3.820252,0.000611,10,3.820419,0.000625
4,5,6,1,0|0|2|2|0,0|1|1|0|0,0,10,3.798600,0.000630,10,3.798242,0.000652
4,5,6,1,0|0|2|0|0,0|1|2|0|1,0,10,3.809723,0.000553,10,3.809727,0.000564
4,5,6,1,0|0|2|0|1,0|1|2|0|0,0,10,3.784165,0.000315,10,3.784568,0.000570
4,5,6,1,0|0|2|0|0,0|1|2|1|0,0,10,3.765350,0.000399,10,3.765642,0.000589
4,5,6,1,0|0|2|1|0,0|1|2|0|0,0,10,3.739159,0.000373,10,3.739325,0.000357
4,5,6,1,0|0|2|0|0,0|1|3|0|0,0,10,3.583900,0.000510,10,3.583914,0.000482
4,5,6,1,0|0|3|0|0,0|1|0|0|2,0,10,3.874629,0.000680,10,3.875381,0.000843
4,5,6,1,0|0|3|0|1,0|1|0|0|1,0,10,3.872501,0.000626,10,3.872370,0.001040
4,5,6,1,0|0|3|0|2,0|1|0|0|0,0,10,3.850313,0.000728,10,3.850219,0.000986
4,5,6,1,0|0|3|0|0,0|1|0|1|1,0,10,3.885826,0.000993,10,3.886328,0.000573
4,5,6,1,0|0|3|0|1,0|1|0|1|0,0,10,3.872937,0.000384,10,3.873086,0.000567
4,5,6,1,0|0|3|0|0,0|1|0|2|0,0,10,3.823340,0.000844,10,3.823106,0.000717
4,5,6,1,0|0|3|1|0,0|1|0|0|1,0,10,3.871180,0.000577,10,3.870868,0.000834
4,5,6,1,0|0|3|1|1,0|1|0|0|0,0,10,3.851157,0.000817,10,3.851406,0.001083
4,5,6,1,0|0|3|1|0,0|1|0|1|0,0,10,3.818623,0.000560,10,3.818747,0.000565
4,5,6,1,0|0|3|2|0,0|1|0|0|0,0,10,3.795419,0.000484,10,3.795243,0.000337
4,5,6,1,0|0|3|0|0,0|1|1|0|1,0,10,3.809413,0.000629,10,3.809533,0.000626
4,5,6,1,0|0|3|0|1,0|1|1|0|0,0,10,3.783881,0.000664,10,3.783623,0.000572
4,5,6,1,0|0|3|0|0,0|1|1|1|0,0,10,3.764966,0.000337,10,3.765047,0.000544
4,5,6,1,0|0|3|1|0,0|1|1|0|0,0,10,3.738646,0.000372,10,3.738496,0.000324
4,5,6,1,0|0|3|0|0,0|1|2|0|0,0,10,3.584854,0.000444,10,3.584899,0.000515
4,5,6,1,0|0|4|0|0,0|1|0|0|1,0,10,3.808941,0.000406,10,3.809008,0.000488
4,5,6,1,0|0|4|0|1,0|1|0|0|0,0,10,3.783140,0.000679,10,3.783176,0.000424
4,5,6,1,0|0|4|0|0,0|1|0|1|0,0,10,3.764366,0.000557,10,3.764204,0.000433
4,5,6,1,0|0|4|1|0,0|1|0|0|0,0,10,3.738031,0.000344,10,3.737993,0.000330
4,5,6,1,0|0|4|0|0,0|1|1|0|0,0,10,3.585194,0.000697,10,3.585016,0.000442
4,5,6,1,0|0|5|0|0,0|1|0|0|0,0,10,3.584979,0.000439,10,3.584956,0.000568
4,5,6,1,0|0|0|0|0,0|2|0|0|4,0,10,3.871411,0.001208,10,3.872298,0.000690
4,5,6,1,0|0|0|0|1,0|2|0|0|3,0,10,3.873910,0.001182,10,3.874242,0.001145
4,5,6,1,0|0|0|0|2,0|2|0|0|2,0,10,3.871972,0.000940,10,3.871717,0.000524
4,5,6,1,0|0|0|0|3,0|2|0|0|1,0,10,3.866632,0.000804,10,3.867185,0.000678
4,5,6,1,0|0|0|0|4,0|2|0|0|0,0,10,3.855563,0.000816,10,3.856367,0.001153
4,5,6,1,0|0|0|0|0,0|2|0|1|3,0,10,3.914796,0.000703,10,3.915100,0.001399
4,5,6,1,0|0|0|0|1,0|2|0|1|2,0,10,3.916839,0.000882,10,3.916779,0.000840
4,5,6,1,0|0|0|0|2,0|2|0|1|1,0,10,3.912813,0.000768,10,3.912390,0.001415
4,5,6,1,0|0|0|0|3,0|2|0|1|0,0,10,3.904217,0.000598,10,3.904123,0.000615
4,5,6,1,0|0|0|0|0,0|2|0|2|2,0,10,3.910535,0.000540,10,3.910947,0.000994
4,5,6,1,0|0|0|0|1,0|2|0|2|1,0,10,3.910848,0.001202,10,3.910486,0.000871
4,5,6,1,0|0|0|0|2,0|2|0|2|0,0,10,3.897668,0.000708,10,3.898001,0.000740
4,5,6,1,0|0|0|0|0,0|2|0|3|1,0,10,3.882294,0.000666,10,3.881818,0.000937
4,5,6,1,0|0|0|0|1,0|2|0|3|0,0,10,3.869060,0.000829,10,3.869182,0.000863
4,5,6,1,0|0|0|0|0,0|2|0|4|0,0,10,3.766728,0.000405,10,3.766392,0.000506
4,5,6,1,0|0|0|1|0,0|2|0|0|3,0,10,3.909001,0.000904,10,3.909045,0.001103
4,5,6,1,0|0|0|1|1,0|2|0|0|2,0,10,3.908514,0.000826,10,3.909066,0.001058
4,5,6,1,0|0|0|1|2,0|2|0|0|1,0,10,3.902983,0.001104,10,3.902473,0.000551
4,5,6,1,0|0|0|1|3,0|2|0|0|0,0,10,3.891791,0.000825,10,3.891218,0.001069
4,5,6,1,0|0|0|1|0,0|2|0|1|2,0,10,3.909549,0.000904,10,3.909415,0.000842
4,5,6,1,0|0|0|1|1,0|2|0|1|1,0,10,3.908426,0.001197,10,3.908158,0.001055
4,5,6,1,0|0|0|1|2,0|2|0|1|0,0,10,3.894891,0.000695,10,3.894808,0.000715
4,5,6,1,0|0|0|1|0,0|2|0|2|1,0,10,3.882242,0.000526,10,3.882576,0.000774
4,5,6,1,0|0|0|1|1,0|2|0|2|0,0,10,3.868159,0.000813,10,3.867692,0.000526
4,5,6,1,0|0|0|1|0,0|2|0|3|0,0,10,3.768531,0.000485,10,3.768797,0.000416
4,5,6,1,0|0|0|2|0,0|2|0|0|2,0,10,3.901794,0.001609,10,3.902233,0.000670
4,5,6,1,0|0|0|2|1,0|2|0|0|1,0,10,3.899553,0.000873,10,3.898693,0.001226
4,5,6,1,0|0|0|2|2,0|2|0|0|0,0,10,3.881940,0.000658,10,3.881915,0.001044
4,5,6,1,0|0|0|2|0,0|2|0|1|1,0,10,3.878417,0.000501,10,3.878017,0.000672
4,5,6,1,0|0|0|2|1,0|2|0|1|0,0,10,3.862523,0.000523,10,3.862528,0.000618
4,5,6,1,0|0|0|2|0,0|2|0|2|0,0,10,3.766946,0.000340,10,3.766739,0.000378
4,5,6,1,0|0|0|3|0,0|2|0|0|1,0,10,3.872011,0.000726,10,3.871653,0.000676
4,5,6,1,0|0|0|3|1,0|2|0|0|0,0,10,3.853911,0.000714,10,3.853874,0.000586
4,5,6,1,0|0|0|3|0,0|2|0|1|0,0,10,3.763753,0.000530,10,3.763684,0.000504
4,5,6,1,0|0|0|4|0,0|2|0|0|0,0,10,3.756576,0.000329,10,3.756501,0.000584
4,5,6,1,0|0|0|0|0,0|2|1|0|3,0,10,3.897834,0.001015,10,3.897508,0.000801
4,5,6,1,0|0|0|0|1,0|2|1|0|2,0,10,3.899012,0.000782,10,3.899883,0.001112
4,5,6,1,0|0|0|0|2,0|2|1|0|1,0,10,3.894526,0.000873,10,3.893997,0.000686
4,5,6,1,0|0|0|0|3,0|2|1|0|0,0,10,3.881510,0.001015,10,3.881414,0.000714
4,5,6,1,0|0|0|0|0,0|2|1|1|2,0,10,3.920390,0.000933,10,3.920440,0.001145
4,5,6,1,0|0|0|0|1,0|2|1|1|1,0,10,3.919782,0.000906,10,3.919496,0.001082
4,5,6,1,0|0|0|0|2,0|2|1|1|0,0,10,3.909172,0.000598,10,3.909663,0.000925
4,5,6,1,0|0|0|0|0,0|2|1|2|1,0,10,3.909272,0.000274,10,3.908763,0.000679
4,5,6,1,0|0|0|0|1,0|2|1|2|0,0,10,3.899798,0.000859,10,3.899773,0.000549
4,5,6,1,0|0|0|0|0,0|2|1|3|0,0,10,3.845490,0.000497,10,3.844752,0.000389
4,5,6,1,0|0|0|1|0,0|2|1|0|2,0,10,3.912736,0.001306,10,3.912905,0.001092
4,5,6,1,0|0|0|1|1,0|2|1|0|1,0,10,3.909166,0.000576,10,3.909177,0.000868
4,5,6,1,0|0|0|1|2,0|2|1|0|0,0,10,3.896579,0.001104,10,3.896228,0.000741
4,5,6,1,0|0|0|1|0,0|2|1|1|1,0,10,3.906817,0.000585,10,3.907016,0.000611
4,5,6,1,0|0|0|1|1,0|2|1|1|0,0,10,3.896405,0.000358,10,3.896750,0.000541
4,5,6,1,0|0|0|1|0,0|2|1|2|0,0,10,3.845837,0.000785,10,3.846056,0.000515
4,5,6,1,0|0|0|2|0,0|2|1|0|1,0,10,3.896940,0.000705,10,3.897258,0.000705
4,5,6,1,0|0|0|2|1,0|2|1|0|0,0,10,3.882836,0.000771,10,3.882649,0.000449
4,5,6,1,0|0|0|2|0,0|2|1|1|0,0,10,3.839645,0.000953,10,3.839387,0.000516
4,5,6,1,0|0|0|3|0,0|2|1|0|0,0,10,3.826087,0.000244,10,3.825743,0.000313
4,5,6,1,0|0|0|0|0,0|2|2|0|2,0,10,3.876273,0.000911,10,3.876642,0.000848
4,5,6,1,0|0|0|0|1,0|2|2|0|1,0,10,3.874617,0.000652,10,3.874545,0.000726
4,5,6,1,0|0|0|0|2,0|2|2|0|0,0,10,3.855407,0.000827,10,3.855258,0.000733
4,5,6,1,0|0|0|0|0,0|2|2|1|1,0,10,3.889135,0.000495,10,3.889873,0.000520
4,5,6,1,0|0|0|0|1,0|2|2|1|0,0,10,3.877110,0.000719,10,3.877411,0.000554
4,5,6,1,0|0|0|0|0,0|2|2|2|0,0,10,3.826470,0.000604,10,3.826377,0.000445
4,5,6,1,0|0|0|1|0,0|2|2|0|1,0,10,3.877179,0.000616,10,3.877003,0.000982
4,5,6,1,0|0|0|1|1,0|2|2|0|0,0,10,3.859225,0.000531,10,3.859281,0.000545
4,5,6,1,0|0|0|1|0,0|2|2|1|0,0,10,3.823446,0.000524,10,3.823232,0.000532
4,5,6,1,0|0|0|2|0,0|2|2|0|0,0,10,3.803201,0.000581,10,3.803559,0.000602
4,5,6,1,0|0|0|0|0,0|2|3|0|1,0,10,3.810968,0.000481,10,3.811085,0.000621
4,5,6,1,0|0|0|0|1,0|2|3|0|0,0,10,3.787418,0.000652,10,3.787344,0.000737
4,5,6,1,0|0|0|0|0,0|2|3|1|0,0,10,3.767463,0.000464,10,3.767654,0.000502
4,5,6,1,0|0|0|1|0,0|2|3|0|0,0,10,3.744293,0.000340,10,3.744428,0.000662
4,5,6,1,0|0|0|0|0,0|2|4|0|0,0,10,3.578027,0.000571,10,3.578707,0.000523
4,5,6,1,0|0|1|0|0,0|2|0|0|3,0,10,3.893826,0.001199,10,3.893173,0.000749
4,5,6,1,0|0|1|0|1,0|2|0|0|2,0,10,3.894067,0.001268,10,3.893732,0.001232
4,5,6,1,0|0|1|0|2,0|2|0|0|1,0,10,3.887836,0.001360,10,3.887801,0.000866
4,5,6,1,0|0|1|0|3,0|2|0|0|0,0,10,3.874232,0.000798,10,3.873953,0.001006
4,5,6,1,0|0|1|0|0,0|2|0|1|2,0,10,3.915386,0.000996,10,3.915516,0.001040
4,5,6,1,0|0|1|0|1,0|2|0|1|1,0,10,3.914353,0.000668,10,3.914150,0.001364
4,5,6,1,0|0|1|0|2,0|2|0|1|0,0,10,3.902548,0.000826,10,3.902394,0.000784
4,5,6,1,0|0|1|0|0,0|2|0|2|1,0,10,3.902721,0.000713,10,3.903240,0.000890
4,5,6,1,0|0|1|0|1,0|2|0|2|0,0,10,3.892488,0.000802,10,3.892470,0.000899
4,5,6,1,0|0|1|0|0,0|2|0|3|0,0,10,3.834887,0.000513,10,3.835547,0.000451
4,5,6,1,0|0|1|1|0,0|2|0|0|2,0,10,3.905832,0.001198,10,3.905900,0.000877
4,5,6,1,0|0|1|1|1,0|2|0|0|1,0,10,3.901635,0.000836,10,3.901027,0.000819
4,5,6,1,0|0|1|1|2,0|2|0|0|0,0,10,3.885468,0.000631,10,3.885395,0.001043
4,5,6,1,0|0|1|1|0,0|2|0|1|1,0,10,3.899016,0.000909,10,3.898758,0.000347
4,5,6,1,0|0|1|1|1,0|2|0|1|0,0,10,3.886497,0.000490,10,3.886662,0.000617
4,5,6,1,0|0|1|1|0,0|2|0|2|0,0,10,3.834376,0.000561,10,3.834219,0.000682
4,5,6,1,0|0|1|2|0,0|2|0|0|1,0,10,3.886870,0.000458,10,3.887225,0.000835
4,5,6,1,0|0|1|2|1,0|2|0|0|0,0,10,3.869815,0.000407,10,3.870335,0.000624
4,5,6,1,0|0|1|2|0,0|2|0|1|0,0,10,3.827093,0.000652,10,3.826773,0.000317
4,5,6,1,0|0|1|3|0,0|2|0|0|0,0,10,3.812215,0.000312,10,3.811941,0.000719
4,5,6,1,0|0|1|0|0,0|2|1|0|2,0,10,3.875852,0.000621,10,3.875858,0.000760
4,5,6,1,0|0|1|0|1,0|2|1|0|1,0,10,3.872794,0.000773,10,3.872876,0.001016
4,5,6,1,0|0|1|0|2,0|2|1|0|0,0,10,3.852848,0.000726,10,3.852674,0.000604
4,5,6,1,0|0|1|0|0,0|2|1|1|1,0,10,3.886475,0.000647,10,3.886855,0.000920
4,5,6,1,0|0|1|0|1,0|2|1|1|0,0,10,3.874112,0.000496,10,3.873789,0.000719
4,5,6,1,0|0|1|0|0,0|2|1|2|0,0,10,3.824077,0.000304,10,3.824097,0.000477
4,5,6,1,0|0|1|1|0,0|2|1|0|1,0,10,3.872339,0.000768,10,3.872543,0.000935
4,5,6,1,0|0|1|1|1,0|2|1|0|0,0,10,3.853077,0.000562,10,3.853594,0.001033
4,5,6,1,0|0|1|1|0,0|2|1|1|0,0,10,3.819202,0.000475,10,3.818957,0.000570
4,5,6,1,0|0|1|2|0,0|2|1|0|0,0,10,3.798692,0.000659,10,3.799028,0.000462
4,5,6,1,0|0|1|0|0,0|2|2|0|1,0,10,3.810956,0.000709,10,3.810781,0.000348
4,5,6,1,0|0|1|0|1,0|2|2|0|0,0,10,3.785490,0.000641,10,3.785418,0.000492
4,5,6,1,0|0|1|0|0,0|2|2|1|0,0,10,3.766588,0.000496,10,3.766826,0.000503
4,5,6,1,0|0|1|1|0,0|2|2|0|0,0,10,3.741552,0.000566,10,3.741364,0.000697
4,5,6,1,0|0|1|0|0,0|2|3|0|0,0,10,3.583872,0.000586,10,3.583628,0.000448
4,5,6,1,0|0|2|0|0,0|2|0|0|2,0,10,3.872109,0.000743,10,3.872463,0.000458
4,5,6,1,0|0|2|0|1,0|2|0|0|1,0,10,3.868843,0.000683,10,3.869325,0.000963
4,5,6,1,0|0|2|0|2,0|2|0|0|0,0,10,3.846945,0.000835,10,3.847280,0.000414
4,5,6,1,0|0|2|0|0,0|2|0|1|1,0,10,3.883341,0.000977,10,3.883114,0.001043
4,5,6,1,0|0|2|0|1,0|2|0|1|0,0,10,3.869596,0.000672,10,3.869375,0.000374
4,5,6,1,0|0|2|0|0,0|2|0|2|0,0,10,3.818506,0.000435,10,3.818511,0.000349
4,5,6,1,0|0|2|1|0,0|2|0|0|1,0,10,3.867927,0.000470,10,3.867408,0.000980
4,5,6,1,0|0|2|1|1,0|2|0|0|0,0,10,3.847130,0.000542,10,3.846913,0.000695
4,5,6,1,0|0|2|1|0,0|2|0|1|0,0,10,3.813436,0.000481,10,3.813513,0.000526
4,5,6,1,0|0|2|2|0,0|2|0|0|0,0,10,3.790624,0.000310,10,3.790407,0.000408
4,5,6,1,0|0|2|0|0,0|2|1|0|1,0,10,3.809452,0.000483,10,3.809361,0.000577
4,5,6,1,0|0|2|0|1,0|2|1|0|0,0,10,3.783313,0.000609,10,3.783420,0.000474
4,5,6,1,0|0|2|0|0,0|2|1|1|0,0,10,3.765039,0.000500,10,3.764767,0.000588
4,5,6,1,0|0|2|1|0,0|2|1|0|0,0,10,3.738421,0.000314,10,3.738384,0.000413
4,5,6,1,0|0|2|0|0,0|2|2|0|0,0,10,3.585652,0.000546,10,3.585953,0.000598
4,5,6,1,0|0|3|0|0,0|2|0|0|1,0,10,3.808103,0.000604,10,3.807913,0.000497
4,5,6,1,0|0|3|0|1,0|2|0|0|0,0,10,3.781604,0.000446,10,3.781677,0.000812
4,5,6,1,0|0|3|0|0,0|2|0|1|0,0,10,3.763335,0.000557,10,3.763192,0.000465
4,5,6,1,0|0|3|1|0,0|2|0|0|0,0,10,3.736454,0.000577,10,3.736447,0.000447
4,5,6,1,0|0|3|0|0,0|2|1|0|0,0,10,3.586438,0.000518,10,3.586409,0.000275
4,5,6,1,0|0|4|0|0,0|2|0|0|0,0,10,3.585691,0.000453,10,3.585780,0.000499
4,5,6,1,0|0|0|0|0,0|3|0|0|3,0,10,3.849473,0.001027,10,3.849714,0.000656
4,5,6,1,0|0|0|0|1,0|3|0|0|2,0,10,3.852650,0.000546,10,3.852157,0.000948
4,5,6,1,0|0|0|0|2,0|3|0|0|1,0,10,3.844531,0.000686,10,3.844395,0.000803
4,5,6,1,0|0|0|0|3,0|3|0|0|0,0,10,3.826798,0.000813,10,3.826925,0.000611
4,5,6,1,0|0|0|0|0,0|3|0|1|2,0,10,3.893178,0.000899,10,3.892964,0.000937
4,5,6,1,0|0|0|0|1,0|3|0|1|1,0,10,3.891846,0.000996,10,3.891886,0.000937
4,5,6,1,0|0|0|0|2,0|3|0|1|0,0,10,3.875772,0.000550,10,3.875439,0.000695
4,5,6,1,0|0|0|0|0,0|3|0|2|1,0,10,3.868673,0.000446,10,3.868714,0.000848
4,5,6,1,0|0|0|0|1,0|3|0|2|0,0,10,3.853277,0.000706,10,3.853283,0.000781
4,5,6,1,0|0|0|0|0,0|3|0|3|0,0,10,3.750556,0.000419,10,3.750414,0.000405
4,5,6,1,0|0|0|1|0,0|3|0|0|2,0,10,3.882637,0.000788,10,3.882935,0.000828
4,5,6,1,0|0|0|1|1,0|3|0|0|1,0,10,3.878478,0.000882,10,3.878332,0.000787
4,5,6,1,0|0|0|1|2,0|3|0|0|0,0,10,3.857958,0.000634,10,3.858267,0.000899
4,5,6,1,0|0|0|1|0,0|3|0|1|1,0,10,3.866218,0.000772,10,3.865972,0.000694
4,5,6,1,0|0|0|1|1,0|3|0|1|0,0,10,3.848968,0.000620,10,3.848453,0.000770
4,5,6,1,0|0|0|1|0,0|3|0|2|0,0,10,3.752010,0.000489,10,3.752167,0.000548
4,5,6,1,0|0|0|2|0,0|3|0|0|1,0,10,3.854798,0.000820,10,3.854515,0.000714
4,5,6,1,0|0|0|2|1,0|3|0|0|0,0,10,3.833381,0.000932,10,3.832940,0.000582
4,5,6,1,0|0|0|2|0,0|3|0|1|0,0,10,3.747687,0.000477,10,3.747039,0.000623
4,5,6,1,0|0|0|3|0,0|3|0|0|0,0,10,3.735639,0.000565,10,3.735514,0.000433
4,5,6,1,0|0|0|0|0,0|3|1|0|2,0,10,3.867401,0.000738,10,3.867723,0.000682
4,5,6,1,0|0|0|0|1,0|3|1|0|1,0,10,3.865856,0.000668,10,3.865575,0.000824
4,5,6,1,0|0|0|0|2,0|3|1|0|0,0,10,3.844452,0.000528,10,3.844454,0.000498
4,5,6,1,0|0|0|0|0,0|3|1|1|1,0,10,3.880822,0.000658,10,3.881381,0.000573
4,5,6,1,0|0|0|0|1,0|3|1|1|0,0,10,3.867746,0.000647,10,3.867832,0.000521
4,5,6,1,0|0|0|0|0,0|3|1|2|0,0,10,3.812454,0.000461,10,3.812321,0.000546
4,5,6,1,0|0|0|1|0,0|3|1|0|1,0,10,3.868184,0.000961,10,3.868238,0.000749
4,5,6,1,0|0|0|1|1,0|3|1|0|0,0,10,3.848482,0.000635,10,3.848433,0.000520
4,5,6,1,0|0|0|1|0,0|3|1|1|0,0,10,3.809131,0.000344,10,3.809103,0.000546
4,5,6,1,0|0|0|2|0,0|3|1|0|0,0,10,3.789371,0.000693,10,3.789407,0.000500
4,5,6,1,0|0|0|0|0,0|3|2|0|1,0,10,3.807274,0.000491,10,3.807603,0.000567
4,5,6,1,0|0|0|0|1,0|3|2|0|0,0,10,3.783157,0.000503,10,3.783051,0.000690
4,5,6,1,0|0|0|0|0,0|3|2|1|0,0,10,3.762993,0.000189,10,3.763169,0.000551
4,5,6,1,0|0|0|1|0,0|3|2|0|0,0,10,3.739496,0.000533,10,3.739972,0.000385
4,5,6,1,0|0|0|0|0,0|3|3|0|0,0,10,3.576296,0.000287,10,3.576265,0.000254
4,5,6,1,0|0|1|0|0,0|3|0|0|2,0,10,3.860968,0.000898,10,3.860770,0.000517
4,5,6,1,0|0|1|0|1,0|3|0|0|1,0,10,3.857775,0.000699,10,3.857026,0.001000
4,5,6,1,0|0|1|0|2,0|3|0|0|0,0,10,3.833991,0.000692,10,3.834007,0.000494
4,5,6,1,0|0|1|0|0,0|3|0|1|1,0,10,3.873867,0.000669,10,3.873810,0.000617
4,5,6,1,0|0|1|0|1,0|3|0|1|0,0,10,3.858289,0.000612,10,3.858269,0.000731
4,5,6,1,0|0|1|0|0,0|3|0|2|0,0,10,3.801591,0.000572,10,3.801535,0.000580
4,5,6,1,0|0|1|1|0,0|3|0|0|1,0,10,3.856974,0.000371,10,3.857085,0.000466
4,5,6,1,0|0|1|1|1,0|3|0|0|0,0,10,3.834363,0.000713,10,3.834570,0.000720
4,5,6,1,0|0|1|1|0,0|3|0|1|0,0,10,3.795431,0.000649,10,3.795537,0.000384
4,5,6,1,0|0|1|2|0,0|3|0|0|0,0,10,3.773874,0.000645,10,3.773542,0.000433
4,5,6,1,0|0|1|0|0,0|3|1|0|1,0,10,3.805610,0.000614,10,3.805849,0.000349
4,5,6,1,0|0|1|0|1,0|3|1|0|0,0,10,3.779835,0.000827,10,3.779923,0.000553
4,5,6,1,0|0|1|0|0,0|3|1|1|0,0,10,3.760567,0.000451,10,3.760646,0.000357
4,5,6,1,0|0|1|1|0,0|3|1|0|0,0,10,3.734799,0.000552,10,3.735050,0.000546
4,5,6,1,0|0|1|0|0,0|3|2|0|0,0,10,3.581791,0.000250,10,3.581705,0.000369
4,5,6,1,0|0|2|0|0,0|3|0|0|1,0,10,3.801560,0.000355,10,3.801436,0.000573
4,5,6,1,0|0|2|0|1,0|3|0|0|0,0,10,3.774220,0.000606,10,3.774440,0.000464
4,5,6,1,0|0|2|0|0,0|3|0|1|0,0,10,3.755704,0.000361,10,3.755854,0.000353
4,5,6,1,0|0|2|1|0,0|3|0|0|0,0,10,3.728046,0.000515,10,3.727778,0.000444
4,5,6,1,0|0|2|0|0,0|3|1|0|0,0,10,3.582316,0.000412,10,3.582770,0.000498
4,5,6,1,0|0|3|0|0,0|3|0|0|0,0,10,3.581562,0.000636,10,3.581482,0.000231
4,5,6,1,0|0|0|0|0,0|4|0|0|2,0,10,3.806234,0.000769,10,3.806028,0.000766
4,5,6,1,0|0|0|0|1,0|4|0|0|1,0,10,3.804317,0.001108,10,3.804405,0.000733
4,5,6,1,0|0|0|0|2,0|4|0|0|0,0,10,3.775769,0.000722,10,3.775797,0.000680
4,5,6,1,0|0|0|0|0,0|4|0|1|1,0,10,3.835292,0.000563,10,3.835363,0.000839
4,5,6,1,0|0|0|0|1,0|4|0|1|0,0,10,3.815842,0.000800,10,3.815417,0.000478
4,5,6,1,0|0|0|0|0,0|4|0|2|0,0,10,3.718921,0.000700,10,3.718888,0.000554
4,5,6,1,0|0|0|1|0,0|4|0|0|1,0,10,3.818845,0.000478,10,3.818638,0.000680
4,5,6,1,0|0|0|1|1,0|4|0|0|0,0,10,3.791547,0.000565,10,3.791827,0.000791
4,5,6,1,0|0|0|1|0,0|4|0|1|0,0,10,3.716464,0.000258,10,3.716406,0.000346
4,5,6,1,0|0|0|2|0,0|4|0|0|0,0,10,3.698176,0.000711,10,3.698018,0.000652
4,5,6,1,0|0|0|0|0,0|4|1|0|1,0,10,3.791954,0.000585,10,3.791727,0.000860
4,5,6,1,0|0|0|0|1,0|4|1|0|0,0,10,3.766536,0.000850,10,3.765982,0.000663
4,5,6,1,0|0|0|0|0,0|4|1|1|0,0,10,3.744755,0.000245,10,3.745234,0.000591
4,5,6,1,0|0|0|1|0,0|4|1|0|0,0,10,3.720831,0.000580,10,3.720627,0.000440
4,5,6,1,0|0|0|0|0,0|4|2|0|0,0,10,3.568730,0.000580,10,3.569011,0.000333
4,5,6,1,0|0|1|0|0,0|4|0|0|1,0,10,3.782721,0.000650,10,3.782439,0.000603
4,5,6,1,0|0|1|0|1,0|4|0|0|0,0,10,3.753565,0.000454,10,3.753629,0.000593
4,5,6,1,0|0|1|0|0,0|4|0|1|0,0,10,3.733325,0.000587,10,3.733328,0.000450
4,5,6,1,0|0|1|1|0,0|4|0|0|0,0,10,3.704334,0.000454,10,3.704304,0.000374
4,5,6,1,0|0|1|0|0,0|4|1|0|0,0,10,3.572389,0.000414,10,3.572193,0.000613
4,5,6,1,0|0|2|0|0,0|4|0|0|0,0,10,3.568819,0.000457,10,3.568791,0.000394
4,5,6,1,0|0|0|0|0,0|5|0|0|1,0,10,3.706103,0.000369,10,3.706412,0.000495
4,5,6,1,0|0|0|0|1,0|5|0|0|0,0,10,3.673954,0.000762,10,3.673665,0.000702
4,5,6,1,0|0|0|0|0,0|5|0|1|0,0,10,3.645197,0.000627,10,3.645372,0.000516
4,5,6,1,0|0|0|1|0,0|5|0|0|0,0,10,3.619546,0.000697,10,3.619212,0.000563
4,5,6,1,0|0|0|0|0,0|5|1|0|0,0,10,3.540213,0.000377,10,3.539858,0.000509
4,5,6,1,0|0|1|0|0,0|5|0|0|0,0,10,3.531229,0.000428,10,3.530620,0.000635
4,5,6,1,0|0|0|0|0,0|6|0|0|0,0,10,3.381560,0.000445,10,3.381166,0.000549
4,5,6,1,0|1|0|0|0,0|0|0|0|5,0,10,3.885107,0.000694,10,3.884971,0.000684
4,5,6,1,0|1|0|0|1,0|0|0|0|4,0,10,3.887283,0.000953,10,3.887551,0.000884
4,5,6,1,0|1|0|0|2,0|0|0|0|3,0,10,3.886056,0.001303,10,3.885489,0.001090
4,5,6,1,0|1|0|0|3,0|0|0|0|2,0,10,3.883767,0.000660,10,3.884095,0.001269
4,5,6,1,0|1|0|0|4,0|0|0|0|1,0,10,3.880539,0.001375,10,3.881198,0.000735
4,5,6,1,0|1|0|0|5,0|0|0|0|0,0,10,3.874736,0.001741,10,3.874776,0.000754
4,5,6,1,0|1|0|0|0,0|0|0|1|4,0,10,3.925284,0.000822,10,3.925090,0.001392
4,5,6,1,0|1|0|0|1,0|0|0|1|3,0,10,3.926483,0.001119,10,3.926821,0.001211
4,5,6,1,0|1|0|0|2,0|0|0|1|2,0,10,3.925912,0.000820,10,3.926007,0.001633
4,5,6,1,0|1|0|0|3,0|0|0|1|1,0,10,3.922831,0.000722,10,3.923539,0.000807
4,5,6,1,0|1|0|0|4,0|0|0|1|0,0,10,3.918562,0.001045,10,3.918072,0.000884
4,5,6,1,0|1|0|0|0,0|0|0|2|3,0,10,3.926519,0.000779,10,3.926564,0.001195
4,5,6,1,0|1|0|0|1,0|0|0|2|2,0,10,3.928189,0.000580,10,3.928411,0.001347
4,5,6,1,0|1|0|0|2,0|0|0|2|1,0,10,3.924496,0.001206,10,3.924646,0.001405
4,5,6,1,0|1|0|0|3,0|0|0|2|0,0,10,3.917202,0.001144,10,3.917640,0.000966
4,5,6,1,0|1|0|0|0,0|0|0|3|2,0,10,3.916966,0.000945,10,3.916697,0.000788
4,5,6,1,0|1|0|0|1,0|0|0|3|1,0,10,3.917365,0.000911,10,3.916611,0.000850
4,5,6,1,0|1|0|0|2,0|0|0|3|0,0,10,3.905604,0.000912,10,3.905686,0.001207
4,5,6,1,0|1|0|0|0,0|0|0|4|1,0,10,3.888752,0.000629,10,3.888609,0.001132
4,5,6,1,0|1|0|0|1,0|0|0|4|0,0,10,3.876253,0.000792,10,3.876236,0.000515
4,5,6,1,0|1|0|0|0,0|0|0|5|0,0,10,3.777048,0.000447,10,3.776887,0.000682
4,5,6,1,0|1|0|1|0,0|0|0|0|4,0,10,3.920527,0.000712,10,3.920415,0.001062
4,5,6,1,0|1|0|1|1,0|0|0|0|3,0,10,3.920695,0.000977,10,3.920277,0.001274
4,5,6,1,0|1|0|1|2,0|0|0|0|2,0,10,3.918647,0.000922,10,3.918428,0.001200
4,5,6,1,0|1|0|1|3,0|0|0|0|1,0,10,3.914726,0.000534,10,3.914683,0.000913
4,5,6,1,0|1|0|1|4,0|0|0|0|0,0,10,3.908306,0.000934,10,3.908034,0.000882
4,5,6,1,0|1|0|1|0,0|0|0|1|3,0,10,3.925518,0.001399,10,3.925344,0.001551
4,5,6,1,0|1|0|1|1,0|0|0|1|2,0,10,3.926188,0.001269,10,3.926344,0.000674
4,5,6,1,0|1|0|1|2,0|0|0|1|1,0,10,3.922999,0.001584,10,3.922686,0.000989
4,5,6,1,0|1|0|1|3,0|0|0|1|0,0,10,3.916061,0.000669,10,3.915323,0.000936
4,5,6,1,0|1|0|1|0,0|0|0|2|2,0,10,3.917518,0.000850,10,3.917419,0.001184
4,5,6,1,0|1|0|1|1,0|0|0|2|1,0,10,3.915550,0.000428,10,3.915897,0.000819
4,5,6,1,0|1|0|1|2,0|0|0|2|0,0,10,3.904228,0.001026,10,3.904640,0.000957
4,5,6,1,0|1|0|1|0,0|0|0|3|1,0,10,3.888791,0.000620,10,3.888380,0.000600
4,5,6,1,0|1|0|1|1,0|0|0|3|0,0,10,3.875024,0.000582,10,3.875318,0.000724
4,5,6,1,0|1|0|1|0,0|0|0|4|0,0,10,3.778183,0.000513,10,3.778472,0.000505
4,5,6,1,0|1|0|2|0,0|0|0|0|3,0,10,3.920226,0.001062,10,3.920138,0.001112
4,5,6,1,0|1|0|2|1,0|0|0|0|2,0,10,3.920160,0.000990,10,3.920429,0.001199
4,5,6,1,0|1|0|2|2,0|0|0|0|1,0,10,3.915083,0.000632,10,3.915468,0.001205
4,5,6,1,0|1|0|2|3,0|0|0|0|0,0,10,3.904200,0.001045,10,3.905032,0.000958
4,5,6,1,0|1|0|2|0,0|0|0|1|2,0,10,3.914033,0.001160,10,3.914420,0.000640
4,5,6,1,0|1|0|2|1,0|0|0|1|1,0,10,3.912673,0.000855,10,3.912464,0.001075
4,5,6,1,0|1|0|2|2,0|0|0|1|0,0,10,3.899863,0.000829,10,3.900107,0.000997
4,5,6,1,0|1|0|2|0,0|0|0|2|1,0,10,3.885583,0.000773,10,3.885593,0.000781
4,5,6,1,0|1|0|2|1,0|0|0|2|0,0,10,3.871827,0.000358,10,3.871546,0.000598
4,5,6,1,0|1|0|2|0,0|0|0|3|0,0,10,3.778075,0.000576,10,3.777997,0.000476
4,5,6,1,0|1|0|3|0,0|0|0|0|2,0,10,3.909428,0.000747,10,3.910045,0.000635
4,5,6,1,0|1|0|3|1,0|0|0|0|1,0,10,3.907605,0.000768,10,3.907674,0.000710
4,5,6,1,0|1|0|3|2,0|0|0|0|0,0,10,3.891687,0.000689,10,3.891969,0.000887
4,5,6,1,0|1|0|3|0,0|0|0|1|1,0,10,3.883617,0.000635,10,3.883249,0.000708
4,5,6,1,0|1|0|3|1,0|0|0|1|0,0,10,3.868468,0.000673,10,3.868354,0.000435
4,5,6,1,0|1|0|3|0,0|0|0|2|0,0,10,3.776258,0.000215,10,3.776261,0.000548
4,5,6,1,0|1|0|4|0,0|0|0|0|1,0,10,3.879194,0.001008,10,3.879131,0.000689
4,5,6,1,0|1|0|4|1,0|0|0|0|0,0,10,3.863199,0.000604,10,3.863346,0.000762
4,5,6,1,0|1|0|4|0,0|0|0|1|0,0,10,3.774021,0.000597,10,3.774000,0.000512
4,5,6,1,0|1|0|5|0,0|0|0|0|0,0,10,3.769275,0.000585,10,3.769252,0.000659
4,5,6,1,0|1|0|0|0,0|0|1|0|4,0,10,3.911048,0.001131,10,3.910473,0.001304
4,5,6,1,0|1|0|0|1,0|0|1|0|3,0,10,3.911982,0.000854,10,3.911800,0.001418
4,5,6,1,0|1|0|0|2,0|0|1|0|2,0,10,3.909844,0.001713,10,3.910943,0.001355
4,5,6,1,0|1|0|0|3,0|0|1|0|1,0,10,3.907539,0.001270,10,3.907058,0.001125
4,5,6,1,0|1|0|0|4,0|0|1|0|0,0,10,3.900298,0.001141,10,3.899884,0.000694
4,5,6,1,0|1|0|0|0,0|0|1|1|3,0,10,3.933136,0.001214,10,3.933566,0.001162
4,5,6,1,0|1|0|0|1,0|0|1|1|2,0,10,3.934293,0.001378,10,3.934359,0.001370
4,5,6,1,0|1|0|0|2,0|0|1|1|1,0,10,3.931550,0.000647,10,3.931005,0.001606
4,5,6,1,0|1|0|0|3,0|0|1|1|0,0,10,3.926651,0.000853,10,3.926642,0.000688
4,5,6,1,0|1|0|0|0,0|0|1|2|2,0,10,3.932908,0.000979,10,3.932760,0.000900
4,5,6,1,0|1|0|0|1,0|0|1|2|1,0,10,3.932515,0.001368,10,3.932644,0.001297
4,5,6,1,0|1|0|0|2,0|0|1|2|0,0,10,3.925186,0.001076,10,3.925209,0.000604
4,5,6,1,0|1|0|0|0,0|0|1|3|1,0,10,3.919861,0.000923,10,3.919310,0.000971
4,5,6,1,0|1|0|0|1,0|0|1|3|0,0,10,3.912174,0.000416,10,3.911762,0.000859
4,5,6,1,0|1|0|0|0,0|0|1|4|0,0,10,3.860234,0.000757,10,3.860395,0.000516
4,5,6,1,0|1|0|1|0,0|0|1|0|3,0,10,3.928522,0.001392,10,3.927832,0.001019
4,5,6,1,0|1|0|1|1,0|0|1|0|2,0,10,3.927484,0.001279,10,3.928114,0.000688
4,5,6,1,0|1|0|1|2,0|0|1|0|1,0,10,3.924563,0.000834,10,3.924329,0.000723
4,5,6,1,0|1|0|1|3,0|0|1|0|0,0,10,3.915908,0.001026,10,3.916452,0.001051
4,5,6,1,0|1|0|1|0,0|0|1|1|2,0,10,3.931555,0.000636,10,3.931568,0.000724
4,5,6,1,0|1|0|1|1,0|0|1|1|1,0,10,3.930333,0.000733,10,3.930551,0.001290
4,5,6,1,0|1|0|1|2,0|0|1|1|0,0,10,3.922500,0.001044,10,3.923650,0.000903
4,5,6,1,0|1|0|1|0,0|0|1|2|1,0,10,3.919516,0.001203,10,3.919180,0.000780
4,5,6,1,0|1|0|1|1,0|0|1|2|0,0,10,3.911115,0.000811,10,3.911663,0.001012
4,5,6,1,0|1|0|1|0,0|0|1|3|0,0,10,3.861638,0.000712,10,3.861759,0.000705
4,5,6,1,0|1|0|2|0,0|0|1|0|2,0,10,3.925044,0.000904,10,3.924859,0.000894
4,5,6,1,0|1|0|2|1,0|0|1|0|1,0,10,3.922359,0.000823,10,3.923050,0.001045
4,5,6,1,0|1|0|2|2,0|0|1|0|0,0,10,3.911675,0.000813,10,3.911506,0.000645
4,5,6,1,0|1|0|2|0,0|0|1|1|1,0,10,3.915018,0.000582,10,3.915445,0.000771
4,5,6,1,0|1|0|2|1,0|0|1|1|0,0,10,3.905879,0.000981,10,3.906540,0.001042
4,5,6,1,0|1|0|2|0,0|0|1|2|0,0,10,3.858491,0.000779,10,3.858716,0.000553
4,5,6,1,0|1|0|3|0,0|0|1|0|1,0,10,3.908380,0.000642,10,3.908516,0.000634
4,5,6,1,0|1|0|3|1,0|0|1|0|0,0,10,3.897000,0.000668,10,3.897096,0.000687
4,5,6,1,0|1|0|3|0,0|0|1|1|0,0,10,3.853353,0.000624,10,3.853331,0.000616
4,5,6,1,0|1|0|4|0,0|0|1|0|0,0,10,3.844279,0.000657,10,3.844432,0.000565
4,5,6,1,0|1|0|0|0,0|0|2|0|3,0,10,3.902883,0.001044,10,3.901860,0.000957
4,5,6,1,0|1|0|0|1,0|0|2|0|2,0,10,3.904041,0.000952,10,3.904333,0.000916
4,5,6,1,0|1|0|0|2,0|0|2|0|1,0,10,3.898658,0.000650,10,3.898336,0.000477
4,5,6,1,0|1|0|0|3,0|0|2|0|0,0,10,3.886503,0.000832,10,3.886045,0.000671
4,5,6,1,0|1|0|0|0,0|0|2|1|2,0,10,3.922609,0.000619,10,3.923074,0.000637
4,5,6,1,0|1|0|0|1,0|0|2|1|1,0,10,3.921895,0.000887,10,3.922051,0.000972
4,5,6,1,0|1|0|0|2,0|0|2|1|0,0,10,3.912254,0.000695,10,3.912024,0.000785
4,5,6,1,0|1|0|0|0,0|0|2|2|1,0,10,3.912499,0.000801,10,3.911942,0.000773
4,5,6,1,0|1|0|0|1,0|0|2|2|0,0,10,3.903649,0.000682,10,3.903779,0.000720
4,5,6,1,0|1|0|0|0,0|0|2|3|0,0,10,3.853652,0.000887,10,3.853638,0.000565
4,5,6,1,0|1|0|1|0,0|0|2|0|2,0,10,3.914524,0.000668,10,3.914945,0.000843
4,5,6,1,0|1|0|1|1,0|0|2|0|1,0,10,3.911369,0.001115,10,3.911803,0.000874
4,5,6,1,0|1|0|1|2,0|0|2|0|0,0,10,3.898664,0.000747,10,3.898893,0.000860
4,5,6,1,0|1|0|1|0,0|0|2|1|1,0,10,3.910057,0.000894,10,3.909917,0.000581
4,5,6,1,0|1|0|1|1,0|0|2|1|0,0,10,3.899821,0.000930,10,3.900266,0.000559
4,5,6,1,0|1|0|1|0,0|0|2|2|0,0,10,3.854225,0.000536,10,3.854093,0.000493
4,5,6,1,0|1|0|2|0,0|0|2|0|1,0,10,3.899166,0.000993,10,3.899051,0.000790
4,5,6,1,0|1|0|2|1,0|0|2|0|0,0,10,3.885621,0.000703,10,3.885108,0.000603
4,5,6,1,0|1|0|2|0,0|0|2|1|0,0,10,3.847115,0.000439,10,3.846966,0.000430
4,5,6,1,0|1|0|3|0,0|0|2|0|0,0,10,3.832640,0.000722,10,3.832887,0.000648
4,5,6,1,0|1|0|0|0,0|0|3|0|2,0,10,3.876013,0.000642,10,3.876425,0.000929
4,5,6,1,0|1|0|0|1,0|0|3|0|1,0,10,3.874786,0.000776,10,3.874494,0.000984
4,5,6,1,0|1|0|0|2,0|0|3|0|0,0,10,3.853703,0.000546,10,3.853511,0.000819
4,5,6,1,0|1|0|0|0,0|0|3|1|1,0,10,3.888311,0.000781,10,3.888597,0.000582
4,5,6,1,0|1|0|0|1,0|0|3|1|0,0,10,3.875977,0.000897,10,3.876027,0.000894
4,5,6,1,0|1|0|0|0,0|0|3|2|0,0,10,3.825722,0.000371,10,3.825830,0.000319
4,5,6,1,0|1|0|1|0,0|0|3|0|1,0,10,3.875294,0.000623,10,3.874924,0.000660
4,5,6,1,0|1|0|1|1,0|0|3|0|0,0,10,3.856676,0.000622,10,3.856427,0.000677
4,5,6,1,0|1|0|1|0,0|0|3|1|0,0,10,3.821776,0.000500,10,3.821798,0.000670
4,5,6,1,0|1|0|2|0,0|0|3|0|0,0,10,3.801297,0.000525,10,3.800951,0.000285
4,5,6,1,0|1|0|0|0,0|0|4|0|1,0,10,3.808911,0.000501,10,3.808532,0.000679
4,5,6,1,0|1|0|0|1,0|0|4|0|0,0,10,3.783958,0.000759,10,3.783811,0.000456
4,5,6,1,0|1|0|0|0,0|0|4|1|0,0,10,3.764054,0.000589,10,3.764281,0.000493
4,5,6,1,0|1|0|1|0,0|0|4|0|0,0,10,3.739558,0.000589,10,3.739576,0.000609
4,5,6,1,0|1|0|0|0,0|0|5|0|0,0,10,3.576344,0.000503,10,3.576806,0.000310
4,5,6,1,0|1|1|0|0,0|0|0|0|4,0,10,3.907175,0.000945,10,3.907298,0.001338
4,5,6,1,0|1|1|0|1,0|0|0|0|3,0,10,3.907558,0.001439,10,3.907648,0.000590
4,5,6,1,0|1|1|0|2,0|0|0|0|2,0,10,3.905281,0.001248,10,3.905101,0.001050
4,5,6,1,0|1|1|0|3,0|0|0|0|1,0,10,3.901054,0.001272,10,3.901228,0.001012
4,5,6,1,0|1|1|0|4,0|0|0|0|0,0,10,3.892767,0.000580,10,3.892779,0.000882
4,5,6,1,0|1|1|0|0,0|0|0|1|3,0,10,3.929675,0.001451,10,3.929481,0.000830
4,5,6,1,0|1|1|0|1,0|0|0|1|2,0,10,3.929893,0.000503,10,3.930544,0.001111
4,5,6,1,0|1|1|0|2,0|0|0|1|1,0,10,3.927461,0.000690,10,3.926852,0.000966
4,5,6,1,0|1|1|0|3,0|0|0|1|0,0,10,3.920625,0.000938,10,3.920169,0.001138
4,5,6,1,0|1|1|0|0,0|0|0|2|2,0,10,3.928916,0.001248,10,3.928222,0.001142
4,5,6,1,0|1|1|0|1,0|0|0|2|1,0,10,3.927414,0.001225,10,3.927810,0.000784
4,5,6,1,0|1|1|0|2,0|0|0|2|0,0,10,3.918777,0.001298,10,3.919146,0.000795
4,5,6,1,0|1|1|0|0,0|0|0|3|1,0,10,3.913324,0.000688,10,3.913533,0.000918
4,5,6,1,0|1|1|0|1,0|0|0|3|0,0,10,3.904275,0.000967,10,3.904415,0.000691
4,5,6,1,0|1|1|0|0,0|0|0|4|0,0,10,3.848991,0.000539,10,3.848797,0.000541
4,5,6,1,0|1|1|1|0,0|0|0|0|3,0,10,3.922568,0.001036,10,3.922053,0.001445
4,5,6,1,0|1|1|1|1,0|0|0|0|2,0,10,3.922218,0.000880,10,3.921172,0.000956
4,5,6,1,0|1|1|1|2,0|0|0|0|1,0,10,3.916155,0.000687,10,3.916930,0.001304
4,5,6,1,0|1|1|1|3,0|0|0|0|0,0,10,3.906439,0.000917,10,3.907275,0.000617
4,5,6,1,0|1|1|1|0,0|0|0|1|2,0,10,3.926107,0.000889,10,3.926016,0.000838
4,5,6,1,0|1|1|1|1,0|0|0|1|1,0,10,3.923806,0.000767,10,3.924031,0.001043
4,5,6,1,0|1|1|1|2,0|0|0|1|0,0,10,3.914572,0.000620,10,3.914701,0.000827
4,5,6,1,0|1|1|1|0,0|0|0|2|1,0,10,3.911366,0.000736,10,3.911673,0.000756
4,5,6,1,0|1|1|1|1,0|0|0|2|0,0,10,3.901698,0.000605,10,3.902589,0.000726
4,5,6,1,0|1|1|1|0,0|0|0|3|0,0,10,3.849094,0.000512,10,3.849483,0.000718
4,5,6,1,0|1|1|2|0,0|0|0|0|2,0,10,3.917815,0.000886,10,3.917256,0.000706
4,5,6,1,0|1|1|2|1,0|0|0|0|1,0,10,3.914825,0.001037,10,3.914816,0.001165
4,5,6,1,0|1|1|2|2,0|0|0|0|0,0,10,3.900767,0.000636,10,3.900594,0.000854
4,5,6,1,0|1|1|2|0,0|0|0|1|1,0,10,3.906425,0.000587,10,3.906587,0.000826
4,5,6,1,0|1|1|2|1,0|0|0|1|0,0,10,3.895774,0.000837,10,3.895652,0.000802
4,5,6,1,0|1|1|2|0,0|0|0|2|0,0,10,3.845477,0.000450,10,3.845210,0.000681
4,5,6,1,0|1|1|3|0,0|0|0|0|1,0,10,3.898595,0.000874,10,3.898781,0.001124
4,5,6,1,0|1|1|3|1,0|0|0|0|0,0,10,3.884815,0.000752,10,3.884772,0.000490
4,5,6,1,0|1|1|3|0,0|0|0|1|0,0,10,3.839547,0.000786,10,3.839561,0.000670
4,5,6,1,0|1|1|4|0,0|0|0|0|0,0,10,3.828686,0.000648,10,3.828897,0.000463
4,5,6,1,0|1|1|0|0,0|0|1|0|3,0,10,3.901549,0.000965,10,3.902267,0.000675
4,5,6,1,0|1|1|0|1,0|0|1|0|2,0,10,3.902949,0.000633,10,3.902449,0.000525
4,5,6,1,0|1|1|0|2,0|0|1|0|1,0,10,3.896561,0.001085,10,3.896688,0.000718
4,5,6,1,0|1|1|0|3,0|0|1|0|0,0,10,3.883742,0.000956,10,3.883792,0.000662
4,5,6,1,0|1|1|0|0,0|0|1|1|2,0,10,3.920904,0.001136,10,3.921030,0.000902
4,5,6,1,0|1|1|0|1,0|0|1|1|1,0,10,3.919504,0.001251,10,3.919074,0.000664
4,5,6,1,0|1|1|0|2,0|0|1|1|0,0,10,3.909555,0.000788,10,3.908953,0.001189
4,5,6,1,0|1|1|0|0,0|0|1|2|1,0,10,3.909999,0.000820,10,3.909911,0.001250
4,5,6,1,0|1|1|0|1,0|0|1|2|0,0,10,3.900311,0.000742,10,3.900529,0.000741
4,5,6,1,0|1|1|0|0,0|0|1|3|0,0,10,3.851241,0.000695,10,3.851112,0.000698
4,5,6,1,0|1|1|1|0,0|0|1|0|2,0,10,3.911428,0.001027,10,3.910928,0.000971
4,5,6,1,0|1|1|1|1,0|0|1|0|1,0,10,3.907187,0.000867,10,3.907651,0.000871
4,5,6,1,0|1|1|1|2,0|0|1|0|0,0,10,3.893734,0.000864,10,3.893450,0.000560
4,5,6,1,0|1|1|1|0,0|0|1|1|1,0,10,3.906202,0.000556,10,3.905926,0.000460
4,5,6,1,0|1|1|1|1,0|0|1|1|0,0,10,3.895296,0.000840,10,3.894938,0.000957
4,5,6,1,0|1|1|1|0,0|0|1|2|0,0,10,3.850237,0.000393,10,3.850274,0.000552
4,5,6,1,0|1|1|2|0,0|0|1|0|1,0,10,3.894974,0.000586,10,3.894580,0.000688
4,5,6,1,0|1|1|2|1,0|0|1|0|0,0,10,3.879563,0.000958,10,3.879772,0.000806
4,5,6,1,0|1|1|2|0,0|0|1|1|0,0,10,3.842769,0.000449,10,3.843217,0.000470
4,5,6,1,0|1|1|3|0,0|0|1|0|0,0,10,3.828189,0.000542,10,3.827938,0.000732
4,5,6,1,0|1|1|0|0,0|0|2|0|2,0,10,3.875781,0.000483,10,3.875747,0.001035
4,5,6,1,0|1|1|0|1,0|0|2|0|1,0,10,3.872154,0.000958,10,3.872718,0.000559
4,5,6,1,0|1|1|0|2,0|0|2|0|0,0,10,3.852145,0.000674,10,3.852190,0.000785
4,5,6,1,0|1|1|0|0,0|0|2|1|1,0,10,3.885976,0.000782,10,3.885986,0.000958
4,5,6,1,0|1|1|0|1,0|0|2|1|0,0,10,3.872499,0.000543,10,3.872629,0.000902
4,5,6,1,0|1|1|0|0,0|0|2|2|0,0,10,3.824313,0.000529,10,3.824009,0.000422
4,5,6,1,0|1|1|1|0,0|0|2|0|1,0,10,3.870963,0.000807,10,3.870998,0.001072
4,5,6,1,0|1|1|1|1,0|0|2|0|0,0,10,3.851650,0.000824,10,3.851360,0.000609
4,5,6,1,0|1|1|1|0,0|0|2|1|0,0,10,3.818670,0.000208,10,3.818521,0.000387
4,5,6,1,0|1|1|2|0,0|0|2|0|0,0,10,3.797260,0.000630,10,3.797232,0.000604
4,5,6,1,0|1|1|0|0,0|0|3|0|1,0,10,3.808775,0.000493,10,3.808475,0.000378
4,5,6,1,0|1|1|0|1,0|0|3|0|0,0,10,3.782257,0.000417,10,3.782279,0.000515
4,5,6,1,0|1|1|0|0,0|0|3|1|0,0,10,3.763473,0.000488,10,3.763323,0.000422
4,5,6,1,0|1|1|1|0,0|0|3|0|0,0,10,3.736606,0.000328,10,3.736538,0.000479
4,5,6,1,0|1|1|0|0,0|0|4|0|0,0,10,3.582542,0.000632,10,3.582369,0.000809
4,5,6,1,0|1|2|0|0,0|0|0|0|3,0,10,3.898616,0.000570,10,3.898606,0.001051
4,5,6,1,0|1|2|0|1,0|0|0|0|2,0,10,3.899518,0.000536,10,3.898758,0.000649
4,5,6,1,0|1|2|0|2,0|0|0|0|1,0,10,3.893179,0.000778,10,3.892579,0.000560
4,5,6,1,0|1|2|0|3,0|0|0|0|0,0,10,3.877922,0.000966,10,3.878411,0.000582
4,5,6,1,0|1|2|0|0,0|0|0|1|2,0,10,3.918096,0.000800,10,3.918012,0.001371
4,5,6,1,0|1|2|0|1,0|0|0|1|1,0,10,3.915954,0.001067,10,3.916679,0.000468
4,5,6,1,0|1|2|0|2,0|0|0|1|0,0,10,3.905132,0.000766,10,3.905391,0.001061
4,5,6,1,0|1|2|0|0,0|0|0|2|1,0,10,3.906843,0.001237,10,3.906243,0.000514
4,5,6,1,0|1|2|0|1,0|0|0|2|0,0,10,3.896222,0.000872,10,3.896214,0.000791
4,5,6,1,0|1|2|0|0,0|0|0|3|0,0,10,3.845534,0.000622,10,3.845408,0.000587
4,5,6,1,0|1|2|1|0,0|0|0|0|2,0,10,3.907303,0.000998,10,3.907322,0.001062
4,5,6,1,0|1|2|1|1,0|0|0|0|1,0,10,3.903044,0.000754,10,3.903056,0.000799
4,5,6,1,0|1|2|1|2,0|0|0|0|0,0,10,3.886774,0.000929,10,3.887480,0.000781
4,5,6,1,0|1|2|1|0,0|0|0|1|1,0,10,3.902316,0.001003,10,3.902031,0.000942
4,5,6,1,0|1|2|1|1,0|0|0|1|0,0,10,3.890459,0.000861,10,3.890747,0.000842
4,5,6,1,0|1|2|1|0,0|0|0|2|0,0,10,3.844723,0.000343,10,3.844664,0.000557
4,5,6,1,0|1|2|2|0,0|0|0|0|1,0,10,3.888359,0.000799,10,3.888857,0.000827
4,5,6,1,0|1|2|2|1,0|0|0|0|0,0,10,3.872414,0.000810,10,3.872315,0.000827
4,5,6,1,0|1|2|2|0,0|0|0|1|0,0,10,3.835320,0.000784,10,3.835654,0.000702
4,5,6,1,0|1|2|3|0,0|0|0|0|0,0,10,3.818314,0.000374,10,3.818245,0.000653
4,5,6,1,0|1|2|0|0,0|0|1|0|2,0,10,3.873897,0.000619,10,3.874243,0.000470
4,5,6,1,0|1|2|0|1,0|0|1|0|1,0,10,3.870839,0.001173,10,3.870689,0.000906
4,5,6,1,0|1|2|0|2,0|0|1|0|0,0,10,3.848912,0.000501,10,3.848624,0.000761
4,5,6,1,0|1|2|0|0,0|0|1|1|1,0,10,3.884681,0.001105,10,3.884396,0.000840
4,5,6,1,0|1|2|0|1,0|0|1|1|0,0,10,3.870545,0.000633,10,3.870395,0.000690
4,5,6,1,0|1|2|0|0,0|0|1|2|0,0,10,3.821323,0.000613,10,3.821585,0.000369
4,5,6,1,0|1|2|1|0,0|0|1|0|1,0,10,3.868478,0.000684,10,3.868541,0.000537
4,5,6,1,0|1|2|1|1,0|0|1|0|0,0,10,3.847096,0.000544,10,3.847982,0.000722
4,5,6,1,0|1|2|1|0,0|0|1|1|0,0,10,3.815607,0.000471,10,3.815873,0.000512
4,5,6,1,0|1|2|2|0,0|0|1|0|0,0,10,3.792219,0.000607,10,3.792435,0.000456
4,5,6,1,0|1|2|0|0,0|0|2|0|1,0,10,3.807555,0.000648,10,3.807770,0.000455
4,5,6,1,0|1|2|0|1,0|0|2|0|0,0,10,3.780742,0.000500,10,3.780816,0.000420
4,5,6,1,0|1|2|0|0,0|0|2|1|0,0,10,3.762268,0.000431,10,3.762285,0.000439
4,5,6,1,0|1|2|1|0,0|0|2|0|0,0,10,3.734256,0.000518,10,3.734230,0.000439
4,5,6,1,0|1|2|0|0,0|0|3|0|0,0,10,3.585090,0.000322,10,3.584934,0.000641
4,5,6,1,0|1|3|0|0,0|0|0|0|2,0,10,3.872941,0.001086,10,3.872574,0.000655
4,5,6,1,0|1|3|0|1,0|0|0|0|1,0,10,3.869524,0.000571,10,3.870044,0.001105
4,5,6,1,0|1|3|0|2,0|0|0|0|0,0,10,3.845856,0.000672,10,3.845881,0.000670
4,5,6,1,0|1|3|0|0,0|0|0|1|1,0,10,3.883339,0.000860,10,3.883458,0.000336
4,5,6,1,0|1|3|0|1,0|0|0|1|0,0,10,3.869026,0.001058,10,3.869059,0.000530
4,5,6,1,0|1|3|0|0,0|0|0|2|0,0,10,3.818928,0.000583,10,3.818721,0.000469
4,5,6,1,0|1|3|1|0,0|0|0|0|1,0,10,3.866519,0.000659,10,3.866304,0.000669
4,5,6,1,0|1|3|1|1,0|0|0|0|0,0,10,3.845252,0.000928,10,3.845013,0.000378
4,5,6,1,0|1|3|1|0,0|0|0|1|0,0,10,3.813815,0.000541,10,3.813530,0.000489
4,5,6,1,0|1|3|2|0,0|0|0|0|0,0,10,3.788397,0.000400,10,3.788762,0.000583
4,5,6,1,0|1|3|0|0,0|0|1|0|1,0,10,3.807218,0.000523,10,3.807178,0.000548
4,5,6,1,0|1|3|0|1,0|0|1|0|0,0,10,3.780341,0.000594,10,3.780016,0.000832
4,5,6,1,0|1|3|0|0,0|0|1|1|0,0,10,3.761826,0.000257,10,3.761529,0.000316
4,5,6,1,0|1|3|1|0,0|0|1|0|0,0,10,3.733670,0.000429,10,3.733298,0.000508
4,5,6,1,0|1|3|0|0,0|0|2|0|0,0,10,3.585792,0.000247,10,3.585810,0.000503
4,5,6,1,0|1|4|0|0,0|0|0|0|1,0,10,3.806545,0.000599,10,3.806373,0.000586
4,5,6,1,0|1|4|0|1,0|0|0|0|0,0,10,3.779180,0.000458,10,3.779611,0.000649
4,5,6,1,0|1|4|0|0,0|0|0|1|0,0,10,3.760947,0.000617,10,3.760798,0.000482
4,5,6,1,0|1|4|1|0,0|0|0|0|0,0,10,3.732784,0.000790,10,3.732713,0.000312
4,5,6,1,0|1|4|0|0,0|0|1|0|0,0,10,3.586021,0.000469,10,3.586160,0.000613
4,5,6,1,0|1|5|0|0,0|0|0|0|0,0,10,3.585681,0.000697,10,3.585631,0.000453
4,5,6,1,0|1|0|0|0,0|1|0|0|4,0,10,3.874385,0.001133,10,3.874687,0.000819
4,5,6,1,0|1|0|0|1,0|1|0|0|3,0,10,3.877094,0.000911,10,3.876665,0.001341
4,5,6,1,0|1|0|0|2,0|1|0|0|2,0,10,3.873978,0.000946,10,3.874339,0.000782
4,5,6,1,0|1|0|0|3,0|1|0|0|1,0,10,3.869886,0.000706,10,3.869148,0.001141
4,5,6,1,0|1|0|0|4,0|1|0|0|0,0,10,3.858971,0.000783,10,3.858258,0.000836
4,5,6,1,0|1|0|0|0,0|1|0|1|3,0,10,3.916207,0.000980,10,3.915785,0.001414
4,5,6,1,0|1|0|0|1,0|1|0|1|2,0,10,3.917472,0.001111,10,3.917064,0.001335
4,5,6,1,0|1|0|0|2,0|1|0|1|1,0,10,3.912433,0.000970,10,3.913245,0.000978
4,5,6,1,0|1|0|0|3,0|1|0|1|0,0,10,3.904092,0.000913,10,3.904103,0.000961
4,5,6,1,0|1|0|0|0,0|1|0|2|2,0,10,3.910720,0.000884,10,3.910910,0.000918
4,5,6,1,0|1|0|0|1,0|1|0|2|1,0,10,3.910532,0.000805,10,3.910495,0.001293
4,5,6,1,0|1|0|0|2,0|1|0|2|0,0,10,3.897142,0.000791,10,3.897752,0.001001
4,5,6,1,0|1|0|0|0,0|1|0|3|1,0,10,3.883299,0.000661,10,3.883508,0.000522
4,5,6,1,0|1|0|0|1,0|1|0|3|0,0,10,3.869993,0.000824,10,3.870162,0.000849
4,5,6,1,0|1|0|0|0,0|1|0|4|0,0,10,3.772354,0.000514,10,3.772180,0.000468
4,5,6,1,0|1|0|1|0,0|1|0|0|3,0,10,3.908374,0.000561,10,3.908413,0.000754
4,5,6,1,0|1|0|1|1,0|1|0|0|2,0,10,3.908075,0.001048,10,3.907696,0.000744
4,5,6,1,0|1|0|1|2,0|1|0|0|1,0,10,3.902028,0.000956,10,3.901782,0.001158
4,5,6,1,0|1|0|1|3,0|1|0|0|0,0,10,3.890038,0.000772,10,3.889823,0.001021
4,5,6,1,0|1|0|1|0,0|1|0|1|2,0,10,3.909712,0.001226,10,3.909818,0.000962
4,5,6,1,0|1|0|1|1,0|1|0|1|1,0,10,3.907615,0.001197,10,3.907563,0.000686
4,5,6,1,0|1|0|1|2,0|1|0|1|0,0,10,3.894150,0.000543,10,3.894181,0.000923
4,5,6,1,0|1|0|1|0,0|1|0|2|1,0,10,3.882669,0.000692,10,3.882508,0.000709
4,5,6,1,0|1|0|1|1,0|1|0|2|0,0,10,3.868141,0.000661,10,3.868431,0.000708
4,5,6,1,0|1|0|1|0,0|1|0|3|0,0,10,3.774011,0.000399,10,3.774064,0.000496
4,5,6,1,0|1|0|2|0,0|1|0|0|2,0,10,3.901187,0.001115,10,3.900933,0.000764
4,5,6,1,0|1|0|2|1,0|1|0|0|1,0,10,3.898268,0.000930,10,3.898491,0.000856
4,5,6,1,0|1|0|2|2,0|1|0|0|0,0,10,3.880749,0.000426,10,3.880381,0.000921
4,5,6,1,0|1|0|2|0,0|1|0|1|1,0,10,3.878150,0.000460,10,3.878453,0.000534
4,5,6,1,0|1|0|2|1,0|1|0|1|0,0,10,3.862419,0.000722,10,3.862684,0.000470
4,5,6,1,0|1|0|2|0,0|1|0|2|0,0,10,3.772112,0.000567,10,3.771874,0.000297
4,5,6,1,0|1|0|3|0,0|1|0|0|1,0,10,3.871691,0.000783,10,3.871595,0.000735
4,5,6,1,0|1|0|3|1,0|1|0|0|0,0,10,3.853546,0.000939,10,3.853272,0.000544
4,5,6,1,0|1|0|3|0,0|1|0|1|0,0,10,3.767994,0.000382,10,3.768088,0.000501
4,5,6,1,0|1|0|4|0,0|1|0|0|0,0,10,3.760354,0.000458,10,3.760314,0.000711
4,5,6,1,0|1|0|0|0,0|1|1|0|3,0,10,3.897771,0.000926,10,3.897834,0.000976
4,5,6,1,0|1|0|0|1,0|1|1|0|2,0,10,3.898581,0.000857,10,3.898513,0.000858
4,5,6,1,0|1|0|0|2,0|1|1|0|1,0,10,3.892962,0.000798,10,3.893393,0.000908
4,5,6,1,0|1|0|0|3,0|1|1|0|0,0,10,3.880504,0.000829,10,3.880792,0.000662
4,5,6,1,0|1|0|0|0,0|1|1|1|2,0,10,3.919375,0.001074,10,3.919776,0.000624
4,5,6,1,0|1|0|0|1,0|1|1|1|1,0,10,3.918856,0.000914,10,3.918284,0.000950
4,5,6,1,0|1|0|0|2,0|1|1|1|0,0,10,3.908260,0.000570,10,3.908060,0.000641
4,5,6,1,0|1|0|0|0,0|1|1|2|1,0,10,3.907303,0.000928,10,3.907896,0.000779
4,5,6,1,0|1|0|0|1,0|1|1|2|0,0,10,3.898296,0.000686,10,3.898454,0.000776
4,5,6,1,0|1|0|0|0,0|1|1|3|0,0,10,3.843852,0.000504,10,3.844009,0.000886
4,5,6,1,0|1|0|1|0,0|1|1|0|2,0,10,3.910771,0.001258,10,3.911019,0.000983
4,5,6,1,0|1|0|1|1,0|1|1|0|1,0,10,3.907308,0.000896,10,3.907655,0.000544
4,5,6,1,0|1|0|1|2,0|1|1|0|0,0,10,3.894046,0.000836,10,3.893432,0.000575
4,5,6,1,0|1|0|1|0,0|1|1|1|1,0,10,3.905337,0.000949,10,3.904833,0.000797
4,5,6,1,0|1|0|1|1,0|1|1|1|0,0,10,3.894528,0.000698,10,3.894490,0.000559
4,5,6,1,0|1|0|1|0,0|1|1|2|0,0,10,3.844591,0.000466,10,3.843973,0.000346
4,5,6,1,0|1|0|2|0,0|1|1|0|1,0,10,3.894172,0.000954,10,3.894038,0.000633
4,5,6,1,0|1|0|2|1,0|1|1|0|0,0,10,3.879652,0.000621,10,3.879861,0.000771
4,5,6,1,0|1|0|2|0,0|1|1|1|0,0,10,3.837518,0.000488,10,3.837563,0.000545
4,5,6,1,0|1|0|3|0,0|1|1|0|0,0,10,3.823970,0.000517,10,3.823772,0.000542
4,5,6,1,0|1|0|0|0,0|1|2|0|2,0,10,3.875720,0.000887,10,3.876157,0.001143
4,5,6,1,0|1|0|0|1,0|1|2|0|1,0,10,3.873789,0.000766,10,3.873930,0.000740
4,5,6,1,0|1|0|0|2,0|1|2|0|0,0,10,3.853799,0.000878,10,3.853480,0.000865
4,5,6,1,0|1|0|0|0,0|1|2|1|1,0,10,3.888009,0.000625,10,3.887852,0.000454
4,5,6,1,0|1|0|0|1,0|1|2|1|0,0,10,3.875782,0.000843,10,3.875373,0.000646
4,5,6,1,0|1|0|0|0,0|1|2|2|0,0,10,3.824839,0.000478,10,3.825163,0.000372
4,5,6,1,0|1|0|1|0,0|1|2|0|1,0,10,3.874536,0.000663,10,3.874800,0.000572
4,5,6,1,0|1|0|1|1,0|1|2|0|0,0,10,3.855883,0.000693,10,3.856005,0.000480
4,5,6,1,0|1|0|1|0,0|1|2|1|0,0,10,3.821331,0.000547,10,3.821501,0.000389
4,5,6,1,0|1|0|2|0,0|1|2|0|0,0,10,3.800692,0.000470,10,3.800836,0.000767
4,5,6,1,0|1|0|0|0,0|1|3|0|1,0,10,3.810488,0.000623,10,3.811020,0.000509
4,5,6,1,0|1|0|0|1,0|1|3|0|0,0,10,3.786361,0.000821,10,3.786300,0.000375
4,5,6,1,0|1|0|0|0,0|1|3|1|0,0,10,3.766939,0.000308,10,3.766678,0.000479
4,5,6,1,0|1|0|1|0,0|1|3|0|0,0,10,3.742670,0.000271,10,3.742167,0.000407
4,5,6,1,0|1|0|0|0,0|1|4|0|0,0,10,3.581961,0.000297,10,3.581535,0.000485
4,5,6,1,0|1|1|0|0,0|1|0|0|3,0,10,3.892173,0.000837,10,3.892212,0.000745
4,5,6,1,0|1|1|0|1,0|1|0|0|2,0,10,3.892167,0.001179,10,3.892704,0.000841
4,5,6,1,0|1|1|0|2,0|1|0|0|1,0,10,3.885712,0.000816,10,3.885751,0.001141
4,5,6,1,0|1|1|0|3,0|1|0|0|0,0,10,3.871375,0.000973,10,3.871550,0.001024
4,5,6,1,0|1|1|0|0,0|1|0|1|2,0,10,3.913225,0.000786,10,3.913925,0.001111
4,5,6,1,0|1|1|0|1,0|1|0|1|1,0,10,3.911957,0.000983,10,3.912123,0.001327
4,5,6,1,0|1|1|0|2,0|1|0|1|0,0,10,3.899651,0.000578,10,3.899991,0.000346
4,5,6,1,0|1|1|0|0,0|1|0|2|1,0,10,3.900477,0.000699,10,3.900295,0.000553
4,5,6,1,0|1|1|0|1,0|1|0|2|0,0,10,3.889866,0.000719,10,3.889531,0.000637
4,5,6,1,0|1|1|0|0,0|1|0|3|0,0,10,3.832375,0.000516,10,3.832326,0.000598
4,5,6,1,0|1|1|1|0,0|1|0|0|2,0,10,3.902879,0.000910,10,3.903113,0.001073
4,5,6,1,0|1|1|1|1,0|1|0|0|1,0,10,3.897669,0.000830,10,3.897669,0.000829
4,5,6,1,0|1|1|1|2,0|1|0|0|0,0,10,3.881794,0.000675,10,3.881263,0.000549
4,5,6,1,0|1|1|1|0,0|1|0|1|1,0,10,3.895889,0.000912,10,3.896048,0.000587
4,5,6,1,0|1|1|1|1,0|1|0|1|0,0,10,3.882999,0.000436,10,3.882994,0.000825
4,5,6,1,0|1|1|1|0,0|1|0|2|0,0,10,3.830857,0.000704,10,3.830987,0.000552
4,5,6,1,0|1|1|2|0,0|1|0|0|1,0,10,3.883011,0.000838,10,3.883126,0.000519
4,5,6,1,0|1|1|2|1,0|1|0|0|0,0,10,3.865496,0.000706,10,3.865534,0.000699
4,5,6,1,0|1|1|2|0,0|1|0|1|0,0,10,3.823178,0.000499,10,3.822834,0.000501
4,5,6,1,0|1|1|3|0,0|1|0|0|0,0,10,3.807137,0.000690,10,3.807020,0.000528
4,5,6,1,0|1|1|0|0,0|1|1|0|2,0,10,3.874391,0.000585,10,3.874442,0.000990
4,5,6,1,0|1|1|0|1,0|1|1|0|1,0,10,3.871583,0.000712,10,3.871096,0.000516
4,5,6,1,0|1|1|0|2,0|1|1|0|0,0,10,3.850570,0.000561,10,3.850241,0.000603
4,5,6,1,0|1|1|0|0,0|1|1|1|1,0,10,3.884988,0.000660,10,3.884724,0.000636
4,5,6,1,0|1|1|0|1,0|1|1|1|0,0,10,3.871447,0.000856,10,3.871188,0.000692
4,5,6,1,0|1|1|0|0,0|1|1|2|0,0,10,3.822531,0.000507,10,3.822491,0.000486
4,5,6,1,0|1|1|1|0,0|1|1|0|1,0,10,3.868972,0.000662,10,3.869193,0.000480
4,5,6,1,0|1|1|1|1,0|1|1|0|0,0,10,3.849011,0.000639,10,3.849244,0.000964
4,5,6,1,0|1|1|1|0,0|1|1|1|0,0,10,3.816470,0.000545,10,3.816180,0.000406
4,5,6,1,0|1|1|2|0,0|1|1|0|0,0,10,3.795228,0.000655,10,3.795006,0.000578
4,5,6,1,0|1|1|0|0,0|1|2|0|1,0,10,3.810254,0.000632,10,3.810131,0.000605
4,5,6,1,0|1|1|0|1,0|1|2|0|0,0,10,3.784265,0.000663,10,3.784334,0.000468
4,5,6,1,0|1|1|0|0,0|1|2|1|0,0,10,3.765604,0.000404,10,3.765470,0.000242
4,5,6,1,0|1|1|1|0,0|1|2|0|0,0,10,3.738711,0.000601,10,3.738973,0.000682
4,5,6,1,0|1|1|0|0,0|1|3|0|0,0,10,3.587692,0.000446,10,3.587592,0.000434
4,5,6,1,0|1|2|0|0,0|1|0|0|2,0,10,3.870942,0.000960,10,3.870757,0.000919
4,5,6,1,0|1|2|0|1,0|1|0|0|1,0,10,3.867427,0.001030,10,3.867183,0.001051
4,5,6,1,0|1|2|0|2,0|1|0|0|0,0,10,3.843689,0.000572,10,3.843653,0.000818
4,5,6,1,0|1|2|0|0,0|1|0|1|1,0,10,3.880572,0.000813,10,3.881167,0.000904
4,5,6,1,0|1|2|0|1,0|1|0|1|0,0,10,3.866571,0.000470,10,3.866757,0.000661
4,5,6,1,0|1|2|0|0,0|1|0|2|0,0,10,3.816042,0.000393,10,3.816177,0.000514
4,5,6,1,0|1|2|1|0,0|1|0|0|1,0,10,3.863881,0.000537,10,3.863619,0.000662
4,5,6,1,0|1|2|1|1,0|1|0|0|0,0,10,3.842651,0.000785,10,3.842459,0.000481
4,5,6,1,0|1|2|1|0,0|1|0|1|0,0,10,3.810054,0.000433,10,3.810012,0.000510
4,5,6,1,0|1|2|2|0,0|1|0|0|0,0,10,3.785579,0.000683,10,3.785502,0.000541
4,5,6,1,0|1|2|0|0,0|1|1|0|1,0,10,3.808781,0.000579,10,3.808627,0.000550
4,5,6,1,0|1|2|0|1,0|1|1|0|0,0,10,3.781711,0.000580,10,3.781754,0.000747
4,5,6,1,0|1|2|0|0,0|1|1|1|0,0,10,3.763141,0.000493,10,3.763546,0.000405
4,5,6,1,0|1|2|1|0,0|1|1|0|0,0,10,3.735739,0.000524,10,3.735668,0.000462
4,5,6,1,0|1|2|0|0,0|1|2|0|0,0,10,3.589544,0.000656,10,3.589675,0.000360
4,5,6,1,0|1|3|0|0,0|1|0|0|1,0,10,3.806956,0.000548,10,3.806982,0.000431
4,5,6,1,0|1|3|0|1,0|1|0|0|0,0,10,3.779859,0.000621,10,3.779531,0.000495
4,5,6,1,0|1|3|0|0,0|1|0|1|0,0,10,3.761445,0.000598,10,3.761443,0.000554
4,5,6,1,0|1|3|1|0,0|1|0|0|0,0,10,3.732904,0.000549,10,3.733038,0.000450
4,5,6,1,0|1|3|0|0,0|1|1|0|0,0,10,3.589974,0.000565,10,3.590025,0.000477
4,5,6,1,0|1|4|0|0,0|1|0|0|0,0,10,3.589367,0.000322,10,3.589473,0.000554
4,5,6,1,0|1|0|0|0,0|2|0|0|3,0,10,3.852947,0.000742,10,3.853086,0.000625
4,5,6,1,0|1|0|0|1,0|2|0|0|2,0,10,3.855094,0.000973,10,3.855238,0.001340
4,5,6,1,0|1|0|0|2,0|2|0|0|1,0,10,3.847115,0.000972,10,3.847426,0.000900
4,5,6,1,0|1|0|0|3,0|2|0|0|0,0,10,3.829217,0.000554,10,3.828734,0.000783
4,5,6,1,0|1|0|0|0,0|2|0|1|2,0,10,3.893616,0.000801,10,3.893549,0.000794
4,5,6,1,0|1|0|0|1,0|2|0|1|1,0,10,3.891577,0.001144,10,3.892158,0.000948
4,5,6,1,0|1|0|0|2,0|2|0|1|0,0,10,3.875829,0.000743,10,3.876012,0.000803
4,5,6,1,0|1|0|0|0,0|2|0|2|1,0,10,3.869849,0.000700,10,3.869804,0.000545
4,5,6,1,0|1|0|0|1,0|2|0|2|0,0,10,3.854401,0.000629,10,3.854217,0.000262
4,5,6,1,0|1|0|0|0,0|2|0|3|0,0,10,3.755506,0.000334,10,3.755871,0.000485
4,5,6,1,0|1|0|1|0,0|2|0|0|2,0,10,3.881697,0.000944,10,3.881919,0.000889
4,5,6,1,0|1|0|1|1,0|2|0|0|1,0,10,3.877067,0.000714,10,3.877138,0.000665
4,5,6,1,0|1|0|1|2,0|2|0|0|0,0,10,3.856778,0.000750,10,3.856947,0.000842
4,5,6,1,0|1|0|1|0,0|2|0|1|1,0,10,3.866177,0.000509,10,3.866266,0.000783
4,5,6,1,0|1|0|1|1,0|2|0|1|0,0,10,3.849082,0.000355,10,3.848387,0.000481
4,5,6,1,0|1|0|1|0,0|2|0|2|0,0,10,3.756620,0.000509,10,3.756722,0.000489
4,5,6,1,0|1|0|2|0,0|2|0|0|1,0,10,3.854146,0.000329,10,3.853929,0.000838
4,5,6,1,0|1|0|2|1,0|2|0|0|0,0,10,3.832476,0.000561,10,3.832348,0.000571
4,5,6,1,0|1|0|2|0,0|2|0|1|0,0,10,3.751279,0.000380,10,3.751017,0.000556
4,5,6,1,0|1|0|3|0,0|2|0|0|0,0,10,3.738923,0.000465,10,3.738857,0.000217
4,5,6,1,0|1|0|0|0,0|2|1|0|2,0,10,3.867427,0.000447,10,3.867218,0.000715
4,5,6,1,0|1|0|0|1,0|2|1|0|1,0,10,3.864642,0.000961,10,3.864540,0.000873
4,5,6,1,0|1|0|0|2,0|2|1|0|0,0,10,3.843372,0.000330,10,3.843429,0.000600
4,5,6,1,0|1|0|0|0,0|2|1|1|1,0,10,3.880034,0.000543,10,3.879754,0.000919
4,5,6,1,0|1|0|0|1,0|2|1|1|0,0,10,3.865868,0.000869,10,3.866158,0.000634
4,5,6,1,0|1|0|0|0,0|2|1|2|0,0,10,3.811576,0.000407,10,3.811347,0.000246
4,5,6,1,0|1|0|1|0,0|2|1|0|1,0,10,3.865462,0.000590,10,3.865980,0.000800
4,5,6,1,0|1|0|1|1,0|2|1|0|0,0,10,3.845821,0.000576,10,3.845519,0.000480
4,5,6,1,0|1|0|1|0,0|2|1|1|0,0,10,3.807238,0.000609,10,3.807060,0.000887
4,5,6,1,0|1|0|2|0,0|2|1|0|0,0,10,3.786765,0.000518,10,3.786855,0.000414
4,5,6,1,0|1|0|0|0,0|2|2|0|1,0,10,3.806844,0.000742,10,3.806847,0.000739
4,5,6,1,0|1|0|0|1,0|2|2|0|0,0,10,3.781944,0.000523,10,3.781937,0.000593
4,5,6,1,0|1|0|0|0,0|2|2|1|0,0,10,3.762276,0.000437,10,3.761955,0.000430
4,5,6,1,0|1|0|1|0,0|2|2|0|0,0,10,3.737766,0.000326,10,3.737263,0.000498
4,5,6,1,0|1|0|0|0,0|2|3|0|0,0,10,3.579802,0.000292,10,3.579812,0.000372
4,5,6,1,0|1|1|0|0,0|2|0|0|2,0,10,3.859196,0.000970,10,3.859338,0.000957
4,5,6,1,0|1|1|0|1,0|2|0|0|1,0,10,3.854693,0.000588,10,3.855628,0.001009
4,5,6,1,0|1|1|0|2,0|2|0|0|0,0,10,3.830802,0.000803,10,3.831231,0.000895
4,5,6,1,0|1|1|0|0,0|2|0|1|1,0,10,3.871377,0.000983,10,3.871449,0.000602
4,5,6,1,0|1|1|0|1,0|2|0|1|0,0,10,3.854792,0.000793,10,3.854119,0.000550
4,5,6,1,0|1|1|0|0,0|2|0|2|0,0,10,3.798956,0.000533,10,3.798633,0.000546
4,5,6,1,0|1|1|1|0,0|2|0|0|1,0,10,3.852602,0.000617,10,3.852285,0.000570
4,5,6,1,0|1|1|1|1,0|2|0|0|0,0,10,3.828986,0.000578,10,3.829303,0.000874
4,5,6,1,0|1|1|1|0,0|2|0|1|0,0,10,3.791504,0.000363,10,3.791360,0.000496
4,5,6,1,0|1|1|2|0,0|2|0|0|0,0,10,3.768451,0.000398,10,3.768608,0.000427
4,5,6,1,0|1|1|0|0,0|2|1|0|1,0,10,3.804715,0.000612,10,3.804772,0.000457
4,5,6,1,0|1|1|0|1,0|2|1|0|0,0,10,3.777880,0.000283,10,3.777716,0.000450
4,5,6,1,0|1|1|0|0,0|2|1|1|0,0,10,3.759318,0.000471,10,3.759294,0.000515
4,5,6,1,0|1|1|1|0,0|2|1|0|0,0,10,3.731635,0.000577,10,3.731848,0.000622
4,5,6,1,0|1|1|0|0,0|2|2|0|0,0,10,3.585198,0.000544,10,3.585077,0.000612
4,5,6,1,0|1|2|0|0,0|2|0|0|1,0,10,3.800330,0.000631,10,3.800172,0.000763
4,5,6,1,0|1|2|0|1,0|2|0|0|0,0,10,3.772029,0.000266,10,3.771891,0.000410
4,5,6,1,0|1|2|0|0,0|2|0|1|0,0,10,3.753270,0.000369,10,3.753412,0.000454
4,5,6,1,0|1|2|1|0,0|2|0|0|0,0,10,3.724153,0.000498,10,3.724115,0.000504
4,5,6,1,0|1|2|0|0,0|2|1|0|0,0,10,3.586156,0.000460,10,3.585921,0.000771
4,5,6,1,0|1|3|0|0,0|2|0|0|0,0,10,3.584503,0.000721,10,3.584667,0.000431
4,5,6,1,0|1|0|0|0,0|3|0|0|2,0,10,3.810406,0.000662,10,3.810103,0.000699
4,5,6,1,0|1|0|0|1,0|3|0|0|1,0,10,3.807336,0.000492,10,3.806871,0.000766
4,5,6,1,0|1|0|0|2,0|3|0|0|0,0,10,3.778625,0.000721,10,3.778325,0.000551
4,5,6,1,0|1|0|0|0,0|3|0|1|1,0,10,3.836460,0.000643,10,3.836194,0.000479
4,5,6,1,0|1|0|0|1,0|3|0|1|0,0,10,3.816210,0.000494,10,3.815922,0.000705
4,5,6,1,0|1|0|0|0,0|3|0|2|0,0,10,3.723878,0.000341,10,3.723553,0.000482
4,5,6,1,0|1|0|1|0,0|3|0|0|1,0,10,3.817973,0.000917,10,3.818049,0.000752
4,5,6,1,0|1|0|1|1,0|3|0|0|0,0,10,3.790569,0.000730,10,3.790414,0.000544
4,5,6,1,0|1|0|1|0,0|3|0|1|0,0,10,3.720003,0.000559,10,3.720281,0.000476
4,5,6,1,0|1|0|2|0,0|3|0|0|0,0,10,3.700030,0.000487,10,3.700617,0.000466
4,5,6,1,0|1|0|0|0,0|3|1|0|1,0,10,3.791715,0.000556,10,3.791711,0.000647
4,5,6,1,0|1|0|0|1,0|3|1|0|0,0,10,3.765357,0.000701,10,3.765353,0.000585
4,5,6,1,0|1|0|0|0,0|3|1|1|0,0,10,3.744042,0.000375,10,3.744350,0.000352
4,5,6,1,0|1|0|1|0,0|3|1|0|0,0,10,3.718999,0.000408,10,3.718689,0.000545
4,5,6,1,0|1|0|0|0,0|3|2|0|0,0,10,3.572322,0.000400,10,3.572239,0.000513
4,5,6,1,0|1|1|0|0,0|3|0|0|1,0,10,3.781416,0.000516,10,3.781307,0.000530
4,5,6,1,0|1|1|0|1,0|3|0|0|0,0,10,3.750827,0.000409,10,3.750624,0.000378
4,5,6,1,0|1|1|0|0,0|3|0|1|0,0,10,3.730893,0.000406,10,3.730536,0.000547
4,5,6,1,0|1|1|1|0,0|3|0|0|0,0,10,3.700226,0.000532,10,3.700177,0.000605
4,5,6,1,0|1|1|0|0,0|3|1|0|0,0,10,3.575311,0.000480,10,3.575398,0.000479
4,5,6,1,0|1|2|0|0,0|3|0|0|0,0,10,3.570962,0.000641,10,3.570890,0.000556
4,5,6,1,0|1|0|0|0,0|4|0|0|1,0,10,3.711731,0.000582,10,3.711829,0.000768
4,5,6,1,0|1|0|0|1,0|4|0|0|0,0,10,3.678125,0.000425,10,3.678086,0.000628
4,5,6,1,0|1|0|0|0,0|4|0|1|0,0,10,3.650578,0.000540,10,3.650277,0.000554
4,5,6,1,0|1|0|1|0,0|4|0|0|0,0,10,3.622853,0.000509,10,3.622441,0.000389
4,5,6,1,0|1|0|0|0,0|4|1|0|0,0,10,3.543581,0.000479,10,3.543586,0.000532
4,5,6,1,0|1|1|0|0,0|4|0|0|0,0,10,3.533029,0.000646,10,3.532983,0.000768
4,5,6,1,0|1|0|0|0,0|5|0|0|0,0,10,3.396095,0.000847,10,3.396461,0.000771
4,5,6,1,0|2|0|0|0,0|0|0|0|4,0,10,3.875062,0.001053,10,3.874520,0.001001
4,5,6,1,0|2|0|0|1,0|0|0|0|3,0,10,3.877660,0.001062,10,3.877461,0.001217
4,5,6,1,0|2|0|0|2,0|0|0|0|2,0,10,3.874437,0.000806,10,3.874402,0.000732
4,5,6,1,0|2|0|0|3,0|0|0|0|1,0,10,3.869008,0.001013,10,3.869541,0.000530
4,5,6,1,0|2|0|0|4,0|0|0|0|0,0,10,3.858305,0.001432,10,3.857509,0.000786
4,5,6,1,0|2|0|0|0,0|0|0|1|3,0,10,3.915940,0.001032,10,3.916264,0.000985
4,5,6,1,0|2|0|0|1,0|0|0|1|2,0,10,3.917245,0.000964,10,3.916913,0.001138
4,5,6,1,0|2|0|0|2,0|0|0|1|1,0,10,3.913144,0.000832,10,3.912783,0.001755
4,5,6,1,0|2|0|0|3,0|0|0|1|0,0,10,3.902985,0.001225,10,3.903189,0.000747
4,5,6,1,0|2|0|0|0,0|0|0|2|2,0,10,3.910533,0.000994,10,3.910905,0.000976
4,5,6,1,0|2|0|0|1,0|0|0|2|1,0,10,3.910893,0.001276,10,3.910797,0.001254
4,5,6,1,0|2|0|0|2,0|0|0|2|0,0,10,3.897246,0.000827,10,3.897217,0.000941
4,5,6,1,0|2|0|0|0,0|0|0|3|1,0,10,3.883418,0.000695,10,3.883218,0.000972
4,5,6,1,0|2|0|0|1,0|0|0|3|0,0,10,3.869712,0.000320,10,3.869698,0.000623
4,5,6,1,0|2|0|0|0,0|0|0|4|0,0,10,3.772489,0.000489,10,3.772527,0.000414
4,5,6,1,0|2|0|1|0,0|0|0|0|3,0,10,3.908492,0.001124,10,3.907920,0.001391
4,5,6,1,0|2|0|1|1,0|0|0|0|2,0,10,3.907180,0.000926,10,3.907664,0.000953
4,5,6,1,0|2|0|1|2,0|0|0|0|1,0,10,3.901145,0.001003,10,3.901633,0.000645
4,5,6,1,0|2|0|1|3,0|0|0|0|0,0,10,3.889269,0.001094,10,3.889956,0.001311
4,5,6,1,0|2|0|1|0,0|0|0|1|2,0,10,3.909518,0.000923,10,3.909640,0.000963
4,5,6,1,0|2|0|1|1,0|0|0|1|1,0,10,3.907250,0.000610,10,3.907274,0.000802
4,5,6,1,0|2|0|1|2,0|0|0|1|0,0,10,3.893784,0.000914,10,3.894160,0.000777
4,5,6,1,0|2|0|1|0,0|0|0|2|1,0,10,3.882387,0.000927,10,3.882572,0.000422
4,5,6,1,0|2|0|1|1,0|0|0|2|0,0,10,3.868026,0.000430,10,3.868163,0.000738
4,5,6,1,0|2|0|1|0,0|0|0|3|0,0,10,3.774218,0.000464,10,3.774025,0.000254
4,5,6,1,0|2|0|2|0,0|0|0|0|2,0,10,3.901064,0.000786,10,3.901055,0.000883
4,5,6,1,0|2|0|2|1,0|0|0|0|1,0,10,3.898079,0.000639,10,3.897721,0.000644
4,5,6,1,0|2|0|2|2,0|0|0|0|0,0,10,3.879507,0.000511,10,3.879431,0.000703
4,5,6,1,0|2|0|2|0,0|0|0|1|1,0,10,3.878227,0.000648,10,3.877690,0.000568
4,5,6,1,0|2|0|2|1,0|0|0|1|0,0,10,3.862241,0.000530,10,3.862213,0.000591
4,5,6,1,0|2|0|2|0,0|0|0|2|0,0,10,3.771722,0.000575,10,3.771785,0.000398
4,5,6,1,0|2|0|3|0,0|0|0|0|1,0,10,3.871159,0.000523,10,3.871045,0.000446
4,5,6,1,0|2|0|3|1,0|0|0|0|0,0,10,3.852925,0.000535,10,3.852923,0.000713
4,5,6,1,0|2|0|3|0,0|0|0|1|0,0,10,3.768126,0.000305,10,3.767981,0.000614
4,5,6,1,0|2|0|4|0,0|0|0|0|0,0,10,3.759996,0.000449,10,3.760181,0.000495
4,5,6,1,0|2|0|0|0,0|0|1|0|3,0,10,3.897493,0.000713,10,3.897061,0.000918
4,5,6,1,0|2|0|0|1,0|0|1|0|2,0,10,3.898447,0.001021,10,3.898369,0.000922
4,5,6,1,0|2|0|0|2,0|0|1|0|1,0,10,3.893283,0.000781,10,3.892731,0.000706
4,5,6,1,0|2|0|0|3,0|0|1|0|0,0,10,3.880374,0.001146,10,3.880018,0.000739
4,5,6,1,0|2|0|0|0,0|0|1|1|2,0,10,3.919176,0.000716,10,3.918650,0.000910
4,5,6,1,0|2|0|0|1,0|0|1|1|1,0,10,3.918597,0.001067,10,3.917915,0.001052
4,5,6,1,0|2|0|0|2,0|0|1|1|0,0,10,3.907179,0.000719,10,3.907573,0.000629
4,5,6,1,0|2|0|0|0,0|0|1|2|1,0,10,3.907311,0.000667,10,3.907290,0.000612
4,5,6,1,0|2|0|0|1,0|0|1|2|0,0,10,3.898103,0.000841,10,3.897477,0.000723
4,5,6,1,0|2|0|0|0,0|0|1|3|0,0,10,3.843484,0.000405,10,3.843508,0.000457
4,5,6,1,0|2|0|1|0,0|0|1|0|2,0,10,3.910483,0.001231,10,3.910558,0.001293
4,5,6,1,0|2|0|1|1,0|0|1|0|1,0,10,3.907213,0.000915,10,3.906514,0.000646
4,5,6,1,0|2|0|1|2,0|0|1|0|0,0,10,3.893125,0.000631,10,3.893259,0.000955
4,5,6,1,0|2|0|1|0,0|0|1|1|1,0,10,3.905036,0.000945,10,3.905315,0.000785
4,5,6,1,0|2|0|1|1,0|0|1|1|0,0,10,3.893668,0.000608,10,3.894039,0.000755
4,5,6,1,0|2|0|1|0,0|0|1|2|0,0,10,3.843708,0.000221,10,3.844013,0.000533
4,5,6,1,0|2|0|2|0,0|0|1|0|1,0,10,3.893398,0.000651,10,3.893842,0.000819
4,5,6,1,0|2|0|2|1,0|0|1|0|0,0,10,3.878624,0.000631,10,3.878701,0.000702
4,5,6,1,0|2|0|2|0,0|0|1|1|0,0,10,3.837002,0.000864,10,3.836769,0.000561
4,5,6,1,0|2|0|3|0,0|0|1|0|0,0,10,3.822797,0.000503,10,3.822514,0.000559
4,5,6,1,0|2|0|0|0,0|0|2|0|2,0,10,3.875671,0.000754,10,3.875513,0.000862
4,5,6,1,0|2|0|0|1,0|0|2|0|1,0,10,3.873241,0.000872,10,3.873913,0.001054
4,5,6,1,0|2|0|0|2,0|0|2|0|0,0,10,3.853207,0.000852,10,3.852579,0.000938
4,5,6,1,0|2|0|0|0,0|0|2|1|1,0,10,3.887492,0.000603,10,3.887518,0.000968
4,5,6,1,0|2|0|0|1,0|0|2|1|0,0,10,3.875129,0.000540,10,3.874736,0.000605
4,5,6,1,0|2|0|0|0,0|0|2|2|0,0,10,3.824664,0.000527,10,3.824344,0.000566
4,5,6,1,0|2|0|1|0,0|0|2|0|1,0,10,3.873468,0.000457,10,3.874567,0.000768
4,5,6,1,0|2|0|1|1,0|0|2|0|0,0,10,3.855094,0.000522,10,3.855126,0.000364
4,5,6,1,0|2|0|1|0,0|0|2|1|0,0,10,3.820496,0.000497,10,3.820540,0.000380
4,5,6,1,0|2|0|2|0,0|0|2|0|0,0,10,3.799642,0.000512,10,3.799626,0.000689
4,5,6,1,0|2|0|0|0,0|0|3|0|1,0,10,3.810768,0.000622,10,3.810236,0.000666
4,5,6,1,0|2|0|0|1,0|0|3|0|0,0,10,3.786189,0.000563,10,3.785534,0.000566
4,5,6,1,0|2|0|0|0,0|0|3|1|0,0,10,3.766293,0.000592,10,3.766151,0.000398
4,5,6,1,0|2|0|1|0,0|0|3|0|0,0,10,3.741777,0.000341,10,3.741700,0.000415
4,5,6,1,0|2|0|0|0,0|0|4|0|0,0,10,3.581870,0.000489,10,3.581777,0.000437
4,5,6,1,0|2|1|0|0,0|0|0|0|3,0,10,3.892055,0.001058,10,3.891934,0.001235
4,5,6,1,0|2|1|0|1,0|0|0|0|2,0,10,3.892500,0.000990,10,3.891981,0.000953
4,5,6,1,0|2|1|0|2,0|0|0|0|1,0,10,3.885900,0.000821,10,3.886029,0.000631
4,5,6,1,0|2|1|0|3,0|0|0|0|0,0,10,3.870114,0.000839,10,3.870166,0.001388
4,5,6,1,0|2|1|0|0,0|0|0|1|2,0,10,3.913224,0.001334,10,3.913640,0.000558
4,5,6,1,0|2|1|0|1,0|0|0|1|1,0,10,3.911827,0.000744,10,3.911515,0.001077
4,5,6,1,0|2|1|0|2,0|0|0|1|0,0,10,3.899771,0.000969,10,3.899535,0.000629
4,5,6,1,0|2|1|0|0,0|0|0|2|1,0,10,3.899976,0.001018,10,3.900280,0.000676
4,5,6,1,0|2|1|0|1,0|0|0|2|0,0,10,3.888877,0.000699,10,3.889167,0.000766
4,5,6,1,0|2|1|0|0,0|0|0|3|0,0,10,3.831507,0.000648,10,3.831304,0.000552
4,5,6,1,0|2|1|1|0,0|0|0|0|2,0,10,3.902148,0.000698,10,3.902201,0.000684
4,5,6,1,0|2|1|1|1,0|0|0|0|1,0,10,3.897463,0.000887,10,3.897530,0.000840
4,5,6,1,0|2|1|1|2,0|0|0|0|0,0,10,3.880201,0.000746,10,3.879587,0.000822
4,5,6,1,0|2|1|1|0,0|0|0|1|1,0,10,3.895113,0.000582,10,3.895070,0.000451
4,5,6,1,0|2|1|1|1,0|0|0|1|0,0,10,3.881724,0.000823,10,3.882021,0.000444
4,5,6,1,0|2|1|1|0,0|0|0|2|0,0,10,3.830257,0.000484,10,3.829914,0.000378
4,5,6,1,0|2|1|2|0,0|0|0|0|1,0,10,3.882260,0.000613,10,3.882409,0.001170
4,5,6,1,0|2|1|2|1,0|0|0|0|0,0,10,3.864381,0.000426,10,3.864090,0.000842
4,5,6,1,0|2|1|2|0,0|0|0|1|0,0,10,3.821771,0.000567,10,3.822071,0.000541
4,5,6,1,0|2|1|3|0,0|0|0|0|0,0,10,3.805562,0.000400,10,3.805202,0.000717
4,5,6,1,0|2|1|0|0,0|0|1|0|2,0,10,3.874457,0.000742,10,3.873736,0.000822
4,5,6,1,0|2|1|0|1,0|0|1|0|1,0,10,3.870781,0.000751,10,3.871080,0.000733
4,5,6,1,0|2|1|0|2,0|0|1|0|0,0,10,3.849534,0.000619,10,3.849786,0.001060
4,5,6,1,0|2|1|0|0,0|0|1|1|1,0,10,3.884341,0.000802,10,3.884308,0.000510
4,5,6,1,0|2|1|0|1,0|0|1|1|0,0,10,3.870548,0.000655,10,3.870825,0.000789
4,5,6,1,0|2|1|0|0,0|0|1|2|0,0,10,3.821695,0.000456,10,3.821672,0.000490
4,5,6,1,0|2|1|1|0,0|0|1|0|1,0,10,3.868649,0.000682,10,3.868768,0.000535
4,5,6,1,0|2|1|1|1,0|0|1|0|0,0,10,3.848151,0.000711,10,3.848637,0.000552
4,5,6,1,0|2|1|1|0,0|0|1|1|0,0,10,3.815440,0.000520,10,3.815324,0.000564
4,5,6,1,0|2|1|2|0,0|0|1|0|0,0,10,3.794236,0.000441,10,3.793899,0.000435
4,5,6,1,0|2|1|0|0,0|0|2|0|1,0,10,3.809783,0.000574,10,3.809854,0.000592
4,5,6,1,0|2|1|0|1,0|0|2|0|0,0,10,3.783735,0.000411,10,3.784118,0.000710
4,5,6,1,0|2|1|0|0,0|0|2|1|0,0,10,3.764646,0.000529,10,3.765008,0.000497
4,5,6,1,0|2|1|1|0,0|0|2|0|0,0,10,3.737864,0.000495,10,3.737770,0.000457
4,5,6,1,0|2|1|0|0,0|0|3|0|0,0,10,3.587576,0.000472,10,3.587798,0.000440
4,5,6,1,0|2|2|0|0,0|0|0|0|2,0,10,3.870252,0.000644,10,3.869873,0.000995
4,5,6,1,0|2|2|0|1,0|0|0|0|1,0,10,3.866622,0.000871,10,3.866612,0.000400
4,5,6,1,0|2|2|0|2,0|0|0|0|0,0,10,3.842458,0.000839,10,3.842777,0.000822
4,5,6,1,0|2|2|0|0,0|0|0|1|1,0,10,3.880066,0.000709,10,3.880657,0.000701
4,5,6,1,0|2|2|0|1,0|0|0|1|0,0,10,3.865536,0.000459,10,3.865437,0.000745
4,5,6,1,0|2|2|0|0,0|0|0|2|0,0,10,3.815173,0.000607,10,3.815022,0.000377
4,5,6,1,0|2|2|1|0,0|0|0|0|1,0,10,3.862843,0.000683,10,3.863019,0.000508
4,5,6,1,0|2|2|1|1,0|0|0|0|0,0,10,3.840910,0.000634,10,3.841083,0.000581
4,5,6,1,0|2|2|1|0,0|0|0|1|0,0,10,3.808832,0.000578,10,3.809171,0.000408
4,5,6,1,0|2|2|2|0,0|0|0|0|0,0,10,3.783762,0.000472,10,3.783802,0.000444
4,5,6,1,0|2|2|0|0,0|0|1|0|1,0,10,3.808086,0.000600,10,3.808397,0.000461
4,5,6,1,0|2|2|0|1,0|0|1|0|0,0,10,3.781144,0.000673,10,3.781047,0.000502
4,5,6,1,0|2|2|0|0,0|0|1|1|0,0,10,3.763188,0.000520,10,3.762902,0.000504
4,5,6,1,0|2|2|1|0,0|0|1|0|0,0,10,3.734763,0.000695,10,3.735023,0.000308
4,5,6,1,0|2|2|0|0,0|0|2|0|0,0,10,3.589717,0.000549,10,3.589922,0.000330
4,5,6,1,0|2|3|0|0,0|0|0|0|1,0,10,3.806395,0.000500,10,3.806783,0.000607
4,5,6,1,0|2|3|0|1,0|0|0|0|0,0,10,3.778738,0.000685,10,3.778916,0.000501
4,5,6,1,0|2|3|0|0,0|0|0|1|0,0,10,3.760528,0.000628,10,3.760641,0.000405
4,5,6,1,0|2|3|1|0,0|0|0|0|0,0,10,3.731925,0.000432,10,3.731849,0.000543
4,5,6,1,0|2|3|0|0,0|0|1|0|0,0,10,3.590222,0.000640,10,3.590318,0.000491
4,5,6,1,0|2|4|0|0,0|0|0|0|0,0,10,3.589462,0.000483,10,3.589304,0.000375
4,5,6,1,0|2|0|0|0,0|1|0|0|3,0,10,3.853444,0.000901,10,3.853511,0.000644
4,5,6,1,0|2|0|0|1,0|1|0|0|2,0,10,3.855316,0.000759,10,3.855125,0.000837
4,5,6,1,0|2|0|0|2,0|1|0|0|1,0,10,3.847436,0.000670,10,3.847415,0.000731
4,5,6,1,0|2|0|0|3,0|1|0|0|0,0,10,3.828615,0.000980,10,3.828465,0.000926
4,5,6,1,0|2|0|0|0,0|1|0|1|2,0,10,3.892967,0.001070,10,3.893702,0.000863
4,5,6,1,0|2|0|0|1,0|1|0|1|1,0,10,3.892257,0.000724,10,3.891656,0.000829
4,5,6,1,0|2|0|0|2,0|1|0|1|0,0,10,3.875410,0.000481,10,3.875571,0.000811
4,5,6,1,0|2|0|0|0,0|1|0|2|1,0,10,3.869344,0.001007,10,3.869433,0.000904
4,5,6,1,0|2|0|0|1,0|1|0|2|0,0,10,3.853932,0.000703,10,3.853785,0.000508
4,5,6,1,0|2|0|0|0,0|1|0|3|0,0,10,3.756181,0.000398,10,3.756333,0.000557
4,5,6,1,0|2|0|1|0,0|1|0|0|2,0,10,3.881829,0.000877,10,3.881792,0.000849
4,5,6,1,0|2|0|1|1,0|1|0|0|1,0,10,3.876908,0.001151,10,3.876630,0.000528
4,5,6,1,0|2|0|1|2,0|1|0|0|0,0,10,3.855852,0.000983,10,3.855557,0.000936
4,5,6,1,0|2|0|1|0,0|1|0|1|1,0,10,3.865800,0.000850,10,3.865985,0.000540
4,5,6,1,0|2|0|1|1,0|1|0|1|0,0,10,3.848313,0.000390,10,3.848158,0.000591
4,5,6,1,0|2|0|1|0,0|1|0|2|0,0,10,3.756601,0.000538,10,3.757290,0.000860
4,5,6,1,0|2|0|2|0,0|1|0|0|1,0,10,3.853770,0.000718,10,3.853781,0.000546
4,5,6,1,0|2|0|2|1,0|1|0|0|0,0,10,3.831665,0.000693,10,3.831238,0.000766
4,5,6,1,0|2|0|2|0,0|1|0|1|0,0,10,3.751132,0.000380,10,3.751200,0.000561
4,5,6,1,0|2|0|3|0,0|1|0|0|0,0,10,3.738659,0.000516,10,3.738613,0.000347
4,5,6,1,0|2|0|0|0,0|1|1|0|2,0,10,3.867021,0.000809,10,3.866930,0.000668
4,5,6,1,0|2|0|0|1,0|1|1|0|1,0,10,3.864664,0.001044,10,3.864628,0.000470
4,5,6,1,0|2|0|0|2,0|1|1|0|0,0,10,3.842737,0.000437,10,3.842381,0.000575
4,5,6,1,0|2|0|0|0,0|1|1|1|1,0,10,3.879949,0.000456,10,3.879451,0.000697
4,5,6,1,0|2|0|0|1,0|1|1|1|0,0,10,3.865464,0.000801,10,3.865627,0.001058
4,5,6,1,0|2|0|0|0,0|1|1|2|0,0,10,3.810809,0.000491,10,3.810782,0.000352
4,5,6,1,0|2|0|1|0,0|1|1|0|1,0,10,3.865179,0.000642,10,3.865214,0.000725
4,5,6,1,0|2|0|1|1,0|1|1|0|0,0,10,3.845042,0.000764,10,3.844900,0.000523
4,5,6,1,0|2|0|1|0,0|1|1|1|0,0,10,3.806532,0.000490,10,3.806636,0.000610
4,5,6,1,0|2|0|2|0,0|1|1|0|0,0,10,3.785967,0.000496,10,3.786256,0.000562
4,5,6,1,0|2|0|0|0,0|1|2|0|1,0,10,3.806611,0.000415,10,3.806779,0.000409
4,5,6,1,0|2|0|0|1,0|1|2|0|0,0,10,3.781676,0.000526,10,3.781565,0.000554
4,5,6,1,0|2|0|0|0,0|1|2|1|0,0,10,3.761841,0.000414,10,3.761906,0.000684
4,5,6,1,0|2|0|1|0,0|1|2|0|0,0,10,3.737128,0.000479,10,3.736863,0.000367
4,5,6,1,0|2|0|0|0,0|1|3|0|0,0,10,3.580261,0.000538,10,3.580317,0.000901
4,5,6,1,0|2|1|0|0,0|1|0|0|2,0,10,3.858857,0.000617,10,3.858954,0.000835
4,5,6,1,0|2|1|0|1,0|1|0|0|1,0,10,3.854756,0.000715,10,3.855359,0.000912
4,5,6,1,0|2|1|0|2,0|1|0|0|0,0,10,3.830253,0.000879,10,3.830651,0.000564
4,5,6,1,0|2|1|0|0,0|1|0|1|1,0,10,3.870641,0.000632,10,3.870647,0.000807
4,5,6,1,0|2|1|0|1,0|1|0|1|0,0,10,3.854455,0.000684,10,3.854287,0.001091
4,5,6,1,0|2|1|0|0,0|1|0|2|0,0,10,3.797888,0.000540,10,3.797948,0.000486
4,5,6,1,0|2|1|1|0,0|1|0|0|1,0,10,3.851986,0.000663,10,3.852105,0.000853
4,5,6,1,0|2|1|1|1,0|1|0|0|0,0,10,3.828456,0.000635,10,3.828232,0.000843
4,5,6,1,0|2|1|1|0,0|1|0|1|0,0,10,3.790844,0.000556,10,3.791081,0.000389
4,5,6,1,0|2|1|2|0,0|1|0|0|0,0,10,3.767478,0.000649,10,3.767349,0.000610
4,5,6,1,0|2|1|0|0,0|1|1|0|1,0,10,3.804612,0.000508,10,3.804844,0.000774
4,5,6,1,0|2|1|0|1,0|1|1|0|0,0,10,3.777745,0.000597,10,3.778032,0.000563
4,5,6,1,0|2|1|0|0,0|1|1|1|0,0,10,3.759049,0.000589,10,3.759059,0.000602
4,5,6,1,0|2|1|1|0,0|1|1|0|0,0,10,3.731459,0.000615,10,3.731563,0.000684
4,5,6,1,0|2|1|0|0,0|1|2|0|0,0,10,3.585831,0.000599,10,3.585739,0.000664
4,5,6,1,0|2|2|0|0,0|1|0|0|1,0,10,3.800074,0.000535,10,3.799973,0.000444
4,5,6,1,0|2|2|0|1,0|1|0|0|0,0,10,3.771223,0.000631,10,3.771129,0.000448
4,5,6,1,0|2|2|0|0,0|1|0|1|0,0,10,3.752570,0.000355,10,3.752509,0.000767
4,5,6,1,0|2|2|1|0,0|1|0|0|0,0,10,3.722977,0.000394,10,3.723040,0.000426
4,5,6,1,0|2|2|0|0,0|1|1|0|0,0,10,3.586513,0.000419,10,3.586229,0.000242
4,5,6,1,0|2|3|0|0,0|1|0|0|0,0,10,3.584388,0.000578,10,3.584387,0.000484
4,5,6,1,0|2|0|0|0,0|2|0|0|2,0,10,3.810411,0.000646,10,3.810057,0.000539
4,5,6,1,0|2|0|0|1,0|2|0|0|1,0,10,3.807225,0.000875,10,3.807485,0.000614
4,5,6,1,0|2|0|0|2,0|2|0|0|0,0,10,3.778018,0.000912,10,3.778404,0.000571
4,5,6,1,0|2|0|0|0,0|2|0|1|1,0,10,3.836319,0.000682,10,3.836421,0.000624
4,5,6,1,0|2|0|0|1,0|2|0|1|0,0,10,3.816335,0.000707,10,3.815868,0.000506
4,5,6,1,0|2|0|0|0,0|2|0|2|0,0,10,3.724024,0.000508,10,3.724240,0.000421
4,5,6,1,0|2|0|1|0,0|2|0|0|1,0,10,3.818413,0.000479,10,3.817812,0.000564
4,5,6,1,0|2|0|1|1,0|2|0|0|0,0,10,3.790353,0.000419,10,3.790210,0.000774
4,5,6,1,0|2|0|1|0,0|2|0|1|0,0,10,3.720333,0.000421,10,3.720354,0.000488
4,5,6,1,0|2|0|2|0,0|2|0|0|0,0,10,3.700208,0.000310,10,3.700312,0.000420
4,5,6,1,0|2|0|0|0,0|2|1|0|1,0,10,3.791753,0.000677,10,3.791963,0.000710
4,5,6,1,0|2|0|0|1,0|2|1|0|0,0,10,3.765251,0.000567,10,3.765397,0.000475
4,5,6,1,0|2|0|0|0,0|2|1|1|0,0,10,3.744203,0.000481,10,3.744458,0.000663
4,5,6,1,0|2|0|1|0,0|2|1|0|0,0,10,3.718414,0.000583,10,3.718202,0.000310
4,5,6,1,0|2|0|0|0,0|2|2|0|0,0,10,3.572783,0.000588,10,3.572685,0.000536
4,5,6,1,0|2|1|0|0,0|2|0|0|1,0,10,3.780858,0.000474,10,3.781159,0.000553
4,5,6,1,0|2|1|0|1,0|2|0|0|0,0,10,3.750308,0.000516,10,3.750377,0.000692
4,5,6,1,0|2|1|0|0,0|2|0|1|0,0,10,3.730552,0.000272,10,3.730299,0.000411
4,5,6,1,0|2|1|1|0,0|2|0|0|0,0,10,3.699287,0.000402,10,3.699878,0.000408
4,5,6,1,0|2|1|0|0,0|2|1|0|0,0,10,3.575730,0.000626,10,3.575527,0.000619
4,5,6,1,0|2|2|0|0,0|2|0|0|0,0,10,3.570638,0.000330,10,3.570634,0.000442
4,5,6,1,0|2|0|0|0,0|3|0|0|1,0,10,3.712050,0.000638,10,3.712620,0.000437
4,5,6,1,0|2|0|0|1,0|3|0|0|0,0,10,3.678889,0.000575,10,3.679254,0.000723
4,5,6,1,0|2|0|0|0,0|3|0|1|0,0,10,3.651349,0.000469,10,3.651371,0.000479
4,5,6,1,0|2|0|1|0,0|3|0|0|0,0,10,3.623205,0.000703,10,3.622978,0.000409
4,5,6,1,0|2|0|0|0,0|3|1|0|0,0,10,3.544171,0.000598,10,3.544412,0.000388
4,5,6,1,0|2|1|0|0,0|3|0|0|0,0,10,3.533433,0.000664,10,3.533423,0.000564
4,5,6,1,0|2|0|0|0,0|4|0|0|0,0,10,3.398082,0.000498,10,3.398885,0.000613
4,5,6,1,0|3|0|0|0,0|0|0|0|3,0,10,3.853044,0.000567,10,3.853450,0.000805
4,5,6,1,0|3|0|0|1,0|0|0|0|2,0,10,3.855743,0.001137,10,3.856022,0.000901
4,5,6,1,0|3|0|0|2,0|0|0|0|1,0,10,3.847616,0.000437,10,3.847505,0.000423
4,5,6,1,0|3|0|0|3,0|0|0|0|0,0,10,3.828645,0.000915,10,3.828713,0.000751
4,5,6,1,0|3|0|0|0,0|0|0|1|2,0,10,3.893095,0.000851,10,3.893335,0.000898
4,5,6,1,0|3|0|0|1,0|0|0|1|1,0,10,3.891190,0.000953,10,3.891571,0.000871
4,5,6,1,0|3|0|0|2,0|0|0|1|0,0,10,3.875239,0.000948,10,3.875264,0.000742
4,5,6,1,0|3|0|0|0,0|0|0|2|1,0,10,3.869383,0.000884,10,3.869758,0.000546
4,5,6,1,0|3|0|0|1,0|0|0|2|0,0,10,3.853919,0.000527,10,3.853635,0.000669
4,5,6,1,0|3|0|0|0,0|0|0|3|0,0,10,3.755990,0.000357,10,3.755994,0.000462
4,5,6,1,0|3|0|1|0,0|0|0|0|2,0,10,3.881860,0.000488,10,3.882018,0.000872
4,5,6,1,0|3|0|1|1,0|0|0|0|1,0,10,3.876392,0.000606,10,3.876735,0.000813
4,5,6,1,0|3|0|1|2,0|0|0|0|0,0,10,3.855889,0.001079,10,3.856447,0.001172
4,5,6,1,0|3|0|1|0,0|0|0|1|1,0,10,3.866271,0.001150,10,3.866011,0.000938
4,5,6,1,0|3|0|1|1,0|0|0|1|0,0,10,3.848124,0.000500,10,3.848137,0.000476
4,5,6,1,0|3|0|1|0,0|0|0|2|0,0,10,3.757193,0.000615,10,3.757083,0.000276
4,5,6,1,0|3|0|2|0,0|0|0|0|1,0,10,3.853630,0.000697,10,3.853577,0.000665
4,5,6,1,0|3|0|2|1,0|0|0|0|0,0,10,3.831500,0.000689,10,3.831456,0.000573
4,5,6,1,0|3|0|2|0,0|0|0|1|0,0,10,3.751188,0.000594,10,3.751098,0.000404
4,5,6,1,0|3|0|3|0,0|0|0|0|0,0,10,3.738195,0.000441,10,3.738493,0.000435
4,5,6,1,0|3|0|0|0,0|0|1|0|2,0,10,3.866934,0.001058,10,3.866638,0.000800
4,5,6,1,0|3|0|0|1,0|0|1|0|1,0,10,3.864332,0.000700,10,3.864932,0.000918
4,5,6,1,0|3|0|0|2,0|0|1|0|0,0,10,3.842602,0.000553,10,3.843314,0.000494
4,5,6,1,0|3|0|0|0,0|0|1|1|1,0,10,3.879747,0.000507,10,3.879422,0.000774
4,5,6,1,0|3|0|0|1,0|0|1|1|0,0,10,3.865995,0.000620,10,3.865303,0.000825
4,5,6,1,0|3|0|0|0,0|0|1|2|0,0,10,3.810844,0.000656,10,3.811132,0.000638
4,5,6,1,0|3|0|1|0,0|0|1|0|1,0,10,3.865460,0.000901,10,3.865281,0.000491
4,5,6,1,0|3|0|1|1,0|0|1|0|0,0,10,3.845040,0.000505,10,3.844732,0.000593
4,5,6,1,0|3|0|1|0,0|0|1|1|0,0,10,3.806382,0.000364,10,3.806719,0.000300
4,5,6,1,0|3|0|2|0,0|0|1|0|0,0,10,3.785775,0.000355,10,3.786147,0.000558
4,5,6,1,0|3|0|0|0,0|0|2|0|1,0,10,3.806815,0.000401,10,3.806921,0.000533
4,5,6,1,0|3|0|0|1,0|0|2|0|0,0,10,3.781278,0.000770,10,3.781627,0.000522
4,5,6,1,0|3|0|0|0,0|0|2|1|0,0,10,3.761911,0.000421,10,3.762357,0.000325
4,5,6,1,0|3|0|1|0,0|0|2|0|0,0,10,3.737238,0.000526,10,3.737103,0.000763
4,5,6,1,0|3|0|0|0,0|0|3|0|0,0,10,3.580114,0.000250,10,3.579837,0.000608
4,5,6,1,0|3|1|0|0,0|0|0|0|2,0,10,3.858797,0.000585,10,3.859221,0.001041
4,5,6,1,0|3|1|0|1,0|0|0|0|1,0,10,3.854784,0.001035,10,3.854927,0.000678
4,5,6,1,0|3|1|0|2,0|0|0|0|0,0,10,3.830375,0.000668,10,3.830163,0.000860
4,5,6,1,0|3|1|0|0,0|0|0|1|1,0,10,3.870689,0.000402,10,3.871371,0.000777
4,5,6,1,0|3|1|0|1,0|0|0|1|0,0,10,3.854380,0.000789,10,3.854565,0.000704
4,5,6,1,0|3|1|0|0,0|0|0|2|0,0,10,3.798004,0.000367,10,3.798049,0.000412
4,5,6,1,0|3|1|1|0,0|0|0|0|1,0,10,3.852222,0.000957,10,3.851574,0.000679
4,5,6,1,0|3|1|1|1,0|0|0|0|0,0,10,3.828250,0.000542,10,3.827952,0.000602
4,5,6,1,0|3|1|1|0,0|0|0|1|0,0,10,3.791041,0.000508,10,3.790961,0.000713
4,5,6,1,0|3|1|2|0,0|0|0|0|0,0,10,3.767395,0.000479,10,3.767482,0.000378
4,5,6,1,0|3|1|0|0,0|0|1|0|1,0,10,3.804529,0.000599,10,3.804466,0.000587
4,5,6,1,0|3|1|0|1,0|0|1|0|0,0,10,3.778035,0.000698,10,3.777886,0.000630
4,5,6,1,0|3|1|0|0,0|0|1|1|0,0,10,3.758873,0.000437,10,3.759134,0.000582
4,5,6,1,0|3|1|1|0,0|0|1|0|0,0,10,3.731578,0.000475,10,3.731420,0.000577
4,5,6,1,0|3|1|0|0,0|0|2|0|0,0,10,3.585583,0.000651,10,3.585466,0.000611
4,5,6,1,0|3|2|0|0,0|0|0|0|1,0,10,3.799634,0.000429,10,3.799584,0.000452
4,5,6,1,0|3|2|0|1,0|0|0|0|0,0,10,3.771220,0.000627,10,3.771163,0.000395
4,5,6,1,0|3|2|0|0,0|0|0|1|0,0,10,3.752331,0.000333,10,3.752936,0.000535
4,5,6,1,0|3|2|1|0,0|0|0|0|0,0,10,3.722898,0.000357,10,3.722906,0.000494
4,5,6,1,0|3|2|0|0,0|0|1|0|0,0,10,3.586526,0.000330,10,3.586151,0.000479
4,5,6,1,0|3|3|0|0,0|0|0|0|0,0,10,3.584548,0.000583,10,3.584405,0.000557
4,5,6,1,0|3|0|0|0,0|1|0|0|2,0,10,3.810655,0.000534,10,3.810431,0.000913
4,5,6,1,0|3|0|0|1,0|1|0|0|1,0,10,3.807398,0.000507,10,3.807493,0.000515
4,5,6,1,0|3|0|0|2,0|1|0|0|0,0,10,3.778513,0.000964,10,3.778244,0.000726
4,5,6,1,0|3|0|0|0,0|1|0|1|1,0,10,3.836421,0.000570,10,3.836557,0.000512
4,5,6,1,0|3|0|0|1,0|1|0|1|0,0,10,3.815748,0.000544,10,3.816169,0.000518
4,5,6,1,0|3|0|0|0,0|1|0|2|0,0,10,3.724389,0.000310,10,3.724406,0.000331
4,5,6,1,0|3|0|1|0,0|1|0|0|1,0,10,3.817953,0.000644,10,3.817919,0.000610
4,5,6,1,0|3|0|1|1,0|1|0|0|0,0,10,3.790171,0.000450,10,3.790388,0.000578
4,5,6,1,0|3|0|1|0,0|1|0|1|0,0,10,3.720559,0.000514,10,3.720512,0.000428
4,5,6,1,0|3|0|2|0,0|1|0|0|0,0,10,3.700353,0.000439,10,3.700025,0.000259
4,5,6,1,0|3|0|0|0,0|1|1|0|1,0,10,3.791913,0.000722,10,3.791779,0.000508
4,5,6,1,0|3|0|0|1,0|1|1|0|0,0,10,3.765290,0.000571,10,3.764974,0.000753
4,5,6,1,0|3|0|0|0,0|1|1|1|0,0,10,3.744462,0.000339,10,3.744105,0.000628
4,5,6,1,0|3|0|1|0,0|1|1|0|0,0,10,3.718628,0.000574,10,3.718412,0.000746
4,5,6,1,0|3|0|0|0,0|1|2|0|0,0,10,3.572637,0.000431,10,3.572541,0.000379
4,5,6,1,0|3|1|0|0,0|1|0|0|1,0,10,3.780951,0.000761,10,3.780775,0.000764
4,5,6,1,0|3|1|0|1,0|1|0|0|0,0,10,3.750241,0.000472,10,3.750465,0.000624
4,5,6,1,0|3|1|0|0,0|1|0|1|0,0,10,3.730628,0.000622,10,3.730434,0.000429
4,5,6,1,0|3|1|1|0,0|1|0|0|0,0,10,3.699428,0.000372,10,3.699436,0.000348
4,5,6,1,0|3|1|0|0,0|1|1|0|0,0,10,3.575554,0.000577,10,3.575709,0.000389
4,5,6,1,0|3|2|0|0,0|1|0|0|0,0,10,3.570650,0.000320,10,3.570458,0.000320
4,5,6,1,0|3|0|0|0,0|2|0|0|1,0,10,3.712340,0.000574,10,3.712673,0.000591
4,5,6,1,0|3|0|0|1,0|2|0|0|0,0,10,3.679054,0.000443,10,3.678763,0.000546
4,5,6,1,0|3|0|0|0,0|2|0|1|0,0,10,3.651355,0.000338,10,3.651674,0.000760
4,5,6,1,0|3|0|1|0,0|2|0|0|0,0,10,3.623007,0.000738,10,3.623213,0.000512
4,5,6,1,0|3|0|0|0,0|2|1|0|0,0,10,3.544672,0.000527,10,3.544249,0.000387
4,5,6,1,0|3|1|0|0,0|2|0|0|0,0,10,3.533266,0.000402,10,3.533609,0.000488
4,5,6,1,0|3|0|0|0,0|3|0|0|0,0,10,3.398333,0.000696,10,3.398358,0.000771
4,5,6,1,0|4|0|0|0,0|0|0|0|2,0,10,3.810413,0.000755,10,3.810510,0.000959
4,5,6,1,0|4|0|0|1,0|0|0|0|1,0,10,3.807388,0.000637,10,3.807609,0.000648
4,5,6,1,0|4|0|0|2,0|0|0|0|0,0,10,3.777998,0.000859,10,3.778509,0.000677
4,5,6,1,0|4|0|0|0,0|0|0|1|1,0,10,3.836427,0.000795,10,3.835885,0.000499
4,5,6,1,0|4|0|0|1,0|0|0|1|0,0,10,3.816057,0.000833,10,3.815660,0.000405
4,5,6,1,0|4|0|0|0,0|0|0|2|0,0,10,3.724328,0.000474,10,3.724325,0.000487
4,5,6,1,0|4|0|1|0,0|0|0|0|1,0,10,3.818276,0.000553,10,3.818535,0.000695
4,5,6,1,0|4|0|1|1,0|0|0|0|0,0,10,3.790351,0.000611,10,3.790159,0.000713
4,5,6,1,0|4|0|1|0,0|0|0|1|0,0,10,3.720568,0.000526,10,3.720667,0.000404
4,5,6,1,0|4|0|2|0,0|0|0|0|0,0,10,3.700015,0.000506,10,3.700093,0.000392
4,5,6,1,0|4|0|0|0,0|0|1|0|1,0,10,3.791592,0.000631,10,3.791910,0.000778
4,5,6,1,0|4|0|0|1,0|0|1|0|0,0,10,3.765147,0.000513,10,3.764781,0.000516
4,5,6,1,0|4|0|0|0,0|0|1|1|0,0,10,3.744400,0.000281,10,3.744096,0.000442
4,5,6,1,0|4|0|1|0,0|0|1|0|0,0,10,3.718518,0.000352,10,3.717986,0.000475
4,5,6,1,0|4|0|0|0,0|0|2|0|0,0,10,3.572682,0.000596,10,3.572384,0.000514
4,5,6,1,0|4|1|0|0,0|0|0|0|1,0,10,3.781167,0.000728,10,3.781125,0.000652
4,5,6,1,0|4|1|0|1,0|0|0|0|0,0,10,3.750269,0.000542,10,3.750336,0.000583
4,5,6,1,0|4|1|0|0,0|0|0|1|0,0,10,3.730376,0.000375,10,3.730606,0.000300
4,5,6,1,0|4|1|1|0,0|0|0|0|0,0,10,3.699325,0.000505,10,3.699387,0.000500
4,5,6,1,0|4|1|0|0,0|0|1|0|0,0,10,3.575348,0.000433,10,3.575707,0.000598
4,5,6,1,0|4|2|0|0,0|0|0|0|0,0,10,3.570761,0.000400,10,3.570828,0.000347
4,5,6,1,0|4|0|0|0,0|1|0|0|1,0,10,3.712700,0.000448,10,3.712868,0.000709
4,5,6,1,0|4|0|0|1,0|1|0|0|0,0,10,3.678855,0.000767,10,3.678950,0.000521
4,5,6,1,0|4|0|0|0,0|1|0|1|0,0,10,3.651625,0.000523,10,3.651517,0.000526
4,5,6,1,0|4|0|1|0,0|1|0|0|0,0,10,3.623262,0.000469,10,3.623057,0.000533
4,5,6,1,0|4|0|0|0,0|1|1|0|0,0,10,3.544298,0.000542,10,3.544380,0.000526
4,5,6,1,0|4|1|0|0,0|1|0|0|0,0,10,3.533767,0.000542,10,3.533142,0.000782
4,5,6,1,0|4|0|0|0,0|2|0|0|0,0,10,3.398797,0.000503,10,3.398797,0.000786
4,5,6,1,0|5|0|0|0,0|0|0|0|1,0,10,3.713051,0.000441,10,3.712632,0.000569
4,5,6,1,0|5|0|0|1,0|0|0|0|0,0,10,3.679000,0.000672,10,3.678744,0.000410
4,5,6,1,0|5|0|0|0,0|0|0|1|0,0,10,3.651362,0.000320,10,3.651668,0.000706
4,5,6,1,0|5|0|1|0,0|0|0|0|0,0,10,3.623192,0.000446,10,3.623255,0.000284
4,5,6,1,0|5|0|0|0,0|0|1|0|0,0,10,3.544402,0.000333,10,3.544375,0.000463
4,5,6,1,0|5|1|0|0,0|0|0|0|0,0,10,3.533471,0.000469,10,3.533512,0.000402
4,5,6,1,0|5|0|0|0,0|1|0|0|0,0,10,3.398556,0.001158,10,3.398660,0.000354
4,5,6,1,0|6|0|0|0,0|0|0|0|0,0,10,3.398575,0.000764,10,3.398928,0.000644
