n,m,B,dual,c_forward,c_backward,structured,r1,mean1,sd1,r3,mean3,sd3
4,5,7,1,0|0|0|0|0,0|0|0|0|7,1,30,3.878075,0.001046,0,,
4,5,7,1,0|0|0|0|1,0|0|0|0|6,0,10,3.878926,0.001323,10,3.879586,0.000879
4,5,7,1,0|0|0|0|2,0|0|0|0|5,0,10,3.878256,0.001171,10,3.879187,0.000937
4,5,7,1,0|0|0|0|3,0|0|0|0|4,0,10,3.878454,0.000973,10,3.878085,0.000942
4,5,7,1,0|0|0|0|4,0|0|0|0|3,0,10,3.877536,0.000776,10,3.877578,0.000881
4,5,7,1,0|0|0|0|5,0|0|0|0|2,0,10,3.876757,0.001030,10,3.876319,0.001080
4,5,7,1,0|0|0|0|6,0|0|0|0|1,0,10,3.875713,0.000805,10,3.875160,0.000793
4,5,7,1,0|0|0|0|7,0|0|0|0|0,0,10,3.873268,0.001403,10,3.873583,0.001177
4,5,7,1,0|0|0|0|0,0|0|0|1|6,1,30,3.928409,0.001213,0,,
4,5,7,1,0|0|0|0|1,0|0|0|1|5,0,10,3.929410,0.000927,10,3.929181,0.001692
4,5,7,1,0|0|0|0|2,0|0|0|1|4,0,10,3.928468,0.001412,10,3.928802,0.001146
4,5,7,1,0|0|0|0|3,0|0|0|1|3,0,10,3.929402,0.001412,10,3.928655,0.000927
4,5,7,1,0|0|0|0|4,0|0|0|1|2,0,10,3.927557,0.000553,10,3.928515,0.001069
4,5,7,1,0|0|0|0|5,0|0|0|1|1,0,10,3.926828,0.001191,10,3.927605,0.001432
4,5,7,1,0|0|0|0|6,0|0|0|1|0,0,10,3.925157,0.001048,10,3.925669,0.001554
4,5,7,1,0|0|0|0|0,0|0|0|2|5,1,30,3.932529,0.000994,0,,
4,5,7,1,0|0|0|0|1,0|0|0|2|4,0,10,3.933640,0.001392,10,3.933012,0.000580
4,5,7,1,0|0|0|0|2,0|0|0|2|3,0,10,3.933185,0.000794,10,3.932534,0.001201
4,5,7,1,0|0|0|0|3,0|0|0|2|2,0,10,3.933000,0.001392,10,3.932366,0.000889
4,5,7,1,0|0|0|0|4,0|0|0|2|1,0,10,3.931046,0.001000,10,3.930468,0.001156
4,5,7,1,0|0|0|0|5,0|0|0|2|0,0,10,3.928159,0.001114,10,3.928687,0.000703
4,5,7,1,0|0|0|0|0,0|0|0|3|4,1,30,3.930289,0.001122,0,,
4,5,7,1,0|0|0|0|1,0|0|0|3|3,0,10,3.932352,0.000691,10,3.931664,0.000958
4,5,7,1,0|0|0|0|2,0|0|0|3|2,0,10,3.931020,0.001136,10,3.930647,0.001482
4,5,7,1,0|0|0|0|3,0|0|0|3|1,0,10,3.928850,0.000696,10,3.929359,0.000799
4,5,7,1,0|0|0|0|4,0|0|0|3|0,0,10,3.924450,0.000711,10,3.924508,0.000840
4,5,7,1,0|0|0|0|0,0|0|0|4|3,0,10,3.924212,0.000920,10,3.924597,0.001148
4,5,7,1,0|0|0|0|1,0|0|0|4|2,0,10,3.926501,0.001330,10,3.925922,0.000645
4,5,7,1,0|0|0|0|2,0|0|0|4|1,0,10,3.923029,0.001399,10,3.922821,0.000802
4,5,7,1,0|0|0|0|3,0|0|0|4|0,0,10,3.914761,0.000881,10,3.914648,0.000884
4,5,7,1,0|0|0|0|0,0|0|0|5|2,0,10,3.909445,0.001075,10,3.909508,0.000786
4,5,7,1,0|0|0|0|1,0|0|0|5|1,0,10,3.909741,0.000814,10,3.909080,0.000908
4,5,7,1,0|0|0|0|2,0|0|0|5|0,0,10,3.895736,0.000482,10,3.895877,0.000760
4,5,7,1,0|0|0|0|0,0|0|0|6|1,0,10,3.870714,0.000698,10,3.870469,0.000832
4,5,7,1,0|0|0|0|1,0|0|0|6|0,0,10,3.854859,0.000451,10,3.854789,0.000649
4,5,7,1,0|0|0|0|0,0|0|0|7|0,0,10,3.726427,0.000262,10,3.726410,0.000351
4,5,7,1,0|0|0|1|0,0|0|0|0|6,0,10,3.924535,0.000748,10,3.924507,0.001346
4,5,7,1,0|0|0|1|1,0|0|0|0|5,0,10,3.924912,0.001220,10,3.925108,0.001720
4,5,7,1,0|0|0|1|2,0|0|0|0|4,0,10,3.924037,0.001326,10,3.924583,0.000862
4,5,7,1,0|0|0|1|3,0|0|0|0|3,0,10,3.924508,0.000791,10,3.923475,0.000836
4,5,7,1,0|0|0|1|4,0|0|0|0|2,0,10,3.923369,0.001227,10,3.922757,0.001776
4,5,7,1,0|0|0|1|5,0|0|0|0|1,0,10,3.922265,0.001161,10,3.922335,0.001022
4,5,7,1,0|0|0|1|6,0|0|0|0|0,0,10,3.920120,0.000881,10,3.919889,0.001112
4,5,7,1,0|0|0|1|0,0|0|0|1|5,0,10,3.932803,0.001338,10,3.932168,0.001220
4,5,7,1,0|0|0|1|1,0|0|0|1|4,0,10,3.933101,0.001092,10,3.933613,0.000673
4,5,7,1,0|0|0|1|2,0|0|0|1|3,0,10,3.932878,0.001358,10,3.932384,0.000658
4,5,7,1,0|0|0|1|3,0|0|0|1|2,0,10,3.932143,0.001258,10,3.931946,0.001556
4,5,7,1,0|0|0|1|4,0|0|0|1|1,0,10,3.930177,0.001096,10,3.930876,0.001108
4,5,7,1,0|0|0|1|5,0|0|0|1|0,0,10,3.927652,0.001251,10,3.928271,0.001167
4,5,7,1,0|0|0|1|0,0|0|0|2|4,0,10,3.930585,0.001469,10,3.930581,0.001381
4,5,7,1,0|0|0|1|1,0|0|0|2|3,0,10,3.932409,0.001465,10,3.932406,0.001302
4,5,7,1,0|0|0|1|2,0|0|0|2|2,0,10,3.931135,0.001051,10,3.931087,0.001584
4,5,7,1,0|0|0|1|3,0|0|0|2|1,0,10,3.929010,0.001112,10,3.928382,0.001519
4,5,7,1,0|0|0|1|4,0|0|0|2|0,0,10,3.924772,0.000847,10,3.924813,0.001051
4,5,7,1,0|0|0|1|0,0|0|0|3|3,0,10,3.924546,0.001496,10,3.924707,0.000926
4,5,7,1,0|0|0|1|1,0|0|0|3|2,0,10,3.925444,0.000660,10,3.925749,0.000885
4,5,7,1,0|0|0|1|2,0|0|0|3|1,0,10,3.922955,0.000979,10,3.921629,0.000658
4,5,7,1,0|0|0|1|3,0|0|0|3|0,0,10,3.914943,0.000849,10,3.914866,0.000953
4,5,7,1,0|0|0|1|0,0|0|0|4|2,0,10,3.909136,0.000778,10,3.909439,0.000946
4,5,7,1,0|0|0|1|1,0|0|0|4|1,0,10,3.908160,0.001546,10,3.908589,0.001285
4,5,7,1,0|0|0|1|2,0|0|0|4|0,0,10,3.896122,0.000509,10,3.895614,0.000814
4,5,7,1,0|0|0|1|0,0|0|0|5|1,0,10,3.869694,0.000651,10,3.869877,0.000503
4,5,7,1,0|0|0|1|1,0|0|0|5|0,0,10,3.853941,0.000608,10,3.853557,0.000724
4,5,7,1,0|0|0|1|0,0|0|0|6|0,0,10,3.727715,0.000652,10,3.727697,0.000658
4,5,7,1,0|0|0|2|0,0|0|0|0|5,0,10,3.928956,0.001025,10,3.928677,0.000952
4,5,7,1,0|0|0|2|1,0|0|0|0|4,0,10,3.929992,0.000918,10,3.929987,0.001211
4,5,7,1,0|0|0|2|2,0|0|0|0|3,0,10,3.929624,0.001112,10,3.929012,0.001638
4,5,7,1,0|0|0|2|3,0|0|0|0|2,0,10,3.928309,0.000808,10,3.927360,0.001321
4,5,7,1,0|0|0|2|4,0|0|0|0|1,0,10,3.925663,0.000792,10,3.926196,0.001078
4,5,7,1,0|0|0|2|5,0|0|0|0|0,0,10,3.922279,0.001221,10,3.922518,0.001433
4,5,7,1,0|0|0|2|0,0|0|0|1|4,0,10,3.929511,0.001392,10,3.930204,0.001327
4,5,7,1,0|0|0|2|1,0|0|0|1|3,0,10,3.931134,0.000682,10,3.931500,0.000974
4,5,7,1,0|0|0|2|2,0|0|0|1|2,0,10,3.929247,0.001242,10,3.928753,0.001216
4,5,7,1,0|0|0|2|3,0|0|0|1|1,0,10,3.927150,0.001136,10,3.926368,0.001044
4,5,7,1,0|0|0|2|4,0|0|0|1|0,0,10,3.922156,0.001090,10,3.921999,0.000926
4,5,7,1,0|0|0|2|0,0|0|0|2|3,0,10,3.923709,0.001172,10,3.923628,0.000731
4,5,7,1,0|0|0|2|1,0|0|0|2|2,0,10,3.924522,0.000900,10,3.924802,0.000991
4,5,7,1,0|0|0|2|2,0|0|0|2|1,0,10,3.920448,0.001251,10,3.920602,0.000567
4,5,7,1,0|0|0|2|3,0|0|0|2|0,0,10,3.911882,0.001028,10,3.912019,0.000903
4,5,7,1,0|0|0|2|0,0|0|0|3|2,0,10,3.907978,0.001245,10,3.908281,0.000732
4,5,7,1,0|0|0|2|1,0|0|0|3|1,0,10,3.906407,0.000686,10,3.906646,0.001019
4,5,7,1,0|0|0|2|2,0|0|0|3|0,0,10,3.892903,0.000529,10,3.892897,0.000952
4,5,7,1,0|0|0|2|0,0|0|0|4|1,0,10,3.868295,0.000931,10,3.868320,0.000660
4,5,7,1,0|0|0|2|1,0|0|0|4|0,0,10,3.851572,0.000826,10,3.851236,0.000674
4,5,7,1,0|0|0|2|0,0|0|0|5|0,0,10,3.728112,0.000379,10,3.728267,0.000361
4,5,7,1,0|0|0|3|0,0|0|0|0|4,0,10,3.927420,0.001371,10,3.927268,0.000943
4,5,7,1,0|0|0|3|1,0|0|0|0|3,0,10,3.928243,0.001003,10,3.928414,0.001036
4,5,7,1,0|0|0|3|2,0|0|0|0|2,0,10,3.926371,0.001205,10,3.926714,0.001258
4,5,7,1,0|0|0|3|3,0|0|0|0|1,0,10,3.923425,0.001323,10,3.923161,0.000810
4,5,7,1,0|0|0|3|4,0|0|0|0|0,0,10,3.917470,0.001610,10,3.917317,0.001051
4,5,7,1,0|0|0|3|0,0|0|0|1|3,0,10,3.922141,0.001159,10,3.922531,0.000889
4,5,7,1,0|0|0|3|1,0|0|0|1|2,0,10,3.923859,0.001081,10,3.924007,0.001019
4,5,7,1,0|0|0|3|2,0|0|0|1|1,0,10,3.919048,0.001115,10,3.919074,0.001326
4,5,7,1,0|0|0|3|3,0|0|0|1|0,0,10,3.909975,0.000820,10,3.909476,0.001155
4,5,7,1,0|0|0|3|0,0|0|0|2|2,0,10,3.906925,0.000675,10,3.906679,0.001077
4,5,7,1,0|0|0|3|1,0|0|0|2|1,0,10,3.905709,0.000790,10,3.905148,0.000811
4,5,7,1,0|0|0|3|2,0|0|0|2|0,0,10,3.890533,0.000546,10,3.890652,0.000694
4,5,7,1,0|0|0|3|0,0|0|0|3|1,0,10,3.867113,0.000700,10,3.867403,0.000795
4,5,7,1,0|0|0|3|1,0|0|0|3|0,0,10,3.850212,0.000466,10,3.850171,0.000872
4,5,7,1,0|0|0|3|0,0|0|0|4|0,0,10,3.728428,0.000460,10,3.728555,0.000343
4,5,7,1,0|0|0|4|0,0|0|0|0|3,0,10,3.920330,0.000905,10,3.920692,0.001044
4,5,7,1,0|0|0|4|1,0|0|0|0|2,0,10,3.922560,0.000745,10,3.921586,0.000920
4,5,7,1,0|0|0|4|2,0|0|0|0|1,0,10,3.917471,0.001061,10,3.917330,0.000962
4,5,7,1,0|0|0|4|3,0|0|0|0|0,0,10,3.906273,0.001179,10,3.906721,0.000689
4,5,7,1,0|0|0|4|0,0|0|0|1|2,0,10,3.905711,0.000550,10,3.905934,0.000699
4,5,7,1,0|0|0|4|1,0|0|0|1|1,0,10,3.905078,0.000987,10,3.904916,0.000644
4,5,7,1,0|0|0|4|2,0|0|0|1|0,0,10,3.889413,0.000441,10,3.889338,0.000629
4,5,7,1,0|0|0|4|0,0|0|0|2|1,0,10,3.866175,0.000585,10,3.866411,0.000526
4,5,7,1,0|0|0|4|1,0|0|0|2|0,0,10,3.849335,0.000551,10,3.849229,0.000521
4,5,7,1,0|0|0|4|0,0|0|0|3|0,0,10,3.728318,0.000297,10,3.728404,0.000428
4,5,7,1,0|0|0|5|0,0|0|0|0|2,0,10,3.904543,0.000547,10,3.904118,0.000653
4,5,7,1,0|0|0|5|1,0|0|0|0|1,0,10,3.904109,0.000712,10,3.903336,0.000733
4,5,7,1,0|0|0|5|2,0|0|0|0|0,0,10,3.888019,0.000805,10,3.887535,0.000833
4,5,7,1,0|0|0|5|0,0|0|0|1|1,0,10,3.866011,0.000637,10,3.865856,0.000638
4,5,7,1,0|0|0|5|1,0|0|0|1|0,0,10,3.848630,0.000756,10,3.848889,0.000939
4,5,7,1,0|0|0|5|0,0|0|0|2|0,0,10,3.728092,0.000480,10,3.727968,0.000300
4,5,7,1,0|0|0|6|0,0|0|0|0|1,0,10,3.865473,0.000922,10,3.864549,0.000856
4,5,7,1,0|0|0|6|1,0|0|0|0|0,0,10,3.847341,0.000791,10,3.847514,0.000666
4,5,7,1,0|0|0|6|0,0|0|0|1|0,0,10,3.727429,0.000440,10,3.727432,0.000615
4,5,7,1,0|0|0|7|0,0|0|0|0|0,0,10,3.726396,0.000462,10,3.726379,0.000632
4,5,7,1,0|0|0|0|0,0|0|1|0|6,0,10,3.914820,0.001480,10,3.914882,0.000603
4,5,7,1,0|0|0|0|1,0|0|1|0|5,0,10,3.915548,0.001282,10,3.915566,0.001556
4,5,7,1,0|0|0|0|2,0|0|1|0|4,0,10,3.915886,0.001034,10,3.915844,0.001937
4,5,7,1,0|0|0|0|3,0|0|1|0|3,0,10,3.914230,0.001163,10,3.914735,0.001257
4,5,7,1,0|0|0|0|4,0|0|1|0|2,0,10,3.914279,0.001113,10,3.914112,0.001240
4,5,7,1,0|0|0|0|5,0|0|1|0|1,0,10,3.913084,0.000978,10,3.912994,0.000829
4,5,7,1,0|0|0|0|6,0|0|1|0|0,0,10,3.911209,0.001277,10,3.911259,0.000855
4,5,7,1,0|0|0|0|0,0|0|1|1|5,1,30,3.940199,0.001215,0,,
4,5,7,1,0|0|0|0|1,0|0|1|1|4,0,10,3.941032,0.000547,10,3.940811,0.001156
4,5,7,1,0|0|0|0|2,0|0|1|1|3,0,10,3.941396,0.001258,10,3.940759,0.000948
4,5,7,1,0|0|0|0|3,0|0|1|1|2,0,10,3.940265,0.001062,10,3.940249,0.001777
4,5,7,1,0|0|0|0|4,0|0|1|1|1,0,10,3.939148,0.001301,10,3.939294,0.001022
4,5,7,1,0|0|0|0|5,0|0|1|1|0,0,10,3.938299,0.001097,10,3.938248,0.001334
4,5,7,1,0|0|0|0|0,0|0|1|2|4,1,30,3.943666,0.001195,500,3.943691,0.001181
4,5,7,1,0|0|0|0|1,0|0|1|2|3,0,10,3.944882,0.001340,10,3.944321,0.000719
4,5,7,1,0|0|0|0|2,0|0|1|2|2,0,10,3.944383,0.001391,10,3.944002,0.001440
4,5,7,1,0|0|0|0|3,0|0|1|2|1,0,10,3.943296,0.000649,10,3.942736,0.001633
4,5,7,1,0|0|0|0|4,0|0|1|2|0,0,10,3.941026,0.000946,10,3.940861,0.000861
4,5,7,1,0|0|0|0|0,0|0|1|3|3,1,30,3.942931,0.001237,0,,
4,5,7,1,0|0|0|0|1,0|0|1|3|2,0,10,3.944000,0.001070,10,3.944595,0.001495
4,5,7,1,0|0|0|0|2,0|0|1|3|1,0,10,3.941953,0.000838,10,3.942313,0.001074
4,5,7,1,0|0|0|0|3,0|0|1|3|0,0,10,3.937466,0.000633,10,3.938222,0.001008
4,5,7,1,0|0|0|0|0,0|0|1|4|2,0,10,3.937668,0.001320,10,3.937706,0.000552
4,5,7,1,0|0|0|0|1,0|0|1|4|1,0,10,3.937813,0.000833,10,3.937879,0.001356
4,5,7,1,0|0|0|0|2,0|0|1|4|0,0,10,3.931996,0.001033,10,3.931880,0.000933
4,5,7,1,0|0|0|0|0,0|0|1|5|1,0,10,3.921711,0.000957,10,3.921677,0.000808
4,5,7,1,0|0|0|0|1,0|0|1|5|0,0,10,3.915237,0.000687,10,3.914884,0.000506
4,5,7,1,0|0|0|0|0,0|0|1|6|0,0,10,3.855044,0.000772,10,3.854946,0.000873
4,5,7,1,0|0|0|1|0,0|0|1|0|5,0,10,3.936983,0.001217,10,3.936622,0.001097
4,5,7,1,0|0|0|1|1,0|0|1|0|4,0,10,3.937266,0.001301,10,3.938204,0.001254
4,5,7,1,0|0|0|1|2,0|0|1|0|3,0,10,3.936808,0.001099,10,3.936359,0.000747
4,5,7,1,0|0|0|1|3,0|0|1|0|2,0,10,3.936177,0.000884,10,3.936387,0.001524
4,5,7,1,0|0|0|1|4,0|0|1|0|1,0,10,3.935266,0.000696,10,3.935461,0.000723
4,5,7,1,0|0|0|1|5,0|0|1|0|0,0,10,3.933015,0.001481,10,3.932688,0.001352
4,5,7,1,0|0|0|1|0,0|0|1|1|4,0,10,3.942651,0.001339,10,3.943603,0.001469
4,5,7,1,0|0|0|1|1,0|0|1|1|3,0,10,3.944496,0.001245,10,3.944215,0.001223
4,5,7,1,0|0|0|1|2,0|0|1|1|2,0,10,3.943144,0.000993,10,3.942957,0.000760
4,5,7,1,0|0|0|1|3,0|0|1|1|1,0,10,3.942818,0.001065,10,3.941815,0.001672
4,5,7,1,0|0|0|1|4,0|0|1|1|0,0,10,3.940736,0.000769,10,3.940051,0.000885
4,5,7,1,0|0|0|1|0,0|0|1|2|3,0,10,3.942671,0.000518,10,3.942935,0.001850
4,5,7,1,0|0|0|1|1,0|0|1|2|2,0,10,3.943809,0.001239,10,3.943023,0.001413
4,5,7,1,0|0|0|1|2,0|0|1|2|1,0,10,3.942575,0.000635,10,3.942769,0.000783
4,5,7,1,0|0|0|1|3,0|0|1|2|0,0,10,3.939016,0.001047,10,3.938251,0.001226
4,5,7,1,0|0|0|1|0,0|0|1|3|2,0,10,3.937834,0.001090,10,3.937939,0.001056
4,5,7,1,0|0|0|1|1,0|0|1|3|1,0,10,3.937666,0.000857,10,3.937765,0.000794
4,5,7,1,0|0|0|1|2,0|0|1|3|0,0,10,3.932138,0.000872,10,3.932127,0.000716
4,5,7,1,0|0|0|1|0,0|0|1|4|1,0,10,3.921917,0.000959,10,3.922214,0.001457
4,5,7,1,0|0|0|1|1,0|0|1|4|0,0,10,3.915394,0.000778,10,3.915066,0.000918
4,5,7,1,0|0|0|1|0,0|0|1|5|0,0,10,3.856588,0.000595,10,3.856800,0.000776
4,5,7,1,0|0|0|2|0,0|0|1|0|4,0,10,3.940282,0.000845,10,3.940736,0.001651
4,5,7,1,0|0|0|2|1,0|0|1|0|3,0,10,3.940905,0.000909,10,3.940889,0.000795
4,5,7,1,0|0|0|2|2,0|0|1|0|2,0,10,3.939939,0.001126,10,3.939282,0.000973
4,5,7,1,0|0|0|2|3,0|0|1|0|1,0,10,3.937210,0.000952,10,3.937819,0.000793
4,5,7,1,0|0|0|2|4,0|0|1|0|0,0,10,3.933775,0.001006,10,3.934061,0.000968
4,5,7,1,0|0|0|2|0,0|0|1|1|3,0,10,3.941943,0.000961,10,3.941251,0.001383
4,5,7,1,0|0|0|2|1,0|0|1|1|2,0,10,3.942097,0.001641,10,3.942815,0.000598
4,5,7,1,0|0|0|2|2,0|0|1|1|1,0,10,3.939788,0.000613,10,3.940372,0.000549
4,5,7,1,0|0|0|2|3,0|0|1|1|0,0,10,3.936276,0.000839,10,3.935488,0.000738
4,5,7,1,0|0|0|2|0,0|0|1|2|2,0,10,3.936478,0.001114,10,3.936885,0.001289
4,5,7,1,0|0|0|2|1,0|0|1|2|1,0,10,3.936479,0.001013,10,3.936094,0.000845
4,5,7,1,0|0|0|2|2,0|0|1|2|0,0,10,3.930061,0.000810,10,3.929523,0.000775
4,5,7,1,0|0|0|2|0,0|0|1|3|1,0,10,3.920790,0.000805,10,3.920526,0.000582
4,5,7,1,0|0|0|2|1,0|0|1|3|0,0,10,3.913427,0.000838,10,3.913211,0.000742
4,5,7,1,0|0|0|2|0,0|0|1|4|0,0,10,3.855880,0.000641,10,3.855735,0.000649
4,5,7,1,0|0|0|3|0,0|0|1|0|3,0,10,3.938345,0.000803,10,3.938698,0.000779
4,5,7,1,0|0|0|3|1,0|0|1|0|2,0,10,3.939260,0.000718,10,3.939361,0.001455
4,5,7,1,0|0|0|3|2,0|0|1|0|1,0,10,3.936717,0.001013,10,3.936310,0.000964
4,5,7,1,0|0|0|3|3,0|0|1|0|0,0,10,3.930330,0.001578,10,3.931000,0.001146
4,5,7,1,0|0|0|3|0,0|0|1|1|2,0,10,3.934827,0.001219,10,3.934870,0.000661
4,5,7,1,0|0|0|3|1,0|0|1|1|1,0,10,3.934839,0.000802,10,3.935203,0.000618
4,5,7,1,0|0|0|3|2,0|0|1|1|0,0,10,3.927476,0.001288,10,3.927558,0.000576
4,5,7,1,0|0|0|3|0,0|0|1|2|1,0,10,3.919049,0.000682,10,3.918950,0.001223
4,5,7,1,0|0|0|3|1,0|0|1|2|0,0,10,3.911339,0.000530,10,3.911356,0.000443
4,5,7,1,0|0|0|3|0,0|0|1|3|0,0,10,3.854626,0.000581,10,3.854564,0.000406
4,5,7,1,0|0|0|4|0,0|0|1|0|2,0,10,3.932055,0.001094,10,3.932537,0.001391
4,5,7,1,0|0|0|4|1,0|0|1|0|1,0,10,3.932403,0.000873,10,3.932101,0.000861
4,5,7,1,0|0|0|4|2,0|0|1|0|0,0,10,3.923001,0.000966,10,3.923172,0.001380
4,5,7,1,0|0|0|4|0,0|0|1|1|1,0,10,3.917848,0.000453,10,3.917252,0.001067
4,5,7,1,0|0|0|4|1,0|0|1|1|0,0,10,3.909482,0.000482,10,3.909019,0.000591
4,5,7,1,0|0|0|4|0,0|0|1|2|0,0,10,3.852737,0.000503,10,3.852905,0.000500
4,5,7,1,0|0|0|5|0,0|0|1|0|1,0,10,3.915034,0.000573,10,3.914864,0.000830
4,5,7,1,0|0|0|5|1,0|0|1|0|0,0,10,3.906209,0.000744,10,3.906434,0.000282
4,5,7,1,0|0|0|5|0,0|0|1|1|0,0,10,3.850571,0.000394,10,3.850703,0.000564
4,5,7,1,0|0|0|6|0,0|0|1|0|0,0,10,3.846938,0.000748,10,3.847051,0.000665
4,5,7,1,0|0|0|0|0,0|0|2|0|5,0,10,3.913437,0.001086,10,3.913714,0.000808
4,5,7,1,0|0|0|0|1,0|0|2|0|4,0,10,3.914964,0.001425,10,3.914310,0.000670
4,5,7,1,0|0|0|0|2,0|0|2|0|3,0,10,3.914199,0.000992,10,3.914252,0.001433
4,5,7,1,0|0|0|0|3,0|0|2|0|2,0,10,3.913114,0.001542,10,3.912609,0.001024
4,5,7,1,0|0|0|0|4,0|0|2|0|1,0,10,3.910998,0.001705,10,3.911032,0.000907
4,5,7,1,0|0|0|0|5,0|0|2|0|0,0,10,3.906800,0.000999,10,3.907628,0.001304
4,5,7,1,0|0|0|0|0,0|0|2|1|4,0,10,3.937671,0.000527,10,3.938426,0.001135
4,5,7,1,0|0|0|0|1,0|0|2|1|3,0,10,3.939456,0.000877,10,3.938889,0.001157
4,5,7,1,0|0|0|0|2,0|0|2|1|2,0,10,3.938258,0.001038,10,3.938483,0.001826
4,5,7,1,0|0|0|0|3,0|0|2|1|1,0,10,3.936792,0.000727,10,3.936467,0.001505
4,5,7,1,0|0|0|0|4,0|0|2|1|0,0,10,3.934645,0.001320,10,3.933434,0.001851
4,5,7,1,0|0|0|0|0,0|0|2|2|3,1,30,3.940236,0.001194,0,,
4,5,7,1,0|0|0|0|1,0|0|2|2|2,0,10,3.941065,0.000695,10,3.941286,0.000941
4,5,7,1,0|0|0|0|2,0|0|2|2|1,0,10,3.938719,0.001526,10,3.939482,0.001221
4,5,7,1,0|0|0|0|3,0|0|2|2|0,0,10,3.935422,0.001193,10,3.935404,0.001039
4,5,7,1,0|0|0|0|0,0|0|2|3|2,0,10,3.936955,0.000900,10,3.936036,0.000750
4,5,7,1,0|0|0|0|1,0|0|2|3|1,0,10,3.936458,0.001031,10,3.936110,0.001204
4,5,7,1,0|0|0|0|2,0|0|2|3|0,0,10,3.929973,0.000792,10,3.929959,0.001045
4,5,7,1,0|0|0|0|0,0|0|2|4|1,0,10,3.922587,0.000833,10,3.922086,0.000488
4,5,7,1,0|0|0|0|1,0|0|2|4|0,0,10,3.915457,0.000573,10,3.914834,0.000930
4,5,7,1,0|0|0|0|0,0|0|2|5|0,0,10,3.859303,0.000606,10,3.859365,0.000446
4,5,7,1,0|0|0|1|0,0|0|2|0|4,0,10,3.934163,0.001269,10,3.934427,0.001200
4,5,7,1,0|0|0|1|1,0|0|2|0|3,0,10,3.934526,0.001656,10,3.934797,0.001128
4,5,7,1,0|0|0|1|2,0|0|2|0|2,0,10,3.934333,0.000753,10,3.933364,0.000943
4,5,7,1,0|0|0|1|3,0|0|2|0|1,0,10,3.932228,0.001014,10,3.931470,0.000955
4,5,7,1,0|0|0|1|4,0|0|2|0|0,0,10,3.927317,0.001241,10,3.926693,0.001307
4,5,7,1,0|0|0|1|0,0|0|2|1|3,0,10,3.940563,0.001162,10,3.939396,0.001107
4,5,7,1,0|0|0|1|1,0|0|2|1|2,0,10,3.940691,0.001129,10,3.940338,0.001450
4,5,7,1,0|0|0|1|2,0|0|2|1|1,0,10,3.938887,0.000815,10,3.938454,0.000707
4,5,7,1,0|0|0|1|3,0|0|2|1|0,0,10,3.934313,0.001248,10,3.934983,0.000541
4,5,7,1,0|0|0|1|0,0|0|2|2|2,0,10,3.936890,0.000469,10,3.936228,0.000947
4,5,7,1,0|0|0|1|1,0|0|2|2|1,0,10,3.936846,0.000979,10,3.936243,0.001201
4,5,7,1,0|0|0|1|2,0|0|2|2|0,0,10,3.930616,0.000820,10,3.930049,0.001107
4,5,7,1,0|0|0|1|0,0|0|2|3|1,0,10,3.921917,0.000796,10,3.922048,0.000560
4,5,7,1,0|0|0|1|1,0|0|2|3|0,0,10,3.915224,0.001024,10,3.915662,0.000708
4,5,7,1,0|0|0|1|0,0|0|2|4|0,0,10,3.861279,0.000606,10,3.861394,0.000378
4,5,7,1,0|0|0|2|0,0|0|2|0|3,0,10,3.936110,0.001651,10,3.935387,0.001046
4,5,7,1,0|0|0|2|1,0|0|2|0|2,0,10,3.935968,0.000740,10,3.936095,0.001305
4,5,7,1,0|0|0|2|2,0|0|2|0|1,0,10,3.932476,0.000902,10,3.932707,0.001209
4,5,7,1,0|0|0|2|3,0|0|2|0|0,0,10,3.926263,0.000742,10,3.926728,0.000868
4,5,7,1,0|0|0|2|0,0|0|2|1|2,0,10,3.934722,0.000963,10,3.934164,0.000861
4,5,7,1,0|0|0|2|1,0|0|2|1|1,0,10,3.933524,0.001210,10,3.934362,0.000944
4,5,7,1,0|0|0|2|2,0|0|2|1|0,0,10,3.926226,0.000925,10,3.927155,0.001270
4,5,7,1,0|0|0|2|0,0|0|2|2|1,0,10,3.920034,0.000757,10,3.920598,0.000668
4,5,7,1,0|0|0|2|1,0|0|2|2|0,0,10,3.912516,0.000572,10,3.912696,0.000772
4,5,7,1,0|0|0|2|0,0|0|2|3|0,0,10,3.859637,0.000499,10,3.859506,0.000879
4,5,7,1,0|0|0|3|0,0|0|2|0|2,0,10,3.929893,0.000729,10,3.930283,0.000549
4,5,7,1,0|0|0|3|1,0|0|2|0|1,0,10,3.929483,0.000870,10,3.929422,0.000992
4,5,7,1,0|0|0|3|2,0|0|2|0|0,0,10,3.919467,0.000663,10,3.919661,0.001094
4,5,7,1,0|0|0|3|0,0|0|2|1|1,0,10,3.917662,0.001025,10,3.918190,0.000625
4,5,7,1,0|0|0|3|1,0|0|2|1|0,0,10,3.909494,0.000843,10,3.909839,0.000934
4,5,7,1,0|0|0|3|0,0|0|2|2|0,0,10,3.857233,0.000517,10,3.857138,0.000621
4,5,7,1,0|0|0|4|0,0|0|2|0|1,0,10,3.912833,0.000588,10,3.913048,0.000893
4,5,7,1,0|0|0|4|1,0|0|2|0|0,0,10,3.903665,0.000955,10,3.904036,0.000483
4,5,7,1,0|0|0|4|0,0|0|2|1|0,0,10,3.853606,0.000305,10,3.853756,0.000901
4,5,7,1,0|0|0|5|0,0|0|2|0|0,0,10,3.847641,0.000640,10,3.847415,0.000449
4,5,7,1,0|0|0|0|0,0|0|3|0|4,0,10,3.905791,0.001410,10,3.906524,0.000693
4,5,7,1,0|0|0|0|1,0|0|3|0|3,0,10,3.907742,0.000591,10,3.907488,0.000852
4,5,7,1,0|0|0|0|2,0|0|3|0|2,0,10,3.905883,0.001277,10,3.905842,0.000932
4,5,7,1,0|0|0|0|3,0|0|3|0|1,0,10,3.902756,0.000993,10,3.902220,0.001110
4,5,7,1,0|0|0|0|4,0|0|3|0|0,0,10,3.894834,0.001148,10,3.894881,0.000624
4,5,7,1,0|0|0|0|0,0|0|3|1|3,0,10,3.930990,0.001178,10,3.931572,0.001004
4,5,7,1,0|0|0|0|1,0|0|3|1|2,0,10,3.932747,0.001474,10,3.933018,0.000772
4,5,7,1,0|0|0|0|2,0|0|3|1|1,0,10,3.929757,0.000974,10,3.929736,0.000749
4,5,7,1,0|0|0|0|3,0|0|3|1|0,0,10,3.924208,0.001067,10,3.924648,0.001106
4,5,7,1,0|0|0|0|0,0|0|3|2|2,0,10,3.930318,0.000918,10,3.930489,0.000891
4,5,7,1,0|0|0|0|1,0|0|3|2|1,0,10,3.929901,0.000900,10,3.930529,0.001220
4,5,7,1,0|0|0|0|2,0|0|3|2|0,0,10,3.923142,0.000883,10,3.922235,0.000748
4,5,7,1,0|0|0|0|0,0|0|3|3|1,0,10,3.915936,0.000923,10,3.915633,0.000890
4,5,7,1,0|0|0|0|1,0|0|3|3|0,0,10,3.907452,0.000728,10,3.908146,0.001033
4,5,7,1,0|0|0|0|0,0|0|3|4|0,0,10,3.849564,0.000478,10,3.849127,0.000511
4,5,7,1,0|0|0|1|0,0|0|3|0|3,0,10,3.926366,0.000801,10,3.926645,0.000969
4,5,7,1,0|0|0|1|1,0|0|3|0|2,0,10,3.926456,0.001042,10,3.926583,0.000949
4,5,7,1,0|0|0|1|2,0|0|3|0|1,0,10,3.922273,0.000967,10,3.922563,0.000828
4,5,7,1,0|0|0|1|3,0|0|3|0|0,0,10,3.914580,0.000586,10,3.914157,0.000918
4,5,7,1,0|0|0|1|0,0|0|3|1|2,0,10,3.930057,0.001147,10,3.930070,0.000670
4,5,7,1,0|0|0|1|1,0|0|3|1|1,0,10,3.928600,0.000834,10,3.928572,0.001368
4,5,7,1,0|0|0|1|2,0|0|3|1|0,0,10,3.920408,0.001146,10,3.920829,0.001003
4,5,7,1,0|0|0|1|0,0|0|3|2|1,0,10,3.915624,0.000605,10,3.915385,0.000651
4,5,7,1,0|0|0|1|1,0|0|3|2|0,0,10,3.907232,0.000783,10,3.907151,0.000772
4,5,7,1,0|0|0|1|0,0|0|3|3|0,0,10,3.851738,0.000530,10,3.851543,0.000468
4,5,7,1,0|0|0|2|0,0|0|3|0|2,0,10,3.922559,0.000957,10,3.922728,0.000745
4,5,7,1,0|0|0|2|1,0|0|3|0|1,0,10,3.920684,0.001192,10,3.920941,0.001391
4,5,7,1,0|0|0|2|2,0|0|3|0|0,0,10,3.908970,0.000770,10,3.908926,0.001118
4,5,7,1,0|0|0|2|0,0|0|3|1|1,0,10,3.911485,0.000524,10,3.911694,0.000560
4,5,7,1,0|0|0|2|1,0|0|3|1|0,0,10,3.902595,0.000326,10,3.902089,0.000775
4,5,7,1,0|0|0|2|0,0|0|3|2|0,0,10,3.848313,0.000472,10,3.847859,0.000798
4,5,7,1,0|0|0|3|0,0|0|3|0|1,0,10,3.904169,0.000966,10,3.904800,0.001029
4,5,7,1,0|0|0|3|1,0|0|3|0|0,0,10,3.892858,0.000644,10,3.892713,0.000617
4,5,7,1,0|0|0|3|0,0|0|3|1|0,0,10,3.843146,0.000493,10,3.843462,0.000772
4,5,7,1,0|0|0|4|0,0|0|3|0|0,0,10,3.833658,0.000410,10,3.834015,0.000739
4,5,7,1,0|0|0|0|0,0|0|4|0|3,0,10,3.890983,0.000984,10,3.891430,0.000666
4,5,7,1,0|0|0|0|1,0|0|4|0|2,0,10,3.892901,0.000629,10,3.893326,0.001094
4,5,7,1,0|0|0|0|2,0|0|4|0|1,0,10,3.887612,0.000652,10,3.886894,0.000834
4,5,7,1,0|0|0|0|3,0|0|4|0|0,0,10,3.873648,0.000765,10,3.873474,0.000580
4,5,7,1,0|0|0|0|0,0|0|4|1|2,0,10,3.916421,0.000850,10,3.916144,0.001505
4,5,7,1,0|0|0|0|1,0|0|4|1|1,0,10,3.915079,0.000814,10,3.916019,0.000828
4,5,7,1,0|0|0|0|2,0|0|4|1|0,0,10,3.904533,0.000809,10,3.905042,0.000837
4,5,7,1,0|0|0|0|0,0|0|4|2|1,0,10,3.903137,0.000690,10,3.902476,0.000554
4,5,7,1,0|0|0|0|1,0|0|4|2|0,0,10,3.893034,0.000587,10,3.892826,0.001101
4,5,7,1,0|0|0|0|0,0|0|4|3|0,0,10,3.831237,0.000742,10,3.830884,0.000530
4,5,7,1,0|0|0|1|0,0|0|4|0|2,0,10,3.908636,0.000901,10,3.908149,0.000608
4,5,7,1,0|0|0|1|1,0|0|4|0|1,0,10,3.905225,0.001057,10,3.905312,0.000817
4,5,7,1,0|0|0|1|2,0|0|4|0|0,0,10,3.890607,0.000518,10,3.890179,0.001106
4,5,7,1,0|0|0|1|0,0|0|4|1|1,0,10,3.900933,0.000687,10,3.901155,0.000926
4,5,7,1,0|0|0|1|1,0|0|4|1|0,0,10,3.889315,0.000715,10,3.889998,0.000739
4,5,7,1,0|0|0|1|0,0|0|4|2|0,0,10,3.832386,0.000609,10,3.832408,0.000382
4,5,7,1,0|0|0|2|0,0|0|4|0|1,0,10,3.890097,0.000914,10,3.890275,0.000770
4,5,7,1,0|0|0|2|1,0|0|4|0|0,0,10,3.874636,0.000718,10,3.874477,0.000427
4,5,7,1,0|0|0|2|0,0|0|4|1|0,0,10,3.825605,0.000523,10,3.825788,0.000324
4,5,7,1,0|0|0|3|0,0|0|4|0|0,0,10,3.811451,0.000343,10,3.811293,0.000432
4,5,7,1,0|0|0|0|0,0|0|5|0|2,0,10,3.859171,0.000775,10,3.858606,0.000514
4,5,7,1,0|0|0|0|1,0|0|5|0|1,0,10,3.858026,0.001039,10,3.857849,0.000613
4,5,7,1,0|0|0|0|2,0|0|5|0|0,0,10,3.835017,0.000745,10,3.834815,0.000877
4,5,7,1,0|0|0|0|0,0|0|5|1|1,0,10,3.875574,0.000673,10,3.875336,0.000599
4,5,7,1,0|0|0|0|1,0|0|5|1|0,0,10,3.861125,0.000379,10,3.861407,0.000544
4,5,7,1,0|0|0|0|0,0|0|5|2|0,0,10,3.798670,0.000476,10,3.798908,0.000503
4,5,7,1,0|0|0|1|0,0|0|5|0|1,0,10,3.861702,0.000531,10,3.861678,0.000536
4,5,7,1,0|0|0|1|1,0|0|5|0|0,0,10,3.840854,0.000598,10,3.841517,0.000661
4,5,7,1,0|0|0|1|0,0|0|5|1|0,0,10,3.795791,0.000224,10,3.796033,0.000562
4,5,7,1,0|0|0|2|0,0|0|5|0|0,0,10,3.774737,0.000579,10,3.775130,0.000400
4,5,7,1,0|0|0|0|0,0|0|6|0|1,0,10,3.781747,0.000404,10,3.782083,0.001113
4,5,7,1,0|0|0|0|1,0|0|6|0|0,0,10,3.755294,0.000371,10,3.754752,0.000592
4,5,7,1,0|0|0|0|0,0|0|6|1|0,0,10,3.731722,0.000366,10,3.732087,0.000455
4,5,7,1,0|0|0|1|0,0|0|6|0|0,0,10,3.707330,0.000432,10,3.707361,0.000499
4,5,7,1,0|0|0|0|0,0|0|7|0|0,0,10,3.521001,0.000591,10,3.520849,0.000461
4,5,7,1,0|0|1|0|0,0|0|0|0|6,0,10,3.912764,0.001017,10,3.912227,0.000895
4,5,7,1,0|0|1|0|1,0|0|0|0|5,0,10,3.913681,0.000682,10,3.913712,0.001759
4,5,7,1,0|0|1|0|2,0|0|0|0|4,0,10,3.913550,0.001107,10,3.913482,0.001154
4,5,7,1,0|0|1|0|3,0|0|0|0|3,0,10,3.911406,0.000855,10,3.912409,0.001477
4,5,7,1,0|0|1|0|4,0|0|0|0|2,0,10,3.911836,0.001601,10,3.911165,0.000818
4,5,7,1,0|0|1|0|5,0|0|0|0|1,0,10,3.910287,0.000990,10,3.909852,0.001066
4,5,7,1,0|0|1|0|6,0|0|0|0|0,0,10,3.907802,0.001370,10,3.907852,0.001072
4,5,7,1,0|0|1|0|0,0|0|0|1|5,0,10,3.937506,0.001368,10,3.937617,0.000658
4,5,7,1,0|0|1|0|1,0|0|0|1|4,0,10,3.938345,0.001555,10,3.939185,0.000869
4,5,7,1,0|0|1|0|2,0|0|0|1|3,0,10,3.938801,0.001133,10,3.938673,0.001154
4,5,7,1,0|0|1|0|3,0|0|0|1|2,0,10,3.938147,0.001380,10,3.937767,0.001169
4,5,7,1,0|0|1|0|4,0|0|0|1|1,0,10,3.937792,0.001139,10,3.936826,0.001193
4,5,7,1,0|0|1|0|5,0|0|0|1|0,0,10,3.935132,0.000804,10,3.935420,0.001011
4,5,7,1,0|0|1|0|0,0|0|0|2|4,0,10,3.941857,0.001638,10,3.941681,0.001263
4,5,7,1,0|0|1|0|1,0|0|0|2|3,0,10,3.943256,0.001075,10,3.943166,0.001190
4,5,7,1,0|0|1|0|2,0|0|0|2|2,0,10,3.941543,0.001363,10,3.941462,0.001023
4,5,7,1,0|0|1|0|3,0|0|0|2|1,0,10,3.940747,0.000935,10,3.940410,0.001080
4,5,7,1,0|0|1|0|4,0|0|0|2|0,0,10,3.936590,0.000997,10,3.937955,0.001109
4,5,7,1,0|0|1|0|0,0|0|0|3|3,0,10,3.940407,0.001070,10,3.940691,0.001103
4,5,7,1,0|0|1|0|1,0|0|0|3|2,0,10,3.941522,0.000803,10,3.941308,0.001151
4,5,7,1,0|0|1|0|2,0|0|0|3|1,0,10,3.939904,0.001262,10,3.938959,0.001299
4,5,7,1,0|0|1|0|3,0|0|0|3|0,0,10,3.935361,0.001364,10,3.934842,0.000934
4,5,7,1,0|0|1|0|0,0|0|0|4|2,0,10,3.933769,0.001349,10,3.934199,0.000956
4,5,7,1,0|0|1|0|1,0|0|0|4|1,0,10,3.934675,0.001294,10,3.934504,0.000733
4,5,7,1,0|0|1|0|2,0|0|0|4|0,0,10,3.926893,0.000909,10,3.927488,0.001028
4,5,7,1,0|0|1|0|0,0|0|0|5|1,0,10,3.916618,0.001237,10,3.916177,0.000871
4,5,7,1,0|0|1|0|1,0|0|0|5|0,0,10,3.908598,0.000933,10,3.908415,0.000747
4,5,7,1,0|0|1|0|0,0|0|0|6|0,0,10,3.844734,0.000261,10,3.844580,0.000303
4,5,7,1,0|0|1|1|0,0|0|0|0|5,0,10,3.934303,0.001082,10,3.934317,0.001303
4,5,7,1,0|0|1|1|1,0|0|0|0|4,0,10,3.935096,0.001532,10,3.934158,0.000745
4,5,7,1,0|0|1|1|2,0|0|0|0|3,0,10,3.933151,0.001120,10,3.933569,0.000839
4,5,7,1,0|0|1|1|3,0|0|0|0|2,0,10,3.932048,0.001201,10,3.933310,0.001417
4,5,7,1,0|0|1|1|4,0|0|0|0|1,0,10,3.930109,0.001075,10,3.931506,0.001550
4,5,7,1,0|0|1|1|5,0|0|0|0|0,0,10,3.928231,0.000916,10,3.928065,0.000962
4,5,7,1,0|0|1|1|0,0|0|0|1|4,0,10,3.941257,0.001233,10,3.940985,0.000712
4,5,7,1,0|0|1|1|1,0|0|0|1|3,0,10,3.942273,0.001060,10,3.941362,0.001252
4,5,7,1,0|0|1|1|2,0|0|0|1|2,0,10,3.941489,0.001003,10,3.940888,0.001020
4,5,7,1,0|0|1|1|3,0|0|0|1|1,0,10,3.939643,0.001049,10,3.939159,0.001153
4,5,7,1,0|0|1|1|4,0|0|0|1|0,0,10,3.936907,0.000932,10,3.936118,0.001039
4,5,7,1,0|0|1|1|0,0|0|0|2|3,0,10,3.941324,0.000983,10,3.940456,0.001378
4,5,7,1,0|0|1|1|1,0|0|0|2|2,0,10,3.940766,0.001120,10,3.941007,0.001220
4,5,7,1,0|0|1|1|2,0|0|0|2|1,0,10,3.939474,0.000871,10,3.939034,0.001103
4,5,7,1,0|0|1|1|3,0|0|0|2|0,0,10,3.935222,0.000738,10,3.934673,0.001096
4,5,7,1,0|0|1|1|0,0|0|0|3|2,0,10,3.934463,0.000841,10,3.934304,0.001039
4,5,7,1,0|0|1|1|1,0|0|0|3|1,0,10,3.933812,0.001040,10,3.934103,0.000851
4,5,7,1,0|0|1|1|2,0|0|0|3|0,0,10,3.927385,0.001087,10,3.926852,0.000995
4,5,7,1,0|0|1|1|0,0|0|0|4|1,0,10,3.916780,0.000933,10,3.916649,0.000885
4,5,7,1,0|0|1|1|1,0|0|0|4|0,0,10,3.908242,0.000466,10,3.907797,0.000829
4,5,7,1,0|0|1|1|0,0|0|0|5|0,0,10,3.846015,0.000966,10,3.846265,0.000382
4,5,7,1,0|0|1|2|0,0|0|0|0|4,0,10,3.937428,0.001196,10,3.936631,0.000956
4,5,7,1,0|0|1|2|1,0|0|0|0|3,0,10,3.938422,0.000706,10,3.937869,0.001153
4,5,7,1,0|0|1|2|2,0|0|0|0|2,0,10,3.936265,0.000938,10,3.935679,0.001312
4,5,7,1,0|0|1|2|3,0|0|0|0|1,0,10,3.933254,0.000933,10,3.932608,0.000590
4,5,7,1,0|0|1|2|4,0|0|0|0|0,0,10,3.929727,0.001423,10,3.928666,0.000958
4,5,7,1,0|0|1|2|0,0|0|0|1|3,0,10,3.938084,0.001146,10,3.938575,0.000573
4,5,7,1,0|0|1|2|1,0|0|0|1|2,0,10,3.939160,0.001010,10,3.939057,0.001250
4,5,7,1,0|0|1|2|2,0|0|0|1|1,0,10,3.936574,0.001337,10,3.936822,0.001299
4,5,7,1,0|0|1|2|3,0|0|0|1|0,0,10,3.931189,0.001037,10,3.931509,0.000770
4,5,7,1,0|0|1|2|0,0|0|0|2|2,0,10,3.932721,0.000494,10,3.932282,0.000637
4,5,7,1,0|0|1|2|1,0|0|0|2|1,0,10,3.931923,0.000867,10,3.931994,0.000898
4,5,7,1,0|0|1|2|2,0|0|0|2|0,0,10,3.924567,0.000859,10,3.924530,0.000703
4,5,7,1,0|0|1|2|0,0|0|0|3|1,0,10,3.914747,0.000659,10,3.914459,0.000784
4,5,7,1,0|0|1|2|1,0|0|0|3|0,0,10,3.905723,0.000294,10,3.905639,0.000514
4,5,7,1,0|0|1|2|0,0|0|0|4|0,0,10,3.845408,0.000545,10,3.845348,0.000652
4,5,7,1,0|0|1|3|0,0|0|0|0|3,0,10,3.934876,0.001102,10,3.934987,0.000909
4,5,7,1,0|0|1|3|1,0|0|0|0|2,0,10,3.935649,0.001029,10,3.935549,0.000593
4,5,7,1,0|0|1|3|2,0|0|0|0|1,0,10,3.932146,0.001058,10,3.932147,0.001322
4,5,7,1,0|0|1|3|3,0|0|0|0|0,0,10,3.924590,0.001223,10,3.924647,0.000995
4,5,7,1,0|0|1|3|0,0|0|0|1|2,0,10,3.931011,0.001413,10,3.931016,0.000925
4,5,7,1,0|0|1|3|1,0|0|0|1|1,0,10,3.930235,0.000839,10,3.929681,0.000874
4,5,7,1,0|0|1|3|2,0|0|0|1|0,0,10,3.921095,0.001156,10,3.921119,0.000897
4,5,7,1,0|0|1|3|0,0|0|0|2|1,0,10,3.912974,0.000435,10,3.912808,0.000838
4,5,7,1,0|0|1|3|1,0|0|0|2|0,0,10,3.903826,0.000870,10,3.903735,0.000887
4,5,7,1,0|0|1|3|0,0|0|0|3|0,0,10,3.843990,0.000583,10,3.843584,0.000730
4,5,7,1,0|0|1|4|0,0|0|0|0|2,0,10,3.927152,0.000632,10,3.927204,0.001036
4,5,7,1,0|0|1|4|1,0|0|0|0|1,0,10,3.926830,0.001258,10,3.926889,0.000795
4,5,7,1,0|0|1|4|2,0|0|0|0|0,0,10,3.916417,0.000828,10,3.916619,0.001208
4,5,7,1,0|0|1|4|0,0|0|0|1|1,0,10,3.910524,0.000950,10,3.910613,0.001025
4,5,7,1,0|0|1|4|1,0|0|0|1|0,0,10,3.901505,0.000572,10,3.901459,0.000807
4,5,7,1,0|0|1|4|0,0|0|0|2|0,0,10,3.841880,0.000292,10,3.841681,0.000341
4,5,7,1,0|0|1|5|0,0|0|0|0|1,0,10,3.908114,0.000418,10,3.907933,0.000817
4,5,7,1,0|0|1|5|1,0|0|0|0|0,0,10,3.897492,0.000918,10,3.897472,0.000693
4,5,7,1,0|0|1|5|0,0|0|0|1|0,0,10,3.839279,0.000482,10,3.839356,0.000303
4,5,7,1,0|0|1|6|0,0|0|0|0|0,0,10,3.835469,0.000719,10,3.835095,0.000810
4,5,7,1,0|0|1|0|0,0|0|1|0|5,0,10,3.912682,0.001174,10,3.913734,0.001139
4,5,7,1,0|0|1|0|1,0|0|1|0|4,0,10,3.915068,0.000607,10,3.915432,0.001167
4,5,7,1,0|0|1|0|2,0|0|1|0|3,0,10,3.914006,0.001244,10,3.914210,0.000571
4,5,7,1,0|0|1|0|3,0|0|1|0|2,0,10,3.911972,0.001241,10,3.912363,0.001292
4,5,7,1,0|0|1|0|4,0|0|1|0|1,0,10,3.910817,0.001052,10,3.910661,0.001019
4,5,7,1,0|0|1|0|5,0|0|1|0|0,0,10,3.906745,0.000842,10,3.907448,0.001180
4,5,7,1,0|0|1|0|0,0|0|1|1|4,0,10,3.937823,0.001671,10,3.937770,0.000870
4,5,7,1,0|0|1|0|1,0|0|1|1|3,0,10,3.938004,0.001070,10,3.938538,0.001780
4,5,7,1,0|0|1|0|2,0|0|1|1|2,0,10,3.937640,0.001286,10,3.937605,0.001268
4,5,7,1,0|0|1|0|3,0|0|1|1|1,0,10,3.936223,0.000987,10,3.936379,0.000656
4,5,7,1,0|0|1|0|4,0|0|1|1|0,0,10,3.932993,0.001299,10,3.932370,0.001105
4,5,7,1,0|0|1|0|0,0|0|1|2|3,0,10,3.939718,0.001376,10,3.939148,0.001224
4,5,7,1,0|0|1|0|1,0|0|1|2|2,0,10,3.940348,0.000677,10,3.940667,0.001596
4,5,7,1,0|0|1|0|2,0|0|1|2|1,0,10,3.938162,0.001231,10,3.938076,0.000944
4,5,7,1,0|0|1|0|3,0|0|1|2|0,0,10,3.934168,0.000930,10,3.933636,0.001053
4,5,7,1,0|0|1|0|0,0|0|1|3|2,0,10,3.934946,0.001657,10,3.935172,0.000915
4,5,7,1,0|0|1|0|1,0|0|1|3|1,0,10,3.935466,0.001435,10,3.935596,0.000827
4,5,7,1,0|0|1|0|2,0|0|1|3|0,0,10,3.928264,0.000876,10,3.928797,0.000707
4,5,7,1,0|0|1|0|0,0|0|1|4|1,0,10,3.920896,0.001085,10,3.921145,0.000729
4,5,7,1,0|0|1|0|1,0|0|1|4|0,0,10,3.913414,0.000904,10,3.913431,0.000773
4,5,7,1,0|0|1|0|0,0|0|1|5|0,0,10,3.858055,0.000704,10,3.858401,0.000506
4,5,7,1,0|0|1|1|0,0|0|1|0|4,0,10,3.932924,0.001929,10,3.933129,0.001145
4,5,7,1,0|0|1|1|1,0|0|1|0|3,0,10,3.933459,0.001474,10,3.933281,0.000696
4,5,7,1,0|0|1|1|2,0|0|1|0|2,0,10,3.931544,0.000968,10,3.932156,0.001232
4,5,7,1,0|0|1|1|3,0|0|1|0|1,0,10,3.929758,0.001122,10,3.928861,0.001083
4,5,7,1,0|0|1|1|4,0|0|1|0|0,0,10,3.925049,0.001222,10,3.924957,0.001326
4,5,7,1,0|0|1|1|0,0|0|1|1|3,0,10,3.939134,0.001090,10,3.938926,0.000774
4,5,7,1,0|0|1|1|1,0|0|1|1|2,0,10,3.939785,0.001519,10,3.938232,0.001046
4,5,7,1,0|0|1|1|2,0|0|1|1|1,0,10,3.936733,0.001792,10,3.937235,0.001116
4,5,7,1,0|0|1|1|3,0|0|1|1|0,0,10,3.932270,0.001191,10,3.932116,0.001069
4,5,7,1,0|0|1|1|0,0|0|1|2|2,0,10,3.935135,0.001315,10,3.935278,0.001136
4,5,7,1,0|0|1|1|1,0|0|1|2|1,0,10,3.934908,0.000786,10,3.935024,0.000957
4,5,7,1,0|0|1|1|2,0|0|1|2|0,0,10,3.928253,0.001138,10,3.927994,0.000935
4,5,7,1,0|0|1|1|0,0|0|1|3|1,0,10,3.920402,0.001039,10,3.920592,0.000802
4,5,7,1,0|0|1|1|1,0|0|1|3|0,0,10,3.913306,0.000408,10,3.912868,0.000920
4,5,7,1,0|0|1|1|0,0|0|1|4|0,0,10,3.859653,0.000703,10,3.859557,0.000665
4,5,7,1,0|0|1|2|0,0|0|1|0|3,0,10,3.934115,0.001049,10,3.933707,0.000826
4,5,7,1,0|0|1|2|1,0|0|1|0|2,0,10,3.933425,0.001157,10,3.934067,0.001337
4,5,7,1,0|0|1|2|2,0|0|1|0|1,0,10,3.931164,0.001110,10,3.930520,0.001032
4,5,7,1,0|0|1|2|3,0|0|1|0|0,0,10,3.923191,0.000635,10,3.923198,0.001092
4,5,7,1,0|0|1|2|0,0|0|1|1|2,0,10,3.932670,0.001090,10,3.932912,0.001106
4,5,7,1,0|0|1|2|1,0|0|1|1|1,0,10,3.932230,0.000766,10,3.931709,0.000936
4,5,7,1,0|0|1|2|2,0|0|1|1|0,0,10,3.924034,0.000817,10,3.924230,0.000334
4,5,7,1,0|0|1|2|0,0|0|1|2|1,0,10,3.917548,0.000838,10,3.918594,0.000627
4,5,7,1,0|0|1|2|1,0|0|1|2|0,0,10,3.909656,0.000742,10,3.910190,0.001032
4,5,7,1,0|0|1|2|0,0|0|1|3|0,0,10,3.857924,0.000718,10,3.858076,0.001077
4,5,7,1,0|0|1|3|0,0|0|1|0|2,0,10,3.928367,0.001281,10,3.927954,0.001117
4,5,7,1,0|0|1|3|1,0|0|1|0|1,0,10,3.926478,0.001078,10,3.926885,0.000892
4,5,7,1,0|0|1|3|2,0|0|1|0|0,0,10,3.917078,0.000687,10,3.916695,0.000784
4,5,7,1,0|0|1|3|0,0|0|1|1|1,0,10,3.915370,0.000735,10,3.915126,0.000371
4,5,7,1,0|0|1|3|1,0|0|1|1|0,0,10,3.906831,0.000565,10,3.906645,0.000485
4,5,7,1,0|0|1|3|0,0|0|1|2|0,0,10,3.855287,0.000714,10,3.855449,0.000650
4,5,7,1,0|0|1|4|0,0|0|1|0|1,0,10,3.910842,0.000641,10,3.910637,0.000480
4,5,7,1,0|0|1|4|1,0|0|1|0|0,0,10,3.900760,0.000824,10,3.900365,0.000891
4,5,7,1,0|0|1|4|0,0|0|1|1|0,0,10,3.851722,0.000566,10,3.851691,0.000648
4,5,7,1,0|0|1|5|0,0|0|1|0|0,0,10,3.845299,0.000586,10,3.845592,0.000755
4,5,7,1,0|0|1|0|0,0|0|2|0|4,0,10,3.906760,0.000746,10,3.906411,0.001246
4,5,7,1,0|0|1|0|1,0|0|2|0|3,0,10,3.908790,0.001013,10,3.908259,0.000739
4,5,7,1,0|0|1|0|2,0|0|2|0|2,0,10,3.906153,0.001284,10,3.906010,0.000726
4,5,7,1,0|0|1|0|3,0|0|2|0|1,0,10,3.902210,0.001202,10,3.902317,0.000695
4,5,7,1,0|0|1|0|4,0|0|2|0|0,0,10,3.894018,0.000719,10,3.894509,0.001275
4,5,7,1,0|0|1|0|0,0|0|2|1|3,0,10,3.930851,0.000987,10,3.931001,0.001239
4,5,7,1,0|0|1|0|1,0|0|2|1|2,0,10,3.931296,0.000900,10,3.931499,0.001668
4,5,7,1,0|0|1|0|2,0|0|2|1|1,0,10,3.928828,0.000899,10,3.928567,0.000960
4,5,7,1,0|0|1|0|3,0|0|2|1|0,0,10,3.921930,0.001093,10,3.923237,0.000895
4,5,7,1,0|0|1|0|0,0|0|2|2|2,0,10,3.929258,0.000915,10,3.929461,0.000679
4,5,7,1,0|0|1|0|1,0|0|2|2|1,0,10,3.928619,0.000417,10,3.929249,0.001363
4,5,7,1,0|0|1|0|2,0|0|2|2|0,0,10,3.920371,0.000475,10,3.921197,0.001048
4,5,7,1,0|0|1|0|0,0|0|2|3|1,0,10,3.914395,0.001534,10,3.914057,0.000574
4,5,7,1,0|0|1|0|1,0|0|2|3|0,0,10,3.906026,0.000580,10,3.905867,0.000455
4,5,7,1,0|0|1|0|0,0|0|2|4|0,0,10,3.849110,0.000459,10,3.849295,0.000412
4,5,7,1,0|0|1|1|0,0|0|2|0|3,0,10,3.925251,0.001211,10,3.925217,0.000829
4,5,7,1,0|0|1|1|1,0|0|2|0|2,0,10,3.923753,0.001043,10,3.924806,0.000859
4,5,7,1,0|0|1|1|2,0|0|2|0|1,0,10,3.919977,0.000872,10,3.919625,0.000901
4,5,7,1,0|0|1|1|3,0|0|2|0|0,0,10,3.911589,0.000901,10,3.911565,0.000751
4,5,7,1,0|0|1|1|0,0|0|2|1|2,0,10,3.927969,0.001115,10,3.927963,0.000954
4,5,7,1,0|0|1|1|1,0|0|2|1|1,0,10,3.926673,0.000732,10,3.927242,0.001093
4,5,7,1,0|0|1|1|2,0|0|2|1|0,0,10,3.918489,0.001062,10,3.918008,0.000738
4,5,7,1,0|0|1|1|0,0|0|2|2|1,0,10,3.913490,0.001172,10,3.913259,0.001042
4,5,7,1,0|0|1|1|1,0|0|2|2|0,0,10,3.904528,0.001044,10,3.904379,0.000547
4,5,7,1,0|0|1|1|0,0|0|2|3|0,0,10,3.850131,0.000509,10,3.850425,0.000426
4,5,7,1,0|0|1|2|0,0|0|2|0|2,0,10,3.920662,0.001046,10,3.920811,0.001291
4,5,7,1,0|0|1|2|1,0|0|2|0|1,0,10,3.917980,0.000746,10,3.918519,0.000935
4,5,7,1,0|0|1|2|2,0|0|2|0|0,0,10,3.905864,0.000630,10,3.905594,0.000984
4,5,7,1,0|0|1|2|0,0|0|2|1|1,0,10,3.909114,0.000962,10,3.909574,0.000816
4,5,7,1,0|0|1|2|1,0|0|2|1|0,0,10,3.899391,0.001008,10,3.899509,0.000364
4,5,7,1,0|0|1|2|0,0|0|2|2|0,0,10,3.847037,0.000511,10,3.846793,0.000645
4,5,7,1,0|0|1|3|0,0|0|2|0|1,0,10,3.902116,0.000920,10,3.902239,0.000567
4,5,7,1,0|0|1|3|1,0|0|2|0|0,0,10,3.889700,0.000785,10,3.889604,0.000696
4,5,7,1,0|0|1|3|0,0|0|2|1|0,0,10,3.841785,0.000426,10,3.841494,0.000623
4,5,7,1,0|0|1|4|0,0|0|2|0|0,0,10,3.832140,0.000374,10,3.831972,0.000646
4,5,7,1,0|0|1|0|0,0|0|3|0|3,0,10,3.891709,0.000947,10,3.891304,0.000861
4,5,7,1,0|0|1|0|1,0|0|3|0|2,0,10,3.892481,0.001352,10,3.893054,0.000921
4,5,7,1,0|0|1|0|2,0|0|3|0|1,0,10,3.886073,0.001063,10,3.886737,0.000631
4,5,7,1,0|0|1|0|3,0|0|3|0|0,0,10,3.872164,0.001073,10,3.872722,0.000909
4,5,7,1,0|0|1|0|0,0|0|3|1|2,0,10,3.915410,0.001187,10,3.915267,0.000837
4,5,7,1,0|0|1|0|1,0|0|3|1|1,0,10,3.913845,0.000698,10,3.913990,0.000859
4,5,7,1,0|0|1|0|2,0|0|3|1|0,0,10,3.902410,0.000714,10,3.902526,0.001089
4,5,7,1,0|0|1|0|0,0|0|3|2|1,0,10,3.901457,0.001040,10,3.901805,0.000706
4,5,7,1,0|0|1|0|1,0|0|3|2|0,0,10,3.890639,0.000844,10,3.890601,0.000989
4,5,7,1,0|0|1|0|0,0|0|3|3|0,0,10,3.830370,0.000490,10,3.830638,0.000411
4,5,7,1,0|0|1|1|0,0|0|3|0|2,0,10,3.906287,0.000868,10,3.905414,0.001264
4,5,7,1,0|0|1|1|1,0|0|3|0|1,0,10,3.901875,0.000618,10,3.902018,0.000941
4,5,7,1,0|0|1|1|2,0|0|3|0|0,0,10,3.886803,0.000874,10,3.886068,0.000645
4,5,7,1,0|0|1|1|0,0|0|3|1|1,0,10,3.897677,0.000654,10,3.898401,0.000741
4,5,7,1,0|0|1|1|1,0|0|3|1|0,0,10,3.885665,0.000498,10,3.885836,0.001096
4,5,7,1,0|0|1|1|0,0|0|3|2|0,0,10,3.830630,0.000559,10,3.830578,0.000442
4,5,7,1,0|0|1|2|0,0|0|3|0|1,0,10,3.887007,0.000419,10,3.887210,0.000645
4,5,7,1,0|0|1|2|1,0|0|3|0|0,0,10,3.870184,0.000474,10,3.870538,0.000512
4,5,7,1,0|0|1|2|0,0|0|3|1|0,0,10,3.823699,0.000547,10,3.823424,0.000417
4,5,7,1,0|0|1|3|0,0|0|3|0|0,0,10,3.809271,0.000340,10,3.809264,0.000514
4,5,7,1,0|0|1|0|0,0|0|4|0|2,0,10,3.859663,0.000905,10,3.859545,0.000758
4,5,7,1,0|0|1|0|1,0|0|4|0|1,0,10,3.856689,0.000817,10,3.856985,0.000620
4,5,7,1,0|0|1|0|2,0|0|4|0|0,0,10,3.833355,0.000555,10,3.833650,0.000682
4,5,7,1,0|0|1|0|0,0|0|4|1|1,0,10,3.872956,0.000769,10,3.873270,0.000770
4,5,7,1,0|0|1|0|1,0|0|4|1|0,0,10,3.858262,0.000462,10,3.858348,0.000587
4,5,7,1,0|0|1|0|0,0|0|4|2|0,0,10,3.798252,0.000630,10,3.798217,0.000358
4,5,7,1,0|0|1|1|0,0|0|4|0|1,0,10,3.857693,0.000666,10,3.857896,0.000578
4,5,7,1,0|0|1|1|1,0|0|4|0|0,0,10,3.835496,0.000488,10,3.835778,0.000367
4,5,7,1,0|0|1|1|0,0|0|4|1|0,0,10,3.793124,0.000407,10,3.793102,0.000430
4,5,7,1,0|0|1|2|0,0|0|4|0|0,0,10,3.772067,0.000476,10,3.771838,0.000463
4,5,7,1,0|0|1|0|0,0|0|5|0|1,0,10,3.782245,0.000364,10,3.782334,0.000631
4,5,7,1,0|0|1|0|1,0|0|5|0|0,0,10,3.753797,0.000541,10,3.753505,0.000925
4,5,7,1,0|0|1|0|0,0|0|5|1|0,0,10,3.731094,0.000328,10,3.731299,0.000353
4,5,7,1,0|0|1|1|0,0|0|5|0|0,0,10,3.704055,0.000468,10,3.704118,0.000500
4,5,7,1,0|0|1|0|0,0|0|6|0|0,0,10,3.527824,0.000582,10,3.528052,0.000497
4,5,7,1,0|0|2|0|0,0|0|0|0|5,0,10,3.912557,0.000861,10,3.912642,0.001331
4,5,7,1,0|0|2|0|1,0|0|0|0|4,0,10,3.913785,0.000976,10,3.913569,0.001006
4,5,7,1,0|0|2|0|2,0|0|0|0|3,0,10,3.911935,0.000971,10,3.913139,0.000811
4,5,7,1,0|0|2|0|3,0|0|0|0|2,0,10,3.911128,0.000690,10,3.911030,0.001026
4,5,7,1,0|0|2|0|4,0|0|0|0|1,0,10,3.909068,0.001057,10,3.908469,0.000946
4,5,7,1,0|0|2|0|5,0|0|0|0|0,0,10,3.903805,0.000573,10,3.904120,0.000845
4,5,7,1,0|0|2|0|0,0|0|0|1|4,0,10,3.936084,0.001009,10,3.936860,0.001131
4,5,7,1,0|0|2|0|1,0|0|0|1|3,0,10,3.937456,0.001282,10,3.937543,0.001493
4,5,7,1,0|0|2|0|2,0|0|0|1|2,0,10,3.936966,0.000995,10,3.936368,0.000998
4,5,7,1,0|0|2|0|3,0|0|0|1|1,0,10,3.934230,0.000850,10,3.934669,0.001145
4,5,7,1,0|0|2|0|4,0|0|0|1|0,0,10,3.931123,0.001094,10,3.930891,0.001362
4,5,7,1,0|0|2|0|0,0|0|0|2|3,0,10,3.938178,0.001099,10,3.938287,0.001372
4,5,7,1,0|0|2|0|1,0|0|0|2|2,0,10,3.939617,0.000934,10,3.938868,0.001152
4,5,7,1,0|0|2|0|2,0|0|0|2|1,0,10,3.937232,0.000984,10,3.937407,0.001648
4,5,7,1,0|0|2|0|3,0|0|0|2|0,0,10,3.932000,0.000977,10,3.931963,0.000644
4,5,7,1,0|0|2|0|0,0|0|0|3|2,0,10,3.934211,0.000988,10,3.934306,0.001047
4,5,7,1,0|0|2|0|1,0|0|0|3|1,0,10,3.933645,0.000898,10,3.932869,0.000902
4,5,7,1,0|0|2|0|2,0|0|0|3|0,0,10,3.926657,0.000797,10,3.926355,0.000854
4,5,7,1,0|0|2|0|0,0|0|0|4|1,0,10,3.918624,0.000800,10,3.918601,0.001001
4,5,7,1,0|0|2|0|1,0|0|0|4|0,0,10,3.910458,0.000917,10,3.910826,0.000754
4,5,7,1,0|0|2|0|0,0|0|0|5|0,0,10,3.854302,0.000546,10,3.854559,0.000437
4,5,7,1,0|0|2|1|0,0|0|0|0|4,0,10,3.931305,0.001649,10,3.931748,0.000590
4,5,7,1,0|0|2|1|1,0|0|0|0|3,0,10,3.931884,0.001084,10,3.931734,0.001770
4,5,7,1,0|0|2|1|2,0|0|0|0|2,0,10,3.930218,0.000899,10,3.930618,0.000981
4,5,7,1,0|0|2|1|3,0|0|0|0|1,0,10,3.927104,0.001359,10,3.926801,0.001287
4,5,7,1,0|0|2|1|4,0|0|0|0|0,0,10,3.921909,0.000906,10,3.921817,0.001387
4,5,7,1,0|0|2|1|0,0|0|0|1|3,0,10,3.937638,0.001198,10,3.937509,0.001314
4,5,7,1,0|0|2|1|1,0|0|0|1|2,0,10,3.937988,0.001228,10,3.937850,0.000991
4,5,7,1,0|0|2|1|2,0|0|0|1|1,0,10,3.935754,0.001067,10,3.935014,0.001169
4,5,7,1,0|0|2|1|3,0|0|0|1|0,0,10,3.930317,0.000870,10,3.929885,0.000737
4,5,7,1,0|0|2|1|0,0|0|0|2|2,0,10,3.933874,0.001010,10,3.934034,0.001537
4,5,7,1,0|0|2|1|1,0|0|0|2|1,0,10,3.932865,0.001069,10,3.932795,0.000930
4,5,7,1,0|0|2|1|2,0|0|0|2|0,0,10,3.926053,0.000767,10,3.925932,0.000948
4,5,7,1,0|0|2|1|0,0|0|0|3|1,0,10,3.918686,0.000515,10,3.918603,0.000892
4,5,7,1,0|0|2|1|1,0|0|0|3|0,0,10,3.910786,0.000924,10,3.910179,0.001092
4,5,7,1,0|0|2|1|0,0|0|0|4|0,0,10,3.856155,0.000419,10,3.855725,0.000422
4,5,7,1,0|0|2|2|0,0|0|0|0|3,0,10,3.932045,0.000759,10,3.932241,0.000933
4,5,7,1,0|0|2|2|1,0|0|0|0|2,0,10,3.932214,0.000575,10,3.932278,0.000870
4,5,7,1,0|0|2|2|2,0|0|0|0|1,0,10,3.927778,0.000955,10,3.928110,0.001020
4,5,7,1,0|0|2|2|3,0|0|0|0|0,0,10,3.919149,0.000595,10,3.919962,0.000498
4,5,7,1,0|0|2|2|0,0|0|0|1|2,0,10,3.930698,0.000897,10,3.930779,0.001315
4,5,7,1,0|0|2|2|1,0|0|0|1|1,0,10,3.929211,0.001423,10,3.928897,0.000761
4,5,7,1,0|0|2|2|2,0|0|0|1|0,0,10,3.920999,0.001032,10,3.920616,0.000907
4,5,7,1,0|0|2|2|0,0|0|0|2|1,0,10,3.915422,0.000640,10,3.915646,0.000478
4,5,7,1,0|0|2|2|1,0|0|0|2|0,0,10,3.906961,0.001105,10,3.906731,0.000776
4,5,7,1,0|0|2|2|0,0|0|0|3|0,0,10,3.853462,0.000545,10,3.853429,0.000468
4,5,7,1,0|0|2|3|0,0|0|0|0|2,0,10,3.924871,0.000654,10,3.925391,0.000489
4,5,7,1,0|0|2|3|1,0|0|0|0|1,0,10,3.924384,0.001436,10,3.924034,0.000878
4,5,7,1,0|0|2|3|2,0|0|0|0|0,0,10,3.911654,0.000990,10,3.912403,0.000781
4,5,7,1,0|0|2|3|0,0|0|0|1|1,0,10,3.912651,0.000880,10,3.912257,0.000974
4,5,7,1,0|0|2|3|1,0|0|0|1|0,0,10,3.902699,0.000414,10,3.902827,0.000517
4,5,7,1,0|0|2|3|0,0|0|0|2|0,0,10,3.850443,0.000633,10,3.850484,0.000621
4,5,7,1,0|0|2|4|0,0|0|0|0|1,0,10,3.906560,0.000942,10,3.906588,0.000916
4,5,7,1,0|0|2|4|1,0|0|0|0|0,0,10,3.895546,0.000453,10,3.895471,0.000729
4,5,7,1,0|0|2|4|0,0|0|0|1|0,0,10,3.846335,0.000480,10,3.846200,0.000634
4,5,7,1,0|0|2|5|0,0|0|0|0|0,0,10,3.838770,0.000537,10,3.838274,0.000659
4,5,7,1,0|0|2|0|0,0|0|1|0|4,0,10,3.905712,0.000463,10,3.905531,0.001608
4,5,7,1,0|0|2|0|1,0|0|1|0|3,0,10,3.908136,0.001136,10,3.907107,0.000633
4,5,7,1,0|0|2|0|2,0|0|1|0|2,0,10,3.904455,0.001022,10,3.905065,0.001075
4,5,7,1,0|0|2|0|3,0|0|1|0|1,0,10,3.900905,0.001135,10,3.901054,0.001099
4,5,7,1,0|0|2|0|4,0|0|1|0|0,0,10,3.892826,0.000811,10,3.892653,0.001088
4,5,7,1,0|0|2|0|0,0|0|1|1|3,0,10,3.930166,0.001118,10,3.930311,0.000994
4,5,7,1,0|0|2|0|1,0|0|1|1|2,0,10,3.931017,0.001033,10,3.931190,0.000991
4,5,7,1,0|0|2|0|2,0|0|1|1|1,0,10,3.928322,0.000947,10,3.928084,0.001236
4,5,7,1,0|0|2|0|3,0|0|1|1|0,0,10,3.921492,0.000882,10,3.921273,0.001088
4,5,7,1,0|0|2|0|0,0|0|1|2|2,0,10,3.928558,0.000465,10,3.928035,0.000946
4,5,7,1,0|0|2|0|1,0|0|1|2|1,0,10,3.927762,0.001084,10,3.928030,0.000755
4,5,7,1,0|0|2|0|2,0|0|1|2|0,0,10,3.919032,0.000833,10,3.919443,0.000543
4,5,7,1,0|0|2|0|0,0|0|1|3|1,0,10,3.913237,0.000898,10,3.912760,0.000675
4,5,7,1,0|0|2|0|1,0|0|1|3|0,0,10,3.904218,0.000983,10,3.904380,0.000594
4,5,7,1,0|0|2|0|0,0|0|1|4|0,0,10,3.847088,0.000425,10,3.847383,0.000654
4,5,7,1,0|0|2|1|0,0|0|1|0|3,0,10,3.924415,0.001134,10,3.923823,0.000678
4,5,7,1,0|0|2|1|1,0|0|1|0|2,0,10,3.923004,0.000688,10,3.922767,0.000787
4,5,7,1,0|0|2|1|2,0|0|1|0|1,0,10,3.918349,0.001260,10,3.918589,0.000627
4,5,7,1,0|0|2|1|3,0|0|1|0|0,0,10,3.908864,0.001306,10,3.909374,0.000604
4,5,7,1,0|0|2|1|0,0|0|1|1|2,0,10,3.926678,0.001132,10,3.926654,0.000871
4,5,7,1,0|0|2|1|1,0|0|1|1|1,0,10,3.925152,0.000938,10,3.925630,0.001360
4,5,7,1,0|0|2|1|2,0|0|1|1|0,0,10,3.916437,0.001052,10,3.916475,0.000767
4,5,7,1,0|0|2|1|0,0|0|1|2|1,0,10,3.912283,0.000879,10,3.911908,0.000790
4,5,7,1,0|0|2|1|1,0|0|1|2|0,0,10,3.903436,0.000926,10,3.902651,0.000822
4,5,7,1,0|0|2|1|0,0|0|1|3|0,0,10,3.848582,0.000518,10,3.848433,0.000510
4,5,7,1,0|0|2|2|0,0|0|1|0|2,0,10,3.919333,0.000999,10,3.918727,0.001171
4,5,7,1,0|0|2|2|1,0|0|1|0|1,0,10,3.915971,0.000612,10,3.916155,0.000903
4,5,7,1,0|0|2|2|2,0|0|1|0|0,0,10,3.902726,0.000696,10,3.903210,0.000765
4,5,7,1,0|0|2|2|0,0|0|1|1|1,0,10,3.907724,0.000641,10,3.907656,0.001047
4,5,7,1,0|0|2|2|1,0|0|1|1|0,0,10,3.897043,0.000828,10,3.897101,0.000902
4,5,7,1,0|0|2|2|0,0|0|1|2|0,0,10,3.844953,0.000550,10,3.844457,0.000780
4,5,7,1,0|0|2|3|0,0|0|1|0|1,0,10,3.899424,0.000713,10,3.899983,0.000659
4,5,7,1,0|0|2|3|1,0|0|1|0|0,0,10,3.886423,0.001007,10,3.886202,0.000710
4,5,7,1,0|0|2|3|0,0|0|1|1|0,0,10,3.838694,0.000660,10,3.838909,0.000568
4,5,7,1,0|0|2|4|0,0|0|1|0|0,0,10,3.827972,0.000808,10,3.827966,0.000376
4,5,7,1,0|0|2|0|0,0|0|2|0|3,0,10,3.891571,0.000852,10,3.891301,0.001143
4,5,7,1,0|0|2|0|1,0|0|2|0|2,0,10,3.892248,0.001276,10,3.892134,0.000560
4,5,7,1,0|0|2|0|2,0|0|2|0|1,0,10,3.885497,0.001386,10,3.885318,0.000947
4,5,7,1,0|0|2|0|3,0|0|2|0|0,0,10,3.870865,0.001240,10,3.870358,0.000787
4,5,7,1,0|0|2|0|0,0|0|2|1|2,0,10,3.913529,0.000922,10,3.913948,0.001093
4,5,7,1,0|0|2|0|1,0|0|2|1|1,0,10,3.912620,0.001068,10,3.912771,0.001119
4,5,7,1,0|0|2|0|2,0|0|2|1|0,0,10,3.900987,0.000919,10,3.900501,0.000721
4,5,7,1,0|0|2|0|0,0|0|2|2|1,0,10,3.900057,0.001042,10,3.899884,0.000709
4,5,7,1,0|0|2|0|1,0|0|2|2|0,0,10,3.889423,0.000801,10,3.888941,0.001191
4,5,7,1,0|0|2|0|0,0|0|2|3|0,0,10,3.828866,0.000547,10,3.828728,0.000454
4,5,7,1,0|0|2|1|0,0|0|2|0|2,0,10,3.904449,0.000709,10,3.904090,0.001131
4,5,7,1,0|0|2|1|1,0|0|2|0|1,0,10,3.900320,0.000762,10,3.900067,0.000702
4,5,7,1,0|0|2|1|2,0|0|2|0|0,0,10,3.883776,0.000549,10,3.883957,0.000654
4,5,7,1,0|0|2|1|0,0|0|2|1|1,0,10,3.896688,0.000873,10,3.896590,0.000728
4,5,7,1,0|0|2|1|1,0|0|2|1|0,0,10,3.884101,0.000968,10,3.884194,0.000619
4,5,7,1,0|0|2|1|0,0|0|2|2|0,0,10,3.829163,0.000415,10,3.828820,0.000469
4,5,7,1,0|0|2|2|0,0|0|2|0|1,0,10,3.884336,0.000679,10,3.884254,0.000611
4,5,7,1,0|0|2|2|1,0|0|2|0|0,0,10,3.866829,0.000695,10,3.867497,0.000552
4,5,7,1,0|0|2|2|0,0|0|2|1|0,0,10,3.820705,0.000693,10,3.821198,0.000363
4,5,7,1,0|0|2|3|0,0|0|2|0|0,0,10,3.805155,0.000594,10,3.805417,0.000752
4,5,7,1,0|0|2|0|0,0|0|3|0|2,0,10,3.858708,0.000415,10,3.858410,0.001041
4,5,7,1,0|0|2|0|1,0|0|3|0|1,0,10,3.855966,0.000647,10,3.855534,0.000536
4,5,7,1,0|0|2|0|2,0|0|3|0|0,0,10,3.831380,0.000669,10,3.831421,0.000550
4,5,7,1,0|0|2|0|0,0|0|3|1|1,0,10,3.872514,0.000475,10,3.872279,0.000794
4,5,7,1,0|0|2|0|1,0|0|3|1|0,0,10,3.856812,0.000727,10,3.856783,0.000709
4,5,7,1,0|0|2|0|0,0|0|3|2|0,0,10,3.796690,0.000653,10,3.796331,0.000501
4,5,7,1,0|0|2|1|0,0|0|3|0|1,0,10,3.855867,0.000568,10,3.855738,0.000530
4,5,7,1,0|0|2|1|1,0|0|3|0|0,0,10,3.833422,0.000644,10,3.833011,0.000557
4,5,7,1,0|0|2|1|0,0|0|3|1|0,0,10,3.791396,0.000469,10,3.791571,0.000607
4,5,7,1,0|0|2|2|0,0|0|3|0|0,0,10,3.768589,0.000437,10,3.768780,0.000692
4,5,7,1,0|0|2|0|0,0|0|4|0|1,0,10,3.781737,0.000662,10,3.782004,0.000454
4,5,7,1,0|0|2|0|1,0|0|4|0|0,0,10,3.752741,0.000528,10,3.752764,0.000549
4,5,7,1,0|0|2|0|0,0|0|4|1|0,0,10,3.730672,0.000507,10,3.730929,0.000481
4,5,7,1,0|0|2|1|0,0|0|4|0|0,0,10,3.702477,0.000444,10,3.702647,0.000425
4,5,7,1,0|0|2|0|0,0|0|5|0|0,0,10,3.530451,0.000247,10,3.530847,0.000560
4,5,7,1,0|0|3|0|0,0|0|0|0|4,0,10,3.906187,0.000559,10,3.905046,0.000718
4,5,7,1,0|0|3|0|1,0|0|0|0|3,0,10,3.907131,0.001296,10,3.906347,0.000733
4,5,7,1,0|0|3|0|2,0|0|0|0|2,0,10,3.903148,0.001241,10,3.904251,0.001007
4,5,7,1,0|0|3|0|3,0|0|0|0|1,0,10,3.900372,0.001197,10,3.899538,0.000691
4,5,7,1,0|0|3|0|4,0|0|0|0|0,0,10,3.890736,0.000627,10,3.891000,0.000652
4,5,7,1,0|0|3|0|0,0|0|0|1|3,0,10,3.929787,0.001257,10,3.929439,0.000881
4,5,7,1,0|0|3|0|1,0|0|0|1|2,0,10,3.931126,0.000650,10,3.930794,0.000646
4,5,7,1,0|0|3|0|2,0|0|0|1|1,0,10,3.927080,0.001265,10,3.927365,0.001002
4,5,7,1,0|0|3|0|3,0|0|0|1|0,0,10,3.920660,0.000791,10,3.920557,0.000841
4,5,7,1,0|0|3|0|0,0|0|0|2|2,0,10,3.927158,0.000844,10,3.927474,0.000868
4,5,7,1,0|0|3|0|1,0|0|0|2|1,0,10,3.928067,0.000928,10,3.927439,0.001147
4,5,7,1,0|0|3|0|2,0|0|0|2|0,0,10,3.918353,0.001068,10,3.918247,0.000684
4,5,7,1,0|0|3|0|0,0|0|0|3|1,0,10,3.911726,0.000656,10,3.912497,0.001022
4,5,7,1,0|0|3|0|1,0|0|0|3|0,0,10,3.903528,0.000590,10,3.903398,0.000706
4,5,7,1,0|0|3|0|0,0|0|0|4|0,0,10,3.845723,0.000299,10,3.845638,0.000506
4,5,7,1,0|0|3|1|0,0|0|0|0|3,0,10,3.923162,0.001059,10,3.923419,0.001048
4,5,7,1,0|0|3|1|1,0|0|0|0|2,0,10,3.922447,0.000573,10,3.922755,0.000890
4,5,7,1,0|0|3|1|2,0|0|0|0|1,0,10,3.917270,0.001050,10,3.918352,0.001082
4,5,7,1,0|0|3|1|3,0|0|0|0|0,0,10,3.907791,0.000753,10,3.907984,0.001300
4,5,7,1,0|0|3|1|0,0|0|0|1|2,0,10,3.926532,0.000797,10,3.926309,0.000765
4,5,7,1,0|0|3|1|1,0|0|0|1|1,0,10,3.924909,0.000622,10,3.925041,0.000898
4,5,7,1,0|0|3|1|2,0|0|0|1|0,0,10,3.915435,0.000791,10,3.914932,0.000897
4,5,7,1,0|0|3|1|0,0|0|0|2|1,0,10,3.911590,0.000672,10,3.911391,0.000869
4,5,7,1,0|0|3|1|1,0|0|0|2|0,0,10,3.901876,0.000743,10,3.902498,0.000795
4,5,7,1,0|0|3|1|0,0|0|0|3|0,0,10,3.847211,0.000539,10,3.847331,0.000582
4,5,7,1,0|0|3|2|0,0|0|0|0|2,0,10,3.916592,0.000719,10,3.917396,0.001201
4,5,7,1,0|0|3|2|1,0|0|0|0|1,0,10,3.916112,0.000874,10,3.914918,0.001201
4,5,7,1,0|0|3|2|2,0|0|0|0|0,0,10,3.901073,0.000452,10,3.901634,0.000828
4,5,7,1,0|0|3|2|0,0|0|0|1|1,0,10,3.906519,0.001201,10,3.906380,0.000827
4,5,7,1,0|0|3|2|1,0|0|0|1|0,0,10,3.895891,0.000542,10,3.895664,0.000886
4,5,7,1,0|0|3|2|0,0|0|0|2|0,0,10,3.843234,0.000450,10,3.843023,0.000382
4,5,7,1,0|0|3|3|0,0|0|0|0|1,0,10,3.897842,0.000781,10,3.898246,0.000981
4,5,7,1,0|0|3|3|1,0|0|0|0|0,0,10,3.884203,0.000857,10,3.884116,0.000572
4,5,7,1,0|0|3|3|0,0|0|0|1|0,0,10,3.836996,0.000577,10,3.836793,0.000386
4,5,7,1,0|0|3|4|0,0|0|0|0|0,0,10,3.825184,0.000434,10,3.824884,0.000589
4,5,7,1,0|0|3|0|0,0|0|1|0|3,0,10,3.890343,0.000659,10,3.890304,0.001129
4,5,7,1,0|0|3|0|1,0|0|1|0|2,0,10,3.891913,0.001362,10,3.891179,0.001151
4,5,7,1,0|0|3|0|2,0|0|1|0|1,0,10,3.884836,0.000545,10,3.885134,0.000833
4,5,7,1,0|0|3|0|3,0|0|1|0|0,0,10,3.869498,0.000870,10,3.869583,0.001033
4,5,7,1,0|0|3|0|0,0|0|1|1|2,0,10,3.914105,0.000918,10,3.913757,0.000736
4,5,7,1,0|0|3|0|1,0|0|1|1|1,0,10,3.912790,0.000694,10,3.912518,0.000682
4,5,7,1,0|0|3|0|2,0|0|1|1|0,0,10,3.900085,0.000907,10,3.899953,0.000736
4,5,7,1,0|0|3|0|0,0|0|1|2|1,0,10,3.899956,0.001192,10,3.899459,0.000870
4,5,7,1,0|0|3|0|1,0|0|1|2|0,0,10,3.888448,0.000773,10,3.888648,0.000721
4,5,7,1,0|0|3|0|0,0|0|1|3|0,0,10,3.828062,0.000665,10,3.827788,0.000310
4,5,7,1,0|0|3|1|0,0|0|1|0|2,0,10,3.903483,0.000548,10,3.903218,0.000866
4,5,7,1,0|0|3|1|1,0|0|1|0|1,0,10,3.899541,0.000730,10,3.899620,0.001017
4,5,7,1,0|0|3|1|2,0|0|1|0|0,0,10,3.882697,0.000938,10,3.882541,0.000714
4,5,7,1,0|0|3|1|0,0|0|1|1|1,0,10,3.896684,0.000546,10,3.896431,0.000689
4,5,7,1,0|0|3|1|1,0|0|1|1|0,0,10,3.883704,0.000622,10,3.883796,0.000543
4,5,7,1,0|0|3|1|0,0|0|1|2|0,0,10,3.828383,0.000450,10,3.828518,0.000480
4,5,7,1,0|0|3|2|0,0|0|1|0|1,0,10,3.883376,0.000634,10,3.883382,0.000346
4,5,7,1,0|0|3|2|1,0|0|1|0|0,0,10,3.865746,0.000818,10,3.865927,0.000731
4,5,7,1,0|0|3|2|0,0|0|1|1|0,0,10,3.820044,0.000739,10,3.820050,0.000772
4,5,7,1,0|0|3|3|0,0|0|1|0|0,0,10,3.803481,0.000485,10,3.803060,0.000542
4,5,7,1,0|0|3|0|0,0|0|2|0|2,0,10,3.858142,0.001152,10,3.857756,0.000943
4,5,7,1,0|0|3|0|1,0|0|2|0|1,0,10,3.855501,0.000576,10,3.855644,0.000789
4,5,7,1,0|0|3|0|2,0|0|2|0|0,0,10,3.830442,0.000619,10,3.830885,0.000604
4,5,7,1,0|0|3|0|0,0|0|2|1|1,0,10,3.871660,0.000948,10,3.872258,0.000627
4,5,7,1,0|0|3|0|1,0|0|2|1|0,0,10,3.856146,0.000457,10,3.856206,0.000743
4,5,7,1,0|0|3|0|0,0|0|2|2|0,0,10,3.796020,0.000308,10,3.795953,0.000473
4,5,7,1,0|0|3|1|0,0|0|2|0|1,0,10,3.855627,0.000505,10,3.855577,0.000562
4,5,7,1,0|0|3|1|1,0|0|2|0|0,0,10,3.832608,0.000717,10,3.833019,0.000725
4,5,7,1,0|0|3|1|0,0|0|2|1|0,0,10,3.791550,0.000407,10,3.791196,0.000632
4,5,7,1,0|0|3|2|0,0|0|2|0|0,0,10,3.767392,0.000701,10,3.767400,0.000386
4,5,7,1,0|0|3|0|0,0|0|3|0|1,0,10,3.781968,0.000610,10,3.781714,0.000665
4,5,7,1,0|0|3|0|1,0|0|3|0|0,0,10,3.752711,0.000718,10,3.752520,0.000503
4,5,7,1,0|0|3|0|0,0|0|3|1|0,0,10,3.730785,0.000389,10,3.730694,0.000521
4,5,7,1,0|0|3|1|0,0|0|3|0|0,0,10,3.702320,0.000346,10,3.702522,0.000547
4,5,7,1,0|0|3|0|0,0|0|4|0|0,0,10,3.531332,0.000625,10,3.531889,0.000465
4,5,7,1,0|0|4|0|0,0|0|0|0|3,0,10,3.890228,0.000881,10,3.889930,0.001165
4,5,7,1,0|0|4|0|1,0|0|0|0|2,0,10,3.891252,0.001118,10,3.891172,0.000848
4,5,7,1,0|0|4|0|2,0|0|0|0|1,0,10,3.884146,0.001400,10,3.884517,0.000907
4,5,7,1,0|0|4|0|3,0|0|0|0|0,0,10,3.868691,0.000821,10,3.868988,0.000652
4,5,7,1,0|0|4|0|0,0|0|0|1|2,0,10,3.913277,0.000681,10,3.913081,0.000749
4,5,7,1,0|0|4|0|1,0|0|0|1|1,0,10,3.912173,0.001349,10,3.912147,0.000841
4,5,7,1,0|0|4|0|2,0|0|0|1|0,0,10,3.899850,0.000750,10,3.899672,0.000578
4,5,7,1,0|0|4|0|0,0|0|0|2|1,0,10,3.899212,0.000714,10,3.899453,0.000596
4,5,7,1,0|0|4|0|1,0|0|0|2|0,0,10,3.888318,0.000884,10,3.887994,0.000680
4,5,7,1,0|0|4|0|0,0|0|0|3|0,0,10,3.827421,0.000663,10,3.827575,0.000644
4,5,7,1,0|0|4|1|0,0|0|0|0|2,0,10,3.903643,0.001030,10,3.903361,0.000672
4,5,7,1,0|0|4|1|1,0|0|0|0|1,0,10,3.898984,0.001083,10,3.898979,0.000556
4,5,7,1,0|0|4|1|2,0|0|0|0|0,0,10,3.882288,0.000473,10,3.882764,0.000842
4,5,7,1,0|0|4|1|0,0|0|0|1|1,0,10,3.896112,0.000925,10,3.896231,0.000594
4,5,7,1,0|0|4|1|1,0|0|0|1|0,0,10,3.883585,0.000725,10,3.883925,0.000576
4,5,7,1,0|0|4|1|0,0|0|0|2|0,0,10,3.828311,0.000715,10,3.828446,0.000627
4,5,7,1,0|0|4|2|0,0|0|0|0|1,0,10,3.883239,0.000726,10,3.882820,0.000654
4,5,7,1,0|0|4|2|1,0|0|0|0|0,0,10,3.865527,0.000708,10,3.865588,0.000671
4,5,7,1,0|0|4|2|0,0|0|0|1|0,0,10,3.819917,0.000549,10,3.819717,0.000424
4,5,7,1,0|0|4|3|0,0|0|0|0|0,0,10,3.802241,0.000700,10,3.802585,0.000288
4,5,7,1,0|0|4|0|0,0|0|1|0|2,0,10,3.858138,0.000635,10,3.858123,0.000815
4,5,7,1,0|0|4|0|1,0|0|1|0|1,0,10,3.855417,0.000736,10,3.855048,0.000737
4,5,7,1,0|0|4|0|2,0|0|1|0|0,0,10,3.830324,0.000633,10,3.830247,0.000479
4,5,7,1,0|0|4|0|0,0|0|1|1|1,0,10,3.871846,0.000556,10,3.871859,0.000683
4,5,7,1,0|0|4|0|1,0|0|1|1|0,0,10,3.855883,0.000727,10,3.856109,0.000707
4,5,7,1,0|0|4|0|0,0|0|1|2|0,0,10,3.795468,0.000292,10,3.795316,0.000499
4,5,7,1,0|0|4|1|0,0|0|1|0|1,0,10,3.855431,0.000710,10,3.855316,0.000747
4,5,7,1,0|0|4|1|1,0|0|1|0|0,0,10,3.832390,0.000861,10,3.832897,0.000552
4,5,7,1,0|0|4|1|0,0|0|1|1|0,0,10,3.791043,0.000583,10,3.791304,0.000540
4,5,7,1,0|0|4|2|0,0|0|1|0|0,0,10,3.767504,0.000529,10,3.766815,0.000478
4,5,7,1,0|0|4|0|0,0|0|2|0|1,0,10,3.781592,0.000572,10,3.782100,0.000520
4,5,7,1,0|0|4|0|1,0|0|2|0|0,0,10,3.752730,0.000648,10,3.752740,0.000778
4,5,7,1,0|0|4|0|0,0|0|2|1|0,0,10,3.730618,0.000456,10,3.730795,0.000458
4,5,7,1,0|0|4|1|0,0|0|2|0|0,0,10,3.702501,0.000668,10,3.702364,0.000361
4,5,7,1,0|0|4|0|0,0|0|3|0|0,0,10,3.531892,0.000511,10,3.531748,0.000919
4,5,7,1,0|0|5|0|0,0|0|0|0|2,0,10,3.857997,0.000793,10,3.858251,0.000723
4,5,7,1,0|0|5|0|1,0|0|0|0|1,0,10,3.855488,0.000598,10,3.855722,0.000576
4,5,7,1,0|0|5|0|2,0|0|0|0|0,0,10,3.830217,0.000565,10,3.830124,0.000782
4,5,7,1,0|0|5|0|0,0|0|0|1|1,0,10,3.871968,0.000627,10,3.872193,0.000747
4,5,7,1,0|0|5|0|1,0|0|0|1|0,0,10,3.856165,0.000433,10,3.856293,0.000703
4,5,7,1,0|0|5|0|0,0|0|0|2|0,0,10,3.795248,0.000434,10,3.795188,0.000296
4,5,7,1,0|0|5|1|0,0|0|0|0|1,0,10,3.854988,0.000587,10,3.854999,0.000550
4,5,7,1,0|0|5|1|1,0|0|0|0|0,0,10,3.832502,0.000473,10,3.832908,0.000663
4,5,7,1,0|0|5|1|0,0|0|0|1|0,0,10,3.791400,0.000467,10,3.791027,0.000652
4,5,7,1,0|0|5|2|0,0|0|0|0|0,0,10,3.766635,0.000500,10,3.767054,0.000491
4,5,7,1,0|0|5|0|0,0|0|1|0|1,0,10,3.782016,0.000392,10,3.781490,0.000573
4,5,7,1,0|0|5|0|1,0|0|1|0|0,0,10,3.752847,0.000824,10,3.752478,0.000710
4,5,7,1,0|0|5|0|0,0|0|1|1|0,0,10,3.730515,0.000460,10,3.730704,0.000467
4,5,7,1,0|0|5|1|0,0|0|1|0|0,0,10,3.702564,0.000666,10,3.702616,0.000406
4,5,7,1,0|0|5|0|0,0|0|2|0|0,0,10,3.531890,0.000429,10,3.531820,0.000395
4,5,7,1,0|0|6|0|0,0|0|0|0|1,0,10,3.781918,0.000597,10,3.781946,0.000484
4,5,7,1,0|0|6|0|1,0|0|0|0|0,0,10,3.752901,0.000316,10,3.752944,0.000635
4,5,7,1,0|0|6|0|0,0|0|0|1|0,0,10,3.730591,0.000419,10,3.730799,0.000495
4,5,7,1,0|0|6|1|0,0|0|0|0|0,0,10,3.702437,0.000408,10,3.702345,0.000521
4,5,7,1,0|0|6|0|0,0|0|1|0|0,0,10,3.531682,0.000518,10,3.531806,0.000527
4,5,7,1,0|0|7|0|0,0|0|0|0|0,0,10,3.531930,0.000486,10,3.531901,0.000580
4,5,7,1,0|0|0|0|0,0|1|0|0|6,0,10,3.891601,0.000988,10,3.890964,0.000709
4,5,7,1,0|0|0|0|1,0|1|0|0|5,0,10,3.892641,0.001167,10,3.892625,0.000654
4,5,7,1,0|0|0|0|2,0|1|0|0|4,0,10,3.891392,0.001205,10,3.891797,0.000825
4,5,7,1,0|0|0|0|3,0|1|0|0|3,0,10,3.891652,0.000784,10,3.891083,0.001174
4,5,7,1,0|0|0|0|4,0|1|0|0|2,0,10,3.889674,0.000603,10,3.889961,0.001188
4,5,7,1,0|0|0|0|5,0|1|0|0|1,0,10,3.888903,0.001185,10,3.888510,0.001668
4,5,7,1,0|0|0|0|6,0|1|0|0|0,0,10,3.885588,0.000765,10,3.884489,0.000915
4,5,7,1,0|0|0|0|0,0|1|0|1|5,0,10,3.930893,0.001492,10,3.930630,0.000823
4,5,7,1,0|0|0|0|1,0|1|0|1|4,0,10,3.932066,0.000795,10,3.932155,0.001498
4,5,7,1,0|0|0|0|2,0|1|0|1|3,0,10,3.931173,0.001205,10,3.931640,0.001194
4,5,7,1,0|0|0|0|3,0|1|0|1|2,0,10,3.930438,0.000860,10,3.930282,0.000965
4,5,7,1,0|0|0|0|4,0|1|0|1|1,0,10,3.930070,0.001263,10,3.929871,0.001252
4,5,7,1,0|0|0|0|5,0|1|0|1|0,0,10,3.927161,0.000882,10,3.927716,0.000967
4,5,7,1,0|0|0|0|0,0|1|0|2|4,0,10,3.934258,0.001513,10,3.935118,0.001473
4,5,7,1,0|0|0|0|1,0|1|0|2|3,0,10,3.935904,0.001131,10,3.936045,0.001267
4,5,7,1,0|0|0|0|2,0|1|0|2|2,0,10,3.934858,0.001432,10,3.934883,0.000911
4,5,7,1,0|0|0|0|3,0|1|0|2|1,0,10,3.933360,0.001229,10,3.932545,0.001220
4,5,7,1,0|0|0|0|4,0|1|0|2|0,0,10,3.929338,0.001173,10,3.929499,0.001608
4,5,7,1,0|0|0|0|0,0|1|0|3|3,0,10,3.931279,0.001330,10,3.931394,0.001304
4,5,7,1,0|0|0|0|1,0|1|0|3|2,0,10,3.932854,0.000902,10,3.932788,0.001647
4,5,7,1,0|0|0|0|2,0|1|0|3|1,0,10,3.929647,0.000956,10,3.929726,0.000973
4,5,7,1,0|0|0|0|3,0|1|0|3|0,0,10,3.923476,0.001276,10,3.922927,0.000914
4,5,7,1,0|0|0|0|0,0|1|0|4|2,0,10,3.920561,0.000897,10,3.920977,0.001061
4,5,7,1,0|0|0|0|1,0|1|0|4|1,0,10,3.921344,0.000963,10,3.921350,0.000764
4,5,7,1,0|0|0|0|2,0|1|0|4|0,0,10,3.910382,0.000972,10,3.910877,0.001024
4,5,7,1,0|0|0|0|0,0|1|0|5|1,0,10,3.892359,0.000670,10,3.892162,0.000569
4,5,7,1,0|0|0|0|1,0|1|0|5|0,0,10,3.880273,0.000748,10,3.880188,0.000666
4,5,7,1,0|0|0|0|0,0|1|0|6|0,0,10,3.778698,0.000358,10,3.778793,0.000484
4,5,7,1,0|0|0|1|0,0|1|0|0|5,0,10,3.926474,0.000966,10,3.927523,0.001790
4,5,7,1,0|0|0|1|1,0|1|0|0|4,0,10,3.927519,0.001250,10,3.927222,0.001389
4,5,7,1,0|0|0|1|2,0|1|0|0|3,0,10,3.927091,0.000889,10,3.927107,0.001417
4,5,7,1,0|0|0|1|3,0|1|0|0|2,0,10,3.925632,0.001716,10,3.925555,0.001061
4,5,7,1,0|0|0|1|4,0|1|0|0|1,0,10,3.923899,0.001225,10,3.924052,0.000907
4,5,7,1,0|0|0|1|5,0|1|0|0|0,0,10,3.921371,0.000654,10,3.920975,0.001065
4,5,7,1,0|0|0|1|0,0|1|0|1|4,0,10,3.934396,0.001267,10,3.934159,0.001224
4,5,7,1,0|0|0|1|1,0|1|0|1|3,0,10,3.935156,0.001300,10,3.935253,0.001197
4,5,7,1,0|0|0|1|2,0|1|0|1|2,0,10,3.934266,0.000836,10,3.934281,0.000891
4,5,7,1,0|0|0|1|3,0|1|0|1|1,0,10,3.932299,0.000861,10,3.932511,0.001339
4,5,7,1,0|0|0|1|4,0|1|0|1|0,0,10,3.928791,0.001102,10,3.928564,0.000887
4,5,7,1,0|0|0|1|0,0|1|0|2|3,0,10,3.931670,0.000840,10,3.930808,0.001641
4,5,7,1,0|0|0|1|1,0|1|0|2|2,0,10,3.932276,0.001266,10,3.932107,0.001350
4,5,7,1,0|0|0|1|2,0|1|0|2|1,0,10,3.929458,0.001378,10,3.930527,0.000913
4,5,7,1,0|0|0|1|3,0|1|0|2|0,0,10,3.923942,0.000955,10,3.924196,0.000652
4,5,7,1,0|0|0|1|0,0|1|0|3|2,0,10,3.920945,0.001066,10,3.920832,0.000755
4,5,7,1,0|0|0|1|1,0|1|0|3|1,0,10,3.920394,0.001144,10,3.920766,0.001038
4,5,7,1,0|0|0|1|2,0|1|0|3|0,0,10,3.910336,0.001389,10,3.910503,0.000782
4,5,7,1,0|0|0|1|0,0|1|0|4|1,0,10,3.891875,0.000557,10,3.892183,0.000535
4,5,7,1,0|0|0|1|1,0|1|0|4|0,0,10,3.879709,0.000483,10,3.879565,0.000586
4,5,7,1,0|0|0|1|0,0|1|0|5|0,0,10,3.780171,0.000483,10,3.780153,0.000317
4,5,7,1,0|0|0|2|0,0|1|0|0|4,0,10,3.930651,0.001292,10,3.930260,0.001082
4,5,7,1,0|0|0|2|1,0|1|0|0|3,0,10,3.932132,0.000952,10,3.930976,0.000718
4,5,7,1,0|0|0|2|2,0|1|0|0|2,0,10,3.929869,0.000736,10,3.929134,0.001012
4,5,7,1,0|0|0|2|3,0|1|0|0|1,0,10,3.926752,0.000747,10,3.926682,0.000641
4,5,7,1,0|0|0|2|4,0|1|0|0|0,0,10,3.921179,0.001555,10,3.921687,0.000794
4,5,7,1,0|0|0|2|0,0|1|0|1|3,0,10,3.929575,0.001044,10,3.930323,0.000747
4,5,7,1,0|0|0|2|1,0|1|0|1|2,0,10,3.930310,0.001189,10,3.930558,0.001263
4,5,7,1,0|0|0|2|2,0|1|0|1|1,0,10,3.927573,0.000818,10,3.927483,0.001022
4,5,7,1,0|0|0|2|3,0|1|0|1|0,0,10,3.921040,0.001046,10,3.920427,0.001032
4,5,7,1,0|0|0|2|0,0|1|0|2|2,0,10,3.919192,0.000650,10,3.919870,0.000667
4,5,7,1,0|0|0|2|1,0|1|0|2|1,0,10,3.919034,0.000866,10,3.919208,0.000887
4,5,7,1,0|0|0|2|2,0|1|0|2|0,0,10,3.908014,0.000903,10,3.908399,0.000863
4,5,7,1,0|0|0|2|0,0|1|0|3|1,0,10,3.890436,0.000404,10,3.890153,0.000513
4,5,7,1,0|0|0|2|1,0|1|0|3|0,0,10,3.878033,0.000519,10,3.877510,0.000457
4,5,7,1,0|0|0|2|0,0|1|0|4|0,0,10,3.780205,0.000481,10,3.780150,0.000369
4,5,7,1,0|0|0|3|0,0|1|0|0|3,0,10,3.927187,0.000751,10,3.927570,0.001383
4,5,7,1,0|0|0|3|1,0|1|0|0|2,0,10,3.928339,0.000592,10,3.927728,0.000930
4,5,7,1,0|0|0|3|2,0|1|0|0|1,0,10,3.923515,0.001656,10,3.923494,0.001310
4,5,7,1,0|0|0|3|3,0|1|0|0|0,0,10,3.914423,0.000768,10,3.914630,0.000869
4,5,7,1,0|0|0|3|0,0|1|0|1|2,0,10,3.917504,0.000876,10,3.917745,0.001034
4,5,7,1,0|0|0|3|1,0|1|0|1|1,0,10,3.916771,0.000959,10,3.916847,0.000779
4,5,7,1,0|0|0|3|2,0|1|0|1|0,0,10,3.904962,0.000707,10,3.905445,0.000736
4,5,7,1,0|0|0|3|0,0|1|0|2|1,0,10,3.888612,0.000813,10,3.888975,0.000593
4,5,7,1,0|0|0|3|1,0|1|0|2|0,0,10,3.875585,0.000748,10,3.875405,0.000853
4,5,7,1,0|0|0|3|0,0|1|0|3|0,0,10,3.779453,0.000505,10,3.779702,0.000505
4,5,7,1,0|0|0|4|0,0|1|0|0|2,0,10,3.915897,0.000812,10,3.915349,0.000939
4,5,7,1,0|0|0|4|1,0|1|0|0|1,0,10,3.914656,0.000891,10,3.914468,0.000914
4,5,7,1,0|0|0|4|2,0|1|0|0|0,0,10,3.900555,0.000853,10,3.900664,0.001069
4,5,7,1,0|0|0|4|0,0|1|0|1|1,0,10,3.887297,0.000458,10,3.887381,0.000861
4,5,7,1,0|0|0|4|1,0|1|0|1|0,0,10,3.873908,0.000456,10,3.873680,0.000595
4,5,7,1,0|0|0|4|0,0|1|0|2|0,0,10,3.778805,0.000529,10,3.778591,0.000435
4,5,7,1,0|0|0|5|0,0|1|0|0|1,0,10,3.885439,0.000635,10,3.885991,0.000610
4,5,7,1,0|0|0|5|1,0|1|0|0|0,0,10,3.871254,0.001051,10,3.871434,0.000536
4,5,7,1,0|0|0|5|0,0|1|0|1|0,0,10,3.777074,0.000348,10,3.776978,0.000534
4,5,7,1,0|0|0|6|0,0|1|0|0|0,0,10,3.774936,0.000467,10,3.775024,0.000384
4,5,7,1,0|0|0|0|0,0|1|1|0|5,0,10,3.919593,0.001090,10,3.918965,0.000964
4,5,7,1,0|0|0|0|1,0|1|1|0|4,0,10,3.919953,0.001302,10,3.919689,0.000827
4,5,7,1,0|0|0|0|2,0|1|1|0|3,0,10,3.919513,0.000980,10,3.919550,0.001229
4,5,7,1,0|0|0|0|3,0|1|1|0|2,0,10,3.918055,0.000996,10,3.918329,0.001111
4,5,7,1,0|0|0|0|4,0|1|1|0|1,0,10,3.916274,0.001321,10,3.917275,0.001057
4,5,7,1,0|0|0|0|5,0|1|1|0|0,0,10,3.913496,0.000869,10,3.913925,0.000952
4,5,7,1,0|0|0|0|0,0|1|1|1|4,1,30,3.940728,0.001125,0,,
4,5,7,1,0|0|0|0|1,0|1|1|1|3,0,10,3.941727,0.001284,10,3.941592,0.001673
4,5,7,1,0|0|0|0|2,0|1|1|1|2,0,10,3.941158,0.001322,10,3.940970,0.001175
4,5,7,1,0|0|0|0|3,0|1|1|1|1,0,10,3.939961,0.001000,10,3.940058,0.000595
4,5,7,1,0|0|0|0|4,0|1|1|1|0,0,10,3.937267,0.001098,10,3.937448,0.001489
4,5,7,1,0|0|0|0|0,0|1|1|2|3,1,30,3.943260,0.001145,0,,
4,5,7,1,0|0|0|0|1,0|1|1|2|2,0,10,3.944654,0.000730,10,3.944826,0.001609
4,5,7,1,0|0|0|0|2,0|1|1|2|1,0,10,3.942426,0.000924,10,3.942321,0.001482
4,5,7,1,0|0|0|0|3,0|1|1|2|0,0,10,3.939035,0.000913,10,3.938847,0.000806
4,5,7,1,0|0|0|0|0,0|1|1|3|2,0,10,3.939993,0.001077,10,3.940504,0.000977
4,5,7,1,0|0|0|0|1,0|1|1|3|1,0,10,3.940914,0.001532,10,3.939989,0.001012
4,5,7,1,0|0|0|0|2,0|1|1|3|0,0,10,3.935047,0.000765,10,3.934523,0.000962
4,5,7,1,0|0|0|0|0,0|1|1|4|1,0,10,3.928563,0.000720,10,3.928142,0.000968
4,5,7,1,0|0|0|0|1,0|1|1|4|0,0,10,3.922302,0.000524,10,3.921975,0.000434
4,5,7,1,0|0|0|0|0,0|1|1|5|0,0,10,3.874048,0.000609,10,3.874382,0.000826
4,5,7,1,0|0|0|1|0,0|1|1|0|4,0,10,3.937945,0.001017,10,3.937732,0.001202
4,5,7,1,0|0|0|1|1,0|1|1|0|3,0,10,3.938198,0.001491,10,3.937656,0.001368
4,5,7,1,0|0|0|1|2,0|1|1|0|2,0,10,3.937442,0.001306,10,3.936916,0.000889
4,5,7,1,0|0|0|1|3,0|1|1|0|1,0,10,3.935125,0.000967,10,3.935135,0.001286
4,5,7,1,0|0|0|1|4,0|1|1|0|0,0,10,3.930596,0.001493,10,3.931122,0.000852
4,5,7,1,0|0|0|1|0,0|1|1|1|3,0,10,3.942984,0.000506,10,3.943294,0.000903
4,5,7,1,0|0|0|1|1,0|1|1|1|2,0,10,3.943453,0.001039,10,3.943586,0.001169
4,5,7,1,0|0|0|1|2,0|1|1|1|1,0,10,3.942736,0.000966,10,3.941339,0.001046
4,5,7,1,0|0|0|1|3,0|1|1|1|0,0,10,3.938535,0.001352,10,3.937675,0.000656
4,5,7,1,0|0|0|1|0,0|1|1|2|2,0,10,3.940325,0.001027,10,3.940033,0.001034
4,5,7,1,0|0|0|1|1,0|1|1|2|1,0,10,3.940318,0.001201,10,3.939923,0.000897
4,5,7,1,0|0|0|1|2,0|1|1|2|0,0,10,3.935588,0.000823,10,3.935203,0.001140
4,5,7,1,0|0|0|1|0,0|1|1|3|1,0,10,3.928286,0.000811,10,3.928676,0.000768
4,5,7,1,0|0|0|1|1,0|1|1|3|0,0,10,3.922687,0.000457,10,3.922640,0.001036
4,5,7,1,0|0|0|1|0,0|1|1|4|0,0,10,3.876039,0.000660,10,3.876236,0.000745
4,5,7,1,0|0|0|2|0,0|1|1|0|3,0,10,3.939005,0.001617,10,3.939041,0.001040
4,5,7,1,0|0|0|2|1,0|1|1|0|2,0,10,3.939307,0.001238,10,3.939027,0.001097
4,5,7,1,0|0|0|2|2,0|1|1|0|1,0,10,3.935994,0.001227,10,3.936714,0.001035
4,5,7,1,0|0|0|2|3,0|1|1|0|0,0,10,3.930831,0.001437,10,3.930634,0.001046
4,5,7,1,0|0|0|2|0,0|1|1|1|2,0,10,3.938763,0.001322,10,3.938815,0.000423
4,5,7,1,0|0|0|2|1,0|1|1|1|1,0,10,3.938347,0.000954,10,3.937876,0.000936
4,5,7,1,0|0|0|2|2,0|1|1|1|0,0,10,3.932505,0.001060,10,3.932137,0.000672
4,5,7,1,0|0|0|2|0,0|1|1|2|1,0,10,3.927184,0.000994,10,3.926721,0.000518
4,5,7,1,0|0|0|2|1,0|1|1|2|0,0,10,3.920392,0.000511,10,3.920464,0.000764
4,5,7,1,0|0|0|2|0,0|1|1|3|0,0,10,3.874764,0.000841,10,3.874495,0.000614
4,5,7,1,0|0|0|3|0,0|1|1|0|2,0,10,3.934699,0.001366,10,3.934600,0.001269
4,5,7,1,0|0|0|3|1,0|1|1|0|1,0,10,3.933934,0.001134,10,3.934316,0.001065
4,5,7,1,0|0|0|3|2,0|1|1|0|0,0,10,3.925845,0.000797,10,3.925915,0.001161
4,5,7,1,0|0|0|3|0,0|1|1|1|1,0,10,3.923924,0.000920,10,3.924625,0.000967
4,5,7,1,0|0|0|3|1,0|1|1|1|0,0,10,3.917401,0.000789,10,3.917769,0.000858
4,5,7,1,0|0|0|3|0,0|1|1|2|0,0,10,3.872781,0.000708,10,3.872449,0.000905
4,5,7,1,0|0|0|4|0,0|1|1|0|1,0,10,3.920361,0.000823,10,3.920686,0.000941
4,5,7,1,0|0|0|4|1,0|1|1|0|0,0,10,3.912477,0.000796,10,3.912514,0.000679
4,5,7,1,0|0|0|4|0,0|1|1|1|0,0,10,3.869553,0.000679,10,3.869115,0.000574
4,5,7,1,0|0|0|5|0,0|1|1|0|0,0,10,3.863087,0.000971,10,3.863477,0.000762
4,5,7,1,0|0|0|0|0,0|1|2|0|4,0,10,3.916662,0.000759,10,3.916103,0.000657
4,5,7,1,0|0|0|0|1,0|1|2|0|3,0,10,3.917795,0.001480,10,3.918545,0.000834
4,5,7,1,0|0|0|0|2,0|1|2|0|2,0,10,3.916443,0.001131,10,3.916345,0.001281
4,5,7,1,0|0|0|0|3,0|1|2|0|1,0,10,3.913558,0.001038,10,3.913360,0.001013
4,5,7,1,0|0|0|0|4,0|1|2|0|0,0,10,3.906890,0.000802,10,3.906907,0.001010
4,5,7,1,0|0|0|0|0,0|1|2|1|3,0,10,3.937901,0.001278,10,3.937258,0.001292
4,5,7,1,0|0|0|0|1,0|1|2|1|2,0,10,3.938048,0.000818,10,3.938067,0.001106
4,5,7,1,0|0|0|0|2,0|1|2|1|1,0,10,3.936497,0.001110,10,3.936179,0.000848
4,5,7,1,0|0|0|0|3,0|1|2|1|0,0,10,3.931669,0.000949,10,3.931463,0.000899
4,5,7,1,0|0|0|0|0,0|1|2|2|2,1,30,3.937064,0.001098,0,,
4,5,7,1,0|0|0|0|1,0|1|2|2|1,0,10,3.936706,0.000882,10,3.937223,0.001022
4,5,7,1,0|0|0|0|2,0|1|2|2|0,0,10,3.930730,0.000832,10,3.931568,0.001039
4,5,7,1,0|0|0|0|0,0|1|2|3|1,0,10,3.925854,0.000836,10,3.926689,0.000978
4,5,7,1,0|0|0|0|1,0|1|2|3|0,0,10,3.920160,0.000902,10,3.920501,0.000885
4,5,7,1,0|0|0|0|0,0|1|2|4|0,0,10,3.874199,0.000595,10,3.874497,0.000656
4,5,7,1,0|0|0|1|0,0|1|2|0|3,0,10,3.932690,0.001222,10,3.932521,0.000592
4,5,7,1,0|0|0|1|1,0|1|2|0|2,0,10,3.932655,0.001258,10,3.933514,0.000900
4,5,7,1,0|0|0|1|2,0|1|2|0|1,0,10,3.929677,0.001172,10,3.929544,0.001152
4,5,7,1,0|0|0|1|3,0|1|2|0|0,0,10,3.923115,0.001187,10,3.922359,0.000985
4,5,7,1,0|0|0|1|0,0|1|2|1|2,0,10,3.936665,0.000529,10,3.936653,0.001068
4,5,7,1,0|0|0|1|1,0|1|2|1|1,0,10,3.935262,0.000875,10,3.935350,0.000889
4,5,7,1,0|0|0|1|2,0|1|2|1|0,0,10,3.929767,0.000694,10,3.929373,0.000850
4,5,7,1,0|0|0|1|0,0|1|2|2|1,0,10,3.926578,0.000794,10,3.926666,0.000761
4,5,7,1,0|0|0|1|1,0|1|2|2|0,0,10,3.919841,0.000683,10,3.919396,0.000801
4,5,7,1,0|0|0|1|0,0|1|2|3|0,0,10,3.876024,0.000529,10,3.876827,0.000605
4,5,7,1,0|0|0|2|0,0|1|2|0|2,0,10,3.930170,0.000763,10,3.930694,0.000699
4,5,7,1,0|0|0|2|1,0|1|2|0|1,0,10,3.928938,0.000945,10,3.928598,0.000891
4,5,7,1,0|0|0|2|2,0|1|2|0|0,0,10,3.918962,0.001046,10,3.919154,0.000839
4,5,7,1,0|0|0|2|0,0|1|2|1|1,0,10,3.922833,0.000582,10,3.922903,0.000492
4,5,7,1,0|0|0|2|1,0|1|2|1|0,0,10,3.915059,0.000696,10,3.914922,0.000662
4,5,7,1,0|0|0|2|0,0|1|2|2|0,0,10,3.873398,0.000558,10,3.872960,0.000715
4,5,7,1,0|0|0|3|0,0|1|2|0|1,0,10,3.916019,0.000792,10,3.916270,0.000681
4,5,7,1,0|0|0|3|1,0|1|2|0|0,0,10,3.906758,0.000640,10,3.906708,0.000631
4,5,7,1,0|0|0|3|0,0|1|2|1|0,0,10,3.868721,0.000394,10,3.868447,0.000533
4,5,7,1,0|0|0|4|0,0|1|2|0|0,0,10,3.859347,0.000811,10,3.859255,0.000461
4,5,7,1,0|0|0|0|0,0|1|3|0|3,0,10,3.904818,0.001099,10,3.904587,0.000796
4,5,7,1,0|0|0|0|1,0|1|3|0|2,0,10,3.906402,0.001093,10,3.906478,0.001034
4,5,7,1,0|0|0|0|2,0|1|3|0|1,0,10,3.902077,0.001329,10,3.901769,0.000954
4,5,7,1,0|0|0|0|3,0|1|3|0|0,0,10,3.890451,0.000756,10,3.890156,0.001051
4,5,7,1,0|0|0|0|0,0|1|3|1|2,0,10,3.924996,0.001092,10,3.925355,0.000899
4,5,7,1,0|0|0|0|1,0|1|3|1|1,0,10,3.925147,0.000762,10,3.925463,0.000706
4,5,7,1,0|0|0|0|2,0|1|3|1|0,0,10,3.915288,0.000744,10,3.916366,0.001119
4,5,7,1,0|0|0|0|0,0|1|3|2|1,0,10,3.915252,0.000549,10,3.915413,0.000712
4,5,7,1,0|0|0|0|1,0|1|3|2|0,0,10,3.907375,0.000887,10,3.907428,0.000921
4,5,7,1,0|0|0|0|0,0|1|3|3|0,0,10,3.859015,0.000451,10,3.859464,0.000688
4,5,7,1,0|0|0|1|0,0|1|3|0|2,0,10,3.918650,0.001050,10,3.918211,0.000829
4,5,7,1,0|0|0|1|1,0|1|3|0|1,0,10,3.915676,0.001032,10,3.916299,0.000729
4,5,7,1,0|0|0|1|2,0|1|3|0|0,0,10,3.903864,0.000689,10,3.903354,0.000741
4,5,7,1,0|0|0|1|0,0|1|3|1|1,0,10,3.914003,0.000750,10,3.913866,0.000897
4,5,7,1,0|0|0|1|1,0|1|3|1|0,0,10,3.905341,0.000950,10,3.904664,0.000750
4,5,7,1,0|0|0|1|0,0|1|3|2|0,0,10,3.860265,0.000427,10,3.860438,0.000559
4,5,7,1,0|0|0|2|0,0|1|3|0|1,0,10,3.904205,0.000693,10,3.903739,0.000525
4,5,7,1,0|0|0|2|1,0|1|3|0|0,0,10,3.891542,0.000497,10,3.891524,0.000670
4,5,7,1,0|0|0|2|0,0|1|3|1|0,0,10,3.853768,0.000494,10,3.853547,0.000383
4,5,7,1,0|0|0|3|0,0|1|3|0|0,0,10,3.839733,0.000496,10,3.839988,0.000643
4,5,7,1,0|0|0|0|0,0|1|4|0|2,0,10,3.878494,0.001006,10,3.878291,0.001189
4,5,7,1,0|0|0|0|1,0|1|4|0|1,0,10,3.877379,0.000944,10,3.877380,0.000908
4,5,7,1,0|0|0|0|2,0|1|4|0|0,0,10,3.857588,0.000445,10,3.857602,0.000638
4,5,7,1,0|0|0|0|0,0|1|4|1|1,0,10,3.891312,0.000725,10,3.891385,0.000596
4,5,7,1,0|0|0|0|1,0|1|4|1|0,0,10,3.879875,0.000600,10,3.879688,0.000838
4,5,7,1,0|0|0|0|0,0|1|4|2|0,0,10,3.829416,0.000435,10,3.829455,0.000566
4,5,7,1,0|0|0|1|0,0|1|4|0|1,0,10,3.879450,0.000555,10,3.879112,0.000698
4,5,7,1,0|0|0|1|1,0|1|4|0|0,0,10,3.861819,0.000705,10,3.861854,0.000712
4,5,7,1,0|0|0|1|0,0|1|4|1|0,0,10,3.826318,0.000514,10,3.826499,0.000571
4,5,7,1,0|0|0|2|0,0|1|4|0|0,0,10,3.806472,0.000344,10,3.806739,0.000661
4,5,7,1,0|0|0|0|0,0|1|5|0|1,0,10,3.811206,0.000526,10,3.811275,0.000579
4,5,7,1,0|0|0|0|1,0|1|5|0|0,0,10,3.787035,0.000582,10,3.787393,0.000704
4,5,7,1,0|0|0|0|0,0|1|5|1|0,0,10,3.767533,0.000364,10,3.767403,0.000470
4,5,7,1,0|0|0|1|0,0|1|5|0|0,0,10,3.744584,0.000344,10,3.744358,0.000473
4,5,7,1,0|0|0|0|0,0|1|6|0|0,0,10,3.576651,0.000465,10,3.576450,0.000577
4,5,7,1,0|0|1|0|0,0|1|0|0|5,0,10,3.916465,0.001083,10,3.916229,0.001205
4,5,7,1,0|0|1|0|1,0|1|0|0|4,0,10,3.917611,0.001172,10,3.917490,0.001237
4,5,7,1,0|0|1|0|2,0|1|0|0|3,0,10,3.916047,0.001059,10,3.915523,0.001598
4,5,7,1,0|0|1|0|3,0|1|0|0|2,0,10,3.915339,0.001756,10,3.915008,0.001494
4,5,7,1,0|0|1|0|4,0|1|0|0|1,0,10,3.912845,0.001046,10,3.913163,0.001161
4,5,7,1,0|0|1|0|5,0|1|0|0|0,0,10,3.909067,0.000882,10,3.909614,0.000679
4,5,7,1,0|0|1|0|0,0|1|0|1|4,0,10,3.938007,0.001244,10,3.938610,0.001102
4,5,7,1,0|0|1|0|1,0|1|0|1|3,0,10,3.939466,0.000826,10,3.939152,0.001388
4,5,7,1,0|0|1|0|2,0|1|0|1|2,0,10,3.937974,0.000833,10,3.939119,0.001114
4,5,7,1,0|0|1|0|3,0|1|0|1|1,0,10,3.937204,0.001425,10,3.937383,0.001397
4,5,7,1,0|0|1|0|4,0|1|0|1|0,0,10,3.933918,0.001453,10,3.933836,0.001295
4,5,7,1,0|0|1|0|0,0|1|0|2|3,0,10,3.941045,0.001204,10,3.941023,0.000871
4,5,7,1,0|0|1|0|1,0|1|0|2|2,0,10,3.942120,0.001081,10,3.941938,0.000818
4,5,7,1,0|0|1|0|2,0|1|0|2|1,0,10,3.939162,0.001035,10,3.940125,0.001037
4,5,7,1,0|0|1|0|3,0|1|0|2|0,0,10,3.935461,0.000890,10,3.935874,0.000805
4,5,7,1,0|0|1|0|0,0|1|0|3|2,0,10,3.937705,0.001100,10,3.937023,0.001319
4,5,7,1,0|0|1|0|1,0|1|0|3|1,0,10,3.937544,0.001140,10,3.937738,0.000862
4,5,7,1,0|0|1|0|2,0|1|0|3|0,0,10,3.931026,0.000685,10,3.931241,0.001195
4,5,7,1,0|0|1|0|0,0|1|0|4|1,0,10,3.923892,0.000470,10,3.923681,0.000946
4,5,7,1,0|0|1|0|1,0|1|0|4|0,0,10,3.916797,0.000922,10,3.916559,0.000499
4,5,7,1,0|0|1|0|0,0|1|0|5|0,0,10,3.865396,0.000768,10,3.865151,0.000477
4,5,7,1,0|0|1|1|0,0|1|0|0|4,0,10,3.934187,0.001154,10,3.934017,0.001314
4,5,7,1,0|0|1|1|1,0|1|0|0|3,0,10,3.934507,0.000491,10,3.934008,0.001156
4,5,7,1,0|0|1|1|2,0|1|0|0|2,0,10,3.932393,0.001191,10,3.932983,0.000842
4,5,7,1,0|0|1|1|3,0|1|0|0|1,0,10,3.930103,0.000858,10,3.930213,0.000652
4,5,7,1,0|0|1|1|4,0|1|0|0|0,0,10,3.925987,0.001207,10,3.925649,0.000966
4,5,7,1,0|0|1|1|0,0|1|0|1|3,0,10,3.940027,0.001643,10,3.940212,0.001065
4,5,7,1,0|0|1|1|1,0|1|0|1|2,0,10,3.940016,0.001480,10,3.940594,0.001471
4,5,7,1,0|0|1|1|2,0|1|0|1|1,0,10,3.937503,0.000849,10,3.938256,0.000753
4,5,7,1,0|0|1|1|3,0|1|0|1|0,0,10,3.934045,0.001274,10,3.933539,0.000862
4,5,7,1,0|0|1|1|0,0|1|0|2|2,0,10,3.936820,0.001532,10,3.936737,0.001586
4,5,7,1,0|0|1|1|1,0|1|0|2|1,0,10,3.936002,0.000800,10,3.936021,0.001032
4,5,7,1,0|0|1|1|2,0|1|0|2|0,0,10,3.929951,0.000958,10,3.929961,0.000889
4,5,7,1,0|0|1|1|0,0|1|0|3|1,0,10,3.923064,0.000643,10,3.923174,0.000775
4,5,7,1,0|0|1|1|1,0|1|0|3|0,0,10,3.915842,0.001018,10,3.916108,0.000699
4,5,7,1,0|0|1|1|0,0|1|0|4|0,0,10,3.866644,0.000927,10,3.866215,0.000704
4,5,7,1,0|0|1|2|0,0|1|0|0|3,0,10,3.935656,0.001364,10,3.935047,0.001426
4,5,7,1,0|0|1|2|1,0|1|0|0|2,0,10,3.934947,0.000879,10,3.934913,0.001224
4,5,7,1,0|0|1|2|2,0|1|0|0|1,0,10,3.931796,0.000820,10,3.930961,0.000708
4,5,7,1,0|0|1|2|3,0|1|0|0|0,0,10,3.925005,0.000796,10,3.924313,0.001007
4,5,7,1,0|0|1|2|0,0|1|0|1|2,0,10,3.934300,0.001208,10,3.933582,0.001028
4,5,7,1,0|0|1|2|1,0|1|0|1|1,0,10,3.933039,0.000940,10,3.933513,0.001184
4,5,7,1,0|0|1|2|2,0|1|0|1|0,0,10,3.926151,0.000718,10,3.926417,0.000797
4,5,7,1,0|0|1|2|0,0|1|0|2|1,0,10,3.921269,0.000692,10,3.920867,0.000898
4,5,7,1,0|0|1|2|1,0|1|0|2|0,0,10,3.913227,0.000732,10,3.913526,0.000578
4,5,7,1,0|0|1|2|0,0|1|0|3|0,0,10,3.864299,0.000441,10,3.864574,0.000574
4,5,7,1,0|0|1|3|0,0|1|0|0|2,0,10,3.929467,0.000897,10,3.929459,0.001387
4,5,7,1,0|0|1|3|1,0|1|0|0|1,0,10,3.928448,0.000839,10,3.928257,0.000927
4,5,7,1,0|0|1|3|2,0|1|0|0|0,0,10,3.918069,0.000861,10,3.918023,0.000616
4,5,7,1,0|0|1|3|0,0|1|0|1|1,0,10,3.917945,0.001491,10,3.917709,0.001264
4,5,7,1,0|0|1|3|1,0|1|0|1|0,0,10,3.909959,0.000857,10,3.909875,0.000995
4,5,7,1,0|0|1|3|0,0|1|0|2|0,0,10,3.862102,0.000628,10,3.862334,0.000686
4,5,7,1,0|0|1|4|0,0|1|0|0|1,0,10,3.913236,0.001001,10,3.913295,0.000761
4,5,7,1,0|0|1|4|1,0|1|0|0|0,0,10,3.903822,0.000778,10,3.903692,0.001115
4,5,7,1,0|0|1|4|0,0|1|0|1|0,0,10,3.858180,0.000527,10,3.858486,0.000936
4,5,7,1,0|0|1|5|0,0|1|0|0|0,0,10,3.851676,0.000587,10,3.851702,0.000539
4,5,7,1,0|0|1|0|0,0|1|1|0|4,0,10,3.916495,0.001372,10,3.916116,0.001483
4,5,7,1,0|0|1|0|1,0|1|1|0|3,0,10,3.917432,0.001104,10,3.917882,0.001052
4,5,7,1,0|0|1|0|2,0|1|1|0|2,0,10,3.915034,0.001680,10,3.915407,0.000975
4,5,7,1,0|0|1|0|3,0|1|1|0|1,0,10,3.912470,0.000912,10,3.912798,0.001002
4,5,7,1,0|0|1|0|4,0|1|1|0|0,0,10,3.905945,0.001005,10,3.906396,0.000798
4,5,7,1,0|0|1|0|0,0|1|1|1|3,0,10,3.935604,0.001612,10,3.936180,0.001082
4,5,7,1,0|0|1|0|1,0|1|1|1|2,0,10,3.937077,0.000930,10,3.937406,0.001365
4,5,7,1,0|0|1|0|2,0|1|1|1|1,0,10,3.934523,0.001037,10,3.934721,0.001140
4,5,7,1,0|0|1|0|3,0|1|1|1|0,0,10,3.930023,0.000772,10,3.929826,0.000811
4,5,7,1,0|0|1|0|0,0|1|1|2|2,0,10,3.935595,0.001110,10,3.936078,0.001210
4,5,7,1,0|0|1|0|1,0|1|1|2|1,0,10,3.935769,0.001362,10,3.935932,0.000958
4,5,7,1,0|0|1|0|2,0|1|1|2|0,0,10,3.928826,0.001065,10,3.929380,0.000964
4,5,7,1,0|0|1|0|0,0|1|1|3|1,0,10,3.924298,0.000698,10,3.924589,0.001220
4,5,7,1,0|0|1|0|1,0|1|1|3|0,0,10,3.918535,0.000921,10,3.918170,0.000926
4,5,7,1,0|0|1|0|0,0|1|1|4|0,0,10,3.872967,0.000762,10,3.873251,0.000747
4,5,7,1,0|0|1|1|0,0|1|1|0|3,0,10,3.931416,0.000719,10,3.931559,0.000974
4,5,7,1,0|0|1|1|1,0|1|1|0|2,0,10,3.930671,0.001163,10,3.930347,0.000782
4,5,7,1,0|0|1|1|2,0|1|1|0|1,0,10,3.927402,0.001333,10,3.927682,0.000667
4,5,7,1,0|0|1|1|3,0|1|1|0|0,0,10,3.920882,0.000792,10,3.920336,0.000649
4,5,7,1,0|0|1|1|0,0|1|1|1|2,0,10,3.934244,0.000672,10,3.934585,0.000865
4,5,7,1,0|0|1|1|1,0|1|1|1|1,0,10,3.933658,0.000627,10,3.933276,0.001169
4,5,7,1,0|0|1|1|2,0|1|1|1|0,0,10,3.926684,0.000982,10,3.926358,0.000979
4,5,7,1,0|0|1|1|0,0|1|1|2|1,0,10,3.923456,0.000932,10,3.923948,0.000594
4,5,7,1,0|0|1|1|1,0|1|1|2|0,0,10,3.916837,0.000815,10,3.916964,0.000841
4,5,7,1,0|0|1|1|0,0|1|1|3|0,0,10,3.874226,0.000577,10,3.873787,0.000761
4,5,7,1,0|0|1|2|0,0|1|1|0|2,0,10,3.928336,0.001207,10,3.927978,0.000464
4,5,7,1,0|0|1|2|1,0|1|1|0|1,0,10,3.925802,0.001167,10,3.926024,0.000296
4,5,7,1,0|0|1|2|2,0|1|1|0|0,0,10,3.915821,0.000377,10,3.915995,0.000620
4,5,7,1,0|0|1|2|0,0|1|1|1|1,0,10,3.920765,0.000635,10,3.920871,0.000519
4,5,7,1,0|0|1|2|1,0|1|1|1|0,0,10,3.912291,0.000709,10,3.912546,0.000914
4,5,7,1,0|0|1|2|0,0|1|1|2|0,0,10,3.870650,0.000735,10,3.870640,0.000574
4,5,7,1,0|0|1|3|0,0|1|1|0|1,0,10,3.913741,0.000512,10,3.913598,0.001248
4,5,7,1,0|0|1|3|1,0|1|1|0|0,0,10,3.903299,0.000772,10,3.903241,0.000760
4,5,7,1,0|0|1|3|0,0|1|1|1|0,0,10,3.865312,0.000458,10,3.865845,0.000707
4,5,7,1,0|0|1|4|0,0|1|1|0|0,0,10,3.856516,0.000510,10,3.856391,0.000413
4,5,7,1,0|0|1|0|0,0|1|2|0|3,0,10,3.904793,0.001181,10,3.905226,0.001304
4,5,7,1,0|0|1|0|1,0|1|2|0|2,0,10,3.905477,0.001016,10,3.905724,0.001250
4,5,7,1,0|0|1|0|2,0|1|2|0|1,0,10,3.901035,0.000636,10,3.900690,0.001159
4,5,7,1,0|0|1|0|3,0|1|2|0|0,0,10,3.889560,0.000733,10,3.889309,0.000647
4,5,7,1,0|0|1|0|0,0|1|2|1|2,0,10,3.924025,0.000232,10,3.924421,0.000896
4,5,7,1,0|0|1|0|1,0|1|2|1|1,0,10,3.923136,0.000724,10,3.923370,0.000767
4,5,7,1,0|0|1|0|2,0|1|2|1|0,0,10,3.914065,0.000782,10,3.913834,0.000978
4,5,7,1,0|0|1|0|0,0|1|2|2|1,0,10,3.914412,0.000898,10,3.914257,0.000746
4,5,7,1,0|0|1|0|1,0|1|2|2|0,0,10,3.906344,0.000414,10,3.905431,0.000552
4,5,7,1,0|0|1|0|0,0|1|2|3|0,0,10,3.858290,0.000447,10,3.858605,0.000936
4,5,7,1,0|0|1|1|0,0|1|2|0|2,0,10,3.916219,0.000885,10,3.916322,0.001153
4,5,7,1,0|0|1|1|1,0|1|2|0|1,0,10,3.912680,0.000852,10,3.913057,0.000927
4,5,7,1,0|0|1|1|2,0|1|2|0|0,0,10,3.900216,0.000659,10,3.900655,0.000716
4,5,7,1,0|0|1|1|0,0|1|2|1|1,0,10,3.911428,0.000827,10,3.911367,0.000624
4,5,7,1,0|0|1|1|1,0|1|2|1|0,0,10,3.901881,0.000720,10,3.901630,0.000796
4,5,7,1,0|0|1|1|0,0|1|2|2|0,0,10,3.858300,0.000362,10,3.858564,0.000826
4,5,7,1,0|0|1|2|0,0|1|2|0|1,0,10,3.900799,0.000753,10,3.901008,0.000827
4,5,7,1,0|0|1|2|1,0|1|2|0|0,0,10,3.888100,0.000763,10,3.888162,0.000609
4,5,7,1,0|0|1|2|0,0|1|2|1|0,0,10,3.851574,0.000845,10,3.851523,0.000375
4,5,7,1,0|0|1|3|0,0|1|2|0|0,0,10,3.837896,0.000509,10,3.837684,0.000567
4,5,7,1,0|0|1|0|0,0|1|3|0|2,0,10,3.878239,0.000581,10,3.878573,0.000899
4,5,7,1,0|0|1|0|1,0|1|3|0|1,0,10,3.875927,0.000640,10,3.876323,0.000710
4,5,7,1,0|0|1|0|2,0|1|3|0|0,0,10,3.856145,0.000771,10,3.856127,0.000791
4,5,7,1,0|0|1|0|0,0|1|3|1|1,0,10,3.889636,0.000858,10,3.889881,0.000560
4,5,7,1,0|0|1|0|1,0|1|3|1|0,0,10,3.876614,0.000791,10,3.877219,0.000563
4,5,7,1,0|0|1|0|0,0|1|3|2|0,0,10,3.828637,0.000337,10,3.828764,0.000535
4,5,7,1,0|0|1|1|0,0|1|3|0|1,0,10,3.875968,0.000597,10,3.876099,0.000760
4,5,7,1,0|0|1|1|1,0|1|3|0|0,0,10,3.857717,0.000760,10,3.857306,0.000395
4,5,7,1,0|0|1|1|0,0|1|3|1|0,0,10,3.824020,0.000389,10,3.823733,0.000630
4,5,7,1,0|0|1|2|0,0|1|3|0|0,0,10,3.804289,0.000367,10,3.803992,0.000471
4,5,7,1,0|0|1|0|0,0|1|4|0|1,0,10,3.811238,0.000878,10,3.811371,0.000763
4,5,7,1,0|0|1|0|1,0|1|4|0|0,0,10,3.785745,0.000557,10,3.785985,0.000479
4,5,7,1,0|0|1|0|0,0|1|4|1|0,0,10,3.766621,0.000503,10,3.766742,0.000261
4,5,7,1,0|0|1|1|0,0|1|4|0|0,0,10,3.741617,0.000589,10,3.741770,0.000302
4,5,7,1,0|0|1|0|0,0|1|5|0|0,0,10,3.582116,0.000411,10,3.582215,0.000696
4,5,7,1,0|0|2|0|0,0|1|0|0|4,0,10,3.914073,0.000781,10,3.914489,0.001376
4,5,7,1,0|0|2|0|1,0|1|0|0|3,0,10,3.915320,0.001194,10,3.915935,0.001335
4,5,7,1,0|0|2|0|2,0|1|0|0|2,0,10,3.913033,0.000931,10,3.913871,0.000990
4,5,7,1,0|0|2|0|3,0|1|0|0|1,0,10,3.909606,0.000868,10,3.910528,0.001093
4,5,7,1,0|0|2|0|4,0|1|0|0|0,0,10,3.902820,0.000971,10,3.902580,0.000767
4,5,7,1,0|0|2|0|0,0|1|0|1|3,0,10,3.934792,0.001488,10,3.935148,0.001026
4,5,7,1,0|0|2|0|1,0|1|0|1|2,0,10,3.935600,0.001306,10,3.935714,0.001399
4,5,7,1,0|0|2|0|2,0|1|0|1|1,0,10,3.932591,0.001291,10,3.932631,0.001274
4,5,7,1,0|0|2|0|3,0|1|0|1|0,0,10,3.926865,0.000718,10,3.927382,0.001064
4,5,7,1,0|0|2|0|0,0|1|0|2|2,0,10,3.934053,0.000985,10,3.933940,0.001179
4,5,7,1,0|0|2|0|1,0|1|0|2|1,0,10,3.933400,0.001472,10,3.933118,0.000509
4,5,7,1,0|0|2|0|2,0|1|0|2|0,0,10,3.926132,0.000618,10,3.926340,0.001120
4,5,7,1,0|0|2|0|0,0|1|0|3|1,0,10,3.922050,0.000801,10,3.921929,0.001168
4,5,7,1,0|0|2|0|1,0|1|0|3|0,0,10,3.914463,0.000603,10,3.914463,0.000640
4,5,7,1,0|0|2|0|0,0|1|0|4|0,0,10,3.868584,0.000503,10,3.868393,0.000551
4,5,7,1,0|0|2|1|0,0|1|0|0|3,0,10,3.929391,0.000715,10,3.928844,0.000779
4,5,7,1,0|0|2|1|1,0|1|0|0|2,0,10,3.928931,0.000786,10,3.928181,0.001112
4,5,7,1,0|0|2|1|2,0|1|0|0|1,0,10,3.924035,0.000728,10,3.924357,0.000666
4,5,7,1,0|0|2|1|3,0|1|0|0|0,0,10,3.915883,0.001057,10,3.915794,0.000940
4,5,7,1,0|0|2|1|0,0|1|0|1|2,0,10,3.932153,0.000719,10,3.932567,0.000601
4,5,7,1,0|0|2|1|1,0|1|0|1|1,0,10,3.931277,0.000687,10,3.931110,0.000928
4,5,7,1,0|0|2|1|2,0|1|0|1|0,0,10,3.923915,0.000793,10,3.923629,0.000930
4,5,7,1,0|0|2|1|0,0|1|0|2|1,0,10,3.920858,0.001286,10,3.921397,0.000514
4,5,7,1,0|0|2|1|1,0|1|0|2|0,0,10,3.913363,0.000877,10,3.913656,0.000609
4,5,7,1,0|0|2|1|0,0|1|0|3|0,0,10,3.869754,0.000557,10,3.869512,0.000565
4,5,7,1,0|0|2|2|0,0|1|0|0|2,0,10,3.925104,0.000827,10,3.924759,0.001069
4,5,7,1,0|0|2|2|1,0|1|0|0|1,0,10,3.922418,0.001497,10,3.922394,0.001076
4,5,7,1,0|0|2|2|2,0|1|0|0|0,0,10,3.910711,0.001015,10,3.910555,0.000697
4,5,7,1,0|0|2|2|0,0|1|0|1|1,0,10,3.916943,0.000542,10,3.917067,0.000301
4,5,7,1,0|0|2|2|1,0|1|0|1|0,0,10,3.907475,0.000608,10,3.907794,0.001136
4,5,7,1,0|0|2|2|0,0|1|0|2|0,0,10,3.865496,0.000736,10,3.865157,0.000407
4,5,7,1,0|0|2|3|0,0|1|0|0|1,0,10,3.908887,0.000736,10,3.908937,0.000791
4,5,7,1,0|0|2|3|1,0|1|0|0|0,0,10,3.897255,0.000642,10,3.897080,0.000632
4,5,7,1,0|0|2|3|0,0|1|0|1|0,0,10,3.859168,0.000705,10,3.859599,0.000665
4,5,7,1,0|0|2|4|0,0|1|0|0|0,0,10,3.848605,0.000639,10,3.848574,0.000371
4,5,7,1,0|0|2|0|0,0|1|1|0|3,0,10,3.904362,0.001207,10,3.904172,0.000836
4,5,7,1,0|0|2|0|1,0|1|1|0|2,0,10,3.904862,0.000759,10,3.904692,0.001214
4,5,7,1,0|0|2|0|2,0|1|1|0|1,0,10,3.898521,0.000801,10,3.899757,0.001053
4,5,7,1,0|0|2|0|3,0|1|1|0|0,0,10,3.887186,0.000827,10,3.886773,0.000803
4,5,7,1,0|0|2|0|0,0|1|1|1|2,0,10,3.923141,0.001213,10,3.922533,0.000747
4,5,7,1,0|0|2|0|1,0|1|1|1|1,0,10,3.921827,0.001191,10,3.922363,0.001095
4,5,7,1,0|0|2|0|2,0|1|1|1|0,0,10,3.912138,0.001327,10,3.912119,0.000837
4,5,7,1,0|0|2|0|0,0|1|1|2|1,0,10,3.912720,0.000966,10,3.912308,0.000916
4,5,7,1,0|0|2|0|1,0|1|1|2|0,0,10,3.903768,0.000879,10,3.903897,0.000565
4,5,7,1,0|0|2|0|0,0|1|1|3|0,0,10,3.856208,0.000644,10,3.856202,0.000398
4,5,7,1,0|0|2|1|0,0|1|1|0|2,0,10,3.914303,0.000906,10,3.914794,0.001096
4,5,7,1,0|0|2|1|1,0|1|1|0|1,0,10,3.910851,0.000561,10,3.911306,0.000723
4,5,7,1,0|0|2|1|2,0|1|1|0|0,0,10,3.897225,0.001253,10,3.897233,0.000746
4,5,7,1,0|0|2|1|0,0|1|1|1|1,0,10,3.909597,0.000827,10,3.909916,0.000827
4,5,7,1,0|0|2|1|1,0|1|1|1|0,0,10,3.899313,0.000452,10,3.899355,0.001002
4,5,7,1,0|0|2|1|0,0|1|1|2|0,0,10,3.856094,0.000726,10,3.856245,0.000507
4,5,7,1,0|0|2|2|0,0|1|1|0|1,0,10,3.898024,0.000796,10,3.898166,0.001015
4,5,7,1,0|0|2|2|1,0|1|1|0|0,0,10,3.884133,0.000609,10,3.883895,0.000539
4,5,7,1,0|0|2|2|0,0|1|1|1|0,0,10,3.848475,0.000535,10,3.848404,0.000665
4,5,7,1,0|0|2|3|0,0|1|1|0|0,0,10,3.833578,0.000466,10,3.833156,0.000435
4,5,7,1,0|0|2|0|0,0|1|2|0|2,0,10,3.877759,0.000709,10,3.876935,0.000682
4,5,7,1,0|0|2|0|1,0|1|2|0|1,0,10,3.875427,0.000982,10,3.874787,0.001275
4,5,7,1,0|0|2|0|2,0|1|2|0|0,0,10,3.853934,0.000697,10,3.854103,0.000554
4,5,7,1,0|0|2|0|0,0|1|2|1|1,0,10,3.888594,0.000486,10,3.887992,0.000977
4,5,7,1,0|0|2|0|1,0|1|2|1|0,0,10,3.875185,0.000647,10,3.875003,0.000614
4,5,7,1,0|0|2|0|0,0|1|2|2|0,0,10,3.826792,0.000427,10,3.826747,0.000341
4,5,7,1,0|0|2|1|0,0|1|2|0|1,0,10,3.874020,0.000682,10,3.873903,0.000595
4,5,7,1,0|0|2|1|1,0|1|2|0|0,0,10,3.854677,0.000597,10,3.854401,0.000854
4,5,7,1,0|0|2|1|0,0|1|2|1|0,0,10,3.822237,0.000468,10,3.822015,0.000661
4,5,7,1,0|0|2|2|0,0|1|2|0|0,0,10,3.800347,0.000438,10,3.800473,0.000563
4,5,7,1,0|0|2|0|0,0|1|3|0|1,0,10,3.810420,0.000541,10,3.810202,0.000744
4,5,7,1,0|0|2|0|1,0|1|3|0|0,0,10,3.784604,0.000376,10,3.784792,0.000722
4,5,7,1,0|0|2|0|0,0|1|3|1|0,0,10,3.765989,0.000482,10,3.766138,0.000470
4,5,7,1,0|0|2|1|0,0|1|3|0|0,0,10,3.739881,0.000457,10,3.740013,0.000456
4,5,7,1,0|0|2|0|0,0|1|4|0|0,0,10,3.584273,0.000501,10,3.584161,0.000594
4,5,7,1,0|0|3|0|0,0|1|0|0|3,0,10,3.902788,0.000922,10,3.902816,0.000915
4,5,7,1,0|0|3|0|1,0|1|0|0|2,0,10,3.904059,0.001315,10,3.903859,0.000893
4,5,7,1,0|0|3|0|2,0|1|0|0|1,0,10,3.897912,0.000705,10,3.898757,0.000621
4,5,7,1,0|0|3|0|3,0|1|0|0|0,0,10,3.884866,0.001388,10,3.884877,0.000678
4,5,7,1,0|0|3|0|0,0|1|0|1|2,0,10,3.922216,0.000955,10,3.922227,0.000622
4,5,7,1,0|0|3|0|1,0|1|0|1|1,0,10,3.921086,0.001148,10,3.921118,0.001109
4,5,7,1,0|0|3|0|2,0|1|0|1|0,0,10,3.910642,0.000962,10,3.910713,0.000789
4,5,7,1,0|0|3|0|0,0|1|0|2|1,0,10,3.911143,0.000701,10,3.911573,0.000587
4,5,7,1,0|0|3|0|1,0|1|0|2|0,0,10,3.902584,0.000801,10,3.902450,0.000808
4,5,7,1,0|0|3|0|0,0|1|0|3|0,0,10,3.854468,0.000681,10,3.854216,0.000531
4,5,7,1,0|0|3|1|0,0|1|0|0|2,0,10,3.913192,0.001056,10,3.913508,0.000958
4,5,7,1,0|0|3|1|1,0|1|0|0|1,0,10,3.909875,0.000942,10,3.910104,0.000550
4,5,7,1,0|0|3|1|2,0|1|0|0|0,0,10,3.895737,0.000493,10,3.895575,0.000976
4,5,7,1,0|0|3|1|0,0|1|0|1|1,0,10,3.908652,0.000623,10,3.908776,0.000967
4,5,7,1,0|0|3|1|1,0|1|0|1|0,0,10,3.898109,0.000759,10,3.898146,0.001145
4,5,7,1,0|0|3|1|0,0|1|0|2|0,0,10,3.854259,0.000673,10,3.854372,0.000659
4,5,7,1,0|0|3|2|0,0|1|0|0|1,0,10,3.896798,0.000525,10,3.896239,0.000585
4,5,7,1,0|0|3|2|1,0|1|0|0|0,0,10,3.881662,0.000419,10,3.881741,0.000628
4,5,7,1,0|0|3|2|0,0|1|0|1|0,0,10,3.846451,0.000634,10,3.846036,0.000529
4,5,7,1,0|0|3|3|0,0|1|0|0|0,0,10,3.829786,0.000367,10,3.829731,0.000614
4,5,7,1,0|0|3|0|0,0|1|1|0|2,0,10,3.876479,0.000781,10,3.877154,0.000584
4,5,7,1,0|0|3|0|1,0|1|1|0|1,0,10,3.874373,0.000865,10,3.874045,0.000827
4,5,7,1,0|0|3|0|2,0|1|1|0|0,0,10,3.852744,0.000677,10,3.853054,0.000717
4,5,7,1,0|0|3|0|0,0|1|1|1|1,0,10,3.887856,0.000479,10,3.888032,0.000982
4,5,7,1,0|0|3|0|1,0|1|1|1|0,0,10,3.874335,0.000578,10,3.874849,0.000902
4,5,7,1,0|0|3|0|0,0|1|1|2|0,0,10,3.825734,0.000663,10,3.825860,0.000672
4,5,7,1,0|0|3|1|0,0|1|1|0|1,0,10,3.873197,0.000643,10,3.872662,0.000675
4,5,7,1,0|0|3|1|1,0|1|1|0|0,0,10,3.853758,0.000644,10,3.853629,0.000743
4,5,7,1,0|0|3|1|0,0|1|1|1|0,0,10,3.821217,0.000441,10,3.821141,0.000577
4,5,7,1,0|0|3|2|0,0|1|1|0|0,0,10,3.798616,0.000352,10,3.798489,0.000337
4,5,7,1,0|0|3|0|0,0|1|2|0|1,0,10,3.810045,0.000405,10,3.810088,0.000570
4,5,7,1,0|0|3|0|1,0|1|2|0|0,0,10,3.784330,0.000464,10,3.784617,0.000819
4,5,7,1,0|0|3|0|0,0|1|2|1|0,0,10,3.765818,0.000562,10,3.765734,0.000404
4,5,7,1,0|0|3|1|0,0|1|2|0|0,0,10,3.739171,0.000475,10,3.739537,0.000430
4,5,7,1,0|0|3|0|0,0|1|3|0|0,0,10,3.585299,0.000430,10,3.585192,0.000634
4,5,7,1,0|0|4|0|0,0|1|0|0|2,0,10,3.875829,0.000857,10,3.876358,0.000508
4,5,7,1,0|0|4|0|1,0|1|0|0|1,0,10,3.873876,0.001000,10,3.873571,0.000737
4,5,7,1,0|0|4|0|2,0|1|0|0|0,0,10,3.852029,0.000780,10,3.851915,0.000783
4,5,7,1,0|0|4|0|0,0|1|0|1|1,0,10,3.887170,0.000556,10,3.887308,0.000615
4,5,7,1,0|0|4|0|1,0|1|0|1|0,0,10,3.874091,0.000801,10,3.874302,0.000628
4,5,7,1,0|0|4|0|0,0|1|0|2|0,0,10,3.824931,0.000537,10,3.824537,0.000564
4,5,7,1,0|0|4|1|0,0|1|0|0|1,0,10,3.873015,0.000417,10,3.872380,0.000427
4,5,7,1,0|0|4|1|1,0|1|0|0|0,0,10,3.852957,0.000728,10,3.853317,0.000958
4,5,7,1,0|0|4|1|0,0|1|0|1|0,0,10,3.820795,0.000468,10,3.821146,0.000346
4,5,7,1,0|0|4|2|0,0|1|0|0|0,0,10,3.797298,0.000596,10,3.797420,0.000486
4,5,7,1,0|0|4|0|0,0|1|1|0|1,0,10,3.810213,0.000622,10,3.810210,0.000789
4,5,7,1,0|0|4|0|1,0|1|1|0|0,0,10,3.784510,0.000260,10,3.784188,0.000611
4,5,7,1,0|0|4|0|0,0|1|1|1|0,0,10,3.765428,0.000696,10,3.765560,0.000557
4,5,7,1,0|0|4|1|0,0|1|1|0|0,0,10,3.739242,0.000375,10,3.739344,0.000427
4,5,7,1,0|0|4|0|0,0|1|2|0|0,0,10,3.585391,0.000531,10,3.585481,0.000525
4,5,7,1,0|0|5|0|0,0|1|0|0|1,0,10,3.809304,0.000591,10,3.809896,0.000547
4,5,7,1,0|0|5|0|1,0|1|0|0|0,0,10,3.783962,0.000535,10,3.784393,0.000478
4,5,7,1,0|0|5|0|0,0|1|0|1|0,0,10,3.765232,0.000490,10,3.765383,0.000621
4,5,7,1,0|0|5|1|0,0|1|0|0|0,0,10,3.738987,0.000442,10,3.738944,0.000673
4,5,7,1,0|0|5|0|0,0|1|1|0|0,0,10,3.585394,0.000556,10,3.585887,0.000249
4,5,7,1,0|0|6|0|0,0|1|0|0|0,0,10,3.585552,0.000326,10,3.585650,0.000427
4,5,7,1,0|0|0|0|0,0|2|0|0|5,0,10,3.883804,0.000981,10,3.884426,0.001311
4,5,7,1,0|0|0|0|1,0|2|0|0|4,0,10,3.886164,0.001158,10,3.885994,0.001217
4,5,7,1,0|0|0|0|2,0|2|0|0|3,0,10,3.884864,0.001355,10,3.884547,0.000879
4,5,7,1,0|0|0|0|3,0|2|0|0|2,0,10,3.882666,0.001314,10,3.883017,0.001064
4,5,7,1,0|0|0|0|4,0|2|0|0|1,0,10,3.879925,0.001246,10,3.879776,0.001135
4,5,7,1,0|0|0|0|5,0|2|0|0|0,0,10,3.874582,0.001125,10,3.873911,0.000846
4,5,7,1,0|0|0|0|0,0|2|0|1|4,0,10,3.925801,0.001058,10,3.925367,0.000875
4,5,7,1,0|0|0|0|1,0|2|0|1|3,0,10,3.926737,0.000994,10,3.926913,0.000650
4,5,7,1,0|0|0|0|2,0|2|0|1|2,0,10,3.926377,0.001470,10,3.926492,0.000869
4,5,7,1,0|0|0|0|3,0|2|0|1|1,0,10,3.923088,0.000689,10,3.923701,0.000749
4,5,7,1,0|0|0|0|4,0|2|0|1|0,0,10,3.919470,0.001290,10,3.918739,0.001016
4,5,7,1,0|0|0|0|0,0|2|0|2|3,0,10,3.927230,0.000965,10,3.926792,0.000756
4,5,7,1,0|0|0|0|1,0|2|0|2|2,0,10,3.928558,0.000942,10,3.928458,0.001306
4,5,7,1,0|0|0|0|2,0|2|0|2|1,0,10,3.925521,0.001108,10,3.925176,0.000958
4,5,7,1,0|0|0|0|3,0|2|0|2|0,0,10,3.918516,0.000973,10,3.917614,0.000545
4,5,7,1,0|0|0|0|0,0|2|0|3|2,0,10,3.917847,0.001201,10,3.918008,0.000654
4,5,7,1,0|0|0|0|1,0|2|0|3|1,0,10,3.917950,0.001092,10,3.917210,0.000952
4,5,7,1,0|0|0|0|2,0|2|0|3|0,0,10,3.906623,0.000916,10,3.906322,0.001031
4,5,7,1,0|0|0|0|0,0|2|0|4|1,0,10,3.888478,0.000461,10,3.889502,0.000704
4,5,7,1,0|0|0|0|1,0|2|0|4|0,0,10,3.876277,0.000626,10,3.876907,0.000626
4,5,7,1,0|0|0|0|0,0|2|0|5|0,0,10,3.775393,0.000502,10,3.775522,0.000687
4,5,7,1,0|0|0|1|0,0|2|0|0|4,0,10,3.921119,0.000814,10,3.921200,0.001419
4,5,7,1,0|0|0|1|1,0|2|0|0|3,0,10,3.921751,0.000557,10,3.921785,0.001505
4,5,7,1,0|0|0|1|2,0|2|0|0|2,0,10,3.920097,0.000942,10,3.919909,0.001170
4,5,7,1,0|0|0|1|3,0|2|0|0|1,0,10,3.916231,0.001095,10,3.916764,0.000819
4,5,7,1,0|0|0|1|4,0|2|0|0|0,0,10,3.909975,0.001143,10,3.910457,0.001210
4,5,7,1,0|0|0|1|0,0|2|0|1|3,0,10,3.927140,0.001088,10,3.927338,0.000954
4,5,7,1,0|0|0|1|1,0|2|0|1|2,0,10,3.927325,0.000785,10,3.927301,0.000899
4,5,7,1,0|0|0|1|2,0|2|0|1|1,0,10,3.924146,0.001649,10,3.924246,0.000559
4,5,7,1,0|0|0|1|3,0|2|0|1|0,0,10,3.917243,0.000712,10,3.917255,0.001109
4,5,7,1,0|0|0|1|0,0|2|0|2|2,0,10,3.917408,0.000640,10,3.918162,0.000614
4,5,7,1,0|0|0|1|1,0|2|0|2|1,0,10,3.916938,0.000799,10,3.917290,0.000973
4,5,7,1,0|0|0|1|2,0|2|0|2|0,0,10,3.906230,0.000784,10,3.906358,0.000837
4,5,7,1,0|0|0|1|0,0|2|0|3|1,0,10,3.889117,0.000678,10,3.889270,0.000598
4,5,7,1,0|0|0|1|1,0|2|0|3|0,0,10,3.876295,0.000596,10,3.876431,0.000716
4,5,7,1,0|0|0|1|0,0|2|0|4|0,0,10,3.777695,0.000423,10,3.777545,0.000508
4,5,7,1,0|0|0|2|0,0|2|0|0|3,0,10,3.921870,0.001203,10,3.921470,0.000718
4,5,7,1,0|0|0|2|1,0|2|0|0|2,0,10,3.921798,0.001123,10,3.921339,0.000659
4,5,7,1,0|0|0|2|2,0|2|0|0|1,0,10,3.917258,0.001123,10,3.916384,0.000901
4,5,7,1,0|0|0|2|3,0|2|0|0|0,0,10,3.906865,0.001085,10,3.907193,0.000990
4,5,7,1,0|0|0|2|0,0|2|0|1|2,0,10,3.914932,0.000950,10,3.915191,0.000782
4,5,7,1,0|0|0|2|1,0|2|0|1|1,0,10,3.914336,0.000751,10,3.914125,0.001066
4,5,7,1,0|0|0|2|2,0|2|0|1|0,0,10,3.901417,0.001124,10,3.901662,0.000900
4,5,7,1,0|0|0|2|0,0|2|0|2|1,0,10,3.886487,0.000624,10,3.886935,0.000521
4,5,7,1,0|0|0|2|1,0|2|0|2|0,0,10,3.872910,0.000561,10,3.873514,0.000777
4,5,7,1,0|0|0|2|0,0|2|0|3|0,0,10,3.776970,0.000430,10,3.776730,0.000403
4,5,7,1,0|0|0|3|0,0|2|0|0|2,0,10,3.910983,0.001149,10,3.911073,0.000624
4,5,7,1,0|0|0|3|1,0|2|0|0|1,0,10,3.910168,0.000723,10,3.910245,0.000900
4,5,7,1,0|0|0|3|2,0|2|0|0|0,0,10,3.894030,0.000855,10,3.894636,0.000602
4,5,7,1,0|0|0|3|0,0|2|0|1|1,0,10,3.884505,0.000909,10,3.884437,0.000494
4,5,7,1,0|0|0|3|1,0|2|0|1|0,0,10,3.869964,0.000567,10,3.870093,0.000798
4,5,7,1,0|0|0|3|0,0|2|0|2|0,0,10,3.775819,0.000557,10,3.775588,0.000451
4,5,7,1,0|0|0|4|0,0|2|0|0|1,0,10,3.881240,0.000623,10,3.880888,0.000469
4,5,7,1,0|0|0|4|1,0|2|0|0|0,0,10,3.865301,0.000575,10,3.865288,0.000340
4,5,7,1,0|0|0|4|0,0|2|0|1|0,0,10,3.773151,0.000494,10,3.773229,0.000230
4,5,7,1,0|0|0|5|0,0|2|0|0|0,0,10,3.769232,0.000556,10,3.769190,0.000263
4,5,7,1,0|0|0|0|0,0|2|1|0|4,0,10,3.911872,0.000593,10,3.912116,0.001371
4,5,7,1,0|0|0|0|1,0|2|1|0|3,0,10,3.913377,0.001153,10,3.913183,0.001211
4,5,7,1,0|0|0|0|2,0|2|1|0|2,0,10,3.911113,0.001353,10,3.911251,0.001128
4,5,7,1,0|0|0|0|3,0|2|1|0|1,0,10,3.908981,0.001442,10,3.908542,0.000855
4,5,7,1,0|0|0|0|4,0|2|1|0|0,0,10,3.902090,0.001110,10,3.902521,0.001117
4,5,7,1,0|0|0|0|0,0|2|1|1|3,0,10,3.934799,0.000901,10,3.935207,0.000929
4,5,7,1,0|0|0|0|1,0|2|1|1|2,0,10,3.935617,0.001008,10,3.935112,0.001386
4,5,7,1,0|0|0|0|2,0|2|1|1|1,0,10,3.933312,0.000683,10,3.933307,0.000846
4,5,7,1,0|0|0|0|3,0|2|1|1|0,0,10,3.928430,0.001062,10,3.927966,0.001234
4,5,7,1,0|0|0|0|0,0|2|1|2|2,0,10,3.934387,0.000748,10,3.933974,0.001061
4,5,7,1,0|0|0|0|1,0|2|1|2|1,0,10,3.934340,0.001131,10,3.933407,0.001075
4,5,7,1,0|0|0|0|2,0|2|1|2|0,0,10,3.927131,0.000758,10,3.926806,0.000974
4,5,7,1,0|0|0|0|0,0|2|1|3|1,0,10,3.921946,0.001246,10,3.921624,0.000777
4,5,7,1,0|0|0|0|1,0|2|1|3|0,0,10,3.914816,0.000516,10,3.914518,0.001269
4,5,7,1,0|0|0|0|0,0|2|1|4|0,0,10,3.863703,0.000552,10,3.863750,0.000703
4,5,7,1,0|0|0|1|0,0|2|1|0|3,0,10,3.929831,0.001215,10,3.929668,0.001165
4,5,7,1,0|0|0|1|1,0|2|1|0|2,0,10,3.929569,0.000907,10,3.929855,0.001191
4,5,7,1,0|0|0|1|2,0|2|1|0|1,0,10,3.926493,0.001147,10,3.926226,0.000969
4,5,7,1,0|0|0|1|3,0|2|1|0|0,0,10,3.918793,0.000811,10,3.919695,0.001419
4,5,7,1,0|0|0|1|0,0|2|1|1|2,0,10,3.933455,0.000906,10,3.933361,0.000970
4,5,7,1,0|0|0|1|1,0|2|1|1|1,0,10,3.932610,0.000970,10,3.932321,0.001270
4,5,7,1,0|0|0|1|2,0|2|1|1|0,0,10,3.925762,0.001299,10,3.925347,0.000803
4,5,7,1,0|0|0|1|0,0|2|1|2|1,0,10,3.921657,0.000669,10,3.921734,0.000557
4,5,7,1,0|0|0|1|1,0|2|1|2|0,0,10,3.913974,0.000571,10,3.914458,0.000856
4,5,7,1,0|0|0|1|0,0|2|1|3|0,0,10,3.865445,0.000589,10,3.865349,0.000541
4,5,7,1,0|0|0|2|0,0|2|1|0|2,0,10,3.927289,0.000847,10,3.926958,0.001268
4,5,7,1,0|0|0|2|1,0|2|1|0|1,0,10,3.925734,0.000802,10,3.925813,0.001251
4,5,7,1,0|0|0|2|2,0|2|1|0|0,0,10,3.914864,0.000931,10,3.915297,0.000671
4,5,7,1,0|0|0|2|0,0|2|1|1|1,0,10,3.917727,0.000850,10,3.918388,0.000845
4,5,7,1,0|0|0|2|1,0|2|1|1|0,0,10,3.909805,0.000907,10,3.910034,0.000718
4,5,7,1,0|0|0|2|0,0|2|1|2|0,0,10,3.862422,0.000654,10,3.862775,0.000469
4,5,7,1,0|0|0|3|0,0|2|1|0|1,0,10,3.911680,0.001209,10,3.911867,0.001132
4,5,7,1,0|0|0|3|1,0|2|1|0|0,0,10,3.901420,0.000915,10,3.901314,0.000834
4,5,7,1,0|0|0|3|0,0|2|1|1|0,0,10,3.857804,0.000491,10,3.857580,0.000413
4,5,7,1,0|0|0|4|0,0|2|1|0|0,0,10,3.849187,0.000772,10,3.848746,0.000674
4,5,7,1,0|0|0|0|0,0|2|2|0|3,0,10,3.904202,0.000996,10,3.904233,0.001295
4,5,7,1,0|0|0|0|1,0|2|2|0|2,0,10,3.905325,0.000604,10,3.905479,0.000914
4,5,7,1,0|0|0|0|2,0|2|2|0|1,0,10,3.900293,0.000685,10,3.900455,0.000903
4,5,7,1,0|0|0|0|3,0|2|2|0|0,0,10,3.889247,0.000667,10,3.889555,0.000830
4,5,7,1,0|0|0|0|0,0|2|2|1|2,0,10,3.924445,0.000976,10,3.924623,0.000802
4,5,7,1,0|0|0|0|1,0|2|2|1|1,0,10,3.924622,0.000697,10,3.924359,0.000907
4,5,7,1,0|0|0|0|2,0|2|2|1|0,0,10,3.915111,0.001077,10,3.914838,0.000555
4,5,7,1,0|0|0|0|0,0|2|2|2|1,0,10,3.914801,0.001175,10,3.915027,0.001040
4,5,7,1,0|0|0|0|1,0|2|2|2|0,0,10,3.906805,0.000548,10,3.906714,0.000528
4,5,7,1,0|0|0|0|0,0|2|2|3|0,0,10,3.857597,0.000659,10,3.857522,0.000402
4,5,7,1,0|0|0|1|0,0|2|2|0|2,0,10,3.917656,0.000903,10,3.917800,0.000941
4,5,7,1,0|0|0|1|1,0|2|2|0|1,0,10,3.915028,0.000971,10,3.915362,0.000686
4,5,7,1,0|0|0|1|2,0|2|2|0|0,0,10,3.902952,0.000696,10,3.902299,0.001029
4,5,7,1,0|0|0|1|0,0|2|2|1|1,0,10,3.913481,0.000555,10,3.913123,0.000909
4,5,7,1,0|0|0|1|1,0|2|2|1|0,0,10,3.903839,0.000593,10,3.903387,0.000897
4,5,7,1,0|0|0|1|0,0|2|2|2|0,0,10,3.858315,0.000546,10,3.858506,0.000419
4,5,7,1,0|0|0|2|0,0|2|2|0|1,0,10,3.903071,0.000715,10,3.902914,0.000636
4,5,7,1,0|0|0|2|1,0|2|2|0|0,0,10,3.890299,0.000895,10,3.890231,0.001003
4,5,7,1,0|0|0|2|0,0|2|2|1|0,0,10,3.851673,0.000551,10,3.851808,0.000788
4,5,7,1,0|0|0|3|0,0|2|2|0|0,0,10,3.838186,0.000418,10,3.838186,0.000410
4,5,7,1,0|0|0|0|0,0|2|3|0|2,0,10,3.878717,0.000996,10,3.878755,0.000911
4,5,7,1,0|0|0|0|1,0|2|3|0|1,0,10,3.877616,0.000825,10,3.877579,0.000461
4,5,7,1,0|0|0|0|2,0|2|3|0|0,0,10,3.857171,0.000477,10,3.857801,0.000416
4,5,7,1,0|0|0|0|0,0|2|3|1|1,0,10,3.891756,0.000464,10,3.891536,0.000668
4,5,7,1,0|0|0|0|1,0|2|3|1|0,0,10,3.880089,0.000551,10,3.879597,0.000421
4,5,7,1,0|0|0|0|0,0|2|3|2|0,0,10,3.829566,0.000466,10,3.829894,0.000521
4,5,7,1,0|0|0|1|0,0|2|3|0|1,0,10,3.879417,0.000848,10,3.879067,0.000830
4,5,7,1,0|0|0|1|1,0|2|3|0|0,0,10,3.861992,0.000492,10,3.862140,0.000782
4,5,7,1,0|0|0|1|0,0|2|3|1|0,0,10,3.827472,0.000381,10,3.827067,0.000252
4,5,7,1,0|0|0|2|0,0|2|3|0|0,0,10,3.806939,0.000380,10,3.806626,0.000414
4,5,7,1,0|0|0|0|0,0|2|4|0|1,0,10,3.812232,0.000880,10,3.812339,0.000619
4,5,7,1,0|0|0|0|1,0|2|4|0|0,0,10,3.788775,0.000751,10,3.787957,0.000725
4,5,7,1,0|0|0|0|0,0|2|4|1|0,0,10,3.769145,0.000354,10,3.769122,0.000302
4,5,7,1,0|0|0|1|0,0|2|4|0|0,0,10,3.746013,0.000468,10,3.745809,0.000448
4,5,7,1,0|0|0|0|0,0|2|5|0|0,0,10,3.579068,0.000419,10,3.579090,0.000586
4,5,7,1,0|0|1|0|0,0|2|0|0|4,0,10,3.908829,0.001246,10,3.908367,0.001201
4,5,7,1,0|0|1|0|1,0|2|0|0|3,0,10,3.909964,0.001292,10,3.909842,0.000963
4,5,7,1,0|0|1|0|2,0|2|0|0|2,0,10,3.907338,0.000956,10,3.907418,0.001439
4,5,7,1,0|0|1|0|3,0|2|0|0|1,0,10,3.904337,0.000743,10,3.903427,0.001358
4,5,7,1,0|0|1|0|4,0|2|0|0|0,0,10,3.896487,0.000911,10,3.896352,0.001217
4,5,7,1,0|0|1|0|0,0|2|0|1|3,0,10,3.931596,0.001115,10,3.931250,0.001722
4,5,7,1,0|0|1|0|1,0|2|0|1|2,0,10,3.932721,0.001031,10,3.932256,0.001446
4,5,7,1,0|0|1|0|2,0|2|0|1|1,0,10,3.929989,0.000872,10,3.929476,0.001108
4,5,7,1,0|0|1|0|3,0|2|0|1|0,0,10,3.923616,0.000883,10,3.923310,0.000807
4,5,7,1,0|0|1|0|0,0|2|0|2|2,0,10,3.930558,0.001422,10,3.930665,0.000669
4,5,7,1,0|0|1|0|1,0|2|0|2|1,0,10,3.930012,0.000776,10,3.930102,0.001258
4,5,7,1,0|0|1|0|2,0|2|0|2|0,0,10,3.921831,0.001256,10,3.922738,0.001157
4,5,7,1,0|0|1|0|0,0|2|0|3|1,0,10,3.915978,0.000713,10,3.916224,0.000721
4,5,7,1,0|0|1|0|1,0|2|0|3|0,0,10,3.908355,0.000899,10,3.908144,0.000629
4,5,7,1,0|0|1|0|0,0|2|0|4|0,0,10,3.854128,0.000586,10,3.854095,0.000447
4,5,7,1,0|0|1|1|0,0|2|0|0|3,0,10,3.924863,0.000874,10,3.924762,0.001224
4,5,7,1,0|0|1|1|1,0|2|0|0|2,0,10,3.924823,0.001007,10,3.925043,0.001442
4,5,7,1,0|0|1|1|2,0|2|0|0|1,0,10,3.920711,0.000802,10,3.920352,0.000929
4,5,7,1,0|0|1|1|3,0|2|0|0|0,0,10,3.911516,0.000716,10,3.911152,0.000814
4,5,7,1,0|0|1|1|0,0|2|0|1|2,0,10,3.928531,0.001226,10,3.928958,0.000614
4,5,7,1,0|0|1|1|1,0|2|0|1|1,0,10,3.927095,0.001071,10,3.927180,0.000863
4,5,7,1,0|0|1|1|2,0|2|0|1|0,0,10,3.918858,0.001038,10,3.918564,0.000887
4,5,7,1,0|0|1|1|0,0|2|0|2|1,0,10,3.914950,0.000972,10,3.915491,0.000919
4,5,7,1,0|0|1|1|1,0|2|0|2|0,0,10,3.906248,0.000874,10,3.906491,0.000697
4,5,7,1,0|0|1|1|0,0|2|0|3|0,0,10,3.854659,0.000725,10,3.854929,0.000605
4,5,7,1,0|0|1|2|0,0|2|0|0|2,0,10,3.921334,0.001098,10,3.921199,0.000894
4,5,7,1,0|0|1|2|1,0|2|0|0|1,0,10,3.919096,0.000572,10,3.918448,0.000836
4,5,7,1,0|0|1|2|2,0|2|0|0|0,0,10,3.906210,0.001120,10,3.906163,0.000926
4,5,7,1,0|0|1|2|0,0|2|0|1|1,0,10,3.910943,0.000579,10,3.910665,0.000839
4,5,7,1,0|0|1|2|1,0|2|0|1|0,0,10,3.900894,0.000521,10,3.900476,0.000852
4,5,7,1,0|0|1|2|0,0|2|0|2|0,0,10,3.851622,0.000522,10,3.851401,0.000704
4,5,7,1,0|0|1|3|0,0|2|0|0|1,0,10,3.903965,0.000800,10,3.904004,0.000780
4,5,7,1,0|0|1|3|1,0|2|0|0|0,0,10,3.891436,0.001181,10,3.890956,0.000813
4,5,7,1,0|0|1|3|0,0|2|0|1|0,0,10,3.846212,0.000688,10,3.846463,0.000521
4,5,7,1,0|0|1|4|0,0|2|0|0|0,0,10,3.836326,0.000505,10,3.836058,0.000686
4,5,7,1,0|0|1|0|0,0|2|1|0|3,0,10,3.903744,0.000666,10,3.903325,0.001050
4,5,7,1,0|0|1|0|1,0|2|1|0|2,0,10,3.904511,0.001096,10,3.903792,0.001009
4,5,7,1,0|0|1|0|2,0|2|1|0|1,0,10,3.899095,0.001465,10,3.899339,0.000972
4,5,7,1,0|0|1|0|3,0|2|1|0|0,0,10,3.887663,0.000779,10,3.887922,0.000922
4,5,7,1,0|0|1|0|0,0|2|1|1|2,0,10,3.923316,0.000625,10,3.922768,0.000738
4,5,7,1,0|0|1|0|1,0|2|1|1|1,0,10,3.922013,0.000778,10,3.922262,0.001038
4,5,7,1,0|0|1|0|2,0|2|1|1|0,0,10,3.912805,0.000815,10,3.912695,0.001001
4,5,7,1,0|0|1|0|0,0|2|1|2|1,0,10,3.912553,0.001067,10,3.912808,0.000978
4,5,7,1,0|0|1|0|1,0|2|1|2|0,0,10,3.904695,0.000632,10,3.904333,0.000709
4,5,7,1,0|0|1|0|0,0|2|1|3|0,0,10,3.856015,0.000530,10,3.855914,0.000547
4,5,7,1,0|0|1|1|0,0|2|1|0|2,0,10,3.914591,0.001002,10,3.914719,0.000652
4,5,7,1,0|0|1|1|1,0|2|1|0|1,0,10,3.911908,0.001136,10,3.910978,0.000904
4,5,7,1,0|0|1|1|2,0|2|1|0|0,0,10,3.898489,0.000805,10,3.898129,0.000679
4,5,7,1,0|0|1|1|0,0|2|1|1|1,0,10,3.910142,0.000689,10,3.910359,0.000860
4,5,7,1,0|0|1|1|1,0|2|1|1|0,0,10,3.900083,0.000858,10,3.899844,0.000675
4,5,7,1,0|0|1|1|0,0|2|1|2|0,0,10,3.855276,0.000389,10,3.855116,0.000674
4,5,7,1,0|0|1|2|0,0|2|1|0|1,0,10,3.899358,0.000766,10,3.899550,0.000768
4,5,7,1,0|0|1|2|1,0|2|1|0|0,0,10,3.885268,0.001038,10,3.885482,0.000483
4,5,7,1,0|0|1|2|0,0|2|1|1|0,0,10,3.848638,0.000537,10,3.848586,0.000410
4,5,7,1,0|0|1|3|0,0|2|1|0|0,0,10,3.834885,0.000400,10,3.834446,0.000496
4,5,7,1,0|0|1|0|0,0|2|2|0|2,0,10,3.878337,0.000523,10,3.877894,0.000595
4,5,7,1,0|0|1|0|1,0|2|2|0|1,0,10,3.875975,0.000442,10,3.876570,0.000773
4,5,7,1,0|0|1|0|2,0|2|2|0|0,0,10,3.856309,0.000653,10,3.856665,0.000537
4,5,7,1,0|0|1|0|0,0|2|2|1|1,0,10,3.889544,0.000654,10,3.889375,0.000544
4,5,7,1,0|0|1|0|1,0|2|2|1|0,0,10,3.877298,0.000750,10,3.877370,0.000642
4,5,7,1,0|0|1|0|0,0|2|2|2|0,0,10,3.828784,0.000576,10,3.828450,0.000552
4,5,7,1,0|0|1|1|0,0|2|2|0|1,0,10,3.876066,0.000820,10,3.875632,0.000472
4,5,7,1,0|0|1|1|1,0|2|2|0|0,0,10,3.857692,0.000447,10,3.857636,0.000597
4,5,7,1,0|0|1|1|0,0|2|2|1|0,0,10,3.824228,0.000649,10,3.824115,0.000371
4,5,7,1,0|0|1|2|0,0|2|2|0|0,0,10,3.804003,0.000383,10,3.804252,0.000354
4,5,7,1,0|0|1|0|0,0|2|3|0|1,0,10,3.811982,0.000566,10,3.812133,0.000420
4,5,7,1,0|0|1|0|1,0|2|3|0|0,0,10,3.787049,0.000411,10,3.786844,0.000458
4,5,7,1,0|0|1|0|0,0|2|3|1|0,0,10,3.767967,0.000488,10,3.768135,0.000657
4,5,7,1,0|0|1|1|0,0|2|3|0|0,0,10,3.742911,0.000454,10,3.742934,0.000457
4,5,7,1,0|0|1|0|0,0|2|4|0|0,0,10,3.584179,0.000364,10,3.584259,0.000455
4,5,7,1,0|0|2|0|0,0|2|0|0|3,0,10,3.901058,0.001029,10,3.901157,0.000912
4,5,7,1,0|0|2|0|1,0|2|0|0|2,0,10,3.901631,0.001218,10,3.901632,0.001119
4,5,7,1,0|0|2|0|2,0|2|0|0|1,0,10,3.896090,0.000637,10,3.895877,0.000984
4,5,7,1,0|0|2|0|3,0|2|0|0|0,0,10,3.882807,0.000851,10,3.882748,0.000469
4,5,7,1,0|0|2|0|0,0|2|0|1|2,0,10,3.920637,0.001067,10,3.920716,0.001022
4,5,7,1,0|0|2|0|1,0|2|0|1|1,0,10,3.919383,0.001277,10,3.919651,0.000498
4,5,7,1,0|0|2|0|2,0|2|0|1|0,0,10,3.909043,0.000729,10,3.909293,0.000769
4,5,7,1,0|0|2|0|0,0|2|0|2|1,0,10,3.910043,0.000849,10,3.909894,0.000620
4,5,7,1,0|0|2|0|1,0|2|0|2|0,0,10,3.900433,0.000735,10,3.900500,0.000892
4,5,7,1,0|0|2|0|0,0|2|0|3|0,0,10,3.850402,0.000680,10,3.850871,0.000587
4,5,7,1,0|0|2|1|0,0|2|0|0|2,0,10,3.911488,0.000922,10,3.911414,0.001053
4,5,7,1,0|0|2|1|1,0|2|0|0|1,0,10,3.907520,0.001033,10,3.907465,0.000771
4,5,7,1,0|0|2|1|2,0|2|0|0|0,0,10,3.892850,0.000731,10,3.893567,0.000800
4,5,7,1,0|0|2|1|0,0|2|0|1|1,0,10,3.906303,0.000905,10,3.906505,0.000764
4,5,7,1,0|0|2|1|1,0|2|0|1|0,0,10,3.895644,0.000436,10,3.895349,0.000667
4,5,7,1,0|0|2|1|0,0|2|0|2|0,0,10,3.850515,0.000628,10,3.850276,0.000509
4,5,7,1,0|0|2|2|0,0|2|0|0|1,0,10,3.894138,0.000949,10,3.894185,0.000764
4,5,7,1,0|0|2|2|1,0|2|0|0|0,0,10,3.878881,0.000509,10,3.878655,0.000612
4,5,7,1,0|0|2|2|0,0|2|0|1|0,0,10,3.841866,0.000770,10,3.841838,0.000582
4,5,7,1,0|0|2|3|0,0|2|0|0|0,0,10,3.825941,0.000287,10,3.825946,0.000659
4,5,7,1,0|0|2|0|0,0|2|1|0|2,0,10,3.877415,0.000503,10,3.877044,0.000647
4,5,7,1,0|0|2|0|1,0|2|1|0|1,0,10,3.874281,0.000730,10,3.874138,0.000499
4,5,7,1,0|0|2|0|2,0|2|1|0|0,0,10,3.853282,0.000529,10,3.853568,0.000768
4,5,7,1,0|0|2|0|0,0|2|1|1|1,0,10,3.887688,0.000716,10,3.887905,0.000381
4,5,7,1,0|0|2|0|1,0|2|1|1|0,0,10,3.874955,0.000663,10,3.874904,0.000999
4,5,7,1,0|0|2|0|0,0|2|1|2|0,0,10,3.826372,0.000751,10,3.826507,0.000711
4,5,7,1,0|0|2|1|0,0|2|1|0|1,0,10,3.873560,0.000519,10,3.873253,0.000930
4,5,7,1,0|0|2|1|1,0|2|1|0|0,0,10,3.854654,0.000722,10,3.854176,0.000422
4,5,7,1,0|0|2|1|0,0|2|1|1|0,0,10,3.821618,0.000573,10,3.821578,0.000377
4,5,7,1,0|0|2|2|0,0|2|1|0|0,0,10,3.800027,0.000676,10,3.799559,0.000393
4,5,7,1,0|0|2|0|0,0|2|2|0|1,0,10,3.811239,0.000744,10,3.811242,0.000442
4,5,7,1,0|0|2|0|1,0|2|2|0|0,0,10,3.785693,0.000491,10,3.785925,0.000524
4,5,7,1,0|0|2|0|0,0|2|2|1|0,0,10,3.766951,0.000561,10,3.767034,0.000391
4,5,7,1,0|0|2|1|0,0|2|2|0|0,0,10,3.740946,0.000281,10,3.741108,0.000362
4,5,7,1,0|0|2|0|0,0|2|3|0|0,0,10,3.586466,0.000424,10,3.586634,0.000452
4,5,7,1,0|0|3|0|0,0|2|0|0|2,0,10,3.875980,0.000809,10,3.875750,0.001041
4,5,7,1,0|0|3|0|1,0|2|0|0|1,0,10,3.873424,0.000678,10,3.873255,0.000602
4,5,7,1,0|0|3|0|2,0|2|0|0|0,0,10,3.850560,0.000788,10,3.851146,0.000851
4,5,7,1,0|0|3|0|0,0|2|0|1|1,0,10,3.886619,0.000506,10,3.886403,0.000829
4,5,7,1,0|0|3|0|1,0|2|0|1|0,0,10,3.873560,0.000568,10,3.873453,0.000603
4,5,7,1,0|0|3|0|0,0|2|0|2|0,0,10,3.824218,0.000280,10,3.824171,0.000655
4,5,7,1,0|0|3|1|0,0|2|0|0|1,0,10,3.871806,0.000719,10,3.871783,0.000383
4,5,7,1,0|0|3|1|1,0|2|0|0|0,0,10,3.852298,0.000779,10,3.852133,0.000730
4,5,7,1,0|0|3|1|0,0|2|0|1|0,0,10,3.819723,0.000649,10,3.819897,0.000345
4,5,7,1,0|0|3|2|0,0|2|0|0|0,0,10,3.796510,0.000511,10,3.796513,0.000511
4,5,7,1,0|0|3|0|0,0|2|1|0|1,0,10,3.811029,0.000341,10,3.811002,0.000459
4,5,7,1,0|0|3|0|1,0|2|1|0|0,0,10,3.785059,0.000483,10,3.785099,0.000571
4,5,7,1,0|0|3|0|0,0|2|1|1|0,0,10,3.766457,0.000382,10,3.766566,0.000637
4,5,7,1,0|0|3|1|0,0|2|1|0|0,0,10,3.740494,0.000448,10,3.740206,0.000502
4,5,7,1,0|0|3|0|0,0|2|2|0|0,0,10,3.587647,0.000527,10,3.587517,0.000421
4,5,7,1,0|0|4|0|0,0|2|0|0|1,0,10,3.810454,0.000549,10,3.809837,0.000347
4,5,7,1,0|0|4|0|1,0|2|0|0|0,0,10,3.784389,0.000590,10,3.784141,0.000532
4,5,7,1,0|0|4|0|0,0|2|0|1|0,0,10,3.765737,0.000348,10,3.765725,0.000339
4,5,7,1,0|0|4|1|0,0|2|0|0|0,0,10,3.739723,0.000478,10,3.739324,0.000512
4,5,7,1,0|0|4|0|0,0|2|1|0|0,0,10,3.587700,0.000579,10,3.587617,0.000259
4,5,7,1,0|0|5|0|0,0|2|0|0|0,0,10,3.587425,0.000340,10,3.587470,0.000558
4,5,7,1,0|0|0|0|0,0|3|0|0|4,0,10,3.872094,0.000914,10,3.871730,0.000602
4,5,7,1,0|0|0|0|1,0|3|0|0|3,0,10,3.874480,0.001069,10,3.874561,0.000751
4,5,7,1,0|0|0|0|2,0|3|0|0|2,0,10,3.871683,0.001040,10,3.871307,0.000818
4,5,7,1,0|0|0|0|3,0|3|0|0|1,0,10,3.866562,0.000772,10,3.866529,0.001028
4,5,7,1,0|0|0|0|4,0|3|0|0|0,0,10,3.856108,0.000989,10,3.855552,0.000726
4,5,7,1,0|0|0|0|0,0|3|0|1|3,0,10,3.915830,0.000946,10,3.915868,0.001554
4,5,7,1,0|0|0|0|1,0|3|0|1|2,0,10,3.917056,0.001537,10,3.916958,0.000497
4,5,7,1,0|0|0|0|2,0|3|0|1|1,0,10,3.912687,0.001072,10,3.913145,0.001093
4,5,7,1,0|0|0|0|3,0|3|0|1|0,0,10,3.904112,0.000965,10,3.904103,0.001061
4,5,7,1,0|0|0|0|0,0|3|0|2|2,0,10,3.910655,0.000448,10,3.910626,0.001231
4,5,7,1,0|0|0|0|1,0|3|0|2|1,0,10,3.910558,0.001133,10,3.910331,0.000979
4,5,7,1,0|0|0|0|2,0|3|0|2|0,0,10,3.897549,0.000649,10,3.897599,0.000564
4,5,7,1,0|0|0|0|0,0|3|0|3|1,0,10,3.882679,0.000831,10,3.882662,0.000654
4,5,7,1,0|0|0|0|1,0|3|0|3|0,0,10,3.868813,0.000460,10,3.869134,0.000817
4,5,7,1,0|0|0|0|0,0|3|0|4|0,0,10,3.766513,0.000446,10,3.766662,0.000398
4,5,7,1,0|0|0|1|0,0|3|0|0|3,0,10,3.908749,0.000836,10,3.909129,0.000825
4,5,7,1,0|0|0|1|1,0|3|0|0|2,0,10,3.908817,0.000923,10,3.908832,0.001404
4,5,7,1,0|0|0|1|2,0|3|0|0|1,0,10,3.903347,0.001036,10,3.903294,0.001030
4,5,7,1,0|0|0|1|3,0|3|0|0|0,0,10,3.891826,0.001251,10,3.891551,0.001077
4,5,7,1,0|0|0|1|0,0|3|0|1|2,0,10,3.909165,0.000910,10,3.910090,0.001150
4,5,7,1,0|0|0|1|1,0|3|0|1|1,0,10,3.908109,0.001031,10,3.907218,0.000746
4,5,7,1,0|0|0|1|2,0|3|0|1|0,0,10,3.894666,0.001249,10,3.895498,0.001060
4,5,7,1,0|0|0|1|0,0|3|0|2|1,0,10,3.882247,0.000573,10,3.882555,0.000509
4,5,7,1,0|0|0|1|1,0|3|0|2|0,0,10,3.867541,0.000635,10,3.867645,0.000582
4,5,7,1,0|0|0|1|0,0|3|0|3|0,0,10,3.768832,0.000510,10,3.768879,0.000332
4,5,7,1,0|0|0|2|0,0|3|0|0|2,0,10,3.902236,0.000863,10,3.902270,0.000848
4,5,7,1,0|0|0|2|1,0|3|0|0|1,0,10,3.899218,0.000829,10,3.899163,0.000441
4,5,7,1,0|0|0|2|2,0|3|0|0|0,0,10,3.881918,0.000625,10,3.881538,0.001045
4,5,7,1,0|0|0|2|0,0|3|0|1|1,0,10,3.878377,0.000668,10,3.877798,0.000905
4,5,7,1,0|0|0|2|1,0|3|0|1|0,0,10,3.862818,0.000552,10,3.862212,0.000469
4,5,7,1,0|0|0|2|0,0|3|0|2|0,0,10,3.766968,0.000376,10,3.767237,0.000599
4,5,7,1,0|0|0|3|0,0|3|0|0|1,0,10,3.871719,0.000464,10,3.871423,0.000764
4,5,7,1,0|0|0|3|1,0|3|0|0|0,0,10,3.853958,0.000348,10,3.853992,0.000618
4,5,7,1,0|0|0|3|0,0|3|0|1|0,0,10,3.763704,0.000684,10,3.763483,0.000474
4,5,7,1,0|0|0|4|0,0|3|0|0|0,0,10,3.756699,0.000331,10,3.757021,0.000423
4,5,7,1,0|0|0|0|0,0|3|1|0|3,0,10,3.898143,0.000697,10,3.898053,0.001375
4,5,7,1,0|0|0|0|1,0|3|1|0|2,0,10,3.899036,0.001133,10,3.899231,0.000929
4,5,7,1,0|0|0|0|2,0|3|1|0|1,0,10,3.894014,0.000687,10,3.894029,0.000771
4,5,7,1,0|0|0|0|3,0|3|1|0|0,0,10,3.881783,0.000525,10,3.881801,0.000860
4,5,7,1,0|0|0|0|0,0|3|1|1|2,0,10,3.920386,0.000902,10,3.919614,0.001005
4,5,7,1,0|0|0|0|1,0|3|1|1|1,0,10,3.919925,0.001010,10,3.919209,0.001338
4,5,7,1,0|0|0|0|2,0|3|1|1|0,0,10,3.909441,0.000770,10,3.909607,0.000782
4,5,7,1,0|0|0|0|0,0|3|1|2|1,0,10,3.909167,0.001055,10,3.908920,0.000736
4,5,7,1,0|0|0|0|1,0|3|1|2|0,0,10,3.899905,0.000684,10,3.900349,0.000416
4,5,7,1,0|0|0|0|0,0|3|1|3|0,0,10,3.844953,0.000580,10,3.845069,0.000521
4,5,7,1,0|0|0|1|0,0|3|1|0|2,0,10,3.912640,0.000469,10,3.912160,0.000977
4,5,7,1,0|0|0|1|1,0|3|1|0|1,0,10,3.909589,0.001073,10,3.909151,0.000715
4,5,7,1,0|0|0|1|2,0|3|1|0|0,0,10,3.896245,0.000612,10,3.896183,0.001065
4,5,7,1,0|0|0|1|0,0|3|1|1|1,0,10,3.906646,0.000910,10,3.906800,0.000418
4,5,7,1,0|0|0|1|1,0|3|1|1|0,0,10,3.896692,0.000776,10,3.896718,0.000553
4,5,7,1,0|0|0|1|0,0|3|1|2|0,0,10,3.845779,0.000809,10,3.845930,0.000654
4,5,7,1,0|0|0|2|0,0|3|1|0|1,0,10,3.896913,0.000817,10,3.896999,0.000642
4,5,7,1,0|0|0|2|1,0|3|1|0|0,0,10,3.883034,0.000615,10,3.882475,0.000853
4,5,7,1,0|0|0|2|0,0|3|1|1|0,0,10,3.839657,0.000689,10,3.839515,0.000822
4,5,7,1,0|0|0|3|0,0|3|1|0|0,0,10,3.826454,0.000386,10,3.826363,0.000656
4,5,7,1,0|0|0|0|0,0|3|2|0|2,0,10,3.876788,0.000944,10,3.876617,0.000471
4,5,7,1,0|0|0|0|1,0|3|2|0|1,0,10,3.875208,0.000584,10,3.875394,0.000823
4,5,7,1,0|0|0|0|2,0|3|2|0|0,0,10,3.855186,0.001042,10,3.854808,0.000809
4,5,7,1,0|0|0|0|0,0|3|2|1|1,0,10,3.889298,0.000680,10,3.889130,0.000798
4,5,7,1,0|0|0|0|1,0|3|2|1|0,0,10,3.877352,0.000806,10,3.877338,0.000295
4,5,7,1,0|0|0|0|0,0|3|2|2|0,0,10,3.826398,0.000479,10,3.825889,0.000559
4,5,7,1,0|0|0|1|0,0|3|2|0|1,0,10,3.877008,0.000600,10,3.876792,0.000559
4,5,7,1,0|0|0|1|1,0|3|2|0|0,0,10,3.859220,0.000738,10,3.859130,0.000560
4,5,7,1,0|0|0|1|0,0|3|2|1|0,0,10,3.823290,0.000581,10,3.823775,0.000383
4,5,7,1,0|0|0|2|0,0|3|2|0|0,0,10,3.803308,0.000482,10,3.803354,0.000486
4,5,7,1,0|0|0|0|0,0|3|3|0|1,0,10,3.811555,0.000655,10,3.811238,0.000698
4,5,7,1,0|0|0|0|1,0|3|3|0|0,0,10,3.787234,0.000461,10,3.787598,0.000678
4,5,7,1,0|0|0|0|0,0|3|3|1|0,0,10,3.767689,0.000434,10,3.767944,0.000255
4,5,7,1,0|0|0|1|0,0|3|3|0|0,0,10,3.744545,0.000493,10,3.744469,0.000574
4,5,7,1,0|0|0|0|0,0|3|4|0|0,0,10,3.578661,0.000533,10,3.578485,0.000434
4,5,7,1,0|0|1|0|0,0|3|0|0|3,0,10,3.893589,0.001070,10,3.892553,0.000730
4,5,7,1,0|0|1|0|1,0|3|0|0|2,0,10,3.893671,0.001508,10,3.893771,0.001189
4,5,7,1,0|0|1|0|2,0|3|0|0|1,0,10,3.887499,0.001188,10,3.887776,0.000884
4,5,7,1,0|0|1|0|3,0|3|0|0|0,0,10,3.873761,0.001101,10,3.874074,0.000847
4,5,7,1,0|0|1|0|0,0|3|0|1|2,0,10,3.915761,0.001030,10,3.915779,0.000730
4,5,7,1,0|0|1|0|1,0|3|0|1|1,0,10,3.913803,0.001123,10,3.913653,0.000881
4,5,7,1,0|0|1|0|2,0|3|0|1|0,0,10,3.903188,0.000761,10,3.902448,0.000657
4,5,7,1,0|0|1|0|0,0|3|0|2|1,0,10,3.902763,0.000701,10,3.903233,0.000667
4,5,7,1,0|0|1|0|1,0|3|0|2|0,0,10,3.892316,0.000452,10,3.892250,0.000575
4,5,7,1,0|0|1|0|0,0|3|0|3|0,0,10,3.835338,0.000381,10,3.834799,0.000504
4,5,7,1,0|0|1|1|0,0|3|0|0|2,0,10,3.905754,0.000635,10,3.905550,0.001007
4,5,7,1,0|0|1|1|1,0|3|0|0|1,0,10,3.901258,0.001198,10,3.900763,0.000992
4,5,7,1,0|0|1|1|2,0|3|0|0|0,0,10,3.885876,0.000988,10,3.885496,0.000671
4,5,7,1,0|0|1|1|0,0|3|0|1|1,0,10,3.898671,0.000694,10,3.898963,0.000916
4,5,7,1,0|0|1|1|1,0|3|0|1|0,0,10,3.887058,0.000511,10,3.887203,0.000583
4,5,7,1,0|0|1|1|0,0|3|0|2|0,0,10,3.834229,0.000685,10,3.834355,0.000474
4,5,7,1,0|0|1|2|0,0|3|0|0|1,0,10,3.886500,0.000898,10,3.887096,0.000593
4,5,7,1,0|0|1|2|1,0|3|0|0|0,0,10,3.870779,0.000858,10,3.870793,0.000839
4,5,7,1,0|0|1|2|0,0|3|0|1|0,0,10,3.827037,0.000497,10,3.826793,0.000497
4,5,7,1,0|0|1|3|0,0|3|0|0|0,0,10,3.811966,0.000584,10,3.812345,0.000659
4,5,7,1,0|0|1|0|0,0|3|1|0|2,0,10,3.875810,0.001199,10,3.876066,0.001180
4,5,7,1,0|0|1|0|1,0|3|1|0|1,0,10,3.872746,0.000709,10,3.872562,0.000964
4,5,7,1,0|0|1|0|2,0|3|1|0|0,0,10,3.852606,0.000606,10,3.852670,0.000721
4,5,7,1,0|0|1|0|0,0|3|1|1|1,0,10,3.886870,0.000909,10,3.886639,0.000638
4,5,7,1,0|0|1|0|1,0|3|1|1|0,0,10,3.873669,0.000814,10,3.873856,0.000592
4,5,7,1,0|0|1|0|0,0|3|1|2|0,0,10,3.824018,0.000341,10,3.824366,0.000559
4,5,7,1,0|0|1|1|0,0|3|1|0|1,0,10,3.872638,0.000578,10,3.872471,0.000664
4,5,7,1,0|0|1|1|1,0|3|1|0|0,0,10,3.853293,0.000860,10,3.853642,0.000499
4,5,7,1,0|0|1|1|0,0|3|1|1|0,0,10,3.819157,0.000462,10,3.819251,0.000818
4,5,7,1,0|0|1|2|0,0|3|1|0|0,0,10,3.799003,0.000527,10,3.799047,0.000370
4,5,7,1,0|0|1|0|0,0|3|2|0|1,0,10,3.810710,0.000623,10,3.810680,0.000603
4,5,7,1,0|0|1|0|1,0|3|2|0|0,0,10,3.785886,0.000516,10,3.785814,0.000674
4,5,7,1,0|0|1|0|0,0|3|2|1|0,0,10,3.766660,0.000572,10,3.766959,0.000527
4,5,7,1,0|0|1|1|0,0|3|2|0|0,0,10,3.741431,0.000503,10,3.741157,0.000643
4,5,7,1,0|0|1|0|0,0|3|3|0|0,0,10,3.583844,0.000600,10,3.583990,0.000300
4,5,7,1,0|0|2|0|0,0|3|0|0|2,0,10,3.872341,0.000878,10,3.872016,0.000683
4,5,7,1,0|0|2|0|1,0|3|0|0|1,0,10,3.869162,0.000753,10,3.869306,0.000872
4,5,7,1,0|0|2|0|2,0|3|0|0|0,0,10,3.846597,0.000811,10,3.847023,0.000960
4,5,7,1,0|0|2|0|0,0|3|0|1|1,0,10,3.883532,0.000447,10,3.883440,0.000765
4,5,7,1,0|0|2|0|1,0|3|0|1|0,0,10,3.869414,0.000801,10,3.869667,0.001039
4,5,7,1,0|0|2|0|0,0|3|0|2|0,0,10,3.818943,0.000628,10,3.818723,0.000705
4,5,7,1,0|0|2|1|0,0|3|0|0|1,0,10,3.867806,0.000530,10,3.867801,0.000704
4,5,7,1,0|0|2|1|1,0|3|0|0|0,0,10,3.847341,0.000784,10,3.846993,0.000697
4,5,7,1,0|0|2|1|0,0|3|0|1|0,0,10,3.813496,0.000508,10,3.813560,0.000619
4,5,7,1,0|0|2|2|0,0|3|0|0|0,0,10,3.790524,0.000520,10,3.790388,0.000481
4,5,7,1,0|0|2|0|0,0|3|1|0|1,0,10,3.809528,0.000782,10,3.809880,0.000411
4,5,7,1,0|0|2|0|1,0|3|1|0|0,0,10,3.783580,0.000596,10,3.784053,0.000208
4,5,7,1,0|0|2|0|0,0|3|1|1|0,0,10,3.765197,0.000425,10,3.764738,0.000391
4,5,7,1,0|0|2|1|0,0|3|1|0|0,0,10,3.738649,0.000575,10,3.738796,0.000419
4,5,7,1,0|0|2|0|0,0|3|2|0|0,0,10,3.585586,0.000289,10,3.586041,0.000545
4,5,7,1,0|0|3|0|0,0|3|0|0|1,0,10,3.808005,0.000401,10,3.808184,0.000390
4,5,7,1,0|0|3|0|1,0|3|0|0|0,0,10,3.781823,0.000521,10,3.781770,0.000389
4,5,7,1,0|0|3|0|0,0|3|0|1|0,0,10,3.763249,0.000307,10,3.763269,0.000473
4,5,7,1,0|0|3|1|0,0|3|0|0|0,0,10,3.736248,0.000335,10,3.736312,0.000522
4,5,7,1,0|0|3|0|0,0|3|1|0|0,0,10,3.586328,0.000407,10,3.586547,0.000653
4,5,7,1,0|0|4|0|0,0|3|0|0|0,0,10,3.585888,0.000287,10,3.586030,0.000322
4,5,7,1,0|0|0|0|0,0|4|0|0|3,0,10,3.849503,0.000884,10,3.849278,0.000555
4,5,7,1,0|0|0|0|1,0|4|0|0|2,0,10,3.852588,0.001145,10,3.852669,0.000833
4,5,7,1,0|0|0|0|2,0|4|0|0|1,0,10,3.845132,0.001017,10,3.844754,0.000796
4,5,7,1,0|0|0|0|3,0|4|0|0|0,0,10,3.826655,0.000953,10,3.826715,0.000267
4,5,7,1,0|0|0|0|0,0|4|0|1|2,0,10,3.893084,0.000925,10,3.892511,0.000602
4,5,7,1,0|0|0|0|1,0|4|0|1|1,0,10,3.891626,0.000987,10,3.891906,0.000536
4,5,7,1,0|0|0|0|2,0|4|0|1|0,0,10,3.875942,0.000743,10,3.875974,0.000705
4,5,7,1,0|0|0|0|0,0|4|0|2|1,0,10,3.868693,0.000860,10,3.868830,0.000772
4,5,7,1,0|0|0|0|1,0|4|0|2|0,0,10,3.853387,0.000615,10,3.853627,0.000587
4,5,7,1,0|0|0|0|0,0|4|0|3|0,0,10,3.750603,0.000455,10,3.750690,0.000366
4,5,7,1,0|0|0|1|0,0|4|0|0|2,0,10,3.882859,0.000750,10,3.882676,0.000854
4,5,7,1,0|0|0|1|1,0|4|0|0|1,0,10,3.878223,0.000890,10,3.877863,0.001207
4,5,7,1,0|0|0|1|2,0|4|0|0|0,0,10,3.858424,0.000752,10,3.858217,0.001099
4,5,7,1,0|0|0|1|0,0|4|0|1|1,0,10,3.866259,0.000685,10,3.866105,0.000838
4,5,7,1,0|0|0|1|1,0|4|0|1|0,0,10,3.849160,0.000576,10,3.848375,0.000692
4,5,7,1,0|0|0|1|0,0|4|0|2|0,0,10,3.752010,0.000587,10,3.752071,0.000755
4,5,7,1,0|0|0|2|0,0|4|0|0|1,0,10,3.854560,0.000698,10,3.854807,0.001084
4,5,7,1,0|0|0|2|1,0|4|0|0|0,0,10,3.833208,0.000773,10,3.833511,0.000365
4,5,7,1,0|0|0|2|0,0|4|0|1|0,0,10,3.747131,0.000327,10,3.747334,0.000557
4,5,7,1,0|0|0|3|0,0|4|0|0|0,0,10,3.735620,0.000613,10,3.735722,0.000451
4,5,7,1,0|0|0|0|0,0|4|1|0|2,0,10,3.867572,0.000722,10,3.867249,0.000740
4,5,7,1,0|0|0|0|1,0|4|1|0|1,0,10,3.865766,0.000680,10,3.865669,0.000735
4,5,7,1,0|0|0|0|2,0|4|1|0|0,0,10,3.844928,0.000984,10,3.844480,0.000859
4,5,7,1,0|0|0|0|0,0|4|1|1|1,0,10,3.881198,0.000998,10,3.881503,0.000747
4,5,7,1,0|0|0|0|1,0|4|1|1|0,0,10,3.867644,0.000887,10,3.868395,0.000433
4,5,7,1,0|0|0|0|0,0|4|1|2|0,0,10,3.812500,0.000498,10,3.812462,0.000712
4,5,7,1,0|0|0|1|0,0|4|1|0|1,0,10,3.867812,0.000622,10,3.868005,0.000803
4,5,7,1,0|0|0|1|1,0|4|1|0|0,0,10,3.848595,0.000647,10,3.848822,0.001037
4,5,7,1,0|0|0|1|0,0|4|1|1|0,0,10,3.808966,0.000503,10,3.809239,0.000392
4,5,7,1,0|0|0|2|0,0|4|1|0|0,0,10,3.789528,0.000516,10,3.789408,0.000566
4,5,7,1,0|0|0|0|0,0|4|2|0|1,0,10,3.807025,0.000597,10,3.807078,0.000757
4,5,7,1,0|0|0|0|1,0|4|2|0|0,0,10,3.783245,0.000409,10,3.783200,0.000535
4,5,7,1,0|0|0|0|0,0|4|2|1|0,0,10,3.762925,0.000389,10,3.762943,0.000514
4,5,7,1,0|0|0|1|0,0|4|2|0|0,0,10,3.739715,0.000393,10,3.739487,0.000542
4,5,7,1,0|0|0|0|0,0|4|3|0|0,0,10,3.576568,0.000429,10,3.576497,0.000668
4,5,7,1,0|0|1|0|0,0|4|0|0|2,0,10,3.861231,0.000568,10,3.861219,0.000590
4,5,7,1,0|0|1|0|1,0|4|0|0|1,0,10,3.856942,0.000596,10,3.857353,0.000906
4,5,7,1,0|0|1|0|2,0|4|0|0|0,0,10,3.834044,0.000774,10,3.833759,0.000772
4,5,7,1,0|0|1|0|0,0|4|0|1|1,0,10,3.873552,0.000523,10,3.873756,0.000723
4,5,7,1,0|0|1|0|1,0|4|0|1|0,0,10,3.858297,0.000589,10,3.857893,0.000590
4,5,7,1,0|0|1|0|0,0|4|0|2|0,0,10,3.801625,0.000703,10,3.801546,0.000590
4,5,7,1,0|0|1|1|0,0|4|0|0|1,0,10,3.856533,0.000822,10,3.856513,0.000389
4,5,7,1,0|0|1|1|1,0|4|0|0|0,0,10,3.834094,0.000691,10,3.834297,0.000734
4,5,7,1,0|0|1|1|0,0|4|0|1|0,0,10,3.795341,0.000650,10,3.795720,0.000595
4,5,7,1,0|0|1|2|0,0|4|0|0|0,0,10,3.773682,0.000413,10,3.773849,0.000552
4,5,7,1,0|0|1|0|0,0|4|1|0|1,0,10,3.805881,0.000869,10,3.805489,0.000570
4,5,7,1,0|0|1|0|1,0|4|1|0|0,0,10,3.779893,0.000631,10,3.780145,0.000636
4,5,7,1,0|0|1|0|0,0|4|1|1|0,0,10,3.760641,0.000582,10,3.760735,0.000437
4,5,7,1,0|0|1|1|0,0|4|1|0|0,0,10,3.734860,0.000548,10,3.734788,0.000488
4,5,7,1,0|0|1|0|0,0|4|2|0|0,0,10,3.581588,0.000491,10,3.581811,0.000852
4,5,7,1,0|0|2|0|0,0|4|0|0|1,0,10,3.801644,0.000430,10,3.801563,0.000606
4,5,7,1,0|0|2|0|1,0|4|0|0|0,0,10,3.774275,0.000878,10,3.773960,0.000551
4,5,7,1,0|0|2|0|0,0|4|0|1|0,0,10,3.755808,0.000541,10,3.755483,0.000364
4,5,7,1,0|0|2|1|0,0|4|0|0|0,0,10,3.728039,0.000775,10,3.727941,0.000435
4,5,7,1,0|0|2|0|0,0|4|1|0|0,0,10,3.582717,0.000592,10,3.582703,0.000399
4,5,7,1,0|0|3|0|0,0|4|0|0|0,0,10,3.581337,0.000381,10,3.581255,0.000611
4,5,7,1,0|0|0|0|0,0|5|0|0|2,0,10,3.805946,0.000971,10,3.805932,0.000761
4,5,7,1,0|0|0|0|1,0|5|0|0|1,0,10,3.804379,0.000757,10,3.804561,0.000673
4,5,7,1,0|0|0|0|2,0|5|0|0|0,0,10,3.775877,0.000564,10,3.776379,0.000682
4,5,7,1,0|0|0|0|0,0|5|0|1|1,0,10,3.835766,0.000818,10,3.835856,0.000564
4,5,7,1,0|0|0|0|1,0|5|0|1|0,0,10,3.815660,0.000508,10,3.815598,0.000686
4,5,7,1,0|0|0|0|0,0|5|0|2|0,0,10,3.718812,0.000319,10,3.719128,0.000451
4,5,7,1,0|0|0|1|0,0|5|0|0|1,0,10,3.818759,0.000485,10,3.818925,0.000564
4,5,7,1,0|0|0|1|1,0|5|0|0|0,0,10,3.792179,0.000615,10,3.791461,0.000398
4,5,7,1,0|0|0|1|0,0|5|0|1|0,0,10,3.716461,0.000420,10,3.716401,0.000324
4,5,7,1,0|0|0|2|0,0|5|0|0|0,0,10,3.698000,0.000651,10,3.698045,0.000751
4,5,7,1,0|0|0|0|0,0|5|1|0|1,0,10,3.791942,0.000515,10,3.792217,0.000450
4,5,7,1,0|0|0|0|1,0|5|1|0|0,0,10,3.766586,0.000586,10,3.766449,0.000772
4,5,7,1,0|0|0|0|0,0|5|1|1|0,0,10,3.744874,0.000414,10,3.744881,0.000286
4,5,7,1,0|0|0|1|0,0|5|1|0|0,0,10,3.720951,0.000671,10,3.720644,0.000537
4,5,7,1,0|0|0|0|0,0|5|2|0|0,0,10,3.568521,0.000425,10,3.569081,0.000639
4,5,7,1,0|0|1|0|0,0|5|0|0|1,0,10,3.782520,0.000580,10,3.782990,0.000586
4,5,7,1,0|0|1|0|1,0|5|0|0|0,0,10,3.753575,0.000483,10,3.753458,0.000620
4,5,7,1,0|0|1|0|0,0|5|0|1|0,0,10,3.733197,0.000367,10,3.733171,0.000617
4,5,7,1,0|0|1|1|0,0|5|0|0|0,0,10,3.704543,0.000632,10,3.704323,0.000723
4,5,7,1,0|0|1|0|0,0|5|1|0|0,0,10,3.571954,0.000621,10,3.572313,0.000581
4,5,7,1,0|0|2|0|0,0|5|0|0|0,0,10,3.568780,0.000528,10,3.568934,0.000471
4,5,7,1,0|0|0|0|0,0|6|0|0|1,0,10,3.706795,0.000491,10,3.706637,0.000453
4,5,7,1,0|0|0|0|1,0|6|0|0|0,0,10,3.673535,0.000466,10,3.674158,0.000459
4,5,7,1,0|0|0|0|0,0|6|0|1|0,0,10,3.645707,0.000438,10,3.645246,0.000498
4,5,7,1,0|0|0|1|0,0|6|0|0|0,0,10,3.619260,0.000416,10,3.619544,0.000701
4,5,7,1,0|0|0|0|0,0|6|1|0|0,0,10,3.539594,0.000637,10,3.539633,0.000469
4,5,7,1,0|0|1|0|0,0|6|0|0|0,0,10,3.531008,0.000489,10,3.531169,0.000551
4,5,7,1,0|0|0|0|0,0|7|0|0|0,0,10,3.381820,0.000815,10,3.381772,0.000529
4,5,7,1,0|1|0|0|0,0|0|0|0|6,0,10,3.893093,0.001339,10,3.892640,0.001192
4,5,7,1,0|1|0|0|1,0|0|0|0|5,0,10,3.894117,0.001246,10,3.893677,0.000962
4,5,7,1,0|1|0|0|2,0|0|0|0|4,0,10,3.893510,0.001240,10,3.894222,0.001306
4,5,7,1,0|1|0|0|3,0|0|0|0|3,0,10,3.892713,0.001332,10,3.892623,0.001433
4,5,7,1,0|1|0|0|4,0|0|0|0|2,0,10,3.891607,0.001189,10,3.891773,0.001042
4,5,7,1,0|1|0|0|5,0|0|0|0|1,0,10,3.889867,0.001360,10,3.889778,0.000683
4,5,7,1,0|1|0|0|6,0|0|0|0|0,0,10,3.887031,0.001258,10,3.886686,0.001109
4,5,7,1,0|1|0|0|0,0|0|0|1|5,0,10,3.931254,0.000701,10,3.930991,0.001526
4,5,7,1,0|1|0|0|1,0|0|0|1|4,0,10,3.932403,0.001136,10,3.932131,0.001042
4,5,7,1,0|1|0|0|2,0|0|0|1|3,0,10,3.931878,0.001196,10,3.931674,0.001709
4,5,7,1,0|1|0|0|3,0|0|0|1|2,0,10,3.931037,0.001087,10,3.931070,0.001277
4,5,7,1,0|1|0|0|4,0|0|0|1|1,0,10,3.929939,0.001211,10,3.929550,0.001338
4,5,7,1,0|1|0|0|5,0|0|0|1|0,0,10,3.927225,0.000896,10,3.926635,0.001008
4,5,7,1,0|1|0|0|0,0|0|0|2|4,0,10,3.934133,0.000913,10,3.934921,0.000796
4,5,7,1,0|1|0|0|1,0|0|0|2|3,0,10,3.935910,0.001255,10,3.936325,0.000923
4,5,7,1,0|1|0|0|2,0|0|0|2|2,0,10,3.934681,0.001500,10,3.935049,0.000735
4,5,7,1,0|1|0|0|3,0|0|0|2|1,0,10,3.932822,0.001351,10,3.932339,0.000925
4,5,7,1,0|1|0|0|4,0|0|0|2|0,0,10,3.929032,0.000859,10,3.928525,0.001510
4,5,7,1,0|1|0|0|0,0|0|0|3|3,0,10,3.931899,0.001103,10,3.930965,0.001161
4,5,7,1,0|1|0|0|1,0|0|0|3|2,0,10,3.932666,0.000846,10,3.932708,0.000966
4,5,7,1,0|1|0|0|2,0|0|0|3|1,0,10,3.929933,0.001085,10,3.929610,0.000762
4,5,7,1,0|1|0|0|3,0|0|0|3|0,0,10,3.923085,0.000961,10,3.922976,0.000763
4,5,7,1,0|1|0|0|0,0|0|0|4|2,0,10,3.920783,0.001047,10,3.921341,0.000778
4,5,7,1,0|1|0|0|1,0|0|0|4|1,0,10,3.921321,0.000952,10,3.921072,0.001392
4,5,7,1,0|1|0|0|2,0|0|0|4|0,0,10,3.910210,0.000734,10,3.910279,0.000932
4,5,7,1,0|1|0|0|0,0|0|0|5|1,0,10,3.892516,0.000734,10,3.892580,0.000810
4,5,7,1,0|1|0|0|1,0|0|0|5|0,0,10,3.880724,0.000725,10,3.880436,0.000799
4,5,7,1,0|1|0|0|0,0|0|0|6|0,0,10,3.782321,0.000578,10,3.782629,0.000517
4,5,7,1,0|1|0|1|0,0|0|0|0|5,0,10,3.925896,0.000959,10,3.926559,0.001101
4,5,7,1,0|1|0|1|1,0|0|0|0|4,0,10,3.927595,0.001672,10,3.927328,0.000776
4,5,7,1,0|1|0|1|2,0|0|0|0|3,0,10,3.926859,0.001153,10,3.926526,0.000825
4,5,7,1,0|1|0|1|3,0|0|0|0|2,0,10,3.925237,0.000804,10,3.924568,0.001634
4,5,7,1,0|1|0|1|4,0|0|0|0|1,0,10,3.923239,0.001198,10,3.923507,0.000920
4,5,7,1,0|1|0|1|5,0|0|0|0|0,0,10,3.920137,0.001417,10,3.919657,0.001381
4,5,7,1,0|1|0|1|0,0|0|0|1|4,0,10,3.934648,0.001375,10,3.934348,0.001263
4,5,7,1,0|1|0|1|1,0|0|0|1|3,0,10,3.934590,0.000786,10,3.934502,0.001172
4,5,7,1,0|1|0|1|2,0|0|0|1|2,0,10,3.933961,0.000982,10,3.934118,0.001082
4,5,7,1,0|1|0|1|3,0|0|0|1|1,0,10,3.931554,0.000859,10,3.931832,0.000914
4,5,7,1,0|1|0|1|4,0|0|0|1|0,0,10,3.927715,0.001222,10,3.928305,0.001108
4,5,7,1,0|1|0|1|0,0|0|0|2|3,0,10,3.931429,0.001212,10,3.931042,0.001116
4,5,7,1,0|1|0|1|1,0|0|0|2|2,0,10,3.932383,0.001256,10,3.931842,0.001423
4,5,7,1,0|1|0|1|2,0|0|0|2|1,0,10,3.929148,0.000601,10,3.929092,0.001141
4,5,7,1,0|1|0|1|3,0|0|0|2|0,0,10,3.922954,0.001017,10,3.922977,0.001271
4,5,7,1,0|1|0|1|0,0|0|0|3|2,0,10,3.921025,0.000582,10,3.921724,0.000724
4,5,7,1,0|1|0|1|1,0|0|0|3|1,0,10,3.920362,0.001244,10,3.920289,0.000865
4,5,7,1,0|1|0|1|2,0|0|0|3|0,0,10,3.910512,0.001103,10,3.910252,0.001045
4,5,7,1,0|1|0|1|0,0|0|0|4|1,0,10,3.892475,0.000522,10,3.891968,0.000607
4,5,7,1,0|1|0|1|1,0|0|0|4|0,0,10,3.879628,0.000604,10,3.879541,0.000450
4,5,7,1,0|1|0|1|0,0|0|0|5|0,0,10,3.783877,0.000590,10,3.783903,0.000450
4,5,7,1,0|1|0|2|0,0|0|0|0|4,0,10,3.930457,0.001102,10,3.930613,0.001322
4,5,7,1,0|1|0|2|1,0|0|0|0|3,0,10,3.930395,0.001335,10,3.930774,0.001157
4,5,7,1,0|1|0|2|2,0|0|0|0|2,0,10,3.928377,0.001394,10,3.928588,0.000863
4,5,7,1,0|1|0|2|3,0|0|0|0|1,0,10,3.925138,0.001576,10,3.925924,0.000973
4,5,7,1,0|1|0|2|4,0|0|0|0|0,0,10,3.919679,0.001154,10,3.920162,0.001012
4,5,7,1,0|1|0|2|0,0|0|0|1|3,0,10,3.928824,0.000844,10,3.929496,0.000770
4,5,7,1,0|1|0|2|1,0|0|0|1|2,0,10,3.929897,0.000571,10,3.930349,0.000923
4,5,7,1,0|1|0|2|2,0|0|0|1|1,0,10,3.926630,0.001110,10,3.926429,0.001316
4,5,7,1,0|1|0|2|3,0|0|0|1|0,0,10,3.919229,0.000880,10,3.920034,0.001073
4,5,7,1,0|1|0|2|0,0|0|0|2|2,0,10,3.918949,0.000717,10,3.919737,0.001540
4,5,7,1,0|1|0|2|1,0|0|0|2|1,0,10,3.917987,0.000695,10,3.918104,0.000612
4,5,7,1,0|1|0|2|2,0|0|0|2|0,0,10,3.907225,0.001055,10,3.907285,0.000764
4,5,7,1,0|1|0|2|0,0|0|0|3|1,0,10,3.890236,0.000861,10,3.890155,0.000498
4,5,7,1,0|1|0|2|1,0|0|0|3|0,0,10,3.876897,0.000755,10,3.877194,0.000489
4,5,7,1,0|1|0|2|0,0|0|0|4|0,0,10,3.783560,0.000437,10,3.783819,0.000520
4,5,7,1,0|1|0|3|0,0|0|0|0|3,0,10,3.925659,0.000892,10,3.926425,0.000734
4,5,7,1,0|1|0|3|1,0|0|0|0|2,0,10,3.927268,0.001111,10,3.926475,0.000755
4,5,7,1,0|1|0|3|2,0|0|0|0|1,0,10,3.923070,0.000976,10,3.922013,0.001111
4,5,7,1,0|1|0|3|3,0|0|0|0|0,0,10,3.913315,0.000545,10,3.913134,0.001262
4,5,7,1,0|1|0|3|0,0|0|0|1|2,0,10,3.918112,0.001024,10,3.918034,0.000862
4,5,7,1,0|1|0|3|1,0|0|0|1|1,0,10,3.916447,0.001044,10,3.916623,0.000847
4,5,7,1,0|1|0|3|2,0|0|0|1|0,0,10,3.904087,0.000609,10,3.903647,0.000933
4,5,7,1,0|1|0|3|0,0|0|0|2|1,0,10,3.889150,0.000925,10,3.888978,0.001129
4,5,7,1,0|1|0|3|1,0|0|0|2|0,0,10,3.875291,0.000528,10,3.875270,0.000718
4,5,7,1,0|1|0|3|0,0|0|0|3|0,0,10,3.783342,0.000492,10,3.783175,0.000299
4,5,7,1,0|1|0|4|0,0|0|0|0|2,0,10,3.915012,0.001017,10,3.915434,0.000925
4,5,7,1,0|1|0|4|1,0|0|0|0|1,0,10,3.914366,0.000749,10,3.914352,0.000892
4,5,7,1,0|1|0|4|2,0|0|0|0|0,0,10,3.899848,0.000765,10,3.899710,0.000475
4,5,7,1,0|1|0|4|0,0|0|0|1|1,0,10,3.887640,0.000943,10,3.887400,0.000545
4,5,7,1,0|1|0|4|1,0|0|0|1|0,0,10,3.873343,0.000799,10,3.873517,0.000750
4,5,7,1,0|1|0|4|0,0|0|0|2|0,0,10,3.781812,0.000410,10,3.782129,0.000486
4,5,7,1,0|1|0|5|0,0|0|0|0|1,0,10,3.884757,0.000622,10,3.885078,0.000548
4,5,7,1,0|1|0|5|1,0|0|0|0|0,0,10,3.870348,0.000587,10,3.870532,0.000565
4,5,7,1,0|1|0|5|0,0|0|0|1|0,0,10,3.780488,0.000531,10,3.780761,0.000670
4,5,7,1,0|1|0|6|0,0|0|0|0|0,0,10,3.777818,0.000529,10,3.777707,0.000564
4,5,7,1,0|1|0|0|0,0|0|1|0|5,0,10,3.918664,0.001216,10,3.918197,0.001139
4,5,7,1,0|1|0|0|1,0|0|1|0|4,0,10,3.919265,0.001103,10,3.919182,0.000730
4,5,7,1,0|1|0|0|2,0|0|1|0|3,0,10,3.918928,0.000978,10,3.918972,0.001122
4,5,7,1,0|1|0|0|3,0|0|1|0|2,0,10,3.917881,0.000932,10,3.917528,0.001314
4,5,7,1,0|1|0|0|4,0|0|1|0|1,0,10,3.915050,0.001420,10,3.915948,0.001141
4,5,7,1,0|1|0|0|5,0|0|1|0|0,0,10,3.912075,0.001066,10,3.912853,0.000958
4,5,7,1,0|1|0|0|0,0|0|1|1|4,0,10,3.939996,0.001147,10,3.940478,0.000733
4,5,7,1,0|1|0|0|1,0|0|1|1|3,0,10,3.941104,0.001151,10,3.941300,0.001148
4,5,7,1,0|1|0|0|2,0|0|1|1|2,0,10,3.940409,0.001046,10,3.940144,0.000782
4,5,7,1,0|1|0|0|3,0|0|1|1|1,0,10,3.938696,0.001088,10,3.938989,0.000878
4,5,7,1,0|1|0|0|4,0|0|1|1|0,0,10,3.935860,0.001298,10,3.936525,0.001097
4,5,7,1,0|1|0|0|0,0|0|1|2|3,0,10,3.943160,0.001467,10,3.943302,0.000938
4,5,7,1,0|1|0|0|1,0|0|1|2|2,0,10,3.943502,0.001072,10,3.943467,0.001115
4,5,7,1,0|1|0|0|2,0|0|1|2|1,0,10,3.941747,0.001225,10,3.942045,0.001176
4,5,7,1,0|1|0|0|3,0|0|1|2|0,0,10,3.937362,0.001014,10,3.938332,0.000914
4,5,7,1,0|1|0|0|0,0|0|1|3|2,0,10,3.939258,0.001210,10,3.938940,0.001323
4,5,7,1,0|1|0|0|1,0|0|1|3|1,0,10,3.939351,0.000593,10,3.939842,0.001373
4,5,7,1,0|1|0|0|2,0|0|1|3|0,0,10,3.933922,0.001133,10,3.933681,0.001203
4,5,7,1,0|1|0|0|0,0|0|1|4|1,0,10,3.926502,0.000883,10,3.927149,0.001302
4,5,7,1,0|1|0|0|1,0|0|1|4|0,0,10,3.920565,0.000954,10,3.920581,0.000771
4,5,7,1,0|1|0|0|0,0|0|1|5|0,0,10,3.872134,0.000760,10,3.872187,0.000647
4,5,7,1,0|1|0|1|0,0|0|1|0|4,0,10,3.936780,0.001456,10,3.936096,0.000822
4,5,7,1,0|1|0|1|1,0|0|1|0|3,0,10,3.936802,0.001169,10,3.936848,0.001114
4,5,7,1,0|1|0|1|2,0|0|1|0|2,0,10,3.935403,0.001237,10,3.935095,0.001255
4,5,7,1,0|1|0|1|3,0|0|1|0|1,0,10,3.933315,0.000961,10,3.932793,0.000979
4,5,7,1,0|1|0|1|4,0|0|1|0|0,0,10,3.929708,0.001043,10,3.929482,0.001186
4,5,7,1,0|1|0|1|0,0|0|1|1|3,0,10,3.941959,0.001111,10,3.941777,0.000944
4,5,7,1,0|1|0|1|1,0|0|1|1|2,0,10,3.941833,0.001235,10,3.942583,0.001713
4,5,7,1,0|1|0|1|2,0|0|1|1|1,0,10,3.940660,0.001114,10,3.940573,0.000988
4,5,7,1,0|1|0|1|3,0|0|1|1|0,0,10,3.937006,0.001212,10,3.936900,0.001276
4,5,7,1,0|1|0|1|0,0|0|1|2|2,0,10,3.939859,0.001139,10,3.939166,0.001434
4,5,7,1,0|1|0|1|1,0|0|1|2|1,0,10,3.938662,0.000933,10,3.939073,0.001287
4,5,7,1,0|1|0|1|2,0|0|1|2|0,0,10,3.933843,0.000863,10,3.933486,0.000643
4,5,7,1,0|1|0|1|0,0|0|1|3|1,0,10,3.926902,0.000859,10,3.926907,0.000937
4,5,7,1,0|1|0|1|1,0|0|1|3|0,0,10,3.920509,0.000941,10,3.920515,0.000649
4,5,7,1,0|1|0|1|0,0|0|1|4|0,0,10,3.873547,0.000611,10,3.873910,0.000538
4,5,7,1,0|1|0|2|0,0|0|1|0|3,0,10,3.938185,0.001138,10,3.937821,0.001153
4,5,7,1,0|1|0|2|1,0|0|1|0|2,0,10,3.936944,0.001464,10,3.937984,0.000691
4,5,7,1,0|1|0|2|2,0|0|1|0|1,0,10,3.934523,0.001517,10,3.935079,0.000893
4,5,7,1,0|1|0|2|3,0|0|1|0|0,0,10,3.929025,0.001424,10,3.929275,0.000890
4,5,7,1,0|1|0|2|0,0|0|1|1|2,0,10,3.937239,0.000864,10,3.937450,0.000806
4,5,7,1,0|1|0|2|1,0|0|1|1|1,0,10,3.936700,0.000689,10,3.936469,0.000583
4,5,7,1,0|1|0|2|2,0|0|1|1|0,0,10,3.930206,0.000546,10,3.929659,0.001363
4,5,7,1,0|1|0|2|0,0|0|1|2|1,0,10,3.924994,0.000551,10,3.924885,0.000786
4,5,7,1,0|1|0|2|1,0|0|1|2|0,0,10,3.917974,0.000910,10,3.918183,0.000625
4,5,7,1,0|1|0|2|0,0|0|1|3|0,0,10,3.871810,0.000869,10,3.872472,0.000761
4,5,7,1,0|1|0|3|0,0|0|1|0|2,0,10,3.933217,0.000849,10,3.933056,0.001056
4,5,7,1,0|1|0|3|1,0|0|1|0|1,0,10,3.932245,0.001661,10,3.931634,0.000769
4,5,7,1,0|1|0|3|2,0|0|1|0|0,0,10,3.923333,0.001148,10,3.923015,0.001344
4,5,7,1,0|1|0|3|0,0|0|1|1|1,0,10,3.922872,0.000860,10,3.922616,0.001258
4,5,7,1,0|1|0|3|1,0|0|1|1|0,0,10,3.914713,0.000441,10,3.914749,0.001042
4,5,7,1,0|1|0|3|0,0|0|1|2|0,0,10,3.869829,0.000657,10,3.869738,0.000649
4,5,7,1,0|1|0|4|0,0|0|1|0|1,0,10,3.918542,0.001339,10,3.918132,0.001029
4,5,7,1,0|1|0|4|1,0|0|1|0|0,0,10,3.909937,0.000884,10,3.909306,0.000813
4,5,7,1,0|1|0|4|0,0|0|1|1|0,0,10,3.866115,0.001034,10,3.866151,0.000731
4,5,7,1,0|1|0|5|0,0|0|1|0|0,0,10,3.859949,0.000529,10,3.860490,0.000868
4,5,7,1,0|1|0|0|0,0|0|2|0|4,0,10,3.915602,0.001051,10,3.914940,0.001343
4,5,7,1,0|1|0|0|1,0|0|2|0|3,0,10,3.916404,0.001310,10,3.917461,0.001033
4,5,7,1,0|1|0|0|2,0|0|2|0|2,0,10,3.915816,0.000652,10,3.915147,0.001130
4,5,7,1,0|1|0|0|3,0|0|2|0|1,0,10,3.911636,0.000765,10,3.911766,0.001235
4,5,7,1,0|1|0|0|4,0|0|2|0|0,0,10,3.905332,0.001246,10,3.905466,0.000405
4,5,7,1,0|1|0|0|0,0|0|2|1|3,0,10,3.936404,0.001278,10,3.935840,0.000678
4,5,7,1,0|1|0|0|1,0|0|2|1|2,0,10,3.936559,0.001035,10,3.936521,0.001319
4,5,7,1,0|1|0|0|2,0|0|2|1|1,0,10,3.934837,0.001225,10,3.934517,0.000866
4,5,7,1,0|1|0|0|3,0|0|2|1|0,0,10,3.929592,0.001508,10,3.929932,0.001297
4,5,7,1,0|1|0|0|0,0|0|2|2|2,0,10,3.936049,0.000857,10,3.935990,0.001061
4,5,7,1,0|1|0|0|1,0|0|2|2|1,0,10,3.935617,0.000896,10,3.935321,0.000898
4,5,7,1,0|1|0|0|2,0|0|2|2|0,0,10,3.929757,0.000677,10,3.928639,0.000769
4,5,7,1,0|1|0|0|0,0|0|2|3|1,0,10,3.924547,0.000902,10,3.924383,0.000792
4,5,7,1,0|1|0|0|1,0|0|2|3|0,0,10,3.917995,0.000988,10,3.917408,0.000862
4,5,7,1,0|1|0|0|0,0|0|2|4|0,0,10,3.871746,0.000863,10,3.872278,0.000366
4,5,7,1,0|1|0|1|0,0|0|2|0|3,0,10,3.930899,0.001387,10,3.931294,0.000697
4,5,7,1,0|1|0|1|1,0|0|2|0|2,0,10,3.931077,0.001160,10,3.930635,0.001593
4,5,7,1,0|1|0|1|2,0|0|2|0|1,0,10,3.927964,0.000843,10,3.927721,0.001091
4,5,7,1,0|1|0|1|3,0|0|2|0|0,0,10,3.921176,0.000719,10,3.920688,0.000951
4,5,7,1,0|1|0|1|0,0|0|2|1|2,0,10,3.934888,0.001315,10,3.934120,0.001000
4,5,7,1,0|1|0|1|1,0|0|2|1|1,0,10,3.933813,0.000975,10,3.934351,0.001025
4,5,7,1,0|1|0|1|2,0|0|2|1|0,0,10,3.926970,0.001436,10,3.926641,0.001033
4,5,7,1,0|1|0|1|0,0|0|2|2|1,0,10,3.924324,0.000526,10,3.924725,0.000713
4,5,7,1,0|1|0|1|1,0|0|2|2|0,0,10,3.917534,0.000711,10,3.917364,0.000669
4,5,7,1,0|1|0|1|0,0|0|2|3|0,0,10,3.873774,0.000538,10,3.873405,0.000481
4,5,7,1,0|1|0|2|0,0|0|2|0|2,0,10,3.928783,0.000917,10,3.928278,0.000949
4,5,7,1,0|1|0|2|1,0|0|2|0|1,0,10,3.926819,0.000860,10,3.925934,0.001003
4,5,7,1,0|1|0|2|2,0|0|2|0|0,0,10,3.916051,0.000900,10,3.916503,0.001101
4,5,7,1,0|1|0|2|0,0|0|2|1|1,0,10,3.920792,0.000666,10,3.920562,0.000985
4,5,7,1,0|1|0|2|1,0|0|2|1|0,0,10,3.912741,0.000856,10,3.912320,0.001077
4,5,7,1,0|1|0|2|0,0|0|2|2|0,0,10,3.870197,0.000444,10,3.870270,0.000559
4,5,7,1,0|1|0|3|0,0|0|2|0|1,0,10,3.914072,0.000592,10,3.913996,0.000826
4,5,7,1,0|1|0|3|1,0|0|2|0|0,0,10,3.903383,0.000740,10,3.903413,0.000642
4,5,7,1,0|1|0|3|0,0|0|2|1|0,0,10,3.864986,0.000670,10,3.864881,0.000572
4,5,7,1,0|1|0|4|0,0|0|2|0|0,0,10,3.854993,0.000493,10,3.855387,0.000428
4,5,7,1,0|1|0|0|0,0|0|3|0|3,0,10,3.903732,0.001531,10,3.903828,0.000919
4,5,7,1,0|1|0|0|1,0|0|3|0|2,0,10,3.905342,0.000994,10,3.905083,0.001192
4,5,7,1,0|1|0|0|2,0|0|3|0|1,0,10,3.899771,0.000716,10,3.900055,0.000930
4,5,7,1,0|1|0|0|3,0|0|3|0|0,0,10,3.887592,0.000810,10,3.888177,0.000750
4,5,7,1,0|1|0|0|0,0|0|3|1|2,0,10,3.923982,0.000827,10,3.923437,0.001138
4,5,7,1,0|1|0|0|1,0|0|3|1|1,0,10,3.923621,0.000955,10,3.923292,0.000901
4,5,7,1,0|1|0|0|2,0|0|3|1|0,0,10,3.914471,0.000887,10,3.913718,0.001061
4,5,7,1,0|1|0|0|0,0|0|3|2|1,0,10,3.913891,0.001239,10,3.913865,0.000489
4,5,7,1,0|1|0|0|1,0|0|3|2|0,0,10,3.905024,0.000739,10,3.905347,0.000743
4,5,7,1,0|1|0|0|0,0|0|3|3|0,0,10,3.856427,0.000995,10,3.856514,0.000702
4,5,7,1,0|1|0|1|0,0|0|3|0|2,0,10,3.916282,0.001266,10,3.915963,0.000817
4,5,7,1,0|1|0|1|1,0|0|3|0|1,0,10,3.913522,0.001035,10,3.913386,0.000638
4,5,7,1,0|1|0|1|2,0|0|3|0|0,0,10,3.900330,0.000623,10,3.899777,0.001058
4,5,7,1,0|1|0|1|0,0|0|3|1|1,0,10,3.911695,0.000662,10,3.911618,0.000762
4,5,7,1,0|1|0|1|1,0|0|3|1|0,0,10,3.901777,0.000802,10,3.901983,0.000630
4,5,7,1,0|1|0|1|0,0|0|3|2|0,0,10,3.857509,0.000594,10,3.857161,0.000586
4,5,7,1,0|1|0|2|0,0|0|3|0|1,0,10,3.900735,0.000638,10,3.901372,0.000415
4,5,7,1,0|1|0|2|1,0|0|3|0|0,0,10,3.887699,0.000659,10,3.887557,0.001039
4,5,7,1,0|1|0|2|0,0|0|3|1|0,0,10,3.850209,0.000796,10,3.849893,0.000583
4,5,7,1,0|1|0|3|0,0|0|3|0|0,0,10,3.835719,0.000489,10,3.835797,0.000511
4,5,7,1,0|1|0|0|0,0|0|4|0|2,0,10,3.876933,0.000936,10,3.877088,0.000724
4,5,7,1,0|1|0|0|1,0|0|4|0|1,0,10,3.875185,0.000645,10,3.874913,0.000823
4,5,7,1,0|1|0|0|2,0|0|4|0|0,0,10,3.854505,0.000504,10,3.854531,0.000271
4,5,7,1,0|1|0|0|0,0|0|4|1|1,0,10,3.889044,0.000620,10,3.889592,0.000641
4,5,7,1,0|1|0|0|1,0|0|4|1|0,0,10,3.876649,0.000786,10,3.876321,0.000766
4,5,7,1,0|1|0|0|0,0|0|4|2|0,0,10,3.826152,0.000513,10,3.826560,0.000518
4,5,7,1,0|1|0|1|0,0|0|4|0|1,0,10,3.875593,0.000879,10,3.875859,0.000712
4,5,7,1,0|1|0|1|1,0|0|4|0|0,0,10,3.857705,0.000446,10,3.857654,0.000600
4,5,7,1,0|1|0|1|0,0|0|4|1|0,0,10,3.823150,0.000498,10,3.822970,0.000625
4,5,7,1,0|1|0|2|0,0|0|4|0|0,0,10,3.802310,0.000430,10,3.802234,0.000335
4,5,7,1,0|1|0|0|0,0|0|5|0|1,0,10,3.809323,0.000667,10,3.809124,0.000415
4,5,7,1,0|1|0|0|1,0|0|5|0|0,0,10,3.784133,0.000652,10,3.784011,0.000621
4,5,7,1,0|1|0|0|0,0|0|5|1|0,0,10,3.764716,0.000460,10,3.764701,0.000582
4,5,7,1,0|1|0|1|0,0|0|5|0|0,0,10,3.740207,0.000529,10,3.740122,0.000574
4,5,7,1,0|1|0|0|0,0|0|6|0|0,0,10,3.576701,0.000529,10,3.576597,0.000292
4,5,7,1,0|1|1|0|0,0|0|0|0|5,0,10,3.915311,0.001122,10,3.915261,0.001023
4,5,7,1,0|1|1|0|1,0|0|0|0|4,0,10,3.916368,0.001258,10,3.916447,0.001196
4,5,7,1,0|1|1|0|2,0|0|0|0|3,0,10,3.915137,0.000935,10,3.915250,0.001126
4,5,7,1,0|1|1|0|3,0|0|0|0|2,0,10,3.913944,0.000930,10,3.913861,0.000496
4,5,7,1,0|1|1|0|4,0|0|0|0|1,0,10,3.911646,0.000829,10,3.911902,0.001291
4,5,7,1,0|1|1|0|5,0|0|0|0|0,0,10,3.906218,0.000977,10,3.907046,0.001284
4,5,7,1,0|1|1|0|0,0|0|0|1|4,0,10,3.936715,0.001012,10,3.937831,0.001644
4,5,7,1,0|1|1|0|1,0|0|0|1|3,0,10,3.938182,0.000904,10,3.938448,0.001319
4,5,7,1,0|1|1|0|2,0|0|0|1|2,0,10,3.937665,0.001024,10,3.937362,0.001481
4,5,7,1,0|1|1|0|3,0|0|0|1|1,0,10,3.935553,0.000993,10,3.936230,0.001572
4,5,7,1,0|1|1|0|4,0|0|0|1|0,0,10,3.932568,0.000644,10,3.932220,0.001316
4,5,7,1,0|1|1|0|0,0|0|0|2|3,0,10,3.939601,0.001357,10,3.939600,0.001756
4,5,7,1,0|1|1|0|1,0|0|0|2|2,0,10,3.940288,0.000840,10,3.939656,0.001172
4,5,7,1,0|1|1|0|2,0|0|0|2|1,0,10,3.938160,0.001456,10,3.937760,0.000982
4,5,7,1,0|1|1|0|3,0|0|0|2|0,0,10,3.933051,0.001335,10,3.933848,0.001049
4,5,7,1,0|1|1|0|0,0|0|0|3|2,0,10,3.936165,0.000789,10,3.936071,0.001041
4,5,7,1,0|1|1|0|1,0|0|0|3|1,0,10,3.935699,0.000870,10,3.934660,0.001586
4,5,7,1,0|1|1|0|2,0|0|0|3|0,0,10,3.928393,0.000697,10,3.928220,0.001409
4,5,7,1,0|1|1|0|0,0|0|0|4|1,0,10,3.920893,0.000790,10,3.921248,0.000787
4,5,7,1,0|1|1|0|1,0|0|0|4|0,0,10,3.913982,0.001096,10,3.913993,0.001026
4,5,7,1,0|1|1|0|0,0|0|0|5|0,0,10,3.861546,0.000811,10,3.861713,0.000630
4,5,7,1,0|1|1|1|0,0|0|0|0|4,0,10,3.932474,0.001082,10,3.932289,0.001347
4,5,7,1,0|1|1|1|1,0|0|0|0|3,0,10,3.933026,0.001009,10,3.932060,0.001034
4,5,7,1,0|1|1|1|2,0|0|0|0|2,0,10,3.930633,0.000872,10,3.930060,0.001106
4,5,7,1,0|1|1|1|3,0|0|0|0|1,0,10,3.927726,0.001038,10,3.927534,0.000935
4,5,7,1,0|1|1|1|4,0|0|0|0|0,0,10,3.922851,0.001043,10,3.922589,0.001244
4,5,7,1,0|1|1|1|0,0|0|0|1|3,0,10,3.938351,0.001205,10,3.938519,0.000981
4,5,7,1,0|1|1|1|1,0|0|0|1|2,0,10,3.938540,0.001463,10,3.938130,0.001094
4,5,7,1,0|1|1|1|2,0|0|0|1|1,0,10,3.936534,0.001404,10,3.936516,0.000782
4,5,7,1,0|1|1|1|3,0|0|0|1|0,0,10,3.931447,0.001177,10,3.930437,0.000920
4,5,7,1,0|1|1|1|0,0|0|0|2|2,0,10,3.935237,0.001325,10,3.934311,0.000973
4,5,7,1,0|1|1|1|1,0|0|0|2|1,0,10,3.934190,0.001364,10,3.933696,0.000769
4,5,7,1,0|1|1|1|2,0|0|0|2|0,0,10,3.927047,0.000872,10,3.926873,0.001205
4,5,7,1,0|1|1|1|0,0|0|0|3|1,0,10,3.920391,0.000787,10,3.920533,0.000806
4,5,7,1,0|1|1|1|1,0|0|0|3|0,0,10,3.912155,0.000539,10,3.912778,0.000842
4,5,7,1,0|1|1|1|0,0|0|0|4|0,0,10,3.862400,0.000644,10,3.862224,0.000443
4,5,7,1,0|1|1|2|0,0|0|0|0|3,0,10,3.933580,0.000752,10,3.932929,0.000897
4,5,7,1,0|1|1|2|1,0|0|0|0|2,0,10,3.932484,0.000789,10,3.932718,0.000993
4,5,7,1,0|1|1|2|2,0|0|0|0|1,0,10,3.928946,0.000862,10,3.928929,0.001306
4,5,7,1,0|1|1|2|3,0|0|0|0|0,0,10,3.920533,0.000904,10,3.920532,0.000992
4,5,7,1,0|1|1|2|0,0|0|0|1|2,0,10,3.931373,0.001302,10,3.931374,0.001079
4,5,7,1,0|1|1|2|1,0|0|0|1|1,0,10,3.930652,0.001156,10,3.930127,0.000918
4,5,7,1,0|1|1|2|2,0|0|0|1|0,0,10,3.922808,0.001092,10,3.922550,0.000629
4,5,7,1,0|1|1|2|0,0|0|0|2|1,0,10,3.917664,0.000365,10,3.917864,0.000637
4,5,7,1,0|1|1|2|1,0|0|0|2|0,0,10,3.909178,0.001136,10,3.909679,0.000761
4,5,7,1,0|1|1|2|0,0|0|0|3|0,0,10,3.860136,0.000792,10,3.860094,0.000775
4,5,7,1,0|1|1|3|0,0|0|0|0|2,0,10,3.926469,0.001115,10,3.926978,0.000590
4,5,7,1,0|1|1|3|1,0|0|0|0|1,0,10,3.925390,0.000863,10,3.924648,0.001333
4,5,7,1,0|1|1|3|2,0|0|0|0|0,0,10,3.913356,0.000901,10,3.913707,0.001171
4,5,7,1,0|1|1|3|0,0|0|0|1|1,0,10,3.914372,0.000766,10,3.914624,0.001206
4,5,7,1,0|1|1|3|1,0|0|0|1|0,0,10,3.905441,0.000661,10,3.905476,0.000648
4,5,7,1,0|1|1|3|0,0|0|0|2|0,0,10,3.856964,0.001034,10,3.857572,0.000641
4,5,7,1,0|1|1|4|0,0|0|0|0|1,0,10,3.909372,0.000830,10,3.909879,0.000637
4,5,7,1,0|1|1|4|1,0|0|0|0|0,0,10,3.898888,0.000466,10,3.898527,0.000549
4,5,7,1,0|1|1|4|0,0|0|0|1|0,0,10,3.853158,0.000711,10,3.852892,0.000643
4,5,7,1,0|1|1|5|0,0|0|0|0|0,0,10,3.846038,0.000409,10,3.846212,0.000717
4,5,7,1,0|1|1|0|0,0|0|1|0|4,0,10,3.915683,0.001050,10,3.915098,0.001110
4,5,7,1,0|1|1|0|1,0|0|1|0|3,0,10,3.915695,0.001137,10,3.916342,0.000970
4,5,7,1,0|1|1|0|2,0|0|1|0|2,0,10,3.914521,0.001020,10,3.913943,0.000490
4,5,7,1,0|1|1|0|3,0|0|1|0|1,0,10,3.910651,0.000922,10,3.910478,0.000866
4,5,7,1,0|1|1|0|4,0|0|1|0|0,0,10,3.903332,0.000554,10,3.904757,0.001010
4,5,7,1,0|1|1|0|0,0|0|1|1|3,0,10,3.935761,0.001133,10,3.934867,0.000839
4,5,7,1,0|1|1|0|1,0|0|1|1|2,0,10,3.935972,0.001153,10,3.936000,0.001221
4,5,7,1,0|1|1|0|2,0|0|1|1|1,0,10,3.933503,0.000876,10,3.932807,0.001132
4,5,7,1,0|1|1|0|3,0|0|1|1|0,0,10,3.927624,0.000815,10,3.928069,0.000977
4,5,7,1,0|1|1|0|0,0|0|1|2|2,0,10,3.934402,0.000635,10,3.934282,0.000643
4,5,7,1,0|1|1|0|1,0|0|1|2|1,0,10,3.934518,0.000808,10,3.933626,0.000975
4,5,7,1,0|1|1|0|2,0|0|1|2|0,0,10,3.927587,0.001026,10,3.926481,0.000946
4,5,7,1,0|1|1|0|0,0|0|1|3|1,0,10,3.922839,0.000805,10,3.923065,0.000733
4,5,7,1,0|1|1|0|1,0|0|1|3|0,0,10,3.915634,0.000574,10,3.916189,0.000769
4,5,7,1,0|1|1|0|0,0|0|1|4|0,0,10,3.870005,0.000706,10,3.869852,0.000684
4,5,7,1,0|1|1|1|0,0|0|1|0|3,0,10,3.929195,0.000930,10,3.928694,0.001284
4,5,7,1,0|1|1|1|1,0|0|1|0|2,0,10,3.928868,0.001327,10,3.928606,0.000740
4,5,7,1,0|1|1|1|2,0|0|1|0|1,0,10,3.924228,0.001104,10,3.924728,0.000857
4,5,7,1,0|1|1|1|3,0|0|1|0|0,0,10,3.917679,0.000847,10,3.916845,0.001028
4,5,7,1,0|1|1|1|0,0|0|1|1|2,0,10,3.932856,0.001176,10,3.932246,0.001112
4,5,7,1,0|1|1|1|1,0|0|1|1|1,0,10,3.930469,0.001170,10,3.931495,0.000671
4,5,7,1,0|1|1|1|2,0|0|1|1|0,0,10,3.923654,0.000587,10,3.923705,0.000879
4,5,7,1,0|1|1|1|0,0|0|1|2|1,0,10,3.921403,0.000538,10,3.921304,0.001004
4,5,7,1,0|1|1|1|1,0|0|1|2|0,0,10,3.914369,0.000628,10,3.913502,0.001036
4,5,7,1,0|1|1|1|0,0|0|1|3|0,0,10,3.870789,0.000753,10,3.870508,0.000511
4,5,7,1,0|1|1|2|0,0|0|1|0|2,0,10,3.926050,0.000923,10,3.925495,0.000830
4,5,7,1,0|1|1|2|1,0|0|1|0|1,0,10,3.923366,0.001081,10,3.922646,0.000921
4,5,7,1,0|1|1|2|2,0|0|1|0|0,0,10,3.912189,0.000804,10,3.912228,0.000479
4,5,7,1,0|1|1|2|0,0|0|1|1|1,0,10,3.917302,0.000518,10,3.917311,0.000454
4,5,7,1,0|1|1|2|1,0|0|1|1|0,0,10,3.908638,0.000705,10,3.908771,0.000855
4,5,7,1,0|1|1|2|0,0|0|1|2|0,0,10,3.866720,0.000770,10,3.866561,0.000681
4,5,7,1,0|1|1|3|0,0|0|1|0|1,0,10,3.910357,0.000936,10,3.909881,0.000901
4,5,7,1,0|1|1|3|1,0|0|1|0|0,0,10,3.899058,0.000746,10,3.898764,0.000926
4,5,7,1,0|1|1|3|0,0|0|1|1|0,0,10,3.861578,0.000503,10,3.861308,0.000778
4,5,7,1,0|1|1|4|0,0|0|1|0|0,0,10,3.851339,0.000718,10,3.851135,0.000722
4,5,7,1,0|1|1|0|0,0|0|2|0|3,0,10,3.903481,0.000891,10,3.903901,0.000712
4,5,7,1,0|1|1|0|1,0|0|2|0|2,0,10,3.904043,0.001104,10,3.904381,0.001026
4,5,7,1,0|1|1|0|2,0|0|2|0|1,0,10,3.898869,0.001185,10,3.898867,0.001028
4,5,7,1,0|1|1|0|3,0|0|2|0|0,0,10,3.886312,0.000638,10,3.886504,0.001098
4,5,7,1,0|1|1|0|0,0|0|2|1|2,0,10,3.922342,0.001065,10,3.923263,0.001091
4,5,7,1,0|1|1|0|1,0|0|2|1|1,0,10,3.921190,0.001221,10,3.920499,0.000835
4,5,7,1,0|1|1|0|2,0|0|2|1|0,0,10,3.911088,0.000650,10,3.911276,0.000645
4,5,7,1,0|1|1|0|0,0|0|2|2|1,0,10,3.912248,0.000638,10,3.911782,0.000759
4,5,7,1,0|1|1|0|1,0|0|2|2|0,0,10,3.902972,0.000875,10,3.903352,0.000719
4,5,7,1,0|1|1|0|0,0|0|2|3|0,0,10,3.855308,0.000514,10,3.855406,0.000680
4,5,7,1,0|1|1|1|0,0|0|2|0|2,0,10,3.913153,0.001254,10,3.913521,0.000759
4,5,7,1,0|1|1|1|1,0|0|2|0|1,0,10,3.909565,0.000942,10,3.909476,0.000955
4,5,7,1,0|1|1|1|2,0|0|2|0|0,0,10,3.896108,0.000808,10,3.896065,0.001007
4,5,7,1,0|1|1|1|0,0|0|2|1|1,0,10,3.908676,0.001040,10,3.908914,0.000906
4,5,7,1,0|1|1|1|1,0|0|2|1|0,0,10,3.897992,0.000695,10,3.897805,0.000812
4,5,7,1,0|1|1|1|0,0|0|2|2|0,0,10,3.854559,0.000696,10,3.854601,0.000815
4,5,7,1,0|1|1|2|0,0|0|2|0|1,0,10,3.897119,0.000549,10,3.897038,0.000598
4,5,7,1,0|1|1|2|1,0|0|2|0|0,0,10,3.882730,0.000928,10,3.882663,0.000463
4,5,7,1,0|1|1|2|0,0|0|2|1|0,0,10,3.847194,0.000737,10,3.847589,0.000559
4,5,7,1,0|1|1|3|0,0|0|2|0|0,0,10,3.832441,0.000557,10,3.832085,0.000615
4,5,7,1,0|1|1|0|0,0|0|3|0|2,0,10,3.876494,0.000754,10,3.876483,0.001146
4,5,7,1,0|1|1|0|1,0|0|3|0|1,0,10,3.873532,0.001151,10,3.873818,0.000871
4,5,7,1,0|1|1|0|2,0|0|3|0|0,0,10,3.853122,0.000664,10,3.853033,0.000802
4,5,7,1,0|1|1|0|0,0|0|3|1|1,0,10,3.887041,0.000774,10,3.886953,0.000572
4,5,7,1,0|1|1|0|1,0|0|3|1|0,0,10,3.873776,0.000741,10,3.873671,0.000928
4,5,7,1,0|1|1|0|0,0|0|3|2|0,0,10,3.825187,0.000640,10,3.825226,0.000565
4,5,7,1,0|1|1|1|0,0|0|3|0|1,0,10,3.871961,0.000739,10,3.871808,0.000717
4,5,7,1,0|1|1|1|1,0|0|3|0|0,0,10,3.852458,0.000364,10,3.852810,0.000466
4,5,7,1,0|1|1|1|0,0|0|3|1|0,0,10,3.819624,0.000836,10,3.820021,0.000860
4,5,7,1,0|1|1|2|0,0|0|3|0|0,0,10,3.798684,0.000451,10,3.798650,0.000383
4,5,7,1,0|1|1|0|0,0|0|4|0|1,0,10,3.808957,0.000511,10,3.808616,0.000785
4,5,7,1,0|1|1|0|1,0|0|4|0|0,0,10,3.782732,0.000363,10,3.782861,0.000267
4,5,7,1,0|1|1|0|0,0|0|4|1|0,0,10,3.763775,0.000618,10,3.763850,0.000435
4,5,7,1,0|1|1|1|0,0|0|4|0|0,0,10,3.736922,0.000428,10,3.736976,0.000636
4,5,7,1,0|1|1|0|0,0|0|5|0|0,0,10,3.582623,0.000674,10,3.582844,0.000553
4,5,7,1,0|1|2|0|0,0|0|0|0|4,0,10,3.913029,0.000846,10,3.913148,0.000603
4,5,7,1,0|1|2|0|1,0|0|0|0|3,0,10,3.914369,0.000895,10,3.914430,0.001013
4,5,7,1,0|1|2|0|2,0|0|0|0|2,0,10,3.911459,0.000986,10,3.911649,0.001561
4,5,7,1,0|1|2|0|3,0|0|0|0|1,0,10,3.907991,0.001265,10,3.908470,0.001001
4,5,7,1,0|1|2|0|4,0|0|0|0|0,0,10,3.899856,0.000542,10,3.899871,0.001002
4,5,7,1,0|1|2|0|0,0|0|0|1|3,0,10,3.933412,0.001191,10,3.933731,0.001249
4,5,7,1,0|1|2|0|1,0|0|0|1|2,0,10,3.934037,0.001326,10,3.934368,0.001669
4,5,7,1,0|1|2|0|2,0|0|0|1|1,0,10,3.931170,0.001095,10,3.931247,0.001087
4,5,7,1,0|1|2|0|3,0|0|0|1|0,0,10,3.924934,0.000963,10,3.924834,0.000940
4,5,7,1,0|1|2|0|0,0|0|0|2|2,0,10,3.932291,0.000965,10,3.932359,0.001248
4,5,7,1,0|1|2|0|1,0|0|0|2|1,0,10,3.931361,0.000601,10,3.931660,0.000997
4,5,7,1,0|1|2|0|2,0|0|0|2|0,0,10,3.923547,0.001017,10,3.924273,0.000908
4,5,7,1,0|1|2|0|0,0|0|0|3|1,0,10,3.919415,0.001017,10,3.919192,0.000868
4,5,7,1,0|1|2|0|1,0|0|0|3|0,0,10,3.911853,0.000576,10,3.911561,0.000511
4,5,7,1,0|1|2|0|0,0|0|0|4|0,0,10,3.864774,0.000406,10,3.864673,0.000421
4,5,7,1,0|1|2|1|0,0|0|0|0|3,0,10,3.926518,0.000954,10,3.926430,0.001224
4,5,7,1,0|1|2|1|1,0|0|0|0|2,0,10,3.925786,0.001030,10,3.925891,0.001193
4,5,7,1,0|1|2|1|2,0|0|0|0|1,0,10,3.921290,0.001107,10,3.920952,0.000928
4,5,7,1,0|1|2|1|3,0|0|0|0|0,0,10,3.912277,0.001287,10,3.912036,0.000880
4,5,7,1,0|1|2|1|0,0|0|0|1|2,0,10,3.930575,0.000501,10,3.930552,0.000714
4,5,7,1,0|1|2|1|1,0|0|0|1|1,0,10,3.928289,0.001034,10,3.928360,0.000867
4,5,7,1,0|1|2|1|2,0|0|0|1|0,0,10,3.920409,0.001055,10,3.920541,0.000711
4,5,7,1,0|1|2|1|0,0|0|0|2|1,0,10,3.918702,0.000714,10,3.918273,0.000632
4,5,7,1,0|1|2|1|1,0|0|0|2|0,0,10,3.909689,0.000565,10,3.909943,0.000606
4,5,7,1,0|1|2|1|0,0|0|0|3|0,0,10,3.865499,0.000550,10,3.865548,0.000656
4,5,7,1,0|1|2|2|0,0|0|0|0|2,0,10,3.921588,0.000795,10,3.921545,0.000822
4,5,7,1,0|1|2|2|1,0|0|0|0|1,0,10,3.919563,0.000819,10,3.919178,0.000561
4,5,7,1,0|1|2|2|2,0|0|0|0|0,0,10,3.906217,0.000711,10,3.906512,0.000621
4,5,7,1,0|1|2|2|0,0|0|0|1|1,0,10,3.913429,0.000611,10,3.913378,0.000547
4,5,7,1,0|1|2|2|1,0|0|0|1|0,0,10,3.903585,0.000927,10,3.903236,0.000504
4,5,7,1,0|1|2|2|0,0|0|0|2|0,0,10,3.860764,0.000514,10,3.860889,0.000460
4,5,7,1,0|1|2|3|0,0|0|0|0|1,0,10,3.904539,0.000699,10,3.904340,0.000933
4,5,7,1,0|1|2|3|1,0|0|0|0|0,0,10,3.891691,0.000744,10,3.891810,0.000932
4,5,7,1,0|1|2|3|0,0|0|0|1|0,0,10,3.854106,0.000585,10,3.854200,0.000521
4,5,7,1,0|1|2|4|0,0|0|0|0|0,0,10,3.841838,0.000705,10,3.842323,0.000528
4,5,7,1,0|1|2|0|0,0|0|1|0|3,0,10,3.902911,0.000784,10,3.902705,0.001204
4,5,7,1,0|1|2|0|1,0|0|1|0|2,0,10,3.902860,0.001052,10,3.903117,0.000706
4,5,7,1,0|1|2|0|2,0|0|1|0|1,0,10,3.897426,0.000799,10,3.897311,0.000551
4,5,7,1,0|1|2|0|3,0|0|1|0|0,0,10,3.883967,0.001156,10,3.883916,0.000342
4,5,7,1,0|1|2|0|0,0|0|1|1|2,0,10,3.921098,0.001007,10,3.920889,0.000976
4,5,7,1,0|1|2|0|1,0|0|1|1|1,0,10,3.920030,0.001009,10,3.919441,0.000945
4,5,7,1,0|1|2|0|2,0|0|1|1|0,0,10,3.909287,0.000883,10,3.909053,0.000564
4,5,7,1,0|1|2|0|0,0|0|1|2|1,0,10,3.910544,0.000564,10,3.910167,0.000738
4,5,7,1,0|1|2|0|1,0|0|1|2|0,0,10,3.901054,0.000690,10,3.900551,0.000991
4,5,7,1,0|1|2|0|0,0|0|1|3|0,0,10,3.853170,0.000686,10,3.853122,0.000424
4,5,7,1,0|1|2|1|0,0|0|1|0|2,0,10,3.911312,0.001070,10,3.911672,0.000602
4,5,7,1,0|1|2|1|1,0|0|1|0|1,0,10,3.907098,0.000887,10,3.907670,0.001207
4,5,7,1,0|1|2|1|2,0|0|1|0|0,0,10,3.893024,0.000786,10,3.892573,0.000703
4,5,7,1,0|1|2|1|0,0|0|1|1|1,0,10,3.906567,0.000948,10,3.906750,0.000690
4,5,7,1,0|1|2|1|1,0|0|1|1|0,0,10,3.895547,0.000673,10,3.895309,0.000811
4,5,7,1,0|1|2|1|0,0|0|1|2|0,0,10,3.852281,0.000645,10,3.852356,0.000940
4,5,7,1,0|1|2|2|0,0|0|1|0|1,0,10,3.893672,0.000760,10,3.894088,0.000622
4,5,7,1,0|1|2|2|1,0|0|1|0|0,0,10,3.878633,0.000680,10,3.878886,0.000724
4,5,7,1,0|1|2|2|0,0|0|1|1|0,0,10,3.843722,0.000490,10,3.843817,0.000506
4,5,7,1,0|1|2|3|0,0|0|1|0|0,0,10,3.827541,0.000686,10,3.827491,0.000744
4,5,7,1,0|1|2|0|0,0|0|2|0|2,0,10,3.875635,0.000743,10,3.875862,0.001376
4,5,7,1,0|1|2|0|1,0|0|2|0|1,0,10,3.872869,0.000730,10,3.872233,0.000717
4,5,7,1,0|1|2|0|2,0|0|2|0|0,0,10,3.850462,0.000762,10,3.850777,0.000943
4,5,7,1,0|1|2|0|0,0|0|2|1|1,0,10,3.885930,0.000665,10,3.885531,0.000926
4,5,7,1,0|1|2|0|1,0|0|2|1|0,0,10,3.871888,0.000637,10,3.871871,0.000786
4,5,7,1,0|1|2|0|0,0|0|2|2|0,0,10,3.823146,0.000323,10,3.822992,0.000677
4,5,7,1,0|1|2|1|0,0|0|2|0|1,0,10,3.870025,0.000570,10,3.869909,0.000456
4,5,7,1,0|1|2|1|1,0|0|2|0|0,0,10,3.849479,0.000526,10,3.849439,0.000831
4,5,7,1,0|1|2|1|0,0|0|2|1|0,0,10,3.817884,0.000617,10,3.817868,0.000489
4,5,7,1,0|1|2|2|0,0|0|2|0|0,0,10,3.794724,0.000332,10,3.794682,0.000478
4,5,7,1,0|1|2|0|0,0|0|3|0|1,0,10,3.808472,0.000685,10,3.807953,0.000331
4,5,7,1,0|1|2|0|1,0|0|3|0|0,0,10,3.781018,0.000619,10,3.781336,0.000535
4,5,7,1,0|1|2|0|0,0|0|3|1|0,0,10,3.762981,0.000425,10,3.763034,0.000482
4,5,7,1,0|1|2|1|0,0|0|3|0|0,0,10,3.735080,0.000465,10,3.734966,0.000533
4,5,7,1,0|1|2|0|0,0|0|4|0|0,0,10,3.584876,0.000487,10,3.585248,0.000478
4,5,7,1,0|1|3|0|0,0|0|0|0|3,0,10,3.901011,0.001029,10,3.902238,0.000811
4,5,7,1,0|1|3|0|1,0|0|0|0|2,0,10,3.902202,0.001251,10,3.902403,0.000991
4,5,7,1,0|1|3|0|2,0|0|0|0|1,0,10,3.895774,0.000921,10,3.895941,0.000779
4,5,7,1,0|1|3|0|3,0|0|0|0|0,0,10,3.881432,0.001388,10,3.880908,0.001028
4,5,7,1,0|1|3|0|0,0|0|0|1|2,0,10,3.919772,0.001011,10,3.919851,0.001069
4,5,7,1,0|1|3|0|1,0|0|0|1|1,0,10,3.918931,0.000679,10,3.918871,0.000944
4,5,7,1,0|1|3|0|2,0|0|0|1|0,0,10,3.907812,0.000664,10,3.907596,0.000846
4,5,7,1,0|1|3|0|0,0|0|0|2|1,0,10,3.909029,0.000853,10,3.908845,0.000846
4,5,7,1,0|1|3|0|1,0|0|0|2|0,0,10,3.899268,0.000740,10,3.899023,0.000713
4,5,7,1,0|1|3|0|0,0|0|0|3|0,0,10,3.850412,0.000654,10,3.849984,0.000623
4,5,7,1,0|1|3|1|0,0|0|0|0|2,0,10,3.909957,0.000839,10,3.909798,0.000755
4,5,7,1,0|1|3|1|1,0|0|0|0|1,0,10,3.905583,0.000567,10,3.905747,0.000665
4,5,7,1,0|1|3|1|2,0|0|0|0|0,0,10,3.890527,0.000768,10,3.890482,0.000869
4,5,7,1,0|1|3|1|0,0|0|0|1|1,0,10,3.905055,0.000931,10,3.905293,0.001059
4,5,7,1,0|1|3|1|1,0|0|0|1|0,0,10,3.893853,0.000972,10,3.893900,0.000389
4,5,7,1,0|1|3|1|0,0|0|0|2|0,0,10,3.850253,0.000346,10,3.850194,0.000680
4,5,7,1,0|1|3|2|0,0|0|0|0|1,0,10,3.891745,0.000715,10,3.892159,0.000618
4,5,7,1,0|1|3|2|1,0|0|0|0|0,0,10,3.875873,0.000929,10,3.875893,0.000854
4,5,7,1,0|1|3|2|0,0|0|0|1|0,0,10,3.841168,0.000569,10,3.841194,0.000348
4,5,7,1,0|1|3|3|0,0|0|0|0|0,0,10,3.822895,0.000618,10,3.823015,0.000581
4,5,7,1,0|1|3|0|0,0|0|1|0|2,0,10,3.874794,0.000828,10,3.874824,0.000753
4,5,7,1,0|1|3|0|1,0|0|1|0|1,0,10,3.871809,0.000810,10,3.871975,0.000461
4,5,7,1,0|1|3|0|2,0|0|1|0|0,0,10,3.849080,0.000898,10,3.849136,0.000624
4,5,7,1,0|1|3|0|0,0|0|1|1|1,0,10,3.884962,0.000674,10,3.884406,0.000826
4,5,7,1,0|1|3|0|1,0|0|1|1|0,0,10,3.870918,0.000844,10,3.871022,0.000570
4,5,7,1,0|1|3|0|0,0|0|1|2|0,0,10,3.821897,0.000514,10,3.822165,0.000689
4,5,7,1,0|1|3|1|0,0|0|1|0|1,0,10,3.868992,0.000784,10,3.868823,0.000703
4,5,7,1,0|1|3|1|1,0|0|1|0|0,0,10,3.848587,0.000697,10,3.847989,0.000444
4,5,7,1,0|1|3|1|0,0|0|1|1|0,0,10,3.816730,0.000496,10,3.816909,0.000496
4,5,7,1,0|1|3|2|0,0|0|1|0|0,0,10,3.792566,0.000473,10,3.792585,0.000598
4,5,7,1,0|1|3|0|0,0|0|2|0|1,0,10,3.808064,0.000782,10,3.808227,0.000697
4,5,7,1,0|1|3|0|1,0|0|2|0|0,0,10,3.781277,0.000356,10,3.781190,0.000422
4,5,7,1,0|1|3|0|0,0|0|2|1|0,0,10,3.762606,0.000519,10,3.762466,0.000402
4,5,7,1,0|1|3|1|0,0|0|2|0|0,0,10,3.734643,0.000259,10,3.734366,0.000385
4,5,7,1,0|1|3|0|0,0|0|3|0|0,0,10,3.586371,0.000462,10,3.585989,0.000490
4,5,7,1,0|1|4|0|0,0|0|0|0|2,0,10,3.874240,0.000764,10,3.874192,0.000545
4,5,7,1,0|1|4|0|1,0|0|0|0|1,0,10,3.871672,0.000685,10,3.871681,0.000601
4,5,7,1,0|1|4|0|2,0|0|0|0|0,0,10,3.847739,0.000689,10,3.848347,0.000681
4,5,7,1,0|1|4|0|0,0|0|0|1|1,0,10,3.884582,0.000685,10,3.884619,0.000576
4,5,7,1,0|1|4|0|1,0|0|0|1|0,0,10,3.870406,0.000786,10,3.870390,0.000431
4,5,7,1,0|1|4|0|0,0|0|0|2|0,0,10,3.821134,0.000620,10,3.821153,0.000825
4,5,7,1,0|1|4|1|0,0|0|0|0|1,0,10,3.868402,0.000405,10,3.868649,0.000805
4,5,7,1,0|1|4|1|1,0|0|0|0|0,0,10,3.847823,0.000619,10,3.847502,0.000736
4,5,7,1,0|1|4|1|0,0|0|0|1|0,0,10,3.816427,0.000607,10,3.816362,0.000554
4,5,7,1,0|1|4|2|0,0|0|0|0|0,0,10,3.791501,0.000533,10,3.791085,0.000356
4,5,7,1,0|1|4|0|0,0|0|1|0|1,0,10,3.807876,0.000618,10,3.807825,0.000576
4,5,7,1,0|1|4|0|1,0|0|1|0|0,0,10,3.780553,0.000616,10,3.780744,0.000368
4,5,7,1,0|1|4|0|0,0|0|1|1|0,0,10,3.762306,0.000402,10,3.762340,0.000562
4,5,7,1,0|1|4|1|0,0|0|1|0|0,0,10,3.734322,0.000730,10,3.734217,0.000567
4,5,7,1,0|1|4|0|0,0|0|2|0|0,0,10,3.586387,0.000549,10,3.586649,0.000430
4,5,7,1,0|1|5|0|0,0|0|0|0|1,0,10,3.807578,0.000505,10,3.807886,0.000777
4,5,7,1,0|1|5|0|1,0|0|0|0|0,0,10,3.780551,0.000544,10,3.780970,0.000811
4,5,7,1,0|1|5|0|0,0|0|0|1|0,0,10,3.761938,0.000352,10,3.761807,0.000506
4,5,7,1,0|1|5|1|0,0|0|0|0|0,0,10,3.733864,0.000709,10,3.733812,0.000589
4,5,7,1,0|1|5|0|0,0|0|1|0|0,0,10,3.586677,0.000482,10,3.586453,0.000770
4,5,7,1,0|1|6|0|0,0|0|0|0|0,0,10,3.586756,0.000584,10,3.586607,0.000268
4,5,7,1,0|1|0|0|0,0|1|0|0|5,0,10,3.886671,0.001080,10,3.887313,0.001339
4,5,7,1,0|1|0|0|1,0|1|0|0|4,0,10,3.888515,0.001450,10,3.888457,0.000961
4,5,7,1,0|1|0|0|2,0|1|0|0|3,0,10,3.887493,0.000817,10,3.887827,0.001099
4,5,7,1,0|1|0|0|3,0|1|0|0|2,0,10,3.885868,0.000621,10,3.885033,0.000724
4,5,7,1,0|1|0|0|4,0|1|0|0|1,0,10,3.882073,0.001259,10,3.882613,0.001194
4,5,7,1,0|1|0|0|5,0|1|0|0|0,0,10,3.876387,0.000450,10,3.876943,0.000887
4,5,7,1,0|1|0|0|0,0|1|0|1|4,0,10,3.926101,0.001016,10,3.926472,0.000640
4,5,7,1,0|1|0|0|1,0|1|0|1|3,0,10,3.927859,0.001051,10,3.928646,0.001213
4,5,7,1,0|1|0|0|2,0|1|0|1|2,0,10,3.926363,0.000783,10,3.926501,0.001148
4,5,7,1,0|1|0|0|3,0|1|0|1|1,0,10,3.923899,0.001040,10,3.924128,0.001158
4,5,7,1,0|1|0|0|4,0|1|0|1|0,0,10,3.918958,0.001456,10,3.919207,0.000953
4,5,7,1,0|1|0|0|0,0|1|0|2|3,0,10,3.926969,0.001209,10,3.927722,0.000849
4,5,7,1,0|1|0|0|1,0|1|0|2|2,0,10,3.928360,0.000944,10,3.928196,0.000731
4,5,7,1,0|1|0|0|2,0|1|0|2|1,0,10,3.925307,0.001281,10,3.925846,0.001090
4,5,7,1,0|1|0|0|3,0|1|0|2|0,0,10,3.918926,0.000930,10,3.918096,0.001174
4,5,7,1,0|1|0|0|0,0|1|0|3|2,0,10,3.918501,0.001204,10,3.918814,0.000970
4,5,7,1,0|1|0|0|1,0|1|0|3|1,0,10,3.918426,0.001112,10,3.918365,0.000808
4,5,7,1,0|1|0|0|2,0|1|0|3|0,0,10,3.907267,0.000759,10,3.906365,0.001053
4,5,7,1,0|1|0|0|0,0|1|0|4|1,0,10,3.890622,0.000775,10,3.890089,0.000509
4,5,7,1,0|1|0|0|1,0|1|0|4|0,0,10,3.877963,0.000801,10,3.878274,0.000501
4,5,7,1,0|1|0|0|0,0|1|0|5|0,0,10,3.781616,0.000549,10,3.781675,0.000446
4,5,7,1,0|1|0|1|0,0|1|0|0|4,0,10,3.921132,0.001154,10,3.920465,0.001263
4,5,7,1,0|1|0|1|1,0|1|0|0|3,0,10,3.921488,0.001223,10,3.921365,0.001134
4,5,7,1,0|1|0|1|2,0|1|0|0|2,0,10,3.918847,0.001280,10,3.919044,0.001320
4,5,7,1,0|1|0|1|3,0|1|0|0|1,0,10,3.915572,0.001441,10,3.915420,0.001128
4,5,7,1,0|1|0|1|4,0|1|0|0|0,0,10,3.909510,0.000752,10,3.909438,0.000609
4,5,7,1,0|1|0|1|0,0|1|0|1|3,0,10,3.925963,0.001004,10,3.926347,0.001136
4,5,7,1,0|1|0|1|1,0|1|0|1|2,0,10,3.926952,0.001312,10,3.926843,0.001333
4,5,7,1,0|1|0|1|2,0|1|0|1|1,0,10,3.923467,0.000978,10,3.923594,0.000652
4,5,7,1,0|1|0|1|3,0|1|0|1|0,0,10,3.916724,0.001024,10,3.916260,0.000718
4,5,7,1,0|1|0|1|0,0|1|0|2|2,0,10,3.918156,0.000875,10,3.918179,0.000797
4,5,7,1,0|1|0|1|1,0|1|0|2|1,0,10,3.917541,0.001304,10,3.917314,0.001134
4,5,7,1,0|1|0|1|2,0|1|0|2|0,0,10,3.906117,0.001060,10,3.906151,0.000970
4,5,7,1,0|1|0|1|0,0|1|0|3|1,0,10,3.890209,0.000585,10,3.889924,0.000706
4,5,7,1,0|1|0|1|1,0|1|0|3|0,0,10,3.877701,0.000663,10,3.877771,0.000673
4,5,7,1,0|1|0|1|0,0|1|0|4|0,0,10,3.783171,0.000343,10,3.783428,0.000396
4,5,7,1,0|1|0|2|0,0|1|0|0|3,0,10,3.921416,0.001252,10,3.921213,0.001341
4,5,7,1,0|1|0|2|1,0|1|0|0|2,0,10,3.921960,0.001054,10,3.921640,0.001118
4,5,7,1,0|1|0|2|2,0|1|0|0|1,0,10,3.916023,0.000878,10,3.916486,0.000863
4,5,7,1,0|1|0|2|3,0|1|0|0|0,0,10,3.906023,0.001050,10,3.905988,0.000494
4,5,7,1,0|1|0|2|0,0|1|0|1|2,0,10,3.915586,0.001063,10,3.915292,0.000990
4,5,7,1,0|1|0|2|1,0|1|0|1|1,0,10,3.913999,0.001096,10,3.914224,0.000712
4,5,7,1,0|1|0|2|2,0|1|0|1|0,0,10,3.901916,0.000632,10,3.900986,0.000722
4,5,7,1,0|1|0|2|0,0|1|0|2|1,0,10,3.887928,0.000818,10,3.887522,0.000513
4,5,7,1,0|1|0|2|1,0|1|0|2|0,0,10,3.874161,0.000735,10,3.874144,0.000726
4,5,7,1,0|1|0|2|0,0|1|0|3|0,0,10,3.782654,0.000440,10,3.782413,0.000471
4,5,7,1,0|1|0|3|0,0|1|0|0|2,0,10,3.910619,0.000939,10,3.910969,0.000661
4,5,7,1,0|1|0|3|1,0|1|0|0|1,0,10,3.909293,0.000996,10,3.909614,0.000696
4,5,7,1,0|1|0|3|2,0|1|0|0|0,0,10,3.893495,0.000954,10,3.893510,0.000719
4,5,7,1,0|1|0|3|0,0|1|0|1|1,0,10,3.885740,0.000693,10,3.885261,0.000649
4,5,7,1,0|1|0|3|1,0|1|0|1|0,0,10,3.870811,0.000686,10,3.870863,0.000636
4,5,7,1,0|1|0|3|0,0|1|0|2|0,0,10,3.781100,0.000392,10,3.780842,0.000742
4,5,7,1,0|1|0|4|0,0|1|0|0|1,0,10,3.881192,0.000650,10,3.881009,0.000860
4,5,7,1,0|1|0|4|1,0|1|0|0|0,0,10,3.865807,0.000678,10,3.865413,0.000929
4,5,7,1,0|1|0|4|0,0|1|0|1|0,0,10,3.778492,0.000412,10,3.778397,0.000603
4,5,7,1,0|1|0|5|0,0|1|0|0|0,0,10,3.773709,0.000525,10,3.773713,0.000288
4,5,7,1,0|1|0|0|0,0|1|1|0|4,0,10,3.911320,0.000605,10,3.911105,0.000706
4,5,7,1,0|1|0|0|1,0|1|1|0|3,0,10,3.913103,0.000738,10,3.913197,0.001294
4,5,7,1,0|1|0|0|2,0|1|1|0|2,0,10,3.911421,0.001004,10,3.911105,0.000505
4,5,7,1,0|1|0|0|3,0|1|1|0|1,0,10,3.907571,0.000774,10,3.907291,0.001080
4,5,7,1,0|1|0|0|4,0|1|1|0|0,0,10,3.901079,0.001013,10,3.901375,0.000728
4,5,7,1,0|1|0|0|0,0|1|1|1|3,0,10,3.934903,0.000932,10,3.933481,0.000990
4,5,7,1,0|1|0|0|1,0|1|1|1|2,0,10,3.934642,0.001396,10,3.934850,0.001071
4,5,7,1,0|1|0|0|2,0|1|1|1|1,0,10,3.932474,0.000958,10,3.932168,0.001317
4,5,7,1,0|1|0|0|3,0|1|1|1|0,0,10,3.927351,0.001207,10,3.927083,0.000665
4,5,7,1,0|1|0|0|0,0|1|1|2|2,0,10,3.933357,0.001335,10,3.932919,0.001128
4,5,7,1,0|1|0|0|1,0|1|1|2|1,0,10,3.933494,0.000763,10,3.934244,0.000763
4,5,7,1,0|1|0|0|2,0|1|1|2|0,0,10,3.926408,0.000780,10,3.926427,0.000610
4,5,7,1,0|1|0|0|0,0|1|1|3|1,0,10,3.920625,0.001022,10,3.920509,0.001242
4,5,7,1,0|1|0|0|1,0|1|1|3|0,0,10,3.913613,0.000809,10,3.913119,0.000880
4,5,7,1,0|1|0|0|0,0|1|1|4|0,0,10,3.862784,0.000686,10,3.863138,0.000427
4,5,7,1,0|1|0|1|0,0|1|1|0|3,0,10,3.928971,0.001266,10,3.928163,0.001344
4,5,7,1,0|1|0|1|1,0|1|1|0|2,0,10,3.928488,0.001108,10,3.928340,0.001174
4,5,7,1,0|1|0|1|2,0|1|1|0|1,0,10,3.924724,0.001250,10,3.925097,0.001101
4,5,7,1,0|1|0|1|3,0|1|1|0|0,0,10,3.916844,0.001190,10,3.917327,0.000755
4,5,7,1,0|1|0|1|0,0|1|1|1|2,0,10,3.932264,0.000646,10,3.931619,0.001061
4,5,7,1,0|1|0|1|1,0|1|1|1|1,0,10,3.930870,0.000584,10,3.930936,0.000699
4,5,7,1,0|1|0|1|2,0|1|1|1|0,0,10,3.924183,0.001084,10,3.923866,0.000495
4,5,7,1,0|1|0|1|0,0|1|1|2|1,0,10,3.920318,0.000665,10,3.919927,0.000971
4,5,7,1,0|1|0|1|1,0|1|1|2|0,0,10,3.912631,0.000651,10,3.912989,0.000482
4,5,7,1,0|1|0|1|0,0|1|1|3|0,0,10,3.864152,0.000717,10,3.864286,0.000734
4,5,7,1,0|1|0|2|0,0|1|1|0|2,0,10,3.926249,0.001545,10,3.926090,0.001137
4,5,7,1,0|1|0|2|1,0|1|1|0|1,0,10,3.923562,0.000867,10,3.923738,0.001190
4,5,7,1,0|1|0|2|2,0|1|1|0|0,0,10,3.913271,0.001018,10,3.912694,0.001202
4,5,7,1,0|1|0|2|0,0|1|1|1|1,0,10,3.915952,0.000854,10,3.916411,0.001153
4,5,7,1,0|1|0|2|1,0|1|1|1|0,0,10,3.907777,0.000700,10,3.907708,0.000939
4,5,7,1,0|1|0|2|0,0|1|1|2|0,0,10,3.861204,0.000591,10,3.861048,0.000562
4,5,7,1,0|1|0|3|0,0|1|1|0|1,0,10,3.909702,0.000504,10,3.909821,0.000796
4,5,7,1,0|1|0|3|1,0|1|1|0|0,0,10,3.898855,0.000625,10,3.898761,0.000577
4,5,7,1,0|1|0|3|0,0|1|1|1|0,0,10,3.856091,0.000380,10,3.856188,0.000781
4,5,7,1,0|1|0|4|0,0|1|1|0|0,0,10,3.846384,0.000642,10,3.846858,0.000566
4,5,7,1,0|1|0|0|0,0|1|2|0|3,0,10,3.903636,0.001070,10,3.903668,0.000989
4,5,7,1,0|1|0|0|1,0|1|2|0|2,0,10,3.905044,0.001310,10,3.904412,0.000890
4,5,7,1,0|1|0|0|2,0|1|2|0|1,0,10,3.899253,0.001068,10,3.899679,0.001064
4,5,7,1,0|1|0|0|3,0|1|2|0|0,0,10,3.888043,0.001103,10,3.887530,0.001154
4,5,7,1,0|1|0|0|0,0|1|2|1|2,0,10,3.923310,0.000649,10,3.924088,0.000815
4,5,7,1,0|1|0|0|1,0|1|2|1|1,0,10,3.923342,0.000794,10,3.922561,0.001328
4,5,7,1,0|1|0|0|2,0|1|2|1|0,0,10,3.913308,0.001339,10,3.913191,0.000669
4,5,7,1,0|1|0|0|0,0|1|2|2|1,0,10,3.913622,0.000548,10,3.913653,0.000819
4,5,7,1,0|1|0|0|1,0|1|2|2|0,0,10,3.904978,0.001068,10,3.905011,0.000726
4,5,7,1,0|1|0|0|0,0|1|2|3|0,0,10,3.856310,0.001159,10,3.855949,0.000609
4,5,7,1,0|1|0|1|0,0|1|2|0|2,0,10,3.916120,0.001008,10,3.916296,0.000967
4,5,7,1,0|1|0|1|1,0|1|2|0|1,0,10,3.912861,0.000919,10,3.912621,0.000542
4,5,7,1,0|1|0|1|2,0|1|2|0|0,0,10,3.900747,0.000920,10,3.899838,0.000579
4,5,7,1,0|1|0|1|0,0|1|2|1|1,0,10,3.910791,0.000687,10,3.911333,0.001002
4,5,7,1,0|1|0|1|1,0|1|2|1|0,0,10,3.901838,0.000726,10,3.901475,0.000816
4,5,7,1,0|1|0|1|0,0|1|2|2|0,0,10,3.857073,0.000928,10,3.856870,0.000753
4,5,7,1,0|1|0|2|0,0|1|2|0|1,0,10,3.900887,0.000896,10,3.900523,0.000743
4,5,7,1,0|1|0|2|1,0|1|2|0|0,0,10,3.887350,0.000888,10,3.887286,0.000864
4,5,7,1,0|1|0|2|0,0|1|2|1|0,0,10,3.849725,0.000433,10,3.849611,0.000651
4,5,7,1,0|1|0|3|0,0|1|2|0|0,0,10,3.835488,0.000322,10,3.835675,0.000440
4,5,7,1,0|1|0|0|0,0|1|3|0|2,0,10,3.878019,0.000990,10,3.877949,0.000861
4,5,7,1,0|1|0|0|1,0|1|3|0|1,0,10,3.876439,0.000797,10,3.876208,0.000834
4,5,7,1,0|1|0|0|2,0|1|3|0|0,0,10,3.855947,0.000975,10,3.856074,0.000681
4,5,7,1,0|1|0|0|0,0|1|3|1|1,0,10,3.890054,0.000502,10,3.890117,0.000519
4,5,7,1,0|1|0|0|1,0|1|3|1|0,0,10,3.877769,0.000577,10,3.878244,0.000772
4,5,7,1,0|1|0|0|0,0|1|3|2|0,0,10,3.828378,0.000683,10,3.828693,0.000411
4,5,7,1,0|1|0|1|0,0|1|3|0|1,0,10,3.877018,0.000344,10,3.877678,0.000845
4,5,7,1,0|1|0|1|1,0|1|3|0|0,0,10,3.859024,0.000674,10,3.859215,0.000399
4,5,7,1,0|1|0|1|0,0|1|3|1|0,0,10,3.824807,0.000701,10,3.824978,0.000571
4,5,7,1,0|1|0|2|0,0|1|3|0|0,0,10,3.804363,0.000342,10,3.804639,0.000552
4,5,7,1,0|1|0|0|0,0|1|4|0|1,0,10,3.812046,0.000501,10,3.812045,0.000533
4,5,7,1,0|1|0|0|1,0|1|4|0|0,0,10,3.787720,0.000494,10,3.787628,0.000372
4,5,7,1,0|1|0|0|0,0|1|4|1|0,0,10,3.768334,0.000592,10,3.768104,0.000450
4,5,7,1,0|1|0|1|0,0|1|4|0|0,0,10,3.743700,0.000216,10,3.743720,0.000362
4,5,7,1,0|1|0|0|0,0|1|5|0|0,0,10,3.582329,0.000467,10,3.582649,0.000387
4,5,7,1,0|1|1|0|0,0|1|0|0|4,0,10,3.908344,0.000829,10,3.908205,0.000663
4,5,7,1,0|1|1|0|1,0|1|0|0|3,0,10,3.908614,0.001014,10,3.908510,0.000927
4,5,7,1,0|1|1|0|2,0|1|0|0|2,0,10,3.906287,0.000590,10,3.906412,0.001462
4,5,7,1,0|1|1|0|3,0|1|0|0|1,0,10,3.902436,0.000796,10,3.902424,0.001102
4,5,7,1,0|1|1|0|4,0|1|0|0|0,0,10,3.892996,0.001044,10,3.893489,0.000702
4,5,7,1,0|1|1|0|0,0|1|0|1|3,0,10,3.930919,0.000982,10,3.929940,0.000904
4,5,7,1,0|1|1|0|1,0|1|0|1|2,0,10,3.930530,0.000955,10,3.930620,0.001314
4,5,7,1,0|1|1|0|2,0|1|0|1|1,0,10,3.927662,0.001172,10,3.928456,0.000767
4,5,7,1,0|1|1|0|3,0|1|0|1|0,0,10,3.921304,0.001233,10,3.921313,0.000945
4,5,7,1,0|1|1|0|0,0|1|0|2|2,0,10,3.929471,0.001021,10,3.929043,0.001200
4,5,7,1,0|1|1|0|1,0|1|0|2|1,0,10,3.928611,0.000877,10,3.928748,0.000726
4,5,7,1,0|1|1|0|2,0|1|0|2|0,0,10,3.920032,0.000945,10,3.919857,0.000984
4,5,7,1,0|1|1|0|0,0|1|0|3|1,0,10,3.914479,0.001185,10,3.914477,0.000346
4,5,7,1,0|1|1|0|1,0|1|0|3|0,0,10,3.906099,0.000913,10,3.905782,0.000575
4,5,7,1,0|1|1|0|0,0|1|0|4|0,0,10,3.851861,0.000611,10,3.851558,0.000585
4,5,7,1,0|1|1|1|0,0|1|0|0|3,0,10,3.923079,0.001138,10,3.923447,0.001473
4,5,7,1,0|1|1|1|1,0|1|0|0|2,0,10,3.922337,0.000941,10,3.922287,0.000989
4,5,7,1,0|1|1|1|2,0|1|0|0|1,0,10,3.917212,0.001430,10,3.918014,0.000969
4,5,7,1,0|1|1|1|3,0|1|0|0|0,0,10,3.908389,0.000669,10,3.908156,0.000997
4,5,7,1,0|1|1|1|0,0|1|0|1|2,0,10,3.926104,0.000990,10,3.926995,0.000943
4,5,7,1,0|1|1|1|1,0|1|0|1|1,0,10,3.924974,0.000837,10,3.925292,0.000928
4,5,7,1,0|1|1|1|2,0|1|0|1|0,0,10,3.915951,0.000968,10,3.915541,0.000861
4,5,7,1,0|1|1|1|0,0|1|0|2|1,0,10,3.912812,0.000284,10,3.912925,0.000884
4,5,7,1,0|1|1|1|1,0|1|0|2|0,0,10,3.903642,0.000219,10,3.903518,0.000566
4,5,7,1,0|1|1|1|0,0|1|0|3|0,0,10,3.852152,0.000612,10,3.852322,0.000530
4,5,7,1,0|1|1|2|0,0|1|0|0|2,0,10,3.919055,0.000833,10,3.918478,0.000689
4,5,7,1,0|1|1|2|1,0|1|0|0|1,0,10,3.915537,0.001013,10,3.915773,0.000935
4,5,7,1,0|1|1|2|2,0|1|0|0|0,0,10,3.902757,0.000881,10,3.902307,0.001059
4,5,7,1,0|1|1|2|0,0|1|0|1|1,0,10,3.907830,0.000667,10,3.908211,0.000672
4,5,7,1,0|1|1|2|1,0|1|0|1|0,0,10,3.897821,0.000540,10,3.897405,0.000793
4,5,7,1,0|1|1|2|0,0|1|0|2|0,0,10,3.847990,0.000781,10,3.848183,0.000667
4,5,7,1,0|1|1|3|0,0|1|0|0|1,0,10,3.900389,0.000910,10,3.900067,0.000596
4,5,7,1,0|1|1|3|1,0|1|0|0|0,0,10,3.886604,0.000665,10,3.887178,0.000797
4,5,7,1,0|1|1|3|0,0|1|0|1|0,0,10,3.842476,0.000454,10,3.842434,0.000359
4,5,7,1,0|1|1|4|0,0|1|0|0|0,0,10,3.831621,0.000672,10,3.831722,0.000363
4,5,7,1,0|1|1|0|0,0|1|1|0|3,0,10,3.902996,0.000959,10,3.903171,0.001000
4,5,7,1,0|1|1|0|1,0|1|1|0|2,0,10,3.902956,0.000919,10,3.903499,0.001002
4,5,7,1,0|1|1|0|2,0|1|1|0|1,0,10,3.897930,0.000627,10,3.898382,0.001140
4,5,7,1,0|1|1|0|3,0|1|1|0|0,0,10,3.885812,0.001176,10,3.885408,0.000866
4,5,7,1,0|1|1|0|0,0|1|1|1|2,0,10,3.921594,0.001168,10,3.921801,0.000848
4,5,7,1,0|1|1|0|1,0|1|1|1|1,0,10,3.920610,0.000980,10,3.920895,0.001126
4,5,7,1,0|1|1|0|2,0|1|1|1|0,0,10,3.910339,0.001296,10,3.910883,0.000719
4,5,7,1,0|1|1|0|0,0|1|1|2|1,0,10,3.910968,0.000687,10,3.911408,0.000602
4,5,7,1,0|1|1|0|1,0|1|1|2|0,0,10,3.902010,0.000877,10,3.902057,0.000593
4,5,7,1,0|1|1|0|0,0|1|1|3|0,0,10,3.853605,0.000681,10,3.854209,0.000718
4,5,7,1,0|1|1|1|0,0|1|1|0|2,0,10,3.912589,0.000757,10,3.912688,0.000424
4,5,7,1,0|1|1|1|1,0|1|1|0|1,0,10,3.908828,0.000732,10,3.908542,0.000865
4,5,7,1,0|1|1|1|2,0|1|1|0|0,0,10,3.895094,0.001202,10,3.895006,0.000842
4,5,7,1,0|1|1|1|0,0|1|1|1|1,0,10,3.907369,0.000433,10,3.907416,0.000684
4,5,7,1,0|1|1|1|1,0|1|1|1|0,0,10,3.896966,0.000562,10,3.896691,0.000823
4,5,7,1,0|1|1|1|0,0|1|1|2|0,0,10,3.852845,0.000266,10,3.852758,0.000472
4,5,7,1,0|1|1|2|0,0|1|1|0|1,0,10,3.896430,0.000714,10,3.896303,0.000460
4,5,7,1,0|1|1|2|1,0|1|1|0|0,0,10,3.881976,0.000798,10,3.881645,0.000670
4,5,7,1,0|1|1|2|0,0|1|1|1|0,0,10,3.845675,0.000464,10,3.845693,0.000754
4,5,7,1,0|1|1|3|0,0|1|1|0|0,0,10,3.830811,0.000541,10,3.830734,0.000714
4,5,7,1,0|1|1|0|0,0|1|2|0|2,0,10,3.877867,0.001091,10,3.877944,0.000941
4,5,7,1,0|1|1|0|1,0|1|2|0|1,0,10,3.874908,0.000705,10,3.875286,0.000680
4,5,7,1,0|1|1|0|2,0|1|2|0|0,0,10,3.854365,0.000917,10,3.854478,0.000636
4,5,7,1,0|1|1|0|0,0|1|2|1|1,0,10,3.887759,0.000371,10,3.887938,0.000781
4,5,7,1,0|1|1|0|1,0|1|2|1|0,0,10,3.874920,0.000713,10,3.874686,0.000307
4,5,7,1,0|1|1|0|0,0|1|2|2|0,0,10,3.826892,0.000848,10,3.827167,0.000534
4,5,7,1,0|1|1|1|0,0|1|2|0|1,0,10,3.873241,0.000715,10,3.873688,0.000677
4,5,7,1,0|1|1|1|1,0|1|2|0|0,0,10,3.853646,0.000332,10,3.853603,0.000579
4,5,7,1,0|1|1|1|0,0|1|2|1|0,0,10,3.821915,0.000560,10,3.821628,0.000590
4,5,7,1,0|1|1|2|0,0|1|2|0|0,0,10,3.800335,0.000546,10,3.800955,0.000605
4,5,7,1,0|1|1|0|0,0|1|3|0|1,0,10,3.811492,0.000812,10,3.811907,0.000531
4,5,7,1,0|1|1|0|1,0|1|3|0|0,0,10,3.786030,0.000449,10,3.785796,0.000448
4,5,7,1,0|1|1|0|0,0|1|3|1|0,0,10,3.767233,0.000610,10,3.767498,0.000286
4,5,7,1,0|1|1|1|0,0|1|3|0|0,0,10,3.740690,0.000574,10,3.740702,0.000490
4,5,7,1,0|1|1|0|0,0|1|4|0|0,0,10,3.588276,0.000761,10,3.588409,0.000486
4,5,7,1,0|1|2|0|0,0|1|0|0|3,0,10,3.899934,0.000992,10,3.900345,0.000802
4,5,7,1,0|1|2|0|1,0|1|0|0|2,0,10,3.901061,0.000958,10,3.900839,0.000653
4,5,7,1,0|1|2|0|2,0|1|0|0|1,0,10,3.894668,0.001170,10,3.893835,0.000903
4,5,7,1,0|1|2|0|3,0|1|0|0|0,0,10,3.879843,0.000667,10,3.880081,0.001324
4,5,7,1,0|1|2|0|0,0|1|0|1|2,0,10,3.919056,0.000676,10,3.918214,0.001063
4,5,7,1,0|1|2|0|1,0|1|0|1|1,0,10,3.918320,0.001241,10,3.918267,0.001120
4,5,7,1,0|1|2|0|2,0|1|0|1|0,0,10,3.906714,0.000982,10,3.906591,0.000748
4,5,7,1,0|1|2|0|0,0|1|0|2|1,0,10,3.908201,0.000875,10,3.907752,0.000850
4,5,7,1,0|1|2|0|1,0|1|0|2|0,0,10,3.897512,0.000912,10,3.897814,0.000561
4,5,7,1,0|1|2|0|0,0|1|0|3|0,0,10,3.848132,0.000552,10,3.848207,0.000607
4,5,7,1,0|1|2|1|0,0|1|0|0|2,0,10,3.909343,0.000746,10,3.908826,0.000642
4,5,7,1,0|1|2|1|1,0|1|0|0|1,0,10,3.903683,0.001370,10,3.904730,0.001269
4,5,7,1,0|1|2|1|2,0|1|0|0|0,0,10,3.889081,0.000981,10,3.888861,0.000941
4,5,7,1,0|1|2|1|0,0|1|0|1|1,0,10,3.903656,0.000737,10,3.903831,0.000734
4,5,7,1,0|1|2|1|1,0|1|0|1|0,0,10,3.892014,0.000682,10,3.891935,0.000895
4,5,7,1,0|1|2|1|0,0|1|0|2|0,0,10,3.846917,0.000427,10,3.847415,0.000677
4,5,7,1,0|1|2|2|0,0|1|0|0|1,0,10,3.890180,0.000810,10,3.890594,0.000638
4,5,7,1,0|1|2|2|1,0|1|0|0|0,0,10,3.874185,0.000675,10,3.874368,0.000796
4,5,7,1,0|1|2|2|0,0|1|0|1|0,0,10,3.838197,0.000552,10,3.838626,0.000593
4,5,7,1,0|1|2|3|0,0|1|0|0|0,0,10,3.821167,0.000590,10,3.821567,0.000531
4,5,7,1,0|1|2|0|0,0|1|1|0|2,0,10,3.876437,0.000586,10,3.876091,0.000963
4,5,7,1,0|1|2|0|1,0|1|1|0|1,0,10,3.872725,0.000903,10,3.872680,0.000544
4,5,7,1,0|1|2|0|2,0|1|1|0|0,0,10,3.851493,0.000744,10,3.851334,0.000801
4,5,7,1,0|1|2|0|0,0|1|1|1|1,0,10,3.885871,0.000690,10,3.886137,0.000643
4,5,7,1,0|1|2|0|1,0|1|1|1|0,0,10,3.872407,0.000535,10,3.872600,0.000774
4,5,7,1,0|1|2|0|0,0|1|1|2|0,0,10,3.824425,0.000642,10,3.824588,0.000418
4,5,7,1,0|1|2|1|0,0|1|1|0|1,0,10,3.869986,0.000391,10,3.870555,0.000519
4,5,7,1,0|1|2|1|1,0|1|1|0|0,0,10,3.849651,0.000628,10,3.850171,0.000465
4,5,7,1,0|1|2|1|0,0|1|1|1|0,0,10,3.819098,0.000549,10,3.818660,0.000639
4,5,7,1,0|1|2|2|0,0|1|1|0|0,0,10,3.795954,0.000714,10,3.795906,0.000688
4,5,7,1,0|1|2|0|0,0|1|2|0|1,0,10,3.810989,0.000635,10,3.811102,0.000437
4,5,7,1,0|1|2|0|1,0|1|2|0|0,0,10,3.784118,0.000530,10,3.784066,0.000490
4,5,7,1,0|1|2|0|0,0|1|2|1|0,0,10,3.766031,0.000398,10,3.766132,0.000542
4,5,7,1,0|1|2|1|0,0|1|2|0|0,0,10,3.738535,0.000467,10,3.738499,0.000571
4,5,7,1,0|1|2|0|0,0|1|3|0|0,0,10,3.590182,0.000473,10,3.590422,0.000714
4,5,7,1,0|1|3|0|0,0|1|0|0|2,0,10,3.874424,0.000642,10,3.874899,0.000909
4,5,7,1,0|1|3|0|1,0|1|0|0|1,0,10,3.871838,0.000883,10,3.871914,0.000990
4,5,7,1,0|1|3|0|2,0|1|0|0|0,0,10,3.848377,0.000581,10,3.848381,0.000497
4,5,7,1,0|1|3|0|0,0|1|0|1|1,0,10,3.884925,0.001035,10,3.884651,0.000746
4,5,7,1,0|1|3|0|1,0|1|0|1|0,0,10,3.870984,0.000662,10,3.870539,0.000649
4,5,7,1,0|1|3|0|0,0|1|0|2|0,0,10,3.822216,0.000449,10,3.821851,0.000630
4,5,7,1,0|1|3|1|0,0|1|0|0|1,0,10,3.868433,0.000576,10,3.868789,0.000789
4,5,7,1,0|1|3|1|1,0|1|0|0|0,0,10,3.847745,0.001241,10,3.847689,0.000543
4,5,7,1,0|1|3|1|0,0|1|0|1|0,0,10,3.816833,0.000590,10,3.817163,0.000493
4,5,7,1,0|1|3|2|0,0|1|0|0|0,0,10,3.792216,0.000479,10,3.791803,0.000594
4,5,7,1,0|1|3|0|0,0|1|1|0|1,0,10,3.810078,0.000742,10,3.810361,0.000536
4,5,7,1,0|1|3|0|1,0|1|1|0|0,0,10,3.783630,0.000380,10,3.783243,0.000321
4,5,7,1,0|1|3|0|0,0|1|1|1|0,0,10,3.765179,0.000635,10,3.765455,0.000447
4,5,7,1,0|1|3|1|0,0|1|1|0|0,0,10,3.737556,0.000292,10,3.737562,0.000674
4,5,7,1,0|1|3|0|0,0|1|2|0|0,0,10,3.591378,0.000663,10,3.591569,0.000490
4,5,7,1,0|1|4|0|0,0|1|0|0|1,0,10,3.809756,0.000443,10,3.809784,0.000615
4,5,7,1,0|1|4|0|1,0|1|0|0|0,0,10,3.782890,0.000684,10,3.782578,0.000591
4,5,7,1,0|1|4|0|0,0|1|0|1|0,0,10,3.764530,0.000370,10,3.764657,0.000512
4,5,7,1,0|1|4|1|0,0|1|0|0|0,0,10,3.736742,0.000792,10,3.736626,0.000378
4,5,7,1,0|1|4|0|0,0|1|1|0|0,0,10,3.591939,0.000550,10,3.591702,0.000467
4,5,7,1,0|1|5|0|0,0|1|0|0|0,0,10,3.591003,0.000295,10,3.591385,0.000360
4,5,7,1,0|1|0|0|0,0|2|0|0|4,0,10,3.874932,0.000895,10,3.874758,0.000970
4,5,7,1,0|1|0|0|1,0|2|0|0|3,0,10,3.877044,0.000863,10,3.877160,0.001029
4,5,7,1,0|1|0|0|2,0|2|0|0|2,0,10,3.874649,0.000896,10,3.874403,0.001073
4,5,7,1,0|1|0|0|3,0|2|0|0|1,0,10,3.869651,0.000951,10,3.869036,0.000931
4,5,7,1,0|1|0|0|4,0|2|0|0|0,0,10,3.858393,0.000588,10,3.858405,0.000618
4,5,7,1,0|1|0|0|0,0|2|0|1|3,0,10,3.916349,0.000904,10,3.915600,0.000800
4,5,7,1,0|1|0|0|1,0|2|0|1|2,0,10,3.916684,0.000693,10,3.917608,0.000757
4,5,7,1,0|1|0|0|2,0|2|0|1|1,0,10,3.912762,0.000562,10,3.912937,0.000650
4,5,7,1,0|1|0|0|3,0|2|0|1|0,0,10,3.904285,0.001136,10,3.904441,0.000923
4,5,7,1,0|1|0|0|0,0|2|0|2|2,0,10,3.911221,0.000986,10,3.910897,0.001110
4,5,7,1,0|1|0|0|1,0|2|0|2|1,0,10,3.910621,0.000588,10,3.910817,0.000932
4,5,7,1,0|1|0|0|2,0|2|0|2|0,0,10,3.897674,0.000921,10,3.897979,0.000740
4,5,7,1,0|1|0|0|0,0|2|0|3|1,0,10,3.883383,0.001087,10,3.883854,0.000761
4,5,7,1,0|1|0|0|1,0|2|0|3|0,0,10,3.870213,0.000622,10,3.870255,0.000745
4,5,7,1,0|1|0|0|0,0|2|0|4|0,0,10,3.772349,0.000464,10,3.772381,0.000410
4,5,7,1,0|1|0|1|0,0|2|0|0|3,0,10,3.908702,0.001055,10,3.909022,0.001088
4,5,7,1,0|1|0|1|1,0|2|0|0|2,0,10,3.907614,0.001084,10,3.907421,0.000783
4,5,7,1,0|1|0|1|2,0|2|0|0|1,0,10,3.901809,0.000810,10,3.901788,0.001086
4,5,7,1,0|1|0|1|3,0|2|0|0|0,0,10,3.890431,0.000950,10,3.890649,0.000998
4,5,7,1,0|1|0|1|0,0|2|0|1|2,0,10,3.909521,0.001249,10,3.909067,0.000841
4,5,7,1,0|1|0|1|1,0|2|0|1|1,0,10,3.907499,0.000797,10,3.907235,0.001301
4,5,7,1,0|1|0|1|2,0|2|0|1|0,0,10,3.894187,0.000849,10,3.894807,0.000798
4,5,7,1,0|1|0|1|0,0|2|0|2|1,0,10,3.883047,0.000983,10,3.883020,0.000736
4,5,7,1,0|1|0|1|1,0|2|0|2|0,0,10,3.868197,0.000762,10,3.868464,0.000488
4,5,7,1,0|1|0|1|0,0|2|0|3|0,0,10,3.774311,0.000272,10,3.774033,0.000513
4,5,7,1,0|1|0|2|0,0|2|0|0|2,0,10,3.901601,0.000994,10,3.901722,0.000783
4,5,7,1,0|1|0|2|1,0|2|0|0|1,0,10,3.898174,0.000833,10,3.898430,0.000916
4,5,7,1,0|1|0|2|2,0|2|0|0|0,0,10,3.880609,0.000669,10,3.881070,0.000596
4,5,7,1,0|1|0|2|0,0|2|0|1|1,0,10,3.878415,0.000661,10,3.878428,0.000738
4,5,7,1,0|1|0|2|1,0|2|0|1|0,0,10,3.862822,0.000740,10,3.862667,0.001002
4,5,7,1,0|1|0|2|0,0|2|0|2|0,0,10,3.772033,0.000384,10,3.771937,0.000522
4,5,7,1,0|1|0|3|0,0|2|0|0|1,0,10,3.871510,0.000662,10,3.871692,0.000811
4,5,7,1,0|1|0|3|1,0|2|0|0|0,0,10,3.853299,0.000692,10,3.853370,0.000656
4,5,7,1,0|1|0|3|0,0|2|0|1|0,0,10,3.768343,0.000547,10,3.768289,0.000549
4,5,7,1,0|1|0|4|0,0|2|0|0|0,0,10,3.760625,0.000584,10,3.760517,0.000504
4,5,7,1,0|1|0|0|0,0|2|1|0|3,0,10,3.897495,0.001135,10,3.897191,0.001377
4,5,7,1,0|1|0|0|1,0|2|1|0|2,0,10,3.899246,0.001127,10,3.898954,0.001136
4,5,7,1,0|1|0|0|2,0|2|1|0|1,0,10,3.893154,0.000843,10,3.893062,0.000766
4,5,7,1,0|1|0|0|3,0|2|1|0|0,0,10,3.880365,0.000781,10,3.880711,0.000780
4,5,7,1,0|1|0|0|0,0|2|1|1|2,0,10,3.919085,0.000845,10,3.919086,0.000492
4,5,7,1,0|1|0|0|1,0|2|1|1|1,0,10,3.917928,0.001237,10,3.918529,0.001058
4,5,7,1,0|1|0|0|2,0|2|1|1|0,0,10,3.908098,0.000754,10,3.907849,0.000919
4,5,7,1,0|1|0|0|0,0|2|1|2|1,0,10,3.907635,0.000814,10,3.907889,0.000409
4,5,7,1,0|1|0|0|1,0|2|1|2|0,0,10,3.898538,0.000683,10,3.898508,0.000833
4,5,7,1,0|1|0|0|0,0|2|1|3|0,0,10,3.844123,0.000767,10,3.844409,0.000773
4,5,7,1,0|1|0|1|0,0|2|1|0|2,0,10,3.911072,0.000973,10,3.911160,0.000637
4,5,7,1,0|1|0|1|1,0|2|1|0|1,0,10,3.907516,0.001033,10,3.907390,0.000752
4,5,7,1,0|1|0|1|2,0|2|1|0|0,0,10,3.893870,0.000944,10,3.893818,0.000662
4,5,7,1,0|1|0|1|0,0|2|1|1|1,0,10,3.905168,0.000493,10,3.904935,0.000839
4,5,7,1,0|1|0|1|1,0|2|1|1|0,0,10,3.894641,0.000708,10,3.895063,0.000783
4,5,7,1,0|1|0|1|0,0|2|1|2|0,0,10,3.844568,0.000619,10,3.844242,0.000651
4,5,7,1,0|1|0|2|0,0|2|1|0|1,0,10,3.894607,0.000703,10,3.894033,0.000951
4,5,7,1,0|1|0|2|1,0|2|1|0|0,0,10,3.879736,0.000702,10,3.879586,0.000723
4,5,7,1,0|1|0|2|0,0|2|1|1|0,0,10,3.837958,0.000432,10,3.837788,0.000502
4,5,7,1,0|1|0|3|0,0|2|1|0|0,0,10,3.823484,0.000292,10,3.823726,0.000544
4,5,7,1,0|1|0|0|0,0|2|2|0|2,0,10,3.876094,0.000630,10,3.876375,0.000772
4,5,7,1,0|1|0|0|1,0|2|2|0|1,0,10,3.874135,0.000806,10,3.874011,0.001027
4,5,7,1,0|1|0|0|2,0|2|2|0|0,0,10,3.853889,0.000747,10,3.854068,0.000894
4,5,7,1,0|1|0|0|0,0|2|2|1|1,0,10,3.887908,0.000863,10,3.887955,0.000456
4,5,7,1,0|1|0|0|1,0|2|2|1|0,0,10,3.875956,0.000787,10,3.875250,0.000598
4,5,7,1,0|1|0|0|0,0|2|2|2|0,0,10,3.825088,0.000394,10,3.825196,0.000456
4,5,7,1,0|1|0|1|0,0|2|2|0|1,0,10,3.874554,0.000648,10,3.874382,0.000514
4,5,7,1,0|1|0|1|1,0|2|2|0|0,0,10,3.856556,0.000588,10,3.855852,0.000916
4,5,7,1,0|1|0|1|0,0|2|2|1|0,0,10,3.821347,0.000322,10,3.821600,0.000642
4,5,7,1,0|1|0|2|0,0|2|2|0|0,0,10,3.800941,0.000674,10,3.800800,0.000582
4,5,7,1,0|1|0|0|0,0|2|3|0|1,0,10,3.811000,0.000910,10,3.811079,0.000636
4,5,7,1,0|1|0|0|1,0|2|3|0|0,0,10,3.786392,0.000405,10,3.786463,0.000607
4,5,7,1,0|1|0|0|0,0|2|3|1|0,0,10,3.766958,0.000463,10,3.767137,0.000533
4,5,7,1,0|1|0|1|0,0|2|3|0|0,0,10,3.742699,0.000535,10,3.742668,0.000719
4,5,7,1,0|1|0|0|0,0|2|4|0|0,0,10,3.582212,0.000496,10,3.582012,0.000514
4,5,7,1,0|1|1|0|0,0|2|0|0|3,0,10,3.892126,0.001514,10,3.892201,0.000573
4,5,7,1,0|1|1|0|1,0|2|0|0|2,0,10,3.892783,0.001148,10,3.892977,0.001095
4,5,7,1,0|1|1|0|2,0|2|0|0|1,0,10,3.885873,0.000882,10,3.886296,0.000924
4,5,7,1,0|1|1|0|3,0|2|0|0|0,0,10,3.871723,0.001231,10,3.871092,0.000861
4,5,7,1,0|1|1|0|0,0|2|0|1|2,0,10,3.913783,0.000763,10,3.913652,0.000980
4,5,7,1,0|1|1|0|1,0|2|0|1|1,0,10,3.912175,0.001179,10,3.911970,0.000806
4,5,7,1,0|1|1|0|2,0|2|0|1|0,0,10,3.900285,0.000822,10,3.899973,0.000547
4,5,7,1,0|1|1|0|0,0|2|0|2|1,0,10,3.900650,0.000423,10,3.900563,0.000839
4,5,7,1,0|1|1|0|1,0|2|0|2|0,0,10,3.889504,0.000584,10,3.889165,0.000590
4,5,7,1,0|1|1|0|0,0|2|0|3|0,0,10,3.832536,0.000459,10,3.832566,0.000579
4,5,7,1,0|1|1|1|0,0|2|0|0|2,0,10,3.902875,0.000945,10,3.902586,0.001150
4,5,7,1,0|1|1|1|1,0|2|0|0|1,0,10,3.897301,0.000834,10,3.898074,0.000875
4,5,7,1,0|1|1|1|2,0|2|0|0|0,0,10,3.881380,0.000778,10,3.881327,0.001400
4,5,7,1,0|1|1|1|0,0|2|0|1|1,0,10,3.895826,0.000476,10,3.895889,0.000821
4,5,7,1,0|1|1|1|1,0|2|0|1|0,0,10,3.882863,0.000631,10,3.882569,0.000628
4,5,7,1,0|1|1|1|0,0|2|0|2|0,0,10,3.831024,0.000496,10,3.831031,0.000577
4,5,7,1,0|1|1|2|0,0|2|0|0|1,0,10,3.883293,0.000636,10,3.883177,0.000579
4,5,7,1,0|1|1|2|1,0|2|0|0|0,0,10,3.865930,0.000666,10,3.865770,0.000633
4,5,7,1,0|1|1|2|0,0|2|0|1|0,0,10,3.822962,0.000518,10,3.823157,0.000546
4,5,7,1,0|1|1|3|0,0|2|0|0|0,0,10,3.807361,0.000492,10,3.807538,0.000604
4,5,7,1,0|1|1|0|0,0|2|1|0|2,0,10,3.874909,0.001078,10,3.874926,0.000566
4,5,7,1,0|1|1|0|1,0|2|1|0|1,0,10,3.871212,0.000987,10,3.871367,0.000659
4,5,7,1,0|1|1|0|2,0|2|1|0|0,0,10,3.850225,0.000644,10,3.850407,0.000813
4,5,7,1,0|1|1|0|0,0|2|1|1|1,0,10,3.885408,0.000460,10,3.885038,0.000956
4,5,7,1,0|1|1|0|1,0|2|1|1|0,0,10,3.871685,0.000681,10,3.871257,0.000731
4,5,7,1,0|1|1|0|0,0|2|1|2|0,0,10,3.822486,0.000384,10,3.822280,0.000480
4,5,7,1,0|1|1|1|0,0|2|1|0|1,0,10,3.869595,0.000511,10,3.869140,0.000691
4,5,7,1,0|1|1|1|1,0|2|1|0|0,0,10,3.849572,0.000907,10,3.849431,0.000695
4,5,7,1,0|1|1|1|0,0|2|1|1|0,0,10,3.816324,0.000389,10,3.816490,0.000410
4,5,7,1,0|1|1|2|0,0|2|1|0|0,0,10,3.795011,0.000333,10,3.795216,0.000746
4,5,7,1,0|1|1|0|0,0|2|2|0|1,0,10,3.810304,0.000608,10,3.810470,0.000550
4,5,7,1,0|1|1|0|1,0|2|2|0|0,0,10,3.784636,0.000565,10,3.784183,0.000555
4,5,7,1,0|1|1|0|0,0|2|2|1|0,0,10,3.765767,0.000626,10,3.765531,0.000488
4,5,7,1,0|1|1|1|0,0|2|2|0|0,0,10,3.739091,0.000567,10,3.738710,0.000432
4,5,7,1,0|1|1|0|0,0|2|3|0|0,0,10,3.587849,0.000508,10,3.587710,0.000324
4,5,7,1,0|1|2|0|0,0|2|0|0|2,0,10,3.870481,0.000888,10,3.870847,0.000838
4,5,7,1,0|1|2|0|1,0|2|0|0|1,0,10,3.867122,0.000948,10,3.866817,0.000701
4,5,7,1,0|1|2|0|2,0|2|0|0|0,0,10,3.843581,0.000676,10,3.843610,0.000562
4,5,7,1,0|1|2|0|0,0|2|0|1|1,0,10,3.881333,0.000579,10,3.881073,0.000647
4,5,7,1,0|1|2|0|1,0|2|0|1|0,0,10,3.866607,0.000687,10,3.866485,0.000318
4,5,7,1,0|1|2|0|0,0|2|0|2|0,0,10,3.816211,0.000498,10,3.815893,0.000537
4,5,7,1,0|1|2|1|0,0|2|0|0|1,0,10,3.863909,0.000612,10,3.863713,0.000471
4,5,7,1,0|1|2|1|1,0|2|0|0|0,0,10,3.842498,0.000527,10,3.842275,0.000521
4,5,7,1,0|1|2|1|0,0|2|0|1|0,0,10,3.809888,0.000780,10,3.809957,0.000680
4,5,7,1,0|1|2|2|0,0|2|0|0|0,0,10,3.785993,0.000534,10,3.785481,0.000554
4,5,7,1,0|1|2|0|0,0|2|1|0|1,0,10,3.808799,0.000563,10,3.808753,0.000788
4,5,7,1,0|1|2|0|1,0|2|1|0|0,0,10,3.782099,0.000754,10,3.782039,0.000621
4,5,7,1,0|1|2|0|0,0|2|1|1|0,0,10,3.763610,0.000414,10,3.763553,0.000569
4,5,7,1,0|1|2|1|0,0|2|1|0|0,0,10,3.735972,0.000422,10,3.736029,0.000538
4,5,7,1,0|1|2|0|0,0|2|2|0|0,0,10,3.589910,0.000461,10,3.589746,0.000392
4,5,7,1,0|1|3|0|0,0|2|0|0|1,0,10,3.807424,0.000787,10,3.807096,0.000804
4,5,7,1,0|1|3|0|1,0|2|0|0|0,0,10,3.779947,0.000405,10,3.779823,0.000574
4,5,7,1,0|1|3|0|0,0|2|0|1|0,0,10,3.761688,0.000428,10,3.761755,0.000308
4,5,7,1,0|1|3|1|0,0|2|0|0|0,0,10,3.733013,0.000504,10,3.732759,0.000435
4,5,7,1,0|1|3|0|0,0|2|1|0|0,0,10,3.590172,0.000665,10,3.590102,0.000320
4,5,7,1,0|1|4|0|0,0|2|0|0|0,0,10,3.589657,0.000498,10,3.589799,0.000437
4,5,7,1,0|1|0|0|0,0|3|0|0|3,0,10,3.852652,0.001014,10,3.853390,0.000712
4,5,7,1,0|1|0|0|1,0|3|0|0|2,0,10,3.854761,0.000782,10,3.855490,0.001063
4,5,7,1,0|1|0|0|2,0|3|0|0|1,0,10,3.847408,0.000969,10,3.847096,0.000872
4,5,7,1,0|1|0|0|3,0|3|0|0|0,0,10,3.829113,0.000524,10,3.829358,0.000919
4,5,7,1,0|1|0|0|0,0|3|0|1|2,0,10,3.893253,0.000943,10,3.893640,0.000824
4,5,7,1,0|1|0|0|1,0|3|0|1|1,0,10,3.892072,0.001205,10,3.892064,0.001069
4,5,7,1,0|1|0|0|2,0|3|0|1|0,0,10,3.876074,0.000613,10,3.875466,0.000380
4,5,7,1,0|1|0|0|0,0|3|0|2|1,0,10,3.870080,0.000896,10,3.869744,0.000608
4,5,7,1,0|1|0|0|1,0|3|0|2|0,0,10,3.854643,0.000472,10,3.853811,0.000657
4,5,7,1,0|1|0|0|0,0|3|0|3|0,0,10,3.755888,0.000513,10,3.755979,0.000636
4,5,7,1,0|1|0|1|0,0|3|0|0|2,0,10,3.882115,0.000512,10,3.881848,0.000563
4,5,7,1,0|1|0|1|1,0|3|0|0|1,0,10,3.876865,0.000911,10,3.876924,0.000534
4,5,7,1,0|1|0|1|2,0|3|0|0|0,0,10,3.856989,0.000694,10,3.856346,0.000555
4,5,7,1,0|1|0|1|0,0|3|0|1|1,0,10,3.866096,0.000564,10,3.866177,0.000768
4,5,7,1,0|1|0|1|1,0|3|0|1|0,0,10,3.848450,0.000537,10,3.848519,0.000643
4,5,7,1,0|1|0|1|0,0|3|0|2|0,0,10,3.756596,0.000514,10,3.756624,0.000483
4,5,7,1,0|1|0|2|0,0|3|0|0|1,0,10,3.854131,0.000574,10,3.853985,0.000708
4,5,7,1,0|1|0|2|1,0|3|0|0|0,0,10,3.832491,0.000479,10,3.832439,0.000454
4,5,7,1,0|1|0|2|0,0|3|0|1|0,0,10,3.751155,0.000431,10,3.750881,0.000419
4,5,7,1,0|1|0|3|0,0|3|0|0|0,0,10,3.739098,0.000693,10,3.738728,0.000356
4,5,7,1,0|1|0|0|0,0|3|1|0|2,0,10,3.867285,0.000896,10,3.867066,0.000735
4,5,7,1,0|1|0|0|1,0|3|1|0|1,0,10,3.864502,0.000678,10,3.864716,0.000729
4,5,7,1,0|1|0|0|2,0|3|1|0|0,0,10,3.843335,0.000470,10,3.843504,0.000451
4,5,7,1,0|1|0|0|0,0|3|1|1|1,0,10,3.880032,0.000680,10,3.879641,0.000797
4,5,7,1,0|1|0|0|1,0|3|1|1|0,0,10,3.866218,0.000463,10,3.866072,0.000604
4,5,7,1,0|1|0|0|0,0|3|1|2|0,0,10,3.811373,0.000539,10,3.811438,0.000514
4,5,7,1,0|1|0|1|0,0|3|1|0|1,0,10,3.865719,0.001087,10,3.865359,0.000916
4,5,7,1,0|1|0|1|1,0|3|1|0|0,0,10,3.845801,0.000602,10,3.845633,0.000597
4,5,7,1,0|1|0|1|0,0|3|1|1|0,0,10,3.806908,0.000704,10,3.807166,0.000472
4,5,7,1,0|1|0|2|0,0|3|1|0|0,0,10,3.786992,0.000518,10,3.786445,0.000670
4,5,7,1,0|1|0|0|0,0|3|2|0|1,0,10,3.807006,0.000471,10,3.806864,0.000769
4,5,7,1,0|1|0|0|1,0|3|2|0|0,0,10,3.781913,0.000603,10,3.781992,0.000589
4,5,7,1,0|1|0|0|0,0|3|2|1|0,0,10,3.762382,0.000502,10,3.762178,0.000416
4,5,7,1,0|1|0|1|0,0|3|2|0|0,0,10,3.737747,0.000366,10,3.737649,0.000441
4,5,7,1,0|1|0|0|0,0|3|3|0|0,0,10,3.580064,0.000400,10,3.579776,0.000381
4,5,7,1,0|1|1|0|0,0|3|0|0|2,0,10,3.859472,0.001030,10,3.859579,0.000887
4,5,7,1,0|1|1|0|1,0|3|0|0|1,0,10,3.855498,0.000756,10,3.855322,0.001335
4,5,7,1,0|1|1|0|2,0|3|0|0|0,0,10,3.830499,0.000594,10,3.831404,0.000834
4,5,7,1,0|1|1|0|0,0|3|0|1|1,0,10,3.870985,0.000843,10,3.871272,0.000593
4,5,7,1,0|1|1|0|1,0|3|0|1|0,0,10,3.854870,0.000699,10,3.854910,0.000377
4,5,7,1,0|1|1|0|0,0|3|0|2|0,0,10,3.798612,0.000652,10,3.799174,0.000350
4,5,7,1,0|1|1|1|0,0|3|0|0|1,0,10,3.852363,0.000771,10,3.852224,0.000664
4,5,7,1,0|1|1|1|1,0|3|0|0|0,0,10,3.828946,0.000689,10,3.829312,0.000519
4,5,7,1,0|1|1|1|0,0|3|0|1|0,0,10,3.791572,0.000365,10,3.791869,0.000325
4,5,7,1,0|1|1|2|0,0|3|0|0|0,0,10,3.768770,0.000788,10,3.768677,0.000441
4,5,7,1,0|1|1|0|0,0|3|1|0|1,0,10,3.804703,0.000527,10,3.804557,0.000853
4,5,7,1,0|1|1|0|1,0|3|1|0|0,0,10,3.778162,0.000359,10,3.778161,0.000786
4,5,7,1,0|1|1|0|0,0|3|1|1|0,0,10,3.759236,0.000399,10,3.759123,0.000607
4,5,7,1,0|1|1|1|0,0|3|1|0|0,0,10,3.731995,0.000318,10,3.731574,0.000401
4,5,7,1,0|1|1|0|0,0|3|2|0|0,0,10,3.585333,0.000315,10,3.585077,0.000621
4,5,7,1,0|1|2|0|0,0|3|0|0|1,0,10,3.800216,0.000353,10,3.800206,0.000351
4,5,7,1,0|1|2|0|1,0|3|0|0|0,0,10,3.771555,0.000691,10,3.771843,0.000738
4,5,7,1,0|1|2|0|0,0|3|0|1|0,0,10,3.753461,0.000395,10,3.753166,0.000527
4,5,7,1,0|1|2|1|0,0|3|0|0|0,0,10,3.723869,0.000588,10,3.723909,0.000541
4,5,7,1,0|1|2|0|0,0|3|1|0|0,0,10,3.586215,0.000252,10,3.586261,0.000657
4,5,7,1,0|1|3|0|0,0|3|0|0|0,0,10,3.584824,0.000481,10,3.584649,0.000509
4,5,7,1,0|1|0|0|0,0|4|0|0|2,0,10,3.809787,0.000562,10,3.810040,0.000674
4,5,7,1,0|1|0|0|1,0|4|0|0|1,0,10,3.807126,0.000631,10,3.807111,0.000573
4,5,7,1,0|1|0|0|2,0|4|0|0|0,0,10,3.778838,0.000485,10,3.778267,0.000434
4,5,7,1,0|1|0|0|0,0|4|0|1|1,0,10,3.836232,0.000414,10,3.836480,0.000731
4,5,7,1,0|1|0|0|1,0|4|0|1|0,0,10,3.816116,0.000801,10,3.816110,0.000479
4,5,7,1,0|1|0|0|0,0|4|0|2|0,0,10,3.723867,0.000465,10,3.723844,0.000402
4,5,7,1,0|1|0|1|0,0|4|0|0|1,0,10,3.818322,0.001089,10,3.818051,0.000767
4,5,7,1,0|1|0|1|1,0|4|0|0|0,0,10,3.790431,0.000738,10,3.790573,0.000525
4,5,7,1,0|1|0|1|0,0|4|0|1|0,0,10,3.719860,0.000604,10,3.720075,0.000707
4,5,7,1,0|1|0|2|0,0|4|0|0|0,0,10,3.700437,0.000528,10,3.700609,0.000513
4,5,7,1,0|1|0|0|0,0|4|1|0|1,0,10,3.791713,0.000860,10,3.791596,0.000684
4,5,7,1,0|1|0|0|1,0|4|1|0|0,0,10,3.765262,0.000470,10,3.765307,0.000439
4,5,7,1,0|1|0|0|0,0|4|1|1|0,0,10,3.744082,0.000482,10,3.744231,0.000392
4,5,7,1,0|1|0|1|0,0|4|1|0|0,0,10,3.718675,0.000303,10,3.718691,0.000570
4,5,7,1,0|1|0|0|0,0|4|2|0|0,0,10,3.572210,0.000315,10,3.572144,0.000569
4,5,7,1,0|1|1|0|0,0|4|0|0|1,0,10,3.780911,0.000657,10,3.781340,0.000790
4,5,7,1,0|1|1|0|1,0|4|0|0|0,0,10,3.750740,0.000582,10,3.750585,0.000693
4,5,7,1,0|1|1|0|0,0|4|0|1|0,0,10,3.731051,0.000588,10,3.730860,0.000473
4,5,7,1,0|1|1|1|0,0|4|0|0|0,0,10,3.700241,0.000460,10,3.699854,0.000701
4,5,7,1,0|1|1|0|0,0|4|1|0|0,0,10,3.575528,0.000569,10,3.575085,0.000598
4,5,7,1,0|1|2|0|0,0|4|0|0|0,0,10,3.570700,0.000542,10,3.571187,0.000508
4,5,7,1,0|1|0|0|0,0|5|0|0|1,0,10,3.711710,0.000545,10,3.711774,0.000592
4,5,7,1,0|1|0|0|1,0|5|0|0|0,0,10,3.677621,0.000735,10,3.678074,0.000750
4,5,7,1,0|1|0|0|0,0|5|0|1|0,0,10,3.650536,0.000515,10,3.650495,0.000486
4,5,7,1,0|1|0|1|0,0|5|0|0|0,0,10,3.622646,0.000435,10,3.622707,0.000701
4,5,7,1,0|1|0|0|0,0|5|1|0|0,0,10,3.543624,0.000572,10,3.543440,0.000475
4,5,7,1,0|1|1|0|0,0|5|0|0|0,0,10,3.533071,0.000409,10,3.533246,0.000671
4,5,7,1,0|1|0|0|0,0|6|0|0|0,0,10,3.396216,0.000619,10,3.396257,0.000618
4,5,7,1,0|2|0|0|0,0|0|0|0|5,0,10,3.887551,0.000863,10,3.887186,0.000996
4,5,7,1,0|2|0|0|1,0|0|0|0|4,0,10,3.889221,0.001545,10,3.889110,0.000988
4,5,7,1,0|2|0|0|2,0|0|0|0|3,0,10,3.887785,0.000695,10,3.887688,0.001000
4,5,7,1,0|2|0|0|3,0|0|0|0|2,0,10,3.885995,0.000682,10,3.885147,0.000937
4,5,7,1,0|2|0|0|4,0|0|0|0|1,0,10,3.882586,0.000597,10,3.882639,0.000993
4,5,7,1,0|2|0|0|5,0|0|0|0|0,0,10,3.876377,0.001148,10,3.876354,0.001173
4,5,7,1,0|2|0|0|0,0|0|0|1|4,0,10,3.926969,0.001232,10,3.926759,0.000573
4,5,7,1,0|2|0|0|1,0|0|0|1|3,0,10,3.927326,0.000890,10,3.926985,0.001105
4,5,7,1,0|2|0|0|2,0|0|0|1|2,0,10,3.926017,0.001012,10,3.926139,0.001192
4,5,7,1,0|2|0|0|3,0|0|0|1|1,0,10,3.923254,0.000936,10,3.923859,0.001022
4,5,7,1,0|2|0|0|4,0|0|0|1|0,0,10,3.919192,0.001745,10,3.918815,0.001127
4,5,7,1,0|2|0|0|0,0|0|0|2|3,0,10,3.928016,0.000742,10,3.927327,0.001116
4,5,7,1,0|2|0|0|1,0|0|0|2|2,0,10,3.928879,0.000537,10,3.929172,0.000922
4,5,7,1,0|2|0|0|2,0|0|0|2|1,0,10,3.925254,0.001121,10,3.924997,0.000586
4,5,7,1,0|2|0|0|3,0|0|0|2|0,0,10,3.917768,0.001149,10,3.917647,0.001031
4,5,7,1,0|2|0|0|0,0|0|0|3|2,0,10,3.918458,0.001041,10,3.918128,0.000729
4,5,7,1,0|2|0|0|1,0|0|0|3|1,0,10,3.918347,0.001025,10,3.917794,0.001235
4,5,7,1,0|2|0|0|2,0|0|0|3|0,0,10,3.907040,0.000515,10,3.906507,0.000865
4,5,7,1,0|2|0|0|0,0|0|0|4|1,0,10,3.890632,0.000651,10,3.890181,0.000655
4,5,7,1,0|2|0|0|1,0|0|0|4|0,0,10,3.878308,0.000577,10,3.877842,0.000623
4,5,7,1,0|2|0|0|0,0|0|0|5|0,0,10,3.782118,0.000472,10,3.781905,0.000424
4,5,7,1,0|2|0|1|0,0|0|0|0|4,0,10,3.920551,0.000848,10,3.920981,0.000690
4,5,7,1,0|2|0|1|1,0|0|0|0|3,0,10,3.920706,0.000803,10,3.920916,0.001161
4,5,7,1,0|2|0|1|2,0|0|0|0|2,0,10,3.918862,0.001357,10,3.919201,0.000958
4,5,7,1,0|2|0|1|3,0|0|0|0|1,0,10,3.915970,0.000981,10,3.915423,0.000913
4,5,7,1,0|2|0|1|4,0|0|0|0|0,0,10,3.908381,0.001133,10,3.908106,0.001026
4,5,7,1,0|2|0|1|0,0|0|0|1|3,0,10,3.926239,0.001317,10,3.926024,0.001122
4,5,7,1,0|2|0|1|1,0|0|0|1|2,0,10,3.926595,0.001373,10,3.926505,0.001201
4,5,7,1,0|2|0|1|2,0|0|0|1|1,0,10,3.923930,0.000872,10,3.923628,0.000945
4,5,7,1,0|2|0|1|3,0|0|0|1|0,0,10,3.916471,0.000565,10,3.916476,0.000797
4,5,7,1,0|2|0|1|0,0|0|0|2|2,0,10,3.918109,0.000439,10,3.918157,0.000842
4,5,7,1,0|2|0|1|1,0|0|0|2|1,0,10,3.917056,0.001308,10,3.917036,0.001017
4,5,7,1,0|2|0|1|2,0|0|0|2|0,0,10,3.905858,0.001053,10,3.906207,0.001128
4,5,7,1,0|2|0|1|0,0|0|0|3|1,0,10,3.889830,0.000465,10,3.889872,0.000951
4,5,7,1,0|2|0|1|1,0|0|0|3|0,0,10,3.877415,0.000664,10,3.876647,0.000693
4,5,7,1,0|2|0|1|0,0|0|0|4|0,0,10,3.783708,0.000459,10,3.783847,0.000532
4,5,7,1,0|2|0|2|0,0|0|0|0|3,0,10,3.920672,0.001306,10,3.920511,0.000570
4,5,7,1,0|2|0|2|1,0|0|0|0|2,0,10,3.921093,0.001356,10,3.920823,0.001414
4,5,7,1,0|2|0|2|2,0|0|0|0|1,0,10,3.915988,0.000642,10,3.915515,0.001068
4,5,7,1,0|2|0|2|3,0|0|0|0|0,0,10,3.905372,0.000966,10,3.905498,0.000464
4,5,7,1,0|2|0|2|0,0|0|0|1|2,0,10,3.915284,0.000876,10,3.915356,0.000820
4,5,7,1,0|2|0|2|1,0|0|0|1|1,0,10,3.913290,0.001075,10,3.913707,0.001087
4,5,7,1,0|2|0|2|2,0|0|0|1|0,0,10,3.901385,0.000826,10,3.900974,0.000939
4,5,7,1,0|2|0|2|0,0|0|0|2|1,0,10,3.887794,0.000925,10,3.888003,0.000832
4,5,7,1,0|2|0|2|1,0|0|0|2|0,0,10,3.873898,0.000695,10,3.873581,0.000700
4,5,7,1,0|2|0|2|0,0|0|0|3|0,0,10,3.782846,0.000366,10,3.782731,0.000395
4,5,7,1,0|2|0|3|0,0|0|0|0|2,0,10,3.910520,0.001129,10,3.910610,0.001123
4,5,7,1,0|2|0|3|1,0|0|0|0|1,0,10,3.908495,0.001292,10,3.908496,0.000936
4,5,7,1,0|2|0|3|2,0|0|0|0|0,0,10,3.893122,0.000901,10,3.892905,0.000811
4,5,7,1,0|2|0|3|0,0|0|0|1|1,0,10,3.885179,0.000861,10,3.884849,0.000549
4,5,7,1,0|2|0|3|1,0|0|0|1|0,0,10,3.870510,0.000637,10,3.870501,0.000789
4,5,7,1,0|2|0|3|0,0|0|0|2|0,0,10,3.781230,0.000236,10,3.781182,0.000528
4,5,7,1,0|2|0|4|0,0|0|0|0|1,0,10,3.880570,0.000859,10,3.881177,0.000810
4,5,7,1,0|2|0|4|1,0|0|0|0|0,0,10,3.865153,0.000448,10,3.864749,0.000775
4,5,7,1,0|2|0|4|0,0|0|0|1|0,0,10,3.778630,0.000433,10,3.778323,0.000240
4,5,7,1,0|2|0|5|0,0|0|0|0|0,0,10,3.773682,0.000544,10,3.773575,0.000452
4,5,7,1,0|2|0|0|0,0|0|1|0|4,0,10,3.911489,0.000594,10,3.912193,0.001177
4,5,7,1,0|2|0|0|1,0|0|1|0|3,0,10,3.913558,0.001306,10,3.912974,0.000998
4,5,7,1,0|2|0|0|2,0|0|1|0|2,0,10,3.911119,0.001250,10,3.910750,0.000562
4,5,7,1,0|2|0|0|3,0|0|1|0|1,0,10,3.908071,0.001169,10,3.907846,0.001599
4,5,7,1,0|2|0|0|4,0|0|1|0|0,0,10,3.900986,0.000885,10,3.900416,0.000776
4,5,7,1,0|2|0|0|0,0|0|1|1|3,0,10,3.933567,0.000728,10,3.933295,0.000963
4,5,7,1,0|2|0|0|1,0|0|1|1|2,0,10,3.934685,0.000733,10,3.934498,0.001203
4,5,7,1,0|2|0|0|2,0|0|1|1|1,0,10,3.931716,0.001318,10,3.931937,0.001465
4,5,7,1,0|2|0|0|3,0|0|1|1|0,0,10,3.927471,0.001216,10,3.926708,0.001140
4,5,7,1,0|2|0|0|0,0|0|1|2|2,0,10,3.933460,0.000992,10,3.932864,0.001057
4,5,7,1,0|2|0|0|1,0|0|1|2|1,0,10,3.932805,0.001103,10,3.932946,0.000945
4,5,7,1,0|2|0|0|2,0|0|1|2|0,0,10,3.925801,0.000766,10,3.925637,0.000821
4,5,7,1,0|2|0|0|0,0|0|1|3|1,0,10,3.920231,0.000686,10,3.920693,0.000723
4,5,7,1,0|2|0|0|1,0|0|1|3|0,0,10,3.913163,0.000961,10,3.912736,0.001056
4,5,7,1,0|2|0|0|0,0|0|1|4|0,0,10,3.862542,0.000534,10,3.862307,0.000623
4,5,7,1,0|2|0|1|0,0|0|1|0|3,0,10,3.928557,0.001147,10,3.929095,0.000993
4,5,7,1,0|2|0|1|1,0|0|1|0|2,0,10,3.928039,0.000988,10,3.928428,0.001367
4,5,7,1,0|2|0|1|2,0|0|1|0|1,0,10,3.924608,0.000891,10,3.923926,0.000558
4,5,7,1,0|2|0|1|3,0|0|1|0|0,0,10,3.917010,0.000768,10,3.916085,0.001025
4,5,7,1,0|2|0|1|0,0|0|1|1|2,0,10,3.932418,0.000707,10,3.932005,0.001079
4,5,7,1,0|2|0|1|1,0|0|1|1|1,0,10,3.931162,0.000732,10,3.931323,0.000733
4,5,7,1,0|2|0|1|2,0|0|1|1|0,0,10,3.923287,0.000847,10,3.923666,0.000691
4,5,7,1,0|2|0|1|0,0|0|1|2|1,0,10,3.919911,0.000889,10,3.919588,0.000621
4,5,7,1,0|2|0|1|1,0|0|1|2|0,0,10,3.912450,0.000883,10,3.912295,0.000839
4,5,7,1,0|2|0|1|0,0|0|1|3|0,0,10,3.863768,0.000510,10,3.863518,0.000689
4,5,7,1,0|2|0|2|0,0|0|1|0|2,0,10,3.925718,0.000889,10,3.925408,0.001147
4,5,7,1,0|2|0|2|1,0|0|1|0|1,0,10,3.923099,0.000644,10,3.923267,0.001462
4,5,7,1,0|2|0|2|2,0|0|1|0|0,0,10,3.912152,0.000987,10,3.912149,0.000709
4,5,7,1,0|2|0|2|0,0|0|1|1|1,0,10,3.915932,0.000511,10,3.916193,0.000691
4,5,7,1,0|2|0|2|1,0|0|1|1|0,0,10,3.907080,0.000605,10,3.907491,0.000773
4,5,7,1,0|2|0|2|0,0|0|1|2|0,0,10,3.860427,0.000809,10,3.860426,0.000312
4,5,7,1,0|2|0|3|0,0|0|1|0|1,0,10,3.909195,0.000655,10,3.909278,0.000401
4,5,7,1,0|2|0|3|1,0|0|1|0|0,0,10,3.897921,0.000674,10,3.897910,0.000986
4,5,7,1,0|2|0|3|0,0|0|1|1|0,0,10,3.855566,0.000783,10,3.855399,0.000885
4,5,7,1,0|2|0|4|0,0|0|1|0|0,0,10,3.845954,0.000387,10,3.846065,0.000688
4,5,7,1,0|2|0|0|0,0|0|2|0|3,0,10,3.904120,0.001093,10,3.903560,0.000979
4,5,7,1,0|2|0|0|1,0|0|2|0|2,0,10,3.904508,0.000608,10,3.904404,0.000899
4,5,7,1,0|2|0|0|2,0|0|2|0|1,0,10,3.898978,0.000883,10,3.899004,0.000860
4,5,7,1,0|2|0|0|3,0|0|2|0|0,0,10,3.887734,0.000772,10,3.887594,0.000917
4,5,7,1,0|2|0|0|0,0|0|2|1|2,0,10,3.923017,0.000670,10,3.923115,0.000981
4,5,7,1,0|2|0|0|1,0|0|2|1|1,0,10,3.922785,0.000915,10,3.922551,0.001126
4,5,7,1,0|2|0|0|2,0|0|2|1|0,0,10,3.912653,0.000934,10,3.912515,0.001000
4,5,7,1,0|2|0|0|0,0|0|2|2|1,0,10,3.913418,0.000988,10,3.913477,0.000513
4,5,7,1,0|2|0|0|1,0|0|2|2|0,0,10,3.904100,0.000785,10,3.904536,0.000875
4,5,7,1,0|2|0|0|0,0|0|2|3|0,0,10,3.855846,0.000922,10,3.855466,0.000281
4,5,7,1,0|2|0|1|0,0|0|2|0|2,0,10,3.915753,0.000830,10,3.915302,0.000953
4,5,7,1,0|2|0|1|1,0|0|2|0|1,0,10,3.911821,0.000731,10,3.912035,0.000774
4,5,7,1,0|2|0|1|2,0|0|2|0|0,0,10,3.899413,0.000997,10,3.899781,0.000567
4,5,7,1,0|2|0|1|0,0|0|2|1|1,0,10,3.911094,0.000974,10,3.911245,0.000532
4,5,7,1,0|2|0|1|1,0|0|2|1|0,0,10,3.900734,0.000666,10,3.901176,0.000840
4,5,7,1,0|2|0|1|0,0|0|2|2|0,0,10,3.856379,0.000658,10,3.856133,0.000591
4,5,7,1,0|2|0|2|0,0|0|2|0|1,0,10,3.900067,0.000760,10,3.900036,0.000760
4,5,7,1,0|2|0|2|1,0|0|2|0|0,0,10,3.886603,0.000690,10,3.886305,0.000574
4,5,7,1,0|2|0|2|0,0|0|2|1|0,0,10,3.848954,0.000483,10,3.848883,0.000546
4,5,7,1,0|2|0|3|0,0|0|2|0|0,0,10,3.834462,0.000666,10,3.834708,0.000351
4,5,7,1,0|2|0|0|0,0|0|3|0|2,0,10,3.877547,0.000566,10,3.877835,0.000893
4,5,7,1,0|2|0|0|1,0|0|3|0|1,0,10,3.876159,0.000826,10,3.875554,0.000815
4,5,7,1,0|2|0|0|2,0|0|3|0|0,0,10,3.855752,0.000935,10,3.855445,0.001083
4,5,7,1,0|2|0|0|0,0|0|3|1|1,0,10,3.889968,0.000566,10,3.890059,0.001127
4,5,7,1,0|2|0|0|1,0|0|3|1|0,0,10,3.877425,0.000733,10,3.877440,0.000796
4,5,7,1,0|2|0|0|0,0|0|3|2|0,0,10,3.827852,0.000528,10,3.828129,0.000349
4,5,7,1,0|2|0|1|0,0|0|3|0|1,0,10,3.876848,0.000387,10,3.877189,0.000768
4,5,7,1,0|2|0|1|1,0|0|3|0|0,0,10,3.857912,0.000744,10,3.858125,0.000615
4,5,7,1,0|2|0|1|0,0|0|3|1|0,0,10,3.824465,0.000307,10,3.824595,0.000607
4,5,7,1,0|2|0|2|0,0|0|3|0|0,0,10,3.803113,0.000475,10,3.803343,0.000492
4,5,7,1,0|2|0|0|0,0|0|4|0|1,0,10,3.811844,0.000740,10,3.811756,0.000962
4,5,7,1,0|2|0|0|1,0|0|4|0|0,0,10,3.787062,0.000442,10,3.787186,0.000443
4,5,7,1,0|2|0|0|0,0|0|4|1|0,0,10,3.767904,0.000483,10,3.767766,0.000628
4,5,7,1,0|2|0|1|0,0|0|4|0|0,0,10,3.743313,0.000263,10,3.743206,0.000452
4,5,7,1,0|2|0|0|0,0|0|5|0|0,0,10,3.582303,0.000197,10,3.582564,0.000353
4,5,7,1,0|2|1|0|0,0|0|0|0|4,0,10,3.907702,0.001549,10,3.907270,0.001190
4,5,7,1,0|2|1|0|1,0|0|0|0|3,0,10,3.908797,0.001267,10,3.909098,0.001561
4,5,7,1,0|2|1|0|2,0|0|0|0|2,0,10,3.905822,0.001030,10,3.906054,0.000729
4,5,7,1,0|2|1|0|3,0|0|0|0|1,0,10,3.901882,0.000668,10,3.902372,0.001098
4,5,7,1,0|2|1|0|4,0|0|0|0|0,0,10,3.893519,0.000860,10,3.893148,0.001038
4,5,7,1,0|2|1|0|0,0|0|0|1|3,0,10,3.929749,0.001269,10,3.930189,0.001404
4,5,7,1,0|2|1|0|1,0|0|0|1|2,0,10,3.930375,0.000867,10,3.930290,0.001236
4,5,7,1,0|2|1|0|2,0|0|0|1|1,0,10,3.927655,0.000875,10,3.927704,0.000964
4,5,7,1,0|2|1|0|3,0|0|0|1|0,0,10,3.920663,0.001281,10,3.920940,0.000968
4,5,7,1,0|2|1|0|0,0|0|0|2|2,0,10,3.928892,0.000938,10,3.928493,0.001177
4,5,7,1,0|2|1|0|1,0|0|0|2|1,0,10,3.928183,0.001098,10,3.927939,0.001071
4,5,7,1,0|2|1|0|2,0|0|0|2|0,0,10,3.919438,0.001302,10,3.919549,0.000736
4,5,7,1,0|2|1|0|0,0|0|0|3|1,0,10,3.914152,0.000736,10,3.914125,0.001140
4,5,7,1,0|2|1|0|1,0|0|0|3|0,0,10,3.905050,0.000572,10,3.905026,0.000929
4,5,7,1,0|2|1|0|0,0|0|0|4|0,0,10,3.850946,0.000376,10,3.850716,0.000649
4,5,7,1,0|2|1|1|0,0|0|0|0|3,0,10,3.922645,0.001151,10,3.922499,0.000884
4,5,7,1,0|2|1|1|1,0|0|0|0|2,0,10,3.921752,0.000892,10,3.922020,0.000936
4,5,7,1,0|2|1|1|2,0|0|0|0|1,0,10,3.917002,0.001118,10,3.917472,0.000955
4,5,7,1,0|2|1|1|3,0|0|0|0|0,0,10,3.907685,0.000903,10,3.907014,0.000950
4,5,7,1,0|2|1|1|0,0|0|0|1|2,0,10,3.926623,0.001224,10,3.926973,0.000954
4,5,7,1,0|2|1|1|1,0|0|0|1|1,0,10,3.924521,0.000671,10,3.924839,0.000780
4,5,7,1,0|2|1|1|2,0|0|0|1|0,0,10,3.914930,0.000731,10,3.915746,0.001346
4,5,7,1,0|2|1|1|0,0|0|0|2|1,0,10,3.912496,0.000608,10,3.912286,0.000812
4,5,7,1,0|2|1|1|1,0|0|0|2|0,0,10,3.902989,0.000774,10,3.903232,0.000894
4,5,7,1,0|2|1|1|0,0|0|0|3|0,0,10,3.851577,0.000651,10,3.851449,0.000797
4,5,7,1,0|2|1|2|0,0|0|0|0|2,0,10,3.918417,0.000950,10,3.918526,0.000964
4,5,7,1,0|2|1|2|1,0|0|0|0|1,0,10,3.915068,0.000596,10,3.915376,0.001032
4,5,7,1,0|2|1|2|2,0|0|0|0|0,0,10,3.901504,0.000963,10,3.900910,0.000867
4,5,7,1,0|2|1|2|0,0|0|0|1|1,0,10,3.907472,0.000480,10,3.907405,0.000743
4,5,7,1,0|2|1|2|1,0|0|0|1|0,0,10,3.896927,0.000747,10,3.896464,0.000480
4,5,7,1,0|2|1|2|0,0|0|0|2|0,0,10,3.847144,0.000426,10,3.847352,0.000556
4,5,7,1,0|2|1|3|0,0|0|0|0|1,0,10,3.899441,0.000719,10,3.898967,0.000633
4,5,7,1,0|2|1|3|1,0|0|0|0|0,0,10,3.885521,0.000783,10,3.885955,0.000874
4,5,7,1,0|2|1|3|0,0|0|0|1|0,0,10,3.841432,0.000356,10,3.841302,0.000721
4,5,7,1,0|2|1|4|0,0|0|0|0|0,0,10,3.830619,0.000414,10,3.830079,0.000376
4,5,7,1,0|2|1|0|0,0|0|1|0|3,0,10,3.902191,0.000923,10,3.902010,0.001199
4,5,7,1,0|2|1|0|1,0|0|1|0|2,0,10,3.903091,0.000902,10,3.903017,0.000849
4,5,7,1,0|2|1|0|2,0|0|1|0|1,0,10,3.897683,0.001424,10,3.898308,0.000732
4,5,7,1,0|2|1|0|3,0|0|1|0|0,0,10,3.885234,0.001162,10,3.884846,0.001084
4,5,7,1,0|2|1|0|0,0|0|1|1|2,0,10,3.921078,0.001156,10,3.921800,0.000900
4,5,7,1,0|2|1|0|1,0|0|1|1|1,0,10,3.920047,0.001210,10,3.919930,0.000961
4,5,7,1,0|2|1|0|2,0|0|1|1|0,0,10,3.910373,0.001177,10,3.909717,0.000869
4,5,7,1,0|2|1|0|0,0|0|1|2|1,0,10,3.910727,0.001036,10,3.910842,0.000883
4,5,7,1,0|2|1|0|1,0|0|1|2|0,0,10,3.901449,0.000827,10,3.901412,0.000863
4,5,7,1,0|2|1|0|0,0|0|1|3|0,0,10,3.853359,0.000612,10,3.853217,0.000441
4,5,7,1,0|2|1|1|0,0|0|1|0|2,0,10,3.912425,0.000753,10,3.912092,0.000712
4,5,7,1,0|2|1|1|1,0|0|1|0|1,0,10,3.908595,0.000904,10,3.908273,0.001109
4,5,7,1,0|2|1|1|2,0|0|1|0|0,0,10,3.893996,0.000608,10,3.894385,0.000654
4,5,7,1,0|2|1|1|0,0|0|1|1|1,0,10,3.906814,0.000629,10,3.907348,0.000853
4,5,7,1,0|2|1|1|1,0|0|1|1|0,0,10,3.896214,0.000545,10,3.896385,0.000816
4,5,7,1,0|2|1|1|0,0|0|1|2|0,0,10,3.852467,0.000565,10,3.852347,0.000554
4,5,7,1,0|2|1|2|0,0|0|1|0|1,0,10,3.895330,0.000635,10,3.895590,0.000658
4,5,7,1,0|2|1|2|1,0|0|1|0|0,0,10,3.880712,0.000743,10,3.880864,0.000559
4,5,7,1,0|2|1|2|0,0|0|1|1|0,0,10,3.844447,0.000424,10,3.844452,0.000541
4,5,7,1,0|2|1|3|0,0|0|1|0|0,0,10,3.829578,0.000552,10,3.829677,0.000332
4,5,7,1,0|2|1|0|0,0|0|2|0|2,0,10,3.877209,0.000906,10,3.877192,0.000953
4,5,7,1,0|2|1|0|1,0|0|2|0|1,0,10,3.874117,0.001314,10,3.874412,0.000826
4,5,7,1,0|2|1|0|2,0|0|2|0|0,0,10,3.853449,0.000694,10,3.853958,0.000674
4,5,7,1,0|2|1|0|0,0|0|2|1|1,0,10,3.887597,0.000905,10,3.887587,0.000905
4,5,7,1,0|2|1|0|1,0|0|2|1|0,0,10,3.874619,0.000621,10,3.874219,0.000470
4,5,7,1,0|2|1|0|0,0|0|2|2|0,0,10,3.826430,0.000493,10,3.826293,0.000493
4,5,7,1,0|2|1|1|0,0|0|2|0|1,0,10,3.872712,0.000735,10,3.872537,0.001024
4,5,7,1,0|2|1|1|1,0|0|2|0|0,0,10,3.852825,0.000539,10,3.852669,0.000836
4,5,7,1,0|2|1|1|0,0|0|2|1|0,0,10,3.821036,0.000609,10,3.821195,0.000491
4,5,7,1,0|2|1|2|0,0|0|2|0|0,0,10,3.799516,0.000432,10,3.799809,0.000480
4,5,7,1,0|2|1|0|0,0|0|3|0|1,0,10,3.811181,0.000396,10,3.811019,0.000418
4,5,7,1,0|2|1|0|1,0|0|3|0|0,0,10,3.785533,0.000751,10,3.785345,0.000493
4,5,7,1,0|2|1|0|0,0|0|3|1|0,0,10,3.766841,0.000403,10,3.767054,0.000541
4,5,7,1,0|2|1|1|0,0|0|3|0|0,0,10,3.740059,0.000370,10,3.740030,0.000316
4,5,7,1,0|2|1|0|0,0|0|4|0|0,0,10,3.588594,0.000523,10,3.588560,0.000526
4,5,7,1,0|2|2|0|0,0|0|0|0|3,0,10,3.899567,0.001074,10,3.899524,0.000782
4,5,7,1,0|2|2|0|1,0|0|0|0|2,0,10,3.900550,0.000984,10,3.901092,0.000933
4,5,7,1,0|2|2|0|2,0|0|0|0|1,0,10,3.893276,0.000644,10,3.894198,0.001027
4,5,7,1,0|2|2|0|3,0|0|0|0|0,0,10,3.879682,0.001045,10,3.879084,0.000953
4,5,7,1,0|2|2|0|0,0|0|0|1|2,0,10,3.918811,0.001069,10,3.918370,0.000633
4,5,7,1,0|2|2|0|1,0|0|0|1|1,0,10,3.916865,0.000821,10,3.916915,0.001142
4,5,7,1,0|2|2|0|2,0|0|0|1|0,0,10,3.906475,0.000793,10,3.905593,0.000962
4,5,7,1,0|2|2|0|0,0|0|0|2|1,0,10,3.906806,0.000907,10,3.907028,0.000730
4,5,7,1,0|2|2|0|1,0|0|0|2|0,0,10,3.897103,0.000594,10,3.897434,0.000496
4,5,7,1,0|2|2|0|0,0|0|0|3|0,0,10,3.847188,0.000703,10,3.847107,0.000414
4,5,7,1,0|2|2|1|0,0|0|0|0|2,0,10,3.908212,0.000656,10,3.907599,0.000911
4,5,7,1,0|2|2|1|1,0|0|0|0|1,0,10,3.903574,0.000747,10,3.903607,0.000914
4,5,7,1,0|2|2|1|2,0|0|0|0|0,0,10,3.887664,0.000858,10,3.887845,0.000408
4,5,7,1,0|2|2|1|0,0|0|0|1|1,0,10,3.902803,0.000910,10,3.902862,0.001134
4,5,7,1,0|2|2|1|1,0|0|0|1|0,0,10,3.891538,0.000900,10,3.891052,0.000843
4,5,7,1,0|2|2|1|0,0|0|0|2|0,0,10,3.846199,0.000584,10,3.846789,0.000498
4,5,7,1,0|2|2|2|0,0|0|0|0|1,0,10,3.889768,0.000722,10,3.889470,0.000424
4,5,7,1,0|2|2|2|1,0|0|0|0|0,0,10,3.873317,0.000745,10,3.873176,0.000724
4,5,7,1,0|2|2|2|0,0|0|0|1|0,0,10,3.837164,0.000694,10,3.837212,0.000613
4,5,7,1,0|2|2|3|0,0|0|0|0|0,0,10,3.819398,0.000479,10,3.819745,0.000942
4,5,7,1,0|2|2|0|0,0|0|1|0|2,0,10,3.875089,0.000694,10,3.876137,0.000730
4,5,7,1,0|2|2|0|1,0|0|1|0|1,0,10,3.872213,0.000436,10,3.872431,0.000892
4,5,7,1,0|2|2|0|2,0|0|1|0|0,0,10,3.850568,0.000753,10,3.850518,0.001036
4,5,7,1,0|2|2|0|0,0|0|1|1|1,0,10,3.885752,0.000727,10,3.885776,0.000565
4,5,7,1,0|2|2|0|1,0|0|1|1|0,0,10,3.872001,0.000569,10,3.872293,0.000591
4,5,7,1,0|2|2|0|0,0|0|1|2|0,0,10,3.823784,0.000362,10,3.823792,0.000348
4,5,7,1,0|2|2|1|0,0|0|1|0|1,0,10,3.869666,0.000668,10,3.869905,0.000698
4,5,7,1,0|2|2|1|1,0|0|1|0|0,0,10,3.849274,0.000833,10,3.849194,0.000448
4,5,7,1,0|2|2|1|0,0|0|1|1|0,0,10,3.818356,0.000426,10,3.817991,0.000561
4,5,7,1,0|2|2|2|0,0|0|1|0|0,0,10,3.794462,0.000275,10,3.794776,0.000302
4,5,7,1,0|2|2|0|0,0|0|2|0|1,0,10,3.810330,0.000569,10,3.810500,0.000458
4,5,7,1,0|2|2|0|1,0|0|2|0|0,0,10,3.784100,0.000587,10,3.784140,0.000561
4,5,7,1,0|2|2|0|0,0|0|2|1|0,0,10,3.765614,0.000494,10,3.765545,0.000426
4,5,7,1,0|2|2|1|0,0|0|2|0|0,0,10,3.737764,0.000663,10,3.738032,0.000672
4,5,7,1,0|2|2|0|0,0|0|3|0|0,0,10,3.590529,0.000441,10,3.590816,0.000389
4,5,7,1,0|2|3|0|0,0|0|0|0|2,0,10,3.874064,0.000522,10,3.874232,0.001074
4,5,7,1,0|2|3|0|1,0|0|0|0|1,0,10,3.871051,0.000960,10,3.870994,0.000964
4,5,7,1,0|2|3|0|2,0|0|0|0|0,0,10,3.847323,0.000725,10,3.847569,0.000735
4,5,7,1,0|2|3|0|0,0|0|0|1|1,0,10,3.883927,0.000645,10,3.884168,0.000841
4,5,7,1,0|2|3|0|1,0|0|0|1|0,0,10,3.869979,0.000733,10,3.870233,0.000494
4,5,7,1,0|2|3|0|0,0|0|0|2|0,0,10,3.820874,0.000427,10,3.821143,0.000705
4,5,7,1,0|2|3|1|0,0|0|0|0|1,0,10,3.868050,0.000649,10,3.867547,0.000722
4,5,7,1,0|2|3|1|1,0|0|0|0|0,0,10,3.846770,0.000630,10,3.846739,0.000768
4,5,7,1,0|2|3|1|0,0|0|0|1|0,0,10,3.815634,0.000575,10,3.815608,0.000762
4,5,7,1,0|2|3|2|0,0|0|0|0|0,0,10,3.790447,0.000433,10,3.790651,0.000290
4,5,7,1,0|2|3|0|0,0|0|1|0|1,0,10,3.809700,0.000534,10,3.809782,0.000832
4,5,7,1,0|2|3|0|1,0|0|1|0|0,0,10,3.783204,0.000535,10,3.782985,0.000568
4,5,7,1,0|2|3|0|0,0|0|1|1|0,0,10,3.764614,0.000389,10,3.764747,0.000469
4,5,7,1,0|2|3|1|0,0|0|1|0|0,0,10,3.736865,0.000554,10,3.736855,0.000440
4,5,7,1,0|2|3|0|0,0|0|2|0|0,0,10,3.591763,0.000376,10,3.591646,0.000474
4,5,7,1,0|2|4|0|0,0|0|0|0|1,0,10,3.808940,0.000681,10,3.809059,0.000671
4,5,7,1,0|2|4|0|1,0|0|0|0|0,0,10,3.782105,0.000564,10,3.782174,0.000662
4,5,7,1,0|2|4|0|0,0|0|0|1|0,0,10,3.763422,0.000521,10,3.763864,0.000503
4,5,7,1,0|2|4|1|0,0|0|0|0|0,0,10,3.735704,0.000531,10,3.735750,0.000385
4,5,7,1,0|2|4|0|0,0|0|1|0|0,0,10,3.591681,0.000501,10,3.591734,0.000352
4,5,7,1,0|2|5|0|0,0|0|0|0|0,0,10,3.591598,0.000681,10,3.591340,0.000473
4,5,7,1,0|2|0|0|0,0|1|0|0|4,0,10,3.874589,0.000606,10,3.875430,0.000713
4,5,7,1,0|2|0|0|1,0|1|0|0|3,0,10,3.877609,0.001367,10,3.877277,0.001167
4,5,7,1,0|2|0|0|2,0|1|0|0|2,0,10,3.874129,0.000959,10,3.874802,0.000890
4,5,7,1,0|2|0|0|3,0|1|0|0|1,0,10,3.868940,0.000891,10,3.869110,0.001084
4,5,7,1,0|2|0|0|4,0|1|0|0|0,0,10,3.858750,0.000704,10,3.858023,0.000874
4,5,7,1,0|2|0|0|0,0|1|0|1|3,0,10,3.915932,0.001086,10,3.915208,0.000935
4,5,7,1,0|2|0|0|1,0|1|0|1|2,0,10,3.916405,0.000815,10,3.916593,0.001332
4,5,7,1,0|2|0|0|2,0|1|0|1|1,0,10,3.912862,0.001275,10,3.912563,0.000950
4,5,7,1,0|2|0|0|3,0|1|0|1|0,0,10,3.903843,0.001024,10,3.903688,0.000941
4,5,7,1,0|2|0|0|0,0|1|0|2|2,0,10,3.910416,0.000951,10,3.911485,0.000907
4,5,7,1,0|2|0|0|1,0|1|0|2|1,0,10,3.910448,0.001055,10,3.910876,0.001248
4,5,7,1,0|2|0|0|2,0|1|0|2|0,0,10,3.897773,0.000846,10,3.897155,0.000829
4,5,7,1,0|2|0|0|0,0|1|0|3|1,0,10,3.883977,0.000708,10,3.883615,0.001063
4,5,7,1,0|2|0|0|1,0|1|0|3|0,0,10,3.870115,0.000318,10,3.869832,0.000769
4,5,7,1,0|2|0|0|0,0|1|0|4|0,0,10,3.772756,0.000597,10,3.772953,0.000504
4,5,7,1,0|2|0|1|0,0|1|0|0|3,0,10,3.907716,0.000926,10,3.908250,0.001213
4,5,7,1,0|2|0|1|1,0|1|0|0|2,0,10,3.907839,0.000845,10,3.908044,0.000827
4,5,7,1,0|2|0|1|2,0|1|0|0|1,0,10,3.902171,0.000552,10,3.901337,0.000967
4,5,7,1,0|2|0|1|3,0|1|0|0|0,0,10,3.889677,0.000823,10,3.889722,0.000771
4,5,7,1,0|2|0|1|0,0|1|0|1|2,0,10,3.909143,0.000868,10,3.909581,0.000946
4,5,7,1,0|2|0|1|1,0|1|0|1|1,0,10,3.906940,0.000666,10,3.907249,0.000687
4,5,7,1,0|2|0|1|2,0|1|0|1|0,0,10,3.893763,0.001049,10,3.894515,0.000893
4,5,7,1,0|2|0|1|0,0|1|0|2|1,0,10,3.882950,0.000828,10,3.883120,0.000864
4,5,7,1,0|2|0|1|1,0|1|0|2|0,0,10,3.868435,0.000770,10,3.868547,0.000541
4,5,7,1,0|2|0|1|0,0|1|0|3|0,0,10,3.774557,0.000465,10,3.774495,0.000489
4,5,7,1,0|2|0|2|0,0|1|0|0|2,0,10,3.901467,0.000849,10,3.901225,0.000841
4,5,7,1,0|2|0|2|1,0|1|0|0|1,0,10,3.898167,0.000601,10,3.897979,0.001375
4,5,7,1,0|2|0|2|2,0|1|0|0|0,0,10,3.879699,0.000599,10,3.879880,0.001012
4,5,7,1,0|2|0|2|0,0|1|0|1|1,0,10,3.878320,0.000650,10,3.878754,0.000706
4,5,7,1,0|2|0|2|1,0|1|0|1|0,0,10,3.862225,0.000524,10,3.862721,0.000642
4,5,7,1,0|2|0|2|0,0|1|0|2|0,0,10,3.772489,0.000388,10,3.772460,0.000601
4,5,7,1,0|2|0|3|0,0|1|0|0|1,0,10,3.871200,0.000738,10,3.871379,0.000567
4,5,7,1,0|2|0|3|1,0|1|0|0|0,0,10,3.853164,0.000668,10,3.853292,0.000662
4,5,7,1,0|2|0|3|0,0|1|0|1|0,0,10,3.768433,0.000446,10,3.768213,0.000367
4,5,7,1,0|2|0|4|0,0|1|0|0|0,0,10,3.760407,0.000413,10,3.760570,0.000380
4,5,7,1,0|2|0|0|0,0|1|1|0|3,0,10,3.897381,0.000728,10,3.897791,0.000342
4,5,7,1,0|2|0|0|1,0|1|1|0|2,0,10,3.899254,0.000902,10,3.898646,0.001084
4,5,7,1,0|2|0|0|2,0|1|1|0|1,0,10,3.893027,0.000784,10,3.893012,0.000682
4,5,7,1,0|2|0|0|3,0|1|1|0|0,0,10,3.880305,0.000811,10,3.879844,0.000657
4,5,7,1,0|2|0|0|0,0|1|1|1|2,0,10,3.919191,0.000755,10,3.918988,0.000685
4,5,7,1,0|2|0|0|1,0|1|1|1|1,0,10,3.918060,0.001278,10,3.917770,0.000771
4,5,7,1,0|2|0|0|2,0|1|1|1|0,0,10,3.907852,0.000499,10,3.907680,0.000506
4,5,7,1,0|2|0|0|0,0|1|1|2|1,0,10,3.907319,0.000872,10,3.907785,0.001174
4,5,7,1,0|2|0|0|1,0|1|1|2|0,0,10,3.897878,0.000717,10,3.898369,0.000845
4,5,7,1,0|2|0|0|0,0|1|1|3|0,0,10,3.843553,0.000783,10,3.843927,0.000624
4,5,7,1,0|2|0|1|0,0|1|1|0|2,0,10,3.910383,0.000951,10,3.910837,0.001139
4,5,7,1,0|2|0|1|1,0|1|1|0|1,0,10,3.907372,0.000841,10,3.906716,0.000877
4,5,7,1,0|2|0|1|2,0|1|1|0|0,0,10,3.893434,0.000794,10,3.893247,0.000771
4,5,7,1,0|2|0|1|0,0|1|1|1|1,0,10,3.905166,0.000795,10,3.904815,0.000808
4,5,7,1,0|2|0|1|1,0|1|1|1|0,0,10,3.893947,0.000535,10,3.893430,0.000613
4,5,7,1,0|2|0|1|0,0|1|1|2|0,0,10,3.843746,0.000799,10,3.843964,0.000549
4,5,7,1,0|2|0|2|0,0|1|1|0|1,0,10,3.893858,0.000856,10,3.894002,0.000621
4,5,7,1,0|2|0|2|1,0|1|1|0|0,0,10,3.878771,0.000872,10,3.879165,0.000400
4,5,7,1,0|2|0|2|0,0|1|1|1|0,0,10,3.837120,0.000636,10,3.837002,0.000341
4,5,7,1,0|2|0|3|0,0|1|1|0|0,0,10,3.822939,0.000575,10,3.823003,0.000412
4,5,7,1,0|2|0|0|0,0|1|2|0|2,0,10,3.875665,0.000792,10,3.875808,0.000980
4,5,7,1,0|2|0|0|1,0|1|2|0|1,0,10,3.873616,0.001031,10,3.873847,0.000901
4,5,7,1,0|2|0|0|2,0|1|2|0|0,0,10,3.853318,0.000850,10,3.853356,0.000765
4,5,7,1,0|2|0|0|0,0|1|2|1|1,0,10,3.888204,0.000948,10,3.888124,0.000668
4,5,7,1,0|2|0|0|1,0|1|2|1|0,0,10,3.875152,0.000730,10,3.875111,0.000850
4,5,7,1,0|2|0|0|0,0|1|2|2|0,0,10,3.824514,0.000473,10,3.824343,0.000415
4,5,7,1,0|2|0|1|0,0|1|2|0|1,0,10,3.874390,0.000553,10,3.874250,0.000457
4,5,7,1,0|2|0|1|1,0|1|2|0|0,0,10,3.855688,0.000804,10,3.855730,0.000755
4,5,7,1,0|2|0|1|0,0|1|2|1|0,0,10,3.821013,0.000781,10,3.820872,0.000616
4,5,7,1,0|2|0|2|0,0|1|2|0|0,0,10,3.800072,0.000390,10,3.799697,0.000599
4,5,7,1,0|2|0|0|0,0|1|3|0|1,0,10,3.810850,0.000408,10,3.811126,0.000642
4,5,7,1,0|2|0|0|1,0|1|3|0|0,0,10,3.785972,0.000754,10,3.786024,0.000350
4,5,7,1,0|2|0|0|0,0|1|3|1|0,0,10,3.766805,0.000550,10,3.766852,0.000339
4,5,7,1,0|2|0|1|0,0|1|3|0|0,0,10,3.742168,0.000521,10,3.742104,0.000624
4,5,7,1,0|2|0|0|0,0|1|4|0|0,0,10,3.582525,0.000398,10,3.582734,0.000478
4,5,7,1,0|2|1|0|0,0|1|0|0|3,0,10,3.891621,0.000769,10,3.891627,0.001267
4,5,7,1,0|2|1|0|1,0|1|0|0|2,0,10,3.892139,0.001393,10,3.892770,0.001082
4,5,7,1,0|2|1|0|2,0|1|0|0|1,0,10,3.885704,0.000715,10,3.885734,0.000675
4,5,7,1,0|2|1|0|3,0|1|0|0|0,0,10,3.870542,0.001105,10,3.870634,0.000638
4,5,7,1,0|2|1|0|0,0|1|0|1|2,0,10,3.913544,0.000478,10,3.913485,0.001242
4,5,7,1,0|2|1|0|1,0|1|0|1|1,0,10,3.911816,0.000913,10,3.911659,0.001006
4,5,7,1,0|2|1|0|2,0|1|0|1|0,0,10,3.899664,0.000916,10,3.899566,0.000916
4,5,7,1,0|2|1|0|0,0|1|0|2|1,0,10,3.900131,0.000907,10,3.900335,0.000650
4,5,7,1,0|2|1|0|1,0|1|0|2|0,0,10,3.888824,0.000545,10,3.889014,0.000753
4,5,7,1,0|2|1|0|0,0|1|0|3|0,0,10,3.831709,0.000650,10,3.832114,0.000424
4,5,7,1,0|2|1|1|0,0|1|0|0|2,0,10,3.902508,0.001240,10,3.902122,0.000819
4,5,7,1,0|2|1|1|1,0|1|0|0|1,0,10,3.897321,0.001046,10,3.896991,0.000755
4,5,7,1,0|2|1|1|2,0|1|0|0|0,0,10,3.880721,0.000528,10,3.880274,0.000875
4,5,7,1,0|2|1|1|0,0|1|0|1|1,0,10,3.895388,0.000858,10,3.895542,0.000598
4,5,7,1,0|2|1|1|1,0|1|0|1|0,0,10,3.882488,0.000536,10,3.882313,0.000909
4,5,7,1,0|2|1|1|0,0|1|0|2|0,0,10,3.830524,0.000458,10,3.830457,0.000399
4,5,7,1,0|2|1|2|0,0|1|0|0|1,0,10,3.882202,0.000781,10,3.882848,0.000325
4,5,7,1,0|2|1|2|1,0|1|0|0|0,0,10,3.864291,0.000459,10,3.864765,0.000476
4,5,7,1,0|2|1|2|0,0|1|0|1|0,0,10,3.822166,0.000347,10,3.822071,0.000559
4,5,7,1,0|2|1|3|0,0|1|0|0|0,0,10,3.806041,0.000448,10,3.806189,0.000454
4,5,7,1,0|2|1|0|0,0|1|1|0|2,0,10,3.874306,0.000674,10,3.874376,0.001052
4,5,7,1,0|2|1|0|1,0|1|1|0|1,0,10,3.871540,0.000620,10,3.870963,0.000791
4,5,7,1,0|2|1|0|2,0|1|1|0|0,0,10,3.849747,0.000615,10,3.849960,0.000844
4,5,7,1,0|2|1|0|0,0|1|1|1|1,0,10,3.884913,0.000823,10,3.885063,0.000705
4,5,7,1,0|2|1|0|1,0|1|1|1|0,0,10,3.870628,0.000562,10,3.870659,0.000958
4,5,7,1,0|2|1|0|0,0|1|1|2|0,0,10,3.821790,0.000388,10,3.821492,0.000447
4,5,7,1,0|2|1|1|0,0|1|1|0|1,0,10,3.868788,0.000509,10,3.868977,0.000544
4,5,7,1,0|2|1|1|1,0|1|1|0|0,0,10,3.848888,0.000480,10,3.849097,0.000761
4,5,7,1,0|2|1|1|0,0|1|1|1|0,0,10,3.816129,0.000506,10,3.815551,0.000763
4,5,7,1,0|2|1|2|0,0|1|1|0|0,0,10,3.794350,0.000561,10,3.794478,0.000265
4,5,7,1,0|2|1|0|0,0|1|2|0|1,0,10,3.810293,0.000629,10,3.810109,0.000502
4,5,7,1,0|2|1|0|1,0|1|2|0|0,0,10,3.784040,0.000408,10,3.783904,0.000712
4,5,7,1,0|2|1|0|0,0|1|2|1|0,0,10,3.765607,0.000414,10,3.765504,0.000489
4,5,7,1,0|2|1|1|0,0|1|2|0|0,0,10,3.738668,0.000403,10,3.738561,0.000488
4,5,7,1,0|2|1|0|0,0|1|3|0|0,0,10,3.588414,0.000524,10,3.588463,0.000499
4,5,7,1,0|2|2|0|0,0|1|0|0|2,0,10,3.870216,0.000715,10,3.870571,0.000865
4,5,7,1,0|2|2|0|1,0|1|0|0|1,0,10,3.866921,0.000569,10,3.866491,0.000886
4,5,7,1,0|2|2|0|2,0|1|0|0|0,0,10,3.842954,0.000559,10,3.842621,0.000409
4,5,7,1,0|2|2|0|0,0|1|0|1|1,0,10,3.880546,0.000989,10,3.880546,0.000731
4,5,7,1,0|2|2|0|1,0|1|0|1|0,0,10,3.865728,0.000439,10,3.866077,0.000705
4,5,7,1,0|2|2|0|0,0|1|0|2|0,0,10,3.815155,0.000550,10,3.815560,0.000622
4,5,7,1,0|2|2|1|0,0|1|0|0|1,0,10,3.862978,0.000673,10,3.863346,0.000680
4,5,7,1,0|2|2|1|1,0|1|0|0|0,0,10,3.841259,0.000674,10,3.841170,0.000366
4,5,7,1,0|2|2|1|0,0|1|0|1|0,0,10,3.809001,0.000379,10,3.808915,0.000499
4,5,7,1,0|2|2|2|0,0|1|0|0|0,0,10,3.784307,0.000477,10,3.784199,0.000764
4,5,7,1,0|2|2|0|0,0|1|1|0|1,0,10,3.808389,0.000736,10,3.808517,0.000779
4,5,7,1,0|2|2|0|1,0|1|1|0|0,0,10,3.781611,0.000584,10,3.781426,0.000531
4,5,7,1,0|2|2|0|0,0|1|1|1|0,0,10,3.763270,0.000610,10,3.763567,0.000478
4,5,7,1,0|2|2|1|0,0|1|1|0|0,0,10,3.735240,0.000419,10,3.735306,0.000333
4,5,7,1,0|2|2|0|0,0|1|2|0|0,0,10,3.590016,0.000480,10,3.590409,0.000528
4,5,7,1,0|2|3|0|0,0|1|0|0|1,0,10,3.806533,0.000668,10,3.806802,0.000867
4,5,7,1,0|2|3|0|1,0|1|0|0|0,0,10,3.779039,0.000654,10,3.779433,0.000846
4,5,7,1,0|2|3|0|0,0|1|0|1|0,0,10,3.760963,0.000458,10,3.760943,0.000441
4,5,7,1,0|2|3|1|0,0|1|0|0|0,0,10,3.732606,0.000588,10,3.732430,0.000562
4,5,7,1,0|2|3|0|0,0|1|1|0|0,0,10,3.590631,0.000366,10,3.590691,0.000532
4,5,7,1,0|2|4|0|0,0|1|0|0|0,0,10,3.589811,0.000319,10,3.590093,0.000603
4,5,7,1,0|2|0|0|0,0|2|0|0|3,0,10,3.854029,0.001098,10,3.852805,0.001021
4,5,7,1,0|2|0|0|1,0|2|0|0|2,0,10,3.855166,0.000772,10,3.855620,0.000678
4,5,7,1,0|2|0|0|2,0|2|0|0|1,0,10,3.847480,0.000940,10,3.847481,0.000732
4,5,7,1,0|2|0|0|3,0|2|0|0|0,0,10,3.829011,0.000556,10,3.828451,0.000982
4,5,7,1,0|2|0|0|0,0|2|0|1|2,0,10,3.893460,0.000927,10,3.892859,0.001096
4,5,7,1,0|2|0|0|1,0|2|0|1|1,0,10,3.891459,0.000941,10,3.891032,0.000888
4,5,7,1,0|2|0|0|2,0|2|0|1|0,0,10,3.875108,0.001110,10,3.875036,0.000444
4,5,7,1,0|2|0|0|0,0|2|0|2|1,0,10,3.869376,0.000806,10,3.869978,0.000664
4,5,7,1,0|2|0|0|1,0|2|0|2|0,0,10,3.854177,0.000411,10,3.853897,0.000579
4,5,7,1,0|2|0|0|0,0|2|0|3|0,0,10,3.756542,0.000202,10,3.756420,0.000642
4,5,7,1,0|2|0|1|0,0|2|0|0|2,0,10,3.882299,0.000717,10,3.882185,0.000794
4,5,7,1,0|2|0|1|1,0|2|0|0|1,0,10,3.876577,0.000878,10,3.876528,0.000874
4,5,7,1,0|2|0|1|2,0|2|0|0|0,0,10,3.856017,0.000932,10,3.856356,0.000786
4,5,7,1,0|2|0|1|0,0|2|0|1|1,0,10,3.865806,0.000826,10,3.865964,0.000567
4,5,7,1,0|2|0|1|1,0|2|0|1|0,0,10,3.848228,0.000506,10,3.848185,0.000884
4,5,7,1,0|2|0|1|0,0|2|0|2|0,0,10,3.757030,0.000340,10,3.757236,0.000527
4,5,7,1,0|2|0|2|0,0|2|0|0|1,0,10,3.853833,0.000624,10,3.854089,0.000598
4,5,7,1,0|2|0|2|1,0|2|0|0|0,0,10,3.831823,0.000763,10,3.831698,0.000538
4,5,7,1,0|2|0|2|0,0|2|0|1|0,0,10,3.751245,0.000651,10,3.751363,0.000560
4,5,7,1,0|2|0|3|0,0|2|0|0|0,0,10,3.738670,0.000546,10,3.738574,0.000474
4,5,7,1,0|2|0|0|0,0|2|1|0|2,0,10,3.867192,0.000980,10,3.866723,0.001146
4,5,7,1,0|2|0|0|1,0|2|1|0|1,0,10,3.864864,0.000494,10,3.864058,0.000912
4,5,7,1,0|2|0|0|2,0|2|1|0|0,0,10,3.842785,0.000597,10,3.842677,0.000695
4,5,7,1,0|2|0|0|0,0|2|1|1|1,0,10,3.879482,0.000757,10,3.879301,0.000666
4,5,7,1,0|2|0|0|1,0|2|1|1|0,0,10,3.865640,0.000609,10,3.865655,0.000775
4,5,7,1,0|2|0|0|0,0|2|1|2|0,0,10,3.810965,0.000738,10,3.810782,0.000548
4,5,7,1,0|2|0|1|0,0|2|1|0|1,0,10,3.865035,0.000681,10,3.865546,0.000501
4,5,7,1,0|2|0|1|1,0|2|1|0|0,0,10,3.845007,0.000926,10,3.845078,0.000737
4,5,7,1,0|2|0|1|0,0|2|1|1|0,0,10,3.806470,0.000568,10,3.806811,0.000403
4,5,7,1,0|2|0|2|0,0|2|1|0|0,0,10,3.785737,0.000609,10,3.785827,0.000317
4,5,7,1,0|2|0|0|0,0|2|2|0|1,0,10,3.806722,0.000529,10,3.806750,0.000686
4,5,7,1,0|2|0|0|1,0|2|2|0|0,0,10,3.781658,0.000655,10,3.781637,0.000688
4,5,7,1,0|2|0|0|0,0|2|2|1|0,0,10,3.761675,0.000469,10,3.762599,0.000480
4,5,7,1,0|2|0|1|0,0|2|2|0|0,0,10,3.737110,0.000326,10,3.737158,0.000317
4,5,7,1,0|2|0|0|0,0|2|3|0|0,0,10,3.580310,0.000561,10,3.580585,0.000422
4,5,7,1,0|2|1|0|0,0|2|0|0|2,0,10,3.859408,0.000814,10,3.859578,0.000858
4,5,7,1,0|2|1|0|1,0|2|0|0|1,0,10,3.855313,0.000825,10,3.854524,0.000960
4,5,7,1,0|2|1|0|2,0|2|0|0|0,0,10,3.830252,0.000482,10,3.830367,0.000794
4,5,7,1,0|2|1|0|0,0|2|0|1|1,0,10,3.870683,0.000728,10,3.870733,0.000484
4,5,7,1,0|2|1|0|1,0|2|0|1|0,0,10,3.854639,0.000730,10,3.854476,0.000771
4,5,7,1,0|2|1|0|0,0|2|0|2|0,0,10,3.797985,0.000774,10,3.798413,0.000488
4,5,7,1,0|2|1|1|0,0|2|0|0|1,0,10,3.852268,0.000407,10,3.852143,0.000513
4,5,7,1,0|2|1|1|1,0|2|0|0|0,0,10,3.828665,0.000757,10,3.828249,0.000804
4,5,7,1,0|2|1|1|0,0|2|0|1|0,0,10,3.791064,0.000596,10,3.790809,0.000675
4,5,7,1,0|2|1|2|0,0|2|0|0|0,0,10,3.767538,0.000560,10,3.767597,0.000452
4,5,7,1,0|2|1|0|0,0|2|1|0|1,0,10,3.804638,0.000438,10,3.804639,0.000736
4,5,7,1,0|2|1|0|1,0|2|1|0|0,0,10,3.777964,0.000537,10,3.777457,0.000217
4,5,7,1,0|2|1|0|0,0|2|1|1|0,0,10,3.759047,0.000364,10,3.759277,0.000402
4,5,7,1,0|2|1|1|0,0|2|1|0|0,0,10,3.731150,0.000600,10,3.731264,0.000284
4,5,7,1,0|2|1|0|0,0|2|2|0|0,0,10,3.585560,0.000238,10,3.585875,0.000684
4,5,7,1,0|2|2|0|0,0|2|0|0|1,0,10,3.799983,0.000357,10,3.800210,0.000636
4,5,7,1,0|2|2|0|1,0|2|0|0|0,0,10,3.771042,0.000747,10,3.771042,0.000738
4,5,7,1,0|2|2|0|0,0|2|0|1|0,0,10,3.752653,0.000487,10,3.752652,0.000445
4,5,7,1,0|2|2|1|0,0|2|0|0|0,0,10,3.722933,0.000346,10,3.722883,0.000610
4,5,7,1,0|2|2|0|0,0|2|1|0|0,0,10,3.586182,0.000322,10,3.586492,0.000398
4,5,7,1,0|2|3|0|0,0|2|0|0|0,0,10,3.584493,0.000639,10,3.584404,0.000489
4,5,7,1,0|2|0|0|0,0|3|0|0|2,0,10,3.810126,0.000683,10,3.809896,0.000595
4,5,7,1,0|2|0|0|1,0|3|0|0|1,0,10,3.807270,0.000870,10,3.807402,0.000639
4,5,7,1,0|2|0|0|2,0|3|0|0|0,0,10,3.778620,0.000531,10,3.778498,0.000514
4,5,7,1,0|2|0|0|0,0|3|0|1|1,0,10,3.836686,0.000696,10,3.836207,0.000467
4,5,7,1,0|2|0|0|1,0|3|0|1|0,0,10,3.815772,0.000793,10,3.816233,0.000502
4,5,7,1,0|2|0|0|0,0|3|0|2|0,0,10,3.724130,0.000746,10,3.724078,0.000655
4,5,7,1,0|2|0|1|0,0|3|0|0|1,0,10,3.818274,0.000543,10,3.818097,0.000501
4,5,7,1,0|2|0|1|1,0|3|0|0|0,0,10,3.790389,0.000602,10,3.790045,0.000811
4,5,7,1,0|2|0|1|0,0|3|0|1|0,0,10,3.720143,0.000526,10,3.720419,0.000267
4,5,7,1,0|2|0|2|0,0|3|0|0|0,0,10,3.700492,0.000393,10,3.700142,0.000431
4,5,7,1,0|2|0|0|0,0|3|1|0|1,0,10,3.792045,0.000578,10,3.791966,0.000768
4,5,7,1,0|2|0|0|1,0|3|1|0|0,0,10,3.764899,0.000639,10,3.764746,0.000601
4,5,7,1,0|2|0|0|0,0|3|1|1|0,0,10,3.744347,0.000290,10,3.744316,0.000507
4,5,7,1,0|2|0|1|0,0|3|1|0|0,0,10,3.718317,0.000629,10,3.718461,0.000484
4,5,7,1,0|2|0|0|0,0|3|2|0|0,0,10,3.572420,0.000494,10,3.572585,0.000438
4,5,7,1,0|2|1|0|0,0|3|0|0|1,0,10,3.780839,0.000717,10,3.780998,0.000575
4,5,7,1,0|2|1|0|1,0|3|0|0|0,0,10,3.750258,0.000513,10,3.750214,0.000585
4,5,7,1,0|2|1|0|0,0|3|0|1|0,0,10,3.730505,0.000734,10,3.730464,0.000501
4,5,7,1,0|2|1|1|0,0|3|0|0|0,0,10,3.699771,0.000396,10,3.699482,0.000614
4,5,7,1,0|2|1|0|0,0|3|1|0|0,0,10,3.575702,0.000481,10,3.575656,0.000418
4,5,7,1,0|2|2|0|0,0|3|0|0|0,0,10,3.570642,0.000514,10,3.570874,0.000522
4,5,7,1,0|2|0|0|0,0|4|0|0|1,0,10,3.712550,0.000561,10,3.712584,0.000601
4,5,7,1,0|2|0|0|1,0|4|0|0|0,0,10,3.678579,0.000505,10,3.678548,0.000543
4,5,7,1,0|2|0|0|0,0|4|0|1|0,0,10,3.651284,0.000340,10,3.651229,0.000528
4,5,7,1,0|2|0|1|0,0|4|0|0|0,0,10,3.623353,0.000650,10,3.623185,0.000670
4,5,7,1,0|2|0|0|0,0|4|1|0|0,0,10,3.544292,0.000440,10,3.544162,0.000552
4,5,7,1,0|2|1|0|0,0|4|0|0|0,0,10,3.533572,0.000493,10,3.533405,0.000517
4,5,7,1,0|2|0|0|0,0|5|0|0|0,0,10,3.397998,0.000502,10,3.398180,0.000785
4,5,7,1,0|3|0|0|0,0|0|0|0|4,0,10,3.874841,0.000847,10,3.875252,0.001070
4,5,7,1,0|3|0|0|1,0|0|0|0|3,0,10,3.877262,0.001109,10,3.877157,0.000992
4,5,7,1,0|3|0|0|2,0|0|0|0|2,0,10,3.874541,0.001171,10,3.874480,0.000902
4,5,7,1,0|3|0|0|3,0|0|0|0|1,0,10,3.869373,0.000758,10,3.869138,0.000977
4,5,7,1,0|3|0|0|4,0|0|0|0|0,0,10,3.857498,0.001011,10,3.858222,0.000592
4,5,7,1,0|3|0|0|0,0|0|0|1|3,0,10,3.915818,0.001078,10,3.916385,0.001079
4,5,7,1,0|3|0|0|1,0|0|0|1|2,0,10,3.916614,0.000942,10,3.916511,0.000741
4,5,7,1,0|3|0|0|2,0|0|0|1|1,0,10,3.912654,0.000837,10,3.912563,0.000892
4,5,7,1,0|3|0|0|3,0|0|0|1|0,0,10,3.903231,0.000773,10,3.903511,0.000724
4,5,7,1,0|3|0|0|0,0|0|0|2|2,0,10,3.910962,0.001071,10,3.911201,0.000730
4,5,7,1,0|3|0|0|1,0|0|0|2|1,0,10,3.910515,0.001097,10,3.910316,0.000830
4,5,7,1,0|3|0|0|2,0|0|0|2|0,0,10,3.897200,0.000679,10,3.897131,0.000608
4,5,7,1,0|3|0|0|0,0|0|0|3|1,0,10,3.883624,0.001061,10,3.883527,0.000435
4,5,7,1,0|3|0|0|1,0|0|0|3|0,0,10,3.869946,0.000565,10,3.870188,0.000514
4,5,7,1,0|3|0|0|0,0|0|0|4|0,0,10,3.772932,0.000607,10,3.773246,0.000600
4,5,7,1,0|3|0|1|0,0|0|0|0|3,0,10,3.907886,0.001454,10,3.908988,0.000744
4,5,7,1,0|3|0|1|1,0|0|0|0|2,0,10,3.907547,0.000877,10,3.908292,0.001114
4,5,7,1,0|3|0|1|2,0|0|0|0|1,0,10,3.901979,0.000700,10,3.902097,0.000651
4,5,7,1,0|3|0|1|3,0|0|0|0|0,0,10,3.889898,0.000869,10,3.889837,0.000829
4,5,7,1,0|3|0|1|0,0|0|0|1|2,0,10,3.909627,0.000798,10,3.908976,0.001189
4,5,7,1,0|3|0|1|1,0|0|0|1|1,0,10,3.907490,0.000853,10,3.907223,0.000998
4,5,7,1,0|3|0|1|2,0|0|0|1|0,0,10,3.894093,0.000973,10,3.893754,0.000982
4,5,7,1,0|3|0|1|0,0|0|0|2|1,0,10,3.882984,0.000945,10,3.882652,0.000773
4,5,7,1,0|3|0|1|1,0|0|0|2|0,0,10,3.868367,0.000543,10,3.868142,0.000668
4,5,7,1,0|3|0|1|0,0|0|0|3|0,0,10,3.774272,0.000359,10,3.774594,0.000378
4,5,7,1,0|3|0|2|0,0|0|0|0|2,0,10,3.901121,0.000315,10,3.901228,0.000818
4,5,7,1,0|3|0|2|1,0|0|0|0|1,0,10,3.898266,0.000981,10,3.897946,0.000834
4,5,7,1,0|3|0|2|2,0|0|0|0|0,0,10,3.879904,0.000727,10,3.879940,0.000369
4,5,7,1,0|3|0|2|0,0|0|0|1|1,0,10,3.878536,0.000458,10,3.878076,0.000796
4,5,7,1,0|3|0|2|1,0|0|0|1|0,0,10,3.862609,0.000586,10,3.862289,0.000571
4,5,7,1,0|3|0|2|0,0|0|0|2|0,0,10,3.772276,0.000309,10,3.772255,0.000286
4,5,7,1,0|3|0|3|0,0|0|0|0|1,0,10,3.870964,0.000673,10,3.871224,0.000961
4,5,7,1,0|3|0|3|1,0|0|0|0|0,0,10,3.852712,0.000674,10,3.852271,0.000564
4,5,7,1,0|3|0|3|0,0|0|0|1|0,0,10,3.768313,0.000305,10,3.768584,0.000317
4,5,7,1,0|3|0|4|0,0|0|0|0|0,0,10,3.760461,0.000344,10,3.760573,0.000438
4,5,7,1,0|3|0|0|0,0|0|1|0|3,0,10,3.897384,0.001149,10,3.897533,0.000985
4,5,7,1,0|3|0|0|1,0|0|1|0|2,0,10,3.898448,0.000708,10,3.898363,0.001111
4,5,7,1,0|3|0|0|2,0|0|1|0|1,0,10,3.893019,0.000637,10,3.892771,0.000819
4,5,7,1,0|3|0|0|3,0|0|1|0|0,0,10,3.879991,0.001010,10,3.880392,0.001046
4,5,7,1,0|3|0|0|0,0|0|1|1|2,0,10,3.918591,0.001011,10,3.919842,0.000791
4,5,7,1,0|3|0|0|1,0|0|1|1|1,0,10,3.917782,0.001380,10,3.917804,0.000494
4,5,7,1,0|3|0|0|2,0|0|1|1|0,0,10,3.907508,0.000683,10,3.907625,0.000885
4,5,7,1,0|3|0|0|0,0|0|1|2|1,0,10,3.907583,0.000765,10,3.907857,0.001031
4,5,7,1,0|3|0|0|1,0|0|1|2|0,0,10,3.898297,0.000808,10,3.898134,0.000655
4,5,7,1,0|3|0|0|0,0|0|1|3|0,0,10,3.843803,0.000502,10,3.843877,0.000711
4,5,7,1,0|3|0|1|0,0|0|1|0|2,0,10,3.910769,0.001255,10,3.910529,0.000894
4,5,7,1,0|3|0|1|1,0|0|1|0|1,0,10,3.907072,0.000707,10,3.906811,0.001049
4,5,7,1,0|3|0|1|2,0|0|1|0|0,0,10,3.892847,0.000600,10,3.892938,0.000738
4,5,7,1,0|3|0|1|0,0|0|1|1|1,0,10,3.904664,0.001032,10,3.904562,0.001020
4,5,7,1,0|3|0|1|1,0|0|1|1|0,0,10,3.893715,0.000481,10,3.893718,0.000697
4,5,7,1,0|3|0|1|0,0|0|1|2|0,0,10,3.844271,0.000512,10,3.843915,0.000472
4,5,7,1,0|3|0|2|0,0|0|1|0|1,0,10,3.893618,0.000628,10,3.893428,0.000906
4,5,7,1,0|3|0|2|1,0|0|1|0|0,0,10,3.879324,0.000451,10,3.878903,0.000662
4,5,7,1,0|3|0|2|0,0|0|1|1|0,0,10,3.836851,0.000609,10,3.836894,0.000689
4,5,7,1,0|3|0|3|0,0|0|1|0|0,0,10,3.822860,0.000542,10,3.823081,0.000557
4,5,7,1,0|3|0|0|0,0|0|2|0|2,0,10,3.875434,0.001012,10,3.875947,0.000539
4,5,7,1,0|3|0|0|1,0|0|2|0|1,0,10,3.873610,0.001104,10,3.873485,0.000688
4,5,7,1,0|3|0|0|2,0|0|2|0|0,0,10,3.853171,0.000565,10,3.852982,0.000827
4,5,7,1,0|3|0|0|0,0|0|2|1|1,0,10,3.887589,0.000789,10,3.887870,0.000974
4,5,7,1,0|3|0|0|1,0|0|2|1|0,0,10,3.874882,0.000450,10,3.874908,0.000843
4,5,7,1,0|3|0|0|0,0|0|2|2|0,0,10,3.824417,0.000475,10,3.824553,0.000560
4,5,7,1,0|3|0|1|0,0|0|2|0|1,0,10,3.874573,0.000425,10,3.874068,0.000738
4,5,7,1,0|3|0|1|1,0|0|2|0|0,0,10,3.855626,0.000459,10,3.855455,0.000640
4,5,7,1,0|3|0|1|0,0|0|2|1|0,0,10,3.820922,0.000353,10,3.820864,0.000351
4,5,7,1,0|3|0|2|0,0|0|2|0|0,0,10,3.800042,0.000312,10,3.799717,0.000443
4,5,7,1,0|3|0|0|0,0|0|3|0|1,0,10,3.810988,0.000854,10,3.810879,0.000654
4,5,7,1,0|3|0|0|1,0|0|3|0|0,0,10,3.786002,0.000540,10,3.786146,0.000586
4,5,7,1,0|3|0|0|0,0|0|3|1|0,0,10,3.766812,0.000471,10,3.766632,0.000410
4,5,7,1,0|3|0|1|0,0|0|3|0|0,0,10,3.742025,0.000519,10,3.742123,0.000511
4,5,7,1,0|3|0|0|0,0|0|4|0|0,0,10,3.582594,0.000611,10,3.582372,0.000564
4,5,7,1,0|3|1|0|0,0|0|0|0|3,0,10,3.892487,0.000850,10,3.892266,0.001142
4,5,7,1,0|3|1|0|1,0|0|0|0|2,0,10,3.892137,0.000754,10,3.892424,0.000849
4,5,7,1,0|3|1|0|2,0|0|0|0|1,0,10,3.885650,0.000984,10,3.885517,0.001049
4,5,7,1,0|3|1|0|3,0|0|0|0|0,0,10,3.870326,0.000866,10,3.870468,0.000661
4,5,7,1,0|3|1|0|0,0|0|0|1|2,0,10,3.913201,0.000719,10,3.912999,0.001401
4,5,7,1,0|3|1|0|1,0|0|0|1|1,0,10,3.912089,0.000803,10,3.911848,0.000867
4,5,7,1,0|3|1|0|2,0|0|0|1|0,0,10,3.899527,0.000994,10,3.899589,0.001148
4,5,7,1,0|3|1|0|0,0|0|0|2|1,0,10,3.900014,0.000796,10,3.900074,0.000848
4,5,7,1,0|3|1|0|1,0|0|0|2|0,0,10,3.889156,0.000828,10,3.888732,0.000741
4,5,7,1,0|3|1|0|0,0|0|0|3|0,0,10,3.831425,0.000557,10,3.831226,0.000561
4,5,7,1,0|3|1|1|0,0|0|0|0|2,0,10,3.902062,0.000857,10,3.902225,0.000643
4,5,7,1,0|3|1|1|1,0|0|0|0|1,0,10,3.897316,0.000969,10,3.897237,0.000954
4,5,7,1,0|3|1|1|2,0|0|0|0|0,0,10,3.880175,0.000781,10,3.880429,0.001026
4,5,7,1,0|3|1|1|0,0|0|0|1|1,0,10,3.895549,0.000803,10,3.895155,0.001012
4,5,7,1,0|3|1|1|1,0|0|0|1|0,0,10,3.882169,0.000753,10,3.881899,0.000726
4,5,7,1,0|3|1|1|0,0|0|0|2|0,0,10,3.830019,0.000520,10,3.830334,0.000494
4,5,7,1,0|3|1|2|0,0|0|0|0|1,0,10,3.882317,0.000726,10,3.882675,0.000478
4,5,7,1,0|3|1|2|1,0|0|0|0|0,0,10,3.864684,0.000867,10,3.864682,0.000914
4,5,7,1,0|3|1|2|0,0|0|0|1|0,0,10,3.822197,0.000653,10,3.821834,0.000722
4,5,7,1,0|3|1|3|0,0|0|0|0|0,0,10,3.805634,0.000597,10,3.805988,0.000404
4,5,7,1,0|3|1|0|0,0|0|1|0|2,0,10,3.874317,0.000682,10,3.874819,0.000810
4,5,7,1,0|3|1|0|1,0|0|1|0|1,0,10,3.870766,0.000772,10,3.870574,0.000881
4,5,7,1,0|3|1|0|2,0|0|1|0|0,0,10,3.849781,0.000705,10,3.849717,0.000684
4,5,7,1,0|3|1|0|0,0|0|1|1|1,0,10,3.884853,0.000758,10,3.884524,0.000761
4,5,7,1,0|3|1|0|1,0|0|1|1|0,0,10,3.870497,0.000768,10,3.870661,0.000417
4,5,7,1,0|3|1|0|0,0|0|1|2|0,0,10,3.821689,0.000542,10,3.821958,0.000559
4,5,7,1,0|3|1|1|0,0|0|1|0|1,0,10,3.869059,0.000361,10,3.868821,0.000708
4,5,7,1,0|3|1|1|1,0|0|1|0|0,0,10,3.848596,0.000795,10,3.849040,0.000721
4,5,7,1,0|3|1|1|0,0|0|1|1|0,0,10,3.815797,0.000621,10,3.815890,0.000644
4,5,7,1,0|3|1|2|0,0|0|1|0|0,0,10,3.794247,0.000571,10,3.794602,0.000575
4,5,7,1,0|3|1|0|0,0|0|2|0|1,0,10,3.809975,0.000606,10,3.810142,0.000509
4,5,7,1,0|3|1|0|1,0|0|2|0|0,0,10,3.784663,0.000329,10,3.784066,0.000354
4,5,7,1,0|3|1|0|0,0|0|2|1|0,0,10,3.765547,0.000457,10,3.765353,0.000473
4,5,7,1,0|3|1|1|0,0|0|2|0|0,0,10,3.738353,0.000440,10,3.738574,0.000272
4,5,7,1,0|3|1|0|0,0|0|3|0|0,0,10,3.588348,0.000365,10,3.588335,0.000572
4,5,7,1,0|3|2|0|0,0|0|0|0|2,0,10,3.870145,0.000951,10,3.869741,0.001074
4,5,7,1,0|3|2|0|1,0|0|0|0|1,0,10,3.866246,0.000672,10,3.866579,0.001103
4,5,7,1,0|3|2|0|2,0|0|0|0|0,0,10,3.843122,0.000724,10,3.842341,0.000799
4,5,7,1,0|3|2|0|0,0|0|0|1|1,0,10,3.880341,0.000510,10,3.880293,0.000898
4,5,7,1,0|3|2|0|1,0|0|0|1|0,0,10,3.865816,0.000655,10,3.866111,0.000927
4,5,7,1,0|3|2|0|0,0|0|0|2|0,0,10,3.815237,0.000436,10,3.815359,0.000687
4,5,7,1,0|3|2|1|0,0|0|0|0|1,0,10,3.862863,0.000662,10,3.862941,0.000572
4,5,7,1,0|3|2|1|1,0|0|0|0|0,0,10,3.840906,0.000986,10,3.841065,0.000655
4,5,7,1,0|3|2|1|0,0|0|0|1|0,0,10,3.808880,0.000303,10,3.808934,0.000336
4,5,7,1,0|3|2|2|0,0|0|0|0|0,0,10,3.783805,0.000538,10,3.784429,0.000565
4,5,7,1,0|3|2|0|0,0|0|1|0|1,0,10,3.808279,0.000570,10,3.808534,0.000309
4,5,7,1,0|3|2|0|1,0|0|1|0|0,0,10,3.781889,0.000465,10,3.781677,0.000477
4,5,7,1,0|3|2|0|0,0|0|1|1|0,0,10,3.763344,0.000485,10,3.763211,0.000671
4,5,7,1,0|3|2|1|0,0|0|1|0|0,0,10,3.735237,0.000496,10,3.735364,0.000492
4,5,7,1,0|3|2|0|0,0|0|2|0|0,0,10,3.590295,0.000622,10,3.590245,0.000523
4,5,7,1,0|3|3|0|0,0|0|0|0|1,0,10,3.806701,0.000718,10,3.806644,0.000535
4,5,7,1,0|3|3|0|1,0|0|0|0|0,0,10,3.778982,0.000642,10,3.779109,0.000679
4,5,7,1,0|3|3|0|0,0|0|0|1|0,0,10,3.761037,0.000398,10,3.760808,0.000462
4,5,7,1,0|3|3|1|0,0|0|0|0|0,0,10,3.731864,0.000413,10,3.732072,0.000182
4,5,7,1,0|3|3|0|0,0|0|1|0|0,0,10,3.590983,0.000525,10,3.590477,0.000320
4,5,7,1,0|3|4|0|0,0|0|0|0|0,0,10,3.589688,0.000386,10,3.589693,0.000533
4,5,7,1,0|3|0|0|0,0|1|0|0|3,0,10,3.854014,0.000698,10,3.853412,0.000878
4,5,7,1,0|3|0|0|1,0|1|0|0|2,0,10,3.855270,0.000546,10,3.855828,0.000870
4,5,7,1,0|3|0|0|2,0|1|0|0|1,0,10,3.847293,0.000496,10,3.847727,0.000878
4,5,7,1,0|3|0|0|3,0|1|0|0|0,0,10,3.829126,0.001243,10,3.828722,0.000911
4,5,7,1,0|3|0|0|0,0|1|0|1|2,0,10,3.893561,0.000869,10,3.893345,0.000705
4,5,7,1,0|3|0|0|1,0|1|0|1|1,0,10,3.891208,0.001278,10,3.891579,0.000716
4,5,7,1,0|3|0|0|2,0|1|0|1|0,0,10,3.875082,0.000631,10,3.875481,0.000699
4,5,7,1,0|3|0|0|0,0|1|0|2|1,0,10,3.869712,0.001032,10,3.869391,0.000364
4,5,7,1,0|3|0|0|1,0|1|0|2|0,0,10,3.853839,0.001006,10,3.854088,0.000724
4,5,7,1,0|3|0|0|0,0|1|0|3|0,0,10,3.756236,0.000425,10,3.756264,0.000472
4,5,7,1,0|3|0|1|0,0|1|0|0|2,0,10,3.881913,0.000585,10,3.881786,0.000699
4,5,7,1,0|3|0|1|1,0|1|0|0|1,0,10,3.876588,0.000719,10,3.876846,0.000434
4,5,7,1,0|3|0|1|2,0|1|0|0|0,0,10,3.855700,0.000620,10,3.856214,0.000545
4,5,7,1,0|3|0|1|0,0|1|0|1|1,0,10,3.866214,0.000616,10,3.865798,0.000669
4,5,7,1,0|3|0|1|1,0|1|0|1|0,0,10,3.848452,0.000795,10,3.848374,0.000780
4,5,7,1,0|3|0|1|0,0|1|0|2|0,0,10,3.757231,0.000508,10,3.756915,0.000526
4,5,7,1,0|3|0|2|0,0|1|0|0|1,0,10,3.853746,0.000459,10,3.853492,0.000514
4,5,7,1,0|3|0|2|1,0|1|0|0|0,0,10,3.831377,0.000739,10,3.831371,0.000721
4,5,7,1,0|3|0|2|0,0|1|0|1|0,0,10,3.751337,0.000454,10,3.751020,0.000417
4,5,7,1,0|3|0|3|0,0|1|0|0|0,0,10,3.738515,0.000436,10,3.738727,0.000227
4,5,7,1,0|3|0|0|0,0|1|1|0|2,0,10,3.867074,0.001086,10,3.866884,0.000886
4,5,7,1,0|3|0|0|1,0|1|1|0|1,0,10,3.864398,0.000669,10,3.864040,0.000733
4,5,7,1,0|3|0|0|2,0|1|1|0|0,0,10,3.842471,0.000599,10,3.842458,0.000635
4,5,7,1,0|3|0|0|0,0|1|1|1|1,0,10,3.879907,0.000717,10,3.879635,0.000571
4,5,7,1,0|3|0|0|1,0|1|1|1|0,0,10,3.865560,0.000425,10,3.866099,0.000583
4,5,7,1,0|3|0|0|0,0|1|1|2|0,0,10,3.810914,0.000680,10,3.811161,0.000485
4,5,7,1,0|3|0|1|0,0|1|1|0|1,0,10,3.865561,0.000608,10,3.865059,0.000649
4,5,7,1,0|3|0|1|1,0|1|1|0|0,0,10,3.844922,0.000751,10,3.845201,0.000626
4,5,7,1,0|3|0|1|0,0|1|1|1|0,0,10,3.806648,0.000648,10,3.806877,0.000356
4,5,7,1,0|3|0|2|0,0|1|1|0|0,0,10,3.785917,0.000535,10,3.785953,0.000455
4,5,7,1,0|3|0|0|0,0|1|2|0|1,0,10,3.807326,0.000844,10,3.806748,0.000658
4,5,7,1,0|3|0|0|1,0|1|2|0|0,0,10,3.781144,0.000615,10,3.781532,0.000610
4,5,7,1,0|3|0|0|0,0|1|2|1|0,0,10,3.761838,0.000364,10,3.762100,0.000460
4,5,7,1,0|3|0|1|0,0|1|2|0|0,0,10,3.737089,0.000471,10,3.737008,0.000637
4,5,7,1,0|3|0|0|0,0|1|3|0|0,0,10,3.580510,0.000437,10,3.580208,0.000637
4,5,7,1,0|3|1|0|0,0|1|0|0|2,0,10,3.859381,0.000964,10,3.858664,0.000771
4,5,7,1,0|3|1|0|1,0|1|0|0|1,0,10,3.854906,0.000509,10,3.854938,0.000777
4,5,7,1,0|3|1|0|2,0|1|0|0|0,0,10,3.829903,0.000764,10,3.830097,0.000849
4,5,7,1,0|3|1|0|0,0|1|0|1|1,0,10,3.871168,0.000959,10,3.870875,0.000528
4,5,7,1,0|3|1|0|1,0|1|0|1|0,0,10,3.854649,0.000766,10,3.854494,0.000507
4,5,7,1,0|3|1|0|0,0|1|0|2|0,0,10,3.798121,0.000409,10,3.798109,0.000623
4,5,7,1,0|3|1|1|0,0|1|0|0|1,0,10,3.851931,0.000631,10,3.852202,0.001096
4,5,7,1,0|3|1|1|1,0|1|0|0|0,0,10,3.828328,0.000567,10,3.828141,0.000944
4,5,7,1,0|3|1|1|0,0|1|0|1|0,0,10,3.791039,0.000391,10,3.790906,0.000443
4,5,7,1,0|3|1|2|0,0|1|0|0|0,0,10,3.767316,0.000403,10,3.767538,0.000572
4,5,7,1,0|3|1|0|0,0|1|1|0|1,0,10,3.804490,0.000668,10,3.804743,0.000308
4,5,7,1,0|3|1|0|1,0|1|1|0|0,0,10,3.777641,0.000831,10,3.777812,0.000527
4,5,7,1,0|3|1|0|0,0|1|1|1|0,0,10,3.758738,0.000410,10,3.758761,0.000488
4,5,7,1,0|3|1|1|0,0|1|1|0|0,0,10,3.731297,0.000289,10,3.731202,0.000364
4,5,7,1,0|3|1|0|0,0|1|2|0|0,0,10,3.585618,0.000337,10,3.585624,0.000194
4,5,7,1,0|3|2|0|0,0|1|0|0|1,0,10,3.799932,0.000195,10,3.799658,0.000558
4,5,7,1,0|3|2|0|1,0|1|0|0|0,0,10,3.770853,0.000677,10,3.771149,0.000437
4,5,7,1,0|3|2|0|0,0|1|0|1|0,0,10,3.752704,0.000501,10,3.752681,0.000370
4,5,7,1,0|3|2|1|0,0|1|0|0|0,0,10,3.722917,0.000395,10,3.722988,0.000435
4,5,7,1,0|3|2|0|0,0|1|1|0|0,0,10,3.586210,0.000484,10,3.586423,0.000383
4,5,7,1,0|3|3|0|0,0|1|0|0|0,0,10,3.584396,0.000394,10,3.584548,0.000394
4,5,7,1,0|3|0|0|0,0|2|0|0|2,0,10,3.810400,0.000716,10,3.810059,0.000649
4,5,7,1,0|3|0|0|1,0|2|0|0|1,0,10,3.807520,0.000755,10,3.807582,0.000653
4,5,7,1,0|3|0|0|2,0|2|0|0|0,0,10,3.778411,0.000692,10,3.777934,0.000576
4,5,7,1,0|3|0|0|0,0|2|0|1|1,0,10,3.836480,0.000541,10,3.835828,0.000523
4,5,7,1,0|3|0|0|1,0|2|0|1|0,0,10,3.816138,0.000689,10,3.816163,0.000651
4,5,7,1,0|3|0|0|0,0|2|0|2|0,0,10,3.724346,0.000471,10,3.724119,0.000477
4,5,7,1,0|3|0|1|0,0|2|0|0|1,0,10,3.818189,0.000869,10,3.817975,0.000458
4,5,7,1,0|3|0|1|1,0|2|0|0|0,0,10,3.790389,0.000707,10,3.790143,0.000792
4,5,7,1,0|3|0|1|0,0|2|0|1|0,0,10,3.720400,0.000527,10,3.720511,0.000645
4,5,7,1,0|3|0|2|0,0|2|0|0|0,0,10,3.699982,0.000392,10,3.699905,0.000468
4,5,7,1,0|3|0|0|0,0|2|1|0|1,0,10,3.791634,0.000505,10,3.791858,0.000596
4,5,7,1,0|3|0|0|1,0|2|1|0|0,0,10,3.764910,0.000488,10,3.765055,0.000405
4,5,7,1,0|3|0|0|0,0|2|1|1|0,0,10,3.744102,0.000586,10,3.744270,0.000570
4,5,7,1,0|3|0|1|0,0|2|1|0|0,0,10,3.718326,0.000549,10,3.718549,0.000626
4,5,7,1,0|3|0|0|0,0|2|2|0|0,0,10,3.572470,0.000525,10,3.572494,0.000564
4,5,7,1,0|3|1|0|0,0|2|0|0|1,0,10,3.780935,0.000703,10,3.781012,0.000520
4,5,7,1,0|3|1|0|1,0|2|0|0|0,0,10,3.750458,0.000723,10,3.750406,0.000731
4,5,7,1,0|3|1|0|0,0|2|0|1|0,0,10,3.730495,0.000596,10,3.730481,0.000855
4,5,7,1,0|3|1|1|0,0|2|0|0|0,0,10,3.699519,0.000286,10,3.699461,0.000480
4,5,7,1,0|3|1|0|0,0|2|1|0|0,0,10,3.575288,0.000399,10,3.575726,0.000442
4,5,7,1,0|3|2|0|0,0|2|0|0|0,0,10,3.570631,0.000582,10,3.570762,0.000640
4,5,7,1,0|3|0|0|0,0|3|0|0|1,0,10,3.712147,0.000464,10,3.712902,0.000842
4,5,7,1,0|3|0|0|1,0|3|0|0|0,0,10,3.678632,0.000858,10,3.678828,0.000460
4,5,7,1,0|3|0|0|0,0|3|0|1|0,0,10,3.651503,0.000338,10,3.651588,0.000522
4,5,7,1,0|3|0|1|0,0|3|0|0|0,0,10,3.623379,0.000573,10,3.623040,0.000489
4,5,7,1,0|3|0|0|0,0|3|1|0|0,0,10,3.544514,0.000509,10,3.544283,0.000577
4,5,7,1,0|3|1|0|0,0|3|0|0|0,0,10,3.533438,0.000489,10,3.533571,0.000496
4,5,7,1,0|3|0|0|0,0|4|0|0|0,0,10,3.398664,0.000292,10,3.398346,0.000650
4,5,7,1,0|4|0|0|0,0|0|0|0|3,0,10,3.853457,0.000800,10,3.853123,0.001034
4,5,7,1,0|4|0|0|1,0|0|0|0|2,0,10,3.855374,0.000565,10,3.855375,0.000911
4,5,7,1,0|4|0|0|2,0|0|0|0|1,0,10,3.847259,0.001078,10,3.847481,0.000752
4,5,7,1,0|4|0|0|3,0|0|0|0|0,0,10,3.828832,0.000708,10,3.828990,0.000544
4,5,7,1,0|4|0|0|0,0|0|0|1|2,0,10,3.893224,0.000666,10,3.893340,0.000928
4,5,7,1,0|4|0|0|1,0|0|0|1|1,0,10,3.891250,0.000793,10,3.891442,0.000760
4,5,7,1,0|4|0|0|2,0|0|0|1|0,0,10,3.875396,0.000835,10,3.875340,0.000799
4,5,7,1,0|4|0|0|0,0|0|0|2|1,0,10,3.869526,0.000865,10,3.869464,0.000510
4,5,7,1,0|4|0|0|1,0|0|0|2|0,0,10,3.854131,0.000349,10,3.853700,0.000659
4,5,7,1,0|4|0|0|0,0|0|0|3|0,0,10,3.756248,0.000335,10,3.756033,0.000605
4,5,7,1,0|4|0|1|0,0|0|0|0|2,0,10,3.881762,0.000789,10,3.881555,0.000615
4,5,7,1,0|4|0|1|1,0|0|0|0|1,0,10,3.876359,0.000593,10,3.876566,0.000884
4,5,7,1,0|4|0|1|2,0|0|0|0|0,0,10,3.856209,0.000656,10,3.855861,0.000930
4,5,7,1,0|4|0|1|0,0|0|0|1|1,0,10,3.866003,0.000739,10,3.866165,0.000875
4,5,7,1,0|4|0|1|1,0|0|0|1|0,0,10,3.848488,0.000604,10,3.848642,0.000462
4,5,7,1,0|4|0|1|0,0|0|0|2|0,0,10,3.757220,0.000581,10,3.757120,0.000295
4,5,7,1,0|4|0|2|0,0|0|0|0|1,0,10,3.853719,0.000747,10,3.854467,0.000614
4,5,7,1,0|4|0|2|1,0|0|0|0|0,0,10,3.831791,0.000622,10,3.831699,0.000500
4,5,7,1,0|4|0|2|0,0|0|0|1|0,0,10,3.751203,0.000517,10,3.751341,0.000503
4,5,7,1,0|4|0|3|0,0|0|0|0|0,0,10,3.738476,0.000513,10,3.738490,0.000524
4,5,7,1,0|4|0|0|0,0|0|1|0|2,0,10,3.867292,0.000856,10,3.866873,0.000710
4,5,7,1,0|4|0|0|1,0|0|1|0|1,0,10,3.865011,0.000726,10,3.863965,0.001087
4,5,7,1,0|4|0|0|2,0|0|1|0|0,0,10,3.842662,0.000448,10,3.842567,0.000834
4,5,7,1,0|4|0|0|0,0|0|1|1|1,0,10,3.879782,0.000798,10,3.879661,0.001036
4,5,7,1,0|4|0|0|1,0|0|1|1|0,0,10,3.865506,0.000939,10,3.865606,0.000637
4,5,7,1,0|4|0|0|0,0|0|1|2|0,0,10,3.811175,0.000254,10,3.810984,0.000510
4,5,7,1,0|4|0|1|0,0|0|1|0|1,0,10,3.864798,0.000521,10,3.864929,0.000648
4,5,7,1,0|4|0|1|1,0|0|1|0|0,0,10,3.845303,0.000496,10,3.844955,0.000704
4,5,7,1,0|4|0|1|0,0|0|1|1|0,0,10,3.806840,0.000507,10,3.806821,0.000417
4,5,7,1,0|4|0|2|0,0|0|1|0|0,0,10,3.785945,0.000475,10,3.786074,0.000394
4,5,7,1,0|4|0|0|0,0|0|2|0|1,0,10,3.807005,0.000768,10,3.807011,0.000830
4,5,7,1,0|4|0|0|1,0|0|2|0|0,0,10,3.781261,0.000633,10,3.781528,0.000477
4,5,7,1,0|4|0|0|0,0|0|2|1|0,0,10,3.762070,0.000240,10,3.762064,0.000537
4,5,7,1,0|4|0|1|0,0|0|2|0|0,0,10,3.736941,0.000510,10,3.737097,0.000423
4,5,7,1,0|4|0|0|0,0|0|3|0|0,0,10,3.580116,0.000437,10,3.580334,0.000404
4,5,7,1,0|4|1|0|0,0|0|0|0|2,0,10,3.858895,0.000643,10,3.859027,0.000732
4,5,7,1,0|4|1|0|1,0|0|0|0|1,0,10,3.855029,0.000624,10,3.854934,0.000701
4,5,7,1,0|4|1|0|2,0|0|0|0|0,0,10,3.829984,0.000499,10,3.830012,0.001076
4,5,7,1,0|4|1|0|0,0|0|0|1|1,0,10,3.871086,0.000437,10,3.870958,0.000889
4,5,7,1,0|4|1|0|1,0|0|0|1|0,0,10,3.854717,0.000670,10,3.854114,0.000637
4,5,7,1,0|4|1|0|0,0|0|0|2|0,0,10,3.798187,0.000370,10,3.798053,0.000517
4,5,7,1,0|4|1|1|0,0|0|0|0|1,0,10,3.852168,0.000639,10,3.852035,0.000683
4,5,7,1,0|4|1|1|1,0|0|0|0|0,0,10,3.828842,0.000536,10,3.828169,0.000655
4,5,7,1,0|4|1|1|0,0|0|0|1|0,0,10,3.790980,0.000438,10,3.791226,0.000398
4,5,7,1,0|4|1|2|0,0|0|0|0|0,0,10,3.767580,0.000495,10,3.767227,0.000620
4,5,7,1,0|4|1|0|0,0|0|1|0|1,0,10,3.804376,0.000669,10,3.804915,0.000661
4,5,7,1,0|4|1|0|1,0|0|1|0|0,0,10,3.777991,0.000470,10,3.777679,0.000461
4,5,7,1,0|4|1|0|0,0|0|1|1|0,0,10,3.758874,0.000592,10,3.758851,0.000512
4,5,7,1,0|4|1|1|0,0|0|1|0|0,0,10,3.731283,0.000403,10,3.730996,0.000471
4,5,7,1,0|4|1|0|0,0|0|2|0|0,0,10,3.585662,0.000606,10,3.585831,0.000566
4,5,7,1,0|4|2|0|0,0|0|0|0|1,0,10,3.799611,0.000551,10,3.800063,0.000502
4,5,7,1,0|4|2|0|1,0|0|0|0|0,0,10,3.770879,0.000623,10,3.770970,0.000540
4,5,7,1,0|4|2|0|0,0|0|0|1|0,0,10,3.752657,0.000306,10,3.752557,0.000636
4,5,7,1,0|4|2|1|0,0|0|0|0|0,0,10,3.723089,0.000607,10,3.722910,0.000291
4,5,7,1,0|4|2|0|0,0|0|1|0|0,0,10,3.586483,0.000608,10,3.586445,0.000580
4,5,7,1,0|4|3|0|0,0|0|0|0|0,0,10,3.584501,0.000304,10,3.584259,0.000431
4,5,7,1,0|4|0|0|0,0|1|0|0|2,0,10,3.810335,0.000773,10,3.810098,0.000626
4,5,7,1,0|4|0|0|1,0|1|0|0|1,0,10,3.807843,0.000846,10,3.807663,0.000559
4,5,7,1,0|4|0|0|2,0|1|0|0|0,0,10,3.779072,0.000451,10,3.778483,0.000598
4,5,7,1,0|4|0|0|0,0|1|0|1|1,0,10,3.836540,0.000490,10,3.836365,0.000850
4,5,7,1,0|4|0|0|1,0|1|0|1|0,0,10,3.815935,0.000295,10,3.816265,0.000729
4,5,7,1,0|4|0|0|0,0|1|0|2|0,0,10,3.723909,0.000263,10,3.724338,0.000370
4,5,7,1,0|4|0|1|0,0|1|0|0|1,0,10,3.818083,0.000549,10,3.818003,0.000505
4,5,7,1,0|4|0|1|1,0|1|0|0|0,0,10,3.790219,0.000533,10,3.790173,0.000668
4,5,7,1,0|4|0|1|0,0|1|0|1|0,0,10,3.720452,0.000657,10,3.720332,0.000524
4,5,7,1,0|4|0|2|0,0|1|0|0|0,0,10,3.700700,0.000731,10,3.700145,0.000637
4,5,7,1,0|4|0|0|0,0|1|1|0|1,0,10,3.791796,0.000760,10,3.791747,0.000378
4,5,7,1,0|4|0|0|1,0|1|1|0|0,0,10,3.764984,0.000351,10,3.765197,0.000713
4,5,7,1,0|4|0|0|0,0|1|1|1|0,0,10,3.744038,0.000501,10,3.743902,0.000459
4,5,7,1,0|4|0|1|0,0|1|1|0|0,0,10,3.718455,0.000438,10,3.718280,0.000418
4,5,7,1,0|4|0|0|0,0|1|2|0|0,0,10,3.572930,0.000324,10,3.572880,0.000394
4,5,7,1,0|4|1|0|0,0|1|0|0|1,0,10,3.781147,0.000684,10,3.781065,0.000471
4,5,7,1,0|4|1|0|1,0|1|0|0|0,0,10,3.750185,0.000765,10,3.749990,0.000684
4,5,7,1,0|4|1|0|0,0|1|0|1|0,0,10,3.730348,0.000624,10,3.730745,0.000497
4,5,7,1,0|4|1|1|0,0|1|0|0|0,0,10,3.699680,0.000490,10,3.699608,0.000536
4,5,7,1,0|4|1|0|0,0|1|1|0|0,0,10,3.575780,0.000566,10,3.575623,0.000562
4,5,7,1,0|4|2|0|0,0|1|0|0|0,0,10,3.570442,0.000687,10,3.570835,0.000560
4,5,7,1,0|4|0|0|0,0|2|0|0|1,0,10,3.712617,0.000853,10,3.712366,0.000603
4,5,7,1,0|4|0|0|1,0|2|0|0|0,0,10,3.679050,0.000627,10,3.679011,0.000676
4,5,7,1,0|4|0|0|0,0|2|0|1|0,0,10,3.651339,0.000692,10,3.651554,0.000436
4,5,7,1,0|4|0|1|0,0|2|0|0|0,0,10,3.623615,0.000499,10,3.623215,0.000632
4,5,7,1,0|4|0|0|0,0|2|1|0|0,0,10,3.544513,0.000426,10,3.544282,0.000536
4,5,7,1,0|4|1|0|0,0|2|0|0|0,0,10,3.533450,0.000759,10,3.533401,0.000578
4,5,7,1,0|4|0|0|0,0|3|0|0|0,0,10,3.398376,0.000597,10,3.398465,0.000796
4,5,7,1,0|5|0|0|0,0|0|0|0|2,0,10,3.810663,0.000735,10,3.810251,0.000842
4,5,7,1,0|5|0|0|1,0|0|0|0|1,0,10,3.807641,0.000764,10,3.807888,0.000818
4,5,7,1,0|5|0|0|2,0|0|0|0|0,0,10,3.778604,0.000611,10,3.778518,0.000847
4,5,7,1,0|5|0|0|0,0|0|0|1|1,0,10,3.836393,0.000715,10,3.836189,0.000573
4,5,7,1,0|5|0|0|1,0|0|0|1|0,0,10,3.815837,0.000687,10,3.815898,0.000332
4,5,7,1,0|5|0|0|0,0|0|0|2|0,0,10,3.724333,0.000519,10,3.724253,0.000655
4,5,7,1,0|5|0|1|0,0|0|0|0|1,0,10,3.818071,0.000460,10,3.818234,0.000771
4,5,7,1,0|5|0|1|1,0|0|0|0|0,0,10,3.789940,0.000534,10,3.790365,0.000627
4,5,7,1,0|5|0|1|0,0|0|0|1|0,0,10,3.720357,0.000621,10,3.720172,0.000413
4,5,7,1,0|5|0|2|0,0|0|0|0|0,0,10,3.700314,0.000564,10,3.700125,0.000352
4,5,7,1,0|5|0|0|0,0|0|1|0|1,0,10,3.791714,0.000552,10,3.791915,0.000649
4,5,7,1,0|5|0|0|1,0|0|1|0|0,0,10,3.765067,0.000443,10,3.765323,0.000726
4,5,7,1,0|5|0|0|0,0|0|1|1|0,0,10,3.744004,0.000383,10,3.744202,0.000494
4,5,7,1,0|5|0|1|0,0|0|1|0|0,0,10,3.718529,0.000637,10,3.718546,0.000228
4,5,7,1,0|5|0|0|0,0|0|2|0|0,0,10,3.572457,0.000649,10,3.572614,0.000512
4,5,7,1,0|5|1|0|0,0|0|0|0|1,0,10,3.781257,0.000683,10,3.780709,0.000755
4,5,7,1,0|5|1|0|1,0|0|0|0|0,0,10,3.750250,0.000628,10,3.750349,0.000508
4,5,7,1,0|5|1|0|0,0|0|0|1|0,0,10,3.730551,0.000485,10,3.730868,0.000473
4,5,7,1,0|5|1|1|0,0|0|0|0|0,0,10,3.699666,0.000726,10,3.699506,0.000406
4,5,7,1,0|5|1|0|0,0|0|1|0|0,0,10,3.575830,0.000313,10,3.575651,0.000491
4,5,7,1,0|5|2|0|0,0|0|0|0|0,0,10,3.570734,0.000200,10,3.570742,0.000542
4,5,7,1,0|5|0|0|0,0|1|0|0|1,0,10,3.712492,0.000787,10,3.712365,0.000607
4,5,7,1,0|5|0|0|1,0|1|0|0|0,0,10,3.678959,0.000519,10,3.678723,0.000624
4,5,7,1,0|5|0|0|0,0|1|0|1|0,0,10,3.651640,0.000432,10,3.651796,0.000375
4,5,7,1,0|5|0|1|0,0|1|0|0|0,0,10,3.623106,0.000718,10,3.623377,0.000340
4,5,7,1,0|5|0|0|0,0|1|1|0|0,0,10,3.544239,0.000528,10,3.544418,0.000513
4,5,7,1,0|5|1|0|0,0|1|0|0|0,0,10,3.533293,0.000682,10,3.533561,0.000719
4,5,7,1,0|5|0|0|0,0|2|0|0|0,0,10,3.398766,0.000616,10,3.398888,0.000801
4,5,7,1,0|6|0|0|0,0|0|0|0|1,0,10,3.712644,0.000560,10,3.712604,0.000778
4,5,7,1,0|6|0|0|1,0|0|0|0|0,0,10,3.678779,0.000757,10,3.678927,0.000759
4,5,7,1,0|6|0|0|0,0|0|0|1|0,0,10,3.651215,0.000344,10,3.651795,0.000509
4,5,7,1,0|6|0|1|0,0|0|0|0|0,0,10,3.623248,0.000373,10,3.623012,0.000401
4,5,7,1,0|6|0|0|0,0|0|1|0|0,0,10,3.544484,0.000529,10,3.544561,0.000432
4,5,7,1,0|6|1|0|0,0|0|0|0|0,0,10,3.533367,0.000419,10,3.533616,0.000548
4,5,7,1,0|6|0|0|0,0|1|0|0|0,0,10,3.398841,0.000390,10,3.399038,0.000725
4,5,7,1,0|7|0|0|0,0|0|0|0|0,0,10,3.398458,0.000429,10,3.398492,0.000620
