n,m,B,dual,c_forward,c_backward,structured,r1,mean1,sd1,r3,mean3,sd3
4,4,9,1,0|0|0|0,0|0|0|9,1,30,3.567183,0.000453,0,,
4,4,9,1,0|0|0|1,0|0|0|8,0,10,3.567289,0.000291,10,3.567662,0.000393
4,4,9,1,0|0|0|2,0|0|0|7,0,10,3.567226,0.000437,10,3.567394,0.000434
4,4,9,1,0|0|0|3,0|0|0|6,0,10,3.567246,0.000340,10,3.567141,0.000595
4,4,9,1,0|0|0|4,0|0|0|5,0,10,3.566882,0.000551,10,3.567214,0.000574
4,4,9,1,0|0|0|5,0|0|0|4,0,10,3.566731,0.000464,10,3.566906,0.000371
4,4,9,1,0|0|0|6,0|0|0|3,0,10,3.566596,0.000392,10,3.566383,0.000534
4,4,9,1,0|0|0|7,0|0|0|2,0,10,3.566105,0.000538,10,3.566121,0.000392
4,4,9,1,0|0|0|8,0|0|0|1,0,10,3.566116,0.000315,10,3.566070,0.000673
4,4,9,1,0|0|0|9,0|0|0|0,0,10,3.565843,0.000334,10,3.565649,0.000495
4,4,9,1,0|0|0|0,0|0|1|8,1,30,3.783599,0.000684,0,,
4,4,9,1,0|0|0|1,0|0|1|7,0,10,3.785633,0.000857,10,3.785522,0.000645
4,4,9,1,0|0|0|2,0|0|1|6,0,10,3.784118,0.000399,10,3.784528,0.000651
4,4,9,1,0|0|0|3,0|0|1|5,0,10,3.782888,0.000572,10,3.783585,0.000600
4,4,9,1,0|0|0|4,0|0|1|4,0,10,3.781994,0.000471,10,3.782132,0.000626
4,4,9,1,0|0|0|5,0|0|1|3,0,10,3.780605,0.000544,10,3.780537,0.000821
4,4,9,1,0|0|0|6,0|0|1|2,0,10,3.778709,0.000760,10,3.778702,0.000326
4,4,9,1,0|0|0|7,0|0|1|1,0,10,3.777002,0.000489,10,3.776974,0.001312
4,4,9,1,0|0|0|8,0|0|1|0,0,10,3.775065,0.000690,10,3.774828,0.000293
4,4,9,1,0|0|0|0,0|0|2|7,1,30,3.797807,0.000884,0,,
4,4,9,1,0|0|0|1,0|0|2|6,0,10,3.800092,0.000785,10,3.799873,0.000858
4,4,9,1,0|0|0|2,0|0|2|5,0,10,3.797902,0.000818,10,3.798324,0.000665
4,4,9,1,0|0|0|3,0|0|2|4,0,10,3.796649,0.001070,10,3.796595,0.000611
4,4,9,1,0|0|0|4,0|0|2|3,0,10,3.794253,0.000882,10,3.794229,0.000637
4,4,9,1,0|0|0|5,0|0|2|2,0,10,3.792441,0.000586,10,3.792631,0.000773
4,4,9,1,0|0|0|6,0|0|2|1,0,10,3.789270,0.000581,10,3.789402,0.000598
4,4,9,1,0|0|0|7,0|0|2|0,0,10,3.784966,0.000973,10,3.785328,0.000670
4,4,9,1,0|0|0|0,0|0|3|6,1,30,3.791145,0.000755,0,,
4,4,9,1,0|0|0|1,0|0|3|5,0,10,3.793819,0.000501,10,3.793813,0.000535
4,4,9,1,0|0|0|2,0|0|3|4,0,10,3.791599,0.001017,10,3.791778,0.001032
4,4,9,1,0|0|0|3,0|0|3|3,0,10,3.788874,0.000732,10,3.788482,0.000637
4,4,9,1,0|0|0|4,0|0|3|2,0,10,3.785044,0.000747,10,3.785468,0.000581
4,4,9,1,0|0|0|5,0|0|3|1,0,10,3.781763,0.000385,10,3.781087,0.000715
4,4,9,1,0|0|0|6,0|0|3|0,0,10,3.774169,0.000799,10,3.774379,0.000787
4,4,9,1,0|0|0|0,0|0|4|5,1,30,3.778046,0.000856,0,,
4,4,9,1,0|0|0|1,0|0|4|4,0,10,3.781602,0.000819,10,3.780988,0.000602
4,4,9,1,0|0|0|2,0|0|4|3,0,10,3.777402,0.000642,10,3.777959,0.000790
4,4,9,1,0|0|0|3,0|0|4|2,0,10,3.772573,0.000630,10,3.773069,0.000746
4,4,9,1,0|0|0|4,0|0|4|1,0,10,3.767028,0.000652,10,3.766897,0.000381
4,4,9,1,0|0|0|5,0|0|4|0,0,10,3.756418,0.000647,10,3.756300,0.000791
4,4,9,1,0|0|0|0,0|0|5|4,0,10,3.758458,0.000595,10,3.758307,0.000592
4,4,9,1,0|0|0|1,0|0|5|3,0,10,3.761804,0.000804,10,3.761907,0.000623
4,4,9,1,0|0|0|2,0|0|5|2,0,10,3.755680,0.000750,10,3.755898,0.000405
4,4,9,1,0|0|0|3,0|0|5|1,0,10,3.747269,0.000550,10,3.747465,0.000596
4,4,9,1,0|0|0|4,0|0|5|0,0,10,3.730771,0.000645,10,3.730362,0.000741
4,4,9,1,0|0|0|0,0|0|6|3,0,10,3.728163,0.000291,10,3.728215,0.000490
4,4,9,1,0|0|0|1,0|0|6|2,0,10,3.730351,0.000502,10,3.729886,0.000892
4,4,9,1,0|0|0|2,0|0|6|1,0,10,3.718551,0.000591,10,3.718253,0.000308
4,4,9,1,0|0|0|3,0|0|6|0,0,10,3.694084,0.000560,10,3.694429,0.000711
4,4,9,1,0|0|0|0,0|0|7|2,0,10,3.676998,0.000431,10,3.676905,0.000593
4,4,9,1,0|0|0|1,0|0|7|1,0,10,3.672147,0.000457,10,3.672275,0.000577
4,4,9,1,0|0|0|2,0|0|7|0,0,10,3.637057,0.000791,10,3.637613,0.000729
4,4,9,1,0|0|0|0,0|0|8|1,0,10,3.575859,0.000472,10,3.576021,0.000535
4,4,9,1,0|0|0|1,0|0|8|0,0,10,3.535896,0.000451,10,3.535726,0.000686
4,4,9,1,0|0|0|0,0|0|9|0,0,10,3.288651,0.000360,10,3.288676,0.000505
4,4,9,1,0|0|1|0,0|0|0|8,0,10,3.766227,0.000821,10,3.766252,0.000472
4,4,9,1,0|0|1|1,0|0|0|7,0,10,3.767003,0.000615,10,3.767299,0.000750
4,4,9,1,0|0|1|2,0|0|0|6,0,10,3.766490,0.000622,10,3.766758,0.001010
4,4,9,1,0|0|1|3,0|0|0|5,0,10,3.765033,0.000510,10,3.764806,0.000707
4,4,9,1,0|0|1|4,0|0|0|4,0,10,3.763941,0.000791,10,3.763288,0.000590
4,4,9,1,0|0|1|5,0|0|0|3,0,10,3.761974,0.000451,10,3.761771,0.000685
4,4,9,1,0|0|1|6,0|0|0|2,0,10,3.760431,0.000820,10,3.760338,0.000566
4,4,9,1,0|0|1|7,0|0|0|1,0,10,3.758136,0.000488,10,3.758112,0.000568
4,4,9,1,0|0|1|8,0|0|0|0,0,10,3.756045,0.000497,10,3.756062,0.000601
4,4,9,1,0|0|1|0,0|0|1|7,0,10,3.795815,0.000990,10,3.795928,0.000861
4,4,9,1,0|0|1|1,0|0|1|6,0,10,3.797584,0.000716,10,3.797340,0.000729
4,4,9,1,0|0|1|2,0|0|1|5,0,10,3.795372,0.000757,10,3.795305,0.000612
4,4,9,1,0|0|1|3,0|0|1|4,0,10,3.794069,0.000652,10,3.793853,0.000722
4,4,9,1,0|0|1|4,0|0|1|3,0,10,3.791573,0.000776,10,3.792167,0.000809
4,4,9,1,0|0|1|5,0|0|1|2,0,10,3.789301,0.000493,10,3.789050,0.000705
4,4,9,1,0|0|1|6,0|0|1|1,0,10,3.786082,0.001014,10,3.786819,0.000691
4,4,9,1,0|0|1|7,0|0|1|0,0,10,3.781862,0.000875,10,3.781797,0.000803
4,4,9,1,0|0|1|0,0|0|2|6,0,10,3.790105,0.000789,10,3.790441,0.001163
4,4,9,1,0|0|1|1,0|0|2|5,0,10,3.791850,0.000574,10,3.792259,0.000710
4,4,9,1,0|0|1|2,0|0|2|4,0,10,3.789819,0.000920,10,3.789670,0.001048
4,4,9,1,0|0|1|3,0|0|2|3,0,10,3.786770,0.000737,10,3.787301,0.000830
4,4,9,1,0|0|1|4,0|0|2|2,0,10,3.783513,0.000652,10,3.783712,0.000866
4,4,9,1,0|0|1|5,0|0|2|1,0,10,3.779577,0.001223,10,3.779077,0.000809
4,4,9,1,0|0|1|6,0|0|2|0,0,10,3.772086,0.000610,10,3.771878,0.000759
4,4,9,1,0|0|1|0,0|0|3|5,0,10,3.777104,0.000759,10,3.777289,0.000310
4,4,9,1,0|0|1|1,0|0|3|4,0,10,3.779280,0.000497,10,3.778696,0.000556
4,4,9,1,0|0|1|2,0|0|3|3,0,10,3.775737,0.000707,10,3.775402,0.000520
4,4,9,1,0|0|1|3,0|0|3|2,0,10,3.770891,0.000634,10,3.771115,0.000569
4,4,9,1,0|0|1|4,0|0|3|1,0,10,3.764611,0.001027,10,3.764620,0.000635
4,4,9,1,0|0|1|5,0|0|3|0,0,10,3.753369,0.000375,10,3.753752,0.000617
4,4,9,1,0|0|1|0,0|0|4|4,0,10,3.756862,0.000676,10,3.757312,0.000437
4,4,9,1,0|0|1|1,0|0|4|3,0,10,3.759083,0.000861,10,3.759068,0.000578
4,4,9,1,0|0|1|2,0|0|4|2,0,10,3.753297,0.000467,10,3.752915,0.000717
4,4,9,1,0|0|1|3,0|0|4|1,0,10,3.744160,0.000632,10,3.744163,0.000576
4,4,9,1,0|0|1|4,0|0|4|0,0,10,3.727588,0.000750,10,3.727114,0.000610
4,4,9,1,0|0|1|0,0|0|5|3,0,10,3.726721,0.000683,10,3.726770,0.000831
4,4,9,1,0|0|1|1,0|0|5|2,0,10,3.726259,0.000507,10,3.726110,0.000292
4,4,9,1,0|0|1|2,0|0|5|1,0,10,3.714045,0.000740,10,3.714278,0.000481
4,4,9,1,0|0|1|3,0|0|5|0,0,10,3.689821,0.000434,10,3.689730,0.000688
4,4,9,1,0|0|1|0,0|0|6|2,0,10,3.674476,0.000544,10,3.675020,0.000573
4,4,9,1,0|0|1|1,0|0|6|1,0,10,3.666474,0.000757,10,3.666161,0.000401
4,4,9,1,0|0|1|2,0|0|6|0,0,10,3.631346,0.000480,10,3.631232,0.000693
4,4,9,1,0|0|1|0,0|0|7|1,0,10,3.573082,0.000540,10,3.573343,0.000462
4,4,9,1,0|0|1|1,0|0|7|0,0,10,3.529621,0.000320,10,3.529622,0.000440
4,4,9,1,0|0|1|0,0|0|8|0,0,10,3.294700,0.000331,10,3.294754,0.000382
4,4,9,1,0|0|2|0,0|0|0|7,0,10,3.789833,0.000558,10,3.789719,0.000665
4,4,9,1,0|0|2|1,0|0|0|6,0,10,3.791422,0.000760,10,3.791386,0.000848
4,4,9,1,0|0|2|2,0|0|0|5,0,10,3.789415,0.000490,10,3.789622,0.000368
4,4,9,1,0|0|2|3,0|0|0|4,0,10,3.787297,0.000742,10,3.786589,0.000803
4,4,9,1,0|0|2|4,0|0|0|3,0,10,3.784255,0.000793,10,3.784909,0.000666
4,4,9,1,0|0|2|5,0|0|0|2,0,10,3.781751,0.000872,10,3.781725,0.000471
4,4,9,1,0|0|2|6,0|0|0|1,0,10,3.778055,0.000528,10,3.778056,0.000947
4,4,9,1,0|0|2|7,0|0|0|0,0,10,3.772344,0.000673,10,3.772546,0.000550
4,4,9,1,0|0|2|0,0|0|1|6,0,10,3.788112,0.000817,10,3.787677,0.000812
4,4,9,1,0|0|2|1,0|0|1|5,0,10,3.789594,0.000737,10,3.789565,0.000490
4,4,9,1,0|0|2|2,0|0|1|4,0,10,3.787085,0.000783,10,3.787448,0.000674
4,4,9,1,0|0|2|3,0|0|1|3,0,10,3.783864,0.000600,10,3.783668,0.000880
4,4,9,1,0|0|2|4,0|0|1|2,0,10,3.780158,0.001069,10,3.779967,0.000573
4,4,9,1,0|0|2|5,0|0|1|1,0,10,3.775011,0.000832,10,3.774831,0.000675
4,4,9,1,0|0|2|6,0|0|1|0,0,10,3.766656,0.000777,10,3.766412,0.000661
4,4,9,1,0|0|2|0,0|0|2|5,0,10,3.774930,0.000647,10,3.774942,0.000456
4,4,9,1,0|0|2|1,0|0|2|4,0,10,3.777318,0.000545,10,3.777176,0.000561
4,4,9,1,0|0|2|2,0|0|2|3,0,10,3.772528,0.000868,10,3.772809,0.000794
4,4,9,1,0|0|2|3,0|0|2|2,0,10,3.768130,0.000753,10,3.767539,0.000840
4,4,9,1,0|0|2|4,0|0|2|1,0,10,3.760281,0.000767,10,3.760735,0.000881
4,4,9,1,0|0|2|5,0|0|2|0,0,10,3.748180,0.000614,10,3.747757,0.000804
4,4,9,1,0|0|2|0,0|0|3|4,0,10,3.754736,0.000518,10,3.754815,0.000373
4,4,9,1,0|0|2|1,0|0|3|3,0,10,3.756767,0.000730,10,3.756646,0.000697
4,4,9,1,0|0|2|2,0|0|3|2,0,10,3.749297,0.000576,10,3.749533,0.000923
4,4,9,1,0|0|2|3,0|0|3|1,0,10,3.740014,0.000471,10,3.739903,0.000605
4,4,9,1,0|0|2|4,0|0|3|0,0,10,3.720945,0.000689,10,3.721410,0.000416
4,4,9,1,0|0|2|0,0|0|4|3,0,10,3.723688,0.000490,10,3.723644,0.000573
4,4,9,1,0|0|2|1,0|0|4|2,0,10,3.723578,0.000833,10,3.723410,0.000824
4,4,9,1,0|0|2|2,0|0|4|1,0,10,3.709876,0.000370,10,3.709594,0.000450
4,4,9,1,0|0|2|3,0|0|4|0,0,10,3.683497,0.000560,10,3.683479,0.000573
4,4,9,1,0|0|2|0,0|0|5|2,0,10,3.672343,0.000476,10,3.671812,0.000508
4,4,9,1,0|0|2|1,0|0|5|1,0,10,3.663626,0.000506,10,3.663680,0.000530
4,4,9,1,0|0|2|2,0|0|5|0,0,10,3.625615,0.000419,10,3.625685,0.000293
4,4,9,1,0|0|2|0,0|0|6|1,0,10,3.571801,0.000544,10,3.571570,0.000416
4,4,9,1,0|0|2|1,0|0|6|0,0,10,3.526683,0.000432,10,3.526495,0.000559
4,4,9,1,0|0|2|0,0|0|7|0,0,10,3.297094,0.000248,10,3.296997,0.000506
4,4,9,1,0|0|3|0,0|0|0|6,0,10,3.785550,0.000794,10,3.785256,0.000767
4,4,9,1,0|0|3|1,0|0|0|5,0,10,3.787962,0.000747,10,3.788024,0.000806
4,4,9,1,0|0|3|2,0|0|0|4,0,10,3.784918,0.000557,10,3.784896,0.000769
4,4,9,1,0|0|3|3,0|0|0|3,0,10,3.781350,0.000683,10,3.781407,0.000480
4,4,9,1,0|0|3|4,0|0|0|2,0,10,3.776666,0.000616,10,3.776781,0.000654
4,4,9,1,0|0|3|5,0|0|0|1,0,10,3.771071,0.000595,10,3.771123,0.000781
4,4,9,1,0|0|3|6,0|0|0|0,0,10,3.762108,0.000584,10,3.762383,0.000606
4,4,9,1,0|0|3|0,0|0|1|5,0,10,3.773463,0.000699,10,3.773238,0.000455
4,4,9,1,0|0|3|1,0|0|1|4,0,10,3.776028,0.000509,10,3.776048,0.000729
4,4,9,1,0|0|3|2,0|0|1|3,0,10,3.771088,0.000509,10,3.771568,0.000498
4,4,9,1,0|0|3|3,0|0|1|2,0,10,3.765931,0.000808,10,3.765773,0.000753
4,4,9,1,0|0|3|4,0|0|1|1,0,10,3.758279,0.000520,10,3.758070,0.000764
4,4,9,1,0|0|3|5,0|0|1|0,0,10,3.744992,0.001020,10,3.744681,0.000523
4,4,9,1,0|0|3|0,0|0|2|4,0,10,3.753240,0.000782,10,3.752994,0.000607
4,4,9,1,0|0|3|1,0|0|2|3,0,10,3.755706,0.000743,10,3.755680,0.000677
4,4,9,1,0|0|3|2,0|0|2|2,0,10,3.748492,0.000425,10,3.748009,0.000926
4,4,9,1,0|0|3|3,0|0|2|1,0,10,3.737913,0.000622,10,3.737839,0.000917
4,4,9,1,0|0|3|4,0|0|2|0,0,10,3.718051,0.000521,10,3.718110,0.000471
4,4,9,1,0|0|3|0,0|0|3|3,0,10,3.722177,0.000629,10,3.722314,0.000645
4,4,9,1,0|0|3|1,0|0|3|2,0,10,3.722639,0.000420,10,3.722390,0.000465
4,4,9,1,0|0|3|2,0|0|3|1,0,10,3.707977,0.000499,10,3.708094,0.000569
4,4,9,1,0|0|3|3,0|0|3|0,0,10,3.680134,0.000479,10,3.680252,0.000580
4,4,9,1,0|0|3|0,0|0|4|2,0,10,3.670752,0.000566,10,3.671153,0.000619
4,4,9,1,0|0|3|1,0|0|4|1,0,10,3.663119,0.000556,10,3.663165,0.000441
4,4,9,1,0|0|3|2,0|0|4|0,0,10,3.623142,0.000328,10,3.623174,0.000679
4,4,9,1,0|0|3|0,0|0|5|1,0,10,3.571312,0.000395,10,3.571368,0.000350
4,4,9,1,0|0|3|1,0|0|5|0,0,10,3.526116,0.000476,10,3.525860,0.000239
4,4,9,1,0|0|3|0,0|0|6|0,0,10,3.298077,0.000377,10,3.297953,0.000534
4,4,9,1,0|0|4|0,0|0|0|5,0,10,3.772794,0.000969,10,3.772696,0.000621
4,4,9,1,0|0|4|1,0|0|0|4,0,10,3.775013,0.000895,10,3.775174,0.000665
4,4,9,1,0|0|4|2,0|0|0|3,0,10,3.770741,0.001044,10,3.770682,0.000631
4,4,9,1,0|0|4|3,0|0|0|2,0,10,3.765017,0.000614,10,3.764932,0.000491
4,4,9,1,0|0|4|4,0|0|0|1,0,10,3.756841,0.000983,10,3.757110,0.000736
4,4,9,1,0|0|4|5,0|0|0|0,0,10,3.743246,0.000486,10,3.743148,0.000579
4,4,9,1,0|0|4|0,0|0|1|4,0,10,3.752785,0.000611,10,3.752541,0.000641
4,4,9,1,0|0|4|1,0|0|1|3,0,10,3.755191,0.000592,10,3.755273,0.000708
4,4,9,1,0|0|4|2,0|0|1|2,0,10,3.747493,0.000555,10,3.747728,0.000415
4,4,9,1,0|0|4|3,0|0|1|1,0,10,3.737159,0.000456,10,3.736732,0.000820
4,4,9,1,0|0|4|4,0|0|1|0,0,10,3.716823,0.000470,10,3.717118,0.000700
4,4,9,1,0|0|4|0,0|0|2|3,0,10,3.721666,0.000610,10,3.721585,0.000431
4,4,9,1,0|0|4|1,0|0|2|2,0,10,3.722197,0.000526,10,3.722200,0.000343
4,4,9,1,0|0|4|2,0|0|2|1,0,10,3.707688,0.000677,10,3.707705,0.000545
4,4,9,1,0|0|4|3,0|0|2|0,0,10,3.679434,0.000657,10,3.679503,0.000581
4,4,9,1,0|0|4|0,0|0|3|2,0,10,3.670445,0.000373,10,3.670218,0.000533
4,4,9,1,0|0|4|1,0|0|3|1,0,10,3.662658,0.000643,10,3.662662,0.000338
4,4,9,1,0|0|4|2,0|0|3|0,0,10,3.622853,0.000580,10,3.622693,0.000510
4,4,9,1,0|0|4|0,0|0|4|1,0,10,3.571376,0.000582,10,3.571523,0.000361
4,4,9,1,0|0|4|1,0|0|4|0,0,10,3.525922,0.000524,10,3.525904,0.000581
4,4,9,1,0|0|4|0,0|0|5|0,0,10,3.298115,0.000366,10,3.298043,0.000601
4,4,9,1,0|0|5|0,0|0|0|4,0,10,3.752211,0.000336,10,3.752250,0.000683
4,4,9,1,0|0|5|1,0|0|0|3,0,10,3.755351,0.000663,10,3.755348,0.000694
4,4,9,1,0|0|5|2,0|0|0|2,0,10,3.747670,0.000608,10,3.747505,0.000648
4,4,9,1,0|0|5|3,0|0|0|1,0,10,3.736544,0.001128,10,3.737024,0.000528
4,4,9,1,0|0|5|4,0|0|0|0,0,10,3.716059,0.000392,10,3.716537,0.000666
4,4,9,1,0|0|5|0,0|0|1|3,0,10,3.721278,0.000596,10,3.721483,0.000691
4,4,9,1,0|0|5|1,0|0|1|2,0,10,3.722298,0.000603,10,3.722450,0.000533
4,4,9,1,0|0|5|2,0|0|1|1,0,10,3.707698,0.000907,10,3.707579,0.000404
4,4,9,1,0|0|5|3,0|0|1|0,0,10,3.679047,0.000374,10,3.679119,0.000422
4,4,9,1,0|0|5|0,0|0|2|2,0,10,3.670008,0.000571,10,3.669961,0.000393
4,4,9,1,0|0|5|1,0|0|2|1,0,10,3.662865,0.000447,10,3.662759,0.000604
4,4,9,1,0|0|5|2,0|0|2|0,0,10,3.622471,0.000529,10,3.622729,0.000543
4,4,9,1,0|0|5|0,0|0|3|1,0,10,3.571475,0.000686,10,3.571008,0.000299
4,4,9,1,0|0|5|1,0|0|3|0,0,10,3.526116,0.000690,10,3.525861,0.000327
4,4,9,1,0|0|5|0,0|0|4|0,0,10,3.298184,0.000515,10,3.298146,0.000287
4,4,9,1,0|0|6|0,0|0|0|3,0,10,3.721338,0.000572,10,3.721485,0.000596
4,4,9,1,0|0|6|1,0|0|0|2,0,10,3.722346,0.000346,10,3.722604,0.000505
4,4,9,1,0|0|6|2,0|0|0|1,0,10,3.708167,0.000489,10,3.707990,0.000683
4,4,9,1,0|0|6|3,0|0|0|0,0,10,3.678879,0.000562,10,3.678995,0.000509
4,4,9,1,0|0|6|0,0|0|1|2,0,10,3.670258,0.000520,10,3.669976,0.000323
4,4,9,1,0|0|6|1,0|0|1|1,0,10,3.663182,0.000380,10,3.662628,0.000406
4,4,9,1,0|0|6|2,0|0|1|0,0,10,3.622552,0.000374,10,3.622533,0.000611
4,4,9,1,0|0|6|0,0|0|2|1,0,10,3.571323,0.000598,10,3.571223,0.000551
4,4,9,1,0|0|6|1,0|0|2|0,0,10,3.525706,0.000496,10,3.525574,0.000657
4,4,9,1,0|0|6|0,0|0|3|0,0,10,3.298329,0.000484,10,3.298174,0.000568
4,4,9,1,0|0|7|0,0|0|0|2,0,10,3.670087,0.000543,10,3.669905,0.000784
4,4,9,1,0|0|7|1,0|0|0|1,0,10,3.662647,0.000683,10,3.662766,0.000709
4,4,9,1,0|0|7|2,0|0|0|0,0,10,3.622584,0.000329,10,3.622621,0.000578
4,4,9,1,0|0|7|0,0|0|1|1,0,10,3.571239,0.000375,10,3.571316,0.000538
4,4,9,1,0|0|7|1,0|0|1|0,0,10,3.525869,0.000585,10,3.525871,0.000539
4,4,9,1,0|0|7|0,0|0|2|0,0,10,3.298241,0.000391,10,3.298096,0.000330
4,4,9,1,0|0|8|0,0|0|0|1,0,10,3.571158,0.000430,10,3.571235,0.000457
4,4,9,1,0|0|8|1,0|0|0|0,0,10,3.525846,0.000545,10,3.525622,0.000483
4,4,9,1,0|0|8|0,0|0|1|0,0,10,3.298273,0.000350,10,3.297897,0.000397
4,4,9,1,0|0|9|0,0|0|0|0,0,10,3.298078,0.000450,10,3.298538,0.000283
4,4,9,1,0|0|0|0,0|1|0|8,0,10,3.654027,0.000391,10,3.653959,0.000294
4,4,9,1,0|0|0|1,0|1|0|7,0,10,3.654826,0.000646,10,3.654978,0.000428
4,4,9,1,0|0|0|2,0|1|0|6,0,10,3.654516,0.000634,10,3.654473,0.000399
4,4,9,1,0|0|0|3,0|1|0|5,0,10,3.654044,0.000523,10,3.654019,0.000416
4,4,9,1,0|0|0|4,0|1|0|4,0,10,3.653220,0.000358,10,3.653308,0.000419
4,4,9,1,0|0|0|5,0|1|0|3,0,10,3.652717,0.000354,10,3.652673,0.000502
4,4,9,1,0|0|0|6,0|1|0|2,0,10,3.651645,0.000504,10,3.651801,0.000551
4,4,9,1,0|0|0|7,0|1|0|1,0,10,3.650559,0.000390,10,3.650497,0.000427
4,4,9,1,0|0|0|8,0|1|0|0,0,10,3.649532,0.000659,10,3.649523,0.000493
4,4,9,1,0|0|0|0,0|1|1|7,1,30,3.821921,0.001044,0,,
4,4,9,1,0|0|0|1,0|1|1|6,0,10,3.824245,0.000991,10,3.823842,0.000986
4,4,9,1,0|0|0|2,0|1|1|5,0,10,3.822572,0.000679,10,3.822509,0.000920
4,4,9,1,0|0|0|3,0|1|1|4,0,10,3.821498,0.000675,10,3.821201,0.000509
4,4,9,1,0|0|0|4,0|1|1|3,0,10,3.819367,0.000480,10,3.819388,0.001004
4,4,9,1,0|0|0|5,0|1|1|2,0,10,3.817125,0.000891,10,3.816995,0.000948
4,4,9,1,0|0|0|6,0|1|1|1,0,10,3.814799,0.000671,10,3.815129,0.000675
4,4,9,1,0|0|0|7,0|1|1|0,0,10,3.811393,0.000622,10,3.811541,0.001061
4,4,9,1,0|0|0|0,0|1|2|6,1,30,3.831058,0.000931,500,3.830872,0.000899
4,4,9,1,0|0|0|1,0|1|2|5,0,10,3.833225,0.000856,10,3.833592,0.000769
4,4,9,1,0|0|0|2,0|1|2|4,0,10,3.830747,0.001009,10,3.831485,0.000875
4,4,9,1,0|0|0|3,0|1|2|3,0,10,3.828943,0.000425,10,3.829019,0.000652
4,4,9,1,0|0|0|4,0|1|2|2,0,10,3.825671,0.000704,10,3.825819,0.000890
4,4,9,1,0|0|0|5,0|1|2|1,0,10,3.821724,0.000611,10,3.822388,0.000720
4,4,9,1,0|0|0|6,0|1|2|0,0,10,3.815450,0.001278,10,3.815691,0.000905
4,4,9,1,0|0|0|0,0|1|3|5,1,30,3.821500,0.000758,0,,
4,4,9,1,0|0|0|1,0|1|3|4,0,10,3.824764,0.000670,10,3.824576,0.000838
4,4,9,1,0|0|0|2,0|1|3|3,0,10,3.820933,0.000851,10,3.821801,0.001214
4,4,9,1,0|0|0|3,0|1|3|2,0,10,3.817326,0.000648,10,3.816878,0.000669
4,4,9,1,0|0|0|4,0|1|3|1,0,10,3.810924,0.000435,10,3.811065,0.000650
4,4,9,1,0|0|0|5,0|1|3|0,0,10,3.800792,0.000598,10,3.800943,0.000717
4,4,9,1,0|0|0|0,0|1|4|4,1,30,3.803873,0.000889,0,,
4,4,9,1,0|0|0|1,0|1|4|3,0,10,3.807626,0.000565,10,3.806980,0.000911
4,4,9,1,0|0|0|2,0|1|4|2,0,10,3.801446,0.000572,10,3.801413,0.000610
4,4,9,1,0|0|0|3,0|1|4|1,0,10,3.792606,0.000541,10,3.793177,0.000731
4,4,9,1,0|0|0|4,0|1|4|0,0,10,3.776846,0.000677,10,3.777221,0.000534
4,4,9,1,0|0|0|0,0|1|5|3,0,10,3.775453,0.000561,10,3.775506,0.000703
4,4,9,1,0|0|0|1,0|1|5|2,0,10,3.777245,0.000674,10,3.777726,0.000761
4,4,9,1,0|0|0|2,0|1|5|1,0,10,3.765368,0.000716,10,3.765864,0.000749
4,4,9,1,0|0|0|3,0|1|5|0,0,10,3.741957,0.000445,10,3.741986,0.000707
4,4,9,1,0|0|0|0,0|1|6|2,0,10,3.726756,0.000405,10,3.726576,0.000424
4,4,9,1,0|0|0|1,0|1|6|1,0,10,3.721992,0.000514,10,3.721575,0.000606
4,4,9,1,0|0|0|2,0|1|6|0,0,10,3.688403,0.000321,10,3.688255,0.000602
4,4,9,1,0|0|0|0,0|1|7|1,0,10,3.631206,0.000446,10,3.630843,0.000585
4,4,9,1,0|0|0|1,0|1|7|0,0,10,3.592946,0.000418,10,3.592725,0.000541
4,4,9,1,0|0|0|0,0|1|8|0,0,10,3.366205,0.000367,10,3.366103,0.000329
4,4,9,1,0|0|1|0,0|1|0|7,0,10,3.807104,0.000988,10,3.807777,0.000719
4,4,9,1,0|0|1|1,0|1|0|6,0,10,3.808438,0.000848,10,3.808378,0.000534
4,4,9,1,0|0|1|2,0|1|0|5,0,10,3.807401,0.000719,10,3.807446,0.000439
4,4,9,1,0|0|1|3,0|1|0|4,0,10,3.804938,0.000723,10,3.805476,0.000918
4,4,9,1,0|0|1|4,0|1|0|3,0,10,3.803651,0.000820,10,3.803038,0.000650
4,4,9,1,0|0|1|5,0|1|0|2,0,10,3.800740,0.000842,10,3.800791,0.000634
4,4,9,1,0|0|1|6,0|1|0|1,0,10,3.797956,0.001052,10,3.797482,0.000791
4,4,9,1,0|0|1|7,0|1|0|0,0,10,3.793768,0.000731,10,3.793444,0.000771
4,4,9,1,0|0|1|0,0|1|1|6,0,10,3.828588,0.000715,10,3.829025,0.000948
4,4,9,1,0|0|1|1,0|1|1|5,0,10,3.830094,0.000967,10,3.830614,0.000937
4,4,9,1,0|0|1|2,0|1|1|4,0,10,3.828550,0.000760,10,3.828289,0.001160
4,4,9,1,0|0|1|3,0|1|1|3,0,10,3.825543,0.000610,10,3.825996,0.000978
4,4,9,1,0|0|1|4,0|1|1|2,0,10,3.822797,0.001131,10,3.822511,0.001311
4,4,9,1,0|0|1|5,0|1|1|1,0,10,3.819051,0.000583,10,3.818201,0.000705
4,4,9,1,0|0|1|6,0|1|1|0,0,10,3.812349,0.000492,10,3.811993,0.001220
4,4,9,1,0|0|1|0,0|1|2|5,0,10,3.820697,0.000789,10,3.821075,0.000731
4,4,9,1,0|0|1|1,0|1|2|4,0,10,3.822523,0.000940,10,3.822787,0.000927
4,4,9,1,0|0|1|2,0|1|2|3,0,10,3.819642,0.000735,10,3.818763,0.001066
4,4,9,1,0|0|1|3,0|1|2|2,0,10,3.814825,0.001172,10,3.814688,0.000812
4,4,9,1,0|0|1|4,0|1|2|1,0,10,3.808556,0.000819,10,3.808838,0.000680
4,4,9,1,0|0|1|5,0|1|2|0,0,10,3.798109,0.000625,10,3.798408,0.000666
4,4,9,1,0|0|1|0,0|1|3|4,0,10,3.802852,0.000710,10,3.802987,0.000690
4,4,9,1,0|0|1|1,0|1|3|3,0,10,3.804680,0.000882,10,3.804654,0.000628
4,4,9,1,0|0|1|2,0|1|3|2,0,10,3.798539,0.000515,10,3.798703,0.001054
4,4,9,1,0|0|1|3,0|1|3|1,0,10,3.790178,0.000745,10,3.790412,0.000757
4,4,9,1,0|0|1|4,0|1|3|0,0,10,3.774278,0.000853,10,3.774116,0.000992
4,4,9,1,0|0|1|0,0|1|4|3,0,10,3.774132,0.000781,10,3.774017,0.000750
4,4,9,1,0|0|1|1,0|1|4|2,0,10,3.773727,0.000506,10,3.773330,0.000465
4,4,9,1,0|0|1|2,0|1|4|1,0,10,3.761911,0.000716,10,3.761596,0.000506
4,4,9,1,0|0|1|3,0|1|4|0,0,10,3.738265,0.000626,10,3.738248,0.000532
4,4,9,1,0|0|1|0,0|1|5|2,0,10,3.724560,0.000449,10,3.724607,0.000438
4,4,9,1,0|0|1|1,0|1|5|1,0,10,3.716464,0.000397,10,3.716589,0.000525
4,4,9,1,0|0|1|2,0|1|5|0,0,10,3.683194,0.000364,10,3.683196,0.000362
4,4,9,1,0|0|1|0,0|1|6|1,0,10,3.628538,0.000285,10,3.628773,0.000458
4,4,9,1,0|0|1|1,0|1|6|0,0,10,3.587618,0.000357,10,3.587433,0.000555
4,4,9,1,0|0|1|0,0|1|7|0,0,10,3.371040,0.000273,10,3.371045,0.000389
4,4,9,1,0|0|2|0,0|1|0|6,0,10,3.822551,0.001199,10,3.822405,0.000925
4,4,9,1,0|0|2|1,0|1|0|5,0,10,3.824180,0.001111,10,3.823972,0.000820
4,4,9,1,0|0|2|2,0|1|0|4,0,10,3.821353,0.000981,10,3.821168,0.000467
4,4,9,1,0|0|2|3,0|1|0|3,0,10,3.818462,0.001263,10,3.817661,0.000290
4,4,9,1,0|0|2|4,0|1|0|2,0,10,3.814457,0.001042,10,3.814102,0.000892
4,4,9,1,0|0|2|5,0|1|0|1,0,10,3.809233,0.000661,10,3.809900,0.000474
4,4,9,1,0|0|2|6,0|1|0|0,0,10,3.800709,0.000768,10,3.801183,0.000874
4,4,9,1,0|0|2|0,0|1|1|5,0,10,3.817925,0.000638,10,3.818022,0.000817
4,4,9,1,0|0|2|1,0|1|1|4,0,10,3.820239,0.000994,10,3.819959,0.000995
4,4,9,1,0|0|2|2,0|1|1|3,0,10,3.815733,0.000399,10,3.815528,0.000878
4,4,9,1,0|0|2|3,0|1|1|2,0,10,3.810732,0.001191,10,3.810664,0.000755
4,4,9,1,0|0|2|4,0|1|1|1,0,10,3.803735,0.000758,10,3.803879,0.001153
4,4,9,1,0|0|2|5,0|1|1|0,0,10,3.791918,0.000514,10,3.791778,0.000638
4,4,9,1,0|0|2|0,0|1|2|4,0,10,3.800504,0.000459,10,3.800203,0.000676
4,4,9,1,0|0|2|1,0|1|2|3,0,10,3.802072,0.001044,10,3.801713,0.000890
4,4,9,1,0|0|2|2,0|1|2|2,0,10,3.795060,0.000808,10,3.794790,0.000714
4,4,9,1,0|0|2|3,0|1|2|1,0,10,3.786285,0.000856,10,3.785857,0.000418
4,4,9,1,0|0|2|4,0|1|2|0,0,10,3.767802,0.000827,10,3.767850,0.000618
4,4,9,1,0|0|2|0,0|1|3|3,0,10,3.771183,0.000489,10,3.771168,0.000683
4,4,9,1,0|0|2|1,0|1|3|2,0,10,3.770299,0.000643,10,3.770699,0.000880
4,4,9,1,0|0|2|2,0|1|3|1,0,10,3.757460,0.000854,10,3.757159,0.000738
4,4,9,1,0|0|2|3,0|1|3|0,0,10,3.731802,0.000740,10,3.731817,0.000491
4,4,9,1,0|0|2|0,0|1|4|2,0,10,3.721038,0.000521,10,3.721751,0.000388
4,4,9,1,0|0|2|1,0|1|4|1,0,10,3.713401,0.000532,10,3.713771,0.000688
4,4,9,1,0|0|2|2,0|1|4|0,0,10,3.677329,0.000445,10,3.677271,0.000394
4,4,9,1,0|0|2|0,0|1|5|1,0,10,3.626626,0.000437,10,3.626758,0.000598
4,4,9,1,0|0|2|1,0|1|5|0,0,10,3.584321,0.000490,10,3.584376,0.000542
4,4,9,1,0|0|2|0,0|1|6|0,0,10,3.372861,0.000427,10,3.372828,0.000249
4,4,9,1,0|0|3|0,0|1|0|5,0,10,3.814378,0.001094,10,3.814120,0.000791
4,4,9,1,0|0|3|1,0|1|0|4,0,10,3.817038,0.000743,10,3.817422,0.000692
4,4,9,1,0|0|3|2,0|1|0|3,0,10,3.812928,0.000499,10,3.812736,0.000843
4,4,9,1,0|0|3|3,0|1|0|2,0,10,3.807014,0.000426,10,3.807273,0.000974
4,4,9,1,0|0|3|4,0|1|0|1,0,10,3.799565,0.001038,10,3.799256,0.000606
4,4,9,1,0|0|3|5,0|1|0|0,0,10,3.786173,0.000577,10,3.786001,0.000934
4,4,9,1,0|0|3|0,0|1|1|4,0,10,3.798460,0.000868,10,3.798569,0.000334
4,4,9,1,0|0|3|1,0|1|1|3,0,10,3.800886,0.001049,10,3.800649,0.000754
4,4,9,1,0|0|3|2,0|1|1|2,0,10,3.793013,0.000634,10,3.793588,0.000653
4,4,9,1,0|0|3|3,0|1|1|1,0,10,3.783062,0.000688,10,3.782855,0.000883
4,4,9,1,0|0|3|4,0|1|1|0,0,10,3.764475,0.000298,10,3.764472,0.000515
4,4,9,1,0|0|3|0,0|1|2|3,0,10,3.769402,0.000579,10,3.769561,0.000563
4,4,9,1,0|0|3|1,0|1|2|2,0,10,3.769908,0.000822,10,3.769196,0.000895
4,4,9,1,0|0|3|2,0|1|2|1,0,10,3.755969,0.000588,10,3.755572,0.000542
4,4,9,1,0|0|3|3,0|1|2|0,0,10,3.728892,0.000627,10,3.728749,0.000607
4,4,9,1,0|0|3|0,0|1|3|2,0,10,3.719958,0.000672,10,3.720161,0.000605
4,4,9,1,0|0|3|1,0|1|3|1,0,10,3.712650,0.000376,10,3.712510,0.000459
4,4,9,1,0|0|3|2,0|1|3|0,0,10,3.674869,0.000336,10,3.674564,0.000621
4,4,9,1,0|0|3|0,0|1|4|1,0,10,3.626156,0.000271,10,3.625981,0.000491
4,4,9,1,0|0|3|1,0|1|4|0,0,10,3.583444,0.000496,10,3.583350,0.000428
4,4,9,1,0|0|3|0,0|1|5|0,0,10,3.373857,0.000312,10,3.373720,0.000376
4,4,9,1,0|0|4|0,0|1|0|4,0,10,3.796947,0.000612,10,3.796975,0.000613
4,4,9,1,0|0|4|1,0|1|0|3,0,10,3.799837,0.000711,10,3.799643,0.000690
4,4,9,1,0|0|4|2,0|1|0|2,0,10,3.792348,0.000592,10,3.791682,0.000799
4,4,9,1,0|0|4|3,0|1|0|1,0,10,3.781624,0.001015,10,3.781616,0.000535
4,4,9,1,0|0|4|4,0|1|0|0,0,10,3.761531,0.000744,10,3.761247,0.000558
4,4,9,1,0|0|4|0,0|1|1|3,0,10,3.768330,0.001175,10,3.768314,0.000899
4,4,9,1,0|0|4|1,0|1|1|2,0,10,3.769245,0.000539,10,3.768865,0.000758
4,4,9,1,0|0|4|2,0|1|1|1,0,10,3.755235,0.000609,10,3.754761,0.000454
4,4,9,1,0|0|4|3,0|1|1|0,0,10,3.727156,0.000408,10,3.726665,0.000792
4,4,9,1,0|0|4|0,0|1|2|2,0,10,3.719300,0.000363,10,3.719439,0.000501
4,4,9,1,0|0|4|1,0|1|2|1,0,10,3.712345,0.000768,10,3.712319,0.000713
4,4,9,1,0|0|4|2,0|1|2|0,0,10,3.673674,0.000393,10,3.673615,0.000498
4,4,9,1,0|0|4|0,0|1|3|1,0,10,3.625978,0.000417,10,3.625731,0.000489
4,4,9,1,0|0|4|1,0|1|3|0,0,10,3.583025,0.000439,10,3.583138,0.000374
4,4,9,1,0|0|4|0,0|1|4|0,0,10,3.374213,0.000370,10,3.374356,0.000238
4,4,9,1,0|0|5|0,0|1|0|3,0,10,3.767951,0.000639,10,3.767491,0.000432
4,4,9,1,0|0|5|1,0|1|0|2,0,10,3.769020,0.000485,10,3.768993,0.000767
4,4,9,1,0|0|5|2,0|1|0|1,0,10,3.754657,0.000742,10,3.754472,0.000587
4,4,9,1,0|0|5|3,0|1|0|0,0,10,3.726221,0.000614,10,3.726176,0.000627
4,4,9,1,0|0|5|0,0|1|1|2,0,10,3.719323,0.000612,10,3.719019,0.000466
4,4,9,1,0|0|5|1,0|1|1|1,0,10,3.712371,0.000478,10,3.712456,0.000365
4,4,9,1,0|0|5|2,0|1|1|0,0,10,3.673407,0.000743,10,3.673588,0.000661
4,4,9,1,0|0|5|0,0|1|2|1,0,10,3.625630,0.000488,10,3.625694,0.000534
4,4,9,1,0|0|5|1,0|1|2|0,0,10,3.583150,0.000369,10,3.583394,0.000508
4,4,9,1,0|0|5|0,0|1|3|0,0,10,3.374378,0.000344,10,3.374157,0.000389
4,4,9,1,0|0|6|0,0|1|0|2,0,10,3.718940,0.000731,10,3.718886,0.000541
4,4,9,1,0|0|6|1,0|1|0|1,0,10,3.712497,0.000502,10,3.712722,0.000678
4,4,9,1,0|0|6|2,0|1|0|0,0,10,3.673324,0.000407,10,3.673553,0.000411
4,4,9,1,0|0|6|0,0|1|1|1,0,10,3.625888,0.000322,10,3.625822,0.000449
4,4,9,1,0|0|6|1,0|1|1|0,0,10,3.583294,0.000550,10,3.583081,0.000346
4,4,9,1,0|0|6|0,0|1|2|0,0,10,3.374165,0.000383,10,3.374388,0.000302
4,4,9,1,0|0|7|0,0|1|0|1,0,10,3.625614,0.000317,10,3.625680,0.000583
4,4,9,1,0|0|7|1,0|1|0|0,0,10,3.583349,0.000636,10,3.583329,0.000578
4,4,9,1,0|0|7|0,0|1|1|0,0,10,3.374390,0.000311,10,3.374208,0.000490
4,4,9,1,0|0|8|0,0|1|0|0,0,10,3.374313,0.000391,10,3.374275,0.000392
4,4,9,1,0|0|0|0,0|2|0|7,0,10,3.654448,0.000263,10,3.654283,0.000379
4,4,9,1,0|0|0|1,0|2|0|6,0,10,3.655338,0.000581,10,3.655334,0.000356
4,4,9,1,0|0|0|2,0|2|0|5,0,10,3.655179,0.000541,10,3.654827,0.000352
4,4,9,1,0|0|0|3,0|2|0|4,0,10,3.653879,0.000669,10,3.654158,0.000276
4,4,9,1,0|0|0|4,0|2|0|3,0,10,3.653006,0.000320,10,3.652934,0.000343
4,4,9,1,0|0|0|5,0|2|0|2,0,10,3.651637,0.000280,10,3.651573,0.000421
4,4,9,1,0|0|0|6,0|2|0|1,0,10,3.649860,0.000325,10,3.650045,0.000272
4,4,9,1,0|0|0|7,0|2|0|0,0,10,3.647803,0.000334,10,3.647677,0.000419
4,4,9,1,0|0|0|0,0|2|1|6,0,10,3.813645,0.001026,10,3.813915,0.000871
4,4,9,1,0|0|0|1,0|2|1|5,0,10,3.815778,0.000701,10,3.816781,0.000977
4,4,9,1,0|0|0|2,0|2|1|4,0,10,3.814022,0.000900,10,3.814197,0.000857
4,4,9,1,0|0|0|3,0|2|1|3,0,10,3.811825,0.000686,10,3.812281,0.000637
4,4,9,1,0|0|0|4,0|2|1|2,0,10,3.809230,0.000826,10,3.809131,0.001004
4,4,9,1,0|0|0|5,0|2|1|1,0,10,3.805591,0.000672,10,3.805586,0.000660
4,4,9,1,0|0|0|6,0|2|1|0,0,10,3.799065,0.001165,10,3.799424,0.000536
4,4,9,1,0|0|0|0,0|2|2|5,1,30,3.819346,0.000980,0,,
4,4,9,1,0|0|0|1,0|2|2|4,0,10,3.822606,0.001077,10,3.822165,0.000455
4,4,9,1,0|0|0|2,0|2|2|3,0,10,3.819369,0.000812,10,3.818866,0.000923
4,4,9,1,0|0|0|3,0|2|2|2,0,10,3.814766,0.000634,10,3.814862,0.000537
4,4,9,1,0|0|0|4,0|2|2|1,0,10,3.808652,0.001225,10,3.809044,0.000596
4,4,9,1,0|0|0|5,0|2|2|0,0,10,3.798747,0.000877,10,3.798814,0.000602
4,4,9,1,0|0|0|0,0|2|3|4,1,30,3.804551,0.000783,0,,
4,4,9,1,0|0|0|1,0|2|3|3,0,10,3.807317,0.000672,10,3.807459,0.000569
4,4,9,1,0|0|0|2,0|2|3|2,0,10,3.802024,0.000609,10,3.801960,0.001066
4,4,9,1,0|0|0|3,0|2|3|1,0,10,3.793523,0.001022,10,3.793645,0.000606
4,4,9,1,0|0|0|4,0|2|3|0,0,10,3.777676,0.000658,10,3.777886,0.000696
4,4,9,1,0|0|0|0,0|2|4|3,0,10,3.777155,0.000748,10,3.777107,0.000687
4,4,9,1,0|0|0|1,0|2|4|2,0,10,3.779115,0.000663,10,3.779049,0.000585
4,4,9,1,0|0|0|2,0|2|4|1,0,10,3.767418,0.000668,10,3.766771,0.000629
4,4,9,1,0|0|0|3,0|2|4|0,0,10,3.743668,0.000565,10,3.743819,0.000735
4,4,9,1,0|0|0|0,0|2|5|2,0,10,3.728766,0.000823,10,3.728031,0.000393
4,4,9,1,0|0|0|1,0|2|5|1,0,10,3.723814,0.000446,10,3.724020,0.000350
4,4,9,1,0|0|0|2,0|2|5|0,0,10,3.690095,0.000444,10,3.690031,0.000263
4,4,9,1,0|0|0|0,0|2|6|1,0,10,3.633486,0.000416,10,3.633448,0.000191
4,4,9,1,0|0|0|1,0|2|6|0,0,10,3.595279,0.000209,10,3.595642,0.000275
4,4,9,1,0|0|0|0,0|2|7|0,0,10,3.370165,0.000336,10,3.369864,0.000265
4,4,9,1,0|0|1|0,0|2|0|6,0,10,3.798816,0.000684,10,3.798526,0.001031
4,4,9,1,0|0|1|1,0|2|0|5,0,10,3.800795,0.000701,10,3.800427,0.000761
4,4,9,1,0|0|1|2,0|2|0|4,0,10,3.798112,0.000631,10,3.798306,0.000902
4,4,9,1,0|0|1|3,0|2|0|3,0,10,3.795239,0.000820,10,3.795224,0.000958
4,4,9,1,0|0|1|4,0|2|0|2,0,10,3.791887,0.000858,10,3.791553,0.000652
4,4,9,1,0|0|1|5,0|2|0|1,0,10,3.787456,0.000933,10,3.787446,0.000524
4,4,9,1,0|0|1|6,0|2|0|0,0,10,3.780632,0.000942,10,3.780217,0.000465
4,4,9,1,0|0|1|0,0|2|1|5,0,10,3.816916,0.000813,10,3.817424,0.000513
4,4,9,1,0|0|1|1,0|2|1|4,0,10,3.818760,0.000798,10,3.818588,0.000891
4,4,9,1,0|0|1|2,0|2|1|3,0,10,3.815387,0.000649,10,3.815591,0.000637
4,4,9,1,0|0|1|3,0|2|1|2,0,10,3.811235,0.000754,10,3.811339,0.000559
4,4,9,1,0|0|1|4,0|2|1|1,0,10,3.804930,0.000773,10,3.805546,0.000710
4,4,9,1,0|0|1|5,0|2|1|0,0,10,3.794392,0.000851,10,3.794351,0.000793
4,4,9,1,0|0|1|0,0|2|2|4,0,10,3.803739,0.000723,10,3.803325,0.000687
4,4,9,1,0|0|1|1,0|2|2|3,0,10,3.804517,0.000693,10,3.805076,0.000605
4,4,9,1,0|0|1|2,0|2|2|2,0,10,3.798947,0.000785,10,3.799041,0.000719
4,4,9,1,0|0|1|3,0|2|2|1,0,10,3.790559,0.000878,10,3.790613,0.000315
4,4,9,1,0|0|1|4,0|2|2|0,0,10,3.774488,0.000809,10,3.774433,0.000689
4,4,9,1,0|0|1|0,0|2|3|3,0,10,3.775457,0.000441,10,3.775380,0.000897
4,4,9,1,0|0|1|1,0|2|3|2,0,10,3.775102,0.000772,10,3.774986,0.000573
4,4,9,1,0|0|1|2,0|2|3|1,0,10,3.763037,0.000427,10,3.763272,0.000498
4,4,9,1,0|0|1|3,0|2|3|0,0,10,3.739740,0.001030,10,3.739378,0.000780
4,4,9,1,0|0|1|0,0|2|4|2,0,10,3.726391,0.000414,10,3.726795,0.000333
4,4,9,1,0|0|1|1,0|2|4|1,0,10,3.718629,0.000478,10,3.718845,0.000613
4,4,9,1,0|0|1|2,0|2|4|0,0,10,3.684652,0.000320,10,3.684910,0.000594
4,4,9,1,0|0|1|0,0|2|5|1,0,10,3.631329,0.000178,10,3.631232,0.000467
4,4,9,1,0|0|1|1,0|2|5|0,0,10,3.590272,0.000472,10,3.590430,0.000452
4,4,9,1,0|0|1|0,0|2|6|0,0,10,3.374589,0.000385,10,3.374367,0.000220
4,4,9,1,0|0|2|0,0|2|0|5,0,10,3.809838,0.000900,10,3.809709,0.000649
4,4,9,1,0|0|2|1,0|2|0|4,0,10,3.811677,0.000717,10,3.811991,0.000888
4,4,9,1,0|0|2|2,0|2|0|3,0,10,3.807363,0.000772,10,3.807261,0.000677
4,4,9,1,0|0|2|3,0|2|0|2,0,10,3.802335,0.000926,10,3.801791,0.000711
4,4,9,1,0|0|2|4,0|2|0|1,0,10,3.794815,0.000907,10,3.794911,0.000780
4,4,9,1,0|0|2|5,0|2|0|0,0,10,3.782194,0.000380,10,3.782252,0.000872
4,4,9,1,0|0|2|0,0|2|1|4,0,10,3.800397,0.000576,10,3.799857,0.000580
4,4,9,1,0|0|2|1,0|2|1|3,0,10,3.801105,0.000543,10,3.801493,0.000535
4,4,9,1,0|0|2|2,0|2|1|2,0,10,3.794727,0.000939,10,3.794738,0.000794
4,4,9,1,0|0|2|3,0|2|1|1,0,10,3.784925,0.000822,10,3.784837,0.000582
4,4,9,1,0|0|2|4,0|2|1|0,0,10,3.767239,0.000688,10,3.767389,0.000681
4,4,9,1,0|0|2|0,0|2|2|3,0,10,3.772097,0.000894,10,3.772297,0.000612
4,4,9,1,0|0|2|1,0|2|2|2,0,10,3.771821,0.000762,10,3.771674,0.000538
4,4,9,1,0|0|2|2,0|2|2|1,0,10,3.758731,0.000780,10,3.758810,0.000723
4,4,9,1,0|0|2|3,0|2|2|0,0,10,3.733467,0.000795,10,3.733528,0.000707
4,4,9,1,0|0|2|0,0|2|3|2,0,10,3.723615,0.000396,10,3.723227,0.000566
4,4,9,1,0|0|2|1,0|2|3|1,0,10,3.715803,0.000741,10,3.715575,0.000488
4,4,9,1,0|0|2|2,0|2|3|0,0,10,3.679360,0.000450,10,3.679260,0.000515
4,4,9,1,0|0|2|0,0|2|4|1,0,10,3.629564,0.000597,10,3.629091,0.000312
4,4,9,1,0|0|2|1,0|2|4|0,0,10,3.586996,0.000338,10,3.587078,0.000454
4,4,9,1,0|0|2|0,0|2|5|0,0,10,3.376491,0.000463,10,3.376634,0.000317
4,4,9,1,0|0|3|0,0|2|0|4,0,10,3.796650,0.000799,10,3.796454,0.001070
4,4,9,1,0|0|3|1,0|2|0|3,0,10,3.799281,0.001080,10,3.799297,0.000594
4,4,9,1,0|0|3|2,0|2|0|2,0,10,3.791274,0.000826,10,3.791285,0.000973
4,4,9,1,0|0|3|3,0|2|0|1,0,10,3.780579,0.000855,10,3.780768,0.000573
4,4,9,1,0|0|3|4,0|2|0|0,0,10,3.760932,0.000514,10,3.760898,0.000555
4,4,9,1,0|0|3|0,0|2|1|3,0,10,3.770053,0.000928,10,3.770230,0.000723
4,4,9,1,0|0|3|1,0|2|1|2,0,10,3.770542,0.000556,10,3.770576,0.000751
4,4,9,1,0|0|3|2,0|2|1|1,0,10,3.756279,0.000981,10,3.756286,0.000710
4,4,9,1,0|0|3|3,0|2|1|0,0,10,3.729013,0.000659,10,3.729506,0.000805
4,4,9,1,0|0|3|0,0|2|2|2,0,10,3.721704,0.000629,10,3.721708,0.000254
4,4,9,1,0|0|3|1,0|2|2|1,0,10,3.714409,0.000519,10,3.714883,0.000699
4,4,9,1,0|0|3|2,0|2|2|0,0,10,3.676380,0.000470,10,3.676651,0.000736
4,4,9,1,0|0|3|0,0|2|3|1,0,10,3.628835,0.000348,10,3.628563,0.000394
4,4,9,1,0|0|3|1,0|2|3|0,0,10,3.586093,0.000437,10,3.586256,0.000444
4,4,9,1,0|0|3|0,0|2|4|0,0,10,3.377504,0.000282,10,3.377555,0.000357
4,4,9,1,0|0|4|0,0|2|0|3,0,10,3.768156,0.000688,10,3.768401,0.000547
4,4,9,1,0|0|4|1,0|2|0|2,0,10,3.769322,0.000617,10,3.769690,0.000635
4,4,9,1,0|0|4|2,0|2|0|1,0,10,3.755278,0.000683,10,3.755162,0.000525
4,4,9,1,0|0|4|3,0|2|0|0,0,10,3.727014,0.000859,10,3.727118,0.000606
4,4,9,1,0|0|4|0,0|2|1|2,0,10,3.721115,0.000361,10,3.721276,0.000485
4,4,9,1,0|0|4|1,0|2|1|1,0,10,3.714025,0.000584,10,3.714096,0.000401
4,4,9,1,0|0|4|2,0|2|1|0,0,10,3.675923,0.000583,10,3.675770,0.000565
4,4,9,1,0|0|4|0,0|2|2|1,0,10,3.628085,0.000320,10,3.628513,0.000383
4,4,9,1,0|0|4|1,0|2|2|0,0,10,3.585943,0.000651,10,3.585502,0.000380
4,4,9,1,0|0|4|0,0|2|3|0,0,10,3.377654,0.000350,10,3.377764,0.000515
4,4,9,1,0|0|5|0,0|2|0|2,0,10,3.720471,0.000689,10,3.720419,0.000511
4,4,9,1,0|0|5|1,0|2|0|1,0,10,3.713843,0.000701,10,3.713677,0.000505
4,4,9,1,0|0|5|2,0|2|0|0,0,10,3.674532,0.000351,10,3.674628,0.000511
4,4,9,1,0|0|5|0,0|2|1|1,0,10,3.628133,0.000311,10,3.628008,0.000480
4,4,9,1,0|0|5|1,0|2|1|0,0,10,3.585747,0.000411,10,3.585725,0.000517
4,4,9,1,0|0|5|0,0|2|2|0,0,10,3.377928,0.000410,10,3.377715,0.000384
4,4,9,1,0|0|6|0,0|2|0|1,0,10,3.627859,0.000613,10,3.627851,0.000484
4,4,9,1,0|0|6|1,0|2|0|0,0,10,3.585494,0.000366,10,3.585364,0.000361
4,4,9,1,0|0|6|0,0|2|1|0,0,10,3.377667,0.000367,10,3.377933,0.000418
4,4,9,1,0|0|7|0,0|2|0|0,0,10,3.377849,0.000246,10,3.377911,0.000457
4,4,9,1,0|0|0|0,0|3|0|6,0,10,3.648945,0.000439,10,3.648972,0.000390
4,4,9,1,0|0|0|1,0|3|0|5,0,10,3.650616,0.000542,10,3.650697,0.000401
4,4,9,1,0|0|0|2,0|3|0|4,0,10,3.649576,0.000651,10,3.649774,0.000555
4,4,9,1,0|0|0|3,0|3|0|3,0,10,3.648167,0.000477,10,3.648338,0.000621
4,4,9,1,0|0|0|4,0|3|0|2,0,10,3.646271,0.000470,10,3.646333,0.000247
4,4,9,1,0|0|0|5,0|3|0|1,0,10,3.643833,0.000453,10,3.643334,0.000573
4,4,9,1,0|0|0|6,0|3|0|0,0,10,3.639679,0.000482,10,3.639637,0.000429
4,4,9,1,0|0|0|0,0|3|1|5,0,10,3.800478,0.000615,10,3.800907,0.001155
4,4,9,1,0|0|0|1,0|3|1|4,0,10,3.803579,0.000991,10,3.803527,0.000485
4,4,9,1,0|0|0|2,0|3|1|3,0,10,3.800417,0.000749,10,3.800418,0.000889
4,4,9,1,0|0|0|3,0|3|1|2,0,10,3.796781,0.000749,10,3.796259,0.000701
4,4,9,1,0|0|0|4,0|3|1|1,0,10,3.791032,0.000571,10,3.790923,0.000557
4,4,9,1,0|0|0|5,0|3|1|0,0,10,3.781490,0.000720,10,3.781411,0.000614
4,4,9,1,0|0|0|0,0|3|2|4,0,10,3.800123,0.000426,10,3.800725,0.000833
4,4,9,1,0|0|0|1,0|3|2|3,0,10,3.803683,0.000760,10,3.803480,0.000397
4,4,9,1,0|0|0|2,0|3|2|2,0,10,3.797801,0.000822,10,3.797852,0.000886
4,4,9,1,0|0|0|3,0|3|2|1,0,10,3.789665,0.000757,10,3.789391,0.000764
4,4,9,1,0|0|0|4,0|3|2|0,0,10,3.773775,0.000627,10,3.773939,0.000625
4,4,9,1,0|0|0|0,0|3|3|3,1,30,3.775643,0.000663,0,,
4,4,9,1,0|0|0|1,0|3|3|2,0,10,3.777697,0.000775,10,3.777160,0.000520
4,4,9,1,0|0|0|2,0|3|3|1,0,10,3.765899,0.000620,10,3.765445,0.000565
4,4,9,1,0|0|0|3,0|3|3|0,0,10,3.742273,0.000332,10,3.742551,0.000610
4,4,9,1,0|0|0|0,0|3|4|2,0,10,3.728252,0.000611,10,3.728166,0.000618
4,4,9,1,0|0|0|1,0|3|4|1,0,10,3.723281,0.000530,10,3.723453,0.000559
4,4,9,1,0|0|0|2,0|3|4|0,0,10,3.689799,0.000816,10,3.689909,0.000334
4,4,9,1,0|0|0|0,0|3|5|1,0,10,3.633119,0.000578,10,3.633320,0.000364
4,4,9,1,0|0|0|1,0|3|5|0,0,10,3.595777,0.000420,10,3.595604,0.000495
4,4,9,1,0|0|0|0,0|3|6|0,0,10,3.369917,0.000178,10,3.369878,0.000346
4,4,9,1,0|0|1|0,0|3|0|5,0,10,3.785399,0.000768,10,3.785083,0.000819
4,4,9,1,0|0|1|1,0|3|0|4,0,10,3.787119,0.000797,10,3.786955,0.000819
4,4,9,1,0|0|1|2,0|3|0|3,0,10,3.783206,0.000722,10,3.783346,0.000595
4,4,9,1,0|0|1|3,0|3|0|2,0,10,3.778565,0.000600,10,3.778709,0.000617
4,4,9,1,0|0|1|4,0|3|0|1,0,10,3.772441,0.000861,10,3.772416,0.000613
4,4,9,1,0|0|1|5,0|3|0|0,0,10,3.761094,0.000972,10,3.760876,0.000655
4,4,9,1,0|0|1|0,0|3|1|4,0,10,3.797968,0.000550,10,3.797730,0.000440
4,4,9,1,0|0|1|1,0|3|1|3,0,10,3.798652,0.000694,10,3.799498,0.000832
4,4,9,1,0|0|1|2,0|3|1|2,0,10,3.793147,0.000605,10,3.793161,0.000418
4,4,9,1,0|0|1|3,0|3|1|1,0,10,3.784718,0.000699,10,3.784654,0.000886
4,4,9,1,0|0|1|4,0|3|1|0,0,10,3.768519,0.000735,10,3.768795,0.000672
4,4,9,1,0|0|1|0,0|3|2|3,0,10,3.774157,0.000419,10,3.774002,0.000623
4,4,9,1,0|0|1|1,0|3|2|2,0,10,3.773474,0.000783,10,3.773153,0.000699
4,4,9,1,0|0|1|2,0|3|2|1,0,10,3.761545,0.000578,10,3.761666,0.000736
4,4,9,1,0|0|1|3,0|3|2|0,0,10,3.738413,0.000535,10,3.738487,0.000530
4,4,9,1,0|0|1|0,0|3|3|2,0,10,3.726157,0.000448,10,3.726195,0.000645
4,4,9,1,0|0|1|1,0|3|3|1,0,10,3.718288,0.000686,10,3.718402,0.000611
4,4,9,1,0|0|1|2,0|3|3|0,0,10,3.684681,0.000362,10,3.684621,0.000408
4,4,9,1,0|0|1|0,0|3|4|1,0,10,3.630947,0.000250,10,3.630981,0.000562
4,4,9,1,0|0|1|1,0|3|4|0,0,10,3.590107,0.000345,10,3.590123,0.000210
4,4,9,1,0|0|1|0,0|3|5|0,0,10,3.374675,0.000399,10,3.374779,0.000235
4,4,9,1,0|0|2|0,0|3|0|4,0,10,3.789821,0.000815,10,3.790099,0.000629
4,4,9,1,0|0|2|1,0|3|0|3,0,10,3.791460,0.000449,10,3.791479,0.000946
4,4,9,1,0|0|2|2,0|3|0|2,0,10,3.784006,0.000760,10,3.783592,0.000815
4,4,9,1,0|0|2|3,0|3|0|1,0,10,3.774348,0.000666,10,3.774186,0.000896
4,4,9,1,0|0|2|4,0|3|0|0,0,10,3.755098,0.000765,10,3.755023,0.000656
4,4,9,1,0|0|2|0,0|3|1|3,0,10,3.770361,0.000585,10,3.770281,0.000489
4,4,9,1,0|0|2|1,0|3|1|2,0,10,3.769482,0.000496,10,3.769319,0.000718
4,4,9,1,0|0|2|2,0|3|1|1,0,10,3.756513,0.000530,10,3.756220,0.000752
4,4,9,1,0|0|2|3,0|3|1|0,0,10,3.730485,0.001107,10,3.730305,0.000606
4,4,9,1,0|0|2|0,0|3|2|2,0,10,3.722983,0.000535,10,3.722962,0.000346
4,4,9,1,0|0|2|1,0|3|2|1,0,10,3.714579,0.000468,10,3.714725,0.000655
4,4,9,1,0|0|2|2,0|3|2|0,0,10,3.678562,0.000341,10,3.678621,0.000531
4,4,9,1,0|0|2|0,0|3|3|1,0,10,3.629008,0.000487,10,3.628972,0.000530
4,4,9,1,0|0|2|1,0|3|3|0,0,10,3.586747,0.000360,10,3.586894,0.000508
4,4,9,1,0|0|2|0,0|3|4|0,0,10,3.376682,0.000199,10,3.376555,0.000492
4,4,9,1,0|0|3|0,0|3|0|3,0,10,3.766407,0.000636,10,3.765987,0.000812
4,4,9,1,0|0|3|1,0|3|0|2,0,10,3.766650,0.000467,10,3.766405,0.000868
4,4,9,1,0|0|3|2,0|3|0|1,0,10,3.752079,0.000592,10,3.751985,0.000500
4,4,9,1,0|0|3|3,0|3|0|0,0,10,3.724057,0.000555,10,3.724125,0.000871
4,4,9,1,0|0|3|0,0|3|1|2,0,10,3.720895,0.000565,10,3.720697,0.000666
4,4,9,1,0|0|3|1,0|3|1|1,0,10,3.713568,0.000626,10,3.713639,0.000527
4,4,9,1,0|0|3|2,0|3|1|0,0,10,3.675619,0.000537,10,3.675416,0.000549
4,4,9,1,0|0|3|0,0|3|2|1,0,10,3.628467,0.000482,10,3.628364,0.000285
4,4,9,1,0|0|3|1,0|3|2|0,0,10,3.585702,0.000417,10,3.585794,0.000653
4,4,9,1,0|0|3|0,0|3|3|0,0,10,3.377560,0.000152,10,3.377508,0.000381
4,4,9,1,0|0|4|0,0|3|0|2,0,10,3.719546,0.000595,10,3.719734,0.000481
4,4,9,1,0|0|4|1,0|3|0|1,0,10,3.712650,0.000420,10,3.712696,0.000673
4,4,9,1,0|0|4|2,0|3|0|0,0,10,3.673065,0.000483,10,3.673506,0.000466
4,4,9,1,0|0|4|0,0|3|1|1,0,10,3.628170,0.000511,10,3.627880,0.000373
4,4,9,1,0|0|4|1,0|3|1|0,0,10,3.585541,0.000492,10,3.585536,0.000329
4,4,9,1,0|0|4|0,0|3|2|0,0,10,3.377900,0.000432,10,3.377592,0.000402
4,4,9,1,0|0|5|0,0|3|0|1,0,10,3.627610,0.000559,10,3.627430,0.000351
4,4,9,1,0|0|5|1,0|3|0|0,0,10,3.584963,0.000359,10,3.584954,0.000466
4,4,9,1,0|0|5|0,0|3|1|0,0,10,3.377761,0.000372,10,3.377550,0.000359
4,4,9,1,0|0|6|0,0|3|0|0,0,10,3.377615,0.000376,10,3.377567,0.000310
4,4,9,1,0|0|0|0,0|4|0|5,0,10,3.640895,0.000545,10,3.640429,0.000398
4,4,9,1,0|0|0|1,0|4|0|4,0,10,3.642638,0.000502,10,3.642743,0.000510
4,4,9,1,0|0|0|2,0|4|0|3,0,10,3.640744,0.000495,10,3.640707,0.000571
4,4,9,1,0|0|0|3,0|4|0|2,0,10,3.637909,0.000529,10,3.638058,0.000362
4,4,9,1,0|0|0|4,0|4|0|1,0,10,3.634176,0.000396,10,3.634048,0.000398
4,4,9,1,0|0|0|5,0|4|0|0,0,10,3.627167,0.000504,10,3.627011,0.000380
4,4,9,1,0|0|0|0,0|4|1|4,0,10,3.781955,0.000618,10,3.781602,0.001289
4,4,9,1,0|0|0|1,0|4|1|3,0,10,3.784317,0.000707,10,3.784265,0.000832
4,4,9,1,0|0|0|2,0|4|1|2,0,10,3.779011,0.001095,10,3.778861,0.000454
4,4,9,1,0|0|0|3,0|4|1|1,0,10,3.771083,0.000582,10,3.770889,0.000626
4,4,9,1,0|0|0|4,0|4|1|0,0,10,3.755886,0.000728,10,3.755748,0.000741
4,4,9,1,0|0|0|0,0|4|2|3,0,10,3.771351,0.000655,10,3.770966,0.000574
4,4,9,1,0|0|0|1,0|4|2|2,0,10,3.772908,0.000652,10,3.772563,0.000514
4,4,9,1,0|0|0|2,0|4|2|1,0,10,3.761210,0.000613,10,3.760959,0.000752
4,4,9,1,0|0|0|3,0|4|2|0,0,10,3.737888,0.000483,10,3.738048,0.000479
4,4,9,1,0|0|0|0,0|4|3|2,0,10,3.726539,0.000602,10,3.726567,0.000852
4,4,9,1,0|0|0|1,0|4|3|1,0,10,3.721968,0.000486,10,3.721435,0.000476
4,4,9,1,0|0|0|2,0|4|3|0,0,10,3.688430,0.000478,10,3.687949,0.000502
4,4,9,1,0|0|0|0,0|4|4|1,0,10,3.632844,0.000441,10,3.632747,0.000568
4,4,9,1,0|0|0|1,0|4|4|0,0,10,3.595079,0.000371,10,3.594869,0.000488
4,4,9,1,0|0|0|0,0|4|5|0,0,10,3.369575,0.000444,10,3.369859,0.000232
4,4,9,1,0|0|1|0,0|4|0|4,0,10,3.764855,0.000511,10,3.765392,0.000573
4,4,9,1,0|0|1|1,0|4|0|3,0,10,3.766093,0.000617,10,3.766037,0.000642
4,4,9,1,0|0|1|2,0|4|0|2,0,10,3.760032,0.000384,10,3.759605,0.000619
4,4,9,1,0|0|1|3,0|4|0|1,0,10,3.750969,0.000608,10,3.750993,0.000579
4,4,9,1,0|0|1|4,0|4|0|0,0,10,3.733705,0.000540,10,3.733444,0.000600
4,4,9,1,0|0|1|0,0|4|1|3,0,10,3.768141,0.000467,10,3.767833,0.000553
4,4,9,1,0|0|1|1,0|4|1|2,0,10,3.767279,0.000828,10,3.767293,0.000648
4,4,9,1,0|0|1|2,0|4|1|1,0,10,3.754808,0.000891,10,3.755156,0.000503
4,4,9,1,0|0|1|3,0|4|1|0,0,10,3.731652,0.000621,10,3.731602,0.000532
4,4,9,1,0|0|1|0,0|4|2|2,0,10,3.724195,0.000708,10,3.724325,0.000504
4,4,9,1,0|0|1|1,0|4|2|1,0,10,3.716568,0.000552,10,3.716314,0.000780
4,4,9,1,0|0|1|2,0|4|2|0,0,10,3.682694,0.000366,10,3.682518,0.000532
4,4,9,1,0|0|1|0,0|4|3|1,0,10,3.630547,0.000233,10,3.630494,0.000437
4,4,9,1,0|0|1|1,0|4|3|0,0,10,3.589353,0.000329,10,3.589770,0.000417
4,4,9,1,0|0|1|0,0|4|4|0,0,10,3.374545,0.000334,10,3.374530,0.000380
4,4,9,1,0|0|2|0,0|4|0|3,0,10,3.758926,0.000776,10,3.759012,0.000655
4,4,9,1,0|0|2|1,0|4|0|2,0,10,3.758506,0.000617,10,3.758476,0.000510
4,4,9,1,0|0|2|2,0|4|0|1,0,10,3.744268,0.000573,10,3.744141,0.000641
4,4,9,1,0|0|2|3,0|4|0|0,0,10,3.716617,0.000614,10,3.716958,0.000591
4,4,9,1,0|0|2|0,0|4|1|2,0,10,3.720270,0.000520,10,3.720061,0.000571
4,4,9,1,0|0|2|1,0|4|1|1,0,10,3.711933,0.000700,10,3.711853,0.000458
4,4,9,1,0|0|2|2,0|4|1|0,0,10,3.675477,0.000632,10,3.675318,0.000328
4,4,9,1,0|0|2|0,0|4|2|1,0,10,3.628356,0.000412,10,3.628272,0.000463
4,4,9,1,0|0|2|1,0|4|2|0,0,10,3.586049,0.000261,10,3.585864,0.000419
4,4,9,1,0|0|2|0,0|4|3|0,0,10,3.376381,0.000373,10,3.376291,0.000315
4,4,9,1,0|0|3|0,0|4|0|2,0,10,3.716453,0.000653,10,3.716226,0.000526
4,4,9,1,0|0|3|1,0|4|0|1,0,10,3.708579,0.000387,10,3.709061,0.000480
4,4,9,1,0|0|3|2,0|4|0|0,0,10,3.670126,0.000459,10,3.669375,0.000698
4,4,9,1,0|0|3|0,0|4|1|1,0,10,3.627286,0.000362,10,3.627245,0.000659
4,4,9,1,0|0|3|1,0|4|1|0,0,10,3.584280,0.000289,10,3.584342,0.000342
4,4,9,1,0|0|3|0,0|4|2|0,0,10,3.377052,0.000502,10,3.376909,0.000239
4,4,9,1,0|0|4|0,0|4|0|1,0,10,3.626253,0.000526,10,3.625917,0.000567
4,4,9,1,0|0|4|1,0|4|0|0,0,10,3.582887,0.000464,10,3.583045,0.000528
4,4,9,1,0|0|4|0,0|4|1|0,0,10,3.376863,0.000426,10,3.377022,0.000335
4,4,9,1,0|0|5|0,0|4|0|0,0,10,3.376710,0.000469,10,3.376894,0.000509
4,4,9,1,0|0|0|0,0|5|0|4,0,10,3.626519,0.000482,10,3.626666,0.000474
4,4,9,1,0|0|0|1,0|5|0|3,0,10,3.629121,0.000304,10,3.629203,0.000505
4,4,9,1,0|0|0|2,0|5|0|2,0,10,3.625207,0.000522,10,3.625504,0.000547
4,4,9,1,0|0|0|3,0|5|0|1,0,10,3.619408,0.000419,10,3.619055,0.000427
4,4,9,1,0|0|0|4,0|5|0|0,0,10,3.607894,0.000572,10,3.607989,0.000421
4,4,9,1,0|0|0|0,0|5|1|3,0,10,3.751409,0.000756,10,3.751543,0.000396
4,4,9,1,0|0|0|1,0|5|1|2,0,10,3.751962,0.000430,10,3.752367,0.000569
4,4,9,1,0|0|0|2,0|5|1|1,0,10,3.740896,0.000552,10,3.741046,0.000926
4,4,9,1,0|0|0|3,0|5|1|0,0,10,3.718672,0.000629,10,3.718529,0.000609
4,4,9,1,0|0|0|0,0|5|2|2,0,10,3.721037,0.000731,10,3.720967,0.000243
4,4,9,1,0|0|0|1,0|5|2|1,0,10,3.716010,0.000393,10,3.716135,0.000589
4,4,9,1,0|0|0|2,0|5|2|0,0,10,3.682768,0.000499,10,3.682196,0.000582
4,4,9,1,0|0|0|0,0|5|3|1,0,10,3.631138,0.000484,10,3.631096,0.000723
4,4,9,1,0|0|0|1,0|5|3|0,0,10,3.592771,0.000373,10,3.592630,0.000607
4,4,9,1,0|0|0|0,0|5|4|0,0,10,3.369014,0.000480,10,3.368838,0.000306
4,4,9,1,0|0|1|0,0|5|0|3,0,10,3.734209,0.000506,10,3.734045,0.000696
4,4,9,1,0|0|1|1,0|5|0|2,0,10,3.732494,0.000539,10,3.732666,0.000672
4,4,9,1,0|0|1|2,0|5|0|1,0,10,3.719718,0.000735,10,3.719595,0.000741
4,4,9,1,0|0|1|3,0|5|0|0,0,10,3.694286,0.000461,10,3.694551,0.000270
4,4,9,1,0|0|1|0,0|5|1|2,0,10,3.717083,0.000459,10,3.717014,0.000666
4,4,9,1,0|0|1|1,0|5|1|1,0,10,3.708621,0.000703,10,3.708216,0.000612
4,4,9,1,0|0|1|2,0|5|1|0,0,10,3.674585,0.000621,10,3.674614,0.000710
4,4,9,1,0|0|1|0,0|5|2|1,0,10,3.628247,0.000515,10,3.628054,0.000444
4,4,9,1,0|0|1|1,0|5|2|0,0,10,3.586866,0.000527,10,3.586732,0.000423
4,4,9,1,0|0|1|0,0|5|3|0,0,10,3.373740,0.000260,10,3.373753,0.000379
4,4,9,1,0|0|2|0,0|5|0|2,0,10,3.707965,0.000603,10,3.708236,0.000584
4,4,9,1,0|0|2|1,0|5|0|1,0,10,3.698720,0.000612,10,3.698916,0.000392
4,4,9,1,0|0|2|2,0|5|0|0,0,10,3.660705,0.000508,10,3.660407,0.000438
4,4,9,1,0|0|2|0,0|5|1|1,0,10,3.624839,0.000436,10,3.625008,0.000226
4,4,9,1,0|0|2|1,0|5|1|0,0,10,3.581780,0.000476,10,3.582013,0.000584
4,4,9,1,0|0|2|0,0|5|2|0,0,10,3.375440,0.000319,10,3.375086,0.000374
4,4,9,1,0|0|3|0,0|5|0|1,0,10,3.621712,0.000515,10,3.622226,0.000663
4,4,9,1,0|0|3|1,0|5|0|0,0,10,3.578497,0.000459,10,3.578392,0.000570
4,4,9,1,0|0|3|0,0|5|1|0,0,10,3.375268,0.000432,10,3.375296,0.000382
4,4,9,1,0|0|4|0,0|5|0|0,0,10,3.374390,0.000377,10,3.374199,0.000300
4,4,9,1,0|0|0|0,0|6|0|3,0,10,3.602156,0.000342,10,3.601788,0.000487
4,4,9,1,0|0|0|1,0|6|0|2,0,10,3.603450,0.000342,10,3.603550,0.000319
4,4,9,1,0|0|0|2,0|6|0|1,0,10,3.594671,0.000477,10,3.594455,0.000616
4,4,9,1,0|0|0|3,0|6|0|0,0,10,3.575763,0.000486,10,3.575745,0.000467
4,4,9,1,0|0|0|0,0|6|1|2,0,10,3.698888,0.000643,10,3.699041,0.000476
4,4,9,1,0|0|0|1,0|6|1|1,0,10,3.693377,0.000426,10,3.693145,0.000275
4,4,9,1,0|0|0|2,0|6|1|0,0,10,3.660396,0.000539,10,3.660506,0.000628
4,4,9,1,0|0|0|0,0|6|2|1,0,10,3.623740,0.000436,10,3.623661,0.000571
4,4,9,1,0|0|0|1,0|6|2|0,0,10,3.585458,0.000463,10,3.585635,0.000334
4,4,9,1,0|0|0|0,0|6|3|0,0,10,3.366030,0.000351,10,3.366213,0.000212
4,4,9,1,0|0|1|0,0|6|0|2,0,10,3.681054,0.000543,10,3.681040,0.000552
4,4,9,1,0|0|1|1,0|6|0|1,0,10,3.670325,0.000346,10,3.670462,0.000487
4,4,9,1,0|0|1|2,0|6|0|0,0,10,3.634480,0.000445,10,3.634560,0.000433
4,4,9,1,0|0|1|0,0|6|1|1,0,10,3.618796,0.000361,10,3.618826,0.000356
4,4,9,1,0|0|1|1,0|6|1|0,0,10,3.576853,0.000456,10,3.576742,0.000559
4,4,9,1,0|0|1|0,0|6|2|0,0,10,3.370359,0.000275,10,3.370377,0.000368
4,4,9,1,0|0|2|0,0|6|0|1,0,10,3.610557,0.000624,10,3.610335,0.000422
4,4,9,1,0|0|2|1,0|6|0|0,0,10,3.565780,0.000395,10,3.565706,0.000480
4,4,9,1,0|0|2|0,0|6|1|0,0,10,3.370342,0.000482,10,3.370477,0.000411
4,4,9,1,0|0|3|0,0|6|0|0,0,10,3.368053,0.000503,10,3.367932,0.000451
4,4,9,1,0|0|0|0,0|7|0|2,0,10,3.554567,0.000472,10,3.554613,0.000334
4,4,9,1,0|0|0|1,0|7|0|1,0,10,3.549764,0.000447,10,3.549906,0.000333
4,4,9,1,0|0|0|2,0|7|0|0,0,10,3.519400,0.000500,10,3.519488,0.000488
4,4,9,1,0|0|0|0,0|7|1|1,0,10,3.596222,0.000456,10,3.596204,0.000567
4,4,9,1,0|0|0|1,0|7|1|0,0,10,3.557122,0.000330,10,3.557111,0.000534
4,4,9,1,0|0|0|0,0|7|2|0,0,10,3.355658,0.000360,10,3.355643,0.000358
4,4,9,1,0|0|1|0,0|7|0|1,0,10,3.577014,0.000407,10,3.576766,0.000529
4,4,9,1,0|0|1|1,0|7|0|0,0,10,3.530357,0.000599,10,3.530628,0.000523
4,4,9,1,0|0|1|0,0|7|1|0,0,10,3.357165,0.000468,10,3.357379,0.000357
4,4,9,1,0|0|2|0,0|7|0|0,0,10,3.350789,0.000348,10,3.350823,0.000380
4,4,9,1,0|0|0|0,0|8|0|1,0,10,3.448962,0.000506,10,3.448853,0.000267
4,4,9,1,0|0|0|1,0|8|0|0,0,10,3.408295,0.000476,10,3.408046,0.000581
4,4,9,1,0|0|0|0,0|8|1|0,0,10,3.315672,0.000394,10,3.315511,0.000370
4,4,9,1,0|0|1|0,0|8|0|0,0,10,3.299656,0.000205,10,3.299524,0.000559
4,4,9,1,0|0|0|0,0|9|0|0,0,10,3.109895,0.000233,10,3.110062,0.000385
4,4,9,1,0|1|0|0,0|0|0|8,0,10,3.659819,0.000425,10,3.659700,0.000382
4,4,9,1,0|1|0|1,0|0|0|7,0,10,3.660437,0.000542,10,3.660399,0.000389
4,4,9,1,0|1|0|2,0|0|0|6,0,10,3.659866,0.000322,10,3.660350,0.000415
4,4,9,1,0|1|0|3,0|0|0|5,0,10,3.658957,0.000346,10,3.659487,0.000267
4,4,9,1,0|1|0|4,0|0|0|4,0,10,3.658633,0.000464,10,3.658751,0.000484
4,4,9,1,0|1|0|5,0|0|0|3,0,10,3.657592,0.000378,10,3.657415,0.000321
4,4,9,1,0|1|0|6,0|0|0|2,0,10,3.656623,0.000354,10,3.656687,0.000582
4,4,9,1,0|1|0|7,0|0|0|1,0,10,3.655574,0.000428,10,3.655771,0.000322
4,4,9,1,0|1|0|8,0|0|0|0,0,10,3.654202,0.000330,10,3.654276,0.000385
4,4,9,1,0|1|0|0,0|0|1|7,0,10,3.818849,0.001092,10,3.818724,0.001067
4,4,9,1,0|1|0|1,0|0|1|6,0,10,3.819770,0.001148,10,3.820203,0.001093
4,4,9,1,0|1|0|2,0|0|1|5,0,10,3.818851,0.001047,10,3.819246,0.000603
4,4,9,1,0|1|0|3,0|0|1|4,0,10,3.817721,0.000586,10,3.817297,0.000948
4,4,9,1,0|1|0|4,0|0|1|3,0,10,3.815323,0.000983,10,3.815422,0.000913
4,4,9,1,0|1|0|5,0|0|1|2,0,10,3.813151,0.000751,10,3.813022,0.000511
4,4,9,1,0|1|0|6,0|0|1|1,0,10,3.810594,0.000980,10,3.810362,0.000855
4,4,9,1,0|1|0|7,0|0|1|0,0,10,3.806013,0.000568,10,3.806214,0.000752
4,4,9,1,0|1|0|0,0|0|2|6,0,10,3.827316,0.001032,10,3.827249,0.000617
4,4,9,1,0|1|0|1,0|0|2|5,0,10,3.829322,0.000998,10,3.829133,0.001101
4,4,9,1,0|1|0|2,0|0|2|4,0,10,3.826635,0.000409,10,3.827596,0.000810
4,4,9,1,0|1|0|3,0|0|2|3,0,10,3.824519,0.000925,10,3.824710,0.000965
4,4,9,1,0|1|0|4,0|0|2|2,0,10,3.821115,0.000641,10,3.821941,0.000619
4,4,9,1,0|1|0|5,0|0|2|1,0,10,3.817143,0.001048,10,3.816722,0.000863
4,4,9,1,0|1|0|6,0|0|2|0,0,10,3.810063,0.000643,10,3.810264,0.000974
4,4,9,1,0|1|0|0,0|0|3|5,0,10,3.817897,0.001143,10,3.817882,0.000997
4,4,9,1,0|1|0|1,0|0|3|4,0,10,3.820812,0.000965,10,3.820035,0.000845
4,4,9,1,0|1|0|2,0|0|3|3,0,10,3.817321,0.000822,10,3.816808,0.000891
4,4,9,1,0|1|0|3,0|0|3|2,0,10,3.812384,0.001177,10,3.811913,0.000896
4,4,9,1,0|1|0|4,0|0|3|1,0,10,3.805674,0.001127,10,3.806156,0.000770
4,4,9,1,0|1|0|5,0|0|3|0,0,10,3.795102,0.000540,10,3.794708,0.000799
4,4,9,1,0|1|0|0,0|0|4|4,0,10,3.799673,0.000629,10,3.799830,0.000595
4,4,9,1,0|1|0|1,0|0|4|3,0,10,3.802400,0.000864,10,3.803118,0.000797
4,4,9,1,0|1|0|2,0|0|4|2,0,10,3.796337,0.000761,10,3.796372,0.000794
4,4,9,1,0|1|0|3,0|0|4|1,0,10,3.787318,0.000682,10,3.787185,0.000784
4,4,9,1,0|1|0|4,0|0|4|0,0,10,3.770202,0.000719,10,3.770272,0.001082
4,4,9,1,0|1|0|0,0|0|5|3,0,10,3.770443,0.000769,10,3.770537,0.000582
4,4,9,1,0|1|0|1,0|0|5|2,0,10,3.772030,0.000738,10,3.771977,0.000771
4,4,9,1,0|1|0|2,0|0|5|1,0,10,3.759389,0.000695,10,3.759628,0.000682
4,4,9,1,0|1|0|3,0|0|5|0,0,10,3.734946,0.000670,10,3.734323,0.000756
4,4,9,1,0|1|0|0,0|0|6|2,0,10,3.721338,0.000485,10,3.721269,0.000381
4,4,9,1,0|1|0|1,0|0|6|1,0,10,3.715351,0.000430,10,3.715562,0.000632
4,4,9,1,0|1|0|2,0|0|6|0,0,10,3.680440,0.000581,10,3.680572,0.000333
4,4,9,1,0|1|0|0,0|0|7|1,0,10,3.625746,0.000486,10,3.625956,0.000486
4,4,9,1,0|1|0|1,0|0|7|0,0,10,3.585632,0.000300,10,3.585554,0.000305
4,4,9,1,0|1|0|0,0|0|8|0,0,10,3.364199,0.000509,10,3.364350,0.000441
4,4,9,1,0|1|1|0,0|0|0|7,0,10,3.800796,0.000897,10,3.800690,0.000817
4,4,9,1,0|1|1|1,0|0|0|6,0,10,3.801799,0.000698,10,3.802300,0.000852
4,4,9,1,0|1|1|2,0|0|0|5,0,10,3.800171,0.000838,10,3.800060,0.000955
4,4,9,1,0|1|1|3,0|0|0|4,0,10,3.798182,0.000595,10,3.798332,0.000725
4,4,9,1,0|1|1|4,0|0|0|3,0,10,3.795439,0.001095,10,3.795737,0.000998
4,4,9,1,0|1|1|5,0|0|0|2,0,10,3.793176,0.000740,10,3.793244,0.000785
4,4,9,1,0|1|1|6,0|0|0|1,0,10,3.789433,0.000468,10,3.790113,0.000568
4,4,9,1,0|1|1|7,0|0|0|0,0,10,3.784637,0.000627,10,3.784789,0.000584
4,4,9,1,0|1|1|0,0|0|1|6,0,10,3.824987,0.000954,10,3.824521,0.000697
4,4,9,1,0|1|1|1,0|0|1|5,0,10,3.825791,0.000918,10,3.825607,0.001251
4,4,9,1,0|1|1|2,0|0|1|4,0,10,3.823237,0.000648,10,3.822749,0.000895
4,4,9,1,0|1|1|3,0|0|1|3,0,10,3.820636,0.001259,10,3.820498,0.000567
4,4,9,1,0|1|1|4,0|0|1|2,0,10,3.816551,0.000621,10,3.817104,0.001025
4,4,9,1,0|1|1|5,0|0|1|1,0,10,3.812463,0.000587,10,3.812637,0.000854
4,4,9,1,0|1|1|6,0|0|1|0,0,10,3.804740,0.000906,10,3.804542,0.000724
4,4,9,1,0|1|1|0,0|0|2|5,0,10,3.816429,0.000829,10,3.816724,0.000614
4,4,9,1,0|1|1|1,0|0|2|4,0,10,3.817712,0.000822,10,3.817576,0.000747
4,4,9,1,0|1|1|2,0|0|2|3,0,10,3.813460,0.000648,10,3.813462,0.000343
4,4,9,1,0|1|1|3,0|0|2|2,0,10,3.809076,0.000680,10,3.809454,0.001127
4,4,9,1,0|1|1|4,0|0|2|1,0,10,3.802924,0.000766,10,3.802222,0.000873
4,4,9,1,0|1|1|5,0|0|2|0,0,10,3.791272,0.000936,10,3.790884,0.000608
4,4,9,1,0|1|1|0,0|0|3|4,0,10,3.798295,0.001103,10,3.798028,0.000498
4,4,9,1,0|1|1|1,0|0|3|3,0,10,3.799493,0.000675,10,3.799352,0.000717
4,4,9,1,0|1|1|2,0|0|3|2,0,10,3.792477,0.000824,10,3.792322,0.000837
4,4,9,1,0|1|1|3,0|0|3|1,0,10,3.783518,0.000599,10,3.783595,0.000817
4,4,9,1,0|1|1|4,0|0|3|0,0,10,3.766348,0.000738,10,3.766030,0.000798
4,4,9,1,0|1|1|0,0|0|4|3,0,10,3.769096,0.000501,10,3.768763,0.000754
4,4,9,1,0|1|1|1,0|0|4|2,0,10,3.767622,0.000624,10,3.767669,0.000844
4,4,9,1,0|1|1|2,0|0|4|1,0,10,3.754860,0.000532,10,3.754499,0.000463
4,4,9,1,0|1|1|3,0|0|4|0,0,10,3.729344,0.000827,10,3.729787,0.000460
4,4,9,1,0|1|1|0,0|0|5|2,0,10,3.718804,0.000682,10,3.718809,0.000568
4,4,9,1,0|1|1|1,0|0|5|1,0,10,3.709374,0.000622,10,3.709565,0.000704
4,4,9,1,0|1|1|2,0|0|5|0,0,10,3.674207,0.000614,10,3.673766,0.000605
4,4,9,1,0|1|1|0,0|0|6|1,0,10,3.622997,0.000555,10,3.623077,0.000440
4,4,9,1,0|1|1|1,0|0|6|0,0,10,3.579483,0.000574,10,3.579667,0.000415
4,4,9,1,0|1|1|0,0|0|7|0,0,10,3.369762,0.000507,10,3.369781,0.000492
4,4,9,1,0|1|2|0,0|0|0|6,0,10,3.816920,0.000713,10,3.816638,0.000948
4,4,9,1,0|1|2|1,0|0|0|5,0,10,3.819022,0.001002,10,3.818082,0.000918
4,4,9,1,0|1|2|2,0|0|0|4,0,10,3.815387,0.000771,10,3.814944,0.000942
4,4,9,1,0|1|2|3,0|0|0|3,0,10,3.810890,0.000634,10,3.811305,0.000971
4,4,9,1,0|1|2|4,0|0|0|2,0,10,3.807493,0.000557,10,3.806648,0.001009
4,4,9,1,0|1|2|5,0|0|0|1,0,10,3.801223,0.000839,10,3.801177,0.001095
4,4,9,1,0|1|2|6,0|0|0|0,0,10,3.792046,0.000675,10,3.791891,0.000668
4,4,9,1,0|1|2|0,0|0|1|5,0,10,3.813957,0.000453,10,3.813841,0.000508
4,4,9,1,0|1|2|1,0|0|1|4,0,10,3.814531,0.000792,10,3.814631,0.000265
4,4,9,1,0|1|2|2,0|0|1|3,0,10,3.810031,0.000525,10,3.809982,0.000968
4,4,9,1,0|1|2|3,0|0|1|2,0,10,3.804744,0.000428,10,3.804233,0.000685
4,4,9,1,0|1|2|4,0|0|1|1,0,10,3.797032,0.000724,10,3.797327,0.000274
4,4,9,1,0|1|2|5,0|0|1|0,0,10,3.784011,0.000538,10,3.783681,0.000537
4,4,9,1,0|1|2|0,0|0|2|4,0,10,3.795315,0.000977,10,3.795308,0.000924
4,4,9,1,0|1|2|1,0|0|2|3,0,10,3.796543,0.000706,10,3.796748,0.000638
4,4,9,1,0|1|2|2,0|0|2|2,0,10,3.788724,0.000445,10,3.789053,0.000718
4,4,9,1,0|1|2|3,0|0|2|1,0,10,3.778545,0.000711,10,3.778555,0.000776
4,4,9,1,0|1|2|4,0|0|2|0,0,10,3.759164,0.000442,10,3.758791,0.000933
4,4,9,1,0|1|2|0,0|0|3|3,0,10,3.764952,0.000829,10,3.765217,0.000724
4,4,9,1,0|1|2|1,0|0|3|2,0,10,3.764315,0.000614,10,3.763734,0.000606
4,4,9,1,0|1|2|2,0|0|3|1,0,10,3.750029,0.000877,10,3.750045,0.000500
4,4,9,1,0|1|2|3,0|0|3|0,0,10,3.722934,0.000654,10,3.722528,0.000446
4,4,9,1,0|1|2|0,0|0|4|2,0,10,3.715647,0.000509,10,3.715339,0.000744
4,4,9,1,0|1|2|1,0|0|4|1,0,10,3.705948,0.000650,10,3.706444,0.000343
4,4,9,1,0|1|2|2,0|0|4|0,0,10,3.667868,0.000452,10,3.667503,0.000457
4,4,9,1,0|1|2|0,0|0|5|1,0,10,3.620932,0.000587,10,3.621199,0.000646
4,4,9,1,0|1|2|1,0|0|5|0,0,10,3.575941,0.000423,10,3.576019,0.000329
4,4,9,1,0|1|2|0,0|0|6|0,0,10,3.371920,0.000351,10,3.371973,0.000341
4,4,9,1,0|1|3|0,0|0|0|5,0,10,3.809357,0.001208,10,3.809354,0.000628
4,4,9,1,0|1|3|1,0|0|0|4,0,10,3.812011,0.000827,10,3.811631,0.000782
4,4,9,1,0|1|3|2,0|0|0|3,0,10,3.806501,0.000903,10,3.806667,0.001049
4,4,9,1,0|1|3|3,0|0|0|2,0,10,3.800109,0.000973,10,3.800052,0.000655
4,4,9,1,0|1|3|4,0|0|0|1,0,10,3.791512,0.001132,10,3.792095,0.000993
4,4,9,1,0|1|3|5,0|0|0|0,0,10,3.776412,0.000603,10,3.776516,0.000810
4,4,9,1,0|1|3|0,0|0|1|4,0,10,3.793276,0.000910,10,3.792910,0.000750
4,4,9,1,0|1|3|1,0|0|1|3,0,10,3.794982,0.001052,10,3.794576,0.000742
4,4,9,1,0|1|3|2,0|0|1|2,0,10,3.786711,0.000536,10,3.786932,0.001168
4,4,9,1,0|1|3|3,0|0|1|1,0,10,3.775937,0.000705,10,3.775707,0.000762
4,4,9,1,0|1|3|4,0|0|1|0,0,10,3.754591,0.001033,10,3.754798,0.000755
4,4,9,1,0|1|3|0,0|0|2|3,0,10,3.763172,0.000730,10,3.763438,0.000648
4,4,9,1,0|1|3|1,0|0|2|2,0,10,3.763149,0.000567,10,3.762958,0.000792
4,4,9,1,0|1|3|2,0|0|2|1,0,10,3.747905,0.000723,10,3.747857,0.000710
4,4,9,1,0|1|3|3,0|0|2|0,0,10,3.719096,0.000706,10,3.719156,0.000636
4,4,9,1,0|1|3|0,0|0|3|2,0,10,3.714134,0.000826,10,3.713912,0.000228
4,4,9,1,0|1|3|1,0|0|3|1,0,10,3.705248,0.000692,10,3.705162,0.000616
4,4,9,1,0|1|3|2,0|0|3|0,0,10,3.665081,0.000375,10,3.664845,0.000653
4,4,9,1,0|1|3|0,0|0|4|1,0,10,3.620442,0.000482,10,3.620584,0.000700
4,4,9,1,0|1|3|1,0|0|4|0,0,10,3.575230,0.000543,10,3.575026,0.000351
4,4,9,1,0|1|3|0,0|0|5|0,0,10,3.372859,0.000492,10,3.372831,0.000471
4,4,9,1,0|1|4|0,0|0|0|4,0,10,3.791537,0.000749,10,3.791293,0.000654
4,4,9,1,0|1|4|1,0|0|0|3,0,10,3.793818,0.000655,10,3.793465,0.000595
4,4,9,1,0|1|4|2,0|0|0|2,0,10,3.785344,0.000657,10,3.785160,0.000408
4,4,9,1,0|1|4|3,0|0|0|1,0,10,3.773545,0.000786,10,3.773415,0.000518
4,4,9,1,0|1|4|4,0|0|0|0,0,10,3.751537,0.000852,10,3.751478,0.000681
4,4,9,1,0|1|4|0,0|0|1|3,0,10,3.762509,0.000453,10,3.762474,0.000830
4,4,9,1,0|1|4|1,0|0|1|2,0,10,3.762604,0.000625,10,3.762291,0.000679
4,4,9,1,0|1|4|2,0|0|1|1,0,10,3.746682,0.000520,10,3.746820,0.000660
4,4,9,1,0|1|4|3,0|0|1|0,0,10,3.717217,0.000884,10,3.717027,0.000712
4,4,9,1,0|1|4|0,0|0|2|2,0,10,3.713216,0.000712,10,3.713249,0.000672
4,4,9,1,0|1|4|1,0|0|2|1,0,10,3.704857,0.000464,10,3.704953,0.000712
4,4,9,1,0|1|4|2,0|0|2|0,0,10,3.664169,0.000775,10,3.663606,0.000266
4,4,9,1,0|1|4|0,0|0|3|1,0,10,3.620219,0.000314,10,3.620350,0.000584
4,4,9,1,0|1|4|1,0|0|3|0,0,10,3.574736,0.000665,10,3.574908,0.000460
4,4,9,1,0|1|4|0,0|0|4|0,0,10,3.373379,0.000452,10,3.373127,0.000229
4,4,9,1,0|1|5|0,0|0|0|3,0,10,3.761589,0.000647,10,3.761805,0.000951
4,4,9,1,0|1|5|1,0|0|0|2,0,10,3.762060,0.000701,10,3.761756,0.000666
4,4,9,1,0|1|5|2,0|0|0|1,0,10,3.746585,0.000563,10,3.746518,0.000695
4,4,9,1,0|1|5|3,0|0|0|0,0,10,3.715785,0.000462,10,3.715810,0.000458
4,4,9,1,0|1|5|0,0|0|1|2,0,10,3.712731,0.000592,10,3.712607,0.000260
4,4,9,1,0|1|5|1,0|0|1|1,0,10,3.704644,0.000438,10,3.704630,0.000696
4,4,9,1,0|1|5|2,0|0|1|0,0,10,3.663661,0.000439,10,3.663113,0.000499
4,4,9,1,0|1|5|0,0|0|2|1,0,10,3.619843,0.000355,10,3.619719,0.000360
4,4,9,1,0|1|5|1,0|0|2|0,0,10,3.574679,0.000490,10,3.574757,0.000711
4,4,9,1,0|1|5|0,0|0|3|0,0,10,3.373212,0.000394,10,3.373428,0.000541
4,4,9,1,0|1|6|0,0|0|0|2,0,10,3.712217,0.000451,10,3.713023,0.000411
4,4,9,1,0|1|6|1,0|0|0|1,0,10,3.704626,0.000434,10,3.704643,0.000513
4,4,9,1,0|1|6|2,0|0|0|0,0,10,3.662864,0.000487,10,3.663174,0.000681
4,4,9,1,0|1|6|0,0|0|1|1,0,10,3.619938,0.000436,10,3.619812,0.000301
4,4,9,1,0|1|6|1,0|0|1|0,0,10,3.574491,0.000512,10,3.574491,0.000447
4,4,9,1,0|1|6|0,0|0|2|0,0,10,3.373413,0.000285,10,3.373334,0.000171
4,4,9,1,0|1|7|0,0|0|0|1,0,10,3.620088,0.000668,10,3.619823,0.000388
4,4,9,1,0|1|7|1,0|0|0|0,0,10,3.574587,0.000403,10,3.574812,0.000413
4,4,9,1,0|1|7|0,0|0|1|0,0,10,3.373457,0.000302,10,3.373447,0.000437
4,4,9,1,0|1|8|0,0|0|0|0,0,10,3.373578,0.000403,10,3.373369,0.000343
4,4,9,1,0|1|0|0,0|1|0|7,0,10,3.663654,0.000341,10,3.663722,0.000482
4,4,9,1,0|1|0|1,0|1|0|6,0,10,3.664990,0.000556,10,3.664721,0.000334
4,4,9,1,0|1|0|2,0|1|0|5,0,10,3.664273,0.000528,10,3.664064,0.000464
4,4,9,1,0|1|0|3,0|1|0|4,0,10,3.663221,0.000327,10,3.663382,0.000288
4,4,9,1,0|1|0|4,0|1|0|3,0,10,3.661935,0.000305,10,3.662206,0.000542
4,4,9,1,0|1|0|5,0|1|0|2,0,10,3.660505,0.000505,10,3.660518,0.000504
4,4,9,1,0|1|0|6,0|1|0|1,0,10,3.658484,0.000464,10,3.658632,0.000278
4,4,9,1,0|1|0|7,0|1|0|0,0,10,3.655848,0.000534,10,3.655904,0.000431
4,4,9,1,0|1|0|0,0|1|1|6,0,10,3.812608,0.000738,10,3.813067,0.000929
4,4,9,1,0|1|0|1,0|1|1|5,0,10,3.814894,0.000571,10,3.814777,0.000715
4,4,9,1,0|1|0|2,0|1|1|4,0,10,3.812469,0.001030,10,3.812603,0.000760
4,4,9,1,0|1|0|3,0|1|1|3,0,10,3.810045,0.000451,10,3.809905,0.000912
4,4,9,1,0|1|0|4,0|1|1|2,0,10,3.806785,0.000861,10,3.807349,0.000899
4,4,9,1,0|1|0|5,0|1|1|1,0,10,3.803021,0.000690,10,3.802779,0.000934
4,4,9,1,0|1|0|6,0|1|1|0,0,10,3.796472,0.000800,10,3.796535,0.000321
4,4,9,1,0|1|0|0,0|1|2|5,0,10,3.818725,0.000804,10,3.817889,0.000688
4,4,9,1,0|1|0|1,0|1|2|4,0,10,3.820668,0.000832,10,3.819998,0.001081
4,4,9,1,0|1|0|2,0|1|2|3,0,10,3.816814,0.000813,10,3.816527,0.000797
4,4,9,1,0|1|0|3,0|1|2|2,0,10,3.812259,0.000992,10,3.812151,0.000922
4,4,9,1,0|1|0|4,0|1|2|1,0,10,3.806355,0.000798,10,3.806236,0.000489
4,4,9,1,0|1|0|5,0|1|2|0,0,10,3.795408,0.000521,10,3.795365,0.000630
4,4,9,1,0|1|0|0,0|1|3|4,0,10,3.802608,0.001015,10,3.802668,0.000464
4,4,9,1,0|1|0|1,0|1|3|3,0,10,3.805409,0.000580,10,3.805382,0.000831
4,4,9,1,0|1|0|2,0|1|3|2,0,10,3.799657,0.000579,10,3.799579,0.000775
4,4,9,1,0|1|0|3,0|1|3|1,0,10,3.790590,0.000796,10,3.790667,0.000469
4,4,9,1,0|1|0|4,0|1|3|0,0,10,3.774165,0.000532,10,3.773940,0.000568
4,4,9,1,0|1|0|0,0|1|4|3,0,10,3.775077,0.000817,10,3.774679,0.000798
4,4,9,1,0|1|0|1,0|1|4|2,0,10,3.776014,0.000707,10,3.775965,0.000738
4,4,9,1,0|1|0|2,0|1|4|1,0,10,3.763999,0.000322,10,3.764025,0.000817
4,4,9,1,0|1|0|3,0|1|4|0,0,10,3.739319,0.000323,10,3.739401,0.000720
4,4,9,1,0|1|0|0,0|1|5|2,0,10,3.726363,0.000468,10,3.726245,0.000375
4,4,9,1,0|1|0|1,0|1|5|1,0,10,3.720512,0.000484,10,3.720733,0.000658
4,4,9,1,0|1|0|2,0|1|5|0,0,10,3.685608,0.000721,10,3.685758,0.000398
4,4,9,1,0|1|0|0,0|1|6|1,0,10,3.631746,0.000518,10,3.631657,0.000223
4,4,9,1,0|1|0|1,0|1|6|0,0,10,3.591939,0.000410,10,3.592180,0.000367
4,4,9,1,0|1|0|0,0|1|7|0,0,10,3.372931,0.000242,10,3.372725,0.000416
4,4,9,1,0|1|1|0,0|1|0|6,0,10,3.795495,0.000525,10,3.795358,0.000834
4,4,9,1,0|1|1|1,0|1|0|5,0,10,3.796266,0.000711,10,3.796386,0.000566
4,4,9,1,0|1|1|2,0|1|0|4,0,10,3.793916,0.000680,10,3.794022,0.000759
4,4,9,1,0|1|1|3,0|1|0|3,0,10,3.790899,0.000487,10,3.790572,0.000920
4,4,9,1,0|1|1|4,0|1|0|2,0,10,3.786809,0.000555,10,3.786548,0.000788
4,4,9,1,0|1|1|5,0|1|0|1,0,10,3.782338,0.000509,10,3.781914,0.000578
4,4,9,1,0|1|1|6,0|1|0|0,0,10,3.774255,0.000796,10,3.774496,0.000722
4,4,9,1,0|1|1|0,0|1|1|5,0,10,3.814607,0.000796,10,3.814527,0.000991
4,4,9,1,0|1|1|1,0|1|1|4,0,10,3.815823,0.000746,10,3.815455,0.000906
4,4,9,1,0|1|1|2,0|1|1|3,0,10,3.811831,0.000883,10,3.811815,0.000809
4,4,9,1,0|1|1|3,0|1|1|2,0,10,3.806845,0.000574,10,3.806829,0.000836
4,4,9,1,0|1|1|4,0|1|1|1,0,10,3.800646,0.000781,10,3.800777,0.000733
4,4,9,1,0|1|1|5,0|1|1|0,0,10,3.789312,0.000792,10,3.789539,0.000679
4,4,9,1,0|1|1|0,0|1|2|4,0,10,3.801003,0.000719,10,3.800946,0.000506
4,4,9,1,0|1|1|1,0|1|2|3,0,10,3.801766,0.000584,10,3.801703,0.000506
4,4,9,1,0|1|1|2,0|1|2|2,0,10,3.795579,0.001136,10,3.795199,0.001036
4,4,9,1,0|1|1|3,0|1|2|1,0,10,3.786268,0.000531,10,3.785881,0.000914
4,4,9,1,0|1|1|4,0|1|2|0,0,10,3.769256,0.000541,10,3.769438,0.000750
4,4,9,1,0|1|1|0,0|1|3|3,0,10,3.772807,0.000763,10,3.772860,0.000990
4,4,9,1,0|1|1|1,0|1|3|2,0,10,3.771777,0.000685,10,3.771513,0.000441
4,4,9,1,0|1|1|2,0|1|3|1,0,10,3.758948,0.000676,10,3.758892,0.000741
4,4,9,1,0|1|1|3,0|1|3|0,0,10,3.733999,0.000494,10,3.734099,0.000590
4,4,9,1,0|1|1|0,0|1|4|2,0,10,3.723787,0.000685,10,3.723903,0.000743
4,4,9,1,0|1|1|1,0|1|4|1,0,10,3.714499,0.000723,10,3.714533,0.000542
4,4,9,1,0|1|1|2,0|1|4|0,0,10,3.679803,0.000608,10,3.679501,0.000449
4,4,9,1,0|1|1|0,0|1|5|1,0,10,3.628926,0.000311,10,3.629030,0.000414
4,4,9,1,0|1|1|1,0|1|5|0,0,10,3.586045,0.000392,10,3.585716,0.000560
4,4,9,1,0|1|1|0,0|1|6|0,0,10,3.377838,0.000488,10,3.378133,0.000272
4,4,9,1,0|1|2|0,0|1|0|5,0,10,3.806171,0.000743,10,3.806388,0.000542
4,4,9,1,0|1|2|1,0|1|0|4,0,10,3.808198,0.000709,10,3.807528,0.001015
4,4,9,1,0|1|2|2,0|1|0|3,0,10,3.802559,0.000724,10,3.803528,0.000881
4,4,9,1,0|1|2|3,0|1|0|2,0,10,3.796933,0.000615,10,3.797392,0.000528
4,4,9,1,0|1|2|4,0|1|0|1,0,10,3.789067,0.000434,10,3.789381,0.000559
4,4,9,1,0|1|2|5,0|1|0|0,0,10,3.775137,0.000566,10,3.775366,0.000739
4,4,9,1,0|1|2|0,0|1|1|4,0,10,3.797110,0.000595,10,3.797308,0.000559
4,4,9,1,0|1|2|1,0|1|1|3,0,10,3.798080,0.000718,10,3.798555,0.001124
4,4,9,1,0|1|2|2,0|1|1|2,0,10,3.790491,0.000587,10,3.790445,0.001070
4,4,9,1,0|1|2|3,0|1|1|1,0,10,3.780279,0.000818,10,3.780188,0.000449
4,4,9,1,0|1|2|4,0|1|1|0,0,10,3.761545,0.000743,10,3.761607,0.000607
4,4,9,1,0|1|2|0,0|1|2|3,0,10,3.769286,0.000679,10,3.769858,0.000310
4,4,9,1,0|1|2|1,0|1|2|2,0,10,3.768240,0.000538,10,3.767811,0.000622
4,4,9,1,0|1|2|2,0|1|2|1,0,10,3.754268,0.000743,10,3.754076,0.000635
4,4,9,1,0|1|2|3,0|1|2|0,0,10,3.727173,0.000688,10,3.727282,0.000818
4,4,9,1,0|1|2|0,0|1|3|2,0,10,3.719803,0.000421,10,3.720602,0.000804
4,4,9,1,0|1|2|1,0|1|3|1,0,10,3.710913,0.000706,10,3.711272,0.000586
4,4,9,1,0|1|2|2,0|1|3|0,0,10,3.673292,0.000487,10,3.673227,0.000484
4,4,9,1,0|1|2|0,0|1|4|1,0,10,3.627168,0.000475,10,3.627090,0.000555
4,4,9,1,0|1|2|1,0|1|4|0,0,10,3.582644,0.000476,10,3.582555,0.000504
4,4,9,1,0|1|2|0,0|1|5|0,0,10,3.380352,0.000477,10,3.380292,0.000329
4,4,9,1,0|1|3|0,0|1|0|4,0,10,3.793039,0.000718,10,3.793232,0.000656
4,4,9,1,0|1|3|1,0|1|0|3,0,10,3.794981,0.000622,10,3.794693,0.000684
4,4,9,1,0|1|3|2,0|1|0|2,0,10,3.786354,0.000621,10,3.786696,0.000782
4,4,9,1,0|1|3|3,0|1|0|1,0,10,3.775144,0.000459,10,3.774767,0.000762
4,4,9,1,0|1|3|4,0|1|0|0,0,10,3.753764,0.000375,10,3.753838,0.000867
4,4,9,1,0|1|3|0,0|1|1|3,0,10,3.767143,0.000743,10,3.767049,0.000819
4,4,9,1,0|1|3|1,0|1|1|2,0,10,3.766300,0.000722,10,3.766411,0.000992
4,4,9,1,0|1|3|2,0|1|1|1,0,10,3.751272,0.000526,10,3.751448,0.000649
4,4,9,1,0|1|3|3,0|1|1|0,0,10,3.722934,0.000424,10,3.722834,0.000731
4,4,9,1,0|1|3|0,0|1|2|2,0,10,3.718553,0.000461,10,3.718471,0.000698
4,4,9,1,0|1|3|1,0|1|2|1,0,10,3.710134,0.000490,10,3.710269,0.000688
4,4,9,1,0|1|3|2,0|1|2|0,0,10,3.670010,0.000468,10,3.670542,0.000481
4,4,9,1,0|1|3|0,0|1|3|1,0,10,3.626459,0.000565,10,3.626514,0.000708
4,4,9,1,0|1|3|1,0|1|3|0,0,10,3.581486,0.000509,10,3.581640,0.000336
4,4,9,1,0|1|3|0,0|1|4|0,0,10,3.381074,0.000185,10,3.380874,0.000339
4,4,9,1,0|1|4|0,0|1|0|3,0,10,3.765439,0.000686,10,3.764697,0.000678
4,4,9,1,0|1|4|1,0|1|0|2,0,10,3.765485,0.000703,10,3.765207,0.000745
4,4,9,1,0|1|4|2,0|1|0|1,0,10,3.749483,0.000642,10,3.750083,0.000879
4,4,9,1,0|1|4|3,0|1|0|0,0,10,3.719965,0.000466,10,3.720112,0.000573
4,4,9,1,0|1|4|0,0|1|1|2,0,10,3.717601,0.000656,10,3.717751,0.000485
4,4,9,1,0|1|4|1,0|1|1|1,0,10,3.709422,0.000791,10,3.709592,0.000545
4,4,9,1,0|1|4|2,0|1|1|0,0,10,3.669060,0.000594,10,3.668752,0.000589
4,4,9,1,0|1|4|0,0|1|2|1,0,10,3.625784,0.000344,10,3.625720,0.000417
4,4,9,1,0|1|4|1,0|1|2|0,0,10,3.581080,0.000404,10,3.581144,0.000700
4,4,9,1,0|1|4|0,0|1|3|0,0,10,3.381396,0.000337,10,3.381219,0.000332
4,4,9,1,0|1|5|0,0|1|0|2,0,10,3.717062,0.000705,10,3.717016,0.000353
4,4,9,1,0|1|5|1,0|1|0|1,0,10,3.709355,0.000550,10,3.709118,0.000551
4,4,9,1,0|1|5|2,0|1|0|0,0,10,3.667947,0.000337,10,3.668422,0.000404
4,4,9,1,0|1|5|0,0|1|1|1,0,10,3.625495,0.000501,10,3.625592,0.000507
4,4,9,1,0|1|5|1,0|1|1|0,0,10,3.580884,0.000446,10,3.580877,0.000441
4,4,9,1,0|1|5|0,0|1|2|0,0,10,3.381313,0.000282,10,3.381673,0.000420
4,4,9,1,0|1|6|0,0|1|0|1,0,10,3.625138,0.000526,10,3.625670,0.000413
4,4,9,1,0|1|6|1,0|1|0|0,0,10,3.580828,0.000438,10,3.580583,0.000469
4,4,9,1,0|1|6|0,0|1|1|0,0,10,3.381394,0.000322,10,3.381256,0.000324
4,4,9,1,0|1|7|0,0|1|0|0,0,10,3.381589,0.000448,10,3.381104,0.000302
4,4,9,1,0|1|0|0,0|2|0|6,0,10,3.658261,0.000434,10,3.658089,0.000373
4,4,9,1,0|1|0|1,0|2|0|5,0,10,3.659812,0.000378,10,3.659734,0.000406
4,4,9,1,0|1|0|2,0|2|0|4,0,10,3.658454,0.000445,10,3.658821,0.000609
4,4,9,1,0|1|0|3,0|2|0|3,0,10,3.656954,0.000506,10,3.657011,0.000410
4,4,9,1,0|1|0|4,0|2|0|2,0,10,3.654732,0.000396,10,3.654553,0.000412
4,4,9,1,0|1|0|5,0|2|0|1,0,10,3.651713,0.000418,10,3.651681,0.000524
4,4,9,1,0|1|0|6,0|2|0|0,0,10,3.647279,0.000580,10,3.647358,0.000262
4,4,9,1,0|1|0|0,0|2|1|5,0,10,3.799543,0.000668,10,3.799307,0.001032
4,4,9,1,0|1|0|1,0|2|1|4,0,10,3.801320,0.000750,10,3.801829,0.001138
4,4,9,1,0|1|0|2,0|2|1|3,0,10,3.798220,0.000858,10,3.798439,0.000707
4,4,9,1,0|1|0|3,0|2|1|2,0,10,3.794069,0.000747,10,3.794276,0.000865
4,4,9,1,0|1|0|4,0|2|1|1,0,10,3.788521,0.000896,10,3.788583,0.000706
4,4,9,1,0|1|0|5,0|2|1|0,0,10,3.777605,0.000449,10,3.778134,0.000760
4,4,9,1,0|1|0|0,0|2|2|4,0,10,3.798825,0.000721,10,3.798513,0.000916
4,4,9,1,0|1|0|1,0|2|2|3,0,10,3.801256,0.000892,10,3.801329,0.000869
4,4,9,1,0|1|0|2,0|2|2|2,0,10,3.795195,0.000652,10,3.795031,0.000852
4,4,9,1,0|1|0|3,0|2|2|1,0,10,3.786360,0.000732,10,3.786514,0.000857
4,4,9,1,0|1|0|4,0|2|2|0,0,10,3.770422,0.000927,10,3.770370,0.000553
4,4,9,1,0|1|0|0,0|2|3|3,0,10,3.773706,0.000683,10,3.773736,0.000647
4,4,9,1,0|1|0|1,0|2|3|2,0,10,3.774648,0.000595,10,3.774562,0.000821
4,4,9,1,0|1|0|2,0|2|3|1,0,10,3.762431,0.000649,10,3.762477,0.000666
4,4,9,1,0|1|0|3,0|2|3|0,0,10,3.738274,0.000550,10,3.738322,0.000594
4,4,9,1,0|1|0|0,0|2|4|2,0,10,3.726041,0.000551,10,3.726286,0.000574
4,4,9,1,0|1|0|1,0|2|4|1,0,10,3.720180,0.000913,10,3.720013,0.000519
4,4,9,1,0|1|0|2,0|2|4|0,0,10,3.685501,0.000728,10,3.685094,0.000576
4,4,9,1,0|1|0|0,0|2|5|1,0,10,3.631741,0.000614,10,3.631639,0.000346
4,4,9,1,0|1|0|1,0|2|5|0,0,10,3.591803,0.000499,10,3.592189,0.000333
4,4,9,1,0|1|0|0,0|2|6|0,0,10,3.373221,0.000311,10,3.373098,0.000358
4,4,9,1,0|1|1|0,0|2|0|5,0,10,3.781605,0.000879,10,3.781387,0.000585
4,4,9,1,0|1|1|1,0|2|0|4,0,10,3.782663,0.000749,10,3.782515,0.000665
4,4,9,1,0|1|1|2,0|2|0|3,0,10,3.778641,0.000527,10,3.778604,0.000646
4,4,9,1,0|1|1|3,0|2|0|2,0,10,3.773058,0.000775,10,3.773248,0.000881
4,4,9,1,0|1|1|4,0|2|0|1,0,10,3.766035,0.000546,10,3.765802,0.000792
4,4,9,1,0|1|1|5,0|2|0|0,0,10,3.753765,0.000509,10,3.754237,0.000504
4,4,9,1,0|1|1|0,0|2|1|4,0,10,3.794940,0.000784,10,3.795568,0.000362
4,4,9,1,0|1|1|1,0|2|1|3,0,10,3.795605,0.000965,10,3.795917,0.000735
4,4,9,1,0|1|1|2,0|2|1|2,0,10,3.788720,0.000611,10,3.788886,0.000895
4,4,9,1,0|1|1|3,0|2|1|1,0,10,3.779729,0.000822,10,3.780418,0.000637
4,4,9,1,0|1|1|4,0|2|1|0,0,10,3.762727,0.000684,10,3.763143,0.000738
4,4,9,1,0|1|1|0,0|2|2|3,0,10,3.771061,0.000707,10,3.771384,0.000437
4,4,9,1,0|1|1|1,0|2|2|2,0,10,3.769688,0.000854,10,3.769987,0.000600
4,4,9,1,0|1|1|2,0|2|2|1,0,10,3.757573,0.000765,10,3.757200,0.000486
4,4,9,1,0|1|1|3,0|2|2|0,0,10,3.732457,0.000561,10,3.732401,0.000861
4,4,9,1,0|1|1|0,0|2|3|2,0,10,3.723269,0.000843,10,3.723507,0.000536
4,4,9,1,0|1|1|1,0|2|3|1,0,10,3.714267,0.000452,10,3.713848,0.000618
4,4,9,1,0|1|1|2,0|2|3|0,0,10,3.679275,0.000680,10,3.678796,0.000468
4,4,9,1,0|1|1|0,0|2|4|1,0,10,3.629049,0.000400,10,3.629240,0.000510
4,4,9,1,0|1|1|1,0|2|4|0,0,10,3.585963,0.000622,10,3.586147,0.000408
4,4,9,1,0|1|1|0,0|2|5|0,0,10,3.378269,0.000413,10,3.378437,0.000429
4,4,9,1,0|1|2|0,0|2|0|4,0,10,3.786178,0.000990,10,3.785820,0.000798
4,4,9,1,0|1|2|1,0|2|0|3,0,10,3.786532,0.000728,10,3.786985,0.000584
4,4,9,1,0|1|2|2,0|2|0|2,0,10,3.778545,0.000774,10,3.778393,0.000868
4,4,9,1,0|1|2|3,0|2|0|1,0,10,3.767675,0.000726,10,3.767591,0.000436
4,4,9,1,0|1|2|4,0|2|0|0,0,10,3.747100,0.000906,10,3.748038,0.000607
4,4,9,1,0|1|2|0,0|2|1|3,0,10,3.766982,0.000677,10,3.767222,0.000817
4,4,9,1,0|1|2|1,0|2|1|2,0,10,3.765328,0.000897,10,3.765534,0.000821
4,4,9,1,0|1|2|2,0|2|1|1,0,10,3.751049,0.000953,10,3.750812,0.000537
4,4,9,1,0|1|2|3,0|2|1|0,0,10,3.723854,0.000784,10,3.723960,0.000547
4,4,9,1,0|1|2|0,0|2|2|2,0,10,3.719792,0.000525,10,3.719544,0.000738
4,4,9,1,0|1|2|1,0|2|2|1,0,10,3.710541,0.000622,10,3.710848,0.000441
4,4,9,1,0|1|2|2,0|2|2|0,0,10,3.672224,0.000783,10,3.672260,0.000510
4,4,9,1,0|1|2|0,0|2|3|1,0,10,3.627089,0.000357,10,3.626823,0.000735
4,4,9,1,0|1|2|1,0|2|3|0,0,10,3.582753,0.000425,10,3.582740,0.000286
4,4,9,1,0|1|2|0,0|2|4|0,0,10,3.380503,0.000433,10,3.380471,0.000299
4,4,9,1,0|1|3|0,0|2|0|3,0,10,3.762832,0.000691,10,3.762831,0.000517
4,4,9,1,0|1|3|1,0|2|0|2,0,10,3.761920,0.000754,10,3.761937,0.000656
4,4,9,1,0|1|3|2,0|2|0|1,0,10,3.746663,0.000690,10,3.746338,0.000461
4,4,9,1,0|1|3|3,0|2|0|0,0,10,3.716821,0.000650,10,3.716831,0.000518
4,4,9,1,0|1|3|0,0|2|1|2,0,10,3.717983,0.000411,10,3.717811,0.000480
4,4,9,1,0|1|3|1,0|2|1|1,0,10,3.709017,0.000592,10,3.708898,0.000479
4,4,9,1,0|1|3|2,0|2|1|0,0,10,3.668822,0.000533,10,3.668833,0.000369
4,4,9,1,0|1|3|0,0|2|2|1,0,10,3.626091,0.000441,10,3.625903,0.000422
4,4,9,1,0|1|3|1,0|2|2|0,0,10,3.581340,0.000469,10,3.581337,0.000482
4,4,9,1,0|1|3|0,0|2|3|0,0,10,3.381232,0.000275,10,3.381407,0.000481
4,4,9,1,0|1|4|0,0|2|0|2,0,10,3.715812,0.000633,10,3.715608,0.000571
4,4,9,1,0|1|4|1,0|2|0|1,0,10,3.707658,0.000357,10,3.707412,0.000436
4,4,9,1,0|1|4|2,0|2|0|0,0,10,3.666750,0.000488,10,3.666619,0.000402
4,4,9,1,0|1|4|0,0|2|1|1,0,10,3.625370,0.000387,10,3.625383,0.000345
4,4,9,1,0|1|4|1,0|2|1|0,0,10,3.580937,0.000343,10,3.580747,0.000520
4,4,9,1,0|1|4|0,0|2|2|0,0,10,3.381422,0.000358,10,3.381507,0.000347
4,4,9,1,0|1|5|0,0|2|0|1,0,10,3.624529,0.000319,10,3.624904,0.000338
4,4,9,1,0|1|5|1,0|2|0|0,0,10,3.580164,0.000455,10,3.580133,0.000437
4,4,9,1,0|1|5|0,0|2|1|0,0,10,3.381458,0.000462,10,3.381364,0.000514
4,4,9,1,0|1|6|0,0|2|0|0,0,10,3.381110,0.000361,10,3.381524,0.000371
4,4,9,1,0|1|0|0,0|3|0|5,0,10,3.649051,0.000548,10,3.649058,0.000381
4,4,9,1,0|1|0|1,0|3|0|4,0,10,3.651209,0.000309,10,3.650961,0.000654
4,4,9,1,0|1|0|2,0|3|0|3,0,10,3.649117,0.000417,10,3.649109,0.000280
4,4,9,1,0|1|0|3,0|3|0|2,0,10,3.645903,0.000527,10,3.646098,0.000429
4,4,9,1,0|1|0|4,0|3|0|1,0,10,3.641348,0.000386,10,3.641505,0.000524
4,4,9,1,0|1|0|5,0|3|0|0,0,10,3.633889,0.000554,10,3.633978,0.000415
4,4,9,1,0|1|0|0,0|3|1|4,0,10,3.779638,0.000423,10,3.779835,0.000742
4,4,9,1,0|1|0|1,0|3|1|3,0,10,3.781617,0.000559,10,3.781863,0.000725
4,4,9,1,0|1|0|2,0|3|1|2,0,10,3.776064,0.000686,10,3.776273,0.001110
4,4,9,1,0|1|0|3,0|3|1|1,0,10,3.767769,0.000673,10,3.767713,0.001024
4,4,9,1,0|1|0|4,0|3|1|0,0,10,3.751679,0.000679,10,3.751787,0.000421
4,4,9,1,0|1|0|0,0|3|2|3,0,10,3.768993,0.000784,10,3.769117,0.000639
4,4,9,1,0|1|0|1,0|3|2|2,0,10,3.769947,0.000788,10,3.770242,0.000550
4,4,9,1,0|1|0|2,0|3|2|1,0,10,3.757222,0.000521,10,3.757728,0.000757
4,4,9,1,0|1|0|3,0|3|2|0,0,10,3.733542,0.000683,10,3.733859,0.000657
4,4,9,1,0|1|0|0,0|3|3|2,0,10,3.724396,0.000679,10,3.724548,0.000406
4,4,9,1,0|1|0|1,0|3|3|1,0,10,3.718282,0.000538,10,3.718289,0.000682
4,4,9,1,0|1|0|2,0|3|3|0,0,10,3.684059,0.000664,10,3.683527,0.000615
4,4,9,1,0|1|0|0,0|3|4|1,0,10,3.630842,0.000308,10,3.630969,0.000475
4,4,9,1,0|1|0|1,0|3|4|0,0,10,3.591416,0.000408,10,3.591647,0.000544
4,4,9,1,0|1|0|0,0|3|5|0,0,10,3.372709,0.000550,10,3.372632,0.000632
4,4,9,1,0|1|1|0,0|3|0|4,0,10,3.761144,0.000429,10,3.760862,0.000668
4,4,9,1,0|1|1|1,0|3|0|3,0,10,3.760915,0.000808,10,3.761001,0.000802
4,4,9,1,0|1|1|2,0|3|0|2,0,10,3.754258,0.000786,10,3.753932,0.000704
4,4,9,1,0|1|1|3,0|3|0|1,0,10,3.744767,0.000657,10,3.744423,0.000667
4,4,9,1,0|1|1|4,0|3|0|0,0,10,3.725984,0.000741,10,3.726262,0.000596
4,4,9,1,0|1|1|0,0|3|1|3,0,10,3.764879,0.000448,10,3.764764,0.000441
4,4,9,1,0|1|1|1,0|3|1|2,0,10,3.762528,0.000789,10,3.762288,0.000732
4,4,9,1,0|1|1|2,0|3|1|1,0,10,3.749928,0.000838,10,3.749706,0.001028
4,4,9,1,0|1|1|3,0|3|1|0,0,10,3.725225,0.000601,10,3.725199,0.000677
4,4,9,1,0|1|1|0,0|3|2|2,0,10,3.720985,0.000560,10,3.721364,0.000481
4,4,9,1,0|1|1|1,0|3|2|1,0,10,3.711869,0.000377,10,3.711920,0.000798
4,4,9,1,0|1|1|2,0|3|2|0,0,10,3.676498,0.000679,10,3.676581,0.000675
4,4,9,1,0|1|1|0,0|3|3|1,0,10,3.628322,0.000337,10,3.628328,0.000366
4,4,9,1,0|1|1|1,0|3|3|0,0,10,3.585363,0.000408,10,3.585182,0.000379
4,4,9,1,0|1|1|0,0|3|4|0,0,10,3.378133,0.000421,10,3.378015,0.000286
4,4,9,1,0|1|2|0,0|3|0|3,0,10,3.754747,0.000523,10,3.754417,0.000679
4,4,9,1,0|1|2|1,0|3|0|2,0,10,3.752452,0.001004,10,3.752579,0.000954
4,4,9,1,0|1|2|2,0|3|0|1,0,10,3.737812,0.000760,10,3.737898,0.000618
4,4,9,1,0|1|2|3,0|3|0|0,0,10,3.708876,0.000589,10,3.708671,0.000609
4,4,9,1,0|1|2|0,0|3|1|2,0,10,3.716625,0.000616,10,3.716883,0.000423
4,4,9,1,0|1|2|1,0|3|1|1,0,10,3.706648,0.000547,10,3.706783,0.000556
4,4,9,1,0|1|2|2,0|3|1|0,0,10,3.668747,0.000660,10,3.668711,0.000471
4,4,9,1,0|1|2|0,0|3|2|1,0,10,3.625908,0.000311,10,3.626159,0.000454
4,4,9,1,0|1|2|1,0|3|2|0,0,10,3.581380,0.000444,10,3.581293,0.000350
4,4,9,1,0|1|2|0,0|3|3|0,0,10,3.379869,0.000437,10,3.379985,0.000319
4,4,9,1,0|1|3|0,0|3|0|2,0,10,3.712190,0.000609,10,3.712350,0.000539
4,4,9,1,0|1|3|1,0|3|0|1,0,10,3.703373,0.000591,10,3.703369,0.000475
4,4,9,1,0|1|3|2,0|3|0|0,0,10,3.662413,0.000518,10,3.662598,0.000406
4,4,9,1,0|1|3|0,0|3|1|1,0,10,3.624752,0.000372,10,3.624581,0.000377
4,4,9,1,0|1|3|1,0|3|1|0,0,10,3.579695,0.000291,10,3.579575,0.000305
4,4,9,1,0|1|3|0,0|3|2|0,0,10,3.380605,0.000356,10,3.380629,0.000220
4,4,9,1,0|1|4|0,0|3|0|1,0,10,3.622819,0.000516,10,3.622961,0.000453
4,4,9,1,0|1|4|1,0|3|0|0,0,10,3.577917,0.000491,10,3.577671,0.000546
4,4,9,1,0|1|4|0,0|3|1|0,0,10,3.380793,0.000404,10,3.380834,0.000384
4,4,9,1,0|1|5|0,0|3|0|0,0,10,3.380230,0.000290,10,3.380325,0.000463
4,4,9,1,0|1|0|0,0|4|0|4,0,10,3.634663,0.000343,10,3.634571,0.000411
4,4,9,1,0|1|0|1,0|4|0|3,0,10,3.636603,0.000416,10,3.636705,0.000549
4,4,9,1,0|1|0|2,0|4|0|2,0,10,3.632294,0.000560,10,3.632304,0.000442
4,4,9,1,0|1|0|3,0|4|0|1,0,10,3.625534,0.000285,10,3.625671,0.000443
4,4,9,1,0|1|0|4,0|4|0|0,0,10,3.612905,0.000332,10,3.613345,0.000612
4,4,9,1,0|1|0|0,0|4|1|3,0,10,3.749161,0.000625,10,3.749254,0.000840
4,4,9,1,0|1|0|1,0|4|1|2,0,10,3.749311,0.000618,10,3.749260,0.000723
4,4,9,1,0|1|0|2,0|4|1|1,0,10,3.737597,0.000711,10,3.737502,0.000684
4,4,9,1,0|1|0|3,0|4|1|0,0,10,3.713849,0.000695,10,3.714499,0.000290
4,4,9,1,0|1|0|0,0|4|2|2,0,10,3.718870,0.000407,10,3.718938,0.000341
4,4,9,1,0|1|0|1,0|4|2|1,0,10,3.712100,0.000679,10,3.712660,0.000592
4,4,9,1,0|1|0|2,0|4|2|0,0,10,3.678016,0.000620,10,3.678008,0.000414
4,4,9,1,0|1|0|0,0|4|3|1,0,10,3.628900,0.000549,10,3.628865,0.000395
4,4,9,1,0|1|0|1,0|4|3|0,0,10,3.589032,0.000321,10,3.588945,0.000604
4,4,9,1,0|1|0|0,0|4|4|0,0,10,3.371988,0.000279,10,3.371710,0.000354
4,4,9,1,0|1|1|0,0|4|0|3,0,10,3.729270,0.000727,10,3.728959,0.000429
4,4,9,1,0|1|1|1,0|4|0|2,0,10,3.726545,0.000614,10,3.726669,0.000528
4,4,9,1,0|1|1|2,0|4|0|1,0,10,3.712790,0.000460,10,3.712907,0.000581
4,4,9,1,0|1|1|3,0|4|0|0,0,10,3.686355,0.000394,10,3.686236,0.000481
4,4,9,1,0|1|1|0,0|4|1|2,0,10,3.713292,0.000819,10,3.713684,0.000667
4,4,9,1,0|1|1|1,0|4|1|1,0,10,3.703258,0.000513,10,3.703214,0.000516
4,4,9,1,0|1|1|2,0|4|1|0,0,10,3.667812,0.000536,10,3.667640,0.000614
4,4,9,1,0|1|1|0,0|4|2|1,0,10,3.625601,0.000495,10,3.625862,0.000610
4,4,9,1,0|1|1|1,0|4|2|0,0,10,3.582187,0.000547,10,3.582346,0.000358
4,4,9,1,0|1|1|0,0|4|3|0,0,10,3.376955,0.000272,10,3.376898,0.000336
4,4,9,1,0|1|2|0,0|4|0|2,0,10,3.702912,0.000788,10,3.703027,0.000708
4,4,9,1,0|1|2|1,0|4|0|1,0,10,3.692455,0.000422,10,3.692506,0.000505
4,4,9,1,0|1|2|2,0|4|0|0,0,10,3.652222,0.000474,10,3.651951,0.000449
4,4,9,1,0|1|2|0,0|4|1|1,0,10,3.621943,0.000685,10,3.621946,0.000317
4,4,9,1,0|1|2|1,0|4|1|0,0,10,3.576762,0.000519,10,3.577128,0.000487
4,4,9,1,0|1|2|0,0|4|2|0,0,10,3.378469,0.000239,10,3.378516,0.000243
4,4,9,1,0|1|3|0,0|4|0|1,0,10,3.618157,0.000324,10,3.618446,0.000385
4,4,9,1,0|1|3|1,0|4|0|0,0,10,3.572310,0.000290,10,3.572612,0.000383
4,4,9,1,0|1|3|0,0|4|1|0,0,10,3.378463,0.000582,10,3.378378,0.000228
4,4,9,1,0|1|4|0,0|4|0|0,0,10,3.377449,0.000333,10,3.377216,0.000378
4,4,9,1,0|1|0|0,0|5|0|3,0,10,3.608885,0.000578,10,3.609150,0.000485
4,4,9,1,0|1|0|1,0|5|0|2,0,10,3.609371,0.000303,10,3.609378,0.000435
4,4,9,1,0|1|0|2,0|5|0|1,0,10,3.599687,0.000416,10,3.599723,0.000407
4,4,9,1,0|1|0|3,0|5|0|0,0,10,3.579993,0.000579,10,3.579603,0.000399
4,4,9,1,0|1|0|0,0|5|1|2,0,10,3.697269,0.000670,10,3.697008,0.000644
4,4,9,1,0|1|0|1,0|5|1|1,0,10,3.689549,0.000847,10,3.689590,0.000572
4,4,9,1,0|1|0|2,0|5|1|0,0,10,3.655454,0.000549,10,3.655576,0.000875
4,4,9,1,0|1|0|0,0|5|2|1,0,10,3.621776,0.000577,10,3.621709,0.000555
4,4,9,1,0|1|0|1,0|5|2|0,0,10,3.581532,0.000460,10,3.581533,0.000382
4,4,9,1,0|1|0|0,0|5|3|0,0,10,3.368669,0.000365,10,3.368920,0.000381
4,4,9,1,0|1|1|0,0|5|0|2,0,10,3.675372,0.000379,10,3.675457,0.000654
4,4,9,1,0|1|1|1,0|5|0|1,0,10,3.663680,0.000546,10,3.663588,0.000594
4,4,9,1,0|1|1|2,0|5|0|0,0,10,3.625613,0.000486,10,3.625970,0.000619
4,4,9,1,0|1|1|0,0|5|1|1,0,10,3.615471,0.000349,10,3.615629,0.000596
4,4,9,1,0|1|1|1,0|5|1|0,0,10,3.571413,0.000495,10,3.571313,0.000432
4,4,9,1,0|1|1|0,0|5|2|0,0,10,3.373185,0.000487,10,3.373165,0.000378
4,4,9,1,0|1|2|0,0|5|0|1,0,10,3.606090,0.000617,10,3.606064,0.000489
4,4,9,1,0|1|2|1,0|5|0|0,0,10,3.558521,0.000707,10,3.558656,0.000434
4,4,9,1,0|1|2|0,0|5|1|0,0,10,3.372969,0.000360,10,3.372919,0.000309
4,4,9,1,0|1|3|0,0|5|0|0,0,10,3.370060,0.000599,10,3.370042,0.000467
4,4,9,1,0|1|0|0,0|6|0|2,0,10,3.561189,0.000426,10,3.560557,0.000607
4,4,9,1,0|1|0|1,0|6|0|1,0,10,3.554155,0.000513,10,3.553995,0.000343
4,4,9,1,0|1|0|2,0|6|0|0,0,10,3.522299,0.000481,10,3.522252,0.000543
4,4,9,1,0|1|0|0,0|6|1|1,0,10,3.594376,0.000494,10,3.594701,0.000463
4,4,9,1,0|1|0|1,0|6|1|0,0,10,3.553265,0.000434,10,3.553127,0.000519
4,4,9,1,0|1|0|0,0|6|2|0,0,10,3.358098,0.000414,10,3.358353,0.000529
4,4,9,1,0|1|1|0,0|6|0|1,0,10,3.572246,0.000592,10,3.571982,0.000595
4,4,9,1,0|1|1|1,0|6|0|0,0,10,3.522741,0.000592,10,3.523125,0.000824
4,4,9,1,0|1|1|0,0|6|1|0,0,10,3.359547,0.000501,10,3.359169,0.000495
4,4,9,1,0|1|2|0,0|6|0|0,0,10,3.351179,0.000645,10,3.351500,0.000411
4,4,9,1,0|1|0|0,0|7|0|1,0,10,3.455068,0.000640,10,3.455323,0.000399
4,4,9,1,0|1|0|1,0|7|0|0,0,10,3.411261,0.000450,10,3.411270,0.000630
4,4,9,1,0|1|0|0,0|7|1|0,0,10,3.319023,0.000351,10,3.318732,0.000415
4,4,9,1,0|1|1|0,0|7|0|0,0,10,3.299976,0.000700,10,3.299786,0.000665
4,4,9,1,0|1|0|0,0|8|0|0,0,10,3.124732,0.000521,10,3.125091,0.000707
4,4,9,1,0|2|0|0,0|0|0|7,0,10,3.664393,0.000512,10,3.664362,0.000467
4,4,9,1,0|2|0|1,0|0|0|6,0,10,3.665806,0.000513,10,3.665505,0.000343
4,4,9,1,0|2|0|2,0|0|0|5,0,10,3.664687,0.000318,10,3.664751,0.000234
4,4,9,1,0|2|0|3,0|0|0|4,0,10,3.663933,0.000433,10,3.663732,0.000591
4,4,9,1,0|2|0|4,0|0|0|3,0,10,3.662325,0.000507,10,3.662409,0.000345
4,4,9,1,0|2|0|5,0|0|0|2,0,10,3.660771,0.000351,10,3.660873,0.000387
4,4,9,1,0|2|0|6,0|0|0|1,0,10,3.659086,0.000332,10,3.659194,0.000277
4,4,9,1,0|2|0|7,0|0|0|0,0,10,3.655939,0.000553,10,3.656191,0.000405
4,4,9,1,0|2|0|0,0|0|1|6,0,10,3.812079,0.000950,10,3.812096,0.000829
4,4,9,1,0|2|0|1,0|0|1|5,0,10,3.814035,0.000869,10,3.814361,0.000751
4,4,9,1,0|2|0|2,0|0|1|4,0,10,3.811647,0.000393,10,3.811974,0.001164
4,4,9,1,0|2|0|3,0|0|1|3,0,10,3.809054,0.001342,10,3.809047,0.000506
4,4,9,1,0|2|0|4,0|0|1|2,0,10,3.806155,0.000875,10,3.806350,0.000748
4,4,9,1,0|2|0|5,0|0|1|1,0,10,3.801636,0.000679,10,3.801908,0.000642
4,4,9,1,0|2|0|6,0|0|1|0,0,10,3.795444,0.000790,10,3.794937,0.000530
4,4,9,1,0|2|0|0,0|0|2|5,0,10,3.817020,0.000770,10,3.816758,0.001134
4,4,9,1,0|2|0|1,0|0|2|4,0,10,3.819138,0.000471,10,3.819221,0.000822
4,4,9,1,0|2|0|2,0|0|2|3,0,10,3.815907,0.000624,10,3.815929,0.000848
4,4,9,1,0|2|0|3,0|0|2|2,0,10,3.810782,0.000826,10,3.811323,0.000673
4,4,9,1,0|2|0|4,0|0|2|1,0,10,3.804900,0.000794,10,3.804834,0.000865
4,4,9,1,0|2|0|5,0|0|2|0,0,10,3.794086,0.000817,10,3.793763,0.000654
4,4,9,1,0|2|0|0,0|0|3|4,0,10,3.801496,0.000876,10,3.801684,0.000632
4,4,9,1,0|2|0|1,0|0|3|3,0,10,3.804411,0.000904,10,3.804524,0.000807
4,4,9,1,0|2|0|2,0|0|3|2,0,10,3.798488,0.001058,10,3.798253,0.000662
4,4,9,1,0|2|0|3,0|0|3|1,0,10,3.788891,0.000819,10,3.789052,0.000721
4,4,9,1,0|2|0|4,0|0|3|0,0,10,3.772121,0.000287,10,3.772285,0.000656
4,4,9,1,0|2|0|0,0|0|4|3,0,10,3.773705,0.000683,10,3.773617,0.000834
4,4,9,1,0|2|0|1,0|0|4|2,0,10,3.775158,0.000789,10,3.775072,0.000636
4,4,9,1,0|2|0|2,0|0|4|1,0,10,3.762472,0.000565,10,3.762345,0.000685
4,4,9,1,0|2|0|3,0|0|4|0,0,10,3.737235,0.000534,10,3.737703,0.000905
4,4,9,1,0|2|0|0,0|0|5|2,0,10,3.724904,0.000478,10,3.725329,0.000702
4,4,9,1,0|2|0|1,0|0|5|1,0,10,3.719470,0.000733,10,3.719589,0.000614
4,4,9,1,0|2|0|2,0|0|5|0,0,10,3.684218,0.000663,10,3.684340,0.000687
4,4,9,1,0|2|0|0,0|0|6|1,0,10,3.631037,0.000322,10,3.630823,0.000357
4,4,9,1,0|2|0|1,0|0|6|0,0,10,3.591044,0.000414,10,3.590862,0.000272
4,4,9,1,0|2|0|0,0|0|7|0,0,10,3.372571,0.000373,10,3.372470,0.000374
4,4,9,1,0|2|1|0,0|0|0|6,0,10,3.793990,0.000528,10,3.794079,0.000448
4,4,9,1,0|2|1|1,0|0|0|5,0,10,3.795647,0.001133,10,3.795509,0.000824
4,4,9,1,0|2|1|2,0|0|0|4,0,10,3.792537,0.000872,10,3.792667,0.000729
4,4,9,1,0|2|1|3,0|0|0|3,0,10,3.789083,0.000432,10,3.789450,0.000947
4,4,9,1,0|2|1|4,0|0|0|2,0,10,3.785659,0.000740,10,3.785657,0.001074
4,4,9,1,0|2|1|5,0|0|0|1,0,10,3.780838,0.000972,10,3.780311,0.000750
4,4,9,1,0|2|1|6,0|0|0|0,0,10,3.772321,0.001013,10,3.772419,0.000731
4,4,9,1,0|2|1|0,0|0|1|5,0,10,3.813856,0.001138,10,3.813623,0.000562
4,4,9,1,0|2|1|1,0|0|1|4,0,10,3.815052,0.001148,10,3.814553,0.000695
4,4,9,1,0|2|1|2,0|0|1|3,0,10,3.810823,0.000797,10,3.810937,0.000900
4,4,9,1,0|2|1|3,0|0|1|2,0,10,3.805752,0.000942,10,3.806142,0.000584
4,4,9,1,0|2|1|4,0|0|1|1,0,10,3.799500,0.000464,10,3.799615,0.000988
4,4,9,1,0|2|1|5,0|0|1|0,0,10,3.787587,0.001062,10,3.787777,0.000946
4,4,9,1,0|2|1|0,0|0|2|4,0,10,3.799840,0.000707,10,3.800043,0.000822
4,4,9,1,0|2|1|1,0|0|2|3,0,10,3.800777,0.000779,10,3.800901,0.001031
4,4,9,1,0|2|1|2,0|0|2|2,0,10,3.793979,0.000678,10,3.794256,0.000684
4,4,9,1,0|2|1|3,0|0|2|1,0,10,3.785053,0.000622,10,3.784651,0.000767
4,4,9,1,0|2|1|4,0|0|2|0,0,10,3.767553,0.000567,10,3.767802,0.000666
4,4,9,1,0|2|1|0,0|0|3|3,0,10,3.771985,0.000509,10,3.771875,0.000739
4,4,9,1,0|2|1|1,0|0|3|2,0,10,3.770575,0.000581,10,3.770578,0.000756
4,4,9,1,0|2|1|2,0|0|3|1,0,10,3.757880,0.000996,10,3.757444,0.000671
4,4,9,1,0|2|1|3,0|0|3|0,0,10,3.733111,0.000573,10,3.732342,0.000391
4,4,9,1,0|2|1|0,0|0|4|2,0,10,3.722879,0.000544,10,3.722564,0.000572
4,4,9,1,0|2|1|1,0|0|4|1,0,10,3.713427,0.000356,10,3.713385,0.000546
4,4,9,1,0|2|1|2,0|0|4|0,0,10,3.677848,0.000550,10,3.677727,0.000545
4,4,9,1,0|2|1|0,0|0|5|1,0,10,3.628243,0.000274,10,3.627952,0.000411
4,4,9,1,0|2|1|1,0|0|5|0,0,10,3.584860,0.000377,10,3.584971,0.000548
4,4,9,1,0|2|1|0,0|0|6|0,0,10,3.377849,0.000505,10,3.377922,0.000319
4,4,9,1,0|2|2|0,0|0|0|5,0,10,3.804768,0.000541,10,3.804448,0.000585
4,4,9,1,0|2|2|1,0|0|0|4,0,10,3.805958,0.001049,10,3.806110,0.000964
4,4,9,1,0|2|2|2,0|0|0|3,0,10,3.801291,0.000776,10,3.801655,0.000655
4,4,9,1,0|2|2|3,0|0|0|2,0,10,3.795393,0.000760,10,3.795024,0.000734
4,4,9,1,0|2|2|4,0|0|0|1,0,10,3.786685,0.000656,10,3.786741,0.000757
4,4,9,1,0|2|2|5,0|0|0|0,0,10,3.772662,0.000867,10,3.772277,0.000694
4,4,9,1,0|2|2|0,0|0|1|4,0,10,3.796142,0.000959,10,3.795809,0.000609
4,4,9,1,0|2|2|1,0|0|1|3,0,10,3.797210,0.001213,10,3.796645,0.000851
4,4,9,1,0|2|2|2,0|0|1|2,0,10,3.789030,0.000591,10,3.789356,0.000810
4,4,9,1,0|2|2|3,0|0|1|1,0,10,3.778684,0.000685,10,3.778998,0.000667
4,4,9,1,0|2|2|4,0|0|1|0,0,10,3.759165,0.000848,10,3.759370,0.000867
4,4,9,1,0|2|2|0,0|0|2|3,0,10,3.768302,0.000455,10,3.768280,0.000925
4,4,9,1,0|2|2|1,0|0|2|2,0,10,3.767261,0.000631,10,3.766855,0.000903
4,4,9,1,0|2|2|2,0|0|2|1,0,10,3.752483,0.000484,10,3.753003,0.000769
4,4,9,1,0|2|2|3,0|0|2|0,0,10,3.724929,0.000489,10,3.725446,0.000746
4,4,9,1,0|2|2|0,0|0|3|2,0,10,3.719507,0.000632,10,3.719621,0.000597
4,4,9,1,0|2|2|1,0|0|3|1,0,10,3.709913,0.000393,10,3.710075,0.000693
4,4,9,1,0|2|2|2,0|0|3|0,0,10,3.671494,0.000385,10,3.671507,0.000605
4,4,9,1,0|2|2|0,0|0|4|1,0,10,3.626098,0.000187,10,3.626197,0.000528
4,4,9,1,0|2|2|1,0|0|4|0,0,10,3.581529,0.000417,10,3.581681,0.000422
4,4,9,1,0|2|2|0,0|0|5|0,0,10,3.380063,0.000360,10,3.380006,0.000369
4,4,9,1,0|2|3|0,0|0|0|4,0,10,3.791480,0.000608,10,3.791182,0.000942
4,4,9,1,0|2|3|1,0|0|0|3,0,10,3.793436,0.000958,10,3.793980,0.000643
4,4,9,1,0|2|3|2,0|0|0|2,0,10,3.784676,0.000409,10,3.784719,0.000465
4,4,9,1,0|2|3|3,0|0|0|1,0,10,3.773201,0.000722,10,3.773427,0.000570
4,4,9,1,0|2|3|4,0|0|0|0,0,10,3.750850,0.000668,10,3.750928,0.000606
4,4,9,1,0|2|3|0,0|0|1|3,0,10,3.765394,0.000495,10,3.765807,0.000573
4,4,9,1,0|2|3|1,0|0|1|2,0,10,3.765465,0.000571,10,3.765220,0.000372
4,4,9,1,0|2|3|2,0|0|1|1,0,10,3.750219,0.000652,10,3.750373,0.000730
4,4,9,1,0|2|3|3,0|0|1|0,0,10,3.720332,0.000592,10,3.720390,0.000677
4,4,9,1,0|2|3|0,0|0|2|2,0,10,3.717573,0.000807,10,3.717528,0.000770
4,4,9,1,0|2|3|1,0|0|2|1,0,10,3.709109,0.000518,10,3.709142,0.000616
4,4,9,1,0|2|3|2,0|0|2|0,0,10,3.668290,0.000426,10,3.668022,0.000751
4,4,9,1,0|2|3|0,0|0|3|1,0,10,3.625395,0.000360,10,3.625134,0.000439
4,4,9,1,0|2|3|1,0|0|3|0,0,10,3.580223,0.000530,10,3.580484,0.000336
4,4,9,1,0|2|3|0,0|0|4|0,0,10,3.380997,0.000374,10,3.381071,0.000239
4,4,9,1,0|2|4|0,0|0|0|3,0,10,3.763615,0.000632,10,3.763446,0.000412
4,4,9,1,0|2|4|1,0|0|0|2,0,10,3.764008,0.000595,10,3.763880,0.000498
4,4,9,1,0|2|4|2,0|0|0|1,0,10,3.747872,0.000660,10,3.748157,0.000929
4,4,9,1,0|2|4|3,0|0|0|0,0,10,3.716735,0.000625,10,3.716850,0.000921
4,4,9,1,0|2|4|0,0|0|1|2,0,10,3.716214,0.000654,10,3.716487,0.000523
4,4,9,1,0|2|4|1,0|0|1|1,0,10,3.708184,0.000603,10,3.708498,0.000416
4,4,9,1,0|2|4|2,0|0|1|0,0,10,3.666712,0.000345,10,3.666901,0.000596
4,4,9,1,0|2|4|0,0|0|2|1,0,10,3.624491,0.000422,10,3.625006,0.000688
4,4,9,1,0|2|4|1,0|0|2|0,0,10,3.580005,0.000353,10,3.579911,0.000557
4,4,9,1,0|2|4|0,0|0|3|0,0,10,3.381371,0.000282,10,3.381357,0.000437
4,4,9,1,0|2|5|0,0|0|0|2,0,10,3.715261,0.000708,10,3.715481,0.000726
4,4,9,1,0|2|5|1,0|0|0|1,0,10,3.707833,0.000471,10,3.708071,0.000400
4,4,9,1,0|2|5|2,0|0|0|0,0,10,3.665584,0.000490,10,3.665529,0.000439
4,4,9,1,0|2|5|0,0|0|1|1,0,10,3.624679,0.000380,10,3.624681,0.000418
4,4,9,1,0|2|5|1,0|0|1|0,0,10,3.579820,0.000400,10,3.579814,0.000308
4,4,9,1,0|2|5|0,0|0|2|0,0,10,3.381436,0.000316,10,3.381420,0.000269
4,4,9,1,0|2|6|0,0|0|0|1,0,10,3.624441,0.000420,10,3.624295,0.000535
4,4,9,1,0|2|6|1,0|0|0|0,0,10,3.579291,0.000253,10,3.579008,0.000392
4,4,9,1,0|2|6|0,0|0|1|0,0,10,3.381326,0.000303,10,3.381596,0.000472
4,4,9,1,0|2|7|0,0|0|0|0,0,10,3.381669,0.000405,10,3.381456,0.000253
4,4,9,1,0|2|0|0,0|1|0|6,0,10,3.659165,0.000487,10,3.659285,0.000302
4,4,9,1,0|2|0|1,0|1|0|5,0,10,3.660764,0.000362,10,3.660582,0.000299
4,4,9,1,0|2|0|2,0|1|0|4,0,10,3.659794,0.000395,10,3.659261,0.000441
4,4,9,1,0|2|0|3,0|1|0|3,0,10,3.657630,0.000327,10,3.657918,0.000557
4,4,9,1,0|2|0|4,0|1|0|2,0,10,3.655319,0.000590,10,3.655354,0.000383
4,4,9,1,0|2|0|5,0|1|0|1,0,10,3.652327,0.000629,10,3.652294,0.000500
4,4,9,1,0|2|0|6,0|1|0|0,0,10,3.647576,0.000445,10,3.647714,0.000264
4,4,9,1,0|2|0|0,0|1|1|5,0,10,3.798550,0.001241,10,3.798612,0.000863
4,4,9,1,0|2|0|1,0|1|1|4,0,10,3.800578,0.000585,10,3.801113,0.000885
4,4,9,1,0|2|0|2,0|1|1|3,0,10,3.798026,0.000998,10,3.797829,0.000786
4,4,9,1,0|2|0|3,0|1|1|2,0,10,3.793169,0.000621,10,3.793711,0.000744
4,4,9,1,0|2|0|4,0|1|1|1,0,10,3.787196,0.000828,10,3.787495,0.000836
4,4,9,1,0|2|0|5,0|1|1|0,0,10,3.776923,0.000755,10,3.776607,0.000492
4,4,9,1,0|2|0|0,0|1|2|4,0,10,3.798026,0.000429,10,3.797642,0.000863
4,4,9,1,0|2|0|1,0|1|2|3,0,10,3.800288,0.000872,10,3.799793,0.000926
4,4,9,1,0|2|0|2,0|1|2|2,0,10,3.794094,0.000264,10,3.794458,0.000553
4,4,9,1,0|2|0|3,0|1|2|1,0,10,3.785077,0.000417,10,3.785549,0.000743
4,4,9,1,0|2|0|4,0|1|2|0,0,10,3.769063,0.000682,10,3.768280,0.000458
4,4,9,1,0|2|0|0,0|1|3|3,0,10,3.772695,0.000480,10,3.773141,0.000327
4,4,9,1,0|2|0|1,0|1|3|2,0,10,3.773822,0.000431,10,3.773737,0.000481
4,4,9,1,0|2|0|2,0|1|3|1,0,10,3.761525,0.000809,10,3.761551,0.000501
4,4,9,1,0|2|0|3,0|1|3|0,0,10,3.736794,0.000523,10,3.736857,0.000351
4,4,9,1,0|2|0|0,0|1|4|2,0,10,3.725309,0.000673,10,3.725124,0.000617
4,4,9,1,0|2|0|1,0|1|4|1,0,10,3.719202,0.000597,10,3.719174,0.000592
4,4,9,1,0|2|0|2,0|1|4|0,0,10,3.683838,0.000441,10,3.684139,0.000688
4,4,9,1,0|2|0|0,0|1|5|1,0,10,3.630984,0.000356,10,3.631644,0.000429
4,4,9,1,0|2|0|1,0|1|5|0,0,10,3.591417,0.000274,10,3.591576,0.000631
4,4,9,1,0|2|0|0,0|1|6|0,0,10,3.373449,0.000573,10,3.373480,0.000411
4,4,9,1,0|2|1|0,0|1|0|5,0,10,3.780622,0.000595,10,3.780621,0.000717
4,4,9,1,0|2|1|1,0|1|0|4,0,10,3.781264,0.000542,10,3.781233,0.000607
4,4,9,1,0|2|1|2,0|1|0|3,0,10,3.776692,0.000456,10,3.777272,0.000720
4,4,9,1,0|2|1|3,0|1|0|2,0,10,3.771551,0.000590,10,3.771653,0.000454
4,4,9,1,0|2|1|4,0|1|0|1,0,10,3.765187,0.000479,10,3.764902,0.000433
4,4,9,1,0|2|1|5,0|1|0|0,0,10,3.752155,0.000619,10,3.751634,0.001025
4,4,9,1,0|2|1|0,0|1|1|4,0,10,3.794352,0.000783,10,3.794493,0.000713
4,4,9,1,0|2|1|1,0|1|1|3,0,10,3.794466,0.000828,10,3.794729,0.000621
4,4,9,1,0|2|1|2,0|1|1|2,0,10,3.787941,0.000994,10,3.788341,0.000725
4,4,9,1,0|2|1|3,0|1|1|1,0,10,3.778570,0.000560,10,3.778700,0.000486
4,4,9,1,0|2|1|4,0|1|1|0,0,10,3.761314,0.000544,10,3.761114,0.000659
4,4,9,1,0|2|1|0,0|1|2|3,0,10,3.770469,0.000684,10,3.770815,0.000497
4,4,9,1,0|2|1|1,0|1|2|2,0,10,3.768665,0.000544,10,3.769233,0.000581
4,4,9,1,0|2|1|2,0|1|2|1,0,10,3.756107,0.000469,10,3.756205,0.000464
4,4,9,1,0|2|1|3,0|1|2|0,0,10,3.730438,0.000640,10,3.731164,0.000440
4,4,9,1,0|2|1|0,0|1|3|2,0,10,3.722877,0.000557,10,3.722421,0.000350
4,4,9,1,0|2|1|1,0|1|3|1,0,10,3.713638,0.000607,10,3.713619,0.000727
4,4,9,1,0|2|1|2,0|1|3|0,0,10,3.677983,0.000445,10,3.677818,0.000690
4,4,9,1,0|2|1|0,0|1|4|1,0,10,3.628725,0.000338,10,3.628689,0.000478
4,4,9,1,0|2|1|1,0|1|4|0,0,10,3.585420,0.000527,10,3.585664,0.000292
4,4,9,1,0|2|1|0,0|1|5|0,0,10,3.378698,0.000422,10,3.378706,0.000536
4,4,9,1,0|2|2|0,0|1|0|4,0,10,3.784963,0.000754,10,3.784910,0.000979
4,4,9,1,0|2|2|1,0|1|0|3,0,10,3.785211,0.000679,10,3.785122,0.000982
4,4,9,1,0|2|2|2,0|1|0|2,0,10,3.777318,0.000626,10,3.777217,0.000795
4,4,9,1,0|2|2|3,0|1|0|1,0,10,3.765753,0.000797,10,3.765766,0.000729
4,4,9,1,0|2|2|4,0|1|0|0,0,10,3.744718,0.000799,10,3.745076,0.000537
4,4,9,1,0|2|2|0,0|1|1|3,0,10,3.766314,0.000641,10,3.765751,0.000602
4,4,9,1,0|2|2|1,0|1|1|2,0,10,3.764674,0.000838,10,3.764242,0.000663
4,4,9,1,0|2|2|2,0|1|1|1,0,10,3.749815,0.000641,10,3.750030,0.000629
4,4,9,1,0|2|2|3,0|1|1|0,0,10,3.722048,0.000604,10,3.722273,0.000794
4,4,9,1,0|2|2|0,0|1|2|2,0,10,3.719034,0.000518,10,3.719057,0.000413
4,4,9,1,0|2|2|1,0|1|2|1,0,10,3.709797,0.000513,10,3.709836,0.000602
4,4,9,1,0|2|2|2,0|1|2|0,0,10,3.671196,0.000588,10,3.670982,0.000510
4,4,9,1,0|2|2|0,0|1|3|1,0,10,3.626234,0.000483,10,3.626622,0.000410
4,4,9,1,0|2|2|1,0|1|3|0,0,10,3.581827,0.000312,10,3.581462,0.000396
4,4,9,1,0|2|2|0,0|1|4|0,0,10,3.380843,0.000246,10,3.380696,0.000422
4,4,9,1,0|2|3|0,0|1|0|3,0,10,3.760853,0.000410,10,3.760824,0.000585
4,4,9,1,0|2|3|1,0|1|0|2,0,10,3.760434,0.000446,10,3.760756,0.000621
4,4,9,1,0|2|3|2,0|1|0|1,0,10,3.744955,0.000992,10,3.744946,0.000657
4,4,9,1,0|2|3|3,0|1|0|0,0,10,3.714093,0.000623,10,3.714314,0.000460
4,4,9,1,0|2|3|0,0|1|1|2,0,10,3.716273,0.000370,10,3.716499,0.000672
4,4,9,1,0|2|3|1,0|1|1|1,0,10,3.707982,0.000604,10,3.707860,0.000633
4,4,9,1,0|2|3|2,0|1|1|0,0,10,3.667192,0.000421,10,3.667306,0.000495
4,4,9,1,0|2|3|0,0|1|2|1,0,10,3.625463,0.000322,10,3.625437,0.000424
4,4,9,1,0|2|3|1,0|1|2|0,0,10,3.580302,0.000306,10,3.580366,0.000633
4,4,9,1,0|2|3|0,0|1|3|0,0,10,3.381664,0.000313,10,3.381621,0.000190
4,4,9,1,0|2|4|0,0|1|0|2,0,10,3.714469,0.000343,10,3.714901,0.000397
4,4,9,1,0|2|4|1,0|1|0|1,0,10,3.706505,0.000431,10,3.706686,0.000545
4,4,9,1,0|2|4|2,0|1|0|0,0,10,3.664316,0.000770,10,3.664237,0.000779
4,4,9,1,0|2|4|0,0|1|1|1,0,10,3.625089,0.000357,10,3.624908,0.000302
4,4,9,1,0|2|4|1,0|1|1|0,0,10,3.579811,0.000320,10,3.579765,0.000721
4,4,9,1,0|2|4|0,0|1|2|0,0,10,3.381888,0.000317,10,3.381829,0.000370
4,4,9,1,0|2|5|0,0|1|0|1,0,10,3.623925,0.000402,10,3.624256,0.000341
4,4,9,1,0|2|5|1,0|1|0|0,0,10,3.578900,0.000480,10,3.578959,0.000466
4,4,9,1,0|2|5|0,0|1|1|0,0,10,3.381985,0.000393,10,3.381796,0.000284
4,4,9,1,0|2|6|0,0|1|0|0,0,10,3.381810,0.000256,10,3.381798,0.000457
4,4,9,1,0|2|0|0,0|2|0|5,0,10,3.649988,0.000609,10,3.650009,0.000621
4,4,9,1,0|2|0|1,0|2|0|4,0,10,3.651995,0.000424,10,3.652111,0.000570
4,4,9,1,0|2|0|2,0|2|0|3,0,10,3.649596,0.000377,10,3.649735,0.000220
4,4,9,1,0|2|0|3,0|2|0|2,0,10,3.646452,0.000457,10,3.646392,0.000624
4,4,9,1,0|2|0|4,0|2|0|1,0,10,3.641952,0.000428,10,3.642006,0.000460
4,4,9,1,0|2|0|5,0|2|0|0,0,10,3.633907,0.000485,10,3.633667,0.000469
4,4,9,1,0|2|0|0,0|2|1|4,0,10,3.779857,0.000780,10,3.779278,0.000700
4,4,9,1,0|2|0|1,0|2|1|3,0,10,3.781490,0.000797,10,3.781480,0.000634
4,4,9,1,0|2|0|2,0|2|1|2,0,10,3.775011,0.000570,10,3.775698,0.001026
4,4,9,1,0|2|0|3,0|2|1|1,0,10,3.767124,0.000612,10,3.766905,0.000704
4,4,9,1,0|2|0|4,0|2|1|0,0,10,3.750234,0.000500,10,3.750230,0.000732
4,4,9,1,0|2|0|0,0|2|2|3,0,10,3.768197,0.000572,10,3.768089,0.000611
4,4,9,1,0|2|0|1,0|2|2|2,0,10,3.768790,0.000496,10,3.768984,0.000470
4,4,9,1,0|2|0|2,0|2|2|1,0,10,3.756335,0.000572,10,3.756333,0.000620
4,4,9,1,0|2|0|3,0|2|2|0,0,10,3.731948,0.000646,10,3.732336,0.000652
4,4,9,1,0|2|0|0,0|2|3|2,0,10,3.723849,0.000482,10,3.723574,0.000379
4,4,9,1,0|2|0|1,0|2|3|1,0,10,3.717226,0.000397,10,3.717396,0.000391
4,4,9,1,0|2|0|2,0|2|3|0,0,10,3.682306,0.000473,10,3.682449,0.000659
4,4,9,1,0|2|0|0,0|2|4|1,0,10,3.630669,0.000430,10,3.630793,0.000427
4,4,9,1,0|2|0|1,0|2|4|0,0,10,3.590619,0.000403,10,3.590796,0.000452
4,4,9,1,0|2|0|0,0|2|5|0,0,10,3.373279,0.000420,10,3.373138,0.000402
4,4,9,1,0|2|1|0,0|2|0|4,0,10,3.759854,0.000687,10,3.759838,0.000779
4,4,9,1,0|2|1|1,0|2|0|3,0,10,3.760124,0.000716,10,3.760338,0.000631
4,4,9,1,0|2|1|2,0|2|0|2,0,10,3.753515,0.000580,10,3.753015,0.000502
4,4,9,1,0|2|1|3,0|2|0|1,0,10,3.742667,0.000450,10,3.742965,0.000746
4,4,9,1,0|2|1|4,0|2|0|0,0,10,3.724291,0.000559,10,3.724213,0.000876
4,4,9,1,0|2|1|0,0|2|1|3,0,10,3.763904,0.000596,10,3.763635,0.001082
4,4,9,1,0|2|1|1,0|2|1|2,0,10,3.761997,0.000860,10,3.761717,0.000390
4,4,9,1,0|2|1|2,0|2|1|1,0,10,3.749310,0.000507,10,3.749005,0.000431
4,4,9,1,0|2|1|3,0|2|1|0,0,10,3.723422,0.000711,10,3.723262,0.000634
4,4,9,1,0|2|1|0,0|2|2|2,0,10,3.720456,0.000682,10,3.720484,0.000625
4,4,9,1,0|2|1|1,0|2|2|1,0,10,3.711167,0.000555,10,3.710911,0.000678
4,4,9,1,0|2|1|2,0|2|2|0,0,10,3.675322,0.000554,10,3.675303,0.000450
4,4,9,1,0|2|1|0,0|2|3|1,0,10,3.628038,0.000705,10,3.627937,0.000261
4,4,9,1,0|2|1|1,0|2|3|0,0,10,3.584239,0.000473,10,3.584300,0.000521
4,4,9,1,0|2|1|0,0|2|4|0,0,10,3.378618,0.000376,10,3.378395,0.000185
4,4,9,1,0|2|2|0,0|2|0|3,0,10,3.753029,0.000807,10,3.753284,0.000736
4,4,9,1,0|2|2|1,0|2|0|2,0,10,3.751226,0.000605,10,3.751222,0.000556
4,4,9,1,0|2|2|2,0|2|0|1,0,10,3.736075,0.000382,10,3.735784,0.000266
4,4,9,1,0|2|2|3,0|2|0|0,0,10,3.705897,0.000614,10,3.706574,0.000585
4,4,9,1,0|2|2|0,0|2|1|2,0,10,3.715495,0.000329,10,3.715996,0.000380
4,4,9,1,0|2|2|1,0|2|1|1,0,10,3.706298,0.000597,10,3.706155,0.000540
4,4,9,1,0|2|2|2,0|2|1|0,0,10,3.666841,0.000614,10,3.666836,0.000590
4,4,9,1,0|2|2|0,0|2|2|1,0,10,3.625574,0.000342,10,3.625222,0.000492
4,4,9,1,0|2|2|1,0|2|2|0,0,10,3.580283,0.000372,10,3.580537,0.000351
4,4,9,1,0|2|2|0,0|2|3|0,0,10,3.380533,0.000475,10,3.380276,0.000329
4,4,9,1,0|2|3|0,0|2|0|2,0,10,3.710906,0.000608,10,3.711210,0.000519
4,4,9,1,0|2|3|1,0|2|0|1,0,10,3.702331,0.000706,10,3.702399,0.000614
4,4,9,1,0|2|3|2,0|2|0|0,0,10,3.659716,0.000603,10,3.660054,0.000923
4,4,9,1,0|2|3|0,0|2|1|1,0,10,3.623754,0.000550,10,3.624060,0.000532
4,4,9,1,0|2|3|1,0|2|1|0,0,10,3.578506,0.000624,10,3.578521,0.000414
4,4,9,1,0|2|3|0,0|2|2|0,0,10,3.381104,0.000372,10,3.381119,0.000331
4,4,9,1,0|2|4|0,0|2|0|1,0,10,3.622149,0.000412,10,3.622059,0.000428
4,4,9,1,0|2|4|1,0|2|0|0,0,10,3.576764,0.000542,10,3.576625,0.000306
4,4,9,1,0|2|4|0,0|2|1|0,0,10,3.381020,0.000511,10,3.380873,0.000435
4,4,9,1,0|2|5|0,0|2|0|0,0,10,3.380355,0.000302,10,3.380564,0.000351
4,4,9,1,0|2|0|0,0|3|0|4,0,10,3.635180,0.000442,10,3.635367,0.000428
4,4,9,1,0|2|0|1,0|3|0|3,0,10,3.637193,0.000572,10,3.637165,0.000472
4,4,9,1,0|2|0|2,0|3|0|2,0,10,3.632760,0.000421,10,3.632871,0.000474
4,4,9,1,0|2|0|3,0|3|0|1,0,10,3.625686,0.000701,10,3.625803,0.000514
4,4,9,1,0|2|0|4,0|3|0|0,0,10,3.612418,0.000830,10,3.612783,0.000553
4,4,9,1,0|2|0|0,0|3|1|3,0,10,3.748408,0.000684,10,3.748401,0.000558
4,4,9,1,0|2|0|1,0|3|1|2,0,10,3.748952,0.000657,10,3.748389,0.001072
4,4,9,1,0|2|0|2,0|3|1|1,0,10,3.736708,0.000508,10,3.736865,0.000692
4,4,9,1,0|2|0|3,0|3|1|0,0,10,3.712879,0.000544,10,3.712834,0.000681
4,4,9,1,0|2|0|0,0|3|2|2,0,10,3.718105,0.000507,10,3.717734,0.000454
4,4,9,1,0|2|0|1,0|3|2|1,0,10,3.711412,0.000515,10,3.711394,0.000573
4,4,9,1,0|2|0|2,0|3|2|0,0,10,3.676329,0.000516,10,3.676383,0.000444
4,4,9,1,0|2|0|0,0|3|3|1,0,10,3.628684,0.000639,10,3.628659,0.000545
4,4,9,1,0|2|0|1,0|3|3|0,0,10,3.588403,0.000451,10,3.588579,0.000394
4,4,9,1,0|2|0|0,0|3|4|0,0,10,3.372260,0.000364,10,3.372154,0.000380
4,4,9,1,0|2|1|0,0|3|0|3,0,10,3.727918,0.000768,10,3.728113,0.000613
4,4,9,1,0|2|1|1,0|3|0|2,0,10,3.725090,0.000543,10,3.725336,0.000523
4,4,9,1,0|2|1|2,0|3|0|1,0,10,3.711479,0.000492,10,3.711562,0.000960
4,4,9,1,0|2|1|3,0|3|0|0,0,10,3.684285,0.000631,10,3.684438,0.000509
4,4,9,1,0|2|1|0,0|3|1|2,0,10,3.712635,0.000682,10,3.712621,0.000595
4,4,9,1,0|2|1|1,0|3|1|1,0,10,3.702170,0.000823,10,3.702386,0.000388
4,4,9,1,0|2|1|2,0|3|1|0,0,10,3.666517,0.000799,10,3.666095,0.000567
4,4,9,1,0|2|1|0,0|3|2|1,0,10,3.625015,0.000488,10,3.625072,0.000419
4,4,9,1,0|2|1|1,0|3|2|0,0,10,3.581600,0.000600,10,3.581408,0.000538
4,4,9,1,0|2|1|0,0|3|3|0,0,10,3.377399,0.000378,10,3.377352,0.000530
4,4,9,1,0|2|2|0,0|3|0|2,0,10,3.701539,0.001009,10,3.701643,0.000614
4,4,9,1,0|2|2|1,0|3|0|1,0,10,3.690787,0.000439,10,3.691176,0.000543
4,4,9,1,0|2|2|2,0|3|0|0,0,10,3.649807,0.000743,10,3.649721,0.000630
4,4,9,1,0|2|2|0,0|3|1|1,0,10,3.621396,0.000334,10,3.621309,0.000723
4,4,9,1,0|2|2|1,0|3|1|0,0,10,3.575928,0.000408,10,3.575883,0.000567
4,4,9,1,0|2|2|0,0|3|2|0,0,10,3.378684,0.000371,10,3.378663,0.000285
4,4,9,1,0|2|3|0,0|3|0|1,0,10,3.617319,0.000629,10,3.617129,0.000444
4,4,9,1,0|2|3|1,0|3|0|0,0,10,3.570794,0.000639,10,3.570853,0.000365
4,4,9,1,0|2|3|0,0|3|1|0,0,10,3.378893,0.000375,10,3.378727,0.000463
4,4,9,1,0|2|4|0,0|3|0|0,0,10,3.377019,0.000406,10,3.377304,0.000304
4,4,9,1,0|2|0|0,0|4|0|3,0,10,3.609611,0.000367,10,3.609291,0.000479
4,4,9,1,0|2|0|1,0|4|0|2,0,10,3.610034,0.000482,10,3.609804,0.000233
4,4,9,1,0|2|0|2,0|4|0|1,0,10,3.599812,0.000349,10,3.599649,0.000511
4,4,9,1,0|2|0|3,0|4|0|0,0,10,3.579058,0.000524,10,3.578946,0.000475
4,4,9,1,0|2|0|0,0|4|1|2,0,10,3.696311,0.000745,10,3.696226,0.000633
4,4,9,1,0|2|0|1,0|4|1|1,0,10,3.688905,0.000608,10,3.688513,0.000470
4,4,9,1,0|2|0|2,0|4|1|0,0,10,3.654330,0.000417,10,3.654375,0.000646
4,4,9,1,0|2|0|0,0|4|2|1,0,10,3.621356,0.000252,10,3.621124,0.000514
4,4,9,1,0|2|0|1,0|4|2|0,0,10,3.580652,0.000528,10,3.580754,0.000394
4,4,9,1,0|2|0|0,0|4|3|0,0,10,3.369046,0.000502,10,3.368987,0.000283
4,4,9,1,0|2|1|0,0|4|0|2,0,10,3.674616,0.000421,10,3.674365,0.000374
4,4,9,1,0|2|1|1,0|4|0|1,0,10,3.662738,0.000655,10,3.662693,0.000603
4,4,9,1,0|2|1|2,0|4|0|0,0,10,3.623982,0.000613,10,3.623500,0.000576
4,4,9,1,0|2|1|0,0|4|1|1,0,10,3.615145,0.000380,10,3.615032,0.000592
4,4,9,1,0|2|1|1,0|4|1|0,0,10,3.570596,0.000636,10,3.570548,0.000557
4,4,9,1,0|2|1|0,0|4|2|0,0,10,3.373600,0.000490,10,3.373584,0.000424
4,4,9,1,0|2|2|0,0|4|0|1,0,10,3.604497,0.000656,10,3.604952,0.000623
4,4,9,1,0|2|2|1,0|4|0|0,0,10,3.557066,0.000475,10,3.556887,0.000386
4,4,9,1,0|2|2|0,0|4|1|0,0,10,3.373117,0.000336,10,3.373190,0.000285
4,4,9,1,0|2|3|0,0|4|0|0,0,10,3.369716,0.000366,10,3.369874,0.000310
4,4,9,1,0|2|0|0,0|5|0|2,0,10,3.561090,0.000399,10,3.561088,0.000687
4,4,9,1,0|2|0|1,0|5|0|1,0,10,3.554185,0.000307,10,3.554382,0.000520
4,4,9,1,0|2|0|2,0|5|0|0,0,10,3.521213,0.000577,10,3.521626,0.000596
4,4,9,1,0|2|0|0,0|5|1|1,0,10,3.594283,0.000512,10,3.594106,0.000416
4,4,9,1,0|2|0|1,0|5|1|0,0,10,3.552633,0.000379,10,3.552515,0.000545
4,4,9,1,0|2|0|0,0|5|2|0,0,10,3.358420,0.000375,10,3.358508,0.000191
4,4,9,1,0|2|1|0,0|5|0|1,0,10,3.571526,0.000234,10,3.571289,0.000578
4,4,9,1,0|2|1|1,0|5|0|0,0,10,3.521984,0.000550,10,3.521773,0.000408
4,4,9,1,0|2|1|0,0|5|1|0,0,10,3.359599,0.000466,10,3.359755,0.000351
4,4,9,1,0|2|2|0,0|5|0|0,0,10,3.350546,0.000354,10,3.350634,0.000277
4,4,9,1,0|2|0|0,0|6|0|1,0,10,3.455966,0.000689,10,3.455582,0.000475
4,4,9,1,0|2|0|1,0|6|0|0,0,10,3.411355,0.000530,10,3.411687,0.000530
4,4,9,1,0|2|0|0,0|6|1|0,0,10,3.319391,0.000498,10,3.319388,0.000427
4,4,9,1,0|2|1|0,0|6|0|0,0,10,3.299770,0.000350,10,3.300027,0.000435
4,4,9,1,0|2|0|0,0|7|0|0,0,10,3.127312,0.000273,10,3.126883,0.000463
4,4,9,1,0|3|0|0,0|0|0|6,0,10,3.659164,0.000458,10,3.659290,0.000522
4,4,9,1,0|3|0|1,0|0|0|5,0,10,3.660744,0.000512,10,3.660832,0.000495
4,4,9,1,0|3|0|2,0|0|0|4,0,10,3.659576,0.000227,10,3.659478,0.000509
4,4,9,1,0|3|0|3,0|0|0|3,0,10,3.657613,0.000548,10,3.657596,0.000459
4,4,9,1,0|3|0|4,0|0|0|2,0,10,3.655382,0.000421,10,3.655281,0.000391
4,4,9,1,0|3|0|5,0|0|0|1,0,10,3.651951,0.000664,10,3.652462,0.000238
4,4,9,1,0|3|0|6,0|0|0|0,0,10,3.647574,0.000445,10,3.647312,0.000454
4,4,9,1,0|3|0|0,0|0|1|5,0,10,3.798335,0.001024,10,3.798457,0.000921
4,4,9,1,0|3|0|1,0|0|1|4,0,10,3.800844,0.000774,10,3.801051,0.000585
4,4,9,1,0|3|0|2,0|0|1|3,0,10,3.797494,0.001141,10,3.797459,0.000904
4,4,9,1,0|3|0|3,0|0|1|2,0,10,3.793206,0.000528,10,3.792961,0.001103
4,4,9,1,0|3|0|4,0|0|1|1,0,10,3.787316,0.000731,10,3.786836,0.000881
4,4,9,1,0|3|0|5,0|0|1|0,0,10,3.776312,0.000534,10,3.776391,0.000667
4,4,9,1,0|3|0|0,0|0|2|4,0,10,3.797458,0.000781,10,3.797899,0.000372
4,4,9,1,0|3|0|1,0|0|2|3,0,10,3.800325,0.000807,10,3.800453,0.000887
4,4,9,1,0|3|0|2,0|0|2|2,0,10,3.794227,0.001013,10,3.793993,0.001087
4,4,9,1,0|3|0|3,0|0|2|1,0,10,3.784820,0.000872,10,3.785205,0.000745
4,4,9,1,0|3|0|4,0|0|2|0,0,10,3.768312,0.000623,10,3.768730,0.000587
4,4,9,1,0|3|0|0,0|0|3|3,0,10,3.772652,0.000488,10,3.772625,0.000682
4,4,9,1,0|3|0|1,0|0|3|2,0,10,3.773820,0.000551,10,3.773516,0.000761
4,4,9,1,0|3|0|2,0|0|3|1,0,10,3.761571,0.000628,10,3.761198,0.000676
4,4,9,1,0|3|0|3,0|0|3|0,0,10,3.736744,0.000588,10,3.736701,0.000457
4,4,9,1,0|3|0|0,0|0|4|2,0,10,3.725375,0.000718,10,3.725249,0.000502
4,4,9,1,0|3|0|1,0|0|4|1,0,10,3.719270,0.000562,10,3.719423,0.000568
4,4,9,1,0|3|0|2,0|0|4|0,0,10,3.684250,0.000580,10,3.683905,0.000628
4,4,9,1,0|3|0|0,0|0|5|1,0,10,3.631212,0.000384,10,3.631169,0.000408
4,4,9,1,0|3|0|1,0|0|5|0,0,10,3.591419,0.000374,10,3.591245,0.000409
4,4,9,1,0|3|0|0,0|0|6|0,0,10,3.373342,0.000335,10,3.373273,0.000460
4,4,9,1,0|3|1|0,0|0|0|5,0,10,3.780455,0.000816,10,3.780199,0.000538
4,4,9,1,0|3|1|1,0|0|0|4,0,10,3.781384,0.001099,10,3.781056,0.000894
4,4,9,1,0|3|1|2,0|0|0|3,0,10,3.777020,0.000703,10,3.777315,0.000996
4,4,9,1,0|3|1|3,0|0|0|2,0,10,3.771549,0.000865,10,3.772017,0.000350
4,4,9,1,0|3|1|4,0|0|0|1,0,10,3.764250,0.000710,10,3.764788,0.000726
4,4,9,1,0|3|1|5,0|0|0|0,0,10,3.751526,0.000673,10,3.752134,0.000364
4,4,9,1,0|3|1|0,0|0|1|4,0,10,3.793921,0.001021,10,3.794122,0.000476
4,4,9,1,0|3|1|1,0|0|1|3,0,10,3.794540,0.000902,10,3.794682,0.000797
4,4,9,1,0|3|1|2,0|0|1|2,0,10,3.787711,0.000643,10,3.787931,0.000684
4,4,9,1,0|3|1|3,0|0|1|1,0,10,3.778846,0.000801,10,3.778579,0.000352
4,4,9,1,0|3|1|4,0|0|1|0,0,10,3.761140,0.000433,10,3.761271,0.000655
4,4,9,1,0|3|1|0,0|0|2|3,0,10,3.770713,0.000585,10,3.770408,0.000591
4,4,9,1,0|3|1|1,0|0|2|2,0,10,3.768838,0.000862,10,3.769035,0.000723
4,4,9,1,0|3|1|2,0|0|2|1,0,10,3.756068,0.000489,10,3.755697,0.000536
4,4,9,1,0|3|1|3,0|0|2|0,0,10,3.731074,0.000824,10,3.730717,0.000656
4,4,9,1,0|3|1|0,0|0|3|2,0,10,3.722579,0.000607,10,3.722857,0.000410
4,4,9,1,0|3|1|1,0|0|3|1,0,10,3.713283,0.000553,10,3.713585,0.000489
4,4,9,1,0|3|1|2,0|0|3|0,0,10,3.677489,0.000369,10,3.677332,0.000345
4,4,9,1,0|3|1|0,0|0|4|1,0,10,3.628775,0.000376,10,3.628516,0.000438
4,4,9,1,0|3|1|1,0|0|4|0,0,10,3.585383,0.000434,10,3.585255,0.000356
4,4,9,1,0|3|1|0,0|0|5|0,0,10,3.378550,0.000300,10,3.378656,0.000305
4,4,9,1,0|3|2|0,0|0|0|4,0,10,3.784615,0.000568,10,3.784163,0.000722
4,4,9,1,0|3|2|1,0|0|0|3,0,10,3.785425,0.000842,10,3.785413,0.000645
4,4,9,1,0|3|2|2,0|0|0|2,0,10,3.776776,0.000509,10,3.777024,0.000624
4,4,9,1,0|3|2|3,0|0|0|1,0,10,3.765638,0.000856,10,3.765503,0.000670
4,4,9,1,0|3|2|4,0|0|0|0,0,10,3.744422,0.000698,10,3.744641,0.000642
4,4,9,1,0|3|2|0,0|0|1|3,0,10,3.765883,0.000598,10,3.765812,0.000450
4,4,9,1,0|3|2|1,0|0|1|2,0,10,3.764384,0.000929,10,3.764499,0.000699
4,4,9,1,0|3|2|2,0|0|1|1,0,10,3.749932,0.000771,10,3.749893,0.000858
4,4,9,1,0|3|2|3,0|0|1|0,0,10,3.722127,0.000533,10,3.721899,0.000413
4,4,9,1,0|3|2|0,0|0|2|2,0,10,3.719078,0.000436,10,3.719105,0.000692
4,4,9,1,0|3|2|1,0|0|2|1,0,10,3.709578,0.000501,10,3.709579,0.000712
4,4,9,1,0|3|2|2,0|0|2|0,0,10,3.670841,0.000571,10,3.670832,0.000447
4,4,9,1,0|3|2|0,0|0|3|1,0,10,3.626516,0.000598,10,3.626542,0.000340
4,4,9,1,0|3|2|1,0|0|3|0,0,10,3.581899,0.000366,10,3.581487,0.000431
4,4,9,1,0|3|2|0,0|0|4|0,0,10,3.380692,0.000276,10,3.380757,0.000429
4,4,9,1,0|3|3|0,0|0|0|3,0,10,3.760798,0.000474,10,3.760724,0.000657
4,4,9,1,0|3|3|1,0|0|0|2,0,10,3.760498,0.000614,10,3.760254,0.000896
4,4,9,1,0|3|3|2,0|0|0|1,0,10,3.744781,0.000463,10,3.744300,0.000500
4,4,9,1,0|3|3|3,0|0|0|0,0,10,3.713708,0.000903,10,3.713575,0.000604
4,4,9,1,0|3|3|0,0|0|1|2,0,10,3.716267,0.000393,10,3.716612,0.000639
4,4,9,1,0|3|3|1,0|0|1|1,0,10,3.707963,0.000498,10,3.707539,0.000548
4,4,9,1,0|3|3|2,0|0|1|0,0,10,3.667077,0.000595,10,3.667165,0.000637
4,4,9,1,0|3|3|0,0|0|2|1,0,10,3.625384,0.000321,10,3.625460,0.000288
4,4,9,1,0|3|3|1,0|0|2|0,0,10,3.580380,0.000531,10,3.580432,0.000287
4,4,9,1,0|3|3|0,0|0|3|0,0,10,3.381883,0.000333,10,3.381734,0.000206
4,4,9,1,0|3|4|0,0|0|0|2,0,10,3.714027,0.000940,10,3.714431,0.000781
4,4,9,1,0|3|4|1,0|0|0|1,0,10,3.706553,0.000552,10,3.706109,0.000420
4,4,9,1,0|3|4|2,0|0|0|0,0,10,3.664162,0.000489,10,3.664107,0.000517
4,4,9,1,0|3|4|0,0|0|1|1,0,10,3.624525,0.000532,10,3.624836,0.000309
4,4,9,1,0|3|4|1,0|0|1|0,0,10,3.579734,0.000507,10,3.579967,0.000423
4,4,9,1,0|3|4|0,0|0|2|0,0,10,3.381880,0.000358,10,3.382001,0.000420
4,4,9,1,0|3|5|0,0|0|0|1,0,10,3.624036,0.000330,10,3.623931,0.000366
4,4,9,1,0|3|5|1,0|0|0|0,0,10,3.578507,0.000578,10,3.578817,0.000485
4,4,9,1,0|3|5|0,0|0|1|0,0,10,3.381719,0.000310,10,3.381951,0.000371
4,4,9,1,0|3|6|0,0|0|0|0,0,10,3.381553,0.000262,10,3.381417,0.000333
4,4,9,1,0|3|0|0,0|1|0|5,0,10,3.650014,0.000501,10,3.650031,0.000468
4,4,9,1,0|3|0|1,0|1|0|4,0,10,3.652009,0.000404,10,3.651980,0.000336
4,4,9,1,0|3|0|2,0|1|0|3,0,10,3.649668,0.000417,10,3.649604,0.000346
4,4,9,1,0|3|0|3,0|1|0|2,0,10,3.646342,0.000438,10,3.646346,0.000532
4,4,9,1,0|3|0|4,0|1|0|1,0,10,3.641795,0.000240,10,3.642051,0.000425
4,4,9,1,0|3|0|5,0|1|0|0,0,10,3.633490,0.000518,10,3.633696,0.000419
4,4,9,1,0|3|0|0,0|1|1|4,0,10,3.779121,0.000681,10,3.778639,0.000571
4,4,9,1,0|3|0|1,0|1|1|3,0,10,3.781105,0.000749,10,3.781041,0.000713
4,4,9,1,0|3|0|2,0|1|1|2,0,10,3.775340,0.000543,10,3.774933,0.000779
4,4,9,1,0|3|0|3,0|1|1|1,0,10,3.766953,0.000589,10,3.766837,0.000698
4,4,9,1,0|3|0|4,0|1|1|0,0,10,3.750442,0.000890,10,3.750722,0.000589
4,4,9,1,0|3|0|0,0|1|2|3,0,10,3.767904,0.000553,10,3.768014,0.000640
4,4,9,1,0|3|0|1,0|1|2|2,0,10,3.768803,0.000837,10,3.768886,0.000657
4,4,9,1,0|3|0|2,0|1|2|1,0,10,3.756410,0.000797,10,3.756378,0.000710
4,4,9,1,0|3|0|3,0|1|2|0,0,10,3.731863,0.000484,10,3.732108,0.000914
4,4,9,1,0|3|0|0,0|1|3|2,0,10,3.723518,0.000531,10,3.723404,0.000620
4,4,9,1,0|3|0|1,0|1|3|1,0,10,3.717551,0.000600,10,3.717493,0.000529
4,4,9,1,0|3|0|2,0|1|3|0,0,10,3.682490,0.000417,10,3.682518,0.000696
4,4,9,1,0|3|0|0,0|1|4|1,0,10,3.630464,0.000398,10,3.630676,0.000645
4,4,9,1,0|3|0|1,0|1|4|0,0,10,3.590576,0.000228,10,3.590773,0.000344
4,4,9,1,0|3|0|0,0|1|5|0,0,10,3.373192,0.000444,10,3.373294,0.000439
4,4,9,1,0|3|1|0,0|1|0|4,0,10,3.759641,0.000718,10,3.759939,0.000464
4,4,9,1,0|3|1|1,0|1|0|3,0,10,3.760147,0.000769,10,3.759879,0.000339
4,4,9,1,0|3|1|2,0|1|0|2,0,10,3.752807,0.000631,10,3.752603,0.000420
4,4,9,1,0|3|1|3,0|1|0|1,0,10,3.742690,0.000625,10,3.742609,0.000493
4,4,9,1,0|3|1|4,0|1|0|0,0,10,3.723605,0.000585,10,3.723838,0.000637
4,4,9,1,0|3|1|0,0|1|1|3,0,10,3.763726,0.000589,10,3.763889,0.000616
4,4,9,1,0|3|1|1,0|1|1|2,0,10,3.761444,0.000569,10,3.761507,0.000438
4,4,9,1,0|3|1|2,0|1|1|1,0,10,3.748234,0.000442,10,3.748359,0.000397
4,4,9,1,0|3|1|3,0|1|1|0,0,10,3.723031,0.000884,10,3.723035,0.000493
4,4,9,1,0|3|1|0,0|1|2|2,0,10,3.720384,0.000700,10,3.720577,0.000283
4,4,9,1,0|3|1|1,0|1|2|1,0,10,3.710975,0.000520,10,3.710822,0.000514
4,4,9,1,0|3|1|2,0|1|2|0,0,10,3.674918,0.000736,10,3.675308,0.000546
4,4,9,1,0|3|1|0,0|1|3|1,0,10,3.627968,0.000361,10,3.627802,0.000411
4,4,9,1,0|3|1|1,0|1|3|0,0,10,3.584481,0.000265,10,3.584435,0.000526
4,4,9,1,0|3|1|0,0|1|4|0,0,10,3.378612,0.000370,10,3.378446,0.000379
4,4,9,1,0|3|2|0,0|1|0|3,0,10,3.753126,0.000653,10,3.753182,0.000298
4,4,9,1,0|3|2|1,0|1|0|2,0,10,3.751319,0.000655,10,3.751504,0.000508
4,4,9,1,0|3|2|2,0|1|0|1,0,10,3.735274,0.000652,10,3.735432,0.000531
4,4,9,1,0|3|2|3,0|1|0|0,0,10,3.706050,0.000466,10,3.705734,0.000635
4,4,9,1,0|3|2|0,0|1|1|2,0,10,3.715739,0.000499,10,3.715445,0.000684
4,4,9,1,0|3|2|1,0|1|1|1,0,10,3.706149,0.000550,10,3.705863,0.000560
4,4,9,1,0|3|2|2,0|1|1|0,0,10,3.666912,0.000469,10,3.666894,0.000514
4,4,9,1,0|3|2|0,0|1|2|1,0,10,3.625176,0.000413,10,3.625662,0.000637
4,4,9,1,0|3|2|1,0|1|2|0,0,10,3.580486,0.000587,10,3.580582,0.000593
4,4,9,1,0|3|2|0,0|1|3|0,0,10,3.380559,0.000441,10,3.380196,0.000323
4,4,9,1,0|3|3|0,0|1|0|2,0,10,3.710469,0.000253,10,3.710867,0.000645
4,4,9,1,0|3|3|1,0|1|0|1,0,10,3.701965,0.000445,10,3.702048,0.000694
4,4,9,1,0|3|3|2,0|1|0|0,0,10,3.659413,0.000654,10,3.659460,0.000691
4,4,9,1,0|3|3|0,0|1|1|1,0,10,3.623767,0.000464,10,3.623688,0.000676
4,4,9,1,0|3|3|1,0|1|1|0,0,10,3.578280,0.000238,10,3.578389,0.000564
4,4,9,1,0|3|3|0,0|1|2|0,0,10,3.381004,0.000316,10,3.381103,0.000374
4,4,9,1,0|3|4|0,0|1|0|1,0,10,3.621977,0.000339,10,3.621963,0.000462
4,4,9,1,0|3|4|1,0|1|0|0,0,10,3.576393,0.000660,10,3.576305,0.000485
4,4,9,1,0|3|4|0,0|1|1|0,0,10,3.380943,0.000511,10,3.381154,0.000472
4,4,9,1,0|3|5|0,0|1|0|0,0,10,3.380491,0.000385,10,3.380350,0.000320
4,4,9,1,0|3|0|0,0|2|0|4,0,10,3.635207,0.000447,10,3.635051,0.000588
4,4,9,1,0|3|0|1,0|2|0|3,0,10,3.637319,0.000565,10,3.637094,0.000625
4,4,9,1,0|3|0|2,0|2|0|2,0,10,3.632702,0.000587,10,3.632602,0.000555
4,4,9,1,0|3|0|3,0|2|0|1,0,10,3.625783,0.000418,10,3.625579,0.000473
4,4,9,1,0|3|0|4,0|2|0|0,0,10,3.612526,0.000687,10,3.612592,0.000518
4,4,9,1,0|3|0|0,0|2|1|3,0,10,3.748358,0.000502,10,3.748416,0.000633
4,4,9,1,0|3|0|1,0|2|1|2,0,10,3.748547,0.000527,10,3.748202,0.000898
4,4,9,1,0|3|0|2,0|2|1|1,0,10,3.736651,0.000804,10,3.736680,0.000566
4,4,9,1,0|3|0|3,0|2|1|0,0,10,3.713050,0.000665,10,3.712744,0.000488
4,4,9,1,0|3|0|0,0|2|2|2,0,10,3.717751,0.000389,10,3.717909,0.000382
4,4,9,1,0|3|0|1,0|2|2|1,0,10,3.711462,0.000495,10,3.711371,0.000851
4,4,9,1,0|3|0|2,0|2|2|0,0,10,3.676360,0.000686,10,3.676448,0.000741
4,4,9,1,0|3|0|0,0|2|3|1,0,10,3.628417,0.000431,10,3.628592,0.000443
4,4,9,1,0|3|0|1,0|2|3|0,0,10,3.588192,0.000703,10,3.588102,0.000543
4,4,9,1,0|3|0|0,0|2|4|0,0,10,3.372257,0.000599,10,3.372225,0.000430
4,4,9,1,0|3|1|0,0|2|0|3,0,10,3.727927,0.000716,10,3.728001,0.000576
4,4,9,1,0|3|1|1,0|2|0|2,0,10,3.725464,0.000507,10,3.725292,0.000778
4,4,9,1,0|3|1|2,0|2|0|1,0,10,3.711077,0.000609,10,3.711373,0.000384
4,4,9,1,0|3|1|3,0|2|0|0,0,10,3.683871,0.000453,10,3.684204,0.000873
4,4,9,1,0|3|1|0,0|2|1|2,0,10,3.712744,0.000415,10,3.712831,0.000720
4,4,9,1,0|3|1|1,0|2|1|1,0,10,3.702415,0.000532,10,3.702174,0.000358
4,4,9,1,0|3|1|2,0|2|1|0,0,10,3.666277,0.000565,10,3.666309,0.000624
4,4,9,1,0|3|1|0,0|2|2|1,0,10,3.625146,0.000554,10,3.625344,0.000482
4,4,9,1,0|3|1|1,0|2|2|0,0,10,3.581341,0.000473,10,3.581772,0.000402
4,4,9,1,0|3|1|0,0|2|3|0,0,10,3.377311,0.000513,10,3.377499,0.000444
4,4,9,1,0|3|2|0,0|2|0|2,0,10,3.701134,0.000455,10,3.701500,0.000516
4,4,9,1,0|3|2|1,0|2|0|1,0,10,3.690823,0.000513,10,3.690594,0.000612
4,4,9,1,0|3|2|2,0|2|0|0,0,10,3.649214,0.000578,10,3.649473,0.000273
4,4,9,1,0|3|2|0,0|2|1|1,0,10,3.621379,0.000358,10,3.621252,0.000318
4,4,9,1,0|3|2|1,0|2|1|0,0,10,3.575997,0.000389,10,3.575790,0.000737
4,4,9,1,0|3|2|0,0|2|2|0,0,10,3.378867,0.000396,10,3.379114,0.000455
4,4,9,1,0|3|3|0,0|2|0|1,0,10,3.617234,0.000602,10,3.617033,0.000660
4,4,9,1,0|3|3|1,0|2|0|0,0,10,3.570528,0.000680,10,3.570577,0.000348
4,4,9,1,0|3|3|0,0|2|1|0,0,10,3.378794,0.000590,10,3.378667,0.000365
4,4,9,1,0|3|4|0,0|2|0|0,0,10,3.377052,0.000245,10,3.377189,0.000201
4,4,9,1,0|3|0|0,0|3|0|3,0,10,3.609464,0.000380,10,3.609368,0.000545
4,4,9,1,0|3|0|1,0|3|0|2,0,10,3.609937,0.000514,10,3.609996,0.000522
4,4,9,1,0|3|0|2,0|3|0|1,0,10,3.599802,0.000408,10,3.599758,0.000621
4,4,9,1,0|3|0|3,0|3|0|0,0,10,3.578785,0.000410,10,3.578893,0.000633
4,4,9,1,0|3|0|0,0|3|1|2,0,10,3.696212,0.000516,10,3.696341,0.000797
4,4,9,1,0|3|0|1,0|3|1|1,0,10,3.688470,0.000483,10,3.688708,0.000629
4,4,9,1,0|3|0|2,0|3|1|0,0,10,3.654038,0.000514,10,3.653852,0.000344
4,4,9,1,0|3|0|0,0|3|2|1,0,10,3.621130,0.000594,10,3.620885,0.000606
4,4,9,1,0|3|0|1,0|3|2|0,0,10,3.580223,0.000601,10,3.580604,0.000365
4,4,9,1,0|3|0|0,0|3|3|0,0,10,3.369171,0.000308,10,3.369083,0.000454
4,4,9,1,0|3|1|0,0|3|0|2,0,10,3.674490,0.000543,10,3.674402,0.000474
4,4,9,1,0|3|1|1,0|3|0|1,0,10,3.662609,0.000548,10,3.662190,0.000691
4,4,9,1,0|3|1|2,0|3|0|0,0,10,3.623709,0.000393,10,3.623945,0.000607
4,4,9,1,0|3|1|0,0|3|1|1,0,10,3.615411,0.000540,10,3.615170,0.000406
4,4,9,1,0|3|1|1,0|3|1|0,0,10,3.570379,0.000601,10,3.570505,0.000539
4,4,9,1,0|3|1|0,0|3|2|0,0,10,3.373628,0.000411,10,3.373727,0.000377
4,4,9,1,0|3|2|0,0|3|0|1,0,10,3.605144,0.000427,10,3.604654,0.000448
4,4,9,1,0|3|2|1,0|3|0|0,0,10,3.556392,0.000503,10,3.556659,0.000591
4,4,9,1,0|3|2|0,0|3|1|0,0,10,3.373194,0.000297,10,3.373141,0.000336
4,4,9,1,0|3|3|0,0|3|0|0,0,10,3.369499,0.000345,10,3.369706,0.000424
4,4,9,1,0|3|0|0,0|4|0|2,0,10,3.561100,0.000500,10,3.561226,0.000231
4,4,9,1,0|3|0|1,0|4|0|1,0,10,3.554412,0.000514,10,3.554622,0.000439
4,4,9,1,0|3|0|2,0|4|0|0,0,10,3.521649,0.000255,10,3.521463,0.000409
4,4,9,1,0|3|0|0,0|4|1|1,0,10,3.594249,0.000398,10,3.594478,0.000246
4,4,9,1,0|3|0|1,0|4|1|0,0,10,3.552278,0.000569,10,3.552725,0.000499
4,4,9,1,0|3|0|0,0|4|2|0,0,10,3.358359,0.000429,10,3.358288,0.000305
4,4,9,1,0|3|1|0,0|4|0|1,0,10,3.571758,0.000522,10,3.571402,0.000632
4,4,9,1,0|3|1|1,0|4|0|0,0,10,3.521892,0.000442,10,3.522119,0.000381
4,4,9,1,0|3|1|0,0|4|1|0,0,10,3.359755,0.000423,10,3.359619,0.000334
4,4,9,1,0|3|2|0,0|4|0|0,0,10,3.350822,0.000540,10,3.350742,0.000367
4,4,9,1,0|3|0|0,0|5|0|1,0,10,3.456159,0.000382,10,3.456053,0.000327
4,4,9,1,0|3|0|1,0|5|0|0,0,10,3.411707,0.000622,10,3.411687,0.000638
4,4,9,1,0|3|0|0,0|5|1|0,0,10,3.319348,0.000419,10,3.319408,0.000669
4,4,9,1,0|3|1|0,0|5|0|0,0,10,3.299821,0.000492,10,3.300167,0.000407
4,4,9,1,0|3|0|0,0|6|0|0,0,10,3.127251,0.000674,10,3.127057,0.000698
4,4,9,1,0|4|0|0,0|0|0|5,0,10,3.649985,0.000735,10,3.650388,0.000413
4,4,9,1,0|4|0|1,0|0|0|4,0,10,3.651861,0.000818,10,3.651952,0.000681
4,4,9,1,0|4|0|2,0|0|0|3,0,10,3.649666,0.000458,10,3.649724,0.000685
4,4,9,1,0|4|0|3,0|0|0|2,0,10,3.646479,0.000489,10,3.646372,0.000439
4,4,9,1,0|4|0|4,0|0|0|1,0,10,3.641745,0.000492,10,3.641815,0.000561
4,4,9,1,0|4|0|5,0|0|0|0,0,10,3.633573,0.000261,10,3.633552,0.000448
4,4,9,1,0|4|0|0,0|0|1|4,0,10,3.779365,0.000480,10,3.778948,0.001025
4,4,9,1,0|4|0|1,0|0|1|3,0,10,3.780986,0.000535,10,3.780977,0.000958
4,4,9,1,0|4|0|2,0|0|1|2,0,10,3.775174,0.000704,10,3.775094,0.000770
4,4,9,1,0|4|0|3,0|0|1|1,0,10,3.766481,0.000583,10,3.766740,0.000752
4,4,9,1,0|4|0|4,0|0|1|0,0,10,3.750134,0.000741,10,3.750580,0.000579
4,4,9,1,0|4|0|0,0|0|2|3,0,10,3.767973,0.000699,10,3.767714,0.000901
4,4,9,1,0|4|0|1,0|0|2|2,0,10,3.768784,0.000632,10,3.769008,0.000336
4,4,9,1,0|4|0|2,0|0|2|1,0,10,3.756508,0.000673,10,3.756651,0.000890
4,4,9,1,0|4|0|3,0|0|2|0,0,10,3.731836,0.000748,10,3.731922,0.000625
4,4,9,1,0|4|0|0,0|0|3|2,0,10,3.723416,0.000575,10,3.723298,0.000342
4,4,9,1,0|4|0|1,0|0|3|1,0,10,3.717414,0.000502,10,3.717272,0.000485
4,4,9,1,0|4|0|2,0|0|3|0,0,10,3.682201,0.000367,10,3.682195,0.000647
4,4,9,1,0|4|0|0,0|0|4|1,0,10,3.630936,0.000436,10,3.630670,0.000398
4,4,9,1,0|4|0|1,0|0|4|0,0,10,3.590694,0.000420,10,3.590446,0.000439
4,4,9,1,0|4|0|0,0|0|5|0,0,10,3.373182,0.000648,10,3.373187,0.000405
4,4,9,1,0|4|1|0,0|0|0|4,0,10,3.759755,0.000518,10,3.759772,0.000587
4,4,9,1,0|4|1|1,0|0|0|3,0,10,3.760361,0.000772,10,3.760399,0.000768
4,4,9,1,0|4|1|2,0|0|0|2,0,10,3.752321,0.000693,10,3.752664,0.000683
4,4,9,1,0|4|1|3,0|0|0|1,0,10,3.742593,0.000599,10,3.742196,0.000802
4,4,9,1,0|4|1|4,0|0|0|0,0,10,3.724172,0.000521,10,3.723448,0.000683
4,4,9,1,0|4|1|0,0|0|1|3,0,10,3.763713,0.000534,10,3.763500,0.001067
4,4,9,1,0|4|1|1,0|0|1|2,0,10,3.761401,0.000535,10,3.761470,0.000617
4,4,9,1,0|4|1|2,0|0|1|1,0,10,3.748345,0.000508,10,3.748629,0.001075
4,4,9,1,0|4|1|3,0|0|1|0,0,10,3.723229,0.000609,10,3.723317,0.000546
4,4,9,1,0|4|1|0,0|0|2|2,0,10,3.720085,0.000613,10,3.720478,0.000499
4,4,9,1,0|4|1|1,0|0|2|1,0,10,3.711371,0.000555,10,3.711085,0.000503
4,4,9,1,0|4|1|2,0|0|2|0,0,10,3.675069,0.000562,10,3.674953,0.000594
4,4,9,1,0|4|1|0,0|0|3|1,0,10,3.627940,0.000443,10,3.627816,0.000584
4,4,9,1,0|4|1|1,0|0|3|0,0,10,3.584504,0.000395,10,3.584256,0.000425
4,4,9,1,0|4|1|0,0|0|4|0,0,10,3.378512,0.000341,10,3.378672,0.000440
4,4,9,1,0|4|2|0,0|0|0|3,0,10,3.752765,0.000505,10,3.752867,0.000950
4,4,9,1,0|4|2|1,0|0|0|2,0,10,3.751379,0.000383,10,3.750873,0.000775
4,4,9,1,0|4|2|2,0|0|0|1,0,10,3.735608,0.000771,10,3.735343,0.000432
4,4,9,1,0|4|2|3,0|0|0|0,0,10,3.706174,0.000700,10,3.705883,0.000743
4,4,9,1,0|4|2|0,0|0|1|2,0,10,3.715825,0.000726,10,3.715287,0.000392
4,4,9,1,0|4|2|1,0|0|1|1,0,10,3.705995,0.000798,10,3.705793,0.000701
4,4,9,1,0|4|2|2,0|0|1|0,0,10,3.666944,0.000711,10,3.666490,0.000441
4,4,9,1,0|4|2|0,0|0|2|1,0,10,3.625527,0.000440,10,3.625349,0.000646
4,4,9,1,0|4|2|1,0|0|2|0,0,10,3.580320,0.000363,10,3.580369,0.000430
4,4,9,1,0|4|2|0,0|0|3|0,0,10,3.380411,0.000411,10,3.380504,0.000503
4,4,9,1,0|4|3|0,0|0|0|2,0,10,3.710761,0.000266,10,3.710608,0.000614
4,4,9,1,0|4|3|1,0|0|0|1,0,10,3.701729,0.000262,10,3.702058,0.000408
4,4,9,1,0|4|3|2,0|0|0|0,0,10,3.659482,0.000553,10,3.659726,0.000731
4,4,9,1,0|4|3|0,0|0|1|1,0,10,3.623902,0.000505,10,3.623799,0.000389
4,4,9,1,0|4|3|1,0|0|1|0,0,10,3.578214,0.000438,10,3.578665,0.000482
4,4,9,1,0|4|3|0,0|0|2|0,0,10,3.381011,0.000561,10,3.380829,0.000385
4,4,9,1,0|4|4|0,0|0|0|1,0,10,3.622031,0.000506,10,3.622211,0.000462
4,4,9,1,0|4|4|1,0|0|0|0,0,10,3.576366,0.000505,10,3.576366,0.000501
4,4,9,1,0|4|4|0,0|0|1|0,0,10,3.381022,0.000310,10,3.381086,0.000378
4,4,9,1,0|4|5|0,0|0|0|0,0,10,3.380263,0.000461,10,3.380408,0.000207
4,4,9,1,0|4|0|0,0|1|0|4,0,10,3.635375,0.000492,10,3.634938,0.000305
4,4,9,1,0|4|0|1,0|1|0|3,0,10,3.637098,0.000413,10,3.637079,0.000370
4,4,9,1,0|4|0|2,0|1|0|2,0,10,3.632778,0.000442,10,3.632643,0.000278
4,4,9,1,0|4|0|3,0|1|0|1,0,10,3.625852,0.000716,10,3.625881,0.000329
4,4,9,1,0|4|0|4,0|1|0|0,0,10,3.612388,0.000516,10,3.612598,0.000438
4,4,9,1,0|4|0|0,0|1|1|3,0,10,3.748693,0.000627,10,3.748562,0.000878
4,4,9,1,0|4|0|1,0|1|1|2,0,10,3.748856,0.000552,10,3.748560,0.000581
4,4,9,1,0|4|0|2,0|1|1|1,0,10,3.736353,0.000309,10,3.736038,0.000565
4,4,9,1,0|4|0|3,0|1|1|0,0,10,3.712254,0.000488,10,3.712346,0.000659
4,4,9,1,0|4|0|0,0|1|2|2,0,10,3.717647,0.000727,10,3.717944,0.000389
4,4,9,1,0|4|0|1,0|1|2|1,0,10,3.711449,0.000659,10,3.711201,0.000780
4,4,9,1,0|4|0|2,0|1|2|0,0,10,3.676162,0.000716,10,3.676207,0.000496
4,4,9,1,0|4|0|0,0|1|3|1,0,10,3.628629,0.000516,10,3.628118,0.000385
4,4,9,1,0|4|0|1,0|1|3|0,0,10,3.588087,0.000318,10,3.588255,0.000575
4,4,9,1,0|4|0|0,0|1|4|0,0,10,3.372114,0.000333,10,3.372392,0.000304
4,4,9,1,0|4|1|0,0|1|0|3,0,10,3.728188,0.000920,10,3.728046,0.000652
4,4,9,1,0|4|1|1,0|1|0|2,0,10,3.725225,0.000657,10,3.725203,0.000684
4,4,9,1,0|4|1|2,0|1|0|1,0,10,3.711108,0.000440,10,3.710902,0.000583
4,4,9,1,0|4|1|3,0|1|0|0,0,10,3.683924,0.000470,10,3.684294,0.000540
4,4,9,1,0|4|1|0,0|1|1|2,0,10,3.712322,0.000530,10,3.712684,0.000636
4,4,9,1,0|4|1|1,0|1|1|1,0,10,3.702317,0.000571,10,3.702430,0.000554
4,4,9,1,0|4|1|2,0|1|1|0,0,10,3.666016,0.000553,10,3.665756,0.000681
4,4,9,1,0|4|1|0,0|1|2|1,0,10,3.625173,0.000329,10,3.625272,0.000468
4,4,9,1,0|4|1|1,0|1|2|0,0,10,3.581166,0.000337,10,3.581322,0.000452
4,4,9,1,0|4|1|0,0|1|3|0,0,10,3.377338,0.000315,10,3.377419,0.000344
4,4,9,1,0|4|2|0,0|1|0|2,0,10,3.701295,0.000562,10,3.701299,0.000852
4,4,9,1,0|4|2|1,0|1|0|1,0,10,3.690660,0.000600,10,3.690938,0.000642
4,4,9,1,0|4|2|2,0|1|0|0,0,10,3.649381,0.000671,10,3.649258,0.000759
4,4,9,1,0|4|2|0,0|1|1|1,0,10,3.621386,0.000390,10,3.621249,0.000274
4,4,9,1,0|4|2|1,0|1|1|0,0,10,3.575779,0.000410,10,3.575838,0.000411
4,4,9,1,0|4|2|0,0|1|2|0,0,10,3.378532,0.000165,10,3.378923,0.000507
4,4,9,1,0|4|3|0,0|1|0|1,0,10,3.617030,0.000337,10,3.617176,0.000419
4,4,9,1,0|4|3|1,0|1|0|0,0,10,3.570592,0.000583,10,3.570549,0.000469
4,4,9,1,0|4|3|0,0|1|1|0,0,10,3.378758,0.000338,10,3.378642,0.000397
4,4,9,1,0|4|4|0,0|1|0|0,0,10,3.377138,0.000334,10,3.377234,0.000374
4,4,9,1,0|4|0|0,0|2|0|3,0,10,3.609554,0.000584,10,3.609467,0.000480
4,4,9,1,0|4|0|1,0|2|0|2,0,10,3.610099,0.000386,10,3.609807,0.000330
4,4,9,1,0|4|0|2,0|2|0|1,0,10,3.599832,0.000442,10,3.600042,0.000494
4,4,9,1,0|4|0|3,0|2|0|0,0,10,3.578823,0.000632,10,3.578868,0.000468
4,4,9,1,0|4|0|0,0|2|1|2,0,10,3.696037,0.000488,10,3.696005,0.000700
4,4,9,1,0|4|0|1,0|2|1|1,0,10,3.688689,0.000622,10,3.688792,0.000549
4,4,9,1,0|4|0|2,0|2|1|0,0,10,3.653872,0.000316,10,3.654317,0.000964
4,4,9,1,0|4|0|0,0|2|2|1,0,10,3.620934,0.000698,10,3.620982,0.000228
4,4,9,1,0|4|0|1,0|2|2|0,0,10,3.580705,0.000470,10,3.580817,0.000458
4,4,9,1,0|4|0|0,0|2|3|0,0,10,3.369054,0.000503,10,3.368976,0.000271
4,4,9,1,0|4|1|0,0|2|0|2,0,10,3.674578,0.000535,10,3.674206,0.000580
4,4,9,1,0|4|1|1,0|2|0|1,0,10,3.662461,0.000594,10,3.662549,0.000810
4,4,9,1,0|4|1|2,0|2|0|0,0,10,3.623559,0.000486,10,3.623498,0.000645
4,4,9,1,0|4|1|0,0|2|1|1,0,10,3.614784,0.000501,10,3.615333,0.000518
4,4,9,1,0|4|1|1,0|2|1|0,0,10,3.570234,0.000486,10,3.570543,0.000445
4,4,9,1,0|4|1|0,0|2|2|0,0,10,3.373664,0.000337,10,3.373238,0.000462
4,4,9,1,0|4|2|0,0|2|0|1,0,10,3.604520,0.000431,10,3.604675,0.000419
4,4,9,1,0|4|2|1,0|2|0|0,0,10,3.556911,0.000431,10,3.557185,0.000362
4,4,9,1,0|4|2|0,0|2|1|0,0,10,3.373224,0.000307,10,3.372991,0.000344
4,4,9,1,0|4|3|0,0|2|0|0,0,10,3.369400,0.000477,10,3.369689,0.000207
4,4,9,1,0|4|0|0,0|3|0|2,0,10,3.561045,0.000341,10,3.561260,0.000266
4,4,9,1,0|4|0|1,0|3|0|1,0,10,3.554387,0.000357,10,3.554286,0.000480
4,4,9,1,0|4|0|2,0|3|0|0,0,10,3.521677,0.000332,10,3.521429,0.000339
4,4,9,1,0|4|0|0,0|3|1|1,0,10,3.594214,0.000330,10,3.594049,0.000666
4,4,9,1,0|4|0|1,0|3|1|0,0,10,3.552242,0.000429,10,3.552455,0.000360
4,4,9,1,0|4|0|0,0|3|2|0,0,10,3.358472,0.000611,10,3.358283,0.000327
4,4,9,1,0|4|1|0,0|3|0|1,0,10,3.571340,0.000388,10,3.571644,0.000561
4,4,9,1,0|4|1|1,0|3|0|0,0,10,3.522190,0.000539,10,3.522073,0.000448
4,4,9,1,0|4|1|0,0|3|1|0,0,10,3.359623,0.000317,10,3.359561,0.000427
4,4,9,1,0|4|2|0,0|3|0|0,0,10,3.350642,0.000453,10,3.350824,0.000476
4,4,9,1,0|4|0|0,0|4|0|1,0,10,3.456185,0.000493,10,3.456061,0.000327
4,4,9,1,0|4|0|1,0|4|0|0,0,10,3.411364,0.000411,10,3.411585,0.000556
4,4,9,1,0|4|0|0,0|4|1|0,0,10,3.319258,0.000417,10,3.319672,0.000403
4,4,9,1,0|4|1|0,0|4|0|0,0,10,3.300167,0.000360,10,3.300068,0.000530
4,4,9,1,0|4|0|0,0|5|0|0,0,10,3.127468,0.000645,10,3.127252,0.000498
4,4,9,1,0|5|0|0,0|0|0|4,0,10,3.635389,0.000538,10,3.635362,0.000350
4,4,9,1,0|5|0|1,0|0|0|3,0,10,3.637069,0.000463,10,3.636997,0.000657
4,4,9,1,0|5|0|2,0|0|0|2,0,10,3.632618,0.000634,10,3.632804,0.000501
4,4,9,1,0|5|0|3,0|0|0|1,0,10,3.625689,0.000540,10,3.625776,0.000416
4,4,9,1,0|5|0|4,0|0|0|0,0,10,3.612619,0.000579,10,3.612505,0.000744
4,4,9,1,0|5|0|0,0|0|1|3,0,10,3.748341,0.000546,10,3.748668,0.000575
4,4,9,1,0|5|0|1,0|0|1|2,0,10,3.748505,0.000791,10,3.748192,0.000725
4,4,9,1,0|5|0|2,0|0|1|1,0,10,3.736840,0.000728,10,3.736298,0.000658
4,4,9,1,0|5|0|3,0|0|1|0,0,10,3.712818,0.000425,10,3.712826,0.000896
4,4,9,1,0|5|0|0,0|0|2|2,0,10,3.717905,0.000404,10,3.717688,0.000427
4,4,9,1,0|5|0|1,0|0|2|1,0,10,3.711498,0.000550,10,3.712108,0.000566
4,4,9,1,0|5|0|2,0|0|2|0,0,10,3.676355,0.000643,10,3.676311,0.000463
4,4,9,1,0|5|0|0,0|0|3|1,0,10,3.628499,0.000479,10,3.628486,0.000328
4,4,9,1,0|5|0|1,0|0|3|0,0,10,3.588313,0.000547,10,3.588254,0.000364
4,4,9,1,0|5|0|0,0|0|4|0,0,10,3.372287,0.000488,10,3.372139,0.000465
4,4,9,1,0|5|1|0,0|0|0|3,0,10,3.728038,0.000556,10,3.728229,0.000405
4,4,9,1,0|5|1|1,0|0|0|2,0,10,3.725330,0.000668,10,3.725372,0.000539
4,4,9,1,0|5|1|2,0|0|0|1,0,10,3.710917,0.000559,10,3.710866,0.000606
4,4,9,1,0|5|1|3,0|0|0|0,0,10,3.683851,0.000480,10,3.684104,0.000646
4,4,9,1,0|5|1|0,0|0|1|2,0,10,3.712649,0.000407,10,3.712553,0.000708
4,4,9,1,0|5|1|1,0|0|1|1,0,10,3.702376,0.000444,10,3.702424,0.000553
4,4,9,1,0|5|1|2,0|0|1|0,0,10,3.666286,0.000553,10,3.666257,0.000370
4,4,9,1,0|5|1|0,0|0|2|1,0,10,3.625253,0.000478,10,3.625103,0.000248
4,4,9,1,0|5|1|1,0|0|2|0,0,10,3.581770,0.000390,10,3.581283,0.000289
4,4,9,1,0|5|1|0,0|0|3|0,0,10,3.377413,0.000273,10,3.377538,0.000399
4,4,9,1,0|5|2|0,0|0|0|2,0,10,3.701202,0.000390,10,3.701115,0.000452
4,4,9,1,0|5|2|1,0|0|0|1,0,10,3.690779,0.000489,10,3.690990,0.000429
4,4,9,1,0|5|2|2,0|0|0|0,0,10,3.649615,0.000598,10,3.649450,0.000572
4,4,9,1,0|5|2|0,0|0|1|1,0,10,3.621307,0.000523,10,3.621383,0.000458
4,4,9,1,0|5|2|1,0|0|1|0,0,10,3.575809,0.000636,10,3.575847,0.000328
4,4,9,1,0|5|2|0,0|0|2|0,0,10,3.378760,0.000277,10,3.378926,0.000160
4,4,9,1,0|5|3|0,0|0|0|1,0,10,3.617083,0.000443,10,3.617126,0.000406
4,4,9,1,0|5|3|1,0|0|0|0,0,10,3.570937,0.000663,10,3.570810,0.000454
4,4,9,1,0|5|3|0,0|0|1|0,0,10,3.378539,0.000224,10,3.378690,0.000366
4,4,9,1,0|5|4|0,0|0|0|0,0,10,3.377349,0.000345,10,3.377197,0.000383
4,4,9,1,0|5|0|0,0|1|0|3,0,10,3.609243,0.000326,10,3.609185,0.000447
4,4,9,1,0|5|0|1,0|1|0|2,0,10,3.609919,0.000511,10,3.610004,0.000411
4,4,9,1,0|5|0|2,0|1|0|1,0,10,3.599956,0.000430,10,3.599673,0.000538
4,4,9,1,0|5|0|3,0|1|0|0,0,10,3.579094,0.000540,10,3.578682,0.000486
4,4,9,1,0|5|0|0,0|1|1|2,0,10,3.696289,0.000548,10,3.696192,0.000798
4,4,9,1,0|5|0|1,0|1|1|1,0,10,3.688505,0.000752,10,3.688942,0.000660
4,4,9,1,0|5|0|2,0|1|1|0,0,10,3.654137,0.000752,10,3.654153,0.000560
4,4,9,1,0|5|0|0,0|1|2|1,0,10,3.621263,0.000528,10,3.621283,0.000531
4,4,9,1,0|5|0|1,0|1|2|0,0,10,3.580468,0.000442,10,3.580557,0.000526
4,4,9,1,0|5|0|0,0|1|3|0,0,10,3.369098,0.000307,10,3.369220,0.000438
4,4,9,1,0|5|1|0,0|1|0|2,0,10,3.674502,0.000659,10,3.674366,0.000869
4,4,9,1,0|5|1|1,0|1|0|1,0,10,3.662313,0.000665,10,3.662404,0.000491
4,4,9,1,0|5|1|2,0|1|0|0,0,10,3.623528,0.000619,10,3.623210,0.000696
4,4,9,1,0|5|1|0,0|1|1|1,0,10,3.615407,0.000673,10,3.614987,0.000433
4,4,9,1,0|5|1|1,0|1|1|0,0,10,3.570162,0.000406,10,3.570296,0.000350
4,4,9,1,0|5|1|0,0|1|2|0,0,10,3.373700,0.000231,10,3.373290,0.000535
4,4,9,1,0|5|2|0,0|1|0|1,0,10,3.604705,0.000487,10,3.604666,0.000410
4,4,9,1,0|5|2|1,0|1|0|0,0,10,3.556836,0.000378,10,3.556873,0.000402
4,4,9,1,0|5|2|0,0|1|1|0,0,10,3.373198,0.000455,10,3.373157,0.000357
4,4,9,1,0|5|3|0,0|1|0|0,0,10,3.369559,0.000436,10,3.369570,0.000356
4,4,9,1,0|5|0|0,0|2|0|2,0,10,3.561217,0.000631,10,3.561182,0.000395
4,4,9,1,0|5|0|1,0|2|0|1,0,10,3.554235,0.000646,10,3.554513,0.000289
4,4,9,1,0|5|0|2,0|2|0|0,0,10,3.521433,0.000611,10,3.521249,0.000545
4,4,9,1,0|5|0|0,0|2|1|1,0,10,3.594039,0.000563,10,3.594149,0.000299
4,4,9,1,0|5|0|1,0|2|1|0,0,10,3.552314,0.000470,10,3.552662,0.000229
4,4,9,1,0|5|0|0,0|2|2|0,0,10,3.358441,0.000276,10,3.358319,0.000297
4,4,9,1,0|5|1|0,0|2|0|1,0,10,3.571688,0.000525,10,3.571247,0.000569
4,4,9,1,0|5|1|1,0|2|0|0,0,10,3.521988,0.000420,10,3.522149,0.000527
4,4,9,1,0|5|1|0,0|2|1|0,0,10,3.359354,0.000396,10,3.359759,0.000323
4,4,9,1,0|5|2|0,0|2|0|0,0,10,3.350524,0.000368,10,3.350491,0.000315
4,4,9,1,0|5|0|0,0|3|0|1,0,10,3.455746,0.000399,10,3.455807,0.000567
4,4,9,1,0|5|0|1,0|3|0|0,0,10,3.411686,0.000279,10,3.411588,0.000420
4,4,9,1,0|5|0|0,0|3|1|0,0,10,3.319403,0.000408,10,3.319485,0.000319
4,4,9,1,0|5|1|0,0|3|0|0,0,10,3.300061,0.000394,10,3.300064,0.000382
4,4,9,1,0|5|0|0,0|4|0|0,0,10,3.127307,0.000465,10,3.127366,0.000586
4,4,9,1,0|6|0|0,0|0|0|3,0,10,3.609389,0.000534,10,3.609459,0.000394
4,4,9,1,0|6|0|1,0|0|0|2,0,10,3.610090,0.000327,10,3.610437,0.000467
4,4,9,1,0|6|0|2,0|0|0|1,0,10,3.599660,0.000590,10,3.600063,0.000422
4,4,9,1,0|6|0|3,0|0|0|0,0,10,3.578695,0.000377,10,3.578762,0.000582
4,4,9,1,0|6|0|0,0|0|1|2,0,10,3.696049,0.000621,10,3.696172,0.000385
4,4,9,1,0|6|0|1,0|0|1|1,0,10,3.688380,0.000525,10,3.688813,0.000364
4,4,9,1,0|6|0|2,0|0|1|0,0,10,3.654089,0.000371,10,3.653810,0.000690
4,4,9,1,0|6|0|0,0|0|2|1,0,10,3.621073,0.000483,10,3.621095,0.000517
4,4,9,1,0|6|0|1,0|0|2|0,0,10,3.580436,0.000374,10,3.580419,0.000453
4,4,9,1,0|6|0|0,0|0|3|0,0,10,3.368991,0.000524,10,3.369178,0.000515
4,4,9,1,0|6|1|0,0|0|0|2,0,10,3.674699,0.000628,10,3.674293,0.000616
4,4,9,1,0|6|1|1,0|0|0|1,0,10,3.662687,0.000613,10,3.662639,0.000681
4,4,9,1,0|6|1|2,0|0|0|0,0,10,3.623797,0.000299,10,3.623733,0.000595
4,4,9,1,0|6|1|0,0|0|1|1,0,10,3.615309,0.000406,10,3.615029,0.000446
4,4,9,1,0|6|1|1,0|0|1|0,0,10,3.570321,0.000564,10,3.570366,0.000503
4,4,9,1,0|6|1|0,0|0|2|0,0,10,3.373747,0.000274,10,3.373488,0.000379
4,4,9,1,0|6|2|0,0|0|0|1,0,10,3.604509,0.000554,10,3.604759,0.000626
4,4,9,1,0|6|2|1,0|0|0|0,0,10,3.556765,0.000389,10,3.556560,0.000478
4,4,9,1,0|6|2|0,0|0|1|0,0,10,3.373395,0.000382,10,3.373230,0.000335
4,4,9,1,0|6|3|0,0|0|0|0,0,10,3.369450,0.000482,10,3.369594,0.000356
4,4,9,1,0|6|0|0,0|1|0|2,0,10,3.561010,0.000544,10,3.561047,0.000401
4,4,9,1,0|6|0|1,0|1|0|1,0,10,3.554560,0.000420,10,3.554458,0.000568
4,4,9,1,0|6|0|2,0|1|0|0,0,10,3.521283,0.000458,10,3.521714,0.000478
4,4,9,1,0|6|0|0,0|1|1|1,0,10,3.594052,0.000395,10,3.593947,0.000620
4,4,9,1,0|6|0|1,0|1|1|0,0,10,3.552445,0.000455,10,3.552691,0.000366
4,4,9,1,0|6|0|0,0|1|2|0,0,10,3.358542,0.000393,10,3.358365,0.000478
4,4,9,1,0|6|1|0,0|1|0|1,0,10,3.571663,0.000552,10,3.571333,0.000726
4,4,9,1,0|6|1|1,0|1|0|0,0,10,3.521977,0.000474,10,3.521829,0.000524
4,4,9,1,0|6|1|0,0|1|1|0,0,10,3.359576,0.000506,10,3.359321,0.000546
4,4,9,1,0|6|2|0,0|1|0|0,0,10,3.350772,0.000323,10,3.350627,0.000335
4,4,9,1,0|6|0|0,0|2|0|1,0,10,3.455832,0.000562,10,3.455784,0.000525
4,4,9,1,0|6|0|1,0|2|0|0,0,10,3.411708,0.000462,10,3.411604,0.000491
4,4,9,1,0|6|0|0,0|2|1|0,0,10,3.319440,0.000466,10,3.319522,0.000472
4,4,9,1,0|6|1|0,0|2|0|0,0,10,3.300151,0.000479,10,3.300140,0.000238
4,4,9,1,0|6|0|0,0|3|0|0,0,10,3.127379,0.000547,10,3.127436,0.000512
4,4,9,1,0|7|0|0,0|0|0|2,0,10,3.561015,0.000598,10,3.560866,0.000642
4,4,9,1,0|7|0|1,0|0|0|1,0,10,3.554644,0.000405,10,3.554143,0.000334
4,4,9,1,0|7|0|2,0|0|0|0,0,10,3.521432,0.000412,10,3.521353,0.000433
4,4,9,1,0|7|0|0,0|0|1|1,0,10,3.593841,0.000485,10,3.594157,0.000495
4,4,9,1,0|7|0|1,0|0|1|0,0,10,3.552363,0.000426,10,3.552621,0.000520
4,4,9,1,0|7|0|0,0|0|2|0,0,10,3.358217,0.000340,10,3.358472,0.000369
4,4,9,1,0|7|1|0,0|0|0|1,0,10,3.571311,0.000426,10,3.571649,0.000425
4,4,9,1,0|7|1|1,0|0|0|0,0,10,3.522324,0.000593,10,3.521772,0.000569
4,4,9,1,0|7|1|0,0|0|1|0,0,10,3.359563,0.000306,10,3.359558,0.000380
4,4,9,1,0|7|2|0,0|0|0|0,0,10,3.350562,0.000472,10,3.350465,0.000539
4,4,9,1,0|7|0|0,0|1|0|1,0,10,3.455633,0.000486,10,3.455960,0.000464
4,4,9,1,0|7|0|1,0|1|0|0,0,10,3.411685,0.000410,10,3.411664,0.000345
4,4,9,1,0|7|0|0,0|1|1|0,0,10,3.319507,0.000419,10,3.319549,0.000423
4,4,9,1,0|7|1|0,0|1|0|0,0,10,3.300475,0.000555,10,3.299981,0.000438
4,4,9,1,0|7|0|0,0|2|0|0,0,10,3.127311,0.000646,10,3.127645,0.000571
4,4,9,1,0|8|0|0,0|0|0|1,0,10,3.455904,0.000502,10,3.455868,0.000478
4,4,9,1,0|8|0|1,0|0|0|0,0,10,3.411682,0.000356,10,3.411499,0.000422
4,4,9,1,0|8|0|0,0|0|1|0,0,10,3.319544,0.000586,10,3.319479,0.000325
4,4,9,1,0|8|1|0,0|0|0|0,0,10,3.300248,0.000338,10,3.300201,0.000427
4,4,9,1,0|8|0|0,0|1|0|0,0,10,3.127278,0.000439,10,3.127325,0.000573
4,4,9,1,0|9|0|0,0|0|0|0,0,10,3.127074,0.000581,10,3.127388,0.000793
