n,m,B,dual,c_forward,c_backward,structured,r1,mean1,sd1,r3,mean3,sd3
4,5,9,1,0|0|0|0|0,0|0|0|0|9,1,30,3.887068,0.001094,0,,
4,5,9,1,0|0|0|0|1,0|0|0|0|8,0,10,3.887830,0.000894,10,3.887569,0.000884
4,5,9,1,0|0|0|0|2,0|0|0|0|7,0,10,3.887104,0.000700,10,3.887716,0.001012
4,5,9,1,0|0|0|0|3,0|0|0|0|6,0,10,3.887890,0.000980,10,3.887231,0.001002
4,5,9,1,0|0|0|0|4,0|0|0|0|5,0,10,3.887422,0.000538,10,3.887549,0.001120
4,5,9,1,0|0|0|0|5,0|0|0|0|4,0,10,3.886945,0.000934,10,3.887445,0.000902
4,5,9,1,0|0|0|0|6,0|0|0|0|3,0,10,3.887175,0.000648,10,3.886126,0.001115
4,5,9,1,0|0|0|0|7,0|0|0|0|2,0,10,3.886155,0.001577,10,3.886544,0.001061
4,5,9,1,0|0|0|0|8,0|0|0|0|1,0,10,3.885773,0.001235,10,3.886054,0.001399
4,5,9,1,0|0|0|0|9,0|0|0|0|0,0,10,3.885506,0.000999,10,3.885664,0.001040
4,5,9,1,0|0|0|0|0,0|0|0|1|8,1,30,3.932715,0.001307,0,,
4,5,9,1,0|0|0|0|1,0|0|0|1|7,0,10,3.934277,0.001360,10,3.933585,0.000928
4,5,9,1,0|0|0|0|2,0|0|0|1|6,0,10,3.933568,0.001278,10,3.934337,0.001047
4,5,9,1,0|0|0|0|3,0|0|0|1|5,0,10,3.933603,0.001314,10,3.934005,0.001282
4,5,9,1,0|0|0|0|4,0|0|0|1|4,0,10,3.933174,0.001193,10,3.933872,0.001768
4,5,9,1,0|0|0|0|5,0|0|0|1|3,0,10,3.934048,0.001023,10,3.934165,0.001282
4,5,9,1,0|0|0|0|6,0|0|0|1|2,0,10,3.933912,0.001422,10,3.933123,0.001404
4,5,9,1,0|0|0|0|7,0|0|0|1|1,0,10,3.933450,0.001310,10,3.932528,0.001203
4,5,9,1,0|0|0|0|8,0|0|0|1|0,0,10,3.933526,0.000954,10,3.932995,0.001124
4,5,9,1,0|0|0|0|0,0|0|0|2|7,1,30,3.938342,0.000959,0,,
4,5,9,1,0|0|0|0|1,0|0|0|2|6,0,10,3.938376,0.001182,10,3.938500,0.001033
4,5,9,1,0|0|0|0|2,0|0|0|2|5,0,10,3.939158,0.001629,10,3.938689,0.001053
4,5,9,1,0|0|0|0|3,0|0|0|2|4,0,10,3.938733,0.001063,10,3.938958,0.001400
4,5,9,1,0|0|0|0|4,0|0|0|2|3,0,10,3.938880,0.001106,10,3.938229,0.001504
4,5,9,1,0|0|0|0|5,0|0|0|2|2,0,10,3.938109,0.000773,10,3.938742,0.001685
4,5,9,1,0|0|0|0|6,0|0|0|2|1,0,10,3.937824,0.000803,10,3.937678,0.001444
4,5,9,1,0|0|0|0|7,0|0|0|2|0,0,10,3.937304,0.001064,10,3.937986,0.000720
4,5,9,1,0|0|0|0|0,0|0|0|3|6,1,30,3.938030,0.001239,0,,
4,5,9,1,0|0|0|0|1,0|0|0|3|5,0,10,3.939802,0.001438,10,3.939255,0.001006
4,5,9,1,0|0|0|0|2,0|0|0|3|4,0,10,3.939225,0.001165,10,3.938795,0.001061
4,5,9,1,0|0|0|0|3,0|0|0|3|3,0,10,3.939337,0.001236,10,3.938869,0.000763
4,5,9,1,0|0|0|0|4,0|0|0|3|2,0,10,3.938600,0.001786,10,3.938150,0.001553
4,5,9,1,0|0|0|0|5,0|0|0|3|1,0,10,3.937447,0.001222,10,3.938092,0.001545
4,5,9,1,0|0|0|0|6,0|0|0|3|0,0,10,3.936568,0.000821,10,3.936544,0.001255
4,5,9,1,0|0|0|0|0,0|0|0|4|5,1,30,3.936271,0.001170,0,,
4,5,9,1,0|0|0|0|1,0|0|0|4|4,0,10,3.937567,0.000629,10,3.937763,0.001171
4,5,9,1,0|0|0|0|2,0|0|0|4|3,0,10,3.937122,0.001153,10,3.937798,0.001264
4,5,9,1,0|0|0|0|3,0|0|0|4|2,0,10,3.936623,0.001796,10,3.936621,0.000977
4,5,9,1,0|0|0|0|4,0|0|0|4|1,0,10,3.935716,0.000927,10,3.935341,0.000949
4,5,9,1,0|0|0|0|5,0|0|0|4|0,0,10,3.933994,0.000927,10,3.932838,0.001507
4,5,9,1,0|0|0|0|0,0|0|0|5|4,0,10,3.932624,0.000980,10,3.932242,0.001589
4,5,9,1,0|0|0|0|1,0|0|0|5|3,0,10,3.934356,0.001151,10,3.933962,0.000670
4,5,9,1,0|0|0|0|2,0|0|0|5|2,0,10,3.932882,0.001363,10,3.933508,0.001465
4,5,9,1,0|0|0|0|3,0|0|0|5|1,0,10,3.931275,0.000781,10,3.931596,0.001467
4,5,9,1,0|0|0|0|4,0|0|0|5|0,0,10,3.927180,0.000802,10,3.927214,0.000811
4,5,9,1,0|0|0|0|0,0|0|0|6|3,0,10,3.926210,0.001291,10,3.925718,0.001495
4,5,9,1,0|0|0|0|1,0|0|0|6|2,0,10,3.927213,0.000955,10,3.927312,0.001216
4,5,9,1,0|0|0|0|2,0|0|0|6|1,0,10,3.924026,0.000791,10,3.924615,0.000911
4,5,9,1,0|0|0|0|3,0|0|0|6|0,0,10,3.916909,0.000744,10,3.916577,0.001049
4,5,9,1,0|0|0|0|0,0|0|0|7|2,0,10,3.911141,0.000722,10,3.910841,0.000935
4,5,9,1,0|0|0|0|1,0|0|0|7|1,0,10,3.911276,0.001056,10,3.911072,0.001357
4,5,9,1,0|0|0|0|2,0|0|0|7|0,0,10,3.897947,0.000841,10,3.898199,0.000772
4,5,9,1,0|0|0|0|0,0|0|0|8|1,0,10,3.872060,0.000819,10,3.872059,0.000526
4,5,9,1,0|0|0|0|1,0|0|0|8|0,0,10,3.856406,0.000869,10,3.856720,0.000556
4,5,9,1,0|0|0|0|0,0|0|0|9|0,0,10,3.727956,0.000386,10,3.728321,0.000423
4,5,9,1,0|0|0|1|0,0|0|0|0|8,0,10,3.929689,0.001002,10,3.930209,0.001383
4,5,9,1,0|0|0|1|1,0|0|0|0|7,0,10,3.930155,0.001490,10,3.930834,0.001151
4,5,9,1,0|0|0|1|2,0|0|0|0|6,0,10,3.930324,0.001019,10,3.930650,0.000835
4,5,9,1,0|0|0|1|3,0|0|0|0|5,0,10,3.930875,0.001027,10,3.930618,0.001494
4,5,9,1,0|0|0|1|4,0|0|0|0|4,0,10,3.930303,0.001543,10,3.929640,0.001464
4,5,9,1,0|0|0|1|5,0|0|0|0|3,0,10,3.930159,0.001338,10,3.930080,0.001599
4,5,9,1,0|0|0|1|6,0|0|0|0|2,0,10,3.929557,0.001178,10,3.929954,0.001182
4,5,9,1,0|0|0|1|7,0|0|0|0|1,0,10,3.929450,0.001686,10,3.929500,0.001027
4,5,9,1,0|0|0|1|8,0|0|0|0|0,0,10,3.929386,0.001302,10,3.929068,0.001254
4,5,9,1,0|0|0|1|0,0|0|0|1|7,0,10,3.938041,0.001129,10,3.937382,0.001426
4,5,9,1,0|0|0|1|1,0|0|0|1|6,0,10,3.938681,0.001257,10,3.938782,0.000773
4,5,9,1,0|0|0|1|2,0|0|0|1|5,0,10,3.938995,0.001040,10,3.938634,0.000972
4,5,9,1,0|0|0|1|3,0|0|0|1|4,0,10,3.938858,0.001647,10,3.938109,0.001064
4,5,9,1,0|0|0|1|4,0|0|0|1|3,0,10,3.937882,0.001218,10,3.938578,0.001241
4,5,9,1,0|0|0|1|5,0|0|0|1|2,0,10,3.937886,0.001472,10,3.938159,0.001883
4,5,9,1,0|0|0|1|6,0|0|0|1|1,0,10,3.937150,0.001342,10,3.938144,0.001364
4,5,9,1,0|0|0|1|7,0|0|0|1|0,0,10,3.936844,0.001718,10,3.937034,0.000817
4,5,9,1,0|0|0|1|0,0|0|0|2|6,0,10,3.938906,0.001350,10,3.938908,0.001317
4,5,9,1,0|0|0|1|1,0|0|0|2|5,0,10,3.939507,0.001223,10,3.939123,0.001528
4,5,9,1,0|0|0|1|2,0|0|0|2|4,0,10,3.939021,0.001130,10,3.939356,0.001282
4,5,9,1,0|0|0|1|3,0|0|0|2|3,0,10,3.938871,0.001598,10,3.939028,0.001367
4,5,9,1,0|0|0|1|4,0|0|0|2|2,0,10,3.938417,0.000966,10,3.938752,0.000874
4,5,9,1,0|0|0|1|5,0|0|0|2|1,0,10,3.937410,0.000971,10,3.937659,0.001328
4,5,9,1,0|0|0|1|6,0|0|0|2|0,0,10,3.936140,0.000946,10,3.936425,0.001309
4,5,9,1,0|0|0|1|0,0|0|0|3|5,0,10,3.936835,0.001488,10,3.937155,0.001018
4,5,9,1,0|0|0|1|1,0|0|0|3|4,0,10,3.937541,0.000741,10,3.938354,0.001696
4,5,9,1,0|0|0|1|2,0|0|0|3|3,0,10,3.937395,0.001291,10,3.937366,0.001216
4,5,9,1,0|0|0|1|3,0|0|0|3|2,0,10,3.937334,0.001555,10,3.936181,0.001457
4,5,9,1,0|0|0|1|4,0|0|0|3|1,0,10,3.936156,0.001255,10,3.935500,0.001071
4,5,9,1,0|0|0|1|5,0|0|0|3|0,0,10,3.933828,0.001144,10,3.933926,0.001390
4,5,9,1,0|0|0|1|0,0|0|0|4|4,0,10,3.933894,0.001418,10,3.932917,0.000802
4,5,9,1,0|0|0|1|1,0|0|0|4|3,0,10,3.934607,0.001282,10,3.933639,0.001505
4,5,9,1,0|0|0|1|2,0|0|0|4|2,0,10,3.933390,0.000756,10,3.933863,0.000930
4,5,9,1,0|0|0|1|3,0|0|0|4|1,0,10,3.931842,0.001158,10,3.930654,0.001059
4,5,9,1,0|0|0|1|4,0|0|0|4|0,0,10,3.928006,0.001193,10,3.927708,0.000827
4,5,9,1,0|0|0|1|0,0|0|0|5|3,0,10,3.925925,0.000801,10,3.926251,0.001101
4,5,9,1,0|0|0|1|1,0|0|0|5|2,0,10,3.928007,0.001154,10,3.927683,0.000808
4,5,9,1,0|0|0|1|2,0|0|0|5|1,0,10,3.924363,0.001190,10,3.923993,0.001440
4,5,9,1,0|0|0|1|3,0|0|0|5|0,0,10,3.917772,0.001249,10,3.916993,0.001374
4,5,9,1,0|0|0|1|0,0|0|0|6|2,0,10,3.910666,0.001117,10,3.910621,0.001306
4,5,9,1,0|0|0|1|1,0|0|0|6|1,0,10,3.909464,0.000870,10,3.909917,0.001108
4,5,9,1,0|0|0|1|2,0|0|0|6|0,0,10,3.896962,0.000368,10,3.896942,0.000647
4,5,9,1,0|0|0|1|0,0|0|0|7|1,0,10,3.871253,0.000741,10,3.871037,0.000654
4,5,9,1,0|0|0|1|1,0|0|0|7|0,0,10,3.855005,0.000586,10,3.855628,0.000610
4,5,9,1,0|0|0|1|0,0|0|0|8|0,0,10,3.729162,0.000537,10,3.729231,0.000492
4,5,9,1,0|0|0|2|0,0|0|0|0|7,0,10,3.936245,0.001244,10,3.936158,0.001030
4,5,9,1,0|0|0|2|1,0|0|0|0|6,0,10,3.936071,0.001131,10,3.936359,0.001484
4,5,9,1,0|0|0|2|2,0|0|0|0|5,0,10,3.936903,0.000890,10,3.936483,0.001271
4,5,9,1,0|0|0|2|3,0|0|0|0|4,0,10,3.936390,0.001430,10,3.935603,0.001244
4,5,9,1,0|0|0|2|4,0|0|0|0|3,0,10,3.935966,0.001008,10,3.935815,0.001397
4,5,9,1,0|0|0|2|5,0|0|0|0|2,0,10,3.935524,0.001394,10,3.935221,0.000597
4,5,9,1,0|0|0|2|6,0|0|0|0|1,0,10,3.933906,0.001162,10,3.934329,0.000827
4,5,9,1,0|0|0|2|7,0|0|0|0|0,0,10,3.933631,0.001181,10,3.933647,0.001048
4,5,9,1,0|0|0|2|0,0|0|0|1|6,0,10,3.938223,0.001126,10,3.937607,0.001288
4,5,9,1,0|0|0|2|1,0|0|0|1|5,0,10,3.939286,0.000496,10,3.938164,0.001350
4,5,9,1,0|0|0|2|2,0|0|0|1|4,0,10,3.937779,0.001056,10,3.937853,0.001216
4,5,9,1,0|0|0|2|3,0|0|0|1|3,0,10,3.938076,0.001435,10,3.937434,0.000999
4,5,9,1,0|0|0|2|4,0|0|0|1|2,0,10,3.938098,0.001555,10,3.938055,0.000942
4,5,9,1,0|0|0|2|5,0|0|0|1|1,0,10,3.936750,0.001237,10,3.936541,0.000879
4,5,9,1,0|0|0|2|6,0|0|0|1|0,0,10,3.935362,0.001429,10,3.935686,0.001324
4,5,9,1,0|0|0|2|0,0|0|0|2|5,0,10,3.936820,0.000934,10,3.936781,0.001158
4,5,9,1,0|0|0|2|1,0|0|0|2|4,0,10,3.936957,0.001553,10,3.937442,0.001342
4,5,9,1,0|0|0|2|2,0|0|0|2|3,0,10,3.936599,0.001452,10,3.936927,0.001275
4,5,9,1,0|0|0|2|3,0|0|0|2|2,0,10,3.936570,0.001283,10,3.936063,0.000818
4,5,9,1,0|0|0|2|4,0|0|0|2|1,0,10,3.934375,0.001217,10,3.934779,0.001040
4,5,9,1,0|0|0|2|5,0|0|0|2|0,0,10,3.932421,0.001347,10,3.932492,0.001072
4,5,9,1,0|0|0|2|0,0|0|0|3|4,0,10,3.932645,0.001404,10,3.932505,0.000962
4,5,9,1,0|0|0|2|1,0|0|0|3|3,0,10,3.933872,0.001156,10,3.934787,0.001120
4,5,9,1,0|0|0|2|2,0|0|0|3|2,0,10,3.932577,0.001077,10,3.932136,0.001054
4,5,9,1,0|0|0|2|3,0|0|0|3|1,0,10,3.930955,0.001465,10,3.930473,0.000753
4,5,9,1,0|0|0|2|4,0|0|0|3|0,0,10,3.926113,0.001166,10,3.926588,0.001047
4,5,9,1,0|0|0|2|0,0|0|0|4|3,0,10,3.925284,0.001060,10,3.925899,0.001180
4,5,9,1,0|0|0|2|1,0|0|0|4|2,0,10,3.926196,0.000883,10,3.926033,0.000690
4,5,9,1,0|0|0|2|2,0|0|0|4|1,0,10,3.922470,0.001699,10,3.922533,0.000534
4,5,9,1,0|0|0|2|3,0|0|0|4|0,0,10,3.914956,0.000810,10,3.914950,0.000620
4,5,9,1,0|0|0|2|0,0|0|0|5|2,0,10,3.909544,0.000942,10,3.909362,0.001179
4,5,9,1,0|0|0|2|1,0|0|0|5|1,0,10,3.908492,0.000991,10,3.908550,0.000984
4,5,9,1,0|0|0|2|2,0|0|0|5|0,0,10,3.895059,0.000884,10,3.895167,0.000683
4,5,9,1,0|0|0|2|0,0|0|0|6|1,0,10,3.869958,0.000798,10,3.869654,0.000725
4,5,9,1,0|0|0|2|1,0|0|0|6|0,0,10,3.853294,0.000644,10,3.853020,0.000436
4,5,9,1,0|0|0|2|0,0|0|0|7|0,0,10,3.729764,0.000517,10,3.729949,0.000379
4,5,9,1,0|0|0|3|0,0|0|0|0|6,0,10,3.936799,0.001359,10,3.936535,0.001236
4,5,9,1,0|0|0|3|1,0|0|0|0|5,0,10,3.937678,0.001778,10,3.937217,0.001068
4,5,9,1,0|0|0|3|2,0|0|0|0|4,0,10,3.937375,0.001228,10,3.937205,0.001552
4,5,9,1,0|0|0|3|3,0|0|0|0|3,0,10,3.937019,0.000818,10,3.936747,0.000809
4,5,9,1,0|0|0|3|4,0|0|0|0|2,0,10,3.935637,0.001409,10,3.935394,0.000781
4,5,9,1,0|0|0|3|5,0|0|0|0|1,0,10,3.934833,0.000799,10,3.934918,0.000655
4,5,9,1,0|0|0|3|6,0|0|0|0|0,0,10,3.933149,0.000957,10,3.933088,0.000971
4,5,9,1,0|0|0|3|0,0|0|0|1|5,0,10,3.936422,0.001230,10,3.934928,0.000701
4,5,9,1,0|0|0|3|1,0|0|0|1|4,0,10,3.936671,0.001293,10,3.936985,0.001466
4,5,9,1,0|0|0|3|2,0|0|0|1|3,0,10,3.936580,0.001109,10,3.936033,0.001783
4,5,9,1,0|0|0|3|3,0|0|0|1|2,0,10,3.934550,0.001492,10,3.935599,0.000710
4,5,9,1,0|0|0|3|4,0|0|0|1|1,0,10,3.933894,0.001070,10,3.933396,0.001153
4,5,9,1,0|0|0|3|5,0|0|0|1|0,0,10,3.931134,0.001107,10,3.930879,0.000849
4,5,9,1,0|0|0|3|0,0|0|0|2|4,0,10,3.931877,0.001655,10,3.932372,0.001213
4,5,9,1,0|0|0|3|1,0|0|0|2|3,0,10,3.933641,0.001142,10,3.932857,0.000982
4,5,9,1,0|0|0|3|2,0|0|0|2|2,0,10,3.931902,0.000845,10,3.932440,0.001263
4,5,9,1,0|0|0|3|3,0|0|0|2|1,0,10,3.929417,0.001606,10,3.929348,0.001048
4,5,9,1,0|0|0|3|4,0|0|0|2|0,0,10,3.925020,0.001323,10,3.924947,0.001401
4,5,9,1,0|0|0|3|0,0|0|0|3|3,0,10,3.924331,0.001381,10,3.924453,0.001024
4,5,9,1,0|0|0|3|1,0|0|0|3|2,0,10,3.925644,0.001046,10,3.926092,0.001183
4,5,9,1,0|0|0|3|2,0|0|0|3|1,0,10,3.921374,0.000879,10,3.921619,0.001140
4,5,9,1,0|0|0|3|3,0|0|0|3|0,0,10,3.913759,0.000869,10,3.913525,0.000990
4,5,9,1,0|0|0|3|0,0|0|0|4|2,0,10,3.908990,0.001017,10,3.908533,0.000912
4,5,9,1,0|0|0|3|1,0|0|0|4|1,0,10,3.907896,0.000794,10,3.907366,0.001050
4,5,9,1,0|0|0|3|2,0|0|0|4|0,0,10,3.893374,0.000286,10,3.893079,0.000827
4,5,9,1,0|0|0|3|0,0|0|0|5|1,0,10,3.868896,0.000600,10,3.869017,0.000392
4,5,9,1,0|0|0|3|1,0|0|0|5|0,0,10,3.851936,0.000491,10,3.851740,0.000507
4,5,9,1,0|0|0|3|0,0|0|0|6|0,0,10,3.730388,0.000571,10,3.730221,0.000582
4,5,9,1,0|0|0|4|0,0|0|0|0|5,0,10,3.934558,0.000979,10,3.934677,0.001177
4,5,9,1,0|0|0|4|1,0|0|0|0|4,0,10,3.935972,0.001106,10,3.936099,0.001075
4,5,9,1,0|0|0|4|2,0|0|0|0|3,0,10,3.935531,0.001111,10,3.935232,0.001531
4,5,9,1,0|0|0|4|3,0|0|0|0|2,0,10,3.934113,0.000948,10,3.933665,0.001061
4,5,9,1,0|0|0|4|4,0|0|0|0|1,0,10,3.931986,0.001425,10,3.932365,0.000889
4,5,9,1,0|0|0|4|5,0|0|0|0|0,0,10,3.929516,0.000820,10,3.929221,0.001283
4,5,9,1,0|0|0|4|0,0|0|0|1|4,0,10,3.930716,0.001441,10,3.930711,0.001391
4,5,9,1,0|0|0|4|1,0|0|0|1|3,0,10,3.932915,0.001544,10,3.932487,0.001020
4,5,9,1,0|0|0|4|2,0|0|0|1|2,0,10,3.930791,0.001038,10,3.931393,0.000927
4,5,9,1,0|0|0|4|3,0|0|0|1|1,0,10,3.928545,0.001197,10,3.928990,0.000634
4,5,9,1,0|0|0|4|4,0|0|0|1|0,0,10,3.923541,0.001138,10,3.923263,0.000901
4,5,9,1,0|0|0|4|0,0|0|0|2|3,0,10,3.923636,0.000814,10,3.923645,0.001341
4,5,9,1,0|0|0|4|1,0|0|0|2|2,0,10,3.925295,0.000959,10,3.925196,0.001307
4,5,9,1,0|0|0|4|2,0|0|0|2|1,0,10,3.921087,0.001230,10,3.921587,0.000439
4,5,9,1,0|0|0|4|3,0|0|0|2|0,0,10,3.912686,0.001027,10,3.912569,0.000619
4,5,9,1,0|0|0|4|0,0|0|0|3|2,0,10,3.907787,0.000656,10,3.908400,0.000471
4,5,9,1,0|0|0|4|1,0|0|0|3|1,0,10,3.907354,0.000953,10,3.907155,0.000930
4,5,9,1,0|0|0|4|2,0|0|0|3|0,0,10,3.892594,0.000670,10,3.892771,0.000587
4,5,9,1,0|0|0|4|0,0|0|0|4|1,0,10,3.868158,0.000487,10,3.868104,0.000516
4,5,9,1,0|0|0|4|1,0|0|0|4|0,0,10,3.851339,0.000629,10,3.851467,0.000531
4,5,9,1,0|0|0|4|0,0|0|0|5|0,0,10,3.730414,0.000327,10,3.730305,0.000531
4,5,9,1,0|0|0|5|0,0|0|0|0|4,0,10,3.930236,0.001440,10,3.930288,0.001190
4,5,9,1,0|0|0|5|1,0|0|0|0|3,0,10,3.932362,0.001322,10,3.932679,0.001648
4,5,9,1,0|0|0|5|2,0|0|0|0|2,0,10,3.930879,0.000875,10,3.930994,0.000866
4,5,9,1,0|0|0|5|3,0|0|0|0|1,0,10,3.927226,0.001548,10,3.927764,0.001068
4,5,9,1,0|0|0|5|4,0|0|0|0|0,0,10,3.922575,0.000972,10,3.922104,0.000569
4,5,9,1,0|0|0|5|0,0|0|0|1|3,0,10,3.923029,0.001049,10,3.922861,0.000843
4,5,9,1,0|0|0|5|1,0|0|0|1|2,0,10,3.924901,0.001343,10,3.924008,0.000810
4,5,9,1,0|0|0|5|2,0|0|0|1|1,0,10,3.920687,0.000697,10,3.920407,0.001140
4,5,9,1,0|0|0|5|3,0|0|0|1|0,0,10,3.911720,0.001242,10,3.911196,0.000803
4,5,9,1,0|0|0|5|0,0|0|0|2|2,0,10,3.907497,0.000890,10,3.907933,0.000801
4,5,9,1,0|0|0|5|1,0|0|0|2|1,0,10,3.906901,0.000781,10,3.907321,0.001092
4,5,9,1,0|0|0|5|2,0|0|0|2|0,0,10,3.891537,0.000810,10,3.891757,0.000623
4,5,9,1,0|0|0|5|0,0|0|0|3|1,0,10,3.867882,0.000584,10,3.867892,0.000673
4,5,9,1,0|0|0|5|1,0|0|0|3|0,0,10,3.851244,0.000637,10,3.850844,0.000666
4,5,9,1,0|0|0|5|0,0|0|0|4|0,0,10,3.730649,0.000350,10,3.730483,0.000625
4,5,9,1,0|0|0|6|0,0|0|0|0|3,0,10,3.922467,0.000891,10,3.922771,0.000886
4,5,9,1,0|0|0|6|1,0|0|0|0|2,0,10,3.924803,0.000846,10,3.924680,0.001155
4,5,9,1,0|0|0|6|2,0|0|0|0|1,0,10,3.920170,0.001145,10,3.920357,0.001035
4,5,9,1,0|0|0|6|3,0|0|0|0|0,0,10,3.911163,0.000887,10,3.910671,0.001064
4,5,9,1,0|0|0|6|0,0|0|0|1|2,0,10,3.907329,0.000927,10,3.907402,0.001236
4,5,9,1,0|0|0|6|1,0|0|0|1|1,0,10,3.906828,0.001270,10,3.906734,0.000905
4,5,9,1,0|0|0|6|2,0|0|0|1|0,0,10,3.891579,0.000875,10,3.891569,0.000697
4,5,9,1,0|0|0|6|0,0|0|0|2|1,0,10,3.867989,0.000661,10,3.868016,0.000459
4,5,9,1,0|0|0|6|1,0|0|0|2|0,0,10,3.851044,0.000652,10,3.850891,0.000793
4,5,9,1,0|0|0|6|0,0|0|0|3|0,0,10,3.730415,0.000492,10,3.730530,0.000418
4,5,9,1,0|0|0|7|0,0|0|0|0|2,0,10,3.906247,0.000666,10,3.906964,0.001077
4,5,9,1,0|0|0|7|1,0|0|0|0|1,0,10,3.906736,0.000828,10,3.905894,0.001062
4,5,9,1,0|0|0|7|2,0|0|0|0|0,0,10,3.891350,0.000916,10,3.891673,0.000841
4,5,9,1,0|0|0|7|0,0|0|0|1|1,0,10,3.867857,0.000462,10,3.867527,0.000770
4,5,9,1,0|0|0|7|1,0|0|0|1|0,0,10,3.851218,0.000514,10,3.850637,0.000715
4,5,9,1,0|0|0|7|0,0|0|0|2|0,0,10,3.730133,0.000611,10,3.730088,0.000503
4,5,9,1,0|0|0|8|0,0|0|0|0|1,0,10,3.867424,0.000754,10,3.867676,0.000455
4,5,9,1,0|0|0|8|1,0|0|0|0|0,0,10,3.850763,0.000406,10,3.850607,0.000422
4,5,9,1,0|0|0|8|0,0|0|0|1|0,0,10,3.730518,0.000435,10,3.729979,0.000386
4,5,9,1,0|0|0|9|0,0|0|0|0|0,0,10,3.729796,0.000516,10,3.729849,0.000505
4,5,9,1,0|0|0|0|0,0|0|1|0|8,0,10,3.921061,0.001327,10,3.920833,0.001444
4,5,9,1,0|0|0|0|1,0|0|1|0|7,0,10,3.922041,0.001130,10,3.921049,0.001431
4,5,9,1,0|0|0|0|2,0|0|1|0|6,0,10,3.922082,0.001221,10,3.922311,0.001451
4,5,9,1,0|0|0|0|3,0|0|1|0|5,0,10,3.922270,0.001599,10,3.922061,0.001560
4,5,9,1,0|0|0|0|4,0|0|1|0|4,0,10,3.921995,0.001178,10,3.921945,0.001495
4,5,9,1,0|0|0|0|5,0|0|1|0|3,0,10,3.922148,0.000719,10,3.921696,0.000966
4,5,9,1,0|0|0|0|6,0|0|1|0|2,0,10,3.921283,0.001012,10,3.921853,0.001676
4,5,9,1,0|0|0|0|7,0|0|1|0|1,0,10,3.921803,0.001334,10,3.921171,0.001547
4,5,9,1,0|0|0|0|8,0|0|1|0|0,0,10,3.921666,0.000924,10,3.920150,0.000894
4,5,9,1,0|0|0|0|0,0|0|1|1|7,1,30,3.944050,0.001515,0,,
4,5,9,1,0|0|0|0|1,0|0|1|1|6,0,10,3.945562,0.001079,10,3.944553,0.001100
4,5,9,1,0|0|0|0|2,0|0|1|1|5,0,10,3.945103,0.001506,10,3.945558,0.001507
4,5,9,1,0|0|0|0|3,0|0|1|1|4,0,10,3.945026,0.001218,10,3.945322,0.001404
4,5,9,1,0|0|0|0|4,0|0|1|1|3,0,10,3.945150,0.001469,10,3.945642,0.000919
4,5,9,1,0|0|0|0|5,0|0|1|1|2,0,10,3.944764,0.001493,10,3.945357,0.001772
4,5,9,1,0|0|0|0|6,0|0|1|1|1,0,10,3.944922,0.001262,10,3.944028,0.000648
4,5,9,1,0|0|0|0|7,0|0|1|1|0,0,10,3.943485,0.001137,10,3.944183,0.001355
4,5,9,1,0|0|0|0|0,0|0|1|2|6,1,30,3.948776,0.001319,0,,
4,5,9,1,0|0|0|0|1,0|0|1|2|5,0,10,3.948888,0.001387,10,3.949564,0.001056
4,5,9,1,0|0|0|0|2,0|0|1|2|4,0,10,3.949108,0.001258,10,3.949013,0.001159
4,5,9,1,0|0|0|0|3,0|0|1|2|3,0,10,3.948712,0.001596,10,3.949478,0.000808
4,5,9,1,0|0|0|0|4,0|0|1|2|2,0,10,3.948871,0.001095,10,3.949704,0.002042
4,5,9,1,0|0|0|0|5,0|0|1|2|1,0,10,3.948983,0.001351,10,3.948795,0.000903
4,5,9,1,0|0|0|0|6,0|0|1|2|0,0,10,3.948078,0.001109,10,3.947984,0.000933
4,5,9,1,0|0|0|0|0,0|0|1|3|5,1,30,3.949792,0.001325,0,,
4,5,9,1,0|0|0|0|1,0|0|1|3|4,0,10,3.950033,0.001407,10,3.950390,0.001565
4,5,9,1,0|0|0|0|2,0|0|1|3|3,0,10,3.949605,0.001434,10,3.950400,0.001216
4,5,9,1,0|0|0|0|3,0|0|1|3|2,0,10,3.950106,0.001353,10,3.950018,0.001028
4,5,9,1,0|0|0|0|4,0|0|1|3|1,0,10,3.948833,0.001261,10,3.949059,0.000834
4,5,9,1,0|0|0|0|5,0|0|1|3|0,0,10,3.947911,0.001195,10,3.947902,0.001149
4,5,9,1,0|0|0|0|0,0|0|1|4|4,1,30,3.948988,0.001111,0,,
4,5,9,1,0|0|0|0|1,0|0|1|4|3,0,10,3.949141,0.001070,10,3.949867,0.001560
4,5,9,1,0|0|0|0|2,0|0|1|4|2,0,10,3.948915,0.001449,10,3.949487,0.001405
4,5,9,1,0|0|0|0|3,0|0|1|4|1,0,10,3.948576,0.001181,10,3.948769,0.001108
4,5,9,1,0|0|0|0|4,0|0|1|4|0,0,10,3.946912,0.001135,10,3.946455,0.000971
4,5,9,1,0|0|0|0|0,0|0|1|5|3,0,10,3.947507,0.000797,10,3.947203,0.001011
4,5,9,1,0|0|0|0|1,0|0|1|5|2,0,10,3.947866,0.000665,10,3.948287,0.001253
4,5,9,1,0|0|0|0|2,0|0|1|5|1,0,10,3.946003,0.001095,10,3.947607,0.000539
4,5,9,1,0|0|0|0|3,0|0|1|5|0,0,10,3.943558,0.001223,10,3.943375,0.000883
4,5,9,1,0|0|0|0|0,0|0|1|6|2,0,10,3.941686,0.001053,10,3.942112,0.000649
4,5,9,1,0|0|0|0|1,0|0|1|6|1,0,10,3.941338,0.000950,10,3.941868,0.000888
4,5,9,1,0|0|0|0|2,0|0|1|6|0,0,10,3.936620,0.000577,10,3.936675,0.001095
4,5,9,1,0|0|0|0|0,0|0|1|7|1,0,10,3.926960,0.000795,10,3.926728,0.001003
4,5,9,1,0|0|0|0|1,0|0|1|7|0,0,10,3.920743,0.000746,10,3.920711,0.000693
4,5,9,1,0|0|0|0|0,0|0|1|8|0,0,10,3.864768,0.000516,10,3.864636,0.000534
4,5,9,1,0|0|0|1|0,0|0|1|0|7,0,10,3.941031,0.001815,10,3.941878,0.001028
4,5,9,1,0|0|0|1|1,0|0|1|0|6,0,10,3.941967,0.001121,10,3.942359,0.000612
4,5,9,1,0|0|0|1|2,0|0|1|0|5,0,10,3.942676,0.001263,10,3.942351,0.000948
4,5,9,1,0|0|0|1|3,0|0|1|0|4,0,10,3.941624,0.001335,10,3.942094,0.001375
4,5,9,1,0|0|0|1|4,0|0|1|0|3,0,10,3.941432,0.001038,10,3.942034,0.001657
4,5,9,1,0|0|0|1|5,0|0|1|0|2,0,10,3.941444,0.000971,10,3.941710,0.001500
4,5,9,1,0|0|0|1|6,0|0|1|0|1,0,10,3.941399,0.000988,10,3.941620,0.001369
4,5,9,1,0|0|0|1|7,0|0|1|0|0,0,10,3.941320,0.001327,10,3.940468,0.001206
4,5,9,1,0|0|0|1|0,0|0|1|1|6,0,10,3.948259,0.001137,10,3.948617,0.001439
4,5,9,1,0|0|0|1|1,0|0|1|1|5,0,10,3.949525,0.001169,10,3.949080,0.001459
4,5,9,1,0|0|0|1|2,0|0|1|1|4,0,10,3.949251,0.001422,10,3.949186,0.001337
4,5,9,1,0|0|0|1|3,0|0|1|1|3,0,10,3.948623,0.000759,10,3.948855,0.001185
4,5,9,1,0|0|0|1|4,0|0|1|1|2,0,10,3.948525,0.001061,10,3.948611,0.000967
4,5,9,1,0|0|0|1|5,0|0|1|1|1,0,10,3.948364,0.001733,10,3.947636,0.001024
4,5,9,1,0|0|0|1|6,0|0|1|1|0,0,10,3.947381,0.000856,10,3.947908,0.001304
4,5,9,1,0|0|0|1|0,0|0|1|2|5,0,10,3.949438,0.001267,10,3.949664,0.001367
4,5,9,1,0|0|0|1|1,0|0|1|2|4,0,10,3.949818,0.001223,10,3.951002,0.000980
4,5,9,1,0|0|0|1|2,0|0|1|2|3,0,10,3.949897,0.000989,10,3.950223,0.001288
4,5,9,1,0|0|0|1|3,0|0|1|2|2,0,10,3.950060,0.001176,10,3.949357,0.001760
4,5,9,1,0|0|0|1|4,0|0|1|2|1,0,10,3.949750,0.000955,10,3.949049,0.000569
4,5,9,1,0|0|0|1|5,0|0|1|2|0,0,10,3.948472,0.000880,10,3.948366,0.001528
4,5,9,1,0|0|0|1|0,0|0|1|3|4,0,10,3.949452,0.001333,10,3.949193,0.001645
4,5,9,1,0|0|0|1|1,0|0|1|3|3,0,10,3.949471,0.001095,10,3.950180,0.000776
4,5,9,1,0|0|0|1|2,0|0|1|3|2,0,10,3.949659,0.001103,10,3.949593,0.001004
4,5,9,1,0|0|0|1|3,0|0|1|3|1,0,10,3.948764,0.001288,10,3.948904,0.001290
4,5,9,1,0|0|0|1|4,0|0|1|3|0,0,10,3.947416,0.001397,10,3.947643,0.001187
4,5,9,1,0|0|0|1|0,0|0|1|4|3,0,10,3.946772,0.001481,10,3.947258,0.001172
4,5,9,1,0|0|0|1|1,0|0|1|4|2,0,10,3.947528,0.001242,10,3.947950,0.000854
4,5,9,1,0|0|0|1|2,0|0|1|4|1,0,10,3.946462,0.001146,10,3.946504,0.000964
4,5,9,1,0|0|0|1|3,0|0|1|4|0,0,10,3.943362,0.000660,10,3.944218,0.000887
4,5,9,1,0|0|0|1|0,0|0|1|5|2,0,10,3.941724,0.000890,10,3.942200,0.000727
4,5,9,1,0|0|0|1|1,0|0|1|5|1,0,10,3.942205,0.001332,10,3.941828,0.000842
4,5,9,1,0|0|0|1|2,0|0|1|5|0,0,10,3.937734,0.001165,10,3.936807,0.001226
4,5,9,1,0|0|0|1|0,0|0|1|6|1,0,10,3.927231,0.001045,10,3.927195,0.000599
4,5,9,1,0|0|0|1|1,0|0|1|6|0,0,10,3.921182,0.000966,10,3.921292,0.000988
4,5,9,1,0|0|0|1|0,0|0|1|7|0,0,10,3.866262,0.000654,10,3.865955,0.000540
4,5,9,1,0|0|0|2|0,0|0|1|0|6,0,10,3.946261,0.001450,10,3.946793,0.000966
4,5,9,1,0|0|0|2|1,0|0|1|0|5,0,10,3.947783,0.001475,10,3.946872,0.001189
4,5,9,1,0|0|0|2|2,0|0|1|0|4,0,10,3.947506,0.000825,10,3.946513,0.000812
4,5,9,1,0|0|0|2|3,0|0|1|0|3,0,10,3.946796,0.001654,10,3.946260,0.001160
4,5,9,1,0|0|0|2|4,0|0|1|0|2,0,10,3.946891,0.001850,10,3.945602,0.001244
4,5,9,1,0|0|0|2|5,0|0|1|0|1,0,10,3.945642,0.000935,10,3.945078,0.001046
4,5,9,1,0|0|0|2|6,0|0|1|0|0,0,10,3.944383,0.001324,10,3.944212,0.001067
4,5,9,1,0|0|0|2|0,0|0|1|1|5,0,10,3.949213,0.001800,10,3.949534,0.001466
4,5,9,1,0|0|0|2|1,0|0|1|1|4,0,10,3.950398,0.001373,10,3.950033,0.001491
4,5,9,1,0|0|0|2|2,0|0|1|1|3,0,10,3.949388,0.000943,10,3.949520,0.001009
4,5,9,1,0|0|0|2|3,0|0|1|1|2,0,10,3.949613,0.000732,10,3.949361,0.001791
4,5,9,1,0|0|0|2|4,0|0|1|1|1,0,10,3.948140,0.001049,10,3.948353,0.001232
4,5,9,1,0|0|0|2|5,0|0|1|1|0,0,10,3.947375,0.000870,10,3.947403,0.001243
4,5,9,1,0|0|0|2|0,0|0|1|2|4,0,10,3.948217,0.000911,10,3.948944,0.001474
4,5,9,1,0|0|0|2|1,0|0|1|2|3,0,10,3.949664,0.001368,10,3.949292,0.001044
4,5,9,1,0|0|0|2|2,0|0|1|2|2,0,10,3.948969,0.001754,10,3.949332,0.001238
4,5,9,1,0|0|0|2|3,0|0|1|2|1,0,10,3.948069,0.000744,10,3.948328,0.001107
4,5,9,1,0|0|0|2|4,0|0|1|2|0,0,10,3.946519,0.001289,10,3.946788,0.001210
4,5,9,1,0|0|0|2|0,0|0|1|3|3,0,10,3.946880,0.000773,10,3.947245,0.001285
4,5,9,1,0|0|0|2|1,0|0|1|3|2,0,10,3.947242,0.001464,10,3.947204,0.001039
4,5,9,1,0|0|0|2|2,0|0|1|3|1,0,10,3.946533,0.000833,10,3.946588,0.001422
4,5,9,1,0|0|0|2|3,0|0|1|3|0,0,10,3.942802,0.001132,10,3.943419,0.001186
4,5,9,1,0|0|0|2|0,0|0|1|4|2,0,10,3.941193,0.001112,10,3.940935,0.001193
4,5,9,1,0|0|0|2|1,0|0|1|4|1,0,10,3.941758,0.000896,10,3.941260,0.001186
4,5,9,1,0|0|0|2|2,0|0|1|4|0,0,10,3.935862,0.000912,10,3.936222,0.001324
4,5,9,1,0|0|0|2|0,0|0|1|5|1,0,10,3.926346,0.000797,10,3.925975,0.001168
4,5,9,1,0|0|0|2|1,0|0|1|5|0,0,10,3.920469,0.000758,10,3.919592,0.000649
4,5,9,1,0|0|0|2|0,0|0|1|6|0,0,10,3.865787,0.000799,10,3.865646,0.000831
4,5,9,1,0|0|0|3|0,0|0|1|0|5,0,10,3.947603,0.001023,10,3.947269,0.001435
4,5,9,1,0|0|0|3|1,0|0|1|0|4,0,10,3.947605,0.001306,10,3.948991,0.000933
4,5,9,1,0|0|0|3|2,0|0|1|0|3,0,10,3.947927,0.001128,10,3.947602,0.001058
4,5,9,1,0|0|0|3|3,0|0|1|0|2,0,10,3.947460,0.000867,10,3.947242,0.000931
4,5,9,1,0|0|0|3|4,0|0|1|0|1,0,10,3.945650,0.001273,10,3.946084,0.001391
4,5,9,1,0|0|0|3|5,0|0|1|0|0,0,10,3.944977,0.001225,10,3.944248,0.001318
4,5,9,1,0|0|0|3|0,0|0|1|1|4,0,10,3.948512,0.001332,10,3.948226,0.001113
4,5,9,1,0|0|0|3|1,0|0|1|1|3,0,10,3.948405,0.001623,10,3.949034,0.000585
4,5,9,1,0|0|0|3|2,0|0|1|1|2,0,10,3.948845,0.001582,10,3.948139,0.000833
4,5,9,1,0|0|0|3|3,0|0|1|1|1,0,10,3.946953,0.001110,10,3.947433,0.000867
4,5,9,1,0|0|0|3|4,0|0|1|1|0,0,10,3.945923,0.001059,10,3.944809,0.001273
4,5,9,1,0|0|0|3|0,0|0|1|2|3,0,10,3.946500,0.000608,10,3.946284,0.001408
4,5,9,1,0|0|0|3|1,0|0|1|2|2,0,10,3.947530,0.000498,10,3.947047,0.000803
4,5,9,1,0|0|0|3|2,0|0|1|2|1,0,10,3.945183,0.001240,10,3.945191,0.001123
4,5,9,1,0|0|0|3|3,0|0|1|2|0,0,10,3.941724,0.001179,10,3.941712,0.001413
4,5,9,1,0|0|0|3|0,0|0|1|3|2,0,10,3.941244,0.000836,10,3.940460,0.000629
4,5,9,1,0|0|0|3|1,0|0|1|3|1,0,10,3.940986,0.001270,10,3.940451,0.000916
4,5,9,1,0|0|0|3|2,0|0|1|3|0,0,10,3.935141,0.000764,10,3.935287,0.001225
4,5,9,1,0|0|0|3|0,0|0|1|4|1,0,10,3.925290,0.000886,10,3.925179,0.000908
4,5,9,1,0|0|0|3|1,0|0|1|4|0,0,10,3.919127,0.000695,10,3.918580,0.001240
4,5,9,1,0|0|0|3|0,0|0|1|5|0,0,10,3.865411,0.000478,10,3.865499,0.000570
4,5,9,1,0|0|0|4|0,0|0|1|0|4,0,10,3.946375,0.001173,10,3.947373,0.001044
4,5,9,1,0|0|0|4|1,0|0|1|0|3,0,10,3.947254,0.001153,10,3.947568,0.001860
4,5,9,1,0|0|0|4|2,0|0|1|0|2,0,10,3.946317,0.001178,10,3.946730,0.001772
4,5,9,1,0|0|0|4|3,0|0|1|0|1,0,10,3.945544,0.001585,10,3.945203,0.001001
4,5,9,1,0|0|0|4|4,0|0|1|0|0,0,10,3.942331,0.001628,10,3.943325,0.001035
4,5,9,1,0|0|0|4|0,0|0|1|1|3,0,10,3.945011,0.001321,10,3.945226,0.000788
4,5,9,1,0|0|0|4|1,0|0|1|1|2,0,10,3.946376,0.001223,10,3.945905,0.001332
4,5,9,1,0|0|0|4|2,0|0|1|1|1,0,10,3.944957,0.001287,10,3.944295,0.000965
4,5,9,1,0|0|0|4|3,0|0|1|1|0,0,10,3.940782,0.001181,10,3.940866,0.000927
4,5,9,1,0|0|0|4|0,0|0|1|2|2,0,10,3.939752,0.001216,10,3.939682,0.001090
4,5,9,1,0|0|0|4|1,0|0|1|2|1,0,10,3.939486,0.001299,10,3.939677,0.001410
4,5,9,1,0|0|0|4|2,0|0|1|2|0,0,10,3.933959,0.000594,10,3.934163,0.000809
4,5,9,1,0|0|0|4|0,0|0|1|3|1,0,10,3.924362,0.001210,10,3.924641,0.000811
4,5,9,1,0|0|0|4|1,0|0|1|3|0,0,10,3.917914,0.000621,10,3.917862,0.000545
4,5,9,1,0|0|0|4|0,0|0|1|4|0,0,10,3.864754,0.000634,10,3.864949,0.000494
4,5,9,1,0|0|0|5|0,0|0|1|0|3,0,10,3.944177,0.001096,10,3.944464,0.000630
4,5,9,1,0|0|0|5|1,0|0|1|0|2,0,10,3.945685,0.001439,10,3.946496,0.000758
4,5,9,1,0|0|0|5|2,0|0|1|0|1,0,10,3.943391,0.001361,10,3.943202,0.001346
4,5,9,1,0|0|0|5|3,0|0|1|0|0,0,10,3.939110,0.001381,10,3.939260,0.001101
4,5,9,1,0|0|0|5|0,0|0|1|1|2,0,10,3.939441,0.000972,10,3.939221,0.001391
4,5,9,1,0|0|0|5|1,0|0|1|1|1,0,10,3.939082,0.000856,10,3.940042,0.001100
4,5,9,1,0|0|0|5|2,0|0|1|1|0,0,10,3.933161,0.000531,10,3.932898,0.001014
4,5,9,1,0|0|0|5|0,0|0|1|2|1,0,10,3.924708,0.000773,10,3.923748,0.001146
4,5,9,1,0|0|0|5|1,0|0|1|2|0,0,10,3.917953,0.000674,10,3.917515,0.000882
4,5,9,1,0|0|0|5|0,0|0|1|3|0,0,10,3.864167,0.000507,10,3.864073,0.000808
4,5,9,1,0|0|0|6|0,0|0|1|0|2,0,10,3.937742,0.000772,10,3.938621,0.001008
4,5,9,1,0|0|0|6|1,0|0|1|0|1,0,10,3.938489,0.000802,10,3.937967,0.001161
4,5,9,1,0|0|0|6|2,0|0|1|0|0,0,10,3.931563,0.000929,10,3.931863,0.000706
4,5,9,1,0|0|0|6|0,0|0|1|1|1,0,10,3.923293,0.000922,10,3.923489,0.000817
4,5,9,1,0|0|0|6|1,0|0|1|1|0,0,10,3.916524,0.000906,10,3.916394,0.001130
4,5,9,1,0|0|0|6|0,0|0|1|2|0,0,10,3.863245,0.000677,10,3.862954,0.000455
4,5,9,1,0|0|0|7|0,0|0|1|0|1,0,10,3.922697,0.000804,10,3.922485,0.000992
4,5,9,1,0|0|0|7|1,0|0|1|0|0,0,10,3.915314,0.000788,10,3.915583,0.000617
4,5,9,1,0|0|0|7|0,0|0|1|1|0,0,10,3.862249,0.000796,10,3.862277,0.000571
4,5,9,1,0|0|0|8|0,0|0|1|0|0,0,10,3.860515,0.000714,10,3.861129,0.000553
4,5,9,1,0|0|0|0|0,0|0|2|0|7,0,10,3.922961,0.001377,10,3.922015,0.000991
4,5,9,1,0|0|0|0|1,0|0|2|0|6,0,10,3.922815,0.001634,10,3.922875,0.000599
4,5,9,1,0|0|0|0|2,0|0|2|0|5,0,10,3.922570,0.001646,10,3.922418,0.001277
4,5,9,1,0|0|0|0|3,0|0|2|0|4,0,10,3.922282,0.001227,10,3.922820,0.000542
4,5,9,1,0|0|0|0|4,0|0|2|0|3,0,10,3.922009,0.001164,10,3.922783,0.001448
4,5,9,1,0|0|0|0|5,0|0|2|0|2,0,10,3.921886,0.001127,10,3.922045,0.001170
4,5,9,1,0|0|0|0|6,0|0|2|0|1,0,10,3.921384,0.001126,10,3.921810,0.001153
4,5,9,1,0|0|0|0|7,0|0|2|0|0,0,10,3.920805,0.000741,10,3.920048,0.000939
4,5,9,1,0|0|0|0|0,0|0|2|1|6,0,10,3.944065,0.001515,10,3.944726,0.001295
4,5,9,1,0|0|0|0|1,0|0|2|1|5,0,10,3.944439,0.000987,10,3.943970,0.000945
4,5,9,1,0|0|0|0|2,0|0|2|1|4,0,10,3.945607,0.001306,10,3.945073,0.001133
4,5,9,1,0|0|0|0|3,0|0|2|1|3,0,10,3.944419,0.001626,10,3.944308,0.001262
4,5,9,1,0|0|0|0|4,0|0|2|1|2,0,10,3.944800,0.000576,10,3.944864,0.001027
4,5,9,1,0|0|0|0|5,0|0|2|1|1,0,10,3.944620,0.001283,10,3.944273,0.001228
4,5,9,1,0|0|0|0|6,0|0|2|1|0,0,10,3.943786,0.001627,10,3.943079,0.001607
4,5,9,1,0|0|0|0|0,0|0|2|2|5,1,30,3.948418,0.001041,0,,
4,5,9,1,0|0|0|0|1,0|0|2|2|4,0,10,3.948703,0.001272,10,3.948236,0.001632
4,5,9,1,0|0|0|0|2,0|0|2|2|3,0,10,3.949158,0.001896,10,3.949105,0.001375
4,5,9,1,0|0|0|0|3,0|0|2|2|2,0,10,3.948539,0.000695,10,3.947225,0.000743
4,5,9,1,0|0|0|0|4,0|0|2|2|1,0,10,3.947823,0.001536,10,3.946966,0.001210
4,5,9,1,0|0|0|0|5,0|0|2|2|0,0,10,3.946501,0.001483,10,3.946690,0.001763
4,5,9,1,0|0|0|0|0,0|0|2|3|4,1,30,3.948463,0.001307,0,,
4,5,9,1,0|0|0|0|1,0|0|2|3|3,0,10,3.949429,0.000986,10,3.949404,0.000937
4,5,9,1,0|0|0|0|2,0|0|2|3|2,0,10,3.948950,0.001135,10,3.949457,0.001255
4,5,9,1,0|0|0|0|3,0|0|2|3|1,0,10,3.948646,0.001000,10,3.948064,0.001669
4,5,9,1,0|0|0|0|4,0|0|2|3|0,0,10,3.946241,0.001119,10,3.946812,0.000968
4,5,9,1,0|0|0|0|0,0|0|2|4|3,0,10,3.946625,0.001412,10,3.947154,0.001172
4,5,9,1,0|0|0|0|1,0|0|2|4|2,0,10,3.948160,0.001403,10,3.948051,0.001229
4,5,9,1,0|0|0|0|2,0|0|2|4|1,0,10,3.946178,0.001350,10,3.946226,0.001123
4,5,9,1,0|0|0|0|3,0|0|2|4|0,0,10,3.943483,0.001007,10,3.943964,0.001162
4,5,9,1,0|0|0|0|0,0|0|2|5|2,0,10,3.942897,0.000760,10,3.942684,0.001385
4,5,9,1,0|0|0|0|1,0|0|2|5|1,0,10,3.942812,0.000761,10,3.943466,0.000949
4,5,9,1,0|0|0|0|2,0|0|2|5|0,0,10,3.937807,0.001102,10,3.937996,0.001068
4,5,9,1,0|0|0|0|0,0|0|2|6|1,0,10,3.929584,0.000780,10,3.929213,0.000969
4,5,9,1,0|0|0|0|1,0|0|2|6|0,0,10,3.923864,0.000550,10,3.924516,0.000699
4,5,9,1,0|0|0|0|0,0|0|2|7|0,0,10,3.873320,0.000729,10,3.873573,0.000674
4,5,9,1,0|0|0|1|0,0|0|2|0|6,0,10,3.941296,0.001053,10,3.941862,0.001060
4,5,9,1,0|0|0|1|1,0|0|2|0|5,0,10,3.941702,0.001158,10,3.942301,0.001707
4,5,9,1,0|0|0|1|2,0|0|2|0|4,0,10,3.942956,0.001465,10,3.942386,0.001592
4,5,9,1,0|0|0|1|3,0|0|2|0|3,0,10,3.942398,0.001055,10,3.941556,0.001421
4,5,9,1,0|0|0|1|4,0|0|2|0|2,0,10,3.940778,0.001926,10,3.941851,0.001340
4,5,9,1,0|0|0|1|5,0|0|2|0|1,0,10,3.941163,0.000991,10,3.941341,0.000976
4,5,9,1,0|0|0|1|6,0|0|2|0|0,0,10,3.939832,0.001553,10,3.939804,0.001553
4,5,9,1,0|0|0|1|0,0|0|2|1|5,0,10,3.948284,0.001209,10,3.948040,0.000988
4,5,9,1,0|0|0|1|1,0|0|2|1|4,0,10,3.948860,0.001283,10,3.948678,0.001020
4,5,9,1,0|0|0|1|2,0|0|2|1|3,0,10,3.948629,0.001426,10,3.948445,0.001265
4,5,9,1,0|0|0|1|3,0|0|2|1|2,0,10,3.947923,0.000895,10,3.948207,0.001444
4,5,9,1,0|0|0|1|4,0|0|2|1|1,0,10,3.948060,0.001262,10,3.948099,0.001028
4,5,9,1,0|0|0|1|5,0|0|2|1|0,0,10,3.946425,0.000920,10,3.947115,0.001222
4,5,9,1,0|0|0|1|0,0|0|2|2|4,0,10,3.948474,0.001565,10,3.949026,0.001328
4,5,9,1,0|0|0|1|1,0|0|2|2|3,0,10,3.950213,0.000907,10,3.949559,0.001219
4,5,9,1,0|0|0|1|2,0|0|2|2|2,0,10,3.949393,0.001191,10,3.948752,0.001362
4,5,9,1,0|0|0|1|3,0|0|2|2|1,0,10,3.948239,0.000927,10,3.948169,0.001059
4,5,9,1,0|0|0|1|4,0|0|2|2|0,0,10,3.946864,0.001258,10,3.946826,0.001667
4,5,9,1,0|0|0|1|0,0|0|2|3|3,0,10,3.947635,0.001476,10,3.947629,0.001354
4,5,9,1,0|0|0|1|1,0|0|2|3|2,0,10,3.948596,0.001206,10,3.948005,0.001194
4,5,9,1,0|0|0|1|2,0|0|2|3|1,0,10,3.947488,0.001347,10,3.946818,0.001413
4,5,9,1,0|0|0|1|3,0|0|2|3|0,0,10,3.944205,0.000932,10,3.944248,0.000692
4,5,9,1,0|0|0|1|0,0|0|2|4|2,0,10,3.942815,0.000953,10,3.942791,0.001615
4,5,9,1,0|0|0|1|1,0|0|2|4|1,0,10,3.943310,0.001624,10,3.943669,0.001080
4,5,9,1,0|0|0|1|2,0|0|2|4|0,0,10,3.938267,0.001020,10,3.938695,0.001439
4,5,9,1,0|0|0|1|0,0|0|2|5|1,0,10,3.929385,0.000969,10,3.929954,0.000870
4,5,9,1,0|0|0|1|1,0|0|2|5|0,0,10,3.924455,0.000815,10,3.924337,0.000475
4,5,9,1,0|0|0|1|0,0|0|2|6|0,0,10,3.875285,0.000417,10,3.874867,0.000590
4,5,9,1,0|0|0|2|0,0|0|2|0|5,0,10,3.945399,0.001815,10,3.945508,0.000597
4,5,9,1,0|0|0|2|1,0|0|2|0|4,0,10,3.946007,0.001041,10,3.946031,0.001324
4,5,9,1,0|0|0|2|2,0|0|2|0|3,0,10,3.945615,0.001005,10,3.945568,0.001304
4,5,9,1,0|0|0|2|3,0|0|2|0|2,0,10,3.945385,0.001181,10,3.945507,0.001253
4,5,9,1,0|0|0|2|4,0|0|2|0|1,0,10,3.943650,0.001151,10,3.943366,0.001817
4,5,9,1,0|0|0|2|5,0|0|2|0|0,0,10,3.941887,0.001843,10,3.942539,0.000780
4,5,9,1,0|0|0|2|0,0|0|2|1|4,0,10,3.948606,0.001207,10,3.948211,0.000938
4,5,9,1,0|0|0|2|1,0|0|2|1|3,0,10,3.948476,0.000825,10,3.948990,0.000833
4,5,9,1,0|0|0|2|2,0|0|2|1|2,0,10,3.947097,0.000683,10,3.948391,0.001251
4,5,9,1,0|0|0|2|3,0|0|2|1|1,0,10,3.947054,0.001106,10,3.947195,0.001270
4,5,9,1,0|0|0|2|4,0|0|2|1|0,0,10,3.944876,0.001415,10,3.945682,0.001332
4,5,9,1,0|0|0|2|0,0|0|2|2|3,0,10,3.947288,0.001442,10,3.946672,0.000919
4,5,9,1,0|0|0|2|1,0|0|2|2|2,0,10,3.947419,0.001031,10,3.947282,0.001082
4,5,9,1,0|0|0|2|2,0|0|2|2|1,0,10,3.946383,0.001018,10,3.946316,0.000863
4,5,9,1,0|0|0|2|3,0|0|2|2|0,0,10,3.943055,0.001113,10,3.942813,0.000854
4,5,9,1,0|0|0|2|0,0|0|2|3|2,0,10,3.942736,0.000579,10,3.942266,0.000983
4,5,9,1,0|0|0|2|1,0|0|2|3|1,0,10,3.942414,0.001309,10,3.942288,0.000949
4,5,9,1,0|0|0|2|2,0|0|2|3|0,0,10,3.936935,0.001104,10,3.937007,0.001003
4,5,9,1,0|0|0|2|0,0|0|2|4|1,0,10,3.928832,0.000996,10,3.928974,0.000780
4,5,9,1,0|0|0|2|1,0|0|2|4|0,0,10,3.923029,0.000691,10,3.922935,0.001159
4,5,9,1,0|0|0|2|0,0|0|2|5|0,0,10,3.874072,0.000650,10,3.874845,0.000488
4,5,9,1,0|0|0|3|0,0|0|2|0|4,0,10,3.945918,0.001645,10,3.945741,0.001212
4,5,9,1,0|0|0|3|1,0|0|2|0|3,0,10,3.947051,0.001525,10,3.946655,0.000733
4,5,9,1,0|0|0|3|2,0|0|2|0|2,0,10,3.946404,0.001032,10,3.945878,0.001599
4,5,9,1,0|0|0|3|3,0|0|2|0|1,0,10,3.944398,0.001460,10,3.944320,0.000689
4,5,9,1,0|0|0|3|4,0|0|2|0|0,0,10,3.941485,0.000807,10,3.941295,0.001105
4,5,9,1,0|0|0|3|0,0|0|2|1|3,0,10,3.945504,0.001275,10,3.945821,0.001426
4,5,9,1,0|0|0|3|1,0|0|2|1|2,0,10,3.946495,0.001320,10,3.946608,0.001116
4,5,9,1,0|0|0|3|2,0|0|2|1|1,0,10,3.945142,0.001057,10,3.943960,0.001221
4,5,9,1,0|0|0|3|3,0|0|2|1|0,0,10,3.941115,0.000555,10,3.941708,0.001514
4,5,9,1,0|0|0|3|0,0|0|2|2|2,0,10,3.941185,0.000526,10,3.941702,0.001009
4,5,9,1,0|0|0|3|1,0|0|2|2|1,0,10,3.941441,0.000884,10,3.940959,0.000683
4,5,9,1,0|0|0|3|2,0|0|2|2|0,0,10,3.935481,0.001035,10,3.936480,0.001116
4,5,9,1,0|0|0|3|0,0|0|2|3|1,0,10,3.928554,0.000933,10,3.928155,0.000936
4,5,9,1,0|0|0|3|1,0|0|2|3|0,0,10,3.922298,0.000624,10,3.921765,0.000822
4,5,9,1,0|0|0|3|0,0|0|2|4|0,0,10,3.873531,0.000714,10,3.873609,0.000631
4,5,9,1,0|0|0|4|0,0|0|2|0|3,0,10,3.943622,0.001612,10,3.943997,0.001106
4,5,9,1,0|0|0|4|1,0|0|2|0|2,0,10,3.944250,0.001248,10,3.944850,0.001271
4,5,9,1,0|0|0|4|2,0|0|2|0|1,0,10,3.942777,0.001025,10,3.942736,0.000821
4,5,9,1,0|0|0|4|3,0|0|2|0|0,0,10,3.938073,0.000977,10,3.938264,0.000712
4,5,9,1,0|0|0|4|0,0|0|2|1|2,0,10,3.940340,0.001313,10,3.940782,0.001116
4,5,9,1,0|0|0|4|1,0|0|2|1|1,0,10,3.940302,0.001341,10,3.940224,0.001136
4,5,9,1,0|0|0|4|2,0|0|2|1|0,0,10,3.934589,0.000697,10,3.934357,0.001362
4,5,9,1,0|0|0|4|0,0|0|2|2|1,0,10,3.926858,0.000801,10,3.926734,0.001017
4,5,9,1,0|0|0|4|1,0|0|2|2|0,0,10,3.920325,0.000912,10,3.920396,0.000698
4,5,9,1,0|0|0|4|0,0|0|2|3|0,0,10,3.872055,0.000463,10,3.872289,0.000873
4,5,9,1,0|0|0|5|0,0|0|2|0|2,0,10,3.938968,0.001173,10,3.938671,0.001592
4,5,9,1,0|0|0|5|1,0|0|2|0|1,0,10,3.938257,0.001310,10,3.938521,0.000612
4,5,9,1,0|0|0|5|2,0|0|2|0|0,0,10,3.932007,0.001041,10,3.931787,0.000947
4,5,9,1,0|0|0|5|0,0|0|2|1|1,0,10,3.925440,0.000883,10,3.925857,0.001127
4,5,9,1,0|0|0|5|1,0|0|2|1|0,0,10,3.919499,0.000769,10,3.919380,0.000899
4,5,9,1,0|0|0|5|0,0|0|2|2|0,0,10,3.871152,0.000633,10,3.871158,0.000636
4,5,9,1,0|0|0|6|0,0|0|2|0|1,0,10,3.924480,0.000931,10,3.923890,0.000778
4,5,9,1,0|0|0|6|1,0|0|2|0|0,0,10,3.917116,0.000676,10,3.917552,0.000937
4,5,9,1,0|0|0|6|0,0|0|2|1|0,0,10,3.869263,0.000713,10,3.869459,0.000653
4,5,9,1,0|0|0|7|0,0|0|2|0|0,0,10,3.867298,0.000831,10,3.867133,0.000638
4,5,9,1,0|0|0|0|0,0|0|3|0|6,0,10,3.918575,0.001178,10,3.919569,0.000926
4,5,9,1,0|0|0|0|1,0|0|3|0|5,0,10,3.920074,0.001136,10,3.920907,0.000947
4,5,9,1,0|0|0|0|2,0|0|3|0|4,0,10,3.919812,0.001062,10,3.920141,0.001443
4,5,9,1,0|0|0|0|3,0|0|3|0|3,0,10,3.919633,0.001424,10,3.919424,0.001230
4,5,9,1,0|0|0|0|4,0|0|3|0|2,0,10,3.918898,0.000794,10,3.919455,0.001409
4,5,9,1,0|0|0|0|5,0|0|3|0|1,0,10,3.917930,0.000667,10,3.917630,0.000958
4,5,9,1,0|0|0|0|6,0|0|3|0|0,0,10,3.915860,0.001069,10,3.915757,0.001632
4,5,9,1,0|0|0|0|0,0|0|3|1|5,0,10,3.942610,0.001238,10,3.942068,0.001218
4,5,9,1,0|0|0|0|1,0|0|3|1|4,0,10,3.942450,0.001263,10,3.943441,0.001246
4,5,9,1,0|0|0|0|2,0|0|3|1|3,0,10,3.942766,0.000789,10,3.942760,0.001437
4,5,9,1,0|0|0|0|3,0|0|3|1|2,0,10,3.942240,0.000898,10,3.941949,0.001307
4,5,9,1,0|0|0|0|4,0|0|3|1|1,0,10,3.941392,0.000954,10,3.941927,0.001112
4,5,9,1,0|0|0|0|5,0|0|3|1|0,0,10,3.941230,0.001646,10,3.939994,0.001335
4,5,9,1,0|0|0|0|0,0|0|3|2|4,0,10,3.945299,0.001180,10,3.945866,0.000959
4,5,9,1,0|0|0|0|1,0|0|3|2|3,0,10,3.947277,0.000809,10,3.946835,0.001620
4,5,9,1,0|0|0|0|2,0|0|3|2|2,0,10,3.946122,0.001392,10,3.945367,0.001486
4,5,9,1,0|0|0|0|3,0|0|3|2|1,0,10,3.944842,0.000726,10,3.944616,0.001574
4,5,9,1,0|0|0|0|4,0|0|3|2|0,0,10,3.943036,0.000857,10,3.943149,0.001255
4,5,9,1,0|0|0|0|0,0|0|3|3|3,1,30,3.944730,0.001212,0,,
4,5,9,1,0|0|0|0|1,0|0|3|3|2,0,10,3.946610,0.001352,10,3.945622,0.001077
4,5,9,1,0|0|0|0|2,0|0|3|3|1,0,10,3.944767,0.000916,10,3.944283,0.000690
4,5,9,1,0|0|0|0|3,0|0|3|3|0,0,10,3.941100,0.000871,10,3.940997,0.001018
4,5,9,1,0|0|0|0|0,0|0|3|4|2,0,10,3.940264,0.000596,10,3.940621,0.000673
4,5,9,1,0|0|0|0|1,0|0|3|4|1,0,10,3.940991,0.000938,10,3.940562,0.001215
4,5,9,1,0|0|0|0|2,0|0|3|4|0,0,10,3.935548,0.000789,10,3.935643,0.000736
4,5,9,1,0|0|0|0|0,0|0|3|5|1,0,10,3.927519,0.000700,10,3.927371,0.000672
4,5,9,1,0|0|0|0|1,0|0|3|5|0,0,10,3.921352,0.000706,10,3.921933,0.000542
4,5,9,1,0|0|0|0|0,0|0|3|6|0,0,10,3.869509,0.000628,10,3.869635,0.000265
4,5,9,1,0|0|0|1|0,0|0|3|0|5,0,10,3.939208,0.000800,10,3.939155,0.001868
4,5,9,1,0|0|0|1|1,0|0|3|0|4,0,10,3.939369,0.001110,10,3.939791,0.000755
4,5,9,1,0|0|0|1|2,0|0|3|0|3,0,10,3.939024,0.001163,10,3.939981,0.001270
4,5,9,1,0|0|0|1|3,0|0|3|0|2,0,10,3.938376,0.001078,10,3.939170,0.001314
4,5,9,1,0|0|0|1|4,0|0|3|0|1,0,10,3.937218,0.001461,10,3.937526,0.001225
4,5,9,1,0|0|0|1|5,0|0|3|0|0,0,10,3.935056,0.001658,10,3.934929,0.000871
4,5,9,1,0|0|0|1|0,0|0|3|1|4,0,10,3.944843,0.001055,10,3.945570,0.001216
4,5,9,1,0|0|0|1|1,0|0|3|1|3,0,10,3.945957,0.001329,10,3.946142,0.001445
4,5,9,1,0|0|0|1|2,0|0|3|1|2,0,10,3.945645,0.001345,10,3.945902,0.001353
4,5,9,1,0|0|0|1|3,0|0|3|1|1,0,10,3.944748,0.000828,10,3.944368,0.001215
4,5,9,1,0|0|0|1|4,0|0|3|1|0,0,10,3.942747,0.001379,10,3.943049,0.001177
4,5,9,1,0|0|0|1|0,0|0|3|2|3,0,10,3.945278,0.000935,10,3.945053,0.001375
4,5,9,1,0|0|0|1|1,0|0|3|2|2,0,10,3.945846,0.001188,10,3.946246,0.001132
4,5,9,1,0|0|0|1|2,0|0|3|2|1,0,10,3.944399,0.001161,10,3.944528,0.001407
4,5,9,1,0|0|0|1|3,0|0|3|2|0,0,10,3.941478,0.001261,10,3.941419,0.001410
4,5,9,1,0|0|0|1|0,0|0|3|3|2,0,10,3.941174,0.001138,10,3.941394,0.001346
4,5,9,1,0|0|0|1|1,0|0|3|3|1,0,10,3.940838,0.001226,10,3.941048,0.001224
4,5,9,1,0|0|0|1|2,0|0|3|3|0,0,10,3.936130,0.000768,10,3.936127,0.001101
4,5,9,1,0|0|0|1|0,0|0|3|4|1,0,10,3.928041,0.000896,10,3.927948,0.000783
4,5,9,1,0|0|0|1|1,0|0|3|4|0,0,10,3.921668,0.000683,10,3.922047,0.000604
4,5,9,1,0|0|0|1|0,0|0|3|5|0,0,10,3.871258,0.000558,10,3.871758,0.000886
4,5,9,1,0|0|0|2|0,0|0|3|0|4,0,10,3.942167,0.001244,10,3.942822,0.001341
4,5,9,1,0|0|0|2|1,0|0|3|0|3,0,10,3.943666,0.001565,10,3.943146,0.001592
4,5,9,1,0|0|0|2|2,0|0|3|0|2,0,10,3.941407,0.001838,10,3.941304,0.001307
4,5,9,1,0|0|0|2|3,0|0|3|0|1,0,10,3.940225,0.001335,10,3.939745,0.001608
4,5,9,1,0|0|0|2|4,0|0|3|0|0,0,10,3.936531,0.001573,10,3.936817,0.001071
4,5,9,1,0|0|0|2|0,0|0|3|1|3,0,10,3.944115,0.000966,10,3.943975,0.001361
4,5,9,1,0|0|0|2|1,0|0|3|1|2,0,10,3.944322,0.001194,10,3.944151,0.000931
4,5,9,1,0|0|0|2|2,0|0|3|1|1,0,10,3.942599,0.001118,10,3.942649,0.001304
4,5,9,1,0|0|0|2|3,0|0|3|1|0,0,10,3.938643,0.000994,10,3.938716,0.000706
4,5,9,1,0|0|0|2|0,0|0|3|2|2,0,10,3.939886,0.000780,10,3.940234,0.000753
4,5,9,1,0|0|0|2|1,0|0|3|2|1,0,10,3.939739,0.000835,10,3.939427,0.001124
4,5,9,1,0|0|0|2|2,0|0|3|2|0,0,10,3.933821,0.000875,10,3.934150,0.000972
4,5,9,1,0|0|0|2|0,0|0|3|3|1,0,10,3.926637,0.000563,10,3.926254,0.000876
4,5,9,1,0|0|0|2|1,0|0|3|3|0,0,10,3.919810,0.000958,10,3.920407,0.000558
4,5,9,1,0|0|0|2|0,0|0|3|4|0,0,10,3.870190,0.000964,10,3.869906,0.000605
4,5,9,1,0|0|0|3|0,0|0|3|0|3,0,10,3.941104,0.001184,10,3.941051,0.001091
4,5,9,1,0|0|0|3|1,0|0|3|0|2,0,10,3.941614,0.001275,10,3.941975,0.001451
4,5,9,1,0|0|0|3|2,0|0|3|0|1,0,10,3.938799,0.000816,10,3.939072,0.001314
4,5,9,1,0|0|0|3|3,0|0|3|0|0,0,10,3.933621,0.000869,10,3.933920,0.000702
4,5,9,1,0|0|0|3|0,0|0|3|1|2,0,10,3.938409,0.000921,10,3.938010,0.001010
4,5,9,1,0|0|0|3|1,0|0|3|1|1,0,10,3.938052,0.001176,10,3.938022,0.001013
4,5,9,1,0|0|0|3|2,0|0|3|1|0,0,10,3.932458,0.000802,10,3.931589,0.000868
4,5,9,1,0|0|0|3|0,0|0|3|2|1,0,10,3.924864,0.000954,10,3.925204,0.000811
4,5,9,1,0|0|0|3|1,0|0|3|2|0,0,10,3.918400,0.000853,10,3.918659,0.000692
4,5,9,1,0|0|0|3|0,0|0|3|3|0,0,10,3.869172,0.000809,10,3.868862,0.000688
4,5,9,1,0|0|0|4|0,0|0|3|0|2,0,10,3.935865,0.001410,10,3.935955,0.000901
4,5,9,1,0|0|0|4|1,0|0|3|0|1,0,10,3.935505,0.001159,10,3.935582,0.001002
4,5,9,1,0|0|0|4|2,0|0|3|0|0,0,10,3.926868,0.001149,10,3.927240,0.000557
4,5,9,1,0|0|0|4|0,0|0|3|1|1,0,10,3.923456,0.000852,10,3.923147,0.001010
4,5,9,1,0|0|0|4|1,0|0|3|1|0,0,10,3.916211,0.000466,10,3.916429,0.000550
4,5,9,1,0|0|0|4|0,0|0|3|2|0,0,10,3.866972,0.000555,10,3.866816,0.000397
4,5,9,1,0|0|0|5|0,0|0|3|0|1,0,10,3.920461,0.001123,10,3.920137,0.001284
4,5,9,1,0|0|0|5|1,0|0|3|0|0,0,10,3.912700,0.000613,10,3.912367,0.000449
4,5,9,1,0|0|0|5|0,0|0|3|1|0,0,10,3.864699,0.000713,10,3.864768,0.000413
4,5,9,1,0|0|0|6|0,0|0|3|0|0,0,10,3.860376,0.000713,10,3.860219,0.000611
4,5,9,1,0|0|0|0|0,0|0|4|0|5,0,10,3.913845,0.001027,10,3.913564,0.001333
4,5,9,1,0|0|0|0|1,0|0|4|0|4,0,10,3.915569,0.001248,10,3.915274,0.001006
4,5,9,1,0|0|0|0|2,0|0|4|0|3,0,10,3.915632,0.000932,10,3.915258,0.001235
4,5,9,1,0|0|0|0|3,0|0|4|0|2,0,10,3.913782,0.000888,10,3.913447,0.001157
4,5,9,1,0|0|0|0|4,0|0|4|0|1,0,10,3.911997,0.001104,10,3.911200,0.001183
4,5,9,1,0|0|0|0|5,0|0|4|0|0,0,10,3.908061,0.000979,10,3.907730,0.000795
4,5,9,1,0|0|0|0|0,0|0|4|1|4,0,10,3.938891,0.000484,10,3.938659,0.000974
4,5,9,1,0|0|0|0|1,0|0|4|1|3,0,10,3.939673,0.001024,10,3.939305,0.001507
4,5,9,1,0|0|0|0|2,0|0|4|1|2,0,10,3.938890,0.001270,10,3.938642,0.000700
4,5,9,1,0|0|0|0|3,0|0|4|1|1,0,10,3.937481,0.001295,10,3.937300,0.001408
4,5,9,1,0|0|0|0|4,0|0|4|1|0,0,10,3.934726,0.000791,10,3.935379,0.000733
4,5,9,1,0|0|0|0|0,0|0|4|2|3,0,10,3.940682,0.000933,10,3.940487,0.001086
4,5,9,1,0|0|0|0|1,0|0|4|2|2,0,10,3.942008,0.001328,10,3.941751,0.000916
4,5,9,1,0|0|0|0|2,0|0|4|2|1,0,10,3.939963,0.000732,10,3.939925,0.001187
4,5,9,1,0|0|0|0|3,0|0|4|2|0,0,10,3.936415,0.001076,10,3.935866,0.000933
4,5,9,1,0|0|0|0|0,0|0|4|3|2,0,10,3.937487,0.001023,10,3.937212,0.000915
4,5,9,1,0|0|0|0|1,0|0|4|3|1,0,10,3.937313,0.000456,10,3.937192,0.001445
4,5,9,1,0|0|0|0|2,0|0|4|3|0,0,10,3.930739,0.000613,10,3.930596,0.000643
4,5,9,1,0|0|0|0|0,0|0|4|4|1,0,10,3.923119,0.000529,10,3.923217,0.000843
4,5,9,1,0|0|0|0|1,0|0|4|4|0,0,10,3.915995,0.000732,10,3.916178,0.000561
4,5,9,1,0|0|0|0|0,0|0|4|5|0,0,10,3.861546,0.000566,10,3.861729,0.000554
4,5,9,1,0|0|0|1|0,0|0|4|0|4,0,10,3.934861,0.000814,10,3.935514,0.001038
4,5,9,1,0|0|0|1|1,0|0|4|0|3,0,10,3.935490,0.000865,10,3.936180,0.000651
4,5,9,1,0|0|0|1|2,0|0|4|0|2,0,10,3.934697,0.001086,10,3.933949,0.001237
4,5,9,1,0|0|0|1|3,0|0|4|0|1,0,10,3.932198,0.001351,10,3.932601,0.000833
4,5,9,1,0|0|0|1|4,0|0|4|0|0,0,10,3.927849,0.001702,10,3.927801,0.000748
4,5,9,1,0|0|0|1|0,0|0|4|1|3,0,10,3.940515,0.000863,10,3.940605,0.001115
4,5,9,1,0|0|0|1|1,0|0|4|1|2,0,10,3.940881,0.001432,10,3.941505,0.000982
4,5,9,1,0|0|0|1|2,0|0|4|1|1,0,10,3.939176,0.001029,10,3.939148,0.001840
4,5,9,1,0|0|0|1|3,0|0|4|1|0,0,10,3.934918,0.000627,10,3.934652,0.000870
4,5,9,1,0|0|0|1|0,0|0|4|2|2,0,10,3.937958,0.001688,10,3.937773,0.001169
4,5,9,1,0|0|0|1|1,0|0|4|2|1,0,10,3.936941,0.000878,10,3.937366,0.000970
4,5,9,1,0|0|0|1|2,0|0|4|2|0,0,10,3.931359,0.000786,10,3.931207,0.000972
4,5,9,1,0|0|0|1|0,0|0|4|3|1,0,10,3.923235,0.000811,10,3.923439,0.000633
4,5,9,1,0|0|0|1|1,0|0|4|3|0,0,10,3.916200,0.000707,10,3.917309,0.001092
4,5,9,1,0|0|0|1|0,0|0|4|4|0,0,10,3.864184,0.000810,10,3.864297,0.000835
4,5,9,1,0|0|0|2|0,0|0|4|0|3,0,10,3.936252,0.001338,10,3.936290,0.001206
4,5,9,1,0|0|0|2|1,0|0|4|0|2,0,10,3.936577,0.001449,10,3.936513,0.000883
4,5,9,1,0|0|0|2|2,0|0|4|0|1,0,10,3.933178,0.001175,10,3.933719,0.000890
4,5,9,1,0|0|0|2|3,0|0|4|0|0,0,10,3.926990,0.000780,10,3.927083,0.000637
4,5,9,1,0|0|0|2|0,0|0|4|1|2,0,10,3.935336,0.000495,10,3.935218,0.000955
4,5,9,1,0|0|0|2|1,0|0|4|1|1,0,10,3.934853,0.000634,10,3.934704,0.000981
4,5,9,1,0|0|0|2|2,0|0|4|1|0,0,10,3.928173,0.000903,10,3.927683,0.000795
4,5,9,1,0|0|0|2|0,0|0|4|2|1,0,10,3.921899,0.000865,10,3.921182,0.000406
4,5,9,1,0|0|0|2|1,0|0|4|2|0,0,10,3.914082,0.000856,10,3.913940,0.000911
4,5,9,1,0|0|0|2|0,0|0|4|3|0,0,10,3.862174,0.000820,10,3.861629,0.000776
4,5,9,1,0|0|0|3|0,0|0|4|0|2,0,10,3.930481,0.000670,10,3.930783,0.001015
4,5,9,1,0|0|0|3|1,0|0|4|0|1,0,10,3.930078,0.000691,10,3.930075,0.000860
4,5,9,1,0|0|0|3|2,0|0|4|0|0,0,10,3.920772,0.000945,10,3.919932,0.000856
4,5,9,1,0|0|0|3|0,0|0|4|1|1,0,10,3.918704,0.001207,10,3.918716,0.001110
4,5,9,1,0|0|0|3|1,0|0|4|1|0,0,10,3.910922,0.001035,10,3.910797,0.000941
4,5,9,1,0|0|0|3|0,0|0|4|2|0,0,10,3.859380,0.000858,10,3.859204,0.000438
4,5,9,1,0|0|0|4|0,0|0|4|0|1,0,10,3.914561,0.000828,10,3.914309,0.001144
4,5,9,1,0|0|0|4|1,0|0|4|0|0,0,10,3.905497,0.000693,10,3.905013,0.000712
4,5,9,1,0|0|0|4|0,0|0|4|1|0,0,10,3.856184,0.000471,10,3.856184,0.000351
4,5,9,1,0|0|0|5|0,0|0|4|0|0,0,10,3.849724,0.000606,10,3.849427,0.000526
4,5,9,1,0|0|0|0|0,0|0|5|0|4,0,10,3.906291,0.000817,10,3.906097,0.001233
4,5,9,1,0|0|0|0|1,0|0|5|0|3,0,10,3.908977,0.001036,10,3.908182,0.001058
4,5,9,1,0|0|0|0|2,0|0|5|0|2,0,10,3.905757,0.001129,10,3.906018,0.000573
4,5,9,1,0|0|0|0|3,0|0|5|0|1,0,10,3.902336,0.001240,10,3.902169,0.001378
4,5,9,1,0|0|0|0|4,0|0|5|0|0,0,10,3.894461,0.001161,10,3.894825,0.001199
4,5,9,1,0|0|0|0|0,0|0|5|1|3,0,10,3.932144,0.001232,10,3.932101,0.001188
4,5,9,1,0|0|0|0|1,0|0|5|1|2,0,10,3.932377,0.000856,10,3.932519,0.001011
4,5,9,1,0|0|0|0|2,0|0|5|1|1,0,10,3.930308,0.001105,10,3.929824,0.001007
4,5,9,1,0|0|0|0|3,0|0|5|1|0,0,10,3.924530,0.001145,10,3.924527,0.000863
4,5,9,1,0|0|0|0|0,0|0|5|2|2,0,10,3.930975,0.000748,10,3.930156,0.001050
4,5,9,1,0|0|0|0|1,0|0|5|2|1,0,10,3.930484,0.000863,10,3.930979,0.001154
4,5,9,1,0|0|0|0|2,0|0|5|2|0,0,10,3.922721,0.000948,10,3.922374,0.001397
4,5,9,1,0|0|0|0|0,0|0|5|3|1,0,10,3.915510,0.000950,10,3.915798,0.000894
4,5,9,1,0|0|0|0|1,0|0|5|3|0,0,10,3.907761,0.000944,10,3.907950,0.001128
4,5,9,1,0|0|0|0|0,0|0|5|4|0,0,10,3.849850,0.000694,10,3.850122,0.000502
4,5,9,1,0|0|0|1|0,0|0|5|0|3,0,10,3.927062,0.000848,10,3.927042,0.001081
4,5,9,1,0|0|0|1|1,0|0|5|0|2,0,10,3.926338,0.000844,10,3.926970,0.001003
4,5,9,1,0|0|0|1|2,0|0|5|0|1,0,10,3.922979,0.000718,10,3.922803,0.001012
4,5,9,1,0|0|0|1|3,0|0|5|0|0,0,10,3.915342,0.000971,10,3.914889,0.000637
4,5,9,1,0|0|0|1|0,0|0|5|1|2,0,10,3.929704,0.000868,10,3.930136,0.000999
4,5,9,1,0|0|0|1|1,0|0|5|1|1,0,10,3.929341,0.001241,10,3.928877,0.000959
4,5,9,1,0|0|0|1|2,0|0|5|1|0,0,10,3.921291,0.001261,10,3.920990,0.000782
4,5,9,1,0|0|0|1|0,0|0|5|2|1,0,10,3.915899,0.000596,10,3.915594,0.001378
4,5,9,1,0|0|0|1|1,0|0|5|2|0,0,10,3.907395,0.000955,10,3.907852,0.000509
4,5,9,1,0|0|0|1|0,0|0|5|3|0,0,10,3.852598,0.000509,10,3.852128,0.000606
4,5,9,1,0|0|0|2|0,0|0|5|0|2,0,10,3.922407,0.000788,10,3.923244,0.000909
4,5,9,1,0|0|0|2|1,0|0|5|0|1,0,10,3.920903,0.001037,10,3.920734,0.001142
4,5,9,1,0|0|0|2|2,0|0|5|0|0,0,10,3.909626,0.000394,10,3.909688,0.000930
4,5,9,1,0|0|0|2|0,0|0|5|1|1,0,10,3.912367,0.000763,10,3.912164,0.000846
4,5,9,1,0|0|0|2|1,0|0|5|1|0,0,10,3.902676,0.000545,10,3.902568,0.000622
4,5,9,1,0|0|0|2|0,0|0|5|2|0,0,10,3.848637,0.000552,10,3.848794,0.000673
4,5,9,1,0|0|0|3|0,0|0|5|0|1,0,10,3.905224,0.000431,10,3.905393,0.001054
4,5,9,1,0|0|0|3|1,0|0|5|0|0,0,10,3.893406,0.000551,10,3.893230,0.000537
4,5,9,1,0|0|0|3|0,0|0|5|1|0,0,10,3.843624,0.000367,10,3.844067,0.000401
4,5,9,1,0|0|0|4|0,0|0|5|0|0,0,10,3.834178,0.000570,10,3.834149,0.000591
4,5,9,1,0|0|0|0|0,0|0|6|0|3,0,10,3.891029,0.000961,10,3.890899,0.001290
4,5,9,1,0|0|0|0|1,0|0|6|0|2,0,10,3.892976,0.000944,10,3.892982,0.001279
4,5,9,1,0|0|0|0|2,0|0|6|0|1,0,10,3.887043,0.000620,10,3.887607,0.000852
4,5,9,1,0|0|0|0|3,0|0|6|0|0,0,10,3.873331,0.000716,10,3.874028,0.000741
4,5,9,1,0|0|0|0|0,0|0|6|1|2,0,10,3.916251,0.000939,10,3.916440,0.001112
4,5,9,1,0|0|0|0|1,0|0|6|1|1,0,10,3.916019,0.000633,10,3.915494,0.001297
4,5,9,1,0|0|0|0|2,0|0|6|1|0,0,10,3.904992,0.000771,10,3.905048,0.000734
4,5,9,1,0|0|0|0|0,0|0|6|2|1,0,10,3.903188,0.000676,10,3.902639,0.000678
4,5,9,1,0|0|0|0|1,0|0|6|2|0,0,10,3.892875,0.000549,10,3.892605,0.000915
4,5,9,1,0|0|0|0|0,0|0|6|3|0,0,10,3.831132,0.000335,10,3.831403,0.000790
4,5,9,1,0|0|0|1|0,0|0|6|0|2,0,10,3.907762,0.000682,10,3.908161,0.001108
4,5,9,1,0|0|0|1|1,0|0|6|0|1,0,10,3.904572,0.000705,10,3.905117,0.000952
4,5,9,1,0|0|0|1|2,0|0|6|0|0,0,10,3.891027,0.001076,10,3.891008,0.001156
4,5,9,1,0|0|0|1|0,0|0|6|1|1,0,10,3.901115,0.000840,10,3.901687,0.000434
4,5,9,1,0|0|0|1|1,0|0|6|1|0,0,10,3.889815,0.000673,10,3.889678,0.000690
4,5,9,1,0|0|0|1|0,0|0|6|2|0,0,10,3.832834,0.000256,10,3.832580,0.000854
4,5,9,1,0|0|0|2|0,0|0|6|0|1,0,10,3.890260,0.001013,10,3.890188,0.000808
4,5,9,1,0|0|0|2|1,0|0|6|0|0,0,10,3.874548,0.001119,10,3.875030,0.000718
4,5,9,1,0|0|0|2|0,0|0|6|1|0,0,10,3.825858,0.000492,10,3.825623,0.000495
4,5,9,1,0|0|0|3|0,0|0|6|0|0,0,10,3.811202,0.000638,10,3.811503,0.000511
4,5,9,1,0|0|0|0|0,0|0|7|0|2,0,10,3.859499,0.000652,10,3.859389,0.000918
4,5,9,1,0|0|0|0|1,0|0|7|0|1,0,10,3.857694,0.000565,10,3.858196,0.000597
4,5,9,1,0|0|0|0|2,0|0|7|0|0,0,10,3.834902,0.000600,10,3.834775,0.000654
4,5,9,1,0|0|0|0|0,0|0|7|1|1,0,10,3.875716,0.000716,10,3.875427,0.000498
4,5,9,1,0|0|0|0|1,0|0|7|1|0,0,10,3.861249,0.000513,10,3.861496,0.000574
4,5,9,1,0|0|0|0|0,0|0|7|2|0,0,10,3.798647,0.000393,10,3.798772,0.000307
4,5,9,1,0|0|0|1|0,0|0|7|0|1,0,10,3.861392,0.000580,10,3.861316,0.000776
4,5,9,1,0|0|0|1|1,0|0|7|0|0,0,10,3.840953,0.000443,10,3.841374,0.000679
4,5,9,1,0|0|0|1|0,0|0|7|1|0,0,10,3.796146,0.000591,10,3.795884,0.000520
4,5,9,1,0|0|0|2|0,0|0|7|0|0,0,10,3.774995,0.000520,10,3.775233,0.000585
4,5,9,1,0|0|0|0|0,0|0|8|0|1,0,10,3.781858,0.000344,10,3.782054,0.000546
4,5,9,1,0|0|0|0|1,0|0|8|0|0,0,10,3.754839,0.000521,10,3.754971,0.000281
4,5,9,1,0|0|0|0|0,0|0|8|1|0,0,10,3.732016,0.000553,10,3.731993,0.000421
4,5,9,1,0|0|0|1|0,0|0|8|0|0,0,10,3.707019,0.000404,10,3.707466,0.000540
4,5,9,1,0|0|0|0|0,0|0|9|0|0,0,10,3.520969,0.000554,10,3.520540,0.000546
4,5,9,1,0|0|1|0|0,0|0|0|0|8,0,10,3.919670,0.000624,10,3.919453,0.001134
4,5,9,1,0|0|1|0|1,0|0|0|0|7,0,10,3.919901,0.001089,10,3.919553,0.000858
4,5,9,1,0|0|1|0|2,0|0|0|0|6,0,10,3.919952,0.001243,10,3.920252,0.001160
4,5,9,1,0|0|1|0|3,0|0|0|0|5,0,10,3.918883,0.000867,10,3.920349,0.000894
4,5,9,1,0|0|1|0|4,0|0|0|0|4,0,10,3.919879,0.001004,10,3.919994,0.001474
4,5,9,1,0|0|1|0|5,0|0|0|0|3,0,10,3.919686,0.001429,10,3.919586,0.001106
4,5,9,1,0|0|1|0|6,0|0|0|0|2,0,10,3.918901,0.001173,10,3.919297,0.001551
4,5,9,1,0|0|1|0|7,0|0|0|0|1,0,10,3.919359,0.001396,10,3.919868,0.000857
4,5,9,1,0|0|1|0|8,0|0|0|0|0,0,10,3.918343,0.000835,10,3.918605,0.001263
4,5,9,1,0|0|1|0|0,0|0|0|1|7,0,10,3.942733,0.001117,10,3.943403,0.000882
4,5,9,1,0|0|1|0|1,0|0|0|1|6,0,10,3.942821,0.001262,10,3.943158,0.000944
4,5,9,1,0|0|1|0|2,0|0|0|1|5,0,10,3.943756,0.001133,10,3.943650,0.001599
4,5,9,1,0|0|1|0|3,0|0|0|1|4,0,10,3.943894,0.001066,10,3.943296,0.000967
4,5,9,1,0|0|1|0|4,0|0|0|1|3,0,10,3.943505,0.001702,10,3.942972,0.001231
4,5,9,1,0|0|1|0|5,0|0|0|1|2,0,10,3.942958,0.001017,10,3.942823,0.001137
4,5,9,1,0|0|1|0|6,0|0|0|1|1,0,10,3.942848,0.001192,10,3.942726,0.001523
4,5,9,1,0|0|1|0|7,0|0|0|1|0,0,10,3.942234,0.001122,10,3.942062,0.001133
4,5,9,1,0|0|1|0|0,0|0|0|2|6,0,10,3.947084,0.001841,10,3.947051,0.001380
4,5,9,1,0|0|1|0|1,0|0|0|2|5,0,10,3.947839,0.002092,10,3.948387,0.000797
4,5,9,1,0|0|1|0|2,0|0|0|2|4,0,10,3.947540,0.001410,10,3.947276,0.002143
4,5,9,1,0|0|1|0|3,0|0|0|2|3,0,10,3.947673,0.001152,10,3.947836,0.000898
4,5,9,1,0|0|1|0|4,0|0|0|2|2,0,10,3.947618,0.000778,10,3.947578,0.001751
4,5,9,1,0|0|1|0|5,0|0|0|2|1,0,10,3.947267,0.001405,10,3.946841,0.001078
4,5,9,1,0|0|1|0|6,0|0|0|2|0,0,10,3.945739,0.001348,10,3.946267,0.001823
4,5,9,1,0|0|1|0|0,0|0|0|3|5,0,10,3.948162,0.001182,10,3.948397,0.001339
4,5,9,1,0|0|1|0|1,0|0|0|3|4,0,10,3.949364,0.001325,10,3.948902,0.001003
4,5,9,1,0|0|1|0|2,0|0|0|3|3,0,10,3.948143,0.001789,10,3.948825,0.001490
4,5,9,1,0|0|1|0|3,0|0|0|3|2,0,10,3.948876,0.001344,10,3.948373,0.001003
4,5,9,1,0|0|1|0|4,0|0|0|3|1,0,10,3.947404,0.000860,10,3.947522,0.000751
4,5,9,1,0|0|1|0|5,0|0|0|3|0,0,10,3.945766,0.001649,10,3.945486,0.001402
4,5,9,1,0|0|1|0|0,0|0|0|4|4,0,10,3.947813,0.001541,10,3.947746,0.001308
4,5,9,1,0|0|1|0|1,0|0|0|4|3,0,10,3.948448,0.001346,10,3.948536,0.001230
4,5,9,1,0|0|1|0|2,0|0|0|4|2,0,10,3.947658,0.001679,10,3.947970,0.000902
4,5,9,1,0|0|1|0|3,0|0|0|4|1,0,10,3.946605,0.000966,10,3.946844,0.001254
4,5,9,1,0|0|1|0|4,0|0|0|4|0,0,10,3.945446,0.001232,10,3.944691,0.000580
4,5,9,1,0|0|1|0|0,0|0|0|5|3,0,10,3.944491,0.001190,10,3.945652,0.000763
4,5,9,1,0|0|1|0|1,0|0|0|5|2,0,10,3.945430,0.000642,10,3.945415,0.000864
4,5,9,1,0|0|1|0|2,0|0|0|5|1,0,10,3.944184,0.001215,10,3.943825,0.000953
4,5,9,1,0|0|1|0|3,0|0|0|5|0,0,10,3.941218,0.001456,10,3.940394,0.000846
4,5,9,1,0|0|1|0|0,0|0|0|6|2,0,10,3.938521,0.001755,10,3.938209,0.001320
4,5,9,1,0|0|1|0|1,0|0|0|6|1,0,10,3.938783,0.000626,10,3.938549,0.001331
4,5,9,1,0|0|1|0|2,0|0|0|6|0,0,10,3.932730,0.001364,10,3.933206,0.000862
4,5,9,1,0|0|1|0|0,0|0|0|7|1,0,10,3.921703,0.000940,10,3.921401,0.000788
4,5,9,1,0|0|1|0|1,0|0|0|7|0,0,10,3.915313,0.000529,10,3.914807,0.000761
4,5,9,1,0|0|1|0|0,0|0|0|8|0,0,10,3.855326,0.000478,10,3.854883,0.000587
4,5,9,1,0|0|1|1|0,0|0|0|0|7,0,10,3.939697,0.001119,10,3.940195,0.001585
4,5,9,1,0|0|1|1|1,0|0|0|0|6,0,10,3.940125,0.001119,10,3.939380,0.001171
4,5,9,1,0|0|1|1|2,0|0|0|0|5,0,10,3.940417,0.001093,10,3.939821,0.001129
4,5,9,1,0|0|1|1|3,0|0|0|0|4,0,10,3.939388,0.001185,10,3.940079,0.001090
4,5,9,1,0|0|1|1|4,0|0|0|0|3,0,10,3.939353,0.001167,10,3.939708,0.000945
4,5,9,1,0|0|1|1|5,0|0|0|0|2,0,10,3.939888,0.001693,10,3.939868,0.001517
4,5,9,1,0|0|1|1|6,0|0|0|0|1,0,10,3.938322,0.001354,10,3.939641,0.001020
4,5,9,1,0|0|1|1|7,0|0|0|0|0,0,10,3.938099,0.001730,10,3.938442,0.001232
4,5,9,1,0|0|1|1|0,0|0|0|1|6,0,10,3.946892,0.001280,10,3.946663,0.001071
4,5,9,1,0|0|1|1|1,0|0|0|1|5,0,10,3.946669,0.001425,10,3.947555,0.001255
4,5,9,1,0|0|1|1|2,0|0|0|1|4,0,10,3.947409,0.001136,10,3.947829,0.001515
4,5,9,1,0|0|1|1|3,0|0|0|1|3,0,10,3.947301,0.001110,10,3.947006,0.001975
4,5,9,1,0|0|1|1|4,0|0|0|1|2,0,10,3.946920,0.001565,10,3.947626,0.001789
4,5,9,1,0|0|1|1|5,0|0|0|1|1,0,10,3.946692,0.001028,10,3.946400,0.001357
4,5,9,1,0|0|1|1|6,0|0|0|1|0,0,10,3.946132,0.001245,10,3.945846,0.001057
4,5,9,1,0|0|1|1|0,0|0|0|2|5,0,10,3.947789,0.001761,10,3.948342,0.001472
4,5,9,1,0|0|1|1|1,0|0|0|2|4,0,10,3.948477,0.001426,10,3.948745,0.000827
4,5,9,1,0|0|1|1|2,0|0|0|2|3,0,10,3.948865,0.001282,10,3.948014,0.001568
4,5,9,1,0|0|1|1|3,0|0|0|2|2,0,10,3.948387,0.001102,10,3.947975,0.001550
4,5,9,1,0|0|1|1|4,0|0|0|2|1,0,10,3.947268,0.001259,10,3.947345,0.001180
4,5,9,1,0|0|1|1|5,0|0|0|2|0,0,10,3.946570,0.001565,10,3.946186,0.000617
4,5,9,1,0|0|1|1|0,0|0|0|3|4,0,10,3.947251,0.002081,10,3.947562,0.000882
4,5,9,1,0|0|1|1|1,0|0|0|3|3,0,10,3.948354,0.001146,10,3.948281,0.001059
4,5,9,1,0|0|1|1|2,0|0|0|3|2,0,10,3.947594,0.001512,10,3.947353,0.000916
4,5,9,1,0|0|1|1|3,0|0|0|3|1,0,10,3.946857,0.001301,10,3.946487,0.001068
4,5,9,1,0|0|1|1|4,0|0|0|3|0,0,10,3.944990,0.001311,10,3.944776,0.001109
4,5,9,1,0|0|1|1|0,0|0|0|4|3,0,10,3.944996,0.001238,10,3.945588,0.000788
4,5,9,1,0|0|1|1|1,0|0|0|4|2,0,10,3.945695,0.000859,10,3.945938,0.001456
4,5,9,1,0|0|1|1|2,0|0|0|4|1,0,10,3.944960,0.001161,10,3.944312,0.001071
4,5,9,1,0|0|1|1|3,0|0|0|4|0,0,10,3.940798,0.000870,10,3.940673,0.000672
4,5,9,1,0|0|1|1|0,0|0|0|5|2,0,10,3.938680,0.000990,10,3.938256,0.001159
4,5,9,1,0|0|1|1|1,0|0|0|5|1,0,10,3.938604,0.001214,10,3.938171,0.001394
4,5,9,1,0|0|1|1|2,0|0|0|5|0,0,10,3.932646,0.000998,10,3.932901,0.001127
4,5,9,1,0|0|1|1|0,0|0|0|6|1,0,10,3.921265,0.000765,10,3.922537,0.000635
4,5,9,1,0|0|1|1|1,0|0|0|6|0,0,10,3.914700,0.000627,10,3.914339,0.000432
4,5,9,1,0|0|1|1|0,0|0|0|7|0,0,10,3.855853,0.000768,10,3.855812,0.000582
4,5,9,1,0|0|1|2|0,0|0|0|0|6,0,10,3.944443,0.001023,10,3.944480,0.001233
4,5,9,1,0|0|1|2|1,0|0|0|0|5,0,10,3.944853,0.001465,10,3.944901,0.001119
4,5,9,1,0|0|1|2|2,0|0|0|0|4,0,10,3.944568,0.000996,10,3.944927,0.001212
4,5,9,1,0|0|1|2|3,0|0|0|0|3,0,10,3.943883,0.001131,10,3.944370,0.000936
4,5,9,1,0|0|1|2|4,0|0|0|0|2,0,10,3.943488,0.001022,10,3.943705,0.000712
4,5,9,1,0|0|1|2|5,0|0|0|0|1,0,10,3.942353,0.001419,10,3.942731,0.001297
4,5,9,1,0|0|1|2|6,0|0|0|0|0,0,10,3.941991,0.000947,10,3.941237,0.000471
4,5,9,1,0|0|1|2|0,0|0|0|1|5,0,10,3.947119,0.000932,10,3.946535,0.000903
4,5,9,1,0|0|1|2|1,0|0|0|1|4,0,10,3.947929,0.001284,10,3.947689,0.001160
4,5,9,1,0|0|1|2|2,0|0|0|1|3,0,10,3.947073,0.001219,10,3.948091,0.001422
4,5,9,1,0|0|1|2|3,0|0|0|1|2,0,10,3.947189,0.001322,10,3.947499,0.001306
4,5,9,1,0|0|1|2|4,0|0|0|1|1,0,10,3.946136,0.001288,10,3.946825,0.001173
4,5,9,1,0|0|1|2|5,0|0|0|1|0,0,10,3.944888,0.001045,10,3.944764,0.001441
4,5,9,1,0|0|1|2|0,0|0|0|2|4,0,10,3.946654,0.001266,10,3.946780,0.001361
4,5,9,1,0|0|1|2|1,0|0|0|2|3,0,10,3.946990,0.001243,10,3.947896,0.001984
4,5,9,1,0|0|1|2|2,0|0|0|2|2,0,10,3.946335,0.001154,10,3.946680,0.001706
4,5,9,1,0|0|1|2|3,0|0|0|2|1,0,10,3.945435,0.001791,10,3.945891,0.001020
4,5,9,1,0|0|1|2|4,0|0|0|2|0,0,10,3.943726,0.001224,10,3.943239,0.000524
4,5,9,1,0|0|1|2|0,0|0|0|3|3,0,10,3.944529,0.001487,10,3.944616,0.001335
4,5,9,1,0|0|1|2|1,0|0|0|3|2,0,10,3.945055,0.001474,10,3.944831,0.000925
4,5,9,1,0|0|1|2|2,0|0|0|3|1,0,10,3.943298,0.001393,10,3.943484,0.000769
4,5,9,1,0|0|1|2|3,0|0|0|3|0,0,10,3.940380,0.000775,10,3.939992,0.000790
4,5,9,1,0|0|1|2|0,0|0|0|4|2,0,10,3.938291,0.000763,10,3.938147,0.001179
4,5,9,1,0|0|1|2|1,0|0|0|4|1,0,10,3.938018,0.001138,10,3.937478,0.000823
4,5,9,1,0|0|1|2|2,0|0|0|4|0,0,10,3.931377,0.000414,10,3.931427,0.001337
4,5,9,1,0|0|1|2|0,0|0|0|5|1,0,10,3.920801,0.000955,10,3.920475,0.001123
4,5,9,1,0|0|1|2|1,0|0|0|5|0,0,10,3.912896,0.000740,10,3.913020,0.000862
4,5,9,1,0|0|1|2|0,0|0|0|6|0,0,10,3.855497,0.000770,10,3.855582,0.000760
4,5,9,1,0|0|1|3|0,0|0|0|0|5,0,10,3.944807,0.000902,10,3.945281,0.001260
4,5,9,1,0|0|1|3|1,0|0|0|0|4,0,10,3.946643,0.001390,10,3.946669,0.000858
4,5,9,1,0|0|1|3|2,0|0|0|0|3,0,10,3.945728,0.000952,10,3.945283,0.000841
4,5,9,1,0|0|1|3|3,0|0|0|0|2,0,10,3.944440,0.001704,10,3.944344,0.001233
4,5,9,1,0|0|1|3|4,0|0|0|0|1,0,10,3.943598,0.001470,10,3.943721,0.001243
4,5,9,1,0|0|1|3|5,0|0|0|0|0,0,10,3.941354,0.001222,10,3.941576,0.001642
4,5,9,1,0|0|1|3|0,0|0|0|1|4,0,10,3.946084,0.000768,10,3.945735,0.001269
4,5,9,1,0|0|1|3|1,0|0|0|1|3,0,10,3.947005,0.001181,10,3.946918,0.001229
4,5,9,1,0|0|1|3|2,0|0|0|1|2,0,10,3.946396,0.001204,10,3.946531,0.001402
4,5,9,1,0|0|1|3|3,0|0|0|1|1,0,10,3.944262,0.001129,10,3.944705,0.001074
4,5,9,1,0|0|1|3|4,0|0|0|1|0,0,10,3.941250,0.001095,10,3.941916,0.001593
4,5,9,1,0|0|1|3|0,0|0|0|2|3,0,10,3.943395,0.001010,10,3.943588,0.001036
4,5,9,1,0|0|1|3|1,0|0|0|2|2,0,10,3.944415,0.001108,10,3.944366,0.001351
4,5,9,1,0|0|1|3|2,0|0|0|2|1,0,10,3.942309,0.001018,10,3.941780,0.001025
4,5,9,1,0|0|1|3|3,0|0|0|2|0,0,10,3.938585,0.001582,10,3.939204,0.000938
4,5,9,1,0|0|1|3|0,0|0|0|3|2,0,10,3.937034,0.001047,10,3.937176,0.000640
4,5,9,1,0|0|1|3|1,0|0|0|3|1,0,10,3.936334,0.000803,10,3.937064,0.000939
4,5,9,1,0|0|1|3|2,0|0|0|3|0,0,10,3.929827,0.000893,10,3.930190,0.000965
4,5,9,1,0|0|1|3|0,0|0|0|4|1,0,10,3.920301,0.000853,10,3.919600,0.000716
4,5,9,1,0|0|1|3|1,0|0|0|4|0,0,10,3.912459,0.001056,10,3.912175,0.000841
4,5,9,1,0|0|1|3|0,0|0|0|5|0,0,10,3.854574,0.000715,10,3.854727,0.000555
4,5,9,1,0|0|1|4|0,0|0|0|0|4,0,10,3.945294,0.001046,10,3.944290,0.000839
4,5,9,1,0|0|1|4|1,0|0|0|0|3,0,10,3.945184,0.000630,10,3.945363,0.001216
4,5,9,1,0|0|1|4|2,0|0|0|0|2,0,10,3.943530,0.000982,10,3.943990,0.001074
4,5,9,1,0|0|1|4|3,0|0|0|0|1,0,10,3.942218,0.001684,10,3.943056,0.001204
4,5,9,1,0|0|1|4|4,0|0|0|0|0,0,10,3.939692,0.001313,10,3.938848,0.001083
4,5,9,1,0|0|1|4|0,0|0|0|1|3,0,10,3.942569,0.000836,10,3.943127,0.000924
4,5,9,1,0|0|1|4|1,0|0|0|1|2,0,10,3.943252,0.000851,10,3.943374,0.001260
4,5,9,1,0|0|1|4|2,0|0|0|1|1,0,10,3.940859,0.001226,10,3.941686,0.001208
4,5,9,1,0|0|1|4|3,0|0|0|1|0,0,10,3.937010,0.000831,10,3.936579,0.000821
4,5,9,1,0|0|1|4|0,0|0|0|2|2,0,10,3.936221,0.000653,10,3.935364,0.000682
4,5,9,1,0|0|1|4|1,0|0|0|2|1,0,10,3.935362,0.000849,10,3.936716,0.000907
4,5,9,1,0|0|1|4|2,0|0|0|2|0,0,10,3.929408,0.000807,10,3.929483,0.000913
4,5,9,1,0|0|1|4|0,0|0|0|3|1,0,10,3.919520,0.000599,10,3.919448,0.000693
4,5,9,1,0|0|1|4|1,0|0|0|3|0,0,10,3.911399,0.000636,10,3.911410,0.000843
4,5,9,1,0|0|1|4|0,0|0|0|4|0,0,10,3.853914,0.000514,10,3.853893,0.000651
4,5,9,1,0|0|1|5|0,0|0|0|0|3,0,10,3.941220,0.000919,10,3.941749,0.001273
4,5,9,1,0|0|1|5|1,0|0|0|0|2,0,10,3.941653,0.001218,10,3.942124,0.001105
4,5,9,1,0|0|1|5|2,0|0|0|0|1,0,10,3.939448,0.001517,10,3.939837,0.001180
4,5,9,1,0|0|1|5|3,0|0|0|0|0,0,10,3.934906,0.000988,10,3.934484,0.000986
4,5,9,1,0|0|1|5|0,0|0|0|1|2,0,10,3.935011,0.000985,10,3.935346,0.000789
4,5,9,1,0|0|1|5|1,0|0|0|1|1,0,10,3.935394,0.001016,10,3.935307,0.000957
4,5,9,1,0|0|1|5|2,0|0|0|1|0,0,10,3.928062,0.001097,10,3.927513,0.000921
4,5,9,1,0|0|1|5|0,0|0|0|2|1,0,10,3.918269,0.000761,10,3.918094,0.000391
4,5,9,1,0|0|1|5|1,0|0|0|2|0,0,10,3.910535,0.000553,10,3.910238,0.000720
4,5,9,1,0|0|1|5|0,0|0|0|3|0,0,10,3.853439,0.000597,10,3.853659,0.000941
4,5,9,1,0|0|1|6|0,0|0|0|0|2,0,10,3.933356,0.001278,10,3.934553,0.001101
4,5,9,1,0|0|1|6|1,0|0|0|0|1,0,10,3.934426,0.001404,10,3.934087,0.000924
4,5,9,1,0|0|1|6|2,0|0|0|0|0,0,10,3.926249,0.001201,10,3.926212,0.000799
4,5,9,1,0|0|1|6|0,0|0|0|1|1,0,10,3.916907,0.000736,10,3.917924,0.000926
4,5,9,1,0|0|1|6|1,0|0|0|1|0,0,10,3.909397,0.000619,10,3.909672,0.000650
4,5,9,1,0|0|1|6|0,0|0|0|2|0,0,10,3.852395,0.001045,10,3.852411,0.000537
4,5,9,1,0|0|1|7|0,0|0|0|0|1,0,10,3.916926,0.000610,10,3.916395,0.000788
4,5,9,1,0|0|1|7|1,0|0|0|0|0,0,10,3.908251,0.000727,10,3.908104,0.000480
4,5,9,1,0|0|1|7|0,0|0|0|1|0,0,10,3.851248,0.000626,10,3.851229,0.000553
4,5,9,1,0|0|1|8|0,0|0|0|0|0,0,10,3.849754,0.000853,10,3.849581,0.000534
4,5,9,1,0|0|1|0|0,0|0|1|0|7,0,10,3.922040,0.000960,10,3.923000,0.001290
4,5,9,1,0|0|1|0|1,0|0|1|0|6,0,10,3.922856,0.001680,10,3.922886,0.001106
4,5,9,1,0|0|1|0|2,0|0|1|0|5,0,10,3.922784,0.000988,10,3.922933,0.001166
4,5,9,1,0|0|1|0|3,0|0|1|0|4,0,10,3.922705,0.001034,10,3.922854,0.001093
4,5,9,1,0|0|1|0|4,0|0|1|0|3,0,10,3.922737,0.001081,10,3.922121,0.001108
4,5,9,1,0|0|1|0|5,0|0|1|0|2,0,10,3.922003,0.001063,10,3.921880,0.000909
4,5,9,1,0|0|1|0|6,0|0|1|0|1,0,10,3.921945,0.001105,10,3.921890,0.001160
4,5,9,1,0|0|1|0|7,0|0|1|0|0,0,10,3.920880,0.001067,10,3.920801,0.001220
4,5,9,1,0|0|1|0|0,0|0|1|1|6,0,10,3.943271,0.001138,10,3.944417,0.001614
4,5,9,1,0|0|1|0|1,0|0|1|1|5,0,10,3.944564,0.001267,10,3.944383,0.001222
4,5,9,1,0|0|1|0|2,0|0|1|1|4,0,10,3.944939,0.000895,10,3.943867,0.001501
4,5,9,1,0|0|1|0|3,0|0|1|1|3,0,10,3.944203,0.001253,10,3.944233,0.001904
4,5,9,1,0|0|1|0|4,0|0|1|1|2,0,10,3.944661,0.001503,10,3.944572,0.001072
4,5,9,1,0|0|1|0|5,0|0|1|1|1,0,10,3.943229,0.001799,10,3.943333,0.000912
4,5,9,1,0|0|1|0|6,0|0|1|1|0,0,10,3.943052,0.001037,10,3.942856,0.001619
4,5,9,1,0|0|1|0|0,0|0|1|2|5,0,10,3.947991,0.001008,10,3.947901,0.001074
4,5,9,1,0|0|1|0|1,0|0|1|2|4,0,10,3.948318,0.001291,10,3.948117,0.002239
4,5,9,1,0|0|1|0|2,0|0|1|2|3,0,10,3.947665,0.001024,10,3.948460,0.001486
4,5,9,1,0|0|1|0|3,0|0|1|2|2,0,10,3.947731,0.001374,10,3.947344,0.001319
4,5,9,1,0|0|1|0|4,0|0|1|2|1,0,10,3.947352,0.001483,10,3.947528,0.000814
4,5,9,1,0|0|1|0|5,0|0|1|2|0,0,10,3.946234,0.000989,10,3.946872,0.000999
4,5,9,1,0|0|1|0|0,0|0|1|3|4,0,10,3.948410,0.001017,10,3.947685,0.000816
4,5,9,1,0|0|1|0|1,0|0|1|3|3,0,10,3.948701,0.001655,10,3.948507,0.001361
4,5,9,1,0|0|1|0|2,0|0|1|3|2,0,10,3.948555,0.001032,10,3.949051,0.000765
4,5,9,1,0|0|1|0|3,0|0|1|3|1,0,10,3.947684,0.000635,10,3.948218,0.001403
4,5,9,1,0|0|1|0|4,0|0|1|3|0,0,10,3.945289,0.001217,10,3.945572,0.000649
4,5,9,1,0|0|1|0|0,0|0|1|4|3,0,10,3.946557,0.001731,10,3.946319,0.000764
4,5,9,1,0|0|1|0|1,0|0|1|4|2,0,10,3.947639,0.001380,10,3.947259,0.001066
4,5,9,1,0|0|1|0|2,0|0|1|4|1,0,10,3.946702,0.000947,10,3.945955,0.001255
4,5,9,1,0|0|1|0|3,0|0|1|4|0,0,10,3.943026,0.000718,10,3.942467,0.000901
4,5,9,1,0|0|1|0|0,0|0|1|5|2,0,10,3.942216,0.001113,10,3.941852,0.001069
4,5,9,1,0|0|1|0|1,0|0|1|5|1,0,10,3.942077,0.000874,10,3.941441,0.001063
4,5,9,1,0|0|1|0|2,0|0|1|5|0,0,10,3.937092,0.000868,10,3.937263,0.000979
4,5,9,1,0|0|1|0|0,0|0|1|6|1,0,10,3.928404,0.001172,10,3.929189,0.000943
4,5,9,1,0|0|1|0|1,0|0|1|6|0,0,10,3.922446,0.000476,10,3.923421,0.000729
4,5,9,1,0|0|1|0|0,0|0|1|7|0,0,10,3.872730,0.000567,10,3.872617,0.000482
4,5,9,1,0|0|1|1|0,0|0|1|0|6,0,10,3.941202,0.001061,10,3.940749,0.001236
4,5,9,1,0|0|1|1|1,0|0|1|0|5,0,10,3.940694,0.001690,10,3.940556,0.000879
4,5,9,1,0|0|1|1|2,0|0|1|0|4,0,10,3.941571,0.000904,10,3.941075,0.000819
4,5,9,1,0|0|1|1|3,0|0|1|0|3,0,10,3.940869,0.001206,10,3.940785,0.001445
4,5,9,1,0|0|1|1|4,0|0|1|0|2,0,10,3.940365,0.001293,10,3.940367,0.001054
4,5,9,1,0|0|1|1|5,0|0|1|0|1,0,10,3.940713,0.001222,10,3.939345,0.001091
4,5,9,1,0|0|1|1|6,0|0|1|0|0,0,10,3.938578,0.001165,10,3.938423,0.001422
4,5,9,1,0|0|1|1|0,0|0|1|1|5,0,10,3.947185,0.001172,10,3.947818,0.000795
4,5,9,1,0|0|1|1|1,0|0|1|1|4,0,10,3.948093,0.001009,10,3.948151,0.001395
4,5,9,1,0|0|1|1|2,0|0|1|1|3,0,10,3.948334,0.001635,10,3.947426,0.001778
4,5,9,1,0|0|1|1|3,0|0|1|1|2,0,10,3.946852,0.001022,10,3.947349,0.001029
4,5,9,1,0|0|1|1|4,0|0|1|1|1,0,10,3.946135,0.001459,10,3.946356,0.000994
4,5,9,1,0|0|1|1|5,0|0|1|1|0,0,10,3.945072,0.000541,10,3.945579,0.001080
4,5,9,1,0|0|1|1|0,0|0|1|2|4,0,10,3.948367,0.000964,10,3.948838,0.000928
4,5,9,1,0|0|1|1|1,0|0|1|2|3,0,10,3.948504,0.001321,10,3.948678,0.000918
4,5,9,1,0|0|1|1|2,0|0|1|2|2,0,10,3.948104,0.001386,10,3.948633,0.001002
4,5,9,1,0|0|1|1|3,0|0|1|2|1,0,10,3.947636,0.001081,10,3.947533,0.001451
4,5,9,1,0|0|1|1|4,0|0|1|2|0,0,10,3.945589,0.001566,10,3.945602,0.001284
4,5,9,1,0|0|1|1|0,0|0|1|3|3,0,10,3.946669,0.001357,10,3.946739,0.001511
4,5,9,1,0|0|1|1|1,0|0|1|3|2,0,10,3.947401,0.001350,10,3.948094,0.000472
4,5,9,1,0|0|1|1|2,0|0|1|3|1,0,10,3.946230,0.001054,10,3.946126,0.001030
4,5,9,1,0|0|1|1|3,0|0|1|3|0,0,10,3.942982,0.001135,10,3.943193,0.001121
4,5,9,1,0|0|1|1|0,0|0|1|4|2,0,10,3.941986,0.001128,10,3.942462,0.001222
4,5,9,1,0|0|1|1|1,0|0|1|4|1,0,10,3.941759,0.001528,10,3.942035,0.001624
4,5,9,1,0|0|1|1|2,0|0|1|4|0,0,10,3.937442,0.000662,10,3.937206,0.001262
4,5,9,1,0|0|1|1|0,0|0|1|5|1,0,10,3.928819,0.000679,10,3.928582,0.000772
4,5,9,1,0|0|1|1|1,0|0|1|5|0,0,10,3.922812,0.000835,10,3.922617,0.000771
4,5,9,1,0|0|1|1|0,0|0|1|6|0,0,10,3.873806,0.000749,10,3.873833,0.000634
4,5,9,1,0|0|1|2|0,0|0|1|0|5,0,10,3.944683,0.001290,10,3.945255,0.000811
4,5,9,1,0|0|1|2|1,0|0|1|0|4,0,10,3.945525,0.001046,10,3.944833,0.001253
4,5,9,1,0|0|1|2|2,0|0|1|0|3,0,10,3.945132,0.001675,10,3.945045,0.001340
4,5,9,1,0|0|1|2|3,0|0|1|0|2,0,10,3.944172,0.001039,10,3.944989,0.001190
4,5,9,1,0|0|1|2|4,0|0|1|0|1,0,10,3.942726,0.001021,10,3.942982,0.001102
4,5,9,1,0|0|1|2|5,0|0|1|0|0,0,10,3.940926,0.001072,10,3.941131,0.000861
4,5,9,1,0|0|1|2|0,0|0|1|1|4,0,10,3.947058,0.001476,10,3.947260,0.000709
4,5,9,1,0|0|1|2|1,0|0|1|1|3,0,10,3.947564,0.001229,10,3.948159,0.000986
4,5,9,1,0|0|1|2|2,0|0|1|1|2,0,10,3.946420,0.001107,10,3.947337,0.001080
4,5,9,1,0|0|1|2|3,0|0|1|1|1,0,10,3.945819,0.001563,10,3.946135,0.001106
4,5,9,1,0|0|1|2|4,0|0|1|1|0,0,10,3.944088,0.001168,10,3.943970,0.000953
4,5,9,1,0|0|1|2|0,0|0|1|2|3,0,10,3.945323,0.001169,10,3.945891,0.000919
4,5,9,1,0|0|1|2|1,0|0|1|2|2,0,10,3.946318,0.001102,10,3.946698,0.001056
4,5,9,1,0|0|1|2|2,0|0|1|2|1,0,10,3.945457,0.001533,10,3.945254,0.001049
4,5,9,1,0|0|1|2|3,0|0|1|2|0,0,10,3.942217,0.001610,10,3.941842,0.001306
4,5,9,1,0|0|1|2|0,0|0|1|3|2,0,10,3.941246,0.001182,10,3.941246,0.000823
4,5,9,1,0|0|1|2|1,0|0|1|3|1,0,10,3.940965,0.001170,10,3.940674,0.001039
4,5,9,1,0|0|1|2|2,0|0|1|3|0,0,10,3.935084,0.000938,10,3.935794,0.001055
4,5,9,1,0|0|1|2|0,0|0|1|4|1,0,10,3.927614,0.000835,10,3.927696,0.000472
4,5,9,1,0|0|1|2|1,0|0|1|4|0,0,10,3.920726,0.000709,10,3.921607,0.000698
4,5,9,1,0|0|1|2|0,0|0|1|5|0,0,10,3.873013,0.000660,10,3.873225,0.000558
4,5,9,1,0|0|1|3|0,0|0|1|0|4,0,10,3.946404,0.001523,10,3.944837,0.000993
4,5,9,1,0|0|1|3|1,0|0|1|0|3,0,10,3.945707,0.000946,10,3.946018,0.001325
4,5,9,1,0|0|1|3|2,0|0|1|0|2,0,10,3.944716,0.001624,10,3.944359,0.000764
4,5,9,1,0|0|1|3|3,0|0|1|0|1,0,10,3.943021,0.000791,10,3.943044,0.001637
4,5,9,1,0|0|1|3|4,0|0|1|0|0,0,10,3.939757,0.001308,10,3.939873,0.001142
4,5,9,1,0|0|1|3|0,0|0|1|1|3,0,10,3.944829,0.000765,10,3.945369,0.000900
4,5,9,1,0|0|1|3|1,0|0|1|1|2,0,10,3.945463,0.001236,10,3.945720,0.001328
4,5,9,1,0|0|1|3|2,0|0|1|1|1,0,10,3.943159,0.000919,10,3.944202,0.000942
4,5,9,1,0|0|1|3|3,0|0|1|1|0,0,10,3.939867,0.000896,10,3.940020,0.000640
4,5,9,1,0|0|1|3|0,0|0|1|2|2,0,10,3.940583,0.000946,10,3.939752,0.001000
4,5,9,1,0|0|1|3|1,0|0|1|2|1,0,10,3.939748,0.001695,10,3.939336,0.000959
4,5,9,1,0|0|1|3|2,0|0|1|2|0,0,10,3.933937,0.000742,10,3.934578,0.000822
4,5,9,1,0|0|1|3|0,0|0|1|3|1,0,10,3.926856,0.000752,10,3.926262,0.000807
4,5,9,1,0|0|1|3|1,0|0|1|3|0,0,10,3.919561,0.001212,10,3.919707,0.000455
4,5,9,1,0|0|1|3|0,0|0|1|4|0,0,10,3.872101,0.000469,10,3.872203,0.000619
4,5,9,1,0|0|1|4|0,0|0|1|0|3,0,10,3.943309,0.000930,10,3.942792,0.001078
4,5,9,1,0|0|1|4|1,0|0|1|0|2,0,10,3.944157,0.001520,10,3.943383,0.001195
4,5,9,1,0|0|1|4|2,0|0|1|0|1,0,10,3.941290,0.001510,10,3.941175,0.001212
4,5,9,1,0|0|1|4|3,0|0|1|0|0,0,10,3.936692,0.001026,10,3.936629,0.000928
4,5,9,1,0|0|1|4|0,0|0|1|1|2,0,10,3.939687,0.000789,10,3.938976,0.001145
4,5,9,1,0|0|1|4|1,0|0|1|1|1,0,10,3.938194,0.000886,10,3.938780,0.000811
4,5,9,1,0|0|1|4|2,0|0|1|1|0,0,10,3.932565,0.001079,10,3.932724,0.001204
4,5,9,1,0|0|1|4|0,0|0|1|2|1,0,10,3.925250,0.001434,10,3.925485,0.000554
4,5,9,1,0|0|1|4|1,0|0|1|2|0,0,10,3.918692,0.000760,10,3.918521,0.000463
4,5,9,1,0|0|1|4|0,0|0|1|3|0,0,10,3.870995,0.000561,10,3.871580,0.000889
4,5,9,1,0|0|1|5|0,0|0|1|0|2,0,10,3.937380,0.001479,10,3.937070,0.000878
4,5,9,1,0|0|1|5|1,0|0|1|0|1,0,10,3.937165,0.000483,10,3.937042,0.000799
4,5,9,1,0|0|1|5|2,0|0|1|0|0,0,10,3.930260,0.000799,10,3.930061,0.000680
4,5,9,1,0|0|1|5|0,0|0|1|1|1,0,10,3.924111,0.000864,10,3.924079,0.000718
4,5,9,1,0|0|1|5|1,0|0|1|1|0,0,10,3.917031,0.000687,10,3.917266,0.000828
4,5,9,1,0|0|1|5|0,0|0|1|2|0,0,10,3.869834,0.000639,10,3.869823,0.000441
4,5,9,1,0|0|1|6|0,0|0|1|0|1,0,10,3.922551,0.000751,10,3.922612,0.000647
4,5,9,1,0|0|1|6|1,0|0|1|0|0,0,10,3.915346,0.000590,10,3.914943,0.000541
4,5,9,1,0|0|1|6|0,0|0|1|1|0,0,10,3.868004,0.000568,10,3.868036,0.000496
4,5,9,1,0|0|1|7|0,0|0|1|0|0,0,10,3.865672,0.000800,10,3.865357,0.000785
4,5,9,1,0|0|1|0|0,0|0|2|0|6,0,10,3.919336,0.001246,10,3.919708,0.001018
4,5,9,1,0|0|1|0|1,0|0|2|0|5,0,10,3.920114,0.001227,10,3.920673,0.001650
4,5,9,1,0|0|1|0|2,0|0|2|0|4,0,10,3.920395,0.001173,10,3.920425,0.001174
4,5,9,1,0|0|1|0|3,0|0|2|0|3,0,10,3.920134,0.001095,10,3.919983,0.001689
4,5,9,1,0|0|1|0|4,0|0|2|0|2,0,10,3.919370,0.001110,10,3.919810,0.001045
4,5,9,1,0|0|1|0|5,0|0|2|0|1,0,10,3.918291,0.001422,10,3.918306,0.000886
4,5,9,1,0|0|1|0|6,0|0|2|0|0,0,10,3.916043,0.001373,10,3.916282,0.000727
4,5,9,1,0|0|1|0|0,0|0|2|1|5,0,10,3.941875,0.001043,10,3.942154,0.001300
4,5,9,1,0|0|1|0|1,0|0|2|1|4,0,10,3.943099,0.001536,10,3.942145,0.001390
4,5,9,1,0|0|1|0|2,0|0|2|1|3,0,10,3.942452,0.001372,10,3.942299,0.000714
4,5,9,1,0|0|1|0|3,0|0|2|1|2,0,10,3.942262,0.000879,10,3.942006,0.001611
4,5,9,1,0|0|1|0|4,0|0|2|1|1,0,10,3.941652,0.000582,10,3.941596,0.001428
4,5,9,1,0|0|1|0|5,0|0|2|1|0,0,10,3.939460,0.001428,10,3.940035,0.000794
4,5,9,1,0|0|1|0|0,0|0|2|2|4,0,10,3.945091,0.001198,10,3.945572,0.000912
4,5,9,1,0|0|1|0|1,0|0|2|2|3,0,10,3.946267,0.001415,10,3.945599,0.001273
4,5,9,1,0|0|1|0|2,0|0|2|2|2,0,10,3.944762,0.001355,10,3.944944,0.001146
4,5,9,1,0|0|1|0|3,0|0|2|2|1,0,10,3.944198,0.001070,10,3.945000,0.001551
4,5,9,1,0|0|1|0|4,0|0|2|2|0,0,10,3.943198,0.000898,10,3.942204,0.001347
4,5,9,1,0|0|1|0|0,0|0|2|3|3,0,10,3.944395,0.001420,10,3.944423,0.000859
4,5,9,1,0|0|1|0|1,0|0|2|3|2,0,10,3.945212,0.001462,10,3.946249,0.001197
4,5,9,1,0|0|1|0|2,0|0|2|3|1,0,10,3.943629,0.001592,10,3.944352,0.001650
4,5,9,1,0|0|1|0|3,0|0|2|3|0,0,10,3.940865,0.000642,10,3.940202,0.001107
4,5,9,1,0|0|1|0|0,0|0|2|4|2,0,10,3.939984,0.001141,10,3.940176,0.001077
4,5,9,1,0|0|1|0|1,0|0|2|4|1,0,10,3.940524,0.001804,10,3.940259,0.000782
4,5,9,1,0|0|1|0|2,0|0|2|4|0,0,10,3.934833,0.000588,10,3.934587,0.000882
4,5,9,1,0|0|1|0|0,0|0|2|5|1,0,10,3.926610,0.000586,10,3.926733,0.000934
4,5,9,1,0|0|1|0|1,0|0|2|5|0,0,10,3.920066,0.000638,10,3.920554,0.000909
4,5,9,1,0|0|1|0|0,0|0|2|6|0,0,10,3.869557,0.000482,10,3.869431,0.000905
4,5,9,1,0|0|1|1|0,0|0|2|0|5,0,10,3.938748,0.001637,10,3.938871,0.001257
4,5,9,1,0|0|1|1|1,0|0|2|0|4,0,10,3.939236,0.001206,10,3.939198,0.001334
4,5,9,1,0|0|1|1|2,0|0|2|0|3,0,10,3.938815,0.001576,10,3.938748,0.000959
4,5,9,1,0|0|1|1|3,0|0|2|0|2,0,10,3.937573,0.000894,10,3.937280,0.001047
4,5,9,1,0|0|1|1|4,0|0|2|0|1,0,10,3.936891,0.001036,10,3.935454,0.000832
4,5,9,1,0|0|1|1|5,0|0|2|0|0,0,10,3.934303,0.001427,10,3.933775,0.001100
4,5,9,1,0|0|1|1|0,0|0|2|1|4,0,10,3.944484,0.001674,10,3.945422,0.001429
4,5,9,1,0|0|1|1|1,0|0|2|1|3,0,10,3.945406,0.001366,10,3.945571,0.001326
4,5,9,1,0|0|1|1|2,0|0|2|1|2,0,10,3.944848,0.001209,10,3.945025,0.001164
4,5,9,1,0|0|1|1|3,0|0|2|1|1,0,10,3.943753,0.001552,10,3.943561,0.000730
4,5,9,1,0|0|1|1|4,0|0|2|1|0,0,10,3.940860,0.001245,10,3.941761,0.000945
4,5,9,1,0|0|1|1|0,0|0|2|2|3,0,10,3.945099,0.001470,10,3.945079,0.000971
4,5,9,1,0|0|1|1|1,0|0|2|2|2,0,10,3.945316,0.001012,10,3.945045,0.001207
4,5,9,1,0|0|1|1|2,0|0|2|2|1,0,10,3.943745,0.001074,10,3.943602,0.000833
4,5,9,1,0|0|1|1|3,0|0|2|2|0,0,10,3.940557,0.001482,10,3.940010,0.000865
4,5,9,1,0|0|1|1|0,0|0|2|3|2,0,10,3.940236,0.001172,10,3.939805,0.001079
4,5,9,1,0|0|1|1|1,0|0|2|3|1,0,10,3.940514,0.001091,10,3.939871,0.000860
4,5,9,1,0|0|1|1|2,0|0|2|3|0,0,10,3.935005,0.000980,10,3.934327,0.001096
4,5,9,1,0|0|1|1|0,0|0|2|4|1,0,10,3.926392,0.000784,10,3.926467,0.000778
4,5,9,1,0|0|1|1|1,0|0|2|4|0,0,10,3.920566,0.000434,10,3.920362,0.000675
4,5,9,1,0|0|1|1|0,0|0|2|5|0,0,10,3.870783,0.000705,10,3.870789,0.000702
4,5,9,1,0|0|1|2|0,0|0|2|0|4,0,10,3.942255,0.001430,10,3.941736,0.001211
4,5,9,1,0|0|1|2|1,0|0|2|0|3,0,10,3.941675,0.001297,10,3.941496,0.001510
4,5,9,1,0|0|1|2|2,0|0|2|0|2,0,10,3.940357,0.001045,10,3.940437,0.000756
4,5,9,1,0|0|1|2|3,0|0|2|0|1,0,10,3.938446,0.000833,10,3.938460,0.001287
4,5,9,1,0|0|1|2|4,0|0|2|0|0,0,10,3.935231,0.000455,10,3.935308,0.001161
4,5,9,1,0|0|1|2|0,0|0|2|1|3,0,10,3.942853,0.001145,10,3.943422,0.001369
4,5,9,1,0|0|1|2|1,0|0|2|1|2,0,10,3.944119,0.001074,10,3.943880,0.001065
4,5,9,1,0|0|1|2|2,0|0|2|1|1,0,10,3.941703,0.000812,10,3.941663,0.001331
4,5,9,1,0|0|1|2|3,0|0|2|1|0,0,10,3.937290,0.001016,10,3.937514,0.000929
4,5,9,1,0|0|1|2|0,0|0|2|2|2,0,10,3.938905,0.000709,10,3.938088,0.001124
4,5,9,1,0|0|1|2|1,0|0|2|2|1,0,10,3.938541,0.001060,10,3.938963,0.001242
4,5,9,1,0|0|1|2|2,0|0|2|2|0,0,10,3.932844,0.000802,10,3.932346,0.000629
4,5,9,1,0|0|1|2|0,0|0|2|3|1,0,10,3.925384,0.001034,10,3.925274,0.000608
4,5,9,1,0|0|1|2|1,0|0|2|3|0,0,10,3.918680,0.000557,10,3.918295,0.001134
4,5,9,1,0|0|1|2|0,0|0|2|4|0,0,10,3.869209,0.000990,10,3.869778,0.000691
4,5,9,1,0|0|1|3|0,0|0|2|0|3,0,10,3.939866,0.001634,10,3.940161,0.000815
4,5,9,1,0|0|1|3|1,0|0|2|0|2,0,10,3.940360,0.001188,10,3.940120,0.001020
4,5,9,1,0|0|1|3|2,0|0|2|0|1,0,10,3.937906,0.000814,10,3.937432,0.001088
4,5,9,1,0|0|1|3|3,0|0|2|0|0,0,10,3.931414,0.001272,10,3.932095,0.001047
4,5,9,1,0|0|1|3|0,0|0|2|1|2,0,10,3.937629,0.000978,10,3.937381,0.001078
4,5,9,1,0|0|1|3|1,0|0|2|1|1,0,10,3.936530,0.000882,10,3.937042,0.000821
4,5,9,1,0|0|1|3|2,0|0|2|1|0,0,10,3.930167,0.001026,10,3.930622,0.000738
4,5,9,1,0|0|1|3|0,0|0|2|2|1,0,10,3.923813,0.000759,10,3.923443,0.001225
4,5,9,1,0|0|1|3|1,0|0|2|2|0,0,10,3.916319,0.000806,10,3.916426,0.000659
4,5,9,1,0|0|1|3|0,0|0|2|3|0,0,10,3.868136,0.000872,10,3.868086,0.000660
4,5,9,1,0|0|1|4|0,0|0|2|0|2,0,10,3.934592,0.001303,10,3.934558,0.000409
4,5,9,1,0|0|1|4|1,0|0|2|0|1,0,10,3.933865,0.001324,10,3.934245,0.000986
4,5,9,1,0|0|1|4|2,0|0|2|0|0,0,10,3.925841,0.000492,10,3.925881,0.000855
4,5,9,1,0|0|1|4|0,0|0|2|1|1,0,10,3.921012,0.000676,10,3.921789,0.001127
4,5,9,1,0|0|1|4|1,0|0|2|1|0,0,10,3.914504,0.000722,10,3.914190,0.001077
4,5,9,1,0|0|1|4|0,0|0|2|2|0,0,10,3.866290,0.000627,10,3.866370,0.000442
4,5,9,1,0|0|1|5|0,0|0|2|0|1,0,10,3.919250,0.001105,10,3.918718,0.000616
4,5,9,1,0|0|1|5|1,0|0|2|0|0,0,10,3.910755,0.000639,10,3.910628,0.001190
4,5,9,1,0|0|1|5|0,0|0|2|1|0,0,10,3.863874,0.000729,10,3.863495,0.000496
4,5,9,1,0|0|1|6|0,0|0|2|0|0,0,10,3.859512,0.000548,10,3.859544,0.000608
4,5,9,1,0|0|1|0|0,0|0|3|0|5,0,10,3.914445,0.001091,10,3.915070,0.001267
4,5,9,1,0|0|1|0|1,0|0|3|0|4,0,10,3.916041,0.000676,10,3.916857,0.001858
4,5,9,1,0|0|1|0|2,0|0|3|0|3,0,10,3.915148,0.001287,10,3.914751,0.001288
4,5,9,1,0|0|1|0|3,0|0|3|0|2,0,10,3.913955,0.001525,10,3.913594,0.001167
4,5,9,1,0|0|1|0|4,0|0|3|0|1,0,10,3.912330,0.001064,10,3.911652,0.000916
4,5,9,1,0|0|1|0|5,0|0|3|0|0,0,10,3.907914,0.001164,10,3.907402,0.000628
4,5,9,1,0|0|1|0|0,0|0|3|1|4,0,10,3.938330,0.000838,10,3.938320,0.000844
4,5,9,1,0|0|1|0|1,0|0|3|1|3,0,10,3.939307,0.001408,10,3.939602,0.001236
4,5,9,1,0|0|1|0|2,0|0|3|1|2,0,10,3.938278,0.000916,10,3.938017,0.001287
4,5,9,1,0|0|1|0|3,0|0|3|1|1,0,10,3.936991,0.001441,10,3.936385,0.001024
4,5,9,1,0|0|1|0|4,0|0|3|1|0,0,10,3.933707,0.001360,10,3.933283,0.001065
4,5,9,1,0|0|1|0|0,0|0|3|2|3,0,10,3.940734,0.001235,10,3.939833,0.000794
4,5,9,1,0|0|1|0|1,0|0|3|2|2,0,10,3.940905,0.000885,10,3.940895,0.000756
4,5,9,1,0|0|1|0|2,0|0|3|2|1,0,10,3.938894,0.000839,10,3.939643,0.001512
4,5,9,1,0|0|1|0|3,0|0|3|2|0,0,10,3.934887,0.000833,10,3.935349,0.000790
4,5,9,1,0|0|1|0|0,0|0|3|3|2,0,10,3.936699,0.000923,10,3.935591,0.001075
4,5,9,1,0|0|1|0|1,0|0|3|3|1,0,10,3.935967,0.001167,10,3.936324,0.000784
4,5,9,1,0|0|1|0|2,0|0|3|3|0,0,10,3.929956,0.000879,10,3.929470,0.001390
4,5,9,1,0|0|1|0|0,0|0|3|4|1,0,10,3.922422,0.000666,10,3.921778,0.000634
4,5,9,1,0|0|1|0|1,0|0|3|4|0,0,10,3.915100,0.000631,10,3.915089,0.000635
4,5,9,1,0|0|1|0|0,0|0|3|5|0,0,10,3.861619,0.000624,10,3.861359,0.000712
4,5,9,1,0|0|1|1|0,0|0|3|0|4,0,10,3.933918,0.001376,10,3.933474,0.001536
4,5,9,1,0|0|1|1|1,0|0|3|0|3,0,10,3.933761,0.001149,10,3.933526,0.001175
4,5,9,1,0|0|1|1|2,0|0|3|0|2,0,10,3.932725,0.001137,10,3.932573,0.001243
4,5,9,1,0|0|1|1|3,0|0|3|0|1,0,10,3.931085,0.001268,10,3.930176,0.001136
4,5,9,1,0|0|1|1|4,0|0|3|0|0,0,10,3.925227,0.001089,10,3.925832,0.000974
4,5,9,1,0|0|1|1|0,0|0|3|1|3,0,10,3.939530,0.001431,10,3.939659,0.000659
4,5,9,1,0|0|1|1|1,0|0|3|1|2,0,10,3.939632,0.001172,10,3.939740,0.001027
4,5,9,1,0|0|1|1|2,0|0|3|1|1,0,10,3.938083,0.001003,10,3.937230,0.001458
4,5,9,1,0|0|1|1|3,0|0|3|1|0,0,10,3.932880,0.001160,10,3.933165,0.000689
4,5,9,1,0|0|1|1|0,0|0|3|2|2,0,10,3.935892,0.001161,10,3.935841,0.001274
4,5,9,1,0|0|1|1|1,0|0|3|2|1,0,10,3.935956,0.000830,10,3.935638,0.000529
4,5,9,1,0|0|1|1|2,0|0|3|2|0,0,10,3.929591,0.001125,10,3.929199,0.000836
4,5,9,1,0|0|1|1|0,0|0|3|3|1,0,10,3.921714,0.000450,10,3.922274,0.000656
4,5,9,1,0|0|1|1|1,0|0|3|3|0,0,10,3.914797,0.001034,10,3.914844,0.000460
4,5,9,1,0|0|1|1|0,0|0|3|4|0,0,10,3.863217,0.000696,10,3.863248,0.000618
4,5,9,1,0|0|1|2|0,0|0|3|0|3,0,10,3.934894,0.001622,10,3.935433,0.001328
4,5,9,1,0|0|1|2|1,0|0|3|0|2,0,10,3.934874,0.000845,10,3.934928,0.001566
4,5,9,1,0|0|1|2|2,0|0|3|0|1,0,10,3.931681,0.000939,10,3.931113,0.000884
4,5,9,1,0|0|1|2|3,0|0|3|0|0,0,10,3.924356,0.000826,10,3.924445,0.001026
4,5,9,1,0|0|1|2|0,0|0|3|1|2,0,10,3.934136,0.001221,10,3.933649,0.001015
4,5,9,1,0|0|1|2|1,0|0|3|1|1,0,10,3.932780,0.001220,10,3.932698,0.000692
4,5,9,1,0|0|1|2|2,0|0|3|1|0,0,10,3.925733,0.001043,10,3.925661,0.000987
4,5,9,1,0|0|1|2|0,0|0|3|2|1,0,10,3.919396,0.000905,10,3.919374,0.001080
4,5,9,1,0|0|1|2|1,0|0|3|2|0,0,10,3.912136,0.000783,10,3.911617,0.000243
4,5,9,1,0|0|1|2|0,0|0|3|3|0,0,10,3.861132,0.000420,10,3.861238,0.000355
4,5,9,1,0|0|1|3|0,0|0|3|0|2,0,10,3.928858,0.000793,10,3.929300,0.000943
4,5,9,1,0|0|1|3|1,0|0|3|0|1,0,10,3.928428,0.000969,10,3.927765,0.000736
4,5,9,1,0|0|1|3|2,0|0|3|0|0,0,10,3.918205,0.000933,10,3.918157,0.001057
4,5,9,1,0|0|1|3|0,0|0|3|1|1,0,10,3.917140,0.000935,10,3.916982,0.001010
4,5,9,1,0|0|1|3|1,0|0|3|1|0,0,10,3.908450,0.000509,10,3.908364,0.000305
4,5,9,1,0|0|1|3|0,0|0|3|2|0,0,10,3.858930,0.000309,10,3.858519,0.000614
4,5,9,1,0|0|1|4|0,0|0|3|0|1,0,10,3.912504,0.000615,10,3.912122,0.001022
4,5,9,1,0|0|1|4|1,0|0|3|0|0,0,10,3.902339,0.000311,10,3.901945,0.000704
4,5,9,1,0|0|1|4|0,0|0|3|1|0,0,10,3.855074,0.000477,10,3.854845,0.000559
4,5,9,1,0|0|1|5|0,0|0|3|0|0,0,10,3.848327,0.000617,10,3.848240,0.000747
4,5,9,1,0|0|1|0|0,0|0|4|0|4,0,10,3.906932,0.001061,10,3.907365,0.001101
4,5,9,1,0|0|1|0|1,0|0|4|0|3,0,10,3.908127,0.001124,10,3.908641,0.001406
4,5,9,1,0|0|1|0|2,0|0|4|0|2,0,10,3.906579,0.001164,10,3.905602,0.001212
4,5,9,1,0|0|1|0|3,0|0|4|0|1,0,10,3.902555,0.000657,10,3.902704,0.001269
4,5,9,1,0|0|1|0|4,0|0|4|0|0,0,10,3.894830,0.000914,10,3.894424,0.000602
4,5,9,1,0|0|1|0|0,0|0|4|1|3,0,10,3.930414,0.000588,10,3.931293,0.000634
4,5,9,1,0|0|1|0|1,0|0|4|1|2,0,10,3.931719,0.001420,10,3.931934,0.000885
4,5,9,1,0|0|1|0|2,0|0|4|1|1,0,10,3.929184,0.000784,10,3.928500,0.000912
4,5,9,1,0|0|1|0|3,0|0|4|1|0,0,10,3.922989,0.000980,10,3.923013,0.000995
4,5,9,1,0|0|1|0|0,0|0|4|2|2,0,10,3.929542,0.001092,10,3.929592,0.001721
4,5,9,1,0|0|1|0|1,0|0|4|2|1,0,10,3.929037,0.000900,10,3.929326,0.001080
4,5,9,1,0|0|1|0|2,0|0|4|2|0,0,10,3.921186,0.000634,10,3.921156,0.000863
4,5,9,1,0|0|1|0|0,0|0|4|3|1,0,10,3.914847,0.000610,10,3.914837,0.000765
4,5,9,1,0|0|1|0|1,0|0|4|3|0,0,10,3.906171,0.000652,10,3.905906,0.000409
4,5,9,1,0|0|1|0|0,0|0|4|4|0,0,10,3.849918,0.000612,10,3.849472,0.000744
4,5,9,1,0|0|1|1|0,0|0|4|0|3,0,10,3.925620,0.000927,10,3.924786,0.001233
4,5,9,1,0|0|1|1|1,0|0|4|0|2,0,10,3.924658,0.000637,10,3.924877,0.001058
4,5,9,1,0|0|1|1|2,0|0|4|0|1,0,10,3.920565,0.001245,10,3.920393,0.001235
4,5,9,1,0|0|1|1|3,0|0|4|0|0,0,10,3.911864,0.000699,10,3.911927,0.000932
4,5,9,1,0|0|1|1|0,0|0|4|1|2,0,10,3.928333,0.000864,10,3.928476,0.000972
4,5,9,1,0|0|1|1|1,0|0|4|1|1,0,10,3.926573,0.000913,10,3.926373,0.001131
4,5,9,1,0|0|1|1|2,0|0|4|1|0,0,10,3.917843,0.000861,10,3.918140,0.000836
4,5,9,1,0|0|1|1|0,0|0|4|2|1,0,10,3.914458,0.000889,10,3.913843,0.000824
4,5,9,1,0|0|1|1|1,0|0|4|2|0,0,10,3.905089,0.000687,10,3.904840,0.000996
4,5,9,1,0|0|1|1|0,0|0|4|3|0,0,10,3.851021,0.000599,10,3.850801,0.000418
4,5,9,1,0|0|1|2|0,0|0|4|0|2,0,10,3.920239,0.000826,10,3.920888,0.001208
4,5,9,1,0|0|1|2|1,0|0|4|0|1,0,10,3.918562,0.000634,10,3.918384,0.000671
4,5,9,1,0|0|1|2|2,0|0|4|0|0,0,10,3.906358,0.000943,10,3.906151,0.001016
4,5,9,1,0|0|1|2|0,0|0|4|1|1,0,10,3.909693,0.000702,10,3.909476,0.000805
4,5,9,1,0|0|1|2|1,0|0|4|1|0,0,10,3.899949,0.000518,10,3.899904,0.000867
4,5,9,1,0|0|1|2|0,0|0|4|2|0,0,10,3.847530,0.000560,10,3.847171,0.000534
4,5,9,1,0|0|1|3|0,0|0|4|0|1,0,10,3.902211,0.000760,10,3.902359,0.000748
4,5,9,1,0|0|1|3|1,0|0|4|0|0,0,10,3.890392,0.000935,10,3.889863,0.000947
4,5,9,1,0|0|1|3|0,0|0|4|1|0,0,10,3.842196,0.000600,10,3.842448,0.000361
4,5,9,1,0|0|1|4|0,0|0|4|0|0,0,10,3.832716,0.000462,10,3.832273,0.000440
4,5,9,1,0|0|1|0|0,0|0|5|0|3,0,10,3.891547,0.001026,10,3.891655,0.000666
4,5,9,1,0|0|1|0|1,0|0|5|0|2,0,10,3.892673,0.000700,10,3.892828,0.000913
4,5,9,1,0|0|1|0|2,0|0|5|0|1,0,10,3.886550,0.000867,10,3.886453,0.000857
4,5,9,1,0|0|1|0|3,0|0|5|0|0,0,10,3.872413,0.001013,10,3.873028,0.000822
4,5,9,1,0|0|1|0|0,0|0|5|1|2,0,10,3.915050,0.000877,10,3.915000,0.000814
4,5,9,1,0|0|1|0|1,0|0|5|1|1,0,10,3.914148,0.001200,10,3.913323,0.001026
4,5,9,1,0|0|1|0|2,0|0|5|1|0,0,10,3.902438,0.000867,10,3.902849,0.000754
4,5,9,1,0|0|1|0|0,0|0|5|2|1,0,10,3.901639,0.000849,10,3.901260,0.001201
4,5,9,1,0|0|1|0|1,0|0|5|2|0,0,10,3.890995,0.000830,10,3.890903,0.000510
4,5,9,1,0|0|1|0|0,0|0|5|3|0,0,10,3.830703,0.000586,10,3.830746,0.000571
4,5,9,1,0|0|1|1|0,0|0|5|0|2,0,10,3.905508,0.001213,10,3.905226,0.000590
4,5,9,1,0|0|1|1|1,0|0|5|0|1,0,10,3.901630,0.000841,10,3.901870,0.000913
4,5,9,1,0|0|1|1|2,0|0|5|0|0,0,10,3.886323,0.000784,10,3.886326,0.000639
4,5,9,1,0|0|1|1|0,0|0|5|1|1,0,10,3.898396,0.000631,10,3.898037,0.000783
4,5,9,1,0|0|1|1|1,0|0|5|1|0,0,10,3.885991,0.000814,10,3.886282,0.000664
4,5,9,1,0|0|1|1|0,0|0|5|2|0,0,10,3.830656,0.000661,10,3.830762,0.000579
4,5,9,1,0|0|1|2|0,0|0|5|0|1,0,10,3.887017,0.000436,10,3.886656,0.000650
4,5,9,1,0|0|1|2|1,0|0|5|0|0,0,10,3.870655,0.000742,10,3.870397,0.000760
4,5,9,1,0|0|1|2|0,0|0|5|1|0,0,10,3.823155,0.000433,10,3.823670,0.000448
4,5,9,1,0|0|1|3|0,0|0|5|0|0,0,10,3.809363,0.000518,10,3.809250,0.000402
4,5,9,1,0|0|1|0|0,0|0|6|0|2,0,10,3.859583,0.000751,10,3.859422,0.000898
4,5,9,1,0|0|1|0|1,0|0|6|0|1,0,10,3.856977,0.000713,10,3.856935,0.000773
4,5,9,1,0|0|1|0|2,0|0|6|0|0,0,10,3.833809,0.000611,10,3.833365,0.000663
4,5,9,1,0|0|1|0|0,0|0|6|1|1,0,10,3.873257,0.001033,10,3.873430,0.000498
4,5,9,1,0|0|1|0|1,0|0|6|1|0,0,10,3.858116,0.000687,10,3.858169,0.000799
4,5,9,1,0|0|1|0|0,0|0|6|2|0,0,10,3.798148,0.000398,10,3.797824,0.000720
4,5,9,1,0|0|1|1|0,0|0|6|0|1,0,10,3.857718,0.000459,10,3.858084,0.000411
4,5,9,1,0|0|1|1|1,0|0|6|0|0,0,10,3.835923,0.000771,10,3.835938,0.000711
4,5,9,1,0|0|1|1|0,0|0|6|1|0,0,10,3.793344,0.000675,10,3.793159,0.000447
4,5,9,1,0|0|1|2|0,0|0|6|0|0,0,10,3.772009,0.000960,10,3.771823,0.000598
4,5,9,1,0|0|1|0|0,0|0|7|0|1,0,10,3.782018,0.000628,10,3.782278,0.000653
4,5,9,1,0|0|1|0|1,0|0|7|0|0,0,10,3.753568,0.000696,10,3.753703,0.000410
4,5,9,1,0|0|1|0|0,0|0|7|1|0,0,10,3.731386,0.000380,10,3.731215,0.000524
4,5,9,1,0|0|1|1|0,0|0|7|0|0,0,10,3.704187,0.000516,10,3.704149,0.000583
4,5,9,1,0|0|1|0|0,0|0|8|0|0,0,10,3.528048,0.000462,10,3.527890,0.000511
4,5,9,1,0|0|2|0|0,0|0|0|0|7,0,10,3.922229,0.000874,10,3.921066,0.001576
4,5,9,1,0|0|2|0|1,0|0|0|0|6,0,10,3.922341,0.001587,10,3.922695,0.001132
4,5,9,1,0|0|2|0|2,0|0|0|0|5,0,10,3.922651,0.001138,10,3.922307,0.000733
4,5,9,1,0|0|2|0|3,0|0|0|0|4,0,10,3.921391,0.000842,10,3.922330,0.001146
4,5,9,1,0|0|2|0|4,0|0|0|0|3,0,10,3.921394,0.001300,10,3.921313,0.001150
4,5,9,1,0|0|2|0|5,0|0|0|0|2,0,10,3.921578,0.001581,10,3.920932,0.001321
4,5,9,1,0|0|2|0|6,0|0|0|0|1,0,10,3.920651,0.000800,10,3.919652,0.001327
4,5,9,1,0|0|2|0|7,0|0|0|0|0,0,10,3.919504,0.001528,10,3.919499,0.001122
4,5,9,1,0|0|2|0|0,0|0|0|1|6,0,10,3.943186,0.001113,10,3.943052,0.000634
4,5,9,1,0|0|2|0|1,0|0|0|1|5,0,10,3.944332,0.001302,10,3.944138,0.001294
4,5,9,1,0|0|2|0|2,0|0|0|1|4,0,10,3.943274,0.000957,10,3.943946,0.001133
4,5,9,1,0|0|2|0|3,0|0|0|1|3,0,10,3.943636,0.001419,10,3.943880,0.001410
4,5,9,1,0|0|2|0|4,0|0|0|1|2,0,10,3.943306,0.001447,10,3.943078,0.001737
4,5,9,1,0|0|2|0|5,0|0|0|1|1,0,10,3.942875,0.000890,10,3.942529,0.001723
4,5,9,1,0|0|2|0|6,0|0|0|1|0,0,10,3.942242,0.001110,10,3.942370,0.001207
4,5,9,1,0|0|2|0|0,0|0|0|2|5,0,10,3.947221,0.001399,10,3.947089,0.001620
4,5,9,1,0|0|2|0|1,0|0|0|2|4,0,10,3.948092,0.000891,10,3.947360,0.001178
4,5,9,1,0|0|2|0|2,0|0|0|2|3,0,10,3.947710,0.001369,10,3.947523,0.000969
4,5,9,1,0|0|2|0|3,0|0|0|2|2,0,10,3.945918,0.001606,10,3.946798,0.001161
4,5,9,1,0|0|2|0|4,0|0|0|2|1,0,10,3.946464,0.000738,10,3.946278,0.001063
4,5,9,1,0|0|2|0|5,0|0|0|2|0,0,10,3.945209,0.001516,10,3.944943,0.001207
4,5,9,1,0|0|2|0|0,0|0|0|3|4,0,10,3.947733,0.001132,10,3.947705,0.001388
4,5,9,1,0|0|2|0|1,0|0|0|3|3,0,10,3.948428,0.001637,10,3.948145,0.000841
4,5,9,1,0|0|2|0|2,0|0|0|3|2,0,10,3.947876,0.001185,10,3.947628,0.001294
4,5,9,1,0|0|2|0|3,0|0|0|3|1,0,10,3.946750,0.001234,10,3.946260,0.001500
4,5,9,1,0|0|2|0|4,0|0|0|3|0,0,10,3.945026,0.000734,10,3.944767,0.001527
4,5,9,1,0|0|2|0|0,0|0|0|4|3,0,10,3.945967,0.001206,10,3.945273,0.001229
4,5,9,1,0|0|2|0|1,0|0|0|4|2,0,10,3.946757,0.000728,10,3.946603,0.000881
4,5,9,1,0|0|2|0|2,0|0|0|4|1,0,10,3.945726,0.000716,10,3.945093,0.000565
4,5,9,1,0|0|2|0|3,0|0|0|4|0,0,10,3.941350,0.001516,10,3.941714,0.000901
4,5,9,1,0|0|2|0|0,0|0|0|5|2,0,10,3.940205,0.001025,10,3.940601,0.000982
4,5,9,1,0|0|2|0|1,0|0|0|5|1,0,10,3.941501,0.001364,10,3.940789,0.001278
4,5,9,1,0|0|2|0|2,0|0|0|5|0,0,10,3.935740,0.000981,10,3.935698,0.000986
4,5,9,1,0|0|2|0|0,0|0|0|6|1,0,10,3.926661,0.001039,10,3.926912,0.000765
4,5,9,1,0|0|2|0|1,0|0|0|6|0,0,10,3.920303,0.000878,10,3.920277,0.000346
4,5,9,1,0|0|2|0|0,0|0|0|7|0,0,10,3.869201,0.000384,10,3.869115,0.000608
4,5,9,1,0|0|2|1|0,0|0|0|0|6,0,10,3.940110,0.001447,10,3.941018,0.001389
4,5,9,1,0|0|2|1|1,0|0|0|0|5,0,10,3.940390,0.001546,10,3.940085,0.001162
4,5,9,1,0|0|2|1|2,0|0|0|0|4,0,10,3.940878,0.001080,10,3.939965,0.001223
4,5,9,1,0|0|2|1|3,0|0|0|0|3,0,10,3.939618,0.001081,10,3.940169,0.001058
4,5,9,1,0|0|2|1|4,0|0|0|0|2,0,10,3.939200,0.001363,10,3.939952,0.000955
4,5,9,1,0|0|2|1|5,0|0|0|0|1,0,10,3.938669,0.001090,10,3.938651,0.001120
4,5,9,1,0|0|2|1|6,0|0|0|0|0,0,10,3.937242,0.001468,10,3.937576,0.000918
4,5,9,1,0|0|2|1|0,0|0|0|1|5,0,10,3.947125,0.001475,10,3.946989,0.001103
4,5,9,1,0|0|2|1|1,0|0|0|1|4,0,10,3.947809,0.001773,10,3.947732,0.001173
4,5,9,1,0|0|2|1|2,0|0|0|1|3,0,10,3.946818,0.001016,10,3.946586,0.000655
4,5,9,1,0|0|2|1|3,0|0|0|1|2,0,10,3.945474,0.001377,10,3.946354,0.001219
4,5,9,1,0|0|2|1|4,0|0|0|1|1,0,10,3.945225,0.001194,10,3.945868,0.001059
4,5,9,1,0|0|2|1|5,0|0|0|1|0,0,10,3.945191,0.001140,10,3.944750,0.001210
4,5,9,1,0|0|2|1|0,0|0|0|2|4,0,10,3.947863,0.001330,10,3.947706,0.001565
4,5,9,1,0|0|2|1|1,0|0|0|2|3,0,10,3.948240,0.001729,10,3.947857,0.001051
4,5,9,1,0|0|2|1|2,0|0|0|2|2,0,10,3.947657,0.001149,10,3.947132,0.001059
4,5,9,1,0|0|2|1|3,0|0|0|2|1,0,10,3.946648,0.001324,10,3.946504,0.001476
4,5,9,1,0|0|2|1|4,0|0|0|2|0,0,10,3.944660,0.001818,10,3.944365,0.001134
4,5,9,1,0|0|2|1|0,0|0|0|3|3,0,10,3.945965,0.000997,10,3.945387,0.000619
4,5,9,1,0|0|2|1|1,0|0|0|3|2,0,10,3.946963,0.001169,10,3.946228,0.001544
4,5,9,1,0|0|2|1|2,0|0|0|3|1,0,10,3.944954,0.001300,10,3.945299,0.001009
4,5,9,1,0|0|2|1|3,0|0|0|3|0,0,10,3.942600,0.001325,10,3.941576,0.000762
4,5,9,1,0|0|2|1|0,0|0|0|4|2,0,10,3.940985,0.000965,10,3.941066,0.000799
4,5,9,1,0|0|2|1|1,0|0|0|4|1,0,10,3.940462,0.001254,10,3.939930,0.000940
4,5,9,1,0|0|2|1|2,0|0|0|4|0,0,10,3.935247,0.000962,10,3.935624,0.001114
4,5,9,1,0|0|2|1|0,0|0|0|5|1,0,10,3.926634,0.000742,10,3.927241,0.000781
4,5,9,1,0|0|2|1|1,0|0|0|5|0,0,10,3.920681,0.000886,10,3.920230,0.000677
4,5,9,1,0|0|2|1|0,0|0|0|6|0,0,10,3.870400,0.000662,10,3.870909,0.000575
4,5,9,1,0|0|2|2|0,0|0|0|0|5,0,10,3.943453,0.001254,10,3.943219,0.001132
4,5,9,1,0|0|2|2|1,0|0|0|0|4,0,10,3.943994,0.001536,10,3.944586,0.001162
4,5,9,1,0|0|2|2|2,0|0|0|0|3,0,10,3.942641,0.001107,10,3.943208,0.001434
4,5,9,1,0|0|2|2|3,0|0|0|0|2,0,10,3.942927,0.001485,10,3.942635,0.001130
4,5,9,1,0|0|2|2|4,0|0|0|0|1,0,10,3.941700,0.001948,10,3.941128,0.001572
4,5,9,1,0|0|2|2|5,0|0|0|0|0,0,10,3.939360,0.001317,10,3.938733,0.001666
4,5,9,1,0|0|2|2|0,0|0|0|1|4,0,10,3.947030,0.000756,10,3.946095,0.001399
4,5,9,1,0|0|2|2|1,0|0|0|1|3,0,10,3.946383,0.000973,10,3.946767,0.001298
4,5,9,1,0|0|2|2|2,0|0|0|1|2,0,10,3.945852,0.001709,10,3.945668,0.001064
4,5,9,1,0|0|2|2|3,0|0|0|1|1,0,10,3.944482,0.001133,10,3.945071,0.001554
4,5,9,1,0|0|2|2|4,0|0|0|1|0,0,10,3.941787,0.001043,10,3.942664,0.001103
4,5,9,1,0|0|2|2|0,0|0|0|2|3,0,10,3.945028,0.001199,10,3.944784,0.001187
4,5,9,1,0|0|2|2|1,0|0|0|2|2,0,10,3.945750,0.001619,10,3.945296,0.000846
4,5,9,1,0|0|2|2|2,0|0|0|2|1,0,10,3.943395,0.001013,10,3.944377,0.000863
4,5,9,1,0|0|2|2|3,0|0|0|2|0,0,10,3.940493,0.001264,10,3.940653,0.000976
4,5,9,1,0|0|2|2|0,0|0|0|3|2,0,10,3.939824,0.000979,10,3.939145,0.001471
4,5,9,1,0|0|2|2|1,0|0|0|3|1,0,10,3.939732,0.000951,10,3.939735,0.001055
4,5,9,1,0|0|2|2|2,0|0|0|3|0,0,10,3.933652,0.000625,10,3.933621,0.001072
4,5,9,1,0|0|2|2|0,0|0|0|4|1,0,10,3.925512,0.000896,10,3.925357,0.001042
4,5,9,1,0|0|2|2|1,0|0|0|4|0,0,10,3.918715,0.000360,10,3.919322,0.000611
4,5,9,1,0|0|2|2|0,0|0|0|5|0,0,10,3.869112,0.000589,10,3.869700,0.000624
4,5,9,1,0|0|2|3|0,0|0|0|0|4,0,10,3.943669,0.001372,10,3.943347,0.001075
4,5,9,1,0|0|2|3|1,0|0|0|0|3,0,10,3.944758,0.001055,10,3.943845,0.001237
4,5,9,1,0|0|2|3|2,0|0|0|0|2,0,10,3.942702,0.001328,10,3.942677,0.000842
4,5,9,1,0|0|2|3|3,0|0|0|0|1,0,10,3.940698,0.000806,10,3.941912,0.000983
4,5,9,1,0|0|2|3|4,0|0|0|0|0,0,10,3.937447,0.001535,10,3.936857,0.000890
4,5,9,1,0|0|2|3|0,0|0|0|1|3,0,10,3.943130,0.001255,10,3.943353,0.001526
4,5,9,1,0|0|2|3|1,0|0|0|1|2,0,10,3.943868,0.000926,10,3.943940,0.001294
4,5,9,1,0|0|2|3|2,0|0|0|1|1,0,10,3.941713,0.001310,10,3.942104,0.001025
4,5,9,1,0|0|2|3|3,0|0|0|1|0,0,10,3.937708,0.001334,10,3.937574,0.001047
4,5,9,1,0|0|2|3|0,0|0|0|2|2,0,10,3.938441,0.001042,10,3.938305,0.001408
4,5,9,1,0|0|2|3|1,0|0|0|2|1,0,10,3.938158,0.001458,10,3.937871,0.001070
4,5,9,1,0|0|2|3|2,0|0|0|2|0,0,10,3.931790,0.001032,10,3.932258,0.000794
4,5,9,1,0|0|2|3|0,0|0|0|3|1,0,10,3.923979,0.000481,10,3.924267,0.000781
4,5,9,1,0|0|2|3|1,0|0|0|3|0,0,10,3.917169,0.001023,10,3.917357,0.000821
4,5,9,1,0|0|2|3|0,0|0|0|4|0,0,10,3.868389,0.000596,10,3.868399,0.000550
4,5,9,1,0|0|2|4|0,0|0|0|0|3,0,10,3.940556,0.001163,10,3.941371,0.001381
4,5,9,1,0|0|2|4|1,0|0|0|0|2,0,10,3.942035,0.001110,10,3.942291,0.001203
4,5,9,1,0|0|2|4|2,0|0|0|0|1,0,10,3.938909,0.000747,10,3.939772,0.001068
4,5,9,1,0|0|2|4|3,0|0|0|0|0,0,10,3.933390,0.001052,10,3.933813,0.000903
4,5,9,1,0|0|2|4|0,0|0|0|1|2,0,10,3.937546,0.000898,10,3.937296,0.001124
4,5,9,1,0|0|2|4|1,0|0|0|1|1,0,10,3.937254,0.001158,10,3.937607,0.000907
4,5,9,1,0|0|2|4|2,0|0|0|1|0,0,10,3.930078,0.001242,10,3.929700,0.000609
4,5,9,1,0|0|2|4|0,0|0|0|2|1,0,10,3.922405,0.001046,10,3.922842,0.001040
4,5,9,1,0|0|2|4|1,0|0|0|2|0,0,10,3.915668,0.001003,10,3.915591,0.000715
4,5,9,1,0|0|2|4|0,0|0|0|3|0,0,10,3.866918,0.000723,10,3.867316,0.000683
4,5,9,1,0|0|2|5|0,0|0|0|0|2,0,10,3.934986,0.000998,10,3.934706,0.001313
4,5,9,1,0|0|2|5|1,0|0|0|0|1,0,10,3.934775,0.001302,10,3.935239,0.001087
4,5,9,1,0|0|2|5|2,0|0|0|0|0,0,10,3.927014,0.001186,10,3.926931,0.000752
4,5,9,1,0|0|2|5|0,0|0|0|1|1,0,10,3.921677,0.000814,10,3.921162,0.000857
4,5,9,1,0|0|2|5|1,0|0|0|1|0,0,10,3.914488,0.000689,10,3.913899,0.000894
4,5,9,1,0|0|2|5|0,0|0|0|2|0,0,10,3.865269,0.000501,10,3.865393,0.000396
4,5,9,1,0|0|2|6|0,0|0|0|0|1,0,10,3.919273,0.000923,10,3.919162,0.000587
4,5,9,1,0|0|2|6|1,0|0|0|0|0,0,10,3.911574,0.000842,10,3.911334,0.000703
4,5,9,1,0|0|2|6|0,0|0|0|1|0,0,10,3.863561,0.000809,10,3.863518,0.000824
4,5,9,1,0|0|2|7|0,0|0|0|0|0,0,10,3.859855,0.000632,10,3.860074,0.000475
4,5,9,1,0|0|2|0|0,0|0|1|0|6,0,10,3.919203,0.001167,10,3.918680,0.001068
4,5,9,1,0|0|2|0|1,0|0|1|0|5,0,10,3.920572,0.001019,10,3.920635,0.001366
4,5,9,1,0|0|2|0|2,0|0|1|0|4,0,10,3.920392,0.000885,10,3.920468,0.000833
4,5,9,1,0|0|2|0|3,0|0|1|0|3,0,10,3.918986,0.000911,10,3.919431,0.000696
4,5,9,1,0|0|2|0|4,0|0|1|0|2,0,10,3.918987,0.000844,10,3.918496,0.001395
4,5,9,1,0|0|2|0|5,0|0|1|0|1,0,10,3.917652,0.001544,10,3.916667,0.001192
4,5,9,1,0|0|2|0|6,0|0|1|0|0,0,10,3.915216,0.001336,10,3.914879,0.000667
4,5,9,1,0|0|2|0|0,0|0|1|1|5,0,10,3.942133,0.001119,10,3.941825,0.001813
4,5,9,1,0|0|2|0|1,0|0|1|1|4,0,10,3.942642,0.000894,10,3.943189,0.001288
4,5,9,1,0|0|2|0|2,0|0|1|1|3,0,10,3.941198,0.001234,10,3.942101,0.001301
4,5,9,1,0|0|2|0|3,0|0|1|1|2,0,10,3.941317,0.001656,10,3.941744,0.001493
4,5,9,1,0|0|2|0|4,0|0|1|1|1,0,10,3.939971,0.001902,10,3.940614,0.001909
4,5,9,1,0|0|2|0|5,0|0|1|1|0,0,10,3.938153,0.001642,10,3.937878,0.001417
4,5,9,1,0|0|2|0|0,0|0|1|2|4,0,10,3.944949,0.001216,10,3.944813,0.001198
4,5,9,1,0|0|2|0|1,0|0|1|2|3,0,10,3.945090,0.000938,10,3.945404,0.001172
4,5,9,1,0|0|2|0|2,0|0|1|2|2,0,10,3.944970,0.001046,10,3.945293,0.000954
4,5,9,1,0|0|2|0|3,0|0|1|2|1,0,10,3.942999,0.001558,10,3.943640,0.000954
4,5,9,1,0|0|2|0|4,0|0|1|2|0,0,10,3.941939,0.000758,10,3.941436,0.001236
4,5,9,1,0|0|2|0|0,0|0|1|3|3,0,10,3.943432,0.001419,10,3.944204,0.001058
4,5,9,1,0|0|2|0|1,0|0|1|3|2,0,10,3.945271,0.000940,10,3.944763,0.000989
4,5,9,1,0|0|2|0|2,0|0|1|3|1,0,10,3.943364,0.001235,10,3.943270,0.000613
4,5,9,1,0|0|2|0|3,0|0|1|3|0,0,10,3.939846,0.000913,10,3.939778,0.000719
4,5,9,1,0|0|2|0|0,0|0|1|4|2,0,10,3.939547,0.001299,10,3.939278,0.001281
4,5,9,1,0|0|2|0|1,0|0|1|4|1,0,10,3.939716,0.000484,10,3.939873,0.001276
4,5,9,1,0|0|2|0|2,0|0|1|4|0,0,10,3.933921,0.000583,10,3.933032,0.000979
4,5,9,1,0|0|2|0|0,0|0|1|5|1,0,10,3.925360,0.000779,10,3.925656,0.000965
4,5,9,1,0|0|2|0|1,0|0|1|5|0,0,10,3.919225,0.000661,10,3.919218,0.000767
4,5,9,1,0|0|2|0|0,0|0|1|6|0,0,10,3.868352,0.000583,10,3.868461,0.000989
4,5,9,1,0|0|2|1|0,0|0|1|0|5,0,10,3.937741,0.001703,10,3.937463,0.001098
4,5,9,1,0|0|2|1|1,0|0|1|0|4,0,10,3.938083,0.000772,10,3.938121,0.001328
4,5,9,1,0|0|2|1|2,0|0|1|0|3,0,10,3.936603,0.001524,10,3.938386,0.000884
4,5,9,1,0|0|2|1|3,0|0|1|0|2,0,10,3.936858,0.001186,10,3.936397,0.001400
4,5,9,1,0|0|2|1|4,0|0|1|0|1,0,10,3.936473,0.000879,10,3.935477,0.001404
4,5,9,1,0|0|2|1|5,0|0|1|0|0,0,10,3.933286,0.001430,10,3.933056,0.000533
4,5,9,1,0|0|2|1|0,0|0|1|1|4,0,10,3.943662,0.001216,10,3.944648,0.001289
4,5,9,1,0|0|2|1|1,0|0|1|1|3,0,10,3.944573,0.001620,10,3.945188,0.000948
4,5,9,1,0|0|2|1|2,0|0|1|1|2,0,10,3.944049,0.001067,10,3.944120,0.000962
4,5,9,1,0|0|2|1|3,0|0|1|1|1,0,10,3.942778,0.001169,10,3.943148,0.001012
4,5,9,1,0|0|2|1|4,0|0|1|1|0,0,10,3.940210,0.000685,10,3.940095,0.001170
4,5,9,1,0|0|2|1|0,0|0|1|2|3,0,10,3.944065,0.000761,10,3.944000,0.001314
4,5,9,1,0|0|2|1|1,0|0|1|2|2,0,10,3.944375,0.001157,10,3.944969,0.001419
4,5,9,1,0|0|2|1|2,0|0|1|2|1,0,10,3.942531,0.000793,10,3.942534,0.001184
4,5,9,1,0|0|2|1|3,0|0|1|2|0,0,10,3.939093,0.000780,10,3.939150,0.000558
4,5,9,1,0|0|2|1|0,0|0|1|3|2,0,10,3.940286,0.001086,10,3.939289,0.000923
4,5,9,1,0|0|2|1|1,0|0|1|3|1,0,10,3.939353,0.001291,10,3.939056,0.001234
4,5,9,1,0|0|2|1|2,0|0|1|3|0,0,10,3.933462,0.000851,10,3.933809,0.000980
4,5,9,1,0|0|2|1|0,0|0|1|4|1,0,10,3.926105,0.000754,10,3.924949,0.001241
4,5,9,1,0|0|2|1|1,0|0|1|4|0,0,10,3.919416,0.000576,10,3.919543,0.001066
4,5,9,1,0|0|2|1|0,0|0|1|5|0,0,10,3.869619,0.000532,10,3.869810,0.000629
4,5,9,1,0|0|2|2|0,0|0|1|0|4,0,10,3.941452,0.001165,10,3.940680,0.000905
4,5,9,1,0|0|2|2|1,0|0|1|0|3,0,10,3.941572,0.001253,10,3.940334,0.001125
4,5,9,1,0|0|2|2|2,0|0|1|0|2,0,10,3.939696,0.001649,10,3.939928,0.001346
4,5,9,1,0|0|2|2|3,0|0|1|0|1,0,10,3.937372,0.000930,10,3.938513,0.001786
4,5,9,1,0|0|2|2|4,0|0|1|0|0,0,10,3.932941,0.000836,10,3.933518,0.001098
4,5,9,1,0|0|2|2|0,0|0|1|1|3,0,10,3.942602,0.001495,10,3.942198,0.000783
4,5,9,1,0|0|2|2|1,0|0|1|1|2,0,10,3.942742,0.001421,10,3.942212,0.000862
4,5,9,1,0|0|2|2|2,0|0|1|1|1,0,10,3.940889,0.001243,10,3.940503,0.001411
4,5,9,1,0|0|2|2|3,0|0|1|1|0,0,10,3.936193,0.000812,10,3.935898,0.000941
4,5,9,1,0|0|2|2|0,0|0|1|2|2,0,10,3.938126,0.001059,10,3.937966,0.000932
4,5,9,1,0|0|2|2|1,0|0|1|2|1,0,10,3.937768,0.000826,10,3.938013,0.000912
4,5,9,1,0|0|2|2|2,0|0|1|2|0,0,10,3.931311,0.000891,10,3.930975,0.000620
4,5,9,1,0|0|2|2|0,0|0|1|3|1,0,10,3.923557,0.000863,10,3.923789,0.000473
4,5,9,1,0|0|2|2|1,0|0|1|3|0,0,10,3.916745,0.000779,10,3.916985,0.000901
4,5,9,1,0|0|2|2|0,0|0|1|4|0,0,10,3.868530,0.000769,10,3.868442,0.000869
4,5,9,1,0|0|2|3|0,0|0|1|0|3,0,10,3.938732,0.000939,10,3.938823,0.000973
4,5,9,1,0|0|2|3|1,0|0|1|0|2,0,10,3.939047,0.000936,10,3.939072,0.001107
4,5,9,1,0|0|2|3|2,0|0|1|0|1,0,10,3.936208,0.001360,10,3.936658,0.001068
4,5,9,1,0|0|2|3|3,0|0|1|0|0,0,10,3.929569,0.001247,10,3.929929,0.000802
4,5,9,1,0|0|2|3|0,0|0|1|1|2,0,10,3.935853,0.000908,10,3.935636,0.000688
4,5,9,1,0|0|2|3|1,0|0|1|1|1,0,10,3.935427,0.000863,10,3.935139,0.000599
4,5,9,1,0|0|2|3|2,0|0|1|1|0,0,10,3.927990,0.001001,10,3.928098,0.001088
4,5,9,1,0|0|2|3|0,0|0|1|2|1,0,10,3.922112,0.000948,10,3.921824,0.000870
4,5,9,1,0|0|2|3|1,0|0|1|2|0,0,10,3.915077,0.000750,10,3.914518,0.000984
4,5,9,1,0|0|2|3|0,0|0|1|3|0,0,10,3.866321,0.000534,10,3.866253,0.000491
4,5,9,1,0|0|2|4|0,0|0|1|0|2,0,10,3.932155,0.001105,10,3.933178,0.000766
4,5,9,1,0|0|2|4|1,0|0|1|0|1,0,10,3.932116,0.000777,10,3.932058,0.000753
4,5,9,1,0|0|2|4|2,0|0|1|0|0,0,10,3.923045,0.000838,10,3.922937,0.000543
4,5,9,1,0|0|2|4|0,0|0|1|1|1,0,10,3.920405,0.000857,10,3.919845,0.000785
4,5,9,1,0|0|2|4|1,0|0|1|1|0,0,10,3.911799,0.000828,10,3.912466,0.000637
4,5,9,1,0|0|2|4|0,0|0|1|2|0,0,10,3.864309,0.000614,10,3.864141,0.000706
4,5,9,1,0|0|2|5|0,0|0|1|0|1,0,10,3.916798,0.000869,10,3.917216,0.000589
4,5,9,1,0|0|2|5|1,0|0|1|0|0,0,10,3.907895,0.000660,10,3.907984,0.000499
4,5,9,1,0|0|2|5|0,0|0|1|1|0,0,10,3.861152,0.000504,10,3.861436,0.000518
4,5,9,1,0|0|2|6|0,0|0|1|0|0,0,10,3.856667,0.000728,10,3.856489,0.000429
4,5,9,1,0|0|2|0|0,0|0|2|0|5,0,10,3.915387,0.001468,10,3.914207,0.000875
4,5,9,1,0|0|2|0|1,0|0|2|0|4,0,10,3.916282,0.000796,10,3.916115,0.000936
4,5,9,1,0|0|2|0|2,0|0|2|0|3,0,10,3.914988,0.001200,10,3.915297,0.001467
4,5,9,1,0|0|2|0|3,0|0|2|0|2,0,10,3.913501,0.000545,10,3.913237,0.000917
4,5,9,1,0|0|2|0|4,0|0|2|0|1,0,10,3.911019,0.000981,10,3.911274,0.000813
4,5,9,1,0|0|2|0|5,0|0|2|0|0,0,10,3.906216,0.000969,10,3.906987,0.001215
4,5,9,1,0|0|2|0|0,0|0|2|1|4,0,10,3.937595,0.000995,10,3.937676,0.000926
4,5,9,1,0|0|2|0|1,0|0|2|1|3,0,10,3.937331,0.000961,10,3.938735,0.000802
4,5,9,1,0|0|2|0|2,0|0|2|1|2,0,10,3.937423,0.001217,10,3.937634,0.001521
4,5,9,1,0|0|2|0|3,0|0|2|1|1,0,10,3.935708,0.001134,10,3.935789,0.001371
4,5,9,1,0|0|2|0|4,0|0|2|1|0,0,10,3.932259,0.000835,10,3.932321,0.001421
4,5,9,1,0|0|2|0|0,0|0|2|2|3,0,10,3.939772,0.001304,10,3.939802,0.001030
4,5,9,1,0|0|2|0|1,0|0|2|2|2,0,10,3.940887,0.001268,10,3.940739,0.000580
4,5,9,1,0|0|2|0|2,0|0|2|2|1,0,10,3.938865,0.000691,10,3.938178,0.001011
4,5,9,1,0|0|2|0|3,0|0|2|2|0,0,10,3.933648,0.000808,10,3.933954,0.001366
4,5,9,1,0|0|2|0|0,0|0|2|3|2,0,10,3.935604,0.000866,10,3.935710,0.000847
4,5,9,1,0|0|2|0|1,0|0|2|3|1,0,10,3.935657,0.001430,10,3.935317,0.000999
4,5,9,1,0|0|2|0|2,0|0|2|3|0,0,10,3.928518,0.000742,10,3.928566,0.000850
4,5,9,1,0|0|2|0|0,0|0|2|4|1,0,10,3.920561,0.000903,10,3.921027,0.001043
4,5,9,1,0|0|2|0|1,0|0|2|4|0,0,10,3.913496,0.000715,10,3.914405,0.000863
4,5,9,1,0|0|2|0|0,0|0|2|5|0,0,10,3.860199,0.000827,10,3.860004,0.000672
4,5,9,1,0|0|2|1|0,0|0|2|0|4,0,10,3.932420,0.001126,10,3.932999,0.000956
4,5,9,1,0|0|2|1|1,0|0|2|0|3,0,10,3.933784,0.000960,10,3.933617,0.001278
4,5,9,1,0|0|2|1|2,0|0|2|0|2,0,10,3.931606,0.000917,10,3.931756,0.000822
4,5,9,1,0|0|2|1|3,0|0|2|0|1,0,10,3.928959,0.001081,10,3.928315,0.000699
4,5,9,1,0|0|2|1|4,0|0|2|0|0,0,10,3.924889,0.000658,10,3.924271,0.001010
4,5,9,1,0|0|2|1|0,0|0|2|1|3,0,10,3.938530,0.000494,10,3.939069,0.001386
4,5,9,1,0|0|2|1|1,0|0|2|1|2,0,10,3.939780,0.001045,10,3.938783,0.001043
4,5,9,1,0|0|2|1|2,0|0|2|1|1,0,10,3.936646,0.000734,10,3.937024,0.001160
4,5,9,1,0|0|2|1|3,0|0|2|1|0,0,10,3.932217,0.001028,10,3.932481,0.001157
4,5,9,1,0|0|2|1|0,0|0|2|2|2,0,10,3.935035,0.001359,10,3.935333,0.001122
4,5,9,1,0|0|2|1|1,0|0|2|2|1,0,10,3.935162,0.000784,10,3.934279,0.000926
4,5,9,1,0|0|2|1|2,0|0|2|2|0,0,10,3.928246,0.000567,10,3.927563,0.001148
4,5,9,1,0|0|2|1|0,0|0|2|3|1,0,10,3.920257,0.000932,10,3.921371,0.000602
4,5,9,1,0|0|2|1|1,0|0|2|3|0,0,10,3.913305,0.000963,10,3.913004,0.000591
4,5,9,1,0|0|2|1|0,0|0|2|4|0,0,10,3.862030,0.000561,10,3.862051,0.000563
4,5,9,1,0|0|2|2|0,0|0|2|0|3,0,10,3.933891,0.000946,10,3.933909,0.000721
4,5,9,1,0|0|2|2|1,0|0|2|0|2,0,10,3.933196,0.000800,10,3.933422,0.001570
4,5,9,1,0|0|2|2|2,0|0|2|0|1,0,10,3.929641,0.001277,10,3.929652,0.001007
4,5,9,1,0|0|2|2|3,0|0|2|0|0,0,10,3.922527,0.001048,10,3.922441,0.000805
4,5,9,1,0|0|2|2|0,0|0|2|1|2,0,10,3.932898,0.000624,10,3.932481,0.000478
4,5,9,1,0|0|2|2|1,0|0|2|1|1,0,10,3.931548,0.000988,10,3.931453,0.000944
4,5,9,1,0|0|2|2|2,0|0|2|1|0,0,10,3.923626,0.000972,10,3.923682,0.001093
4,5,9,1,0|0|2|2|0,0|0|2|2|1,0,10,3.918346,0.001017,10,3.918447,0.000714
4,5,9,1,0|0|2|2|1,0|0|2|2|0,0,10,3.910270,0.000574,10,3.910232,0.000750
4,5,9,1,0|0|2|2|0,0|0|2|3|0,0,10,3.859538,0.000441,10,3.859799,0.000556
4,5,9,1,0|0|2|3|0,0|0|2|0|2,0,10,3.927567,0.001032,10,3.927349,0.001034
4,5,9,1,0|0|2|3|1,0|0|2|0|1,0,10,3.926472,0.001438,10,3.927215,0.000989
4,5,9,1,0|0|2|3|2,0|0|2|0|0,0,10,3.914955,0.000674,10,3.915408,0.000422
4,5,9,1,0|0|2|3|0,0|0|2|1|1,0,10,3.914846,0.000548,10,3.915428,0.000762
4,5,9,1,0|0|2|3|1,0|0|2|1|0,0,10,3.906250,0.000527,10,3.906354,0.000797
4,5,9,1,0|0|2|3|0,0|0|2|2|0,0,10,3.856865,0.000420,10,3.856704,0.000420
4,5,9,1,0|0|2|4|0,0|0|2|0|1,0,10,3.909669,0.000954,10,3.910030,0.000573
4,5,9,1,0|0|2|4|1,0|0|2|0|0,0,10,3.899724,0.000630,10,3.899467,0.000770
4,5,9,1,0|0|2|4|0,0|0|2|1|0,0,10,3.852785,0.000461,10,3.852558,0.000441
4,5,9,1,0|0|2|5|0,0|0|2|0|0,0,10,3.845203,0.000592,10,3.845095,0.000480
4,5,9,1,0|0|2|0|0,0|0|3|0|4,0,10,3.906332,0.000969,10,3.906177,0.001339
4,5,9,1,0|0|2|0|1,0|0|3|0|3,0,10,3.908522,0.001059,10,3.907420,0.000523
4,5,9,1,0|0|2|0|2,0|0|3|0|2,0,10,3.905525,0.001320,10,3.905389,0.001389
4,5,9,1,0|0|2|0|3,0|0|3|0|1,0,10,3.901030,0.000772,10,3.901183,0.001848
4,5,9,1,0|0|2|0|4,0|0|3|0|0,0,10,3.892853,0.000617,10,3.893167,0.000788
4,5,9,1,0|0|2|0|0,0|0|3|1|3,0,10,3.930136,0.001161,10,3.929593,0.000786
4,5,9,1,0|0|2|0|1,0|0|3|1|2,0,10,3.931228,0.001004,10,3.931480,0.001393
4,5,9,1,0|0|2|0|2,0|0|3|1|1,0,10,3.928126,0.000851,10,3.927955,0.000948
4,5,9,1,0|0|2|0|3,0|0|3|1|0,0,10,3.921236,0.000943,10,3.922005,0.001078
4,5,9,1,0|0|2|0|0,0|0|3|2|2,0,10,3.928938,0.000766,10,3.928293,0.000516
4,5,9,1,0|0|2|0|1,0|0|3|2|1,0,10,3.928268,0.001078,10,3.927749,0.000931
4,5,9,1,0|0|2|0|2,0|0|3|2|0,0,10,3.919629,0.000893,10,3.920233,0.001011
4,5,9,1,0|0|2|0|0,0|0|3|3|1,0,10,3.913976,0.000569,10,3.913734,0.000896
4,5,9,1,0|0|2|0|1,0|0|3|3|0,0,10,3.904677,0.000711,10,3.904700,0.000555
4,5,9,1,0|0|2|0|0,0|0|3|4|0,0,10,3.848125,0.000476,10,3.848108,0.000645
4,5,9,1,0|0|2|1|0,0|0|3|0|3,0,10,3.923593,0.000681,10,3.924348,0.001434
4,5,9,1,0|0|2|1|1,0|0|3|0|2,0,10,3.923349,0.001506,10,3.923547,0.001433
4,5,9,1,0|0|2|1|2,0|0|3|0|1,0,10,3.918658,0.001130,10,3.918993,0.001743
4,5,9,1,0|0|2|1|3,0|0|3|0|0,0,10,3.909679,0.000694,10,3.909621,0.000678
4,5,9,1,0|0|2|1|0,0|0|3|1|2,0,10,3.927627,0.000445,10,3.927112,0.001058
4,5,9,1,0|0|2|1|1,0|0|3|1|1,0,10,3.925515,0.000610,10,3.926128,0.001006
4,5,9,1,0|0|2|1|2,0|0|3|1|0,0,10,3.916611,0.001052,10,3.916673,0.000963
4,5,9,1,0|0|2|1|0,0|0|3|2|1,0,10,3.912584,0.000532,10,3.912815,0.000968
4,5,9,1,0|0|2|1|1,0|0|3|2|0,0,10,3.903943,0.000445,10,3.903745,0.000885
4,5,9,1,0|0|2|1|0,0|0|3|3|0,0,10,3.849523,0.000549,10,3.849701,0.000341
4,5,9,1,0|0|2|2|0,0|0|3|0|2,0,10,3.919449,0.000722,10,3.918827,0.000679
4,5,9,1,0|0|2|2|1,0|0|3|0|1,0,10,3.916494,0.001136,10,3.917105,0.000892
4,5,9,1,0|0|2|2|2,0|0|3|0|0,0,10,3.903391,0.000722,10,3.903371,0.000613
4,5,9,1,0|0|2|2|0,0|0|3|1|1,0,10,3.908355,0.000599,10,3.908635,0.000704
4,5,9,1,0|0|2|2|1,0|0|3|1|0,0,10,3.897698,0.000701,10,3.897706,0.000659
4,5,9,1,0|0|2|2|0,0|0|3|2|0,0,10,3.845529,0.000695,10,3.845702,0.000525
4,5,9,1,0|0|2|3|0,0|0|3|0|1,0,10,3.900202,0.000913,10,3.900299,0.000650
4,5,9,1,0|0|2|3|1,0|0|3|0|0,0,10,3.887340,0.000785,10,3.886966,0.000780
4,5,9,1,0|0|2|3|0,0|0|3|1|0,0,10,3.840003,0.000428,10,3.839567,0.000627
4,5,9,1,0|0|2|4|0,0|0|3|0|0,0,10,3.828746,0.000479,10,3.828828,0.000727
4,5,9,1,0|0|2|0|0,0|0|4|0|3,0,10,3.890948,0.000981,10,3.890415,0.000872
4,5,9,1,0|0|2|0|1,0|0|4|0|2,0,10,3.891967,0.001163,10,3.892491,0.001022
4,5,9,1,0|0|2|0|2,0|0|4|0|1,0,10,3.885803,0.001369,10,3.885404,0.000617
4,5,9,1,0|0|2|0|3,0|0|4|0|0,0,10,3.870868,0.000565,10,3.870352,0.000934
4,5,9,1,0|0|2|0|0,0|0|4|1|2,0,10,3.913470,0.000718,10,3.913209,0.001101
4,5,9,1,0|0|2|0|1,0|0|4|1|1,0,10,3.913113,0.000639,10,3.913068,0.000645
4,5,9,1,0|0|2|0|2,0|0|4|1|0,0,10,3.900819,0.000761,10,3.901129,0.000672
4,5,9,1,0|0|2|0|0,0|0|4|2|1,0,10,3.900231,0.000792,10,3.900693,0.000744
4,5,9,1,0|0|2|0|1,0|0|4|2|0,0,10,3.889538,0.001048,10,3.889594,0.000570
4,5,9,1,0|0|2|0|0,0|0|4|3|0,0,10,3.828863,0.000635,10,3.829222,0.000543
4,5,9,1,0|0|2|1|0,0|0|4|0|2,0,10,3.904409,0.001051,10,3.903705,0.000938
4,5,9,1,0|0|2|1|1,0|0|4|0|1,0,10,3.899985,0.001047,10,3.899953,0.000607
4,5,9,1,0|0|2|1|2,0|0|4|0|0,0,10,3.883723,0.000656,10,3.883819,0.000737
4,5,9,1,0|0|2|1|0,0|0|4|1|1,0,10,3.896871,0.000562,10,3.897067,0.001067
4,5,9,1,0|0|2|1|1,0|0|4|1|0,0,10,3.884474,0.000350,10,3.884370,0.000565
4,5,9,1,0|0|2|1|0,0|0|4|2|0,0,10,3.829331,0.000331,10,3.829105,0.000429
4,5,9,1,0|0|2|2|0,0|0|4|0|1,0,10,3.884451,0.000663,10,3.884590,0.000916
4,5,9,1,0|0|2|2|1,0|0|4|0|0,0,10,3.867710,0.000661,10,3.867510,0.000699
4,5,9,1,0|0|2|2|0,0|0|4|1|0,0,10,3.821518,0.000500,10,3.821309,0.000432
4,5,9,1,0|0|2|3|0,0|0|4|0|0,0,10,3.805388,0.000501,10,3.805439,0.000491
4,5,9,1,0|0|2|0|0,0|0|5|0|2,0,10,3.858888,0.000474,10,3.858443,0.000821
4,5,9,1,0|0|2|0|1,0|0|5|0|1,0,10,3.855974,0.001009,10,3.855784,0.000739
4,5,9,1,0|0|2|0|2,0|0|5|0|0,0,10,3.830818,0.000757,10,3.831557,0.000740
4,5,9,1,0|0|2|0|0,0|0|5|1|1,0,10,3.872064,0.000638,10,3.872500,0.000534
4,5,9,1,0|0|2|0|1,0|0|5|1|0,0,10,3.856666,0.000598,10,3.856710,0.000657
4,5,9,1,0|0|2|0|0,0|0|5|2|0,0,10,3.796563,0.000457,10,3.796478,0.000504
4,5,9,1,0|0|2|1|0,0|0|5|0|1,0,10,3.855674,0.000827,10,3.856043,0.000778
4,5,9,1,0|0|2|1|1,0|0|5|0|0,0,10,3.833306,0.000538,10,3.833328,0.000620
4,5,9,1,0|0|2|1|0,0|0|5|1|0,0,10,3.791601,0.000414,10,3.791460,0.000499
4,5,9,1,0|0|2|2|0,0|0|5|0|0,0,10,3.768463,0.000244,10,3.768552,0.000549
4,5,9,1,0|0|2|0|0,0|0|6|0|1,0,10,3.781824,0.000596,10,3.781709,0.000422
4,5,9,1,0|0|2|0|1,0|0|6|0|0,0,10,3.752489,0.000716,10,3.752870,0.000537
4,5,9,1,0|0|2|0|0,0|0|6|1|0,0,10,3.730641,0.000404,10,3.730685,0.000613
4,5,9,1,0|0|2|1|0,0|0|6|0|0,0,10,3.702538,0.000459,10,3.702785,0.000665
4,5,9,1,0|0|2|0|0,0|0|7|0|0,0,10,3.530739,0.000582,10,3.530573,0.000526
4,5,9,1,0|0|3|0|0,0|0|0|0|6,0,10,3.919207,0.001458,10,3.918806,0.000826
4,5,9,1,0|0|3|0|1,0|0|0|0|5,0,10,3.920943,0.001592,10,3.920477,0.001303
4,5,9,1,0|0|3|0|2,0|0|0|0|4,0,10,3.919548,0.001214,10,3.920238,0.000702
4,5,9,1,0|0|3|0|3,0|0|0|0|3,0,10,3.919264,0.001156,10,3.919199,0.001169
4,5,9,1,0|0|3|0|4,0|0|0|0|2,0,10,3.918015,0.001545,10,3.918134,0.001149
4,5,9,1,0|0|3|0|5,0|0|0|0|1,0,10,3.916476,0.000829,10,3.916948,0.001281
4,5,9,1,0|0|3|0|6,0|0|0|0|0,0,10,3.914738,0.001263,10,3.914440,0.000891
4,5,9,1,0|0|3|0|0,0|0|0|1|5,0,10,3.941169,0.001329,10,3.941715,0.001063
4,5,9,1,0|0|3|0|1,0|0|0|1|4,0,10,3.941882,0.001861,10,3.941383,0.000608
4,5,9,1,0|0|3|0|2,0|0|0|1|3,0,10,3.940884,0.001139,10,3.941908,0.001252
4,5,9,1,0|0|3|0|3,0|0|0|1|2,0,10,3.940669,0.001120,10,3.940449,0.001332
4,5,9,1,0|0|3|0|4,0|0|0|1|1,0,10,3.939654,0.000501,10,3.940477,0.000641
4,5,9,1,0|0|3|0|5,0|0|0|1|0,0,10,3.938186,0.000687,10,3.938473,0.000855
4,5,9,1,0|0|3|0|0,0|0|0|2|4,0,10,3.944348,0.001470,10,3.944164,0.001360
4,5,9,1,0|0|3|0|1,0|0|0|2|3,0,10,3.945644,0.001143,10,3.945418,0.001116
4,5,9,1,0|0|3|0|2,0|0|0|2|2,0,10,3.943861,0.001140,10,3.944461,0.001355
4,5,9,1,0|0|3|0|3,0|0|0|2|1,0,10,3.942697,0.001253,10,3.943352,0.001362
4,5,9,1,0|0|3|0|4,0|0|0|2|0,0,10,3.940638,0.001043,10,3.941689,0.000562
4,5,9,1,0|0|3|0|0,0|0|0|3|3,0,10,3.943286,0.001196,10,3.944124,0.001191
4,5,9,1,0|0|3|0|1,0|0|0|3|2,0,10,3.944629,0.001193,10,3.944534,0.001129
4,5,9,1,0|0|3|0|2,0|0|0|3|1,0,10,3.942167,0.000828,10,3.943178,0.000864
4,5,9,1,0|0|3|0|3,0|0|0|3|0,0,10,3.938749,0.001031,10,3.938365,0.001456
4,5,9,1,0|0|3|0|0,0|0|0|4|2,0,10,3.938943,0.001130,10,3.938502,0.000798
4,5,9,1,0|0|3|0|1,0|0|0|4|1,0,10,3.938853,0.001442,10,3.939287,0.000962
4,5,9,1,0|0|3|0|2,0|0|0|4|0,0,10,3.932775,0.000637,10,3.932717,0.001270
4,5,9,1,0|0|3|0|0,0|0|0|5|1,0,10,3.925017,0.001245,10,3.925035,0.000929
4,5,9,1,0|0|3|0|1,0|0|0|5|0,0,10,3.917838,0.000826,10,3.918379,0.000657
4,5,9,1,0|0|3|0|0,0|0|0|6|0,0,10,3.866622,0.000275,10,3.866936,0.000809
4,5,9,1,0|0|3|1|0,0|0|0|0|5,0,10,3.937714,0.001103,10,3.937849,0.000816
4,5,9,1,0|0|3|1|1,0|0|0|0|4,0,10,3.938519,0.001321,10,3.938170,0.001536
4,5,9,1,0|0|3|1|2,0|0|0|0|3,0,10,3.937319,0.001098,10,3.937450,0.000852
4,5,9,1,0|0|3|1|3,0|0|0|0|2,0,10,3.935531,0.000909,10,3.936697,0.001136
4,5,9,1,0|0|3|1|4,0|0|0|0|1,0,10,3.934490,0.001230,10,3.935213,0.001142
4,5,9,1,0|0|3|1|5,0|0|0|0|0,0,10,3.931793,0.001325,10,3.932865,0.001254
4,5,9,1,0|0|3|1|0,0|0|0|1|4,0,10,3.944167,0.001248,10,3.944971,0.001212
4,5,9,1,0|0|3|1|1,0|0|0|1|3,0,10,3.944545,0.000959,10,3.944732,0.000969
4,5,9,1,0|0|3|1|2,0|0|0|1|2,0,10,3.944137,0.001423,10,3.944028,0.001017
4,5,9,1,0|0|3|1|3,0|0|0|1|1,0,10,3.941997,0.001375,10,3.942676,0.000910
4,5,9,1,0|0|3|1|4,0|0|0|1|0,0,10,3.940017,0.001084,10,3.940096,0.000619
4,5,9,1,0|0|3|1|0,0|0|0|2|3,0,10,3.943723,0.001084,10,3.944215,0.001186
4,5,9,1,0|0|3|1|1,0|0|0|2|2,0,10,3.944025,0.001099,10,3.944475,0.001522
4,5,9,1,0|0|3|1|2,0|0|0|2|1,0,10,3.942903,0.001426,10,3.943026,0.000971
4,5,9,1,0|0|3|1|3,0|0|0|2|0,0,10,3.938967,0.000937,10,3.939108,0.001426
4,5,9,1,0|0|3|1|0,0|0|0|3|2,0,10,3.939404,0.000635,10,3.939461,0.001008
4,5,9,1,0|0|3|1|1,0|0|0|3|1,0,10,3.938962,0.000987,10,3.939065,0.000957
4,5,9,1,0|0|3|1|2,0|0|0|3|0,0,10,3.932952,0.000974,10,3.932752,0.000852
4,5,9,1,0|0|3|1|0,0|0|0|4|1,0,10,3.925349,0.000512,10,3.924767,0.000817
4,5,9,1,0|0|3|1|1,0|0|0|4|0,0,10,3.918243,0.000751,10,3.918153,0.000586
4,5,9,1,0|0|3|1|0,0|0|0|5|0,0,10,3.868496,0.000544,10,3.868360,0.000464
4,5,9,1,0|0|3|2|0,0|0|0|0|4,0,10,3.939769,0.001246,10,3.939675,0.001401
4,5,9,1,0|0|3|2|1,0|0|0|0|3,0,10,3.940260,0.001108,10,3.940476,0.001493
4,5,9,1,0|0|3|2|2,0|0|0|0|2,0,10,3.938445,0.001257,10,3.938948,0.001269
4,5,9,1,0|0|3|2|3,0|0|0|0|1,0,10,3.936069,0.001307,10,3.935546,0.001471
4,5,9,1,0|0|3|2|4,0|0|0|0|0,0,10,3.932648,0.000987,10,3.932455,0.001288
4,5,9,1,0|0|3|2|0,0|0|0|1|3,0,10,3.942041,0.001385,10,3.941167,0.000576
4,5,9,1,0|0|3|2|1,0|0|0|1|2,0,10,3.942216,0.000916,10,3.942025,0.001257
4,5,9,1,0|0|3|2|2,0|0|0|1|1,0,10,3.939755,0.000855,10,3.940254,0.001281
4,5,9,1,0|0|3|2|3,0|0|0|1|0,0,10,3.935386,0.001422,10,3.935513,0.000835
4,5,9,1,0|0|3|2|0,0|0|0|2|2,0,10,3.937702,0.001158,10,3.937727,0.000837
4,5,9,1,0|0|3|2|1,0|0|0|2|1,0,10,3.936454,0.001013,10,3.936770,0.000836
4,5,9,1,0|0|3|2|2,0|0|0|2|0,0,10,3.930612,0.001001,10,3.930089,0.001451
4,5,9,1,0|0|3|2|0,0|0|0|3|1,0,10,3.922610,0.000891,10,3.923505,0.000923
4,5,9,1,0|0|3|2|1,0|0|0|3|0,0,10,3.916161,0.000603,10,3.915879,0.000432
4,5,9,1,0|0|3|2|0,0|0|0|4|0,0,10,3.866929,0.000574,10,3.866864,0.000425
4,5,9,1,0|0|3|3|0,0|0|0|0|3,0,10,3.938230,0.000932,10,3.938662,0.000892
4,5,9,1,0|0|3|3|1,0|0|0|0|2,0,10,3.938531,0.001207,10,3.938357,0.001026
4,5,9,1,0|0|3|3|2,0|0|0|0|1,0,10,3.935278,0.000895,10,3.935500,0.001294
4,5,9,1,0|0|3|3|3,0|0|0|0|0,0,10,3.928460,0.001165,10,3.928738,0.001257
4,5,9,1,0|0|3|3|0,0|0|0|1|2,0,10,3.935132,0.001056,10,3.935682,0.001287
4,5,9,1,0|0|3|3|1,0|0|0|1|1,0,10,3.934619,0.000870,10,3.934950,0.001044
4,5,9,1,0|0|3|3|2,0|0|0|1|0,0,10,3.927507,0.000921,10,3.927576,0.000816
4,5,9,1,0|0|3|3|0,0|0|0|2|1,0,10,3.921597,0.000816,10,3.921117,0.000731
4,5,9,1,0|0|3|3|1,0|0|0|2|0,0,10,3.913274,0.000837,10,3.913623,0.000750
4,5,9,1,0|0|3|3|0,0|0|0|3|0,0,10,3.864858,0.000660,10,3.864610,0.000632
4,5,9,1,0|0|3|4|0,0|0|0|0|2,0,10,3.931664,0.001314,10,3.931408,0.000848
4,5,9,1,0|0|3|4|1,0|0|0|0|1,0,10,3.931053,0.000655,10,3.931084,0.001116
4,5,9,1,0|0|3|4|2,0|0|0|0|0,0,10,3.921902,0.001255,10,3.921355,0.000512
4,5,9,1,0|0|3|4|0,0|0|0|1|1,0,10,3.918942,0.000608,10,3.918944,0.000493
4,5,9,1,0|0|3|4|1,0|0|0|1|0,0,10,3.911050,0.000881,10,3.910812,0.000856
4,5,9,1,0|0|3|4|0,0|0|0|2|0,0,10,3.862704,0.000687,10,3.862515,0.000411
4,5,9,1,0|0|3|5|0,0|0|0|0|1,0,10,3.914820,0.000830,10,3.914624,0.000739
4,5,9,1,0|0|3|5|1,0|0|0|0|0,0,10,3.905817,0.000641,10,3.906706,0.000768
4,5,9,1,0|0|3|5|0,0|0|0|1|0,0,10,3.859044,0.000645,10,3.859850,0.000638
4,5,9,1,0|0|3|6|0,0|0|0|0|0,0,10,3.853877,0.000466,10,3.854211,0.000456
4,5,9,1,0|0|3|0|0,0|0|1|0|5,0,10,3.914024,0.001181,10,3.914653,0.001593
4,5,9,1,0|0|3|0|1,0|0|1|0|4,0,10,3.915887,0.000700,10,3.916247,0.001922
4,5,9,1,0|0|3|0|2,0|0|1|0|3,0,10,3.914605,0.000781,10,3.914967,0.000849
4,5,9,1,0|0|3|0|3,0|0|1|0|2,0,10,3.913156,0.001478,10,3.913030,0.001307
4,5,9,1,0|0|3|0|4,0|0|1|0|1,0,10,3.910490,0.000713,10,3.911002,0.000710
4,5,9,1,0|0|3|0|5,0|0|1|0|0,0,10,3.905953,0.001129,10,3.905892,0.001000
4,5,9,1,0|0|3|0|0,0|0|1|1|4,0,10,3.937793,0.000970,10,3.936678,0.001120
4,5,9,1,0|0|3|0|1,0|0|1|1|3,0,10,3.937911,0.000683,10,3.938627,0.000908
4,5,9,1,0|0|3|0|2,0|0|1|1|2,0,10,3.936864,0.001716,10,3.937327,0.001444
4,5,9,1,0|0|3|0|3,0|0|1|1|1,0,10,3.935948,0.001012,10,3.935249,0.001476
4,5,9,1,0|0|3|0|4,0|0|1|1|0,0,10,3.931939,0.001013,10,3.933095,0.000742
4,5,9,1,0|0|3|0|0,0|0|1|2|3,0,10,3.939637,0.001070,10,3.939393,0.000739
4,5,9,1,0|0|3|0|1,0|0|1|2|2,0,10,3.940877,0.001126,10,3.940343,0.000654
4,5,9,1,0|0|3|0|2,0|0|1|2|1,0,10,3.937746,0.001146,10,3.938605,0.000780
4,5,9,1,0|0|3|0|3,0|0|1|2|0,0,10,3.933533,0.001117,10,3.932842,0.001369
4,5,9,1,0|0|3|0|0,0|0|1|3|2,0,10,3.935342,0.001029,10,3.935580,0.001019
4,5,9,1,0|0|3|0|1,0|0|1|3|1,0,10,3.935274,0.001370,10,3.935457,0.000861
4,5,9,1,0|0|3|0|2,0|0|1|3|0,0,10,3.928547,0.000637,10,3.928308,0.001166
4,5,9,1,0|0|3|0|0,0|0|1|4|1,0,10,3.920569,0.000891,10,3.920312,0.000541
4,5,9,1,0|0|3|0|1,0|0|1|4|0,0,10,3.913070,0.001114,10,3.913286,0.000686
4,5,9,1,0|0|3|0|0,0|0|1|5|0,0,10,3.859581,0.000545,10,3.859541,0.000636
4,5,9,1,0|0|3|1|0,0|0|1|0|4,0,10,3.933201,0.000962,10,3.932732,0.001325
4,5,9,1,0|0|3|1|1,0|0|1|0|3,0,10,3.933409,0.001442,10,3.932983,0.001302
4,5,9,1,0|0|3|1|2,0|0|1|0|2,0,10,3.932181,0.001440,10,3.931309,0.001205
4,5,9,1,0|0|3|1|3,0|0|1|0|1,0,10,3.928748,0.001187,10,3.928940,0.001159
4,5,9,1,0|0|3|1|4,0|0|1|0|0,0,10,3.924033,0.001504,10,3.923692,0.000801
4,5,9,1,0|0|3|1|0,0|0|1|1|3,0,10,3.938802,0.001094,10,3.938432,0.001617
4,5,9,1,0|0|3|1|1,0|0|1|1|2,0,10,3.938459,0.001345,10,3.938798,0.001413
4,5,9,1,0|0|3|1|2,0|0|1|1|1,0,10,3.936849,0.001226,10,3.936494,0.001220
4,5,9,1,0|0|3|1|3,0|0|1|1|0,0,10,3.932322,0.000916,10,3.931804,0.000712
4,5,9,1,0|0|3|1|0,0|0|1|2|2,0,10,3.934933,0.001215,10,3.934804,0.000798
4,5,9,1,0|0|3|1|1,0|0|1|2|1,0,10,3.934777,0.001222,10,3.934560,0.000980
4,5,9,1,0|0|3|1|2,0|0|1|2|0,0,10,3.927294,0.000725,10,3.927469,0.000738
4,5,9,1,0|0|3|1|0,0|0|1|3|1,0,10,3.920748,0.000975,10,3.920179,0.000934
4,5,9,1,0|0|3|1|1,0|0|1|3|0,0,10,3.912690,0.000716,10,3.912828,0.001058
4,5,9,1,0|0|3|1|0,0|0|1|4|0,0,10,3.861243,0.000493,10,3.861703,0.000706
4,5,9,1,0|0|3|2|0,0|0|1|0|3,0,10,3.932372,0.001123,10,3.933312,0.000858
4,5,9,1,0|0|3|2|1,0|0|1|0|2,0,10,3.932934,0.001223,10,3.932856,0.001031
4,5,9,1,0|0|3|2|2,0|0|1|0|1,0,10,3.929146,0.000885,10,3.929688,0.001006
4,5,9,1,0|0|3|2|3,0|0|1|0|0,0,10,3.921231,0.000927,10,3.922086,0.000740
4,5,9,1,0|0|3|2|0,0|0|1|1|2,0,10,3.932205,0.000941,10,3.932452,0.001053
4,5,9,1,0|0|3|2|1,0|0|1|1|1,0,10,3.931538,0.001309,10,3.930900,0.001129
4,5,9,1,0|0|3|2|2,0|0|1|1|0,0,10,3.923398,0.001184,10,3.922928,0.000756
4,5,9,1,0|0|3|2|0,0|0|1|2|1,0,10,3.917752,0.000801,10,3.918198,0.000748
4,5,9,1,0|0|3|2|1,0|0|1|2|0,0,10,3.909542,0.000862,10,3.909687,0.000730
4,5,9,1,0|0|3|2|0,0|0|1|3|0,0,10,3.858862,0.000668,10,3.858495,0.000551
4,5,9,1,0|0|3|3|0,0|0|1|0|2,0,10,3.926701,0.000646,10,3.926120,0.000937
4,5,9,1,0|0|3|3|1,0|0|1|0|1,0,10,3.925364,0.000665,10,3.924716,0.001141
4,5,9,1,0|0|3|3|2,0|0|1|0|0,0,10,3.913563,0.000654,10,3.914051,0.000814
4,5,9,1,0|0|3|3|0,0|0|1|1|1,0,10,3.915071,0.000682,10,3.914845,0.000498
4,5,9,1,0|0|3|3|1,0|0|1|1|0,0,10,3.905547,0.000625,10,3.904897,0.001162
4,5,9,1,0|0|3|3|0,0|0|1|2|0,0,10,3.855482,0.000686,10,3.855829,0.000695
4,5,9,1,0|0|3|4|0,0|0|1|0|1,0,10,3.908795,0.000788,10,3.909553,0.000851
4,5,9,1,0|0|3|4|1,0|0|1|0|0,0,10,3.898398,0.000873,10,3.897892,0.000903
4,5,9,1,0|0|3|4|0,0|0|1|1|0,0,10,3.851036,0.000538,10,3.851443,0.000567
4,5,9,1,0|0|3|5|0,0|0|1|0|0,0,10,3.843363,0.000504,10,3.843407,0.000673
4,5,9,1,0|0|3|0|0,0|0|2|0|4,0,10,3.905943,0.001554,10,3.906050,0.001443
4,5,9,1,0|0|3|0|1,0|0|2|0|3,0,10,3.907801,0.001383,10,3.907894,0.000724
4,5,9,1,0|0|3|0|2,0|0|2|0|2,0,10,3.905287,0.001046,10,3.904866,0.000823
4,5,9,1,0|0|3|0|3,0|0|2|0|1,0,10,3.901311,0.000920,10,3.900614,0.000482
4,5,9,1,0|0|3|0|4,0|0|2|0|0,0,10,3.891964,0.001054,10,3.891670,0.000672
4,5,9,1,0|0|3|0|0,0|0|2|1|3,0,10,3.930484,0.000874,10,3.930402,0.001441
4,5,9,1,0|0|3|0|1,0|0|2|1|2,0,10,3.930175,0.000827,10,3.931069,0.001096
4,5,9,1,0|0|3|0|2,0|0|2|1|1,0,10,3.927700,0.000958,10,3.927919,0.001071
4,5,9,1,0|0|3|0|3,0|0|2|1|0,0,10,3.921379,0.001122,10,3.920560,0.000960
4,5,9,1,0|0|3|0|0,0|0|2|2|2,0,10,3.927948,0.001222,10,3.928450,0.000657
4,5,9,1,0|0|3|0|1,0|0|2|2|1,0,10,3.928098,0.001378,10,3.927846,0.000708
4,5,9,1,0|0|3|0|2,0|0|2|2|0,0,10,3.918886,0.001095,10,3.919873,0.000668
4,5,9,1,0|0|3|0|0,0|0|2|3|1,0,10,3.913075,0.000579,10,3.912730,0.000868
4,5,9,1,0|0|3|0|1,0|0|2|3|0,0,10,3.904035,0.000571,10,3.904580,0.000532
4,5,9,1,0|0|3|0|0,0|0|2|4|0,0,10,3.847576,0.000391,10,3.847388,0.000633
4,5,9,1,0|0|3|1|0,0|0|2|0|3,0,10,3.923817,0.000587,10,3.924022,0.000905
4,5,9,1,0|0|3|1|1,0|0|2|0|2,0,10,3.922833,0.000935,10,3.924121,0.000791
4,5,9,1,0|0|3|1|2,0|0|2|0|1,0,10,3.918473,0.001003,10,3.918274,0.000736
4,5,9,1,0|0|3|1|3,0|0|2|0|0,0,10,3.909057,0.001103,10,3.908861,0.000535
4,5,9,1,0|0|3|1|0,0|0|2|1|2,0,10,3.927332,0.001186,10,3.926385,0.001005
4,5,9,1,0|0|3|1|1,0|0|2|1|1,0,10,3.925196,0.001309,10,3.925581,0.000862
4,5,9,1,0|0|3|1|2,0|0|2|1|0,0,10,3.916603,0.000733,10,3.916262,0.000775
4,5,9,1,0|0|3|1|0,0|0|2|2|1,0,10,3.912172,0.000571,10,3.912412,0.001039
4,5,9,1,0|0|3|1|1,0|0|2|2|0,0,10,3.902957,0.000647,10,3.903408,0.000766
4,5,9,1,0|0|3|1|0,0|0|2|3|0,0,10,3.849306,0.000523,10,3.849006,0.000516
4,5,9,1,0|0|3|2|0,0|0|2|0|2,0,10,3.918315,0.000949,10,3.918232,0.000413
4,5,9,1,0|0|3|2|1,0|0|2|0|1,0,10,3.916200,0.000665,10,3.916059,0.000998
4,5,9,1,0|0|3|2|2,0|0|2|0|0,0,10,3.902327,0.001062,10,3.901862,0.001029
4,5,9,1,0|0|3|2|0,0|0|2|1|1,0,10,3.907600,0.000901,10,3.907896,0.000833
4,5,9,1,0|0|3|2|1,0|0|2|1|0,0,10,3.897060,0.000717,10,3.896955,0.001084
4,5,9,1,0|0|3|2|0,0|0|2|2|0,0,10,3.844787,0.000766,10,3.845078,0.000633
4,5,9,1,0|0|3|3|0,0|0|2|0|1,0,10,3.898958,0.000630,10,3.899362,0.001211
4,5,9,1,0|0|3|3|1,0|0|2|0|0,0,10,3.885725,0.000817,10,3.886098,0.000521
4,5,9,1,0|0|3|3|0,0|0|2|1|0,0,10,3.838612,0.000700,10,3.838541,0.000398
4,5,9,1,0|0|3|4|0,0|0|2|0|0,0,10,3.827395,0.000679,10,3.827210,0.000387
4,5,9,1,0|0|3|0|0,0|0|3|0|3,0,10,3.890629,0.000479,10,3.890455,0.000697
4,5,9,1,0|0|3|0|1,0|0|3|0|2,0,10,3.891581,0.000977,10,3.891920,0.000734
4,5,9,1,0|0|3|0|2,0|0|3|0|1,0,10,3.884822,0.001111,10,3.884829,0.000923
4,5,9,1,0|0|3|0|3,0|0|3|0|0,0,10,3.869866,0.000773,10,3.869267,0.000630
4,5,9,1,0|0|3|0|0,0|0|3|1|2,0,10,3.913454,0.000675,10,3.914165,0.000866
4,5,9,1,0|0|3|0|1,0|0|3|1|1,0,10,3.912376,0.000858,10,3.912923,0.000725
4,5,9,1,0|0|3|0|2,0|0|3|1|0,0,10,3.900309,0.000558,10,3.900156,0.000698
4,5,9,1,0|0|3|0|0,0|0|3|2|1,0,10,3.899490,0.000791,10,3.899780,0.000733
4,5,9,1,0|0|3|0|1,0|0|3|2|0,0,10,3.888650,0.000727,10,3.888630,0.000822
4,5,9,1,0|0|3|0|0,0|0|3|3|0,0,10,3.828331,0.000363,10,3.828238,0.000351
4,5,9,1,0|0|3|1|0,0|0|3|0|2,0,10,3.903736,0.001095,10,3.903638,0.000897
4,5,9,1,0|0|3|1|1,0|0|3|0|1,0,10,3.899469,0.001063,10,3.899793,0.000846
4,5,9,1,0|0|3|1|2,0|0|3|0|0,0,10,3.883136,0.000601,10,3.882802,0.000818
4,5,9,1,0|0|3|1|0,0|0|3|1|1,0,10,3.896686,0.000917,10,3.896819,0.000922
4,5,9,1,0|0|3|1|1,0|0|3|1|0,0,10,3.883732,0.000679,10,3.884023,0.000851
4,5,9,1,0|0|3|1|0,0|0|3|2|0,0,10,3.828651,0.000682,10,3.828602,0.000567
4,5,9,1,0|0|3|2|0,0|0|3|0|1,0,10,3.883350,0.000513,10,3.883593,0.000869
4,5,9,1,0|0|3|2|1,0|0|3|0|0,0,10,3.866294,0.000810,10,3.866339,0.000798
4,5,9,1,0|0|3|2|0,0|0|3|1|0,0,10,3.820477,0.000510,10,3.820617,0.000555
4,5,9,1,0|0|3|3|0,0|0|3|0|0,0,10,3.803864,0.000434,10,3.804022,0.000563
4,5,9,1,0|0|3|0|0,0|0|4|0|2,0,10,3.858371,0.000615,10,3.857872,0.001038
4,5,9,1,0|0|3|0|1,0|0|4|0|1,0,10,3.855695,0.001024,10,3.855302,0.001023
4,5,9,1,0|0|3|0|2,0|0|4|0|0,0,10,3.830416,0.000765,10,3.830225,0.000688
4,5,9,1,0|0|3|0|0,0|0|4|1|1,0,10,3.872148,0.000571,10,3.872059,0.000420
4,5,9,1,0|0|3|0|1,0|0|4|1|0,0,10,3.856141,0.000716,10,3.856545,0.000803
4,5,9,1,0|0|3|0|0,0|0|4|2|0,0,10,3.795766,0.000747,10,3.795790,0.000525
4,5,9,1,0|0|3|1|0,0|0|4|0|1,0,10,3.855282,0.000839,10,3.855515,0.000477
4,5,9,1,0|0|3|1|1,0|0|4|0|0,0,10,3.832857,0.000689,10,3.833003,0.000722
4,5,9,1,0|0|3|1|0,0|0|4|1|0,0,10,3.791164,0.000561,10,3.791503,0.000353
4,5,9,1,0|0|3|2|0,0|0|4|0|0,0,10,3.767359,0.000483,10,3.767617,0.000580
4,5,9,1,0|0|3|0|0,0|0|5|0|1,0,10,3.781809,0.000384,10,3.781854,0.000467
4,5,9,1,0|0|3|0|1,0|0|5|0|0,0,10,3.752700,0.000756,10,3.752491,0.000507
4,5,9,1,0|0|3|0|0,0|0|5|1|0,0,10,3.730903,0.000364,10,3.730909,0.000425
4,5,9,1,0|0|3|1|0,0|0|5|0|0,0,10,3.702441,0.000509,10,3.702541,0.000489
4,5,9,1,0|0|3|0|0,0|0|6|0|0,0,10,3.531715,0.000524,10,3.531701,0.000487
4,5,9,1,0|0|4|0|0,0|0|0|0|5,0,10,3.914804,0.000899,10,3.914469,0.000795
4,5,9,1,0|0|4|0|1,0|0|0|0|4,0,10,3.915806,0.000900,10,3.914532,0.001628
4,5,9,1,0|0|4|0|2,0|0|0|0|3,0,10,3.914576,0.001253,10,3.914661,0.001532
4,5,9,1,0|0|4|0|3,0|0|0|0|2,0,10,3.912947,0.001354,10,3.912478,0.000932
4,5,9,1,0|0|4|0|4,0|0|0|0|1,0,10,3.910176,0.001406,10,3.910711,0.001180
4,5,9,1,0|0|4|0|5,0|0|0|0|0,0,10,3.905775,0.001331,10,3.905635,0.001374
4,5,9,1,0|0|4|0|0,0|0|0|1|4,0,10,3.936938,0.001306,10,3.936622,0.000961
4,5,9,1,0|0|4|0|1,0|0|0|1|3,0,10,3.938741,0.001176,10,3.938136,0.001466
4,5,9,1,0|0|4|0|2,0|0|0|1|2,0,10,3.937434,0.000692,10,3.937640,0.001043
4,5,9,1,0|0|4|0|3,0|0|0|1|1,0,10,3.935457,0.001234,10,3.935664,0.001518
4,5,9,1,0|0|4|0|4,0|0|0|1|0,0,10,3.931793,0.001172,10,3.932178,0.001326
4,5,9,1,0|0|4|0|0,0|0|0|2|3,0,10,3.939379,0.000744,10,3.939079,0.001096
4,5,9,1,0|0|4|0|1,0|0|0|2|2,0,10,3.939885,0.001157,10,3.939714,0.001092
4,5,9,1,0|0|4|0|2,0|0|0|2|1,0,10,3.937862,0.001369,10,3.937808,0.001548
4,5,9,1,0|0|4|0|3,0|0|0|2|0,0,10,3.932988,0.000514,10,3.933458,0.000884
4,5,9,1,0|0|4|0|0,0|0|0|3|2,0,10,3.935052,0.000818,10,3.934673,0.000943
4,5,9,1,0|0|4|0|1,0|0|0|3|1,0,10,3.934970,0.001415,10,3.934853,0.001457
4,5,9,1,0|0|4|0|2,0|0|0|3|0,0,10,3.927514,0.000757,10,3.927761,0.001119
4,5,9,1,0|0|4|0|0,0|0|0|4|1,0,10,3.920184,0.000630,10,3.919823,0.000790
4,5,9,1,0|0|4|0|1,0|0|0|4|0,0,10,3.912774,0.001008,10,3.912443,0.000825
4,5,9,1,0|0|4|0|0,0|0|0|5|0,0,10,3.858811,0.000538,10,3.859243,0.000569
4,5,9,1,0|0|4|1|0,0|0|0|0|4,0,10,3.932371,0.001145,10,3.932733,0.001649
4,5,9,1,0|0|4|1|1,0|0|0|0|3,0,10,3.933165,0.001105,10,3.932969,0.001004
4,5,9,1,0|0|4|1|2,0|0|0|0|2,0,10,3.931349,0.001019,10,3.931745,0.000825
4,5,9,1,0|0|4|1|3,0|0|0|0|1,0,10,3.928921,0.001205,10,3.928729,0.001027
4,5,9,1,0|0|4|1|4,0|0|0|0|0,0,10,3.923055,0.001074,10,3.923218,0.001022
4,5,9,1,0|0|4|1|0,0|0|0|1|3,0,10,3.938416,0.000719,10,3.939224,0.000797
4,5,9,1,0|0|4|1|1,0|0|0|1|2,0,10,3.939095,0.001016,10,3.939067,0.001337
4,5,9,1,0|0|4|1|2,0|0|0|1|1,0,10,3.936381,0.001095,10,3.935975,0.001162
4,5,9,1,0|0|4|1|3,0|0|0|1|0,0,10,3.931646,0.000770,10,3.931374,0.001014
4,5,9,1,0|0|4|1|0,0|0|0|2|2,0,10,3.934590,0.001029,10,3.935172,0.000949
4,5,9,1,0|0|4|1|1,0|0|0|2|1,0,10,3.934342,0.001067,10,3.934380,0.000986
4,5,9,1,0|0|4|1|2,0|0|0|2|0,0,10,3.926931,0.000908,10,3.927237,0.001443
4,5,9,1,0|0|4|1|0,0|0|0|3|1,0,10,3.920334,0.000697,10,3.920336,0.000760
4,5,9,1,0|0|4|1|1,0|0|0|3|0,0,10,3.912831,0.001070,10,3.912534,0.000382
4,5,9,1,0|0|4|1|0,0|0|0|4|0,0,10,3.861533,0.000696,10,3.861122,0.000691
4,5,9,1,0|0|4|2|0,0|0|0|0|3,0,10,3.933122,0.000745,10,3.932573,0.001113
4,5,9,1,0|0|4|2|1,0|0|0|0|2,0,10,3.932213,0.000501,10,3.933025,0.000859
4,5,9,1,0|0|4|2|2,0|0|0|0|1,0,10,3.928557,0.001504,10,3.928596,0.001010
4,5,9,1,0|0|4|2|3,0|0|0|0|0,0,10,3.920856,0.001111,10,3.921173,0.001289
4,5,9,1,0|0|4|2|0,0|0|0|1|2,0,10,3.931962,0.000846,10,3.931966,0.001246
4,5,9,1,0|0|4|2|1,0|0|0|1|1,0,10,3.930890,0.001145,10,3.931151,0.001043
4,5,9,1,0|0|4|2|2,0|0|0|1|0,0,10,3.923117,0.000913,10,3.923103,0.000852
4,5,9,1,0|0|4|2|0,0|0|0|2|1,0,10,3.917877,0.000860,10,3.917648,0.001235
4,5,9,1,0|0|4|2|1,0|0|0|2|0,0,10,3.909126,0.000483,10,3.909339,0.001019
4,5,9,1,0|0|4|2|0,0|0|0|3|0,0,10,3.858220,0.000346,10,3.858340,0.000350
4,5,9,1,0|0|4|3|0,0|0|0|0|2,0,10,3.925907,0.000791,10,3.926416,0.000777
4,5,9,1,0|0|4|3|1,0|0|0|0|1,0,10,3.925247,0.001025,10,3.925818,0.000934
4,5,9,1,0|0|4|3|2,0|0|0|0|0,0,10,3.913609,0.000832,10,3.913656,0.001015
4,5,9,1,0|0|4|3|0,0|0|0|1|1,0,10,3.914161,0.000527,10,3.913960,0.000699
4,5,9,1,0|0|4|3|1,0|0|0|1|0,0,10,3.905229,0.000767,10,3.905226,0.000799
4,5,9,1,0|0|4|3|0,0|0|0|2|0,0,10,3.855308,0.000614,10,3.854926,0.000427
4,5,9,1,0|0|4|4|0,0|0|0|0|1,0,10,3.909201,0.000601,10,3.908243,0.000571
4,5,9,1,0|0|4|4|1,0|0|0|0|0,0,10,3.897780,0.000694,10,3.897725,0.000434
4,5,9,1,0|0|4|4|0,0|0|0|1|0,0,10,3.850240,0.000537,10,3.850533,0.000367
4,5,9,1,0|0|4|5|0,0|0|0|0|0,0,10,3.842228,0.000617,10,3.842351,0.000582
4,5,9,1,0|0|4|0|0,0|0|1|0|4,0,10,3.906778,0.000878,10,3.905501,0.000856
4,5,9,1,0|0|4|0|1,0|0|1|0|3,0,10,3.907265,0.001102,10,3.907777,0.000522
4,5,9,1,0|0|4|0|2,0|0|1|0|2,0,10,3.905350,0.001373,10,3.905230,0.000894
4,5,9,1,0|0|4|0|3,0|0|1|0|1,0,10,3.900877,0.000946,10,3.900564,0.000758
4,5,9,1,0|0|4|0|4,0|0|1|0|0,0,10,3.892457,0.000904,10,3.891564,0.000882
4,5,9,1,0|0|4|0|0,0|0|1|1|3,0,10,3.930313,0.001057,10,3.930222,0.000575
4,5,9,1,0|0|4|0|1,0|0|1|1|2,0,10,3.930861,0.000990,10,3.930534,0.001318
4,5,9,1,0|0|4|0|2,0|0|1|1|1,0,10,3.927372,0.001243,10,3.927811,0.000766
4,5,9,1,0|0|4|0|3,0|0|1|1|0,0,10,3.921158,0.001241,10,3.921249,0.001460
4,5,9,1,0|0|4|0|0,0|0|1|2|2,0,10,3.927824,0.000724,10,3.927991,0.001032
4,5,9,1,0|0|4|0|1,0|0|1|2|1,0,10,3.928085,0.001301,10,3.928187,0.001373
4,5,9,1,0|0|4|0|2,0|0|1|2|0,0,10,3.918325,0.000701,10,3.918808,0.001016
4,5,9,1,0|0|4|0|0,0|0|1|3|1,0,10,3.912431,0.000969,10,3.912792,0.000623
4,5,9,1,0|0|4|0|1,0|0|1|3|0,0,10,3.903769,0.000337,10,3.903459,0.001054
4,5,9,1,0|0|4|0|0,0|0|1|4|0,0,10,3.846799,0.000210,10,3.847153,0.000627
4,5,9,1,0|0|4|1|0,0|0|1|0|3,0,10,3.923657,0.000990,10,3.923560,0.000769
4,5,9,1,0|0|4|1|1,0|0|1|0|2,0,10,3.923005,0.000764,10,3.922995,0.000838
4,5,9,1,0|0|4|1|2,0|0|1|0|1,0,10,3.918419,0.001518,10,3.918162,0.001295
4,5,9,1,0|0|4|1|3,0|0|1|0|0,0,10,3.908989,0.000858,10,3.908944,0.001168
4,5,9,1,0|0|4|1|0,0|0|1|1|2,0,10,3.926212,0.000835,10,3.926665,0.000670
4,5,9,1,0|0|4|1|1,0|0|1|1|1,0,10,3.925239,0.000981,10,3.925551,0.000792
4,5,9,1,0|0|4|1|2,0|0|1|1|0,0,10,3.915835,0.000937,10,3.916614,0.000795
4,5,9,1,0|0|4|1|0,0|0|1|2|1,0,10,3.912212,0.000841,10,3.912452,0.000607
4,5,9,1,0|0|4|1|1,0|0|1|2|0,0,10,3.902744,0.000686,10,3.903474,0.000819
4,5,9,1,0|0|4|1|0,0|0|1|3|0,0,10,3.849155,0.000396,10,3.848895,0.000517
4,5,9,1,0|0|4|2|0,0|0|1|0|2,0,10,3.917592,0.001138,10,3.918899,0.000751
4,5,9,1,0|0|4|2|1,0|0|1|0|1,0,10,3.916123,0.000672,10,3.916117,0.000757
4,5,9,1,0|0|4|2|2,0|0|1|0|0,0,10,3.902194,0.000526,10,3.902346,0.000946
4,5,9,1,0|0|4|2|0,0|0|1|1|1,0,10,3.907951,0.000724,10,3.907007,0.000780
4,5,9,1,0|0|4|2|1,0|0|1|1|0,0,10,3.896715,0.000527,10,3.896717,0.001083
4,5,9,1,0|0|4|2|0,0|0|1|2|0,0,10,3.844816,0.000626,10,3.844558,0.000659
4,5,9,1,0|0|4|3|0,0|0|1|0|1,0,10,3.898732,0.000874,10,3.898615,0.000756
4,5,9,1,0|0|4|3|1,0|0|1|0|0,0,10,3.885042,0.000882,10,3.885487,0.000770
4,5,9,1,0|0|4|3|0,0|0|1|1|0,0,10,3.838119,0.000558,10,3.838448,0.000630
4,5,9,1,0|0|4|4|0,0|0|1|0|0,0,10,3.826321,0.000356,10,3.826493,0.000547
4,5,9,1,0|0|4|0|0,0|0|2|0|3,0,10,3.890291,0.000836,10,3.890091,0.000860
4,5,9,1,0|0|4|0|1,0|0|2|0|2,0,10,3.891840,0.000987,10,3.891320,0.000710
4,5,9,1,0|0|4|0|2,0|0|2|0|1,0,10,3.885062,0.000904,10,3.885002,0.000573
4,5,9,1,0|0|4|0|3,0|0|2|0|0,0,10,3.869588,0.000818,10,3.868861,0.000718
4,5,9,1,0|0|4|0|0,0|0|2|1|2,0,10,3.913732,0.000742,10,3.913927,0.001198
4,5,9,1,0|0|4|0|1,0|0|2|1|1,0,10,3.912544,0.001260,10,3.912862,0.000841
4,5,9,1,0|0|4|0|2,0|0|2|1|0,0,10,3.900550,0.000973,10,3.900407,0.000985
4,5,9,1,0|0|4|0|0,0|0|2|2|1,0,10,3.899530,0.000873,10,3.899567,0.000458
4,5,9,1,0|0|4|0|1,0|0|2|2|0,0,10,3.888085,0.000570,10,3.888308,0.000641
4,5,9,1,0|0|4|0|0,0|0|2|3|0,0,10,3.827792,0.000369,10,3.827988,0.000461
4,5,9,1,0|0|4|1|0,0|0|2|0|2,0,10,3.903243,0.001194,10,3.903287,0.000876
4,5,9,1,0|0|4|1|1,0|0|2|0|1,0,10,3.899390,0.000953,10,3.899585,0.000675
4,5,9,1,0|0|4|1|2,0|0|2|0|0,0,10,3.883065,0.001189,10,3.883274,0.000755
4,5,9,1,0|0|4|1|0,0|0|2|1|1,0,10,3.896023,0.000837,10,3.896238,0.000728
4,5,9,1,0|0|4|1|1,0|0|2|1|0,0,10,3.883871,0.000514,10,3.884035,0.000616
4,5,9,1,0|0|4|1|0,0|0|2|2|0,0,10,3.828556,0.000744,10,3.828248,0.000650
4,5,9,1,0|0|4|2|0,0|0|2|0|1,0,10,3.883417,0.000526,10,3.883620,0.000547
4,5,9,1,0|0|4|2|1,0|0|2|0|0,0,10,3.866199,0.000734,10,3.865952,0.000906
4,5,9,1,0|0|4|2|0,0|0|2|1|0,0,10,3.820285,0.000723,10,3.820109,0.000687
4,5,9,1,0|0|4|3|0,0|0|2|0|0,0,10,3.803011,0.000491,10,3.803189,0.000302
4,5,9,1,0|0|4|0|0,0|0|3|0|2,0,10,3.857760,0.000769,10,3.858106,0.000845
4,5,9,1,0|0|4|0|1,0|0|3|0|1,0,10,3.855839,0.000675,10,3.855350,0.000600
4,5,9,1,0|0|4|0|2,0|0|3|0|0,0,10,3.830600,0.000507,10,3.830342,0.000926
4,5,9,1,0|0|4|0|0,0|0|3|1|1,0,10,3.871916,0.000764,10,3.872259,0.000551
4,5,9,1,0|0|4|0|1,0|0|3|1|0,0,10,3.856165,0.000617,10,3.856530,0.000910
4,5,9,1,0|0|4|0|0,0|0|3|2|0,0,10,3.795499,0.000389,10,3.795471,0.000570
4,5,9,1,0|0|4|1|0,0|0|3|0|1,0,10,3.855634,0.000821,10,3.855599,0.000717
4,5,9,1,0|0|4|1|1,0|0|3|0|0,0,10,3.832711,0.000798,10,3.832717,0.000901
4,5,9,1,0|0|4|1|0,0|0|3|1|0,0,10,3.791156,0.000492,10,3.791290,0.000311
4,5,9,1,0|0|4|2|0,0|0|3|0|0,0,10,3.767436,0.000581,10,3.767339,0.000319
4,5,9,1,0|0|4|0|0,0|0|4|0|1,0,10,3.781685,0.000666,10,3.781888,0.000691
4,5,9,1,0|0|4|0|1,0|0|4|0|0,0,10,3.752850,0.000626,10,3.752275,0.000765
4,5,9,1,0|0|4|0|0,0|0|4|1|0,0,10,3.730659,0.000516,10,3.730649,0.000535
4,5,9,1,0|0|4|1|0,0|0|4|0|0,0,10,3.702750,0.000653,10,3.702573,0.000654
4,5,9,1,0|0|4|0|0,0|0|5|0|0,0,10,3.532001,0.000325,10,3.532153,0.000607
4,5,9,1,0|0|5|0|0,0|0|0|0|4,0,10,3.906020,0.000552,10,3.906363,0.001218
4,5,9,1,0|0|5|0|1,0|0|0|0|3,0,10,3.907649,0.001187,10,3.907368,0.000962
4,5,9,1,0|0|5|0|2,0|0|0|0|2,0,10,3.904602,0.001110,10,3.905110,0.001116
4,5,9,1,0|0|5|0|3,0|0|0|0|1,0,10,3.900544,0.000557,10,3.900699,0.001003
4,5,9,1,0|0|5|0|4,0|0|0|0|0,0,10,3.892129,0.000703,10,3.891519,0.001300
4,5,9,1,0|0|5|0|0,0|0|0|1|3,0,10,3.929626,0.001125,10,3.929835,0.001376
4,5,9,1,0|0|5|0|1,0|0|0|1|2,0,10,3.930571,0.001175,10,3.930425,0.001186
4,5,9,1,0|0|5|0|2,0|0|0|1|1,0,10,3.928143,0.000764,10,3.927832,0.001051
4,5,9,1,0|0|5|0|3,0|0|0|1|0,0,10,3.920166,0.000985,10,3.920506,0.000897
4,5,9,1,0|0|5|0|0,0|0|0|2|2,0,10,3.927956,0.000517,10,3.928272,0.001161
4,5,9,1,0|0|5|0|1,0|0|0|2|1,0,10,3.928125,0.001023,10,3.928365,0.001151
4,5,9,1,0|0|5|0|2,0|0|0|2|0,0,10,3.918541,0.000597,10,3.918732,0.000937
4,5,9,1,0|0|5|0|0,0|0|0|3|1,0,10,3.912923,0.000475,10,3.912789,0.000918
4,5,9,1,0|0|5|0|1,0|0|0|3|0,0,10,3.903854,0.000724,10,3.903674,0.000775
4,5,9,1,0|0|5|0|0,0|0|0|4|0,0,10,3.846671,0.000616,10,3.846758,0.000387
4,5,9,1,0|0|5|1|0,0|0|0|0|3,0,10,3.922994,0.000857,10,3.923350,0.001170
4,5,9,1,0|0|5|1|1,0|0|0|0|2,0,10,3.922701,0.000978,10,3.923176,0.000948
4,5,9,1,0|0|5|1|2,0|0|0|0|1,0,10,3.918408,0.000828,10,3.918292,0.001300
4,5,9,1,0|0|5|1|3,0|0|0|0|0,0,10,3.908582,0.000944,10,3.908070,0.000573
4,5,9,1,0|0|5|1|0,0|0|0|1|2,0,10,3.926618,0.001193,10,3.926675,0.001240
4,5,9,1,0|0|5|1|1,0|0|0|1|1,0,10,3.925433,0.000945,10,3.925431,0.000736
4,5,9,1,0|0|5|1|2,0|0|0|1|0,0,10,3.916069,0.000975,10,3.916053,0.000730
4,5,9,1,0|0|5|1|0,0|0|0|2|1,0,10,3.912457,0.000748,10,3.912474,0.000928
4,5,9,1,0|0|5|1|1,0|0|0|2|0,0,10,3.902554,0.000636,10,3.902667,0.000600
4,5,9,1,0|0|5|1|0,0|0|0|3|0,0,10,3.848780,0.000533,10,3.849043,0.000511
4,5,9,1,0|0|5|2|0,0|0|0|0|2,0,10,3.918156,0.001126,10,3.917823,0.001016
4,5,9,1,0|0|5|2|1,0|0|0|0|1,0,10,3.916266,0.001017,10,3.916336,0.000789
4,5,9,1,0|0|5|2|2,0|0|0|0|0,0,10,3.902200,0.000474,10,3.901823,0.000570
4,5,9,1,0|0|5|2|0,0|0|0|1|1,0,10,3.907208,0.000861,10,3.907221,0.000742
4,5,9,1,0|0|5|2|1,0|0|0|1|0,0,10,3.896447,0.000629,10,3.896696,0.000833
4,5,9,1,0|0|5|2|0,0|0|0|2|0,0,10,3.844499,0.000377,10,3.844583,0.000602
4,5,9,1,0|0|5|3|0,0|0|0|0|1,0,10,3.898507,0.000273,10,3.898694,0.000728
4,5,9,1,0|0|5|3|1,0|0|0|0|0,0,10,3.885110,0.000905,10,3.885141,0.001036
4,5,9,1,0|0|5|3|0,0|0|0|1|0,0,10,3.838082,0.000905,10,3.838232,0.000792
4,5,9,1,0|0|5|4|0,0|0|0|0|0,0,10,3.826355,0.000469,10,3.826186,0.000556
4,5,9,1,0|0|5|0|0,0|0|1|0|3,0,10,3.890259,0.000482,10,3.890625,0.000871
4,5,9,1,0|0|5|0|1,0|0|1|0|2,0,10,3.892395,0.000827,10,3.892031,0.000940
4,5,9,1,0|0|5|0|2,0|0|1|0|1,0,10,3.884572,0.000528,10,3.885318,0.000589
4,5,9,1,0|0|5|0|3,0|0|1|0|0,0,10,3.869197,0.000697,10,3.868985,0.000818
4,5,9,1,0|0|5|0|0,0|0|1|1|2,0,10,3.913980,0.001409,10,3.913224,0.001038
4,5,9,1,0|0|5|0|1,0|0|1|1|1,0,10,3.912736,0.000728,10,3.913280,0.000966
4,5,9,1,0|0|5|0|2,0|0|1|1|0,0,10,3.899982,0.001030,10,3.900458,0.000840
4,5,9,1,0|0|5|0|0,0|0|1|2|1,0,10,3.899803,0.000913,10,3.899925,0.000538
4,5,9,1,0|0|5|0|1,0|0|1|2|0,0,10,3.887773,0.000509,10,3.888141,0.000905
4,5,9,1,0|0|5|0|0,0|0|1|3|0,0,10,3.827862,0.000267,10,3.828003,0.000645
4,5,9,1,0|0|5|1|0,0|0|1|0|2,0,10,3.904220,0.000745,10,3.903954,0.000822
4,5,9,1,0|0|5|1|1,0|0|1|0|1,0,10,3.899584,0.001043,10,3.899980,0.000961
4,5,9,1,0|0|5|1|2,0|0|1|0|0,0,10,3.883031,0.000810,10,3.883092,0.000665
4,5,9,1,0|0|5|1|0,0|0|1|1|1,0,10,3.896637,0.000865,10,3.896565,0.000822
4,5,9,1,0|0|5|1|1,0|0|1|1|0,0,10,3.883776,0.000618,10,3.883781,0.000490
4,5,9,1,0|0|5|1|0,0|0|1|2|0,0,10,3.828739,0.000456,10,3.828821,0.000727
4,5,9,1,0|0|5|2|0,0|0|1|0|1,0,10,3.883122,0.000637,10,3.883394,0.000682
4,5,9,1,0|0|5|2|1,0|0|1|0|0,0,10,3.866030,0.000710,10,3.866150,0.000855
4,5,9,1,0|0|5|2|0,0|0|1|1|0,0,10,3.820047,0.000422,10,3.820348,0.000562
4,5,9,1,0|0|5|3|0,0|0|1|0|0,0,10,3.802924,0.000510,10,3.803023,0.000468
4,5,9,1,0|0|5|0|0,0|0|2|0|2,0,10,3.858000,0.000618,10,3.858026,0.000686
4,5,9,1,0|0|5|0|1,0|0|2|0|1,0,10,3.855579,0.000548,10,3.855696,0.000775
4,5,9,1,0|0|5|0|2,0|0|2|0|0,0,10,3.830112,0.000691,10,3.830683,0.000820
4,5,9,1,0|0|5|0|0,0|0|2|1|1,0,10,3.872241,0.000887,10,3.871831,0.000733
4,5,9,1,0|0|5|0|1,0|0|2|1|0,0,10,3.856365,0.000734,10,3.856086,0.000440
4,5,9,1,0|0|5|0|0,0|0|2|2|0,0,10,3.795490,0.000555,10,3.795434,0.000578
4,5,9,1,0|0|5|1|0,0|0|2|0|1,0,10,3.855645,0.000777,10,3.855496,0.000677
4,5,9,1,0|0|5|1|1,0|0|2|0|0,0,10,3.833110,0.000450,10,3.832548,0.000641
4,5,9,1,0|0|5|1|0,0|0|2|1|0,0,10,3.791305,0.000382,10,3.791146,0.000565
4,5,9,1,0|0|5|2|0,0|0|2|0|0,0,10,3.766769,0.000369,10,3.767327,0.000404
4,5,9,1,0|0|5|0|0,0|0|3|0|1,0,10,3.782051,0.000594,10,3.781772,0.001129
4,5,9,1,0|0|5|0|1,0|0|3|0|0,0,10,3.752732,0.000578,10,3.752486,0.000602
4,5,9,1,0|0|5|0|0,0|0|3|1|0,0,10,3.730769,0.000420,10,3.730714,0.000329
4,5,9,1,0|0|5|1|0,0|0|3|0|0,0,10,3.702520,0.000267,10,3.702504,0.000628
4,5,9,1,0|0|5|0|0,0|0|4|0|0,0,10,3.531604,0.000404,10,3.532095,0.000339
4,5,9,1,0|0|6|0|0,0|0|0|0|3,0,10,3.890358,0.000767,10,3.890487,0.000829
4,5,9,1,0|0|6|0|1,0|0|0|0|2,0,10,3.891546,0.001237,10,3.891615,0.000749
4,5,9,1,0|0|6|0|2,0|0|0|0|1,0,10,3.884760,0.000979,10,3.885097,0.000784
4,5,9,1,0|0|6|0|3,0|0|0|0|0,0,10,3.869061,0.000815,10,3.869052,0.000446
4,5,9,1,0|0|6|0|0,0|0|0|1|2,0,10,3.913661,0.000883,10,3.913324,0.000429
4,5,9,1,0|0|6|0|1,0|0|0|1|1,0,10,3.912631,0.000660,10,3.912507,0.000729
4,5,9,1,0|0|6|0|2,0|0|0|1|0,0,10,3.900385,0.000673,10,3.900014,0.001096
4,5,9,1,0|0|6|0|0,0|0|0|2|1,0,10,3.899282,0.000633,10,3.899602,0.001187
4,5,9,1,0|0|6|0|1,0|0|0|2|0,0,10,3.888614,0.000576,10,3.888845,0.000751
4,5,9,1,0|0|6|0|0,0|0|0|3|0,0,10,3.827707,0.000450,10,3.827602,0.000327
4,5,9,1,0|0|6|1|0,0|0|0|0|2,0,10,3.903363,0.000835,10,3.903449,0.000944
4,5,9,1,0|0|6|1|1,0|0|0|0|1,0,10,3.899159,0.000775,10,3.899226,0.001211
4,5,9,1,0|0|6|1|2,0|0|0|0|0,0,10,3.882876,0.001007,10,3.882344,0.000394
4,5,9,1,0|0|6|1|0,0|0|0|1|1,0,10,3.896679,0.000582,10,3.896860,0.000776
4,5,9,1,0|0|6|1|1,0|0|0|1|0,0,10,3.884048,0.000459,10,3.883736,0.000882
4,5,9,1,0|0|6|1|0,0|0|0|2|0,0,10,3.828443,0.000667,10,3.828670,0.000386
4,5,9,1,0|0|6|2|0,0|0|0|0|1,0,10,3.882957,0.000623,10,3.882632,0.000825
4,5,9,1,0|0|6|2|1,0|0|0|0|0,0,10,3.865727,0.000692,10,3.865673,0.000536
4,5,9,1,0|0|6|2|0,0|0|0|1|0,0,10,3.820215,0.000394,10,3.819803,0.000627
4,5,9,1,0|0|6|3|0,0|0|0|0|0,0,10,3.802880,0.000569,10,3.802928,0.000464
4,5,9,1,0|0|6|0|0,0|0|1|0|2,0,10,3.858196,0.001138,10,3.858397,0.000899
4,5,9,1,0|0|6|0|1,0|0|1|0|1,0,10,3.855255,0.001028,10,3.855638,0.000641
4,5,9,1,0|0|6|0|2,0|0|1|0|0,0,10,3.830303,0.000891,10,3.830487,0.000465
4,5,9,1,0|0|6|0|0,0|0|1|1|1,0,10,3.871648,0.000713,10,3.871722,0.000481
4,5,9,1,0|0|6|0|1,0|0|1|1|0,0,10,3.856142,0.000559,10,3.856483,0.000846
4,5,9,1,0|0|6|0|0,0|0|1|2|0,0,10,3.795494,0.000777,10,3.795633,0.000227
4,5,9,1,0|0|6|1|0,0|0|1|0|1,0,10,3.854587,0.000881,10,3.855760,0.000529
4,5,9,1,0|0|6|1|1,0|0|1|0|0,0,10,3.832667,0.000535,10,3.832617,0.000346
4,5,9,1,0|0|6|1|0,0|0|1|1|0,0,10,3.791481,0.000456,10,3.791329,0.000575
4,5,9,1,0|0|6|2|0,0|0|1|0|0,0,10,3.766784,0.000597,10,3.766950,0.000487
4,5,9,1,0|0|6|0|0,0|0|2|0|1,0,10,3.781875,0.000622,10,3.781784,0.000448
4,5,9,1,0|0|6|0|1,0|0|2|0|0,0,10,3.752668,0.000693,10,3.752634,0.000633
4,5,9,1,0|0|6|0|0,0|0|2|1|0,0,10,3.730747,0.000554,10,3.730727,0.000418
4,5,9,1,0|0|6|1|0,0|0|2|0|0,0,10,3.702676,0.000331,10,3.702505,0.000595
4,5,9,1,0|0|6|0|0,0|0|3|0|0,0,10,3.532100,0.000465,10,3.532175,0.000504
4,5,9,1,0|0|7|0|0,0|0|0|0|2,0,10,3.858124,0.000785,10,3.858026,0.000644
4,5,9,1,0|0|7|0|1,0|0|0|0|1,0,10,3.855363,0.000750,10,3.855461,0.000636
4,5,9,1,0|0|7|0|2,0|0|0|0|0,0,10,3.830035,0.000583,10,3.830565,0.000756
4,5,9,1,0|0|7|0|0,0|0|0|1|1,0,10,3.871973,0.000748,10,3.871847,0.000450
4,5,9,1,0|0|7|0|1,0|0|0|1|0,0,10,3.856103,0.000334,10,3.856176,0.000770
4,5,9,1,0|0|7|0|0,0|0|0|2|0,0,10,3.795526,0.000519,10,3.795610,0.000500
4,5,9,1,0|0|7|1|0,0|0|0|0|1,0,10,3.855320,0.000796,10,3.855583,0.000810
4,5,9,1,0|0|7|1|1,0|0|0|0|0,0,10,3.832883,0.000654,10,3.832544,0.000529
4,5,9,1,0|0|7|1|0,0|0|0|1|0,0,10,3.791182,0.000301,10,3.791365,0.000683
4,5,9,1,0|0|7|2|0,0|0|0|0|0,0,10,3.767065,0.000449,10,3.767082,0.000468
4,5,9,1,0|0|7|0|0,0|0|1|0|1,0,10,3.781550,0.000492,10,3.781903,0.000572
4,5,9,1,0|0|7|0|1,0|0|1|0|0,0,10,3.752705,0.000835,10,3.752760,0.000493
4,5,9,1,0|0|7|0|0,0|0|1|1|0,0,10,3.730895,0.000415,10,3.730540,0.000482
4,5,9,1,0|0|7|1|0,0|0|1|0|0,0,10,3.702346,0.000503,10,3.702365,0.000390
4,5,9,1,0|0|7|0|0,0|0|2|0|0,0,10,3.532122,0.000444,10,3.531678,0.000519
4,5,9,1,0|0|8|0|0,0|0|0|0|1,0,10,3.782134,0.000707,10,3.781661,0.000466
4,5,9,1,0|0|8|0|1,0|0|0|0|0,0,10,3.752485,0.000448,10,3.752828,0.000560
4,5,9,1,0|0|8|0|0,0|0|0|1|0,0,10,3.730714,0.000393,10,3.730418,0.000457
4,5,9,1,0|0|8|1|0,0|0|0|0|0,0,10,3.702708,0.000619,10,3.702554,0.000384
4,5,9,1,0|0|8|0|0,0|0|1|0|0,0,10,3.531658,0.000487,10,3.532266,0.000643
4,5,9,1,0|0|9|0|0,0|0|0|0|0,0,10,3.531705,0.000488,10,3.532061,0.000455
4,5,9,1,0|0|0|0|0,0|1|0|0|8,0,10,3.899774,0.000849,10,3.901133,0.000889
4,5,9,1,0|0|0|0|1,0|1|0|0|7,0,10,3.901294,0.001397,10,3.901204,0.001008
4,5,9,1,0|0|0|0|2,0|1|0|0|6,0,10,3.901094,0.001187,10,3.900670,0.001311
4,5,9,1,0|0|0|0|3,0|1|0|0|5,0,10,3.901222,0.001396,10,3.900913,0.001144
4,5,9,1,0|0|0|0|4,0|1|0|0|4,0,10,3.900747,0.000777,10,3.901218,0.001312
4,5,9,1,0|0|0|0|5,0|1|0|0|3,0,10,3.900641,0.000788,10,3.900342,0.000819
4,5,9,1,0|0|0|0|6,0|1|0|0|2,0,10,3.900407,0.001104,10,3.900989,0.001168
4,5,9,1,0|0|0|0|7,0|1|0|0|1,0,10,3.899285,0.001765,10,3.899565,0.001392
4,5,9,1,0|0|0|0|8,0|1|0|0|0,0,10,3.898934,0.001088,10,3.899044,0.001299
4,5,9,1,0|0|0|0|0,0|1|0|1|7,0,10,3.937037,0.001523,10,3.937157,0.001271
4,5,9,1,0|0|0|0|1,0|1|0|1|6,0,10,3.936966,0.001452,10,3.936713,0.001339
4,5,9,1,0|0|0|0|2,0|1|0|1|5,0,10,3.937588,0.001822,10,3.937355,0.000949
4,5,9,1,0|0|0|0|3,0|1|0|1|4,0,10,3.937201,0.001983,10,3.937612,0.001217
4,5,9,1,0|0|0|0|4,0|1|0|1|3,0,10,3.936845,0.001663,10,3.936837,0.001259
4,5,9,1,0|0|0|0|5,0|1|0|1|2,0,10,3.936627,0.002090,10,3.937273,0.001186
4,5,9,1,0|0|0|0|6,0|1|0|1|1,0,10,3.936338,0.001436,10,3.936513,0.001257
4,5,9,1,0|0|0|0|7,0|1|0|1|0,0,10,3.935938,0.001286,10,3.935925,0.000682
4,5,9,1,0|0|0|0|0,0|1|0|2|6,0,10,3.940998,0.001151,10,3.942252,0.001432
4,5,9,1,0|0|0|0|1,0|1|0|2|5,0,10,3.941984,0.001839,10,3.942352,0.000964
4,5,9,1,0|0|0|0|2,0|1|0|2|4,0,10,3.942158,0.001432,10,3.942430,0.001079
4,5,9,1,0|0|0|0|3,0|1|0|2|3,0,10,3.942385,0.000826,10,3.941330,0.001679
4,5,9,1,0|0|0|0|4,0|1|0|2|2,0,10,3.941459,0.001387,10,3.941368,0.001096
4,5,9,1,0|0|0|0|5,0|1|0|2|1,0,10,3.940762,0.001002,10,3.941234,0.000954
4,5,9,1,0|0|0|0|6,0|1|0|2|0,0,10,3.939775,0.001649,10,3.940098,0.000889
4,5,9,1,0|0|0|0|0,0|1|0|3|5,0,10,3.941036,0.001897,10,3.941527,0.001182
4,5,9,1,0|0|0|0|1,0|1|0|3|4,0,10,3.942176,0.001247,10,3.942200,0.001170
4,5,9,1,0|0|0|0|2,0|1|0|3|3,0,10,3.942627,0.000998,10,3.942012,0.001550
4,5,9,1,0|0|0|0|3,0|1|0|3|2,0,10,3.941854,0.001318,10,3.942117,0.000773
4,5,9,1,0|0|0|0|4,0|1|0|3|1,0,10,3.940582,0.001303,10,3.940753,0.001359
4,5,9,1,0|0|0|0|5,0|1|0|3|0,0,10,3.939291,0.001096,10,3.938404,0.001034
4,5,9,1,0|0|0|0|0,0|1|0|4|4,0,10,3.939330,0.001206,10,3.939152,0.001233
4,5,9,1,0|0|0|0|1,0|1|0|4|3,0,10,3.940599,0.001194,10,3.940748,0.000496
4,5,9,1,0|0|0|0|2,0|1|0|4|2,0,10,3.939123,0.000960,10,3.939801,0.000818
4,5,9,1,0|0|0|0|3,0|1|0|4|1,0,10,3.937847,0.000668,10,3.938244,0.000902
4,5,9,1,0|0|0|0|4,0|1|0|4|0,0,10,3.935152,0.000730,10,3.935194,0.000998
4,5,9,1,0|0|0|0|0,0|1|0|5|3,0,10,3.934773,0.001475,10,3.934792,0.000961
4,5,9,1,0|0|0|0|1,0|1|0|5|2,0,10,3.935790,0.001372,10,3.936472,0.001190
4,5,9,1,0|0|0|0|2,0|1|0|5|1,0,10,3.933314,0.000866,10,3.933576,0.001164
4,5,9,1,0|0|0|0|3,0|1|0|5|0,0,10,3.928799,0.001132,10,3.928277,0.000881
4,5,9,1,0|0|0|0|0,0|1|0|6|2,0,10,3.924250,0.001002,10,3.924227,0.001009
4,5,9,1,0|0|0|0|1,0|1|0|6|1,0,10,3.924683,0.000730,10,3.924499,0.001477
4,5,9,1,0|0|0|0|2,0|1|0|6|0,0,10,3.914585,0.001005,10,3.914711,0.000955
4,5,9,1,0|0|0|0|0,0|1|0|7|1,0,10,3.896151,0.000897,10,3.895446,0.000726
4,5,9,1,0|0|0|0|1,0|1|0|7|0,0,10,3.884317,0.000457,10,3.885066,0.000557
4,5,9,1,0|0|0|0|0,0|1|0|8|0,0,10,3.784737,0.000357,10,3.784180,0.000438
4,5,9,1,0|0|0|1|0,0|1|0|0|7,0,10,3.933311,0.001167,10,3.933287,0.000948
4,5,9,1,0|0|0|1|1,0|1|0|0|6,0,10,3.934469,0.001378,10,3.933417,0.001480
4,5,9,1,0|0|0|1|2,0|1|0|0|5,0,10,3.933910,0.001282,10,3.933824,0.001492
4,5,9,1,0|0|0|1|3,0|1|0|0|4,0,10,3.933782,0.001193,10,3.933753,0.001286
4,5,9,1,0|0|0|1|4,0|1|0|0|3,0,10,3.933469,0.001165,10,3.934757,0.000980
4,5,9,1,0|0|0|1|5,0|1|0|0|2,0,10,3.933172,0.001254,10,3.933582,0.000889
4,5,9,1,0|0|0|1|6,0|1|0|0|1,0,10,3.932173,0.001232,10,3.933043,0.001151
4,5,9,1,0|0|0|1|7,0|1|0|0|0,0,10,3.931570,0.001566,10,3.932283,0.001707
4,5,9,1,0|0|0|1|0,0|1|0|1|6,0,10,3.941619,0.001258,10,3.941636,0.001733
4,5,9,1,0|0|0|1|1,0|1|0|1|5,0,10,3.941403,0.001438,10,3.942011,0.001240
4,5,9,1,0|0|0|1|2,0|1|0|1|4,0,10,3.942380,0.001514,10,3.941998,0.001235
4,5,9,1,0|0|0|1|3,0|1|0|1|3,0,10,3.942088,0.001196,10,3.941528,0.001166
4,5,9,1,0|0|0|1|4,0|1|0|1|2,0,10,3.941466,0.002042,10,3.941677,0.000692
4,5,9,1,0|0|0|1|5,0|1|0|1|1,0,10,3.941353,0.001280,10,3.941039,0.001290
4,5,9,1,0|0|0|1|6,0|1|0|1|0,0,10,3.939235,0.001074,10,3.940696,0.001316
4,5,9,1,0|0|0|1|0,0|1|0|2|5,0,10,3.941731,0.000993,10,3.941386,0.001071
4,5,9,1,0|0|0|1|1,0|1|0|2|4,0,10,3.942337,0.001096,10,3.942307,0.001342
4,5,9,1,0|0|0|1|2,0|1|0|2|3,0,10,3.941686,0.001345,10,3.942601,0.000799
4,5,9,1,0|0|0|1|3,0|1|0|2|2,0,10,3.942166,0.001209,10,3.942177,0.001035
4,5,9,1,0|0|0|1|4,0|1|0|2|1,0,10,3.940402,0.001028,10,3.940842,0.001235
4,5,9,1,0|0|0|1|5,0|1|0|2|0,0,10,3.939504,0.001484,10,3.938834,0.000989
4,5,9,1,0|0|0|1|0,0|1|0|3|4,0,10,3.940051,0.000914,10,3.940219,0.001590
4,5,9,1,0|0|0|1|1,0|1|0|3|3,0,10,3.941263,0.001120,10,3.941135,0.001337
4,5,9,1,0|0|0|1|2,0|1|0|3|2,0,10,3.940594,0.001007,10,3.940126,0.000903
4,5,9,1,0|0|0|1|3,0|1|0|3|1,0,10,3.938583,0.001131,10,3.938962,0.001023
4,5,9,1,0|0|0|1|4,0|1|0|3|0,0,10,3.935446,0.001410,10,3.936303,0.001021
4,5,9,1,0|0|0|1|0,0|1|0|4|3,0,10,3.935460,0.001336,10,3.935483,0.001010
4,5,9,1,0|0|0|1|1,0|1|0|4|2,0,10,3.936609,0.000924,10,3.935886,0.001495
4,5,9,1,0|0|0|1|2,0|1|0|4|1,0,10,3.933609,0.001037,10,3.933552,0.000865
4,5,9,1,0|0|0|1|3,0|1|0|4|0,0,10,3.928213,0.001140,10,3.929061,0.000809
4,5,9,1,0|0|0|1|0,0|1|0|5|2,0,10,3.924627,0.000519,10,3.924238,0.000585
4,5,9,1,0|0|0|1|1,0|1|0|5|1,0,10,3.924083,0.001386,10,3.924409,0.001067
4,5,9,1,0|0|0|1|2,0|1|0|5|0,0,10,3.914857,0.000979,10,3.914730,0.001017
4,5,9,1,0|0|0|1|0,0|1|0|6|1,0,10,3.895367,0.000999,10,3.895552,0.000637
4,5,9,1,0|0|0|1|1,0|1|0|6|0,0,10,3.883600,0.000444,10,3.883414,0.000493
4,5,9,1,0|0|0|1|0,0|1|0|7|0,0,10,3.785186,0.000320,10,3.785378,0.000513
4,5,9,1,0|0|0|2|0,0|1|0|0|6,0,10,3.938262,0.001468,10,3.938463,0.001645
4,5,9,1,0|0|0|2|1,0|1|0|0|5,0,10,3.939404,0.001082,10,3.939151,0.001362
4,5,9,1,0|0|0|2|2,0|1|0|0|4,0,10,3.939652,0.000976,10,3.938903,0.001657
4,5,9,1,0|0|0|2|3,0|1|0|0|3,0,10,3.938738,0.001186,10,3.938048,0.001020
4,5,9,1,0|0|0|2|4,0|1|0|0|2,0,10,3.937996,0.001119,10,3.937903,0.001065
4,5,9,1,0|0|0|2|5,0|1|0|0|1,0,10,3.937101,0.001124,10,3.937625,0.001087
4,5,9,1,0|0|0|2|6,0|1|0|0|0,0,10,3.935793,0.001218,10,3.935870,0.001830
4,5,9,1,0|0|0|2|0,0|1|0|1|5,0,10,3.941580,0.001321,10,3.941265,0.001088
4,5,9,1,0|0|0|2|1,0|1|0|1|4,0,10,3.942229,0.001381,10,3.941370,0.000820
4,5,9,1,0|0|0|2|2,0|1|0|1|3,0,10,3.941338,0.000992,10,3.940768,0.000683
4,5,9,1,0|0|0|2|3,0|1|0|1|2,0,10,3.940606,0.001252,10,3.940627,0.001218
4,5,9,1,0|0|0|2|4,0|1|0|1|1,0,10,3.939296,0.001422,10,3.939380,0.001599
4,5,9,1,0|0|0|2|5,0|1|0|1|0,0,10,3.937805,0.000674,10,3.938302,0.001344
4,5,9,1,0|0|0|2|0,0|1|0|2|4,0,10,3.939570,0.001098,10,3.939807,0.001652
4,5,9,1,0|0|0|2|1,0|1|0|2|3,0,10,3.940025,0.001003,10,3.939467,0.000885
4,5,9,1,0|0|0|2|2,0|1|0|2|2,0,10,3.939668,0.001534,10,3.939801,0.001523
4,5,9,1,0|0|0|2|3,0|1|0|2|1,0,10,3.937924,0.000848,10,3.937625,0.001257
4,5,9,1,0|0|0|2|4,0|1|0|2|0,0,10,3.934735,0.001012,10,3.934348,0.000990
4,5,9,1,0|0|0|2|0,0|1|0|3|3,0,10,3.935138,0.000761,10,3.934161,0.000720
4,5,9,1,0|0|0|2|1,0|1|0|3|2,0,10,3.935265,0.001384,10,3.935050,0.000785
4,5,9,1,0|0|0|2|2,0|1|0|3|1,0,10,3.932595,0.001389,10,3.933043,0.001062
4,5,9,1,0|0|0|2|3,0|1|0|3|0,0,10,3.927121,0.000957,10,3.927477,0.000945
4,5,9,1,0|0|0|2|0,0|1|0|4|2,0,10,3.923028,0.001096,10,3.923331,0.000700
4,5,9,1,0|0|0|2|1,0|1|0|4|1,0,10,3.922676,0.001023,10,3.922751,0.001188
4,5,9,1,0|0|0|2|2,0|1|0|4|0,0,10,3.912942,0.000557,10,3.913665,0.000958
4,5,9,1,0|0|0|2|0,0|1|0|5|1,0,10,3.894306,0.000497,10,3.894279,0.000529
4,5,9,1,0|0|0|2|1,0|1|0|5|0,0,10,3.881361,0.000852,10,3.882037,0.000668
4,5,9,1,0|0|0|2|0,0|1|0|6|0,0,10,3.785471,0.000523,10,3.785694,0.000354
4,5,9,1,0|0|0|3|0,0|1|0|0|5,0,10,3.939797,0.000912,10,3.938801,0.000909
4,5,9,1,0|0|0|3|1,0|1|0|0|4,0,10,3.940246,0.000979,10,3.940209,0.002173
4,5,9,1,0|0|0|3|2,0|1|0|0|3,0,10,3.939869,0.001454,10,3.939347,0.001152
4,5,9,1,0|0|0|3|3,0|1|0|0|2,0,10,3.938723,0.001743,10,3.939325,0.000886
4,5,9,1,0|0|0|3|4,0|1|0|0|1,0,10,3.937113,0.000507,10,3.937154,0.001126
4,5,9,1,0|0|0|3|5,0|1|0|0|0,0,10,3.934502,0.001210,10,3.934904,0.001239
4,5,9,1,0|0|0|3|0,0|1|0|1|4,0,10,3.938266,0.001288,10,3.938625,0.001130
4,5,9,1,0|0|0|3|1,0|1|0|1|3,0,10,3.939006,0.000928,10,3.939718,0.001842
4,5,9,1,0|0|0|3|2,0|1|0|1|2,0,10,3.938752,0.000993,10,3.938054,0.001505
4,5,9,1,0|0|0|3|3,0|1|0|1|1,0,10,3.936535,0.001300,10,3.936677,0.000958
4,5,9,1,0|0|0|3|4,0|1|0|1|0,0,10,3.932484,0.000600,10,3.932953,0.000972
4,5,9,1,0|0|0|3|0,0|1|0|2|3,0,10,3.933207,0.001279,10,3.933431,0.001345
4,5,9,1,0|0|0|3|1,0|1|0|2|2,0,10,3.934162,0.001119,10,3.934452,0.001064
4,5,9,1,0|0|0|3|2,0|1|0|2|1,0,10,3.932174,0.001070,10,3.931665,0.000748
4,5,9,1,0|0|0|3|3,0|1|0|2|0,0,10,3.925353,0.000947,10,3.924842,0.001035
4,5,9,1,0|0|0|3|0,0|1|0|3|2,0,10,3.922354,0.001309,10,3.922860,0.000952
4,5,9,1,0|0|0|3|1,0|1|0|3|1,0,10,3.921600,0.000511,10,3.921611,0.000494
4,5,9,1,0|0|0|3|2,0|1|0|3|0,0,10,3.911809,0.000895,10,3.911825,0.000844
4,5,9,1,0|0|0|3|0,0|1|0|4|1,0,10,3.893141,0.001024,10,3.893268,0.000577
4,5,9,1,0|0|0|3|1,0|1|0|4|0,0,10,3.881046,0.000755,10,3.881081,0.000424
4,5,9,1,0|0|0|3|0,0|1|0|5|0,0,10,3.785960,0.000345,10,3.785664,0.000192
4,5,9,1,0|0|0|4|0,0|1|0|0|4,0,10,3.936585,0.000876,10,3.937471,0.001217
4,5,9,1,0|0|0|4|1,0|1|0|0|3,0,10,3.937365,0.000992,10,3.938223,0.001100
4,5,9,1,0|0|0|4|2,0|1|0|0|2,0,10,3.936808,0.001086,10,3.937664,0.001155
4,5,9,1,0|0|0|4|3,0|1|0|0|1,0,10,3.934920,0.000892,10,3.935351,0.001105
4,5,9,1,0|0|0|4|4,0|1|0|0|0,0,10,3.930737,0.000922,10,3.930205,0.000971
4,5,9,1,0|0|0|4|0,0|1|0|1|3,0,10,3.933160,0.000850,10,3.932578,0.000947
4,5,9,1,0|0|0|4|1,0|1|0|1|2,0,10,3.933863,0.001486,10,3.934123,0.001202
4,5,9,1,0|0|0|4|2,0|1|0|1|1,0,10,3.931291,0.001101,10,3.931932,0.001026
4,5,9,1,0|0|0|4|3,0|1|0|1|0,0,10,3.924762,0.001433,10,3.924595,0.001085
4,5,9,1,0|0|0|4|0,0|1|0|2|2,0,10,3.921594,0.000799,10,3.921744,0.000531
4,5,9,1,0|0|0|4|1,0|1|0|2|1,0,10,3.921382,0.000751,10,3.921929,0.000970
4,5,9,1,0|0|0|4|2,0|1|0|2|0,0,10,3.910759,0.000856,10,3.910425,0.000896
4,5,9,1,0|0|0|4|0,0|1|0|3|1,0,10,3.892747,0.000621,10,3.892587,0.000832
4,5,9,1,0|0|0|4|1,0|1|0|3|0,0,10,3.879858,0.000687,10,3.880123,0.000745
4,5,9,1,0|0|0|4|0,0|1|0|4|0,0,10,3.785151,0.000449,10,3.785280,0.000480
4,5,9,1,0|0|0|5|0,0|1|0|0|3,0,10,3.932578,0.000793,10,3.931827,0.001095
4,5,9,1,0|0|0|5|1,0|1|0|0|2,0,10,3.932864,0.000917,10,3.932493,0.000949
4,5,9,1,0|0|0|5|2,0|1|0|0|1,0,10,3.930028,0.000860,10,3.929863,0.000601
4,5,9,1,0|0|0|5|3,0|1|0|0|0,0,10,3.922528,0.001129,10,3.922951,0.000960
4,5,9,1,0|0|0|5|0,0|1|0|1|2,0,10,3.921377,0.001228,10,3.920912,0.001160
4,5,9,1,0|0|0|5|1,0|1|0|1|1,0,10,3.920108,0.000894,10,3.920906,0.000854
4,5,9,1,0|0|0|5|2,0|1|0|1|0,0,10,3.909243,0.000617,10,3.909387,0.001028
4,5,9,1,0|0|0|5|0,0|1|0|2|1,0,10,3.891856,0.000649,10,3.892651,0.000739
4,5,9,1,0|0|0|5|1,0|1|0|2|0,0,10,3.879468,0.000710,10,3.879598,0.000310
4,5,9,1,0|0|0|5|0,0|1|0|3|0,0,10,3.785256,0.000343,10,3.784998,0.000498
4,5,9,1,0|0|0|6|0,0|1|0|0|2,0,10,3.920666,0.000902,10,3.920089,0.000843
4,5,9,1,0|0|0|6|1,0|1|0|0|1,0,10,3.919907,0.000668,10,3.920162,0.000922
4,5,9,1,0|0|0|6|2,0|1|0|0|0,0,10,3.908228,0.000614,10,3.908342,0.000601
4,5,9,1,0|0|0|6|0,0|1|0|1|1,0,10,3.891543,0.000569,10,3.891759,0.000692
4,5,9,1,0|0|0|6|1,0|1|0|1|0,0,10,3.878984,0.000495,10,3.878942,0.000936
4,5,9,1,0|0|0|6|0,0|1|0|2|0,0,10,3.784760,0.000415,10,3.784697,0.000389
4,5,9,1,0|0|0|7|0,0|1|0|0|1,0,10,3.891028,0.000950,10,3.890694,0.000549
4,5,9,1,0|0|0|7|1,0|1|0|0|0,0,10,3.878413,0.000592,10,3.877812,0.000581
4,5,9,1,0|0|0|7|0,0|1|0|1|0,0,10,3.784081,0.000288,10,3.784182,0.000372
4,5,9,1,0|0|0|8|0,0|1|0|0|0,0,10,3.783310,0.000391,10,3.783286,0.000564
4,5,9,1,0|0|0|0|0,0|1|1|0|7,0,10,3.926370,0.001450,10,3.926602,0.001371
4,5,9,1,0|0|0|0|1,0|1|1|0|6,0,10,3.927335,0.001358,10,3.926834,0.001419
4,5,9,1,0|0|0|0|2,0|1|1|0|5,0,10,3.926723,0.001218,10,3.927425,0.001578
4,5,9,1,0|0|0|0|3,0|1|1|0|4,0,10,3.927106,0.001618,10,3.927119,0.001012
4,5,9,1,0|0|0|0|4,0|1|1|0|3,0,10,3.926904,0.000973,10,3.926969,0.001237
4,5,9,1,0|0|0|0|5,0|1|1|0|2,0,10,3.926947,0.000925,10,3.925971,0.001573
4,5,9,1,0|0|0|0|6,0|1|1|0|1,0,10,3.926056,0.001169,10,3.926635,0.000512
4,5,9,1,0|0|0|0|7,0|1|1|0|0,0,10,3.924795,0.001094,10,3.925307,0.000779
4,5,9,1,0|0|0|0|0,0|1|1|1|6,1,30,3.946567,0.001393,0,,
4,5,9,1,0|0|0|0|1,0|1|1|1|5,0,10,3.946817,0.001138,10,3.947827,0.001091
4,5,9,1,0|0|0|0|2,0|1|1|1|4,0,10,3.946586,0.000799,10,3.947254,0.001336
4,5,9,1,0|0|0|0|3,0|1|1|1|3,0,10,3.946624,0.001117,10,3.947353,0.001267
4,5,9,1,0|0|0|0|4,0|1|1|1|2,0,10,3.947167,0.001691,10,3.947022,0.001050
4,5,9,1,0|0|0|0|5,0|1|1|1|1,0,10,3.945804,0.001698,10,3.946256,0.001594
4,5,9,1,0|0|0|0|6,0|1|1|1|0,0,10,3.945669,0.001705,10,3.945392,0.001512
4,5,9,1,0|0|0|0|0,0|1|1|2|5,1,30,3.950331,0.001350,0,,
4,5,9,1,0|0|0|0|1,0|1|1|2|4,0,10,3.950559,0.001078,10,3.951147,0.001004
4,5,9,1,0|0|0|0|2,0|1|1|2|3,0,10,3.951102,0.000759,10,3.950580,0.000980
4,5,9,1,0|0|0|0|3,0|1|1|2|2,0,10,3.950634,0.000908,10,3.950296,0.001054
4,5,9,1,0|0|0|0|4,0|1|1|2|1,0,10,3.949613,0.001254,10,3.950160,0.000707
4,5,9,1,0|0|0|0|5,0|1|1|2|0,0,10,3.949064,0.000950,10,3.949678,0.001226
4,5,9,1,0|0|0|0|0,0|1|1|3|4,1,30,3.951107,0.001478,500,3.951021,0.001221
4,5,9,1,0|0|0|0|1,0|1|1|3|3,0,10,3.951289,0.000788,10,3.951905,0.000853
4,5,9,1,0|0|0|0|2,0|1|1|3|2,0,10,3.951052,0.001406,10,3.951393,0.001787
4,5,9,1,0|0|0|0|3,0|1|1|3|1,0,10,3.950931,0.001241,10,3.950514,0.000861
4,5,9,1,0|0|0|0|4,0|1|1|3|0,0,10,3.949247,0.001352,10,3.949278,0.000926
4,5,9,1,0|0|0|0|0,0|1|1|4|3,0,10,3.950317,0.001040,10,3.950781,0.001381
4,5,9,1,0|0|0|0|1,0|1|1|4|2,0,10,3.950952,0.001679,10,3.950672,0.001446
4,5,9,1,0|0|0|0|2,0|1|1|4|1,0,10,3.950087,0.001079,10,3.949497,0.000896
4,5,9,1,0|0|0|0|3,0|1|1|4|0,0,10,3.947709,0.001099,10,3.946944,0.000926
4,5,9,1,0|0|0|0|0,0|1|1|5|2,0,10,3.946466,0.001102,10,3.945721,0.001149
4,5,9,1,0|0|0|0|1,0|1|1|5|1,0,10,3.946433,0.001088,10,3.946975,0.001657
4,5,9,1,0|0|0|0|2,0|1|1|5|0,0,10,3.943017,0.001085,10,3.943180,0.001124
4,5,9,1,0|0|0|0|0,0|1|1|6|1,0,10,3.935444,0.001046,10,3.935775,0.001222
4,5,9,1,0|0|0|0|1,0|1|1|6|0,0,10,3.931381,0.000943,10,3.931044,0.001208
4,5,9,1,0|0|0|0|0,0|1|1|7|0,0,10,3.888191,0.000443,10,3.887880,0.000772
4,5,9,1,0|0|0|1|0,0|1|1|0|6,0,10,3.943229,0.000858,10,3.944026,0.001085
4,5,9,1,0|0|0|1|1,0|1|1|0|5,0,10,3.944328,0.001001,10,3.944474,0.001558
4,5,9,1,0|0|0|1|2,0|1|1|0|4,0,10,3.944445,0.001178,10,3.944538,0.001816
4,5,9,1,0|0|0|1|3,0|1|1|0|3,0,10,3.943995,0.001408,10,3.944265,0.001451
4,5,9,1,0|0|0|1|4,0|1|1|0|2,0,10,3.943751,0.000989,10,3.943355,0.001548
4,5,9,1,0|0|0|1|5,0|1|1|0|1,0,10,3.943573,0.000963,10,3.942925,0.000897
4,5,9,1,0|0|0|1|6,0|1|1|0|0,0,10,3.942597,0.001662,10,3.941979,0.001079
4,5,9,1,0|0|0|1|0,0|1|1|1|5,0,10,3.949528,0.001267,10,3.950056,0.000748
4,5,9,1,0|0|0|1|1,0|1|1|1|4,0,10,3.950748,0.001473,10,3.949712,0.001804
4,5,9,1,0|0|0|1|2,0|1|1|1|3,0,10,3.950600,0.001019,10,3.950239,0.001514
4,5,9,1,0|0|0|1|3,0|1|1|1|2,0,10,3.950535,0.001771,10,3.950478,0.001358
4,5,9,1,0|0|0|1|4,0|1|1|1|1,0,10,3.949865,0.001734,10,3.949609,0.001401
4,5,9,1,0|0|0|1|5,0|1|1|1|0,0,10,3.949091,0.001676,10,3.948349,0.000960
4,5,9,1,0|0|0|1|0,0|1|1|2|4,0,10,3.951686,0.000918,10,3.951672,0.000833
4,5,9,1,0|0|0|1|1,0|1|1|2|3,0,10,3.952034,0.001606,10,3.952035,0.000958
4,5,9,1,0|0|0|1|2,0|1|1|2|2,0,10,3.951338,0.001189,10,3.951153,0.001246
4,5,9,1,0|0|0|1|3,0|1|1|2|1,0,10,3.950985,0.000845,10,3.951103,0.001106
4,5,9,1,0|0|0|1|4,0|1|1|2|0,0,10,3.949474,0.000904,10,3.949285,0.000916
4,5,9,1,0|0|0|1|0,0|1|1|3|3,0,10,3.950168,0.000878,10,3.950559,0.001143
4,5,9,1,0|0|0|1|1,0|1|1|3|2,0,10,3.950657,0.001058,10,3.950334,0.000916
4,5,9,1,0|0|0|1|2,0|1|1|3|1,0,10,3.950437,0.001130,10,3.950325,0.000754
4,5,9,1,0|0|0|1|3,0|1|1|3|0,0,10,3.947230,0.001198,10,3.947983,0.001133
4,5,9,1,0|0|0|1|0,0|1|1|4|2,0,10,3.946922,0.000865,10,3.946893,0.001133
4,5,9,1,0|0|0|1|1,0|1|1|4|1,0,10,3.946427,0.001538,10,3.946475,0.000881
4,5,9,1,0|0|0|1|2,0|1|1|4|0,0,10,3.943077,0.001092,10,3.943295,0.000749
4,5,9,1,0|0|0|1|0,0|1|1|5|1,0,10,3.935609,0.001616,10,3.935977,0.000771
4,5,9,1,0|0|0|1|1,0|1|1|5|0,0,10,3.931540,0.001054,10,3.931653,0.000795
4,5,9,1,0|0|0|1|0,0|1|1|6|0,0,10,3.889142,0.000809,10,3.888853,0.000448
4,5,9,1,0|0|0|2|0,0|1|1|0|5,0,10,3.947644,0.000916,10,3.948021,0.001485
4,5,9,1,0|0|0|2|1,0|1|1|0|4,0,10,3.948790,0.001463,10,3.948034,0.001242
4,5,9,1,0|0|0|2|2,0|1|1|0|3,0,10,3.947822,0.000656,10,3.948319,0.000634
4,5,9,1,0|0|0|2|3,0|1|1|0|2,0,10,3.947126,0.000917,10,3.946571,0.001036
4,5,9,1,0|0|0|2|4,0|1|1|0|1,0,10,3.947020,0.000897,10,3.946910,0.001110
4,5,9,1,0|0|0|2|5,0|1|1|0|0,0,10,3.944748,0.000967,10,3.945715,0.001019
4,5,9,1,0|0|0|2|0,0|1|1|1|4,0,10,3.950344,0.001146,10,3.950231,0.001223
4,5,9,1,0|0|0|2|1,0|1|1|1|3,0,10,3.950715,0.000681,10,3.951523,0.001182
4,5,9,1,0|0|0|2|2,0|1|1|1|2,0,10,3.950848,0.001115,10,3.949382,0.001322
4,5,9,1,0|0|0|2|3,0|1|1|1|1,0,10,3.949303,0.000860,10,3.949901,0.001314
4,5,9,1,0|0|0|2|4,0|1|1|1|0,0,10,3.948249,0.000912,10,3.948152,0.001103
4,5,9,1,0|0|0|2|0,0|1|1|2|3,0,10,3.950430,0.001159,10,3.950362,0.001857
4,5,9,1,0|0|0|2|1,0|1|1|2|2,0,10,3.950698,0.001412,10,3.950307,0.000819
4,5,9,1,0|0|0|2|2,0|1|1|2|1,0,10,3.949643,0.001023,10,3.949786,0.001083
4,5,9,1,0|0|0|2|3,0|1|1|2|0,0,10,3.947213,0.001143,10,3.947295,0.001261
4,5,9,1,0|0|0|2|0,0|1|1|3|2,0,10,3.945593,0.001161,10,3.946022,0.001226
4,5,9,1,0|0|0|2|1,0|1|1|3|1,0,10,3.946002,0.001161,10,3.946012,0.001201
4,5,9,1,0|0|0|2|2,0|1|1|3|0,0,10,3.941708,0.000858,10,3.942166,0.001189
4,5,9,1,0|0|0|2|0,0|1|1|4|1,0,10,3.935258,0.000900,10,3.935190,0.001328
4,5,9,1,0|0|0|2|1,0|1|1|4|0,0,10,3.930340,0.000780,10,3.930309,0.000905
4,5,9,1,0|0|0|2|0,0|1|1|5|0,0,10,3.888843,0.000857,10,3.888522,0.000562
4,5,9,1,0|0|0|3|0,0|1|1|0|4,0,10,3.947780,0.001361,10,3.948847,0.000940
4,5,9,1,0|0|0|3|1,0|1|1|0|3,0,10,3.948731,0.001108,10,3.948697,0.001006
4,5,9,1,0|0|0|3|2,0|1|1|0|2,0,10,3.947931,0.001265,10,3.949117,0.001275
4,5,9,1,0|0|0|3|3,0|1|1|0|1,0,10,3.947629,0.001133,10,3.946720,0.001418
4,5,9,1,0|0|0|3|4,0|1|1|0|0,0,10,3.944714,0.000978,10,3.944769,0.001143
4,5,9,1,0|0|0|3|0,0|1|1|1|3,0,10,3.948647,0.001095,10,3.949138,0.001238
4,5,9,1,0|0|0|3|1,0|1|1|1|2,0,10,3.949324,0.001245,10,3.949645,0.000811
4,5,9,1,0|0|0|3|2,0|1|1|1|1,0,10,3.948122,0.001320,10,3.948246,0.001164
4,5,9,1,0|0|0|3|3,0|1|1|1|0,0,10,3.945667,0.001470,10,3.945385,0.001277
4,5,9,1,0|0|0|3|0,0|1|1|2|2,0,10,3.945183,0.000698,10,3.945101,0.000786
4,5,9,1,0|0|0|3|1,0|1|1|2|1,0,10,3.945134,0.001088,10,3.945195,0.000674
4,5,9,1,0|0|0|3|2,0|1|1|2|0,0,10,3.941073,0.001196,10,3.940583,0.000983
4,5,9,1,0|0|0|3|0,0|1|1|3|1,0,10,3.933908,0.001133,10,3.934002,0.000895
4,5,9,1,0|0|0|3|1,0|1|1|3|0,0,10,3.929162,0.000879,10,3.929092,0.001051
4,5,9,1,0|0|0|3|0,0|1|1|4|0,0,10,3.887546,0.000939,10,3.888047,0.000672
4,5,9,1,0|0|0|4|0,0|1|1|0|3,0,10,3.947124,0.001189,10,3.946557,0.001071
4,5,9,1,0|0|0|4|1,0|1|1|0|2,0,10,3.947469,0.001076,10,3.948099,0.001293
4,5,9,1,0|0|0|4|2,0|1|1|0|1,0,10,3.945369,0.000917,10,3.946443,0.001249
4,5,9,1,0|0|0|4|3,0|1|1|0|0,0,10,3.942503,0.001138,10,3.942180,0.001475
4,5,9,1,0|0|0|4|0,0|1|1|1|2,0,10,3.944295,0.001092,10,3.944349,0.001191
4,5,9,1,0|0|0|4|1,0|1|1|1|1,0,10,3.944159,0.000849,10,3.944148,0.000881
4,5,9,1,0|0|0|4|2,0|1|1|1|0,0,10,3.939631,0.000748,10,3.939624,0.001152
4,5,9,1,0|0|0|4|0,0|1|1|2|1,0,10,3.933786,0.001080,10,3.933251,0.001013
4,5,9,1,0|0|0|4|1,0|1|1|2|0,0,10,3.928622,0.000446,10,3.927696,0.000939
4,5,9,1,0|0|0|4|0,0|1|1|3|0,0,10,3.887148,0.000841,10,3.886955,0.000788
4,5,9,1,0|0|0|5|0,0|1|1|0|2,0,10,3.943108,0.000892,10,3.942831,0.000779
4,5,9,1,0|0|0|5|1,0|1|1|0|1,0,10,3.943100,0.000766,10,3.942685,0.000817
4,5,9,1,0|0|0|5|2,0|1|1|0|0,0,10,3.937765,0.000802,10,3.937355,0.000852
4,5,9,1,0|0|0|5|0,0|1|1|1|1,0,10,3.932428,0.000539,10,3.932466,0.000587
4,5,9,1,0|0|0|5|1,0|1|1|1|0,0,10,3.926966,0.000987,10,3.927072,0.000942
4,5,9,1,0|0|0|5|0,0|1|1|2|0,0,10,3.885610,0.000927,10,3.885733,0.000815
4,5,9,1,0|0|0|6|0,0|1|1|0|1,0,10,3.930640,0.001014,10,3.930397,0.000680
4,5,9,1,0|0|0|6|1,0|1|1|0|0,0,10,3.925302,0.000590,10,3.925075,0.000547
4,5,9,1,0|0|0|6|0,0|1|1|1|0,0,10,3.884804,0.000577,10,3.884152,0.000743
4,5,9,1,0|0|0|7|0,0|1|1|0|0,0,10,3.882780,0.000861,10,3.882677,0.000627
4,5,9,1,0|0|0|0|0,0|1|2|0|6,0,10,3.927818,0.001644,10,3.927266,0.001281
4,5,9,1,0|0|0|0|1,0|1|2|0|5,0,10,3.928241,0.001170,10,3.927394,0.001280
4,5,9,1,0|0|0|0|2,0|1|2|0|4,0,10,3.927839,0.001208,10,3.927986,0.001571
4,5,9,1,0|0|0|0|3,0|1|2|0|3,0,10,3.927967,0.000930,10,3.928319,0.001371
4,5,9,1,0|0|0|0|4,0|1|2|0|2,0,10,3.926853,0.001126,10,3.926605,0.001262
4,5,9,1,0|0|0|0|5,0|1|2|0|1,0,10,3.926050,0.001502,10,3.926744,0.001201
4,5,9,1,0|0|0|0|6,0|1|2|0|0,0,10,3.925107,0.001321,10,3.923941,0.001200
4,5,9,1,0|0|0|0|0,0|1|2|1|5,0,10,3.945551,0.000990,10,3.946455,0.001002
4,5,9,1,0|0|0|0|1,0|1|2|1|4,0,10,3.946206,0.001415,10,3.946789,0.001650
4,5,9,1,0|0|0|0|2,0|1|2|1|3,0,10,3.946617,0.001244,10,3.946477,0.001063
4,5,9,1,0|0|0|0|3,0|1|2|1|2,0,10,3.946547,0.001472,10,3.945951,0.001162
4,5,9,1,0|0|0|0|4,0|1|2|1|1,0,10,3.945298,0.000790,10,3.946390,0.001416
4,5,9,1,0|0|0|0|5,0|1|2|1|0,0,10,3.945229,0.001281,10,3.944906,0.000843
4,5,9,1,0|0|0|0|0,0|1|2|2|4,1,30,3.949611,0.001129,0,,
4,5,9,1,0|0|0|0|1,0|1|2|2|3,0,10,3.950397,0.001459,10,3.951265,0.000988
4,5,9,1,0|0|0|0|2,0|1|2|2|2,0,10,3.949866,0.000986,10,3.949788,0.001388
4,5,9,1,0|0|0|0|3,0|1|2|2|1,0,10,3.948472,0.001278,10,3.948576,0.002091
4,5,9,1,0|0|0|0|4,0|1|2|2|0,0,10,3.947192,0.001220,10,3.947382,0.000938
4,5,9,1,0|0|0|0|0,0|1|2|3|3,1,30,3.949544,0.001334,0,,
4,5,9,1,0|0|0|0|1,0|1|2|3|2,0,10,3.950582,0.000715,10,3.950221,0.001585
4,5,9,1,0|0|0|0|2,0|1|2|3|1,0,10,3.949804,0.001102,10,3.949274,0.000983
4,5,9,1,0|0|0|0|3,0|1|2|3|0,0,10,3.946447,0.001444,10,3.946801,0.001154
4,5,9,1,0|0|0|0|0,0|1|2|4|2,0,10,3.946957,0.001123,10,3.946296,0.001038
4,5,9,1,0|0|0|0|1,0|1|2|4|1,0,10,3.947010,0.001072,10,3.946862,0.001266
4,5,9,1,0|0|0|0|2,0|1|2|4|0,0,10,3.943143,0.000877,10,3.943417,0.000992
4,5,9,1,0|0|0|0|0,0|1|2|5|1,0,10,3.936931,0.000946,10,3.937152,0.000695
4,5,9,1,0|0|0|0|1,0|1|2|5|0,0,10,3.932989,0.000728,10,3.932465,0.000983
4,5,9,1,0|0|0|0|0,0|1|2|6|0,0,10,3.893367,0.000632,10,3.893422,0.000533
4,5,9,1,0|0|0|1|0,0|1|2|0|5,0,10,3.943833,0.000874,10,3.943761,0.001179
4,5,9,1,0|0|0|1|1,0|1|2|0|4,0,10,3.943969,0.001056,10,3.944016,0.001050
4,5,9,1,0|0|0|1|2,0|1|2|0|3,0,10,3.944171,0.001284,10,3.943685,0.001385
4,5,9,1,0|0|0|1|3,0|1|2|0|2,0,10,3.943223,0.001277,10,3.943086,0.001328
4,5,9,1,0|0|0|1|4,0|1|2|0|1,0,10,3.942650,0.001043,10,3.942123,0.001223
4,5,9,1,0|0|0|1|5,0|1|2|0|0,0,10,3.940634,0.001145,10,3.941253,0.001484
4,5,9,1,0|0|0|1|0,0|1|2|1|4,0,10,3.950040,0.001469,10,3.949649,0.001387
4,5,9,1,0|0|0|1|1,0|1|2|1|3,0,10,3.949199,0.001109,10,3.949434,0.001303
4,5,9,1,0|0|0|1|2,0|1|2|1|2,0,10,3.949788,0.001135,10,3.950046,0.000657
4,5,9,1,0|0|0|1|3,0|1|2|1|1,0,10,3.948804,0.001384,10,3.948309,0.001408
4,5,9,1,0|0|0|1|4,0|1|2|1|0,0,10,3.947583,0.000707,10,3.947356,0.000887
4,5,9,1,0|0|0|1|0,0|1|2|2|3,0,10,3.950242,0.000583,10,3.950027,0.001700
4,5,9,1,0|0|0|1|1,0|1|2|2|2,0,10,3.950774,0.000963,10,3.950075,0.001453
4,5,9,1,0|0|0|1|2,0|1|2|2|1,0,10,3.949103,0.001471,10,3.949380,0.001602
4,5,9,1,0|0|0|1|3,0|1|2|2|0,0,10,3.947394,0.001193,10,3.947585,0.001058
4,5,9,1,0|0|0|1|0,0|1|2|3|2,0,10,3.946874,0.001217,10,3.946989,0.001092
4,5,9,1,0|0|0|1|1,0|1|2|3|1,0,10,3.947140,0.000883,10,3.946062,0.000975
4,5,9,1,0|0|0|1|2,0|1|2|3|0,0,10,3.942871,0.001392,10,3.943062,0.000816
4,5,9,1,0|0|0|1|0,0|1|2|4|1,0,10,3.937408,0.001226,10,3.937024,0.001023
4,5,9,1,0|0|0|1|1,0|1|2|4|0,0,10,3.932789,0.000567,10,3.933172,0.001162
4,5,9,1,0|0|0|1|0,0|1|2|5|0,0,10,3.895236,0.000967,10,3.894602,0.000628
4,5,9,1,0|0|0|2|0,0|1|2|0|4,0,10,3.946383,0.001584,10,3.947300,0.001317
4,5,9,1,0|0|0|2|1,0|1|2|0|3,0,10,3.947768,0.001267,10,3.946389,0.000885
4,5,9,1,0|0|0|2|2,0|1|2|0|2,0,10,3.946661,0.000974,10,3.946324,0.001266
4,5,9,1,0|0|0|2|3,0|1|2|0|1,0,10,3.944959,0.001390,10,3.945129,0.001250
4,5,9,1,0|0|0|2|4,0|1|2|0|0,0,10,3.942483,0.001353,10,3.942125,0.001173
4,5,9,1,0|0|0|2|0,0|1|2|1|3,0,10,3.949239,0.001177,10,3.948932,0.000769
4,5,9,1,0|0|0|2|1,0|1|2|1|2,0,10,3.949752,0.001034,10,3.949120,0.001187
4,5,9,1,0|0|0|2|2,0|1|2|1|1,0,10,3.947484,0.001395,10,3.947882,0.001856
4,5,9,1,0|0|0|2|3,0|1|2|1|0,0,10,3.944591,0.001005,10,3.945407,0.001290
4,5,9,1,0|0|0|2|0,0|1|2|2|2,0,10,3.946549,0.001305,10,3.946425,0.001186
4,5,9,1,0|0|0|2|1,0|1|2|2|1,0,10,3.945623,0.001030,10,3.946234,0.001072
4,5,9,1,0|0|0|2|2,0|1|2|2|0,0,10,3.941970,0.000940,10,3.942212,0.001181
4,5,9,1,0|0|0|2|0,0|1|2|3|1,0,10,3.936590,0.001213,10,3.936295,0.000823
4,5,9,1,0|0|0|2|1,0|1|2|3|0,0,10,3.931796,0.000997,10,3.931753,0.000535
4,5,9,1,0|0|0|2|0,0|1|2|4|0,0,10,3.893925,0.000673,10,3.893750,0.000714
4,5,9,1,0|0|0|3|0,0|1|2|0|3,0,10,3.945978,0.001348,10,3.946045,0.001702
4,5,9,1,0|0|0|3|1,0|1|2|0|2,0,10,3.947170,0.000728,10,3.947150,0.000788
4,5,9,1,0|0|0|3|2,0|1|2|0|1,0,10,3.944424,0.000828,10,3.944927,0.000800
4,5,9,1,0|0|0|3|3,0|1|2|0|0,0,10,3.941042,0.001036,10,3.940252,0.001074
4,5,9,1,0|0|0|3|0,0|1|2|1|2,0,10,3.944850,0.001069,10,3.944730,0.000791
4,5,9,1,0|0|0|3|1,0|1|2|1|1,0,10,3.945127,0.000840,10,3.944858,0.000646
4,5,9,1,0|0|0|3|2,0|1|2|1|0,0,10,3.940089,0.000733,10,3.939879,0.001011
4,5,9,1,0|0|0|3|0,0|1|2|2|1,0,10,3.934396,0.000840,10,3.935240,0.001065
4,5,9,1,0|0|0|3|1,0|1|2|2|0,0,10,3.930552,0.000884,10,3.929981,0.000897
4,5,9,1,0|0|0|3|0,0|1|2|3|0,0,10,3.892711,0.000540,10,3.892647,0.001117
4,5,9,1,0|0|0|4|0,0|1|2|0|2,0,10,3.942627,0.001592,10,3.942337,0.001122
4,5,9,1,0|0|0|4|1,0|1|2|0|1,0,10,3.941777,0.001101,10,3.942016,0.000910
4,5,9,1,0|0|0|4|2,0|1|2|0|0,0,10,3.935890,0.001373,10,3.936300,0.000862
4,5,9,1,0|0|0|4|0,0|1|2|1|1,0,10,3.933187,0.000897,10,3.933504,0.001102
4,5,9,1,0|0|0|4|1,0|1|2|1|0,0,10,3.928349,0.000637,10,3.928327,0.000656
4,5,9,1,0|0|0|4|0,0|1|2|2|0,0,10,3.890947,0.000547,10,3.890676,0.000493
4,5,9,1,0|0|0|5|0,0|1|2|0|1,0,10,3.931425,0.000965,10,3.931190,0.000855
4,5,9,1,0|0|0|5|1,0|1|2|0|0,0,10,3.925229,0.001226,10,3.925127,0.001013
4,5,9,1,0|0|0|5|0,0|1|2|1|0,0,10,3.888693,0.000732,10,3.888741,0.000587
4,5,9,1,0|0|0|6|0,0|1|2|0|0,0,10,3.885529,0.000633,10,3.884861,0.000583
4,5,9,1,0|0|0|0|0,0|1|3|0|5,0,10,3.924267,0.000901,10,3.923409,0.000805
4,5,9,1,0|0|0|0|1,0|1|3|0|4,0,10,3.925340,0.001239,10,3.924572,0.001371
4,5,9,1,0|0|0|0|2,0|1|3|0|3,0,10,3.924561,0.001090,10,3.925290,0.001310
4,5,9,1,0|0|0|0|3,0|1|3|0|2,0,10,3.922978,0.000788,10,3.923909,0.001222
4,5,9,1,0|0|0|0|4,0|1|3|0|1,0,10,3.921288,0.000842,10,3.922169,0.000859
4,5,9,1,0|0|0|0|5,0|1|3|0|0,0,10,3.919018,0.000970,10,3.919005,0.000897
4,5,9,1,0|0|0|0|0,0|1|3|1|4,0,10,3.944201,0.001232,10,3.944124,0.001309
4,5,9,1,0|0|0|0|1,0|1|3|1|3,0,10,3.944108,0.000894,10,3.943989,0.001222
4,5,9,1,0|0|0|0|2,0|1|3|1|2,0,10,3.944343,0.001299,10,3.944083,0.000917
4,5,9,1,0|0|0|0|3,0|1|3|1|1,0,10,3.943269,0.001892,10,3.942762,0.000860
4,5,9,1,0|0|0|0|4,0|1|3|1|0,0,10,3.941215,0.001168,10,3.940846,0.001276
4,5,9,1,0|0|0|0|0,0|1|3|2|3,0,10,3.945346,0.001591,10,3.946176,0.000942
4,5,9,1,0|0|0|0|1,0|1|3|2|2,0,10,3.947379,0.000826,10,3.947581,0.001315
4,5,9,1,0|0|0|0|2,0|1|3|2|1,0,10,3.945941,0.001485,10,3.945700,0.001142
4,5,9,1,0|0|0|0|3,0|1|3|2|0,0,10,3.941796,0.001220,10,3.942562,0.001112
4,5,9,1,0|0|0|0|0,0|1|3|3|2,0,10,3.943459,0.000979,10,3.943248,0.001149
4,5,9,1,0|0|0|0|1,0|1|3|3|1,0,10,3.943921,0.000904,10,3.943887,0.001015
4,5,9,1,0|0|0|0|2,0|1|3|3|0,0,10,3.938826,0.001173,10,3.938984,0.001190
4,5,9,1,0|0|0|0|0,0|1|3|4|1,0,10,3.933490,0.000808,10,3.933753,0.000879
4,5,9,1,0|0|0|0|1,0|1|3|4|0,0,10,3.928897,0.000789,10,3.929131,0.000826
4,5,9,1,0|0|0|0|0,0|1|3|5|0,0,10,3.888137,0.000730,10,3.887919,0.000720
4,5,9,1,0|0|0|1|0,0|1|3|0|4,0,10,3.940080,0.000523,10,3.940543,0.001011
4,5,9,1,0|0|0|1|1,0|1|3|0|3,0,10,3.940896,0.001080,10,3.941194,0.001072
4,5,9,1,0|0|0|1|2,0|1|3|0|2,0,10,3.939390,0.000842,10,3.939765,0.001284
4,5,9,1,0|0|0|1|3,0|1|3|0|1,0,10,3.938187,0.001044,10,3.938038,0.001401
4,5,9,1,0|0|0|1|4,0|1|3|0|0,0,10,3.934817,0.000843,10,3.935327,0.000852
4,5,9,1,0|0|0|1|0,0|1|3|1|3,0,10,3.945839,0.001270,10,3.945938,0.001394
4,5,9,1,0|0|0|1|1,0|1|3|1|2,0,10,3.947286,0.001253,10,3.945892,0.001880
4,5,9,1,0|0|0|1|2,0|1|3|1|1,0,10,3.944785,0.000683,10,3.945394,0.000482
4,5,9,1,0|0|0|1|3,0|1|3|1|0,0,10,3.941065,0.000947,10,3.941722,0.001446
4,5,9,1,0|0|0|1|0,0|1|3|2|2,0,10,3.943242,0.001011,10,3.944091,0.001043
4,5,9,1,0|0|0|1|1,0|1|3|2|1,0,10,3.943768,0.001148,10,3.943647,0.000889
4,5,9,1,0|0|0|1|2,0|1|3|2|0,0,10,3.939411,0.001293,10,3.939065,0.000998
4,5,9,1,0|0|0|1|0,0|1|3|3|1,0,10,3.934558,0.000984,10,3.935075,0.000864
4,5,9,1,0|0|0|1|1,0|1|3|3|0,0,10,3.929350,0.000696,10,3.929971,0.000667
4,5,9,1,0|0|0|1|0,0|1|3|4|0,0,10,3.889844,0.000793,10,3.889911,0.000494
4,5,9,1,0|0|0|2|0,0|1|3|0|3,0,10,3.942576,0.000797,10,3.941896,0.000982
4,5,9,1,0|0|0|2|1,0|1|3|0|2,0,10,3.941917,0.001065,10,3.942511,0.001151
4,5,9,1,0|0|0|2|2,0|1|3|0|1,0,10,3.939406,0.001046,10,3.939457,0.001451
4,5,9,1,0|0|0|2|3,0|1|3|0|0,0,10,3.934406,0.001179,10,3.934351,0.000900
4,5,9,1,0|0|0|2|0,0|1|3|1|2,0,10,3.941406,0.000871,10,3.942049,0.000925
4,5,9,1,0|0|0|2|1,0|1|3|1|1,0,10,3.941937,0.001283,10,3.941795,0.001184
4,5,9,1,0|0|0|2|2,0|1|3|1|0,0,10,3.936886,0.000833,10,3.936878,0.000856
4,5,9,1,0|0|0|2|0,0|1|3|2|1,0,10,3.932484,0.000964,10,3.932923,0.000725
4,5,9,1,0|0|0|2|1,0|1|3|2|0,0,10,3.926710,0.000659,10,3.926819,0.000754
4,5,9,1,0|0|0|2|0,0|1|3|3|0,0,10,3.887980,0.000987,10,3.888295,0.000465
4,5,9,1,0|0|0|3|0,0|1|3|0|2,0,10,3.938259,0.001074,10,3.937987,0.000899
4,5,9,1,0|0|0|3|1,0|1|3|0|1,0,10,3.937995,0.000826,10,3.938083,0.001448
4,5,9,1,0|0|0|3|2,0|1|3|0|0,0,10,3.929996,0.001194,10,3.930200,0.001110
4,5,9,1,0|0|0|3|0,0|1|3|1|1,0,10,3.930159,0.000814,10,3.930306,0.001116
4,5,9,1,0|0|0|3|1,0|1|3|1|0,0,10,3.924003,0.000739,10,3.924053,0.001084
4,5,9,1,0|0|0|3|0,0|1|3|2|0,0,10,3.885900,0.000721,10,3.885769,0.000981
4,5,9,1,0|0|0|4|0,0|1|3|0|1,0,10,3.926011,0.000697,10,3.926252,0.001026
4,5,9,1,0|0|0|4|1,0|1|3|0|0,0,10,3.919018,0.000639,10,3.919185,0.000774
4,5,9,1,0|0|0|4|0,0|1|3|1|0,0,10,3.882541,0.000541,10,3.882130,0.000647
4,5,9,1,0|0|0|5|0,0|1|3|0|0,0,10,3.876432,0.000874,10,3.876278,0.000512
4,5,9,1,0|0|0|0|0,0|1|4|0|4,0,10,3.917240,0.001560,10,3.917240,0.001428
4,5,9,1,0|0|0|0|1,0|1|4|0|3,0,10,3.918591,0.001065,10,3.918599,0.000732
4,5,9,1,0|0|0|0|2,0|1|4|0|2,0,10,3.916913,0.001097,10,3.917220,0.001218
4,5,9,1,0|0|0|0|3,0|1|4|0|1,0,10,3.914962,0.001055,10,3.914196,0.001226
4,5,9,1,0|0|0|0|4,0|1|4|0|0,0,10,3.907779,0.000860,10,3.907980,0.001194
4,5,9,1,0|0|0|0|0,0|1|4|1|3,0,10,3.938412,0.001263,10,3.938217,0.000942
4,5,9,1,0|0|0|0|1,0|1|4|1|2,0,10,3.939015,0.001415,10,3.938582,0.001296
4,5,9,1,0|0|0|0|2,0|1|4|1|1,0,10,3.937246,0.001174,10,3.936759,0.001029
4,5,9,1,0|0|0|0|3,0|1|4|1|0,0,10,3.932265,0.001035,10,3.932830,0.001291
4,5,9,1,0|0|0|0|0,0|1|4|2|2,0,10,3.937407,0.000740,10,3.938583,0.001184
4,5,9,1,0|0|0|0|1,0|1|4|2|1,0,10,3.937803,0.001101,10,3.938030,0.001049
4,5,9,1,0|0|0|0|2,0|1|4|2|0,0,10,3.931487,0.000850,10,3.932327,0.001080
4,5,9,1,0|0|0|0|0,0|1|4|3|1,0,10,3.927438,0.001005,10,3.928105,0.000911
4,5,9,1,0|0|0|0|1,0|1|4|3|0,0,10,3.921625,0.000567,10,3.921626,0.000724
4,5,9,1,0|0|0|0|0,0|1|4|4|0,0,10,3.877263,0.000835,10,3.877742,0.000774
4,5,9,1,0|0|0|1|0,0|1|4|0|3,0,10,3.934048,0.001041,10,3.933942,0.001414
4,5,9,1,0|0|0|1|1,0|1|4|0|2,0,10,3.933440,0.001185,10,3.934253,0.001289
4,5,9,1,0|0|0|1|2,0|1|4|0|1,0,10,3.930835,0.000839,10,3.930458,0.000383
4,5,9,1,0|0|0|1|3,0|1|4|0|0,0,10,3.924502,0.000618,10,3.924479,0.001196
4,5,9,1,0|0|0|1|0,0|1|4|1|2,0,10,3.937629,0.001091,10,3.936747,0.000702
4,5,9,1,0|0|0|1|1,0|1|4|1|1,0,10,3.936692,0.001268,10,3.936613,0.000712
4,5,9,1,0|0|0|1|2,0|1|4|1|0,0,10,3.930803,0.001107,10,3.930871,0.001122
4,5,9,1,0|0|0|1|0,0|1|4|2|1,0,10,3.928005,0.000844,10,3.928421,0.000746
4,5,9,1,0|0|0|1|1,0|1|4|2|0,0,10,3.921282,0.000633,10,3.921540,0.000795
4,5,9,1,0|0|0|1|0,0|1|4|3|0,0,10,3.879737,0.000713,10,3.879573,0.000544
4,5,9,1,0|0|0|2|0,0|1|4|0|2,0,10,3.931760,0.000683,10,3.931482,0.000825
4,5,9,1,0|0|0|2|1,0|1|4|0|1,0,10,3.930063,0.001122,10,3.929579,0.001141
4,5,9,1,0|0|0|2|2,0|1|4|0|0,0,10,3.920768,0.000552,10,3.920617,0.001015
4,5,9,1,0|0|0|2|0,0|1|4|1|1,0,10,3.924159,0.001153,10,3.924325,0.000708
4,5,9,1,0|0|0|2|1,0|1|4|1|0,0,10,3.916680,0.000718,10,3.916647,0.000558
4,5,9,1,0|0|0|2|0,0|1|4|2|0,0,10,3.876314,0.000454,10,3.876140,0.000668
4,5,9,1,0|0|0|3|0,0|1|4|0|1,0,10,3.918190,0.000666,10,3.917706,0.001052
4,5,9,1,0|0|0|3|1,0|1|4|0|0,0,10,3.908797,0.000707,10,3.908413,0.000791
4,5,9,1,0|0|0|3|0,0|1|4|1|0,0,10,3.871139,0.000755,10,3.871092,0.000511
4,5,9,1,0|0|0|4|0,0|1|4|0|0,0,10,3.862327,0.000347,10,3.862051,0.000640
4,5,9,1,0|0|0|0|0,0|1|5|0|3,0,10,3.904836,0.000888,10,3.905660,0.001257
4,5,9,1,0|0|0|0|1,0|1|5|0|2,0,10,3.907191,0.000815,10,3.907035,0.001407
4,5,9,1,0|0|0|0|2,0|1|5|0|1,0,10,3.901608,0.000957,10,3.902089,0.000838
4,5,9,1,0|0|0|0|3,0|1|5|0|0,0,10,3.891049,0.001007,10,3.890567,0.000792
4,5,9,1,0|0|0|0|0,0|1|5|1|2,0,10,3.926040,0.000815,10,3.926406,0.000990
4,5,9,1,0|0|0|0|1,0|1|5|1|1,0,10,3.925195,0.001165,10,3.925106,0.000905
4,5,9,1,0|0|0|0|2,0|1|5|1|0,0,10,3.916265,0.001354,10,3.916377,0.000676
4,5,9,1,0|0|0|0|0,0|1|5|2|1,0,10,3.916014,0.000849,10,3.916052,0.000722
4,5,9,1,0|0|0|0|1,0|1|5|2|0,0,10,3.908012,0.000594,10,3.907991,0.000599
4,5,9,1,0|0|0|0|0,0|1|5|3|0,0,10,3.860116,0.000555,10,3.859883,0.000468
4,5,9,1,0|0|0|1|0,0|1|5|0|2,0,10,3.918856,0.000824,10,3.919014,0.000721
4,5,9,1,0|0|0|1|1,0|1|5|0|1,0,10,3.916619,0.001096,10,3.916522,0.001070
4,5,9,1,0|0|0|1|2,0|1|5|0|0,0,10,3.904271,0.000575,10,3.904474,0.000890
4,5,9,1,0|0|0|1|0,0|1|5|1|1,0,10,3.914605,0.000671,10,3.914653,0.000747
4,5,9,1,0|0|0|1|1,0|1|5|1|0,0,10,3.905806,0.000764,10,3.905638,0.000647
4,5,9,1,0|0|0|1|0,0|1|5|2|0,0,10,3.861218,0.000482,10,3.860978,0.000488
4,5,9,1,0|0|0|2|0,0|1|5|0|1,0,10,3.904709,0.000636,10,3.904463,0.000673
4,5,9,1,0|0|0|2|1,0|1|5|0|0,0,10,3.891965,0.000586,10,3.892637,0.000763
4,5,9,1,0|0|0|2|0,0|1|5|1|0,0,10,3.854626,0.000427,10,3.854335,0.000366
4,5,9,1,0|0|0|3|0,0|1|5|0|0,0,10,3.840859,0.000520,10,3.840911,0.000732
4,5,9,1,0|0|0|0|0,0|1|6|0|2,0,10,3.878828,0.000737,10,3.878724,0.000964
4,5,9,1,0|0|0|0|1,0|1|6|0|1,0,10,3.877493,0.000789,10,3.877652,0.000983
4,5,9,1,0|0|0|0|2,0|1|6|0|0,0,10,3.857602,0.000573,10,3.857820,0.000475
4,5,9,1,0|0|0|0|0,0|1|6|1|1,0,10,3.892107,0.000729,10,3.892107,0.000860
4,5,9,1,0|0|0|0|1,0|1|6|1|0,0,10,3.879665,0.000702,10,3.880013,0.000717
4,5,9,1,0|0|0|0|0,0|1|6|2|0,0,10,3.829749,0.000453,10,3.829630,0.000469
4,5,9,1,0|0|0|1|0,0|1|6|0|1,0,10,3.879379,0.000912,10,3.879854,0.000583
4,5,9,1,0|0|0|1|1,0|1|6|0|0,0,10,3.862058,0.000554,10,3.862153,0.000700
4,5,9,1,0|0|0|1|0,0|1|6|1|0,0,10,3.827112,0.000543,10,3.827146,0.000695
4,5,9,1,0|0|0|2|0,0|1|6|0|0,0,10,3.806852,0.000379,10,3.807245,0.000425
4,5,9,1,0|0|0|0|0,0|1|7|0|1,0,10,3.811210,0.000602,10,3.811032,0.000485
4,5,9,1,0|0|0|0|1,0|1|7|0|0,0,10,3.787360,0.000587,10,3.787400,0.000499
4,5,9,1,0|0|0|0|0,0|1|7|1|0,0,10,3.767994,0.000464,10,3.767644,0.000442
4,5,9,1,0|0|0|1|0,0|1|7|0|0,0,10,3.744484,0.000574,10,3.744707,0.000361
4,5,9,1,0|0|0|0|0,0|1|8|0|0,0,10,3.576783,0.000682,10,3.576548,0.000308
4,5,9,1,0|0|1|0|0,0|1|0|0|7,0,10,3.923949,0.000987,10,3.924868,0.001656
4,5,9,1,0|0|1|0|1,0|1|0|0|6,0,10,3.925047,0.001682,10,3.925457,0.001445
4,5,9,1,0|0|1|0|2,0|1|0|0|5,0,10,3.924832,0.001492,10,3.925650,0.000978
4,5,9,1,0|0|1|0|3,0|1|0|0|4,0,10,3.924486,0.001058,10,3.924927,0.001457
4,5,9,1,0|0|1|0|4,0|1|0|0|3,0,10,3.924612,0.000942,10,3.924764,0.000676
4,5,9,1,0|0|1|0|5,0|1|0|0|2,0,10,3.924067,0.001169,10,3.924456,0.001862
4,5,9,1,0|0|1|0|6,0|1|0|0|1,0,10,3.923460,0.000912,10,3.923444,0.001332
4,5,9,1,0|0|1|0|7,0|1|0|0|0,0,10,3.923212,0.002007,10,3.922770,0.000700
4,5,9,1,0|0|1|0|0,0|1|0|1|6,0,10,3.944840,0.001716,10,3.944830,0.001477
4,5,9,1,0|0|1|0|1,0|1|0|1|5,0,10,3.945484,0.001564,10,3.945419,0.001304
4,5,9,1,0|0|1|0|2,0|1|0|1|4,0,10,3.945916,0.001569,10,3.944544,0.001060
4,5,9,1,0|0|1|0|3,0|1|0|1|3,0,10,3.944699,0.001246,10,3.945066,0.001443
4,5,9,1,0|0|1|0|4,0|1|0|1|2,0,10,3.945271,0.001000,10,3.944784,0.001338
4,5,9,1,0|0|1|0|5,0|1|0|1|1,0,10,3.944851,0.000915,10,3.944206,0.001356
4,5,9,1,0|0|1|0|6,0|1|0|1|0,0,10,3.944541,0.000985,10,3.943547,0.001473
4,5,9,1,0|0|1|0|0,0|1|0|2|5,0,10,3.949213,0.001064,10,3.949099,0.001787
4,5,9,1,0|0|1|0|1,0|1|0|2|4,0,10,3.949857,0.001296,10,3.948667,0.001571
4,5,9,1,0|0|1|0|2,0|1|0|2|3,0,10,3.949248,0.000851,10,3.949147,0.001074
4,5,9,1,0|0|1|0|3,0|1|0|2|2,0,10,3.948822,0.001212,10,3.948732,0.000765
4,5,9,1,0|0|1|0|4,0|1|0|2|1,0,10,3.948590,0.001340,10,3.948381,0.001137
4,5,9,1,0|0|1|0|5,0|1|0|2|0,0,10,3.947900,0.001112,10,3.947300,0.001220
4,5,9,1,0|0|1|0|0,0|1|0|3|4,0,10,3.949297,0.002031,10,3.949524,0.001242
4,5,9,1,0|0|1|0|1,0|1|0|3|3,0,10,3.950016,0.001072,10,3.949679,0.001331
4,5,9,1,0|0|1|0|2,0|1|0|3|2,0,10,3.949283,0.001023,10,3.949315,0.000918
4,5,9,1,0|0|1|0|3,0|1|0|3|1,0,10,3.948712,0.001200,10,3.949272,0.001367
4,5,9,1,0|0|1|0|4,0|1|0|3|0,0,10,3.947152,0.001119,10,3.946805,0.001242
4,5,9,1,0|0|1|0|0,0|1|0|4|3,0,10,3.947344,0.000916,10,3.948286,0.000960
4,5,9,1,0|0|1|0|1,0|1|0|4|2,0,10,3.949458,0.001387,10,3.948960,0.001414
4,5,9,1,0|0|1|0|2,0|1|0|4|1,0,10,3.947496,0.001032,10,3.947681,0.000838
4,5,9,1,0|0|1|0|3,0|1|0|4|0,0,10,3.944702,0.000618,10,3.944643,0.001261
4,5,9,1,0|0|1|0|0,0|1|0|5|2,0,10,3.943528,0.001261,10,3.944207,0.001292
4,5,9,1,0|0|1|0|1,0|1|0|5|1,0,10,3.943274,0.001060,10,3.943885,0.001172
4,5,9,1,0|0|1|0|2,0|1|0|5|0,0,10,3.938372,0.001220,10,3.939363,0.000619
4,5,9,1,0|0|1|0|0,0|1|0|6|1,0,10,3.931745,0.001315,10,3.931302,0.001265
4,5,9,1,0|0|1|0|1,0|1|0|6|0,0,10,3.926058,0.000953,10,3.926356,0.000479
4,5,9,1,0|0|1|0|0,0|1|0|7|0,0,10,3.879930,0.000581,10,3.879534,0.000744
4,5,9,1,0|0|1|1|0,0|1|0|0|6,0,10,3.941572,0.001319,10,3.941188,0.001017
4,5,9,1,0|0|1|1|1,0|1|0|0|5,0,10,3.942042,0.001143,10,3.941929,0.000866
4,5,9,1,0|0|1|1|2,0|1|0|0|4,0,10,3.942529,0.001122,10,3.942447,0.001348
4,5,9,1,0|0|1|1|3,0|1|0|0|3,0,10,3.941822,0.001360,10,3.941860,0.000968
4,5,9,1,0|0|1|1|4,0|1|0|0|2,0,10,3.941378,0.001002,10,3.941046,0.001582
4,5,9,1,0|0|1|1|5,0|1|0|0|1,0,10,3.940324,0.000814,10,3.940441,0.001523
4,5,9,1,0|0|1|1|6,0|1|0|0|0,0,10,3.939121,0.001093,10,3.939522,0.001195
4,5,9,1,0|0|1|1|0,0|1|0|1|5,0,10,3.948166,0.001338,10,3.948184,0.001075
4,5,9,1,0|0|1|1|1,0|1|0|1|4,0,10,3.949138,0.001329,10,3.948894,0.000895
4,5,9,1,0|0|1|1|2,0|1|0|1|3,0,10,3.948702,0.000817,10,3.949052,0.000789
4,5,9,1,0|0|1|1|3,0|1|0|1|2,0,10,3.948098,0.001148,10,3.948275,0.001220
4,5,9,1,0|0|1|1|4,0|1|0|1|1,0,10,3.947001,0.001666,10,3.947702,0.001251
4,5,9,1,0|0|1|1|5,0|1|0|1|0,0,10,3.946508,0.001239,10,3.945406,0.001417
4,5,9,1,0|0|1|1|0,0|1|0|2|4,0,10,3.949350,0.001552,10,3.948765,0.001560
4,5,9,1,0|0|1|1|1,0|1|0|2|3,0,10,3.948982,0.001522,10,3.950130,0.000712
4,5,9,1,0|0|1|1|2,0|1|0|2|2,0,10,3.949504,0.001269,10,3.949908,0.001464
4,5,9,1,0|0|1|1|3,0|1|0|2|1,0,10,3.948846,0.000737,10,3.948808,0.001274
4,5,9,1,0|0|1|1|4,0|1|0|2|0,0,10,3.947396,0.001066,10,3.946595,0.001001
4,5,9,1,0|0|1|1|0,0|1|0|3|3,0,10,3.948257,0.001006,10,3.948517,0.001138
4,5,9,1,0|0|1|1|1,0|1|0|3|2,0,10,3.948766,0.001294,10,3.947897,0.001367
4,5,9,1,0|0|1|1|2,0|1|0|3|1,0,10,3.947602,0.000667,10,3.946827,0.001166
4,5,9,1,0|0|1|1|3,0|1|0|3|0,0,10,3.944370,0.001217,10,3.944688,0.000956
4,5,9,1,0|0|1|1|0,0|1|0|4|2,0,10,3.943332,0.001450,10,3.943592,0.000838
4,5,9,1,0|0|1|1|1,0|1|0|4|1,0,10,3.943834,0.001230,10,3.944111,0.001149
4,5,9,1,0|0|1|1|2,0|1|0|4|0,0,10,3.938626,0.001802,10,3.939075,0.000760
4,5,9,1,0|0|1|1|0,0|1|0|5|1,0,10,3.931386,0.000932,10,3.930870,0.000806
4,5,9,1,0|0|1|1|1,0|1|0|5|0,0,10,3.925792,0.000768,10,3.925846,0.000690
4,5,9,1,0|0|1|1|0,0|1|0|6|0,0,10,3.880683,0.000632,10,3.880755,0.000591
4,5,9,1,0|0|1|2|0,0|1|0|0|5,0,10,3.946050,0.001144,10,3.945723,0.001123
4,5,9,1,0|0|1|2|1,0|1|0|0|4,0,10,3.946696,0.001151,10,3.946259,0.001539
4,5,9,1,0|0|1|2|2,0|1|0|0|3,0,10,3.945063,0.000997,10,3.946014,0.001015
4,5,9,1,0|0|1|2|3,0|1|0|0|2,0,10,3.945491,0.001077,10,3.944778,0.001270
4,5,9,1,0|0|1|2|4,0|1|0|0|1,0,10,3.943863,0.001342,10,3.943654,0.001274
4,5,9,1,0|0|1|2|5,0|1|0|0|0,0,10,3.941490,0.001024,10,3.942299,0.001287
4,5,9,1,0|0|1|2|0,0|1|0|1|4,0,10,3.947920,0.000887,10,3.948149,0.001014
4,5,9,1,0|0|1|2|1,0|1|0|1|3,0,10,3.948272,0.000890,10,3.948994,0.001299
4,5,9,1,0|0|1|2|2,0|1|0|1|2,0,10,3.947704,0.001001,10,3.947873,0.001749
4,5,9,1,0|0|1|2|3,0|1|0|1|1,0,10,3.946926,0.001103,10,3.947318,0.001125
4,5,9,1,0|0|1|2|4,0|1|0|1|0,0,10,3.945049,0.000767,10,3.945376,0.000945
4,5,9,1,0|0|1|2|0,0|1|0|2|3,0,10,3.947054,0.001310,10,3.947472,0.001182
4,5,9,1,0|0|1|2|1,0|1|0|2|2,0,10,3.947864,0.000941,10,3.947658,0.001174
4,5,9,1,0|0|1|2|2,0|1|0|2|1,0,10,3.946466,0.001125,10,3.946414,0.000671
4,5,9,1,0|0|1|2|3,0|1|0|2|0,0,10,3.943512,0.001164,10,3.943341,0.000930
4,5,9,1,0|0|1|2|0,0|1|0|3|2,0,10,3.943072,0.001058,10,3.943210,0.001206
4,5,9,1,0|0|1|2|1,0|1|0|3|1,0,10,3.942425,0.001163,10,3.942526,0.001139
4,5,9,1,0|0|1|2|2,0|1|0|3|0,0,10,3.938192,0.000635,10,3.938348,0.000919
4,5,9,1,0|0|1|2|0,0|1|0|4|1,0,10,3.930591,0.000868,10,3.929897,0.000950
4,5,9,1,0|0|1|2|1,0|1|0|4|0,0,10,3.924723,0.000392,10,3.924268,0.000679
4,5,9,1,0|0|1|2|0,0|1|0|5|0,0,10,3.879700,0.000677,10,3.880004,0.000859
4,5,9,1,0|0|1|3|0,0|1|0|0|4,0,10,3.946123,0.001119,10,3.946492,0.000969
4,5,9,1,0|0|1|3|1,0|1|0|0|3,0,10,3.947369,0.001062,10,3.947129,0.001747
4,5,9,1,0|0|1|3|2,0|1|0|0|2,0,10,3.945928,0.001443,10,3.945696,0.001133
4,5,9,1,0|0|1|3|3,0|1|0|0|1,0,10,3.944570,0.001298,10,3.943093,0.001090
4,5,9,1,0|0|1|3|4,0|1|0|0|0,0,10,3.940996,0.000668,10,3.941304,0.000930
4,5,9,1,0|0|1|3|0,0|1|0|1|3,0,10,3.945748,0.001085,10,3.945686,0.001296
4,5,9,1,0|0|1|3|1,0|1|0|1|2,0,10,3.946327,0.000630,10,3.946647,0.000926
4,5,9,1,0|0|1|3|2,0|1|0|1|1,0,10,3.944312,0.001347,10,3.944881,0.000867
4,5,9,1,0|0|1|3|3,0|1|0|1|0,0,10,3.941752,0.000905,10,3.941564,0.001214
4,5,9,1,0|0|1|3|0,0|1|0|2|2,0,10,3.942475,0.001305,10,3.942103,0.001615
4,5,9,1,0|0|1|3|1,0|1|0|2|1,0,10,3.941769,0.001292,10,3.941837,0.000996
4,5,9,1,0|0|1|3|2,0|1|0|2|0,0,10,3.936208,0.001046,10,3.936332,0.001492
4,5,9,1,0|0|1|3|0,0|1|0|3|1,0,10,3.929160,0.000698,10,3.929471,0.000729
4,5,9,1,0|0|1|3|1,0|1|0|3|0,0,10,3.923303,0.000648,10,3.923328,0.001001
4,5,9,1,0|0|1|3|0,0|1|0|4|0,0,10,3.878718,0.000766,10,3.879519,0.000434
4,5,9,1,0|0|1|4|0,0|1|0|0|3,0,10,3.944503,0.001119,10,3.944065,0.001014
4,5,9,1,0|0|1|4|1,0|1|0|0|2,0,10,3.944547,0.001236,10,3.945822,0.001132
4,5,9,1,0|0|1|4|2,0|1|0|0|1,0,10,3.942788,0.000814,10,3.943445,0.001184
4,5,9,1,0|0|1|4|3,0|1|0|0|0,0,10,3.937901,0.001299,10,3.938321,0.000824
4,5,9,1,0|0|1|4|0,0|1|0|1|2,0,10,3.941043,0.000971,10,3.941682,0.000841
4,5,9,1,0|0|1|4|1,0|1|0|1|1,0,10,3.940800,0.000997,10,3.940282,0.000978
4,5,9,1,0|0|1|4|2,0|1|0|1|0,0,10,3.934316,0.000575,10,3.934783,0.001280
4,5,9,1,0|0|1|4|0,0|1|0|2|1,0,10,3.928037,0.001229,10,3.928199,0.000930
4,5,9,1,0|0|1|4|1,0|1|0|2|0,0,10,3.921819,0.001136,10,3.922343,0.000774
4,5,9,1,0|0|1|4|0,0|1|0|3|0,0,10,3.877955,0.000607,10,3.877761,0.000565
4,5,9,1,0|0|1|5|0,0|1|0|0|2,0,10,3.939012,0.000907,10,3.939216,0.000821
4,5,9,1,0|0|1|5|1,0|1|0|0|1,0,10,3.938768,0.000966,10,3.939232,0.000983
4,5,9,1,0|0|1|5|2,0|1|0|0|0,0,10,3.932119,0.000736,10,3.932061,0.000583
4,5,9,1,0|0|1|5|0,0|1|0|1|1,0,10,3.926669,0.001218,10,3.927074,0.000659
4,5,9,1,0|0|1|5|1,0|1|0|1|0,0,10,3.920465,0.001093,10,3.920297,0.000551
4,5,9,1,0|0|1|5|0,0|1|0|2|0,0,10,3.876675,0.000700,10,3.876404,0.000602
4,5,9,1,0|0|1|6|0,0|1|0|0|1,0,10,3.925124,0.000784,10,3.925365,0.000754
4,5,9,1,0|0|1|6|1,0|1|0|0|0,0,10,3.918408,0.000759,10,3.918229,0.000624
4,5,9,1,0|0|1|6|0,0|1|0|1|0,0,10,3.874904,0.000487,10,3.874389,0.000681
4,5,9,1,0|0|1|7|0,0|1|0|0|0,0,10,3.872070,0.000495,10,3.872375,0.000749
4,5,9,1,0|0|1|0|0,0|1|1|0|6,0,10,3.927535,0.001178,10,3.927257,0.001036
4,5,9,1,0|0|1|0|1,0|1|1|0|5,0,10,3.927799,0.001516,10,3.927977,0.001424
4,5,9,1,0|0|1|0|2,0|1|1|0|4,0,10,3.928339,0.001689,10,3.927790,0.001509
4,5,9,1,0|0|1|0|3,0|1|1|0|3,0,10,3.927225,0.001243,10,3.927411,0.001403
4,5,9,1,0|0|1|0|4,0|1|1|0|2,0,10,3.927293,0.000756,10,3.927079,0.000976
4,5,9,1,0|0|1|0|5,0|1|1|0|1,0,10,3.926112,0.001728,10,3.925710,0.000794
4,5,9,1,0|0|1|0|6,0|1|1|0|0,0,10,3.924443,0.001339,10,3.924893,0.000558
4,5,9,1,0|0|1|0|0,0|1|1|1|5,0,10,3.945881,0.001191,10,3.945883,0.001167
4,5,9,1,0|0|1|0|1,0|1|1|1|4,0,10,3.946422,0.001092,10,3.946287,0.000820
4,5,9,1,0|0|1|0|2,0|1|1|1|3,0,10,3.946374,0.000931,10,3.945970,0.001156
4,5,9,1,0|0|1|0|3,0|1|1|1|2,0,10,3.945390,0.001484,10,3.945908,0.001063
4,5,9,1,0|0|1|0|4,0|1|1|1|1,0,10,3.945340,0.001537,10,3.944789,0.001303
4,5,9,1,0|0|1|0|5,0|1|1|1|0,0,10,3.944405,0.001003,10,3.943599,0.001381
4,5,9,1,0|0|1|0|0,0|1|1|2|4,0,10,3.948722,0.001121,10,3.948841,0.001330
4,5,9,1,0|0|1|0|1,0|1|1|2|3,0,10,3.949149,0.001241,10,3.949587,0.000848
4,5,9,1,0|0|1|0|2,0|1|1|2|2,0,10,3.949307,0.000997,10,3.949597,0.001179
4,5,9,1,0|0|1|0|3,0|1|1|2|1,0,10,3.948523,0.001358,10,3.948322,0.001595
4,5,9,1,0|0|1|0|4,0|1|1|2|0,0,10,3.946601,0.000845,10,3.946795,0.001654
4,5,9,1,0|0|1|0|0,0|1|1|3|3,0,10,3.949133,0.001057,10,3.948941,0.000880
4,5,9,1,0|0|1|0|1,0|1|1|3|2,0,10,3.949938,0.000657,10,3.949734,0.001194
4,5,9,1,0|0|1|0|2,0|1|1|3|1,0,10,3.948326,0.001198,10,3.948755,0.000836
4,5,9,1,0|0|1|0|3,0|1|1|3|0,0,10,3.945635,0.001173,10,3.945448,0.000764
4,5,9,1,0|0|1|0|0,0|1|1|4|2,0,10,3.945754,0.001247,10,3.946202,0.000839
4,5,9,1,0|0|1|0|1,0|1|1|4|1,0,10,3.946430,0.001324,10,3.946188,0.000401
4,5,9,1,0|0|1|0|2,0|1|1|4|0,0,10,3.942038,0.000818,10,3.941583,0.001107
4,5,9,1,0|0|1|0|0,0|1|1|5|1,0,10,3.936233,0.001249,10,3.935832,0.000789
4,5,9,1,0|0|1|0|1,0|1|1|5|0,0,10,3.931755,0.000562,10,3.931208,0.000518
4,5,9,1,0|0|1|0|0,0|1|1|6|0,0,10,3.892381,0.000699,10,3.892727,0.000670
4,5,9,1,0|0|1|1|0,0|1|1|0|5,0,10,3.942860,0.001344,10,3.942563,0.000953
4,5,9,1,0|0|1|1|1,0|1|1|0|4,0,10,3.943116,0.001788,10,3.943327,0.001148
4,5,9,1,0|0|1|1|2,0|1|1|0|3,0,10,3.943081,0.001139,10,3.942603,0.001114
4,5,9,1,0|0|1|1|3,0|1|1|0|2,0,10,3.941692,0.001138,10,3.942169,0.001080
4,5,9,1,0|0|1|1|4,0|1|1|0|1,0,10,3.941004,0.001771,10,3.939772,0.001386
4,5,9,1,0|0|1|1|5,0|1|1|0|0,0,10,3.939293,0.000957,10,3.939412,0.001205
4,5,9,1,0|0|1|1|0,0|1|1|1|4,0,10,3.948914,0.000735,10,3.948624,0.000805
4,5,9,1,0|0|1|1|1,0|1|1|1|3,0,10,3.949053,0.001330,10,3.949438,0.000904
4,5,9,1,0|0|1|1|2,0|1|1|1|2,0,10,3.948514,0.001152,10,3.948003,0.001343
4,5,9,1,0|0|1|1|3,0|1|1|1|1,0,10,3.947137,0.001156,10,3.948071,0.001205
4,5,9,1,0|0|1|1|4,0|1|1|1|0,0,10,3.946284,0.001013,10,3.945892,0.001379
4,5,9,1,0|0|1|1|0,0|1|1|2|3,0,10,3.949217,0.000962,10,3.949630,0.000745
4,5,9,1,0|0|1|1|1,0|1|1|2|2,0,10,3.950178,0.001055,10,3.949544,0.001304
4,5,9,1,0|0|1|1|2,0|1|1|2|1,0,10,3.948292,0.000847,10,3.947791,0.000793
4,5,9,1,0|0|1|1|3,0|1|1|2|0,0,10,3.946308,0.001048,10,3.945779,0.000963
4,5,9,1,0|0|1|1|0,0|1|1|3|2,0,10,3.946368,0.000641,10,3.946498,0.000804
4,5,9,1,0|0|1|1|1,0|1|1|3|1,0,10,3.946105,0.000922,10,3.946199,0.000589
4,5,9,1,0|0|1|1|2,0|1|1|3|0,0,10,3.942155,0.000999,10,3.942142,0.001376
4,5,9,1,0|0|1|1|0,0|1|1|4|1,0,10,3.935837,0.001107,10,3.936008,0.001274
4,5,9,1,0|0|1|1|1,0|1|1|4|0,0,10,3.931478,0.001161,10,3.931118,0.000410
4,5,9,1,0|0|1|1|0,0|1|1|5|0,0,10,3.893595,0.000710,10,3.893607,0.000673
4,5,9,1,0|0|1|2|0,0|1|1|0|4,0,10,3.945960,0.001301,10,3.945278,0.001371
4,5,9,1,0|0|1|2|1,0|1|1|0|3,0,10,3.946233,0.001134,10,3.946660,0.000727
4,5,9,1,0|0|1|2|2,0|1|1|0|2,0,10,3.945301,0.000994,10,3.945643,0.001145
4,5,9,1,0|0|1|2|3,0|1|1|0|1,0,10,3.943959,0.001427,10,3.943682,0.000986
4,5,9,1,0|0|1|2|4,0|1|1|0|0,0,10,3.940663,0.000635,10,3.940273,0.001553
4,5,9,1,0|0|1|2|0,0|1|1|1|3,0,10,3.947985,0.001302,10,3.947508,0.001096
4,5,9,1,0|0|1|2|1,0|1|1|1|2,0,10,3.948335,0.000965,10,3.947702,0.001277
4,5,9,1,0|0|1|2|2,0|1|1|1|1,0,10,3.947092,0.001300,10,3.946576,0.001024
4,5,9,1,0|0|1|2|3,0|1|1|1|0,0,10,3.943295,0.001168,10,3.943293,0.001224
4,5,9,1,0|0|1|2|0,0|1|1|2|2,0,10,3.944695,0.001002,10,3.944404,0.001390
4,5,9,1,0|0|1|2|1,0|1|1|2|1,0,10,3.944027,0.000767,10,3.944798,0.000925
4,5,9,1,0|0|1|2|2,0|1|1|2|0,0,10,3.940502,0.000917,10,3.940398,0.001092
4,5,9,1,0|0|1|2|0,0|1|1|3|1,0,10,3.933887,0.000884,10,3.935088,0.001068
4,5,9,1,0|0|1|2|1,0|1|1|3|0,0,10,3.929550,0.001099,10,3.930017,0.000902
4,5,9,1,0|0|1|2|0,0|1|1|4|0,0,10,3.892803,0.001037,10,3.892332,0.000791
4,5,9,1,0|0|1|3|0,0|1|1|0|3,0,10,3.944838,0.000749,10,3.945513,0.001069
4,5,9,1,0|0|1|3|1,0|1|1|0|2,0,10,3.945723,0.001207,10,3.945211,0.000888
4,5,9,1,0|0|1|3|2,0|1|1|0|1,0,10,3.943352,0.000991,10,3.943237,0.000716
4,5,9,1,0|0|1|3|3,0|1|1|0|0,0,10,3.939306,0.000669,10,3.938523,0.001034
4,5,9,1,0|0|1|3|0,0|1|1|1|2,0,10,3.943950,0.001182,10,3.943591,0.001260
4,5,9,1,0|0|1|3|1,0|1|1|1|1,0,10,3.942938,0.001136,10,3.943250,0.001374
4,5,9,1,0|0|1|3|2,0|1|1|1|0,0,10,3.937831,0.001006,10,3.938255,0.000880
4,5,9,1,0|0|1|3|0,0|1|1|2|1,0,10,3.933944,0.001107,10,3.933580,0.001029
4,5,9,1,0|0|1|3|1,0|1|1|2|0,0,10,3.928512,0.001005,10,3.927796,0.000863
4,5,9,1,0|0|1|3|0,0|1|1|3|0,0,10,3.890895,0.000600,10,3.891158,0.000774
4,5,9,1,0|0|1|4|0,0|1|1|0|2,0,10,3.940396,0.001248,10,3.941545,0.001045
4,5,9,1,0|0|1|4|1,0|1|1|0|1,0,10,3.940733,0.001126,10,3.941381,0.000845
4,5,9,1,0|0|1|4|2,0|1|1|0|0,0,10,3.933969,0.000817,10,3.933925,0.001095
4,5,9,1,0|0|1|4|0,0|1|1|1|1,0,10,3.931985,0.000953,10,3.931981,0.000909
4,5,9,1,0|0|1|4|1,0|1|1|1|0,0,10,3.926267,0.000863,10,3.926176,0.000827
4,5,9,1,0|0|1|4|0,0|1|1|2|0,0,10,3.889625,0.000823,10,3.889587,0.000533
4,5,9,1,0|0|1|5|0,0|1|1|0|1,0,10,3.929253,0.000725,10,3.929045,0.000794
4,5,9,1,0|0|1|5|1,0|1|1|0|0,0,10,3.923112,0.000873,10,3.922658,0.000732
4,5,9,1,0|0|1|5|0,0|1|1|1|0,0,10,3.887719,0.000345,10,3.887151,0.000687
4,5,9,1,0|0|1|6|0,0|1|1|0|0,0,10,3.883180,0.000487,10,3.883310,0.000762
4,5,9,1,0|0|1|0|0,0|1|2|0|5,0,10,3.924021,0.000998,10,3.924363,0.001314
4,5,9,1,0|0|1|0|1,0|1|2|0|4,0,10,3.925176,0.001042,10,3.924866,0.001468
4,5,9,1,0|0|1|0|2,0|1|2|0|3,0,10,3.924729,0.001150,10,3.924260,0.001199
4,5,9,1,0|0|1|0|3,0|1|2|0|2,0,10,3.924181,0.001253,10,3.923897,0.001510
4,5,9,1,0|0|1|0|4,0|1|2|0|1,0,10,3.922132,0.000978,10,3.922468,0.000795
4,5,9,1,0|0|1|0|5,0|1|2|0|0,0,10,3.919408,0.000943,10,3.919369,0.001084
4,5,9,1,0|0|1|0|0,0|1|2|1|4,0,10,3.943475,0.001204,10,3.942858,0.001393
4,5,9,1,0|0|1|0|1,0|1|2|1|3,0,10,3.944045,0.001208,10,3.943868,0.001033
4,5,9,1,0|0|1|0|2,0|1|2|1|2,0,10,3.942563,0.001242,10,3.942628,0.001466
4,5,9,1,0|0|1|0|3,0|1|2|1|1,0,10,3.942038,0.000933,10,3.942983,0.001331
4,5,9,1,0|0|1|0|4,0|1|2|1|0,0,10,3.940589,0.001211,10,3.940792,0.000787
4,5,9,1,0|0|1|0|0,0|1|2|2|3,0,10,3.946264,0.000860,10,3.946691,0.001566
4,5,9,1,0|0|1|0|1,0|1|2|2|2,0,10,3.945964,0.001151,10,3.946050,0.001658
4,5,9,1,0|0|1|0|2,0|1|2|2|1,0,10,3.945452,0.000902,10,3.945714,0.001070
4,5,9,1,0|0|1|0|3,0|1|2|2|0,0,10,3.942076,0.000852,10,3.941875,0.001147
4,5,9,1,0|0|1|0|0,0|1|2|3|2,0,10,3.943195,0.001091,10,3.943031,0.001340
4,5,9,1,0|0|1|0|1,0|1|2|3|1,0,10,3.943047,0.001111,10,3.943013,0.001451
4,5,9,1,0|0|1|0|2,0|1|2|3|0,0,10,3.938220,0.001228,10,3.938717,0.001406
4,5,9,1,0|0|1|0|0,0|1|2|4|1,0,10,3.933461,0.000752,10,3.932949,0.000609
4,5,9,1,0|0|1|0|1,0|1|2|4|0,0,10,3.928041,0.000761,10,3.927348,0.000807
4,5,9,1,0|0|1|0|0,0|1|2|5|0,0,10,3.887738,0.000501,10,3.888053,0.000682
4,5,9,1,0|0|1|1|0,0|1|2|0|4,0,10,3.940190,0.001524,10,3.939748,0.001221
4,5,9,1,0|0|1|1|1,0|1|2|0|3,0,10,3.940299,0.001842,10,3.940653,0.001486
4,5,9,1,0|0|1|1|2,0|1|2|0|2,0,10,3.938535,0.000975,10,3.938480,0.001293
4,5,9,1,0|0|1|1|3,0|1|2|0|1,0,10,3.936726,0.001372,10,3.937065,0.001236
4,5,9,1,0|0|1|1|4,0|1|2|0|0,0,10,3.933457,0.001003,10,3.933721,0.001048
4,5,9,1,0|0|1|1|0,0|1|2|1|3,0,10,3.944708,0.001360,10,3.945393,0.001130
4,5,9,1,0|0|1|1|1,0|1|2|1|2,0,10,3.946229,0.000983,10,3.944816,0.001488
4,5,9,1,0|0|1|1|2,0|1|2|1|1,0,10,3.943776,0.001078,10,3.943759,0.001158
4,5,9,1,0|0|1|1|3,0|1|2|1|0,0,10,3.939768,0.001711,10,3.940260,0.000927
4,5,9,1,0|0|1|1|0,0|1|2|2|2,0,10,3.943392,0.000600,10,3.943571,0.000809
4,5,9,1,0|0|1|1|1,0|1|2|2|1,0,10,3.943303,0.001117,10,3.943187,0.001481
4,5,9,1,0|0|1|1|2,0|1|2|2|0,0,10,3.937993,0.001056,10,3.938462,0.001157
4,5,9,1,0|0|1|1|0,0|1|2|3|1,0,10,3.932750,0.000808,10,3.933501,0.000694
4,5,9,1,0|0|1|1|1,0|1|2|3|0,0,10,3.927962,0.000486,10,3.927593,0.000966
4,5,9,1,0|0|1|1|0,0|1|2|4|0,0,10,3.889148,0.000680,10,3.889134,0.000855
4,5,9,1,0|0|1|2|0,0|1|2|0|3,0,10,3.940857,0.000796,10,3.941193,0.000798
4,5,9,1,0|0|1|2|1,0|1|2|0|2,0,10,3.940705,0.001008,10,3.941017,0.000643
4,5,9,1,0|0|1|2|2,0|1|2|0|1,0,10,3.937783,0.001107,10,3.938699,0.000538
4,5,9,1,0|0|1|2|3,0|1|2|0|0,0,10,3.933659,0.001219,10,3.932977,0.000916
4,5,9,1,0|0|1|2|0,0|1|2|1|2,0,10,3.941160,0.001182,10,3.941734,0.000863
4,5,9,1,0|0|1|2|1,0|1|2|1|1,0,10,3.939944,0.000654,10,3.939983,0.001074
4,5,9,1,0|0|1|2|2,0|1|2|1|0,0,10,3.934671,0.001009,10,3.934584,0.000963
4,5,9,1,0|0|1|2|0,0|1|2|2|1,0,10,3.931119,0.000841,10,3.931110,0.001020
4,5,9,1,0|0|1|2|1,0|1|2|2|0,0,10,3.925407,0.000657,10,3.925239,0.000883
4,5,9,1,0|0|1|2|0,0|1|2|3|0,0,10,3.887724,0.000775,10,3.887154,0.000746
4,5,9,1,0|0|1|3|0,0|1|2|0|2,0,10,3.936588,0.000681,10,3.937196,0.001540
4,5,9,1,0|0|1|3|1,0|1|2|0|1,0,10,3.936431,0.000708,10,3.935906,0.000668
4,5,9,1,0|0|1|3|2,0|1|2|0|0,0,10,3.928713,0.001139,10,3.928165,0.000734
4,5,9,1,0|0|1|3|0,0|1|2|1|1,0,10,3.928782,0.000979,10,3.928683,0.000781
4,5,9,1,0|0|1|3|1,0|1|2|1|0,0,10,3.922027,0.000780,10,3.922366,0.000877
4,5,9,1,0|0|1|3|0,0|1|2|2|0,0,10,3.884673,0.000726,10,3.884370,0.000575
4,5,9,1,0|0|1|4|0,0|1|2|0|1,0,10,3.924148,0.000627,10,3.924122,0.000929
4,5,9,1,0|0|1|4|1,0|1|2|0|0,0,10,3.917076,0.000873,10,3.916804,0.000847
4,5,9,1,0|0|1|4|0,0|1|2|1|0,0,10,3.881442,0.000665,10,3.881401,0.000862
4,5,9,1,0|0|1|5|0,0|1|2|0|0,0,10,3.875315,0.000800,10,3.875369,0.000305
4,5,9,1,0|0|1|0|0,0|1|3|0|4,0,10,3.918112,0.000704,10,3.918222,0.001070
4,5,9,1,0|0|1|0|1,0|1|3|0|3,0,10,3.919215,0.001150,10,3.919323,0.001287
4,5,9,1,0|0|1|0|2,0|1|3|0|2,0,10,3.917792,0.001116,10,3.917698,0.001505
4,5,9,1,0|0|1|0|3,0|1|3|0|1,0,10,3.914278,0.000719,10,3.914518,0.000879
4,5,9,1,0|0|1|0|4,0|1|3|0|0,0,10,3.908329,0.000718,10,3.908239,0.000891
4,5,9,1,0|0|1|0|0,0|1|3|1|3,0,10,3.937900,0.001080,10,3.938196,0.001661
4,5,9,1,0|0|1|0|1,0|1|3|1|2,0,10,3.938642,0.000845,10,3.937954,0.001115
4,5,9,1,0|0|1|0|2,0|1|3|1|1,0,10,3.936061,0.001510,10,3.936916,0.000915
4,5,9,1,0|0|1|0|3,0|1|3|1|0,0,10,3.931123,0.001233,10,3.931286,0.001155
4,5,9,1,0|0|1|0|0,0|1|3|2|2,0,10,3.937386,0.001239,10,3.937350,0.000698
4,5,9,1,0|0|1|0|1,0|1|3|2|1,0,10,3.937290,0.000731,10,3.936980,0.000952
4,5,9,1,0|0|1|0|2,0|1|3|2|0,0,10,3.931111,0.000908,10,3.930922,0.000776
4,5,9,1,0|0|1|0|0,0|1|3|3|1,0,10,3.926561,0.000774,10,3.925948,0.000786
4,5,9,1,0|0|1|0|1,0|1|3|3|0,0,10,3.920826,0.000605,10,3.920249,0.001056
4,5,9,1,0|0|1|0|0,0|1|3|4|0,0,10,3.877212,0.000441,10,3.877172,0.000754
4,5,9,1,0|0|1|1|0,0|1|3|0|3,0,10,3.932636,0.001017,10,3.932568,0.000861
4,5,9,1,0|0|1|1|1,0|1|3|0|2,0,10,3.931971,0.001627,10,3.932224,0.001481
4,5,9,1,0|0|1|1|2,0|1|3|0|1,0,10,3.929381,0.001402,10,3.929123,0.000991
4,5,9,1,0|0|1|1|3,0|1|3|0|0,0,10,3.922598,0.000715,10,3.922102,0.000860
4,5,9,1,0|0|1|1|0,0|1|3|1|2,0,10,3.936170,0.000842,10,3.936086,0.001325
4,5,9,1,0|0|1|1|1,0|1|3|1|1,0,10,3.935532,0.001237,10,3.935164,0.000790
4,5,9,1,0|0|1|1|2,0|1|3|1|0,0,10,3.928795,0.000686,10,3.928694,0.001043
4,5,9,1,0|0|1|1|0,0|1|3|2|1,0,10,3.926018,0.000884,10,3.925670,0.001002
4,5,9,1,0|0|1|1|1,0|1|3|2|0,0,10,3.919527,0.000551,10,3.919538,0.000829
4,5,9,1,0|0|1|1|0,0|1|3|3|0,0,10,3.878020,0.000642,10,3.878122,0.000450
4,5,9,1,0|0|1|2|0,0|1|3|0|2,0,10,3.930299,0.000626,10,3.929636,0.000825
4,5,9,1,0|0|1|2|1,0|1|3|0|1,0,10,3.928068,0.000855,10,3.928296,0.000996
4,5,9,1,0|0|1|2|2,0|1|3|0|0,0,10,3.918342,0.000732,10,3.918237,0.000932
4,5,9,1,0|0|1|2|0,0|1|3|1|1,0,10,3.923227,0.001154,10,3.922562,0.001047
4,5,9,1,0|0|1|2|1,0|1|3|1|0,0,10,3.915228,0.000427,10,3.914956,0.000700
4,5,9,1,0|0|1|2|0,0|1|3|2|0,0,10,3.875163,0.000512,10,3.874915,0.000762
4,5,9,1,0|0|1|3|0,0|1|3|0|1,0,10,3.915895,0.000551,10,3.915931,0.001174
4,5,9,1,0|0|1|3|1,0|1|3|0|0,0,10,3.905651,0.000885,10,3.905631,0.001004
4,5,9,1,0|0|1|3|0,0|1|3|1|0,0,10,3.870128,0.000829,10,3.870356,0.000770
4,5,9,1,0|0|1|4|0,0|1|3|0|0,0,10,3.860729,0.000505,10,3.860917,0.000411
4,5,9,1,0|0|1|0|0,0|1|4|0|3,0,10,3.905232,0.001115,10,3.905513,0.000988
4,5,9,1,0|0|1|0|1,0|1|4|0|2,0,10,3.906811,0.001235,10,3.906351,0.000803
4,5,9,1,0|0|1|0|2,0|1|4|0|1,0,10,3.901454,0.001094,10,3.901640,0.000785
4,5,9,1,0|0|1|0|3,0|1|4|0|0,0,10,3.890070,0.001071,10,3.890031,0.000737
4,5,9,1,0|0|1|0|0,0|1|4|1|2,0,10,3.924741,0.001299,10,3.924403,0.001136
4,5,9,1,0|0|1|0|1,0|1|4|1|1,0,10,3.923413,0.000928,10,3.924103,0.001036
4,5,9,1,0|0|1|0|2,0|1|4|1|0,0,10,3.914426,0.000730,10,3.914985,0.000619
4,5,9,1,0|0|1|0|0,0|1|4|2|1,0,10,3.915133,0.000720,10,3.914709,0.000995
4,5,9,1,0|0|1|0|1,0|1|4|2|0,0,10,3.906372,0.000712,10,3.906287,0.000726
4,5,9,1,0|0|1|0|0,0|1|4|3|0,0,10,3.859558,0.000440,10,3.859474,0.000501
4,5,9,1,0|0|1|1|0,0|1|4|0|2,0,10,3.916771,0.000580,10,3.917058,0.000864
4,5,9,1,0|0|1|1|1,0|1|4|0|1,0,10,3.913710,0.000618,10,3.914515,0.000795
4,5,9,1,0|0|1|1|2,0|1|4|0|0,0,10,3.900905,0.000664,10,3.900522,0.000865
4,5,9,1,0|0|1|1|0,0|1|4|1|1,0,10,3.912555,0.001211,10,3.912276,0.001286
4,5,9,1,0|0|1|1|1,0|1|4|1|0,0,10,3.902672,0.000698,10,3.902575,0.000581
4,5,9,1,0|0|1|1|0,0|1|4|2|0,0,10,3.859805,0.000510,10,3.859614,0.000545
4,5,9,1,0|0|1|2|0,0|1|4|0|1,0,10,3.901981,0.000907,10,3.902278,0.000571
4,5,9,1,0|0|1|2|1,0|1|4|0|0,0,10,3.888719,0.000512,10,3.888630,0.000574
4,5,9,1,0|0|1|2|0,0|1|4|1|0,0,10,3.852869,0.000450,10,3.852641,0.000627
4,5,9,1,0|0|1|3|0,0|1|4|0|0,0,10,3.838880,0.000534,10,3.839171,0.000405
4,5,9,1,0|0|1|0|0,0|1|5|0|2,0,10,3.879170,0.000534,10,3.878988,0.000647
4,5,9,1,0|0|1|0|1,0|1|5|0|1,0,10,3.876199,0.000635,10,3.876089,0.000792
4,5,9,1,0|0|1|0|2,0|1|5|0|0,0,10,3.856462,0.000756,10,3.856644,0.000746
4,5,9,1,0|0|1|0|0,0|1|5|1|1,0,10,3.889869,0.000682,10,3.889930,0.000648
4,5,9,1,0|0|1|0|1,0|1|5|1|0,0,10,3.877513,0.000584,10,3.877449,0.000747
4,5,9,1,0|0|1|0|0,0|1|5|2|0,0,10,3.828730,0.000498,10,3.828895,0.000630
4,5,9,1,0|0|1|1|0,0|1|5|0|1,0,10,3.876338,0.000637,10,3.876314,0.000591
4,5,9,1,0|0|1|1|1,0|1|5|0|0,0,10,3.858028,0.000593,10,3.857812,0.000428
4,5,9,1,0|0|1|1|0,0|1|5|1|0,0,10,3.824333,0.000620,10,3.824526,0.000439
4,5,9,1,0|0|1|2|0,0|1|5|0|0,0,10,3.804263,0.000536,10,3.804279,0.000562
4,5,9,1,0|0|1|0|0,0|1|6|0|1,0,10,3.811088,0.000448,10,3.810829,0.000709
4,5,9,1,0|0|1|0|1,0|1|6|0|0,0,10,3.786183,0.000626,10,3.786334,0.000489
4,5,9,1,0|0|1|0|0,0|1|6|1|0,0,10,3.767010,0.000441,10,3.767084,0.000290
4,5,9,1,0|0|1|1|0,0|1|6|0|0,0,10,3.741826,0.000283,10,3.742146,0.000479
4,5,9,1,0|0|1|0|0,0|1|7|0|0,0,10,3.582155,0.000528,10,3.581971,0.000450
4,5,9,1,0|0|2|0|0,0|1|0|0|6,0,10,3.926067,0.000821,10,3.926455,0.000941
4,5,9,1,0|0|2|0|1,0|1|0|0|5,0,10,3.926584,0.001209,10,3.927462,0.000322
4,5,9,1,0|0|2|0|2,0|1|0|0|4,0,10,3.926978,0.000902,10,3.926761,0.000788
4,5,9,1,0|0|2|0|3,0|1|0|0|3,0,10,3.926083,0.001802,10,3.926209,0.000996
4,5,9,1,0|0|2|0|4,0|1|0|0|2,0,10,3.925377,0.000959,10,3.925543,0.001081
4,5,9,1,0|0|2|0|5,0|1|0|0|1,0,10,3.924272,0.001110,10,3.924196,0.001116
4,5,9,1,0|0|2|0|6,0|1|0|0|0,0,10,3.922484,0.001416,10,3.923249,0.001172
4,5,9,1,0|0|2|0|0,0|1|0|1|5,0,10,3.945150,0.001098,10,3.945126,0.001111
4,5,9,1,0|0|2|0|1,0|1|0|1|4,0,10,3.945297,0.001247,10,3.945583,0.001551
4,5,9,1,0|0|2|0|2,0|1|0|1|3,0,10,3.945841,0.001244,10,3.945347,0.001561
4,5,9,1,0|0|2|0|3,0|1|0|1|2,0,10,3.944682,0.001710,10,3.945044,0.000911
4,5,9,1,0|0|2|0|4,0|1|0|1|1,0,10,3.943667,0.001559,10,3.944603,0.000909
4,5,9,1,0|0|2|0|5,0|1|0|1|0,0,10,3.942553,0.000821,10,3.943248,0.001129
4,5,9,1,0|0|2|0|0,0|1|0|2|4,0,10,3.947672,0.001436,10,3.948599,0.001299
4,5,9,1,0|0|2|0|1,0|1|0|2|3,0,10,3.948329,0.001442,10,3.948566,0.000692
4,5,9,1,0|0|2|0|2,0|1|0|2|2,0,10,3.948826,0.001534,10,3.948529,0.001111
4,5,9,1,0|0|2|0|3,0|1|0|2|1,0,10,3.947327,0.000896,10,3.947241,0.001362
4,5,9,1,0|0|2|0|4,0|1|0|2|0,0,10,3.945471,0.000876,10,3.945276,0.001149
4,5,9,1,0|0|2|0|0,0|1|0|3|3,0,10,3.948274,0.001287,10,3.948208,0.000973
4,5,9,1,0|0|2|0|1,0|1|0|3|2,0,10,3.948398,0.000899,10,3.948605,0.001138
4,5,9,1,0|0|2|0|2,0|1|0|3|1,0,10,3.947609,0.001477,10,3.947252,0.001068
4,5,9,1,0|0|2|0|3,0|1|0|3|0,0,10,3.943973,0.000819,10,3.945041,0.001519
4,5,9,1,0|0|2|0|0,0|1|0|4|2,0,10,3.944097,0.000965,10,3.944664,0.000784
4,5,9,1,0|0|2|0|1,0|1|0|4|1,0,10,3.944574,0.000930,10,3.944768,0.000727
4,5,9,1,0|0|2|0|2,0|1|0|4|0,0,10,3.940410,0.001023,10,3.940617,0.001109
4,5,9,1,0|0|2|0|0,0|1|0|5|1,0,10,3.934158,0.001327,10,3.933630,0.001077
4,5,9,1,0|0|2|0|1,0|1|0|5|0,0,10,3.928736,0.000785,10,3.928893,0.000611
4,5,9,1,0|0|2|0|0,0|1|0|6|0,0,10,3.888658,0.001014,10,3.888908,0.000650
4,5,9,1,0|0|2|1|0,0|1|0|0|5,0,10,3.941090,0.001169,10,3.941845,0.001318
4,5,9,1,0|0|2|1|1,0|1|0|0|4,0,10,3.941877,0.001175,10,3.941878,0.001226
4,5,9,1,0|0|2|1|2,0|1|0|0|3,0,10,3.941213,0.000728,10,3.941822,0.001275
4,5,9,1,0|0|2|1|3,0|1|0|0|2,0,10,3.940103,0.000978,10,3.940773,0.001090
4,5,9,1,0|0|2|1|4,0|1|0|0|1,0,10,3.938822,0.001124,10,3.939194,0.001575
4,5,9,1,0|0|2|1|5,0|1|0|0|0,0,10,3.936998,0.001139,10,3.937914,0.001300
4,5,9,1,0|0|2|1|0,0|1|0|1|4,0,10,3.947873,0.001005,10,3.948146,0.001460
4,5,9,1,0|0|2|1|1,0|1|0|1|3,0,10,3.948063,0.001063,10,3.948186,0.001071
4,5,9,1,0|0|2|1|2,0|1|0|1|2,0,10,3.947437,0.001471,10,3.948140,0.001100
4,5,9,1,0|0|2|1|3,0|1|0|1|1,0,10,3.946796,0.001664,10,3.946358,0.000995
4,5,9,1,0|0|2|1|4,0|1|0|1|0,0,10,3.944463,0.000911,10,3.944937,0.000974
4,5,9,1,0|0|2|1|0,0|1|0|2|3,0,10,3.947688,0.001392,10,3.947264,0.001351
4,5,9,1,0|0|2|1|1,0|1|0|2|2,0,10,3.948902,0.000930,10,3.948416,0.001379
4,5,9,1,0|0|2|1|2,0|1|0|2|1,0,10,3.946982,0.001404,10,3.946831,0.000902
4,5,9,1,0|0|2|1|3,0|1|0|2|0,0,10,3.944107,0.000781,10,3.943372,0.001218
4,5,9,1,0|0|2|1|0,0|1|0|3|2,0,10,3.944128,0.000925,10,3.945121,0.001035
4,5,9,1,0|0|2|1|1,0|1|0|3|1,0,10,3.945074,0.001536,10,3.944476,0.001562
4,5,9,1,0|0|2|1|2,0|1|0|3|0,0,10,3.940627,0.001049,10,3.940723,0.000921
4,5,9,1,0|0|2|1|0,0|1|0|4|1,0,10,3.934286,0.000727,10,3.934516,0.000889
4,5,9,1,0|0|2|1|1,0|1|0|4|0,0,10,3.928938,0.000717,10,3.928723,0.001380
4,5,9,1,0|0|2|1|0,0|1|0|5|0,0,10,3.890202,0.000715,10,3.890155,0.000711
4,5,9,1,0|0|2|2|0,0|1|0|0|4,0,10,3.944161,0.001574,10,3.944625,0.001542
4,5,9,1,0|0|2|2|1,0|1|0|0|3,0,10,3.944294,0.001305,10,3.944508,0.001105
4,5,9,1,0|0|2|2|2,0|1|0|0|2,0,10,3.942973,0.001376,10,3.942751,0.001222
4,5,9,1,0|0|2|2|3,0|1|0|0|1,0,10,3.941309,0.000727,10,3.941364,0.001008
4,5,9,1,0|0|2|2|4,0|1|0|0|0,0,10,3.938113,0.001097,10,3.938271,0.001279
4,5,9,1,0|0|2|2|0,0|1|0|1|3,0,10,3.946116,0.001180,10,3.946266,0.001167
4,5,9,1,0|0|2|2|1,0|1|0|1|2,0,10,3.946306,0.001378,10,3.947078,0.001203
4,5,9,1,0|0|2|2|2,0|1|0|1|1,0,10,3.944809,0.001155,10,3.944783,0.001210
4,5,9,1,0|0|2|2|3,0|1|0|1|0,0,10,3.941114,0.000844,10,3.941284,0.001220
4,5,9,1,0|0|2|2|0,0|1|0|2|2,0,10,3.943628,0.001032,10,3.943340,0.000878
4,5,9,1,0|0|2|2|1,0|1|0|2|1,0,10,3.943495,0.000845,10,3.942541,0.000934
4,5,9,1,0|0|2|2|2,0|1|0|2|0,0,10,3.937948,0.001035,10,3.937771,0.000389
4,5,9,1,0|0|2|2|0,0|1|0|3|1,0,10,3.932481,0.000922,10,3.932837,0.000762
4,5,9,1,0|0|2|2|1,0|1|0|3|0,0,10,3.926877,0.000720,10,3.927233,0.000958
4,5,9,1,0|0|2|2|0,0|1|0|4|0,0,10,3.888157,0.000537,10,3.888547,0.000579
4,5,9,1,0|0|2|3|0,0|1|0|0|3,0,10,3.943390,0.000883,10,3.942669,0.000912
4,5,9,1,0|0|2|3|1,0|1|0|0|2,0,10,3.943241,0.000868,10,3.943384,0.000781
4,5,9,1,0|0|2|3|2,0|1|0|0|1,0,10,3.940814,0.001268,10,3.941063,0.001216
4,5,9,1,0|0|2|3|3,0|1|0|0|0,0,10,3.935265,0.000939,10,3.935381,0.001043
4,5,9,1,0|0|2|3|0,0|1|0|1|2,0,10,3.942048,0.000853,10,3.941441,0.001104
4,5,9,1,0|0|2|3|1,0|1|0|1|1,0,10,3.941614,0.000436,10,3.941295,0.000820
4,5,9,1,0|0|2|3|2,0|1|0|1|0,0,10,3.934882,0.001140,10,3.934896,0.001012
4,5,9,1,0|0|2|3|0,0|1|0|2|1,0,10,3.930772,0.000737,10,3.930651,0.000517
4,5,9,1,0|0|2|3|1,0|1|0|2|0,0,10,3.924748,0.000647,10,3.924734,0.000949
4,5,9,1,0|0|2|3|0,0|1|0|3|0,0,10,3.886903,0.000597,10,3.886354,0.000651
4,5,9,1,0|0|2|4|0,0|1|0|0|2,0,10,3.937529,0.000745,10,3.937979,0.000960
4,5,9,1,0|0|2|4|1,0|1|0|0|1,0,10,3.938202,0.001202,10,3.937989,0.000875
4,5,9,1,0|0|2|4|2,0|1|0|0|0,0,10,3.930142,0.000821,10,3.930006,0.001099
4,5,9,1,0|0|2|4|0,0|1|0|1|1,0,10,3.928657,0.000740,10,3.928898,0.001142
4,5,9,1,0|0|2|4|1,0|1|0|1|0,0,10,3.922740,0.000903,10,3.922887,0.000800
4,5,9,1,0|0|2|4|0,0|1|0|2|0,0,10,3.884498,0.000771,10,3.884306,0.000972
4,5,9,1,0|0|2|5|0,0|1|0|0|1,0,10,3.925484,0.000850,10,3.925590,0.000709
4,5,9,1,0|0|2|5|1,0|1|0|0|0,0,10,3.918174,0.000971,10,3.918611,0.000907
4,5,9,1,0|0|2|5|0,0|1|0|1|0,0,10,3.882063,0.000787,10,3.881506,0.000942
4,5,9,1,0|0|2|6|0,0|1|0|0|0,0,10,3.876782,0.000678,10,3.876867,0.001034
4,5,9,1,0|0|2|0|0,0|1|1|0|5,0,10,3.923913,0.000571,10,3.923499,0.001430
4,5,9,1,0|0|2|0|1,0|1|1|0|4,0,10,3.924517,0.002052,10,3.925103,0.001041
4,5,9,1,0|0|2|0|2,0|1|1|0|3,0,10,3.923839,0.001218,10,3.925042,0.000966
4,5,9,1,0|0|2|0|3,0|1|1|0|2,0,10,3.923054,0.001020,10,3.923517,0.001347
4,5,9,1,0|0|2|0|4,0|1|1|0|1,0,10,3.920988,0.000991,10,3.920779,0.000830
4,5,9,1,0|0|2|0|5,0|1|1|0|0,0,10,3.917890,0.001050,10,3.917626,0.000495
4,5,9,1,0|0|2|0|0,0|1|1|1|4,0,10,3.942739,0.001269,10,3.943218,0.001189
4,5,9,1,0|0|2|0|1,0|1|1|1|3,0,10,3.942917,0.001367,10,3.943636,0.001127
4,5,9,1,0|0|2|0|2,0|1|1|1|2,0,10,3.942785,0.001412,10,3.942898,0.001152
4,5,9,1,0|0|2|0|3,0|1|1|1|1,0,10,3.940825,0.001221,10,3.941456,0.001113
4,5,9,1,0|0|2|0|4,0|1|1|1|0,0,10,3.938649,0.001684,10,3.938238,0.001528
4,5,9,1,0|0|2|0|0,0|1|1|2|3,0,10,3.945171,0.001003,10,3.945281,0.000961
4,5,9,1,0|0|2|0|1,0|1|1|2|2,0,10,3.945811,0.001384,10,3.945606,0.001383
4,5,9,1,0|0|2|0|2,0|1|1|2|1,0,10,3.943894,0.001070,10,3.944560,0.001360
4,5,9,1,0|0|2|0|3,0|1|1|2|0,0,10,3.940246,0.000560,10,3.940469,0.001556
4,5,9,1,0|0|2|0|0,0|1|1|3|2,0,10,3.942241,0.000606,10,3.942737,0.000854
4,5,9,1,0|0|2|0|1,0|1|1|3|1,0,10,3.941832,0.001259,10,3.942277,0.000734
4,5,9,1,0|0|2|0|2,0|1|1|3|0,0,10,3.937303,0.001125,10,3.937020,0.001245
4,5,9,1,0|0|2|0|0,0|1|1|4|1,0,10,3.932641,0.001031,10,3.931310,0.001246
4,5,9,1,0|0|2|0|1,0|1|1|4|0,0,10,3.926606,0.000594,10,3.926361,0.000906
4,5,9,1,0|0|2|0|0,0|1|1|5|0,0,10,3.885982,0.000939,10,3.886396,0.000380
4,5,9,1,0|0|2|1|0,0|1|1|0|4,0,10,3.938486,0.001273,10,3.938415,0.000817
4,5,9,1,0|0|2|1|1,0|1|1|0|3,0,10,3.939557,0.001129,10,3.939659,0.000913
4,5,9,1,0|0|2|1|2,0|1|1|0|2,0,10,3.937328,0.001265,10,3.937422,0.001035
4,5,9,1,0|0|2|1|3,0|1|1|0|1,0,10,3.935421,0.001206,10,3.935575,0.001728
4,5,9,1,0|0|2|1|4,0|1|1|0|0,0,10,3.932439,0.000840,10,3.932104,0.000611
4,5,9,1,0|0|2|1|0,0|1|1|1|3,0,10,3.944272,0.001275,10,3.945006,0.000784
4,5,9,1,0|0|2|1|1,0|1|1|1|2,0,10,3.944850,0.001294,10,3.944700,0.000915
4,5,9,1,0|0|2|1|2,0|1|1|1|1,0,10,3.942758,0.001383,10,3.942957,0.001229
4,5,9,1,0|0|2|1|3,0|1|1|1|0,0,10,3.939294,0.001058,10,3.939112,0.001269
4,5,9,1,0|0|2|1|0,0|1|1|2|2,0,10,3.941863,0.000767,10,3.941907,0.001245
4,5,9,1,0|0|2|1|1,0|1|1|2|1,0,10,3.941542,0.001119,10,3.941583,0.001494
4,5,9,1,0|0|2|1|2,0|1|1|2|0,0,10,3.937200,0.001243,10,3.936731,0.001491
4,5,9,1,0|0|2|1|0,0|1|1|3|1,0,10,3.931763,0.000806,10,3.931664,0.001102
4,5,9,1,0|0|2|1|1,0|1|1|3|0,0,10,3.926414,0.001137,10,3.926492,0.001112
4,5,9,1,0|0|2|1|0,0|1|1|4|0,0,10,3.887606,0.000590,10,3.887774,0.000527
4,5,9,1,0|0|2|2|0,0|1|1|0|3,0,10,3.939648,0.001013,10,3.939694,0.000523
4,5,9,1,0|0|2|2|1,0|1|1|0|2,0,10,3.940216,0.001342,10,3.939380,0.001438
4,5,9,1,0|0|2|2|2,0|1|1|0|1,0,10,3.936550,0.001128,10,3.936555,0.001377
4,5,9,1,0|0|2|2|3,0|1|1|0|0,0,10,3.931165,0.000738,10,3.930859,0.001012
4,5,9,1,0|0|2|2|0,0|1|1|1|2,0,10,3.939704,0.001118,10,3.939608,0.000898
4,5,9,1,0|0|2|2|1,0|1|1|1|1,0,10,3.938837,0.000684,10,3.938862,0.000672
4,5,9,1,0|0|2|2|2,0|1|1|1|0,0,10,3.932319,0.000949,10,3.932485,0.001315
4,5,9,1,0|0|2|2|0,0|1|1|2|1,0,10,3.929405,0.000903,10,3.929697,0.001008
4,5,9,1,0|0|2|2|1,0|1|1|2|0,0,10,3.923740,0.000872,10,3.923580,0.000949
4,5,9,1,0|0|2|2|0,0|1|1|3|0,0,10,3.885425,0.000312,10,3.884969,0.000481
4,5,9,1,0|0|2|3|0,0|1|1|0|2,0,10,3.935099,0.001330,10,3.935358,0.000778
4,5,9,1,0|0|2|3|1,0|1|1|0|1,0,10,3.934594,0.001026,10,3.934628,0.000714
4,5,9,1,0|0|2|3|2,0|1|1|0|0,0,10,3.925449,0.001169,10,3.925652,0.000789
4,5,9,1,0|0|2|3|0,0|1|1|1|1,0,10,3.926851,0.001115,10,3.926713,0.000795
4,5,9,1,0|0|2|3|1,0|1|1|1|0,0,10,3.919862,0.000949,10,3.920091,0.000746
4,5,9,1,0|0|2|3|0,0|1|1|2|0,0,10,3.882414,0.000794,10,3.882308,0.000743
4,5,9,1,0|0|2|4|0,0|1|1|0|1,0,10,3.921884,0.001371,10,3.921997,0.000787
4,5,9,1,0|0|2|4|1,0|1|1|0|0,0,10,3.914034,0.000866,10,3.913940,0.001291
4,5,9,1,0|0|2|4|0,0|1|1|1|0,0,10,3.878445,0.000567,10,3.878175,0.000615
4,5,9,1,0|0|2|5|0,0|1|1|0|0,0,10,3.871406,0.000527,10,3.871769,0.000607
4,5,9,1,0|0|2|0|0,0|1|2|0|4,0,10,3.917561,0.001345,10,3.917668,0.000656
4,5,9,1,0|0|2|0|1,0|1|2|0|3,0,10,3.918790,0.001342,10,3.918689,0.001279
4,5,9,1,0|0|2|0|2,0|1|2|0|2,0,10,3.917286,0.001223,10,3.916192,0.000855
4,5,9,1,0|0|2|0|3,0|1|2|0|1,0,10,3.913841,0.001056,10,3.913821,0.001237
4,5,9,1,0|0|2|0|4,0|1|2|0|0,0,10,3.906761,0.000667,10,3.907033,0.001161
4,5,9,1,0|0|2|0|0,0|1|2|1|3,0,10,3.936852,0.001677,10,3.936621,0.000358
4,5,9,1,0|0|2|0|1,0|1|2|1|2,0,10,3.937717,0.001013,10,3.937449,0.000441
4,5,9,1,0|0|2|0|2,0|1|2|1|1,0,10,3.935930,0.000344,10,3.935429,0.001109
4,5,9,1,0|0|2|0|3,0|1|2|1|0,0,10,3.929778,0.001599,10,3.930252,0.000785
4,5,9,1,0|0|2|0|0,0|1|2|2|2,0,10,3.936497,0.001073,10,3.936614,0.000759
4,5,9,1,0|0|2|0|1,0|1|2|2|1,0,10,3.935978,0.001525,10,3.936255,0.000936
4,5,9,1,0|0|2|0|2,0|1|2|2|0,0,10,3.929282,0.000732,10,3.929860,0.001088
4,5,9,1,0|0|2|0|0,0|1|2|3|1,0,10,3.925380,0.000911,10,3.925146,0.000945
4,5,9,1,0|0|2|0|1,0|1|2|3|0,0,10,3.919138,0.000793,10,3.918919,0.000742
4,5,9,1,0|0|2|0|0,0|1|2|4|0,0,10,3.875537,0.000429,10,3.875633,0.000312
4,5,9,1,0|0|2|1|0,0|1|2|0|3,0,10,3.931544,0.001297,10,3.931928,0.001059
4,5,9,1,0|0|2|1|1,0|1|2|0|2,0,10,3.931394,0.001084,10,3.931228,0.001339
4,5,9,1,0|0|2|1|2,0|1|2|0|1,0,10,3.927491,0.001442,10,3.927537,0.000741
4,5,9,1,0|0|2|1|3,0|1|2|0|0,0,10,3.920594,0.000809,10,3.920422,0.000918
4,5,9,1,0|0|2|1|0,0|1|2|1|2,0,10,3.934829,0.000883,10,3.934886,0.000823
4,5,9,1,0|0|2|1|1,0|1|2|1|1,0,10,3.934558,0.000669,10,3.933889,0.000983
4,5,9,1,0|0|2|1|2,0|1|2|1|0,0,10,3.927271,0.000940,10,3.927601,0.000611
4,5,9,1,0|0|2|1|0,0|1|2|2|1,0,10,3.924897,0.000938,10,3.925059,0.000784
4,5,9,1,0|0|2|1|1,0|1|2|2|0,0,10,3.917996,0.000742,10,3.917951,0.000885
4,5,9,1,0|0|2|1|0,0|1|2|3|0,0,10,3.876618,0.000483,10,3.876665,0.000684
4,5,9,1,0|0|2|2|0,0|1|2|0|2,0,10,3.928268,0.001549,10,3.928143,0.000567
4,5,9,1,0|0|2|2|1,0|1|2|0|1,0,10,3.926292,0.001104,10,3.925955,0.000991
4,5,9,1,0|0|2|2|2,0|1|2|0|0,0,10,3.915308,0.000490,10,3.915902,0.001206
4,5,9,1,0|0|2|2|0,0|1|2|1|1,0,10,3.921074,0.000940,10,3.921113,0.000999
4,5,9,1,0|0|2|2|1,0|1|2|1|0,0,10,3.912813,0.001079,10,3.912733,0.000461
4,5,9,1,0|0|2|2|0,0|1|2|2|0,0,10,3.872838,0.000580,10,3.872574,0.000454
4,5,9,1,0|0|2|3|0,0|1|2|0|1,0,10,3.913663,0.000776,10,3.913497,0.000954
4,5,9,1,0|0|2|3|1,0|1|2|0|0,0,10,3.903181,0.000594,10,3.903325,0.000689
4,5,9,1,0|0|2|3|0,0|1|2|1|0,0,10,3.867435,0.000459,10,3.867771,0.000521
4,5,9,1,0|0|2|4|0,0|1|2|0|0,0,10,3.857393,0.000629,10,3.856902,0.000841
4,5,9,1,0|0|2|0|0,0|1|3|0|3,0,10,3.905114,0.001029,10,3.905356,0.000668
4,5,9,1,0|0|2|0|1,0|1|3|0|2,0,10,3.905857,0.000813,10,3.905609,0.001090
4,5,9,1,0|0|2|0|2,0|1|3|0|1,0,10,3.899674,0.001058,10,3.900353,0.001226
4,5,9,1,0|0|2|0|3,0|1|3|0|0,0,10,3.887746,0.000928,10,3.887842,0.000955
4,5,9,1,0|0|2|0|0,0|1|3|1|2,0,10,3.923726,0.001440,10,3.923882,0.001416
4,5,9,1,0|0|2|0|1,0|1|3|1|1,0,10,3.922776,0.000644,10,3.923288,0.000612
4,5,9,1,0|0|2|0|2,0|1|3|1|0,0,10,3.913087,0.001026,10,3.913647,0.001026
4,5,9,1,0|0|2|0|0,0|1|3|2|1,0,10,3.913523,0.000811,10,3.912782,0.001211
4,5,9,1,0|0|2|0|1,0|1|3|2|0,0,10,3.905114,0.000653,10,3.905197,0.000633
4,5,9,1,0|0|2|0|0,0|1|3|3|0,0,10,3.857673,0.000794,10,3.858046,0.000585
4,5,9,1,0|0|2|1|0,0|1|3|0|2,0,10,3.915011,0.000888,10,3.915157,0.001192
4,5,9,1,0|0|2|1|1,0|1|3|0|1,0,10,3.911593,0.001010,10,3.911655,0.000708
4,5,9,1,0|0|2|1|2,0|1|3|0|0,0,10,3.898690,0.000687,10,3.898770,0.000631
4,5,9,1,0|0|2|1|0,0|1|3|1|1,0,10,3.911132,0.000929,10,3.911025,0.000530
4,5,9,1,0|0|2|1|1,0|1|3|1|0,0,10,3.901351,0.000810,10,3.900752,0.000634
4,5,9,1,0|0|2|1|0,0|1|3|2|0,0,10,3.857785,0.000581,10,3.857805,0.000503
4,5,9,1,0|0|2|2|0,0|1|3|0|1,0,10,3.899537,0.000748,10,3.899641,0.000823
4,5,9,1,0|0|2|2|1,0|1|3|0|0,0,10,3.885555,0.000780,10,3.885724,0.000608
4,5,9,1,0|0|2|2|0,0|1|3|1|0,0,10,3.850424,0.000487,10,3.850387,0.000392
4,5,9,1,0|0|2|3|0,0|1|3|0|0,0,10,3.835124,0.000767,10,3.835209,0.000478
4,5,9,1,0|0|2|0|0,0|1|4|0|2,0,10,3.877622,0.001108,10,3.877842,0.000890
4,5,9,1,0|0|2|0|1,0|1|4|0|1,0,10,3.875355,0.000596,10,3.875163,0.001012
4,5,9,1,0|0|2|0|2,0|1|4|0|0,0,10,3.854184,0.000483,10,3.854208,0.000628
4,5,9,1,0|0|2|0|0,0|1|4|1|1,0,10,3.888820,0.000715,10,3.888536,0.000597
4,5,9,1,0|0|2|0|1,0|1|4|1|0,0,10,3.875850,0.000804,10,3.875272,0.000766
4,5,9,1,0|0|2|0|0,0|1|4|2|0,0,10,3.827349,0.000549,10,3.827213,0.000355
4,5,9,1,0|0|2|1|0,0|1|4|0|1,0,10,3.874792,0.000885,10,3.874285,0.000867
4,5,9,1,0|0|2|1|1,0|1|4|0|0,0,10,3.855340,0.000833,10,3.855270,0.000845
4,5,9,1,0|0|2|1|0,0|1|4|1|0,0,10,3.822545,0.000463,10,3.822902,0.000449
4,5,9,1,0|0|2|2|0,0|1|4|0|0,0,10,3.801009,0.000491,10,3.800561,0.000695
4,5,9,1,0|0|2|0|0,0|1|5|0|1,0,10,3.810554,0.000458,10,3.810288,0.000846
4,5,9,1,0|0|2|0|1,0|1|5|0|0,0,10,3.785079,0.000784,10,3.785052,0.000605
4,5,9,1,0|0|2|0|0,0|1|5|1|0,0,10,3.766040,0.000551,10,3.766205,0.000500
4,5,9,1,0|0|2|1|0,0|1|5|0|0,0,10,3.739826,0.000345,10,3.740015,0.000388
4,5,9,1,0|0|2|0|0,0|1|6|0|0,0,10,3.584351,0.000519,10,3.584117,0.000662
4,5,9,1,0|0|3|0|0,0|1|0|0|5,0,10,3.922513,0.001167,10,3.923487,0.000901
4,5,9,1,0|0|3|0|1,0|1|0|0|4,0,10,3.924772,0.001159,10,3.924470,0.001328
4,5,9,1,0|0|3|0|2,0|1|0|0|3,0,10,3.923432,0.000909,10,3.922428,0.001244
4,5,9,1,0|0|3|0|3,0|1|0|0|2,0,10,3.922615,0.000683,10,3.921453,0.001339
4,5,9,1,0|0|3|0|4,0|1|0|0|1,0,10,3.920335,0.001095,10,3.919865,0.000905
4,5,9,1,0|0|3|0|5,0|1|0|0|0,0,10,3.916165,0.001168,10,3.916526,0.000863
4,5,9,1,0|0|3|0|0,0|1|0|1|4,0,10,3.941951,0.001287,10,3.941900,0.001060
4,5,9,1,0|0|3|0|1,0|1|0|1|3,0,10,3.943064,0.001252,10,3.943752,0.000800
4,5,9,1,0|0|3|0|2,0|1|0|1|2,0,10,3.941765,0.001052,10,3.941786,0.001026
4,5,9,1,0|0|3|0|3,0|1|0|1|1,0,10,3.940141,0.001335,10,3.940678,0.001006
4,5,9,1,0|0|3|0|4,0|1|0|1|0,0,10,3.938340,0.001003,10,3.937942,0.000680
4,5,9,1,0|0|3|0|0,0|1|0|2|3,0,10,3.944104,0.001627,10,3.944561,0.000849
4,5,9,1,0|0|3|0|1,0|1|0|2|2,0,10,3.944616,0.001399,10,3.945508,0.001250
4,5,9,1,0|0|3|0|2,0|1|0|2|1,0,10,3.943339,0.001474,10,3.943396,0.000704
4,5,9,1,0|0|3|0|3,0|1|0|2|0,0,10,3.939730,0.000962,10,3.939556,0.000750
4,5,9,1,0|0|3|0|0,0|1|0|3|2,0,10,3.942024,0.000616,10,3.941454,0.001307
4,5,9,1,0|0|3|0|1,0|1|0|3|1,0,10,3.941810,0.000828,10,3.941965,0.000927
4,5,9,1,0|0|3|0|2,0|1|0|3|0,0,10,3.936416,0.001043,10,3.936184,0.000848
4,5,9,1,0|0|3|0|0,0|1|0|4|1,0,10,3.931391,0.000956,10,3.930709,0.000647
4,5,9,1,0|0|3|0|1,0|1|0|4|0,0,10,3.925492,0.000946,10,3.925447,0.000446
4,5,9,1,0|0|3|0|0,0|1|0|5|0,0,10,3.884336,0.000789,10,3.884535,0.000669
4,5,9,1,0|0|3|1|0,0|1|0|0|4,0,10,3.938687,0.001336,10,3.938105,0.001016
4,5,9,1,0|0|3|1|1,0|1|0|0|3,0,10,3.938726,0.001192,10,3.937982,0.001460
4,5,9,1,0|0|3|1|2,0|1|0|0|2,0,10,3.936887,0.001281,10,3.937602,0.001233
4,5,9,1,0|0|3|1|3,0|1|0|0|1,0,10,3.934919,0.001304,10,3.935365,0.001338
4,5,9,1,0|0|3|1|4,0|1|0|0|0,0,10,3.930285,0.000987,10,3.930518,0.001023
4,5,9,1,0|0|3|1|0,0|1|0|1|3,0,10,3.943443,0.001286,10,3.943855,0.001324
4,5,9,1,0|0|3|1|1,0|1|0|1|2,0,10,3.944080,0.001016,10,3.944035,0.001070
4,5,9,1,0|0|3|1|2,0|1|0|1|1,0,10,3.942190,0.000704,10,3.942270,0.000903
4,5,9,1,0|0|3|1|3,0|1|0|1|0,0,10,3.937778,0.000686,10,3.938355,0.001326
4,5,9,1,0|0|3|1|0,0|1|0|2|2,0,10,3.941237,0.001256,10,3.941988,0.001199
4,5,9,1,0|0|3|1|1,0|1|0|2|1,0,10,3.941128,0.001278,10,3.941593,0.000729
4,5,9,1,0|0|3|1|2,0|1|0|2|0,0,10,3.936099,0.000950,10,3.935922,0.001103
4,5,9,1,0|0|3|1|0,0|1|0|3|1,0,10,3.931168,0.000620,10,3.931217,0.000602
4,5,9,1,0|0|3|1|1,0|1|0|3|0,0,10,3.925357,0.000507,10,3.925243,0.000849
4,5,9,1,0|0|3|1|0,0|1|0|4|0,0,10,3.885909,0.000949,10,3.885870,0.000469
4,5,9,1,0|0|3|2|0,0|1|0|0|3,0,10,3.938399,0.000966,10,3.938759,0.001153
4,5,9,1,0|0|3|2|1,0|1|0|0|2,0,10,3.938515,0.000674,10,3.938860,0.001396
4,5,9,1,0|0|3|2|2,0|1|0|0|1,0,10,3.935474,0.000777,10,3.935165,0.001132
4,5,9,1,0|0|3|2|3,0|1|0|0|0,0,10,3.929597,0.001160,10,3.929516,0.001184
4,5,9,1,0|0|3|2|0,0|1|0|1|2,0,10,3.938921,0.000600,10,3.939295,0.001428
4,5,9,1,0|0|3|2|1,0|1|0|1|1,0,10,3.938529,0.001336,10,3.938795,0.001244
4,5,9,1,0|0|3|2|2,0|1|0|1|0,0,10,3.932590,0.001023,10,3.931893,0.000645
4,5,9,1,0|0|3|2|0,0|1|0|2|1,0,10,3.928952,0.000653,10,3.928513,0.000985
4,5,9,1,0|0|3|2|1,0|1|0|2|0,0,10,3.922276,0.000765,10,3.922262,0.000659
4,5,9,1,0|0|3|2|0,0|1|0|3|0,0,10,3.883427,0.000445,10,3.883841,0.000558
4,5,9,1,0|0|3|3|0,0|1|0|0|2,0,10,3.933775,0.001033,10,3.933706,0.001235
4,5,9,1,0|0|3|3|1,0|1|0|0|1,0,10,3.933035,0.001034,10,3.932759,0.000715
4,5,9,1,0|0|3|3|2,0|1|0|0|0,0,10,3.923493,0.000721,10,3.923771,0.001040
4,5,9,1,0|0|3|3|0,0|1|0|1|1,0,10,3.926009,0.000560,10,3.925687,0.000948
4,5,9,1,0|0|3|3|1,0|1|0|1|0,0,10,3.918620,0.000779,10,3.918320,0.000611
4,5,9,1,0|0|3|3|0,0|1|0|2|0,0,10,3.880034,0.000705,10,3.880070,0.000540
4,5,9,1,0|0|3|4|0,0|1|0|0|1,0,10,3.920262,0.000587,10,3.920454,0.000719
4,5,9,1,0|0|3|4|1,0|1|0|0|0,0,10,3.911616,0.000558,10,3.911212,0.000805
4,5,9,1,0|0|3|4|0,0|1|0|1|0,0,10,3.875845,0.000489,10,3.875870,0.000507
4,5,9,1,0|0|3|5|0,0|1|0|0|0,0,10,3.867807,0.000563,10,3.868501,0.000539
4,5,9,1,0|0|3|0|0,0|1|1|0|4,0,10,3.917420,0.001043,10,3.917698,0.000790
4,5,9,1,0|0|3|0|1,0|1|1|0|3,0,10,3.918746,0.000716,10,3.918873,0.001103
4,5,9,1,0|0|3|0|2,0|1|1|0|2,0,10,3.916165,0.001308,10,3.916897,0.001258
4,5,9,1,0|0|3|0|3,0|1|1|0|1,0,10,3.913255,0.001777,10,3.912583,0.001037
4,5,9,1,0|0|3|0|4,0|1|1|0|0,0,10,3.906382,0.000986,10,3.905763,0.000944
4,5,9,1,0|0|3|0|0,0|1|1|1|3,0,10,3.936426,0.001351,10,3.936956,0.001022
4,5,9,1,0|0|3|0|1,0|1|1|1|2,0,10,3.936593,0.000789,10,3.936491,0.001435
4,5,9,1,0|0|3|0|2,0|1|1|1|1,0,10,3.934812,0.000891,10,3.935112,0.001177
4,5,9,1,0|0|3|0|3,0|1|1|1|0,0,10,3.928925,0.000958,10,3.929790,0.001146
4,5,9,1,0|0|3|0|0,0|1|1|2|2,0,10,3.936382,0.000982,10,3.936102,0.000966
4,5,9,1,0|0|3|0|1,0|1|1|2|1,0,10,3.935580,0.001426,10,3.935224,0.000568
4,5,9,1,0|0|3|0|2,0|1|1|2|0,0,10,3.928736,0.001027,10,3.929227,0.001049
4,5,9,1,0|0|3|0|0,0|1|1|3|1,0,10,3.924659,0.000945,10,3.924540,0.000485
4,5,9,1,0|0|3|0|1,0|1|1|3|0,0,10,3.918154,0.000829,10,3.917945,0.000527
4,5,9,1,0|0|3|0|0,0|1|1|4|0,0,10,3.874459,0.000762,10,3.874669,0.000713
4,5,9,1,0|0|3|1|0,0|1|1|0|3,0,10,3.931556,0.001328,10,3.930916,0.001043
4,5,9,1,0|0|3|1|1,0|1|1|0|2,0,10,3.930872,0.000948,10,3.930553,0.001128
4,5,9,1,0|0|3|1|2,0|1|1|0|1,0,10,3.926559,0.000711,10,3.926949,0.000976
4,5,9,1,0|0|3|1|3,0|1|1|0|0,0,10,3.919032,0.000934,10,3.919155,0.001122
4,5,9,1,0|0|3|1|0,0|1|1|1|2,0,10,3.934735,0.001226,10,3.934711,0.001253
4,5,9,1,0|0|3|1|1,0|1|1|1|1,0,10,3.933660,0.001454,10,3.933884,0.001224
4,5,9,1,0|0|3|1|2,0|1|1|1|0,0,10,3.926308,0.001251,10,3.926632,0.000922
4,5,9,1,0|0|3|1|0,0|1|1|2|1,0,10,3.924482,0.000668,10,3.924264,0.000717
4,5,9,1,0|0|3|1|1,0|1|1|2|0,0,10,3.917254,0.000615,10,3.917487,0.000746
4,5,9,1,0|0|3|1|0,0|1|1|3|0,0,10,3.876060,0.000766,10,3.876245,0.000607
4,5,9,1,0|0|3|2|0,0|1|1|0|2,0,10,3.926973,0.001225,10,3.927265,0.000893
4,5,9,1,0|0|3|2|1,0|1|1|0|1,0,10,3.926020,0.000887,10,3.925663,0.000831
4,5,9,1,0|0|3|2|2,0|1|1|0|0,0,10,3.914763,0.000864,10,3.914765,0.000439
4,5,9,1,0|0|3|2|0,0|1|1|1|1,0,10,3.920084,0.001062,10,3.920178,0.000740
4,5,9,1,0|0|3|2|1,0|1|1|1|0,0,10,3.911899,0.000829,10,3.911436,0.000722
4,5,9,1,0|0|3|2|0,0|1|1|2|0,0,10,3.872077,0.000774,10,3.872120,0.000747
4,5,9,1,0|0|3|3|0,0|1|1|0|1,0,10,3.912067,0.000946,10,3.912326,0.000785
4,5,9,1,0|0|3|3|1,0|1|1|0|0,0,10,3.901637,0.000583,10,3.901088,0.000705
4,5,9,1,0|0|3|3|0,0|1|1|1|0,0,10,3.865890,0.000610,10,3.866180,0.000508
4,5,9,1,0|0|3|4|0,0|1|1|0|0,0,10,3.855158,0.000741,10,3.854729,0.000781
4,5,9,1,0|0|3|0|0,0|1|2|0|3,0,10,3.904411,0.000733,10,3.904336,0.000944
4,5,9,1,0|0|3|0|1,0|1|2|0|2,0,10,3.905037,0.000957,10,3.905438,0.000432
4,5,9,1,0|0|3|0|2,0|1|2|0|1,0,10,3.900488,0.001042,10,3.899952,0.000890
4,5,9,1,0|0|3|0|3,0|1|2|0|0,0,10,3.887269,0.000727,10,3.887082,0.000734
4,5,9,1,0|0|3|0|0,0|1|2|1|2,0,10,3.923307,0.001017,10,3.923563,0.000773
4,5,9,1,0|0|3|0|1,0|1|2|1|1,0,10,3.922451,0.000746,10,3.922405,0.000847
4,5,9,1,0|0|3|0|2,0|1|2|1|0,0,10,3.912656,0.000852,10,3.911995,0.000941
4,5,9,1,0|0|3|0|0,0|1|2|2|1,0,10,3.913092,0.000992,10,3.913338,0.000809
4,5,9,1,0|0|3|0|1,0|1|2|2|0,0,10,3.903951,0.000539,10,3.903909,0.000813
4,5,9,1,0|0|3|0|0,0|1|2|3|0,0,10,3.856943,0.000469,10,3.856760,0.000415
4,5,9,1,0|0|3|1|0,0|1|2|0|2,0,10,3.914430,0.000809,10,3.914747,0.000497
4,5,9,1,0|0|3|1|1,0|1|2|0|1,0,10,3.911361,0.000766,10,3.911590,0.000652
4,5,9,1,0|0|3|1|2,0|1|2|0|0,0,10,3.897731,0.000588,10,3.897950,0.000651
4,5,9,1,0|0|3|1|0,0|1|2|1|1,0,10,3.909958,0.001060,10,3.910808,0.000555
4,5,9,1,0|0|3|1|1,0|1|2|1|0,0,10,3.900129,0.000456,10,3.899853,0.000884
4,5,9,1,0|0|3|1|0,0|1|2|2|0,0,10,3.857058,0.000493,10,3.857493,0.000541
4,5,9,1,0|0|3|2|0,0|1|2|0|1,0,10,3.898760,0.000800,10,3.898421,0.000944
4,5,9,1,0|0|3|2|1,0|1|2|0|0,0,10,3.884560,0.000531,10,3.884195,0.001225
4,5,9,1,0|0|3|2|0,0|1|2|1|0,0,10,3.849206,0.000659,10,3.849003,0.000605
4,5,9,1,0|0|3|3|0,0|1|2|0|0,0,10,3.832851,0.000743,10,3.833179,0.000335
4,5,9,1,0|0|3|0|0,0|1|3|0|2,0,10,3.877035,0.001179,10,3.877379,0.001106
4,5,9,1,0|0|3|0|1,0|1|3|0|1,0,10,3.874926,0.000703,10,3.874876,0.000939
4,5,9,1,0|0|3|0|2,0|1|3|0|0,0,10,3.853210,0.000971,10,3.853301,0.000871
4,5,9,1,0|0|3|0|0,0|1|3|1|1,0,10,3.888331,0.000570,10,3.887864,0.000736
4,5,9,1,0|0|3|0|1,0|1|3|1|0,0,10,3.875283,0.000775,10,3.875619,0.000900
4,5,9,1,0|0|3|0|0,0|1|3|2|0,0,10,3.826320,0.000681,10,3.826617,0.000659
4,5,9,1,0|0|3|1|0,0|1|3|0|1,0,10,3.873482,0.000880,10,3.873645,0.000709
4,5,9,1,0|0|3|1|1,0|1|3|0|0,0,10,3.854599,0.000543,10,3.854655,0.000515
4,5,9,1,0|0|3|1|0,0|1|3|1|0,0,10,3.822127,0.000605,10,3.822381,0.000514
4,5,9,1,0|0|3|2|0,0|1|3|0|0,0,10,3.799418,0.000541,10,3.799467,0.000484
4,5,9,1,0|0|3|0|0,0|1|4|0|1,0,10,3.810282,0.000630,10,3.810512,0.000528
4,5,9,1,0|0|3|0|1,0|1|4|0|0,0,10,3.784643,0.000623,10,3.785119,0.000582
4,5,9,1,0|0|3|0|0,0|1|4|1|0,0,10,3.765983,0.000337,10,3.766134,0.000393
4,5,9,1,0|0|3|1|0,0|1|4|0|0,0,10,3.739935,0.000534,10,3.739838,0.000287
4,5,9,1,0|0|3|0|0,0|1|5|0|0,0,10,3.585225,0.000525,10,3.585253,0.000334
4,5,9,1,0|0|4|0|0,0|1|0|0|4,0,10,3.916537,0.000990,10,3.916635,0.000793
4,5,9,1,0|0|4|0|1,0|1|0|0|3,0,10,3.918922,0.001117,10,3.918665,0.001381
4,5,9,1,0|0|4|0|2,0|1|0|0|2,0,10,3.916063,0.001010,10,3.916054,0.001267
4,5,9,1,0|0|4|0|3,0|1|0|0|1,0,10,3.912619,0.000741,10,3.912923,0.000868
4,5,9,1,0|0|4|0|4,0|1|0|0|0,0,10,3.905416,0.000844,10,3.905304,0.001224
4,5,9,1,0|0|4|0|0,0|1|0|1|3,0,10,3.936737,0.000983,10,3.935986,0.000788
4,5,9,1,0|0|4|0|1,0|1|0|1|2,0,10,3.936887,0.001058,10,3.937242,0.001443
4,5,9,1,0|0|4|0|2,0|1|0|1|1,0,10,3.934603,0.000756,10,3.934694,0.000837
4,5,9,1,0|0|4|0|3,0|1|0|1|0,0,10,3.929823,0.000610,10,3.928959,0.001192
4,5,9,1,0|0|4|0|0,0|1|0|2|2,0,10,3.935703,0.000995,10,3.935816,0.001020
4,5,9,1,0|0|4|0|1,0|1|0|2|1,0,10,3.935512,0.000743,10,3.935609,0.001108
4,5,9,1,0|0|4|0|2,0|1|0|2|0,0,10,3.928198,0.000914,10,3.929001,0.000935
4,5,9,1,0|0|4|0|0,0|1|0|3|1,0,10,3.923643,0.000967,10,3.924282,0.000880
4,5,9,1,0|0|4|0|1,0|1|0|3|0,0,10,3.917540,0.000913,10,3.917531,0.000950
4,5,9,1,0|0|4|0|0,0|1|0|4|0,0,10,3.873768,0.000635,10,3.873828,0.000490
4,5,9,1,0|0|4|1|0,0|1|0|0|3,0,10,3.930846,0.001067,10,3.931047,0.001121
4,5,9,1,0|0|4|1|1,0|1|0|0|2,0,10,3.930709,0.001804,10,3.930367,0.000880
4,5,9,1,0|0|4|1|2,0|1|0|0|1,0,10,3.926886,0.000880,10,3.926273,0.001075
4,5,9,1,0|0|4|1|3,0|1|0|0|0,0,10,3.918751,0.001392,10,3.918817,0.000943
4,5,9,1,0|0|4|1|0,0|1|0|1|2,0,10,3.934217,0.001012,10,3.934280,0.001259
4,5,9,1,0|0|4|1|1,0|1|0|1|1,0,10,3.933585,0.000637,10,3.933229,0.001342
4,5,9,1,0|0|4|1|2,0|1|0|1|0,0,10,3.926080,0.000750,10,3.926816,0.000824
4,5,9,1,0|0|4|1|0,0|1|0|2|1,0,10,3.924032,0.000525,10,3.923734,0.000825
4,5,9,1,0|0|4|1|1,0|1|0|2|0,0,10,3.917191,0.000604,10,3.916901,0.000883
4,5,9,1,0|0|4|1|0,0|1|0|3|0,0,10,3.875676,0.000591,10,3.875574,0.000526
4,5,9,1,0|0|4|2|0,0|1|0|0|2,0,10,3.927072,0.001137,10,3.927111,0.001226
4,5,9,1,0|0|4|2|1,0|1|0|0|1,0,10,3.925398,0.001383,10,3.925113,0.001036
4,5,9,1,0|0|4|2|2,0|1|0|0|0,0,10,3.913804,0.001072,10,3.913032,0.000864
4,5,9,1,0|0|4|2|0,0|1|0|1|1,0,10,3.919391,0.000699,10,3.919554,0.000784
4,5,9,1,0|0|4|2|1,0|1|0|1|0,0,10,3.911268,0.000324,10,3.911095,0.000837
4,5,9,1,0|0|4|2|0,0|1|0|2|0,0,10,3.871266,0.000356,10,3.871074,0.000669
4,5,9,1,0|0|4|3|0,0|1|0|0|1,0,10,3.912071,0.000703,10,3.911454,0.000670
4,5,9,1,0|0|4|3|1,0|1|0|0|0,0,10,3.900971,0.000698,10,3.900464,0.000761
4,5,9,1,0|0|4|3|0,0|1|0|1|0,0,10,3.864865,0.000696,10,3.864919,0.000854
4,5,9,1,0|0|4|4|0,0|1|0|0|0,0,10,3.853332,0.000571,10,3.853213,0.000275
4,5,9,1,0|0|4|0|0,0|1|1|0|3,0,10,3.904327,0.001342,10,3.904024,0.001233
4,5,9,1,0|0|4|0|1,0|1|1|0|2,0,10,3.905272,0.001049,10,3.904965,0.001671
4,5,9,1,0|0|4|0|2,0|1|1|0|1,0,10,3.899282,0.000961,10,3.899462,0.000934
4,5,9,1,0|0|4|0|3,0|1|1|0|0,0,10,3.886508,0.001468,10,3.886850,0.001187
4,5,9,1,0|0|4|0|0,0|1|1|1|2,0,10,3.922895,0.001479,10,3.922718,0.000934
4,5,9,1,0|0|4|0|1,0|1|1|1|1,0,10,3.922678,0.001138,10,3.922061,0.001348
4,5,9,1,0|0|4|0|2,0|1|1|1|0,0,10,3.911945,0.001292,10,3.912117,0.000839
4,5,9,1,0|0|4|0|0,0|1|1|2|1,0,10,3.912355,0.000902,10,3.912726,0.000855
4,5,9,1,0|0|4|0|1,0|1|1|2|0,0,10,3.903801,0.000677,10,3.904122,0.000695
4,5,9,1,0|0|4|0|0,0|1|1|3|0,0,10,3.856124,0.000663,10,3.856266,0.000646
4,5,9,1,0|0|4|1|0,0|1|1|0|2,0,10,3.914359,0.001131,10,3.914302,0.001018
4,5,9,1,0|0|4|1|1,0|1|1|0|1,0,10,3.911598,0.001181,10,3.911330,0.000997
4,5,9,1,0|0|4|1|2,0|1|1|0|0,0,10,3.897723,0.000927,10,3.897400,0.001075
4,5,9,1,0|0|4|1|0,0|1|1|1|1,0,10,3.909935,0.001160,10,3.910123,0.000784
4,5,9,1,0|0|4|1|1,0|1|1|1|0,0,10,3.899695,0.000688,10,3.900116,0.000626
4,5,9,1,0|0|4|1|0,0|1|1|2|0,0,10,3.856900,0.000613,10,3.857181,0.000354
4,5,9,1,0|0|4|2|0,0|1|1|0|1,0,10,3.898226,0.000939,10,3.897930,0.000844
4,5,9,1,0|0|4|2|1,0|1|1|0|0,0,10,3.883875,0.000768,10,3.883420,0.000731
4,5,9,1,0|0|4|2|0,0|1|1|1|0,0,10,3.848577,0.000514,10,3.849067,0.000784
4,5,9,1,0|0|4|3|0,0|1|1|0|0,0,10,3.832401,0.000490,10,3.832285,0.000338
4,5,9,1,0|0|4|0|0,0|1|2|0|2,0,10,3.876968,0.000943,10,3.877107,0.000870
4,5,9,1,0|0|4|0|1,0|1|2|0|1,0,10,3.874865,0.000638,10,3.875012,0.000775
4,5,9,1,0|0|4|0|2,0|1|2|0|0,0,10,3.853083,0.000924,10,3.852912,0.000470
4,5,9,1,0|0|4|0|0,0|1|2|1|1,0,10,3.888060,0.000401,10,3.887918,0.000870
4,5,9,1,0|0|4|0|1,0|1|2|1|0,0,10,3.874855,0.000747,10,3.875175,0.000684
4,5,9,1,0|0|4|0|0,0|1|2|2|0,0,10,3.825917,0.000703,10,3.825887,0.000548
4,5,9,1,0|0|4|1|0,0|1|2|0|1,0,10,3.873496,0.000940,10,3.874166,0.000821
4,5,9,1,0|0|4|1|1,0|1|2|0|0,0,10,3.854501,0.000366,10,3.854083,0.000820
4,5,9,1,0|0|4|1|0,0|1|2|1|0,0,10,3.822360,0.000402,10,3.822265,0.000512
4,5,9,1,0|0|4|2|0,0|1|2|0|0,0,10,3.798965,0.000317,10,3.798894,0.000654
4,5,9,1,0|0|4|0|0,0|1|3|0|1,0,10,3.810278,0.000639,10,3.810324,0.000415
4,5,9,1,0|0|4|0|1,0|1|3|0|0,0,10,3.784734,0.000668,10,3.784703,0.000354
4,5,9,1,0|0|4|0|0,0|1|3|1|0,0,10,3.765624,0.000431,10,3.765742,0.000563
4,5,9,1,0|0|4|1|0,0|1|3|0|0,0,10,3.739864,0.000463,10,3.739517,0.000504
4,5,9,1,0|0|4|0|0,0|1|4|0|0,0,10,3.585696,0.000472,10,3.585562,0.000488
4,5,9,1,0|0|5|0|0,0|1|0|0|3,0,10,3.903962,0.000788,10,3.904305,0.000691
4,5,9,1,0|0|5|0|1,0|1|0|0|2,0,10,3.905279,0.000824,10,3.905289,0.000863
4,5,9,1,0|0|5|0|2,0|1|0|0|1,0,10,3.899153,0.000648,10,3.898972,0.000783
4,5,9,1,0|0|5|0|3,0|1|0|0|0,0,10,3.886115,0.000771,10,3.885945,0.000692
4,5,9,1,0|0|5|0|0,0|1|0|1|2,0,10,3.922727,0.000661,10,3.922964,0.001335
4,5,9,1,0|0|5|0|1,0|1|0|1|1,0,10,3.922529,0.000869,10,3.922500,0.001450
4,5,9,1,0|0|5|0|2,0|1|0|1|0,0,10,3.912105,0.000890,10,3.911758,0.000800
4,5,9,1,0|0|5|0|0,0|1|0|2|1,0,10,3.912384,0.000895,10,3.912666,0.000780
4,5,9,1,0|0|5|0|1,0|1|0|2|0,0,10,3.903794,0.000330,10,3.903525,0.000527
4,5,9,1,0|0|5|0|0,0|1|0|3|0,0,10,3.856099,0.000768,10,3.856191,0.000326
4,5,9,1,0|0|5|1|0,0|1|0|0|2,0,10,3.913993,0.000712,10,3.914796,0.000976
4,5,9,1,0|0|5|1|1,0|1|0|0|1,0,10,3.911211,0.000804,10,3.911237,0.000740
4,5,9,1,0|0|5|1|2,0|1|0|0|0,0,10,3.897050,0.000849,10,3.896987,0.000685
4,5,9,1,0|0|5|1|0,0|1|0|1|1,0,10,3.910285,0.000663,10,3.910420,0.000816
4,5,9,1,0|0|5|1|1,0|1|0|1|0,0,10,3.900036,0.000459,10,3.900358,0.000946
4,5,9,1,0|0|5|1|0,0|1|0|2|0,0,10,3.856926,0.000595,10,3.856898,0.000644
4,5,9,1,0|0|5|2|0,0|1|0|0|1,0,10,3.897682,0.000946,10,3.897691,0.000568
4,5,9,1,0|0|5|2|1,0|1|0|0|0,0,10,3.883232,0.000688,10,3.883462,0.000747
4,5,9,1,0|0|5|2|0,0|1|0|1|0,0,10,3.848740,0.000562,10,3.848666,0.000772
4,5,9,1,0|0|5|3|0,0|1|0|0|0,0,10,3.832115,0.000582,10,3.831908,0.000613
4,5,9,1,0|0|5|0|0,0|1|1|0|2,0,10,3.876781,0.001107,10,3.876334,0.000595
4,5,9,1,0|0|5|0|1,0|1|1|0|1,0,10,3.874955,0.000772,10,3.874458,0.000820
4,5,9,1,0|0|5|0|2,0|1|1|0|0,0,10,3.852879,0.000742,10,3.852755,0.000689
4,5,9,1,0|0|5|0|0,0|1|1|1|1,0,10,3.888003,0.000826,10,3.888225,0.000608
4,5,9,1,0|0|5|0|1,0|1|1|1|0,0,10,3.874711,0.000543,10,3.875457,0.000570
4,5,9,1,0|0|5|0|0,0|1|1|2|0,0,10,3.826077,0.000355,10,3.825685,0.000416
4,5,9,1,0|0|5|1|0,0|1|1|0|1,0,10,3.873442,0.000807,10,3.873544,0.000369
4,5,9,1,0|0|5|1|1,0|1|1|0|0,0,10,3.854015,0.000594,10,3.854158,0.000875
4,5,9,1,0|0|5|1|0,0|1|1|1|0,0,10,3.822038,0.000721,10,3.822097,0.000304
4,5,9,1,0|0|5|2|0,0|1|1|0|0,0,10,3.799080,0.000727,10,3.798895,0.000304
4,5,9,1,0|0|5|0|0,0|1|2|0|1,0,10,3.810794,0.000773,10,3.810421,0.000409
4,5,9,1,0|0|5|0|1,0|1|2|0|0,0,10,3.784778,0.000228,10,3.784501,0.000891
4,5,9,1,0|0|5|0|0,0|1|2|1|0,0,10,3.765514,0.000620,10,3.765754,0.000654
4,5,9,1,0|0|5|1|0,0|1|2|0|0,0,10,3.739662,0.000297,10,3.739776,0.000611
4,5,9,1,0|0|5|0|0,0|1|3|0|0,0,10,3.585672,0.000473,10,3.585692,0.000380
4,5,9,1,0|0|6|0|0,0|1|0|0|2,0,10,3.877126,0.000765,10,3.876932,0.000764
4,5,9,1,0|0|6|0|1,0|1|0|0|1,0,10,3.874778,0.000805,10,3.874708,0.000778
4,5,9,1,0|0|6|0|2,0|1|0|0|0,0,10,3.852995,0.000360,10,3.852858,0.000596
4,5,9,1,0|0|6|0|0,0|1|0|1|1,0,10,3.887917,0.000996,10,3.887527,0.000503
4,5,9,1,0|0|6|0|1,0|1|0|1|0,0,10,3.875335,0.000253,10,3.875011,0.000696
4,5,9,1,0|0|6|0|0,0|1|0|2|0,0,10,3.825646,0.000332,10,3.825865,0.000335
4,5,9,1,0|0|6|1|0,0|1|0|0|1,0,10,3.873590,0.000549,10,3.873442,0.000550
4,5,9,1,0|0|6|1|1,0|1|0|0|0,0,10,3.853901,0.000855,10,3.854108,0.000524
4,5,9,1,0|0|6|1|0,0|1|0|1|0,0,10,3.822156,0.000432,10,3.822162,0.000545
4,5,9,1,0|0|6|2|0,0|1|0|0|0,0,10,3.798607,0.000574,10,3.798926,0.000517
4,5,9,1,0|0|6|0|0,0|1|1|0|1,0,10,3.810353,0.000439,10,3.810408,0.000566
4,5,9,1,0|0|6|0|1,0|1|1|0|0,0,10,3.784775,0.000536,10,3.784922,0.000652
4,5,9,1,0|0|6|0|0,0|1|1|1|0,0,10,3.765830,0.000365,10,3.765703,0.000580
4,5,9,1,0|0|6|1|0,0|1|1|0|0,0,10,3.739562,0.000627,10,3.739571,0.000375
4,5,9,1,0|0|6|0|0,0|1|2|0|0,0,10,3.585655,0.000387,10,3.585810,0.000356
4,5,9,1,0|0|7|0|0,0|1|0|0|1,0,10,3.810379,0.000736,10,3.810232,0.000540
4,5,9,1,0|0|7|0|1,0|1|0|0|0,0,10,3.784552,0.000635,10,3.784674,0.000505
4,5,9,1,0|0|7|0|0,0|1|0|1|0,0,10,3.765805,0.000321,10,3.765427,0.000564
4,5,9,1,0|0|7|1|0,0|1|0|0|0,0,10,3.739638,0.000602,10,3.739401,0.000413
4,5,9,1,0|0|7|0|0,0|1|1|0|0,0,10,3.585906,0.000477,10,3.586008,0.000515
4,5,9,1,0|0|8|0|0,0|1|0|0|0,0,10,3.585860,0.000562,10,3.585691,0.000733
4,5,9,1,0|0|0|0|0,0|2|0|0|7,0,10,3.897160,0.001399,10,3.897245,0.001113
4,5,9,1,0|0|0|0|1,0|2|0|0|6,0,10,3.898669,0.001034,10,3.897545,0.001507
4,5,9,1,0|0|0|0|2,0|2|0|0|5,0,10,3.897916,0.001304,10,3.897640,0.001616
4,5,9,1,0|0|0|0|3,0|2|0|0|4,0,10,3.897336,0.001758,10,3.897881,0.001748
4,5,9,1,0|0|0|0|4,0|2|0|0|3,0,10,3.897371,0.000952,10,3.897040,0.000766
4,5,9,1,0|0|0|0|5,0|2|0|0|2,0,10,3.896041,0.001124,10,3.896069,0.000897
4,5,9,1,0|0|0|0|6,0|2|0|0|1,0,10,3.894814,0.001522,10,3.895898,0.001452
4,5,9,1,0|0|0|0|7,0|2|0|0|0,0,10,3.894205,0.001016,10,3.893288,0.001073
4,5,9,1,0|0|0|0|0,0|2|0|1|6,0,10,3.934503,0.001765,10,3.934902,0.001111
4,5,9,1,0|0|0|0|1,0|2|0|1|5,0,10,3.935801,0.001460,10,3.934792,0.001173
4,5,9,1,0|0|0|0|2,0|2|0|1|4,0,10,3.935383,0.001476,10,3.935355,0.001551
4,5,9,1,0|0|0|0|3,0|2|0|1|3,0,10,3.935580,0.001241,10,3.935362,0.001097
4,5,9,1,0|0|0|0|4,0|2|0|1|2,0,10,3.934287,0.001073,10,3.935598,0.001121
4,5,9,1,0|0|0|0|5,0|2|0|1|1,0,10,3.934796,0.001238,10,3.933928,0.001387
4,5,9,1,0|0|0|0|6,0|2|0|1|0,0,10,3.933246,0.000786,10,3.933104,0.001443
4,5,9,1,0|0|0|0|0,0|2|0|2|5,0,10,3.939479,0.001306,10,3.939037,0.001209
4,5,9,1,0|0|0|0|1,0|2|0|2|4,0,10,3.939139,0.001512,10,3.940226,0.001785
4,5,9,1,0|0|0|0|2,0|2|0|2|3,0,10,3.939886,0.001518,10,3.939557,0.001405
4,5,9,1,0|0|0|0|3,0|2|0|2|2,0,10,3.938889,0.002108,10,3.938497,0.000668
4,5,9,1,0|0|0|0|4,0|2|0|2|1,0,10,3.937829,0.001181,10,3.937349,0.001086
4,5,9,1,0|0|0|0|5,0|2|0|2|0,0,10,3.936337,0.000985,10,3.936496,0.000567
4,5,9,1,0|0|0|0|0,0|2|0|3|4,0,10,3.938270,0.001634,10,3.938286,0.001036
4,5,9,1,0|0|0|0|1,0|2|0|3|3,0,10,3.939540,0.001130,10,3.939242,0.000893
4,5,9,1,0|0|0|0|2,0|2|0|3|2,0,10,3.938665,0.000855,10,3.938286,0.001002
4,5,9,1,0|0|0|0|3,0|2|0|3|1,0,10,3.937630,0.001043,10,3.936574,0.001397
4,5,9,1,0|0|0|0|4,0|2|0|3|0,0,10,3.933075,0.001357,10,3.933938,0.000722
4,5,9,1,0|0|0|0|0,0|2|0|4|3,0,10,3.934170,0.001303,10,3.934013,0.001067
4,5,9,1,0|0|0|0|1,0|2|0|4|2,0,10,3.936227,0.001422,10,3.935408,0.001079
4,5,9,1,0|0|0|0|2,0|2|0|4|1,0,10,3.932661,0.000997,10,3.932918,0.000797
4,5,9,1,0|0|0|0|3,0|2|0|4|0,0,10,3.928046,0.001106,10,3.926793,0.000838
4,5,9,1,0|0|0|0|0,0|2|0|5|2,0,10,3.923740,0.000581,10,3.923616,0.000952
4,5,9,1,0|0|0|0|1,0|2|0|5|1,0,10,3.924318,0.000613,10,3.923796,0.000798
4,5,9,1,0|0|0|0|2,0|2|0|5|0,0,10,3.914298,0.001023,10,3.914042,0.000621
4,5,9,1,0|0|0|0|0,0|2|0|6|1,0,10,3.895030,0.000637,10,3.895318,0.000589
4,5,9,1,0|0|0|0|1,0|2|0|6|0,0,10,3.883891,0.000477,10,3.883544,0.000945
4,5,9,1,0|0|0|0|0,0|2|0|7|0,0,10,3.784625,0.000273,10,3.784543,0.000520
4,5,9,1,0|0|0|1|0,0|2|0|0|6,0,10,3.931441,0.000969,10,3.931130,0.001193
4,5,9,1,0|0|0|1|1,0|2|0|0|5,0,10,3.930606,0.000971,10,3.931488,0.001180
4,5,9,1,0|0|0|1|2,0|2|0|0|4,0,10,3.931882,0.001159,10,3.931187,0.001227
4,5,9,1,0|0|0|1|3,0|2|0|0|3,0,10,3.930817,0.000738,10,3.931530,0.001033
4,5,9,1,0|0|0|1|4,0|2|0|0|2,0,10,3.930415,0.001882,10,3.930210,0.001014
4,5,9,1,0|0|0|1|5,0|2|0|0|1,0,10,3.929495,0.001387,10,3.929316,0.001318
4,5,9,1,0|0|0|1|6,0|2|0|0|0,0,10,3.928275,0.001343,10,3.927937,0.000569
4,5,9,1,0|0|0|1|0,0|2|0|1|5,0,10,3.939371,0.000904,10,3.937941,0.001151
4,5,9,1,0|0|0|1|1,0|2|0|1|4,0,10,3.939265,0.001420,10,3.939532,0.001944
4,5,9,1,0|0|0|1|2,0|2|0|1|3,0,10,3.939229,0.001022,10,3.939095,0.001679
4,5,9,1,0|0|0|1|3,0|2|0|1|2,0,10,3.938428,0.001404,10,3.938824,0.001219
4,5,9,1,0|0|0|1|4,0|2|0|1|1,0,10,3.937507,0.001443,10,3.937648,0.001576
4,5,9,1,0|0|0|1|5,0|2|0|1|0,0,10,3.936388,0.001228,10,3.935672,0.000977
4,5,9,1,0|0|0|1|0,0|2|0|2|4,0,10,3.938720,0.001164,10,3.937903,0.001641
4,5,9,1,0|0|0|1|1,0|2|0|2|3,0,10,3.939997,0.001165,10,3.939628,0.000868
4,5,9,1,0|0|0|1|2,0|2|0|2|2,0,10,3.938408,0.001601,10,3.938539,0.000810
4,5,9,1,0|0|0|1|3,0|2|0|2|1,0,10,3.937465,0.001443,10,3.937348,0.001142
4,5,9,1,0|0|0|1|4,0|2|0|2|0,0,10,3.933869,0.000882,10,3.934174,0.000763
4,5,9,1,0|0|0|1|0,0|2|0|3|3,0,10,3.934348,0.001194,10,3.934367,0.001795
4,5,9,1,0|0|0|1|1,0|2|0|3|2,0,10,3.935071,0.001104,10,3.934605,0.000837
4,5,9,1,0|0|0|1|2,0|2|0|3|1,0,10,3.932692,0.001350,10,3.932402,0.000852
4,5,9,1,0|0|0|1|3,0|2|0|3|0,0,10,3.927419,0.001082,10,3.927777,0.001048
4,5,9,1,0|0|0|1|0,0|2|0|4|2,0,10,3.923829,0.001200,10,3.923294,0.000812
4,5,9,1,0|0|0|1|1,0|2|0|4|1,0,10,3.923452,0.001068,10,3.922916,0.000830
4,5,9,1,0|0|0|1|2,0|2|0|4|0,0,10,3.913431,0.000985,10,3.913574,0.001093
4,5,9,1,0|0|0|1|0,0|2|0|5|1,0,10,3.895216,0.000943,10,3.894906,0.000885
4,5,9,1,0|0|0|1|1,0|2|0|5|0,0,10,3.883454,0.000773,10,3.883134,0.000869
4,5,9,1,0|0|0|1|0,0|2|0|6|0,0,10,3.785950,0.000541,10,3.785633,0.000478
4,5,9,1,0|0|0|2|0,0|2|0|0|5,0,10,3.935803,0.001598,10,3.936029,0.001186
4,5,9,1,0|0|0|2|1,0|2|0|0|4,0,10,3.936386,0.001243,10,3.936816,0.001387
4,5,9,1,0|0|0|2|2,0|2|0|0|3,0,10,3.935947,0.001402,10,3.935510,0.001306
4,5,9,1,0|0|0|2|3,0|2|0|0|2,0,10,3.935114,0.001081,10,3.934788,0.001726
4,5,9,1,0|0|0|2|4,0|2|0|0|1,0,10,3.933093,0.001084,10,3.934314,0.001082
4,5,9,1,0|0|0|2|5,0|2|0|0|0,0,10,3.931529,0.000679,10,3.930930,0.001294
4,5,9,1,0|0|0|2|0,0|2|0|1|4,0,10,3.937381,0.001276,10,3.937675,0.001448
4,5,9,1,0|0|0|2|1,0|2|0|1|3,0,10,3.938482,0.001017,10,3.937521,0.000971
4,5,9,1,0|0|0|2|2,0|2|0|1|2,0,10,3.937133,0.000651,10,3.937607,0.001149
4,5,9,1,0|0|0|2|3,0|2|0|1|1,0,10,3.935713,0.001224,10,3.935402,0.001042
4,5,9,1,0|0|0|2|4,0|2|0|1|0,0,10,3.931618,0.000777,10,3.931860,0.001291
4,5,9,1,0|0|0|2|0,0|2|0|2|3,0,10,3.933439,0.000862,10,3.933302,0.000908
4,5,9,1,0|0|0|2|1,0|2|0|2|2,0,10,3.934154,0.001318,10,3.934312,0.001413
4,5,9,1,0|0|0|2|2,0|2|0|2|1,0,10,3.931555,0.001285,10,3.930948,0.000941
4,5,9,1,0|0|0|2|3,0|2|0|2|0,0,10,3.925625,0.001140,10,3.925603,0.001009
4,5,9,1,0|0|0|2|0,0|2|0|3|2,0,10,3.922225,0.001378,10,3.922702,0.000648
4,5,9,1,0|0|0|2|1,0|2|0|3|1,0,10,3.921738,0.001227,10,3.921529,0.000899
4,5,9,1,0|0|0|2|2,0|2|0|3|0,0,10,3.912092,0.001094,10,3.911877,0.000835
4,5,9,1,0|0|0|2|0,0|2|0|4|1,0,10,3.893719,0.000484,10,3.893555,0.000574
4,5,9,1,0|0|0|2|1,0|2|0|4|0,0,10,3.881289,0.000510,10,3.881316,0.000423
4,5,9,1,0|0|0|2|0,0|2|0|5|0,0,10,3.785966,0.000645,10,3.786197,0.000307
4,5,9,1,0|0|0|3|0,0|2|0|0|4,0,10,3.935030,0.000881,10,3.934823,0.000860
4,5,9,1,0|0|0|3|1,0|2|0|0|3,0,10,3.935905,0.001339,10,3.936634,0.001299
4,5,9,1,0|0|0|3|2,0|2|0|0|2,0,10,3.934675,0.002678,10,3.934799,0.001419
4,5,9,1,0|0|0|3|3,0|2|0|0|1,0,10,3.932305,0.001003,10,3.932262,0.001054
4,5,9,1,0|0|0|3|4,0|2|0|0|0,0,10,3.927470,0.000721,10,3.927003,0.001262
4,5,9,1,0|0|0|3|0,0|2|0|1|3,0,10,3.932422,0.001378,10,3.932210,0.000986
4,5,9,1,0|0|0|3|1,0|2|0|1|2,0,10,3.933117,0.001214,10,3.933036,0.000729
4,5,9,1,0|0|0|3|2,0|2|0|1|1,0,10,3.930027,0.000632,10,3.930250,0.000890
4,5,9,1,0|0|0|3|3,0|2|0|1|0,0,10,3.923842,0.000579,10,3.922825,0.000908
4,5,9,1,0|0|0|3|0,0|2|0|2|2,0,10,3.922018,0.000860,10,3.921667,0.001109
4,5,9,1,0|0|0|3|1,0|2|0|2|1,0,10,3.920651,0.000670,10,3.920843,0.000774
4,5,9,1,0|0|0|3|2,0|2|0|2|0,0,10,3.909924,0.000691,10,3.909672,0.000897
4,5,9,1,0|0|0|3|0,0|2|0|3|1,0,10,3.892400,0.000689,10,3.892523,0.000917
4,5,9,1,0|0|0|3|1,0|2|0|3|0,0,10,3.880321,0.000564,10,3.880275,0.000614
4,5,9,1,0|0|0|3|0,0|2|0|4|0,0,10,3.785705,0.000258,10,3.785724,0.000559
4,5,9,1,0|0|0|4|0,0|2|0|0|3,0,10,3.930580,0.000829,10,3.930279,0.000997
4,5,9,1,0|0|0|4|1,0|2|0|0|2,0,10,3.932062,0.000969,10,3.931398,0.000858
4,5,9,1,0|0|0|4|2,0|2|0|0|1,0,10,3.927965,0.000544,10,3.927502,0.000856
4,5,9,1,0|0|0|4|3,0|2|0|0|0,0,10,3.919965,0.000519,10,3.919632,0.001464
4,5,9,1,0|0|0|4|0,0|2|0|1|2,0,10,3.920375,0.000819,10,3.919915,0.001155
4,5,9,1,0|0|0|4|1,0|2|0|1|1,0,10,3.919861,0.000595,10,3.919638,0.000578
4,5,9,1,0|0|0|4|2,0|2|0|1|0,0,10,3.907935,0.001200,10,3.908337,0.001113
4,5,9,1,0|0|0|4|0,0|2|0|2|1,0,10,3.892520,0.000596,10,3.891404,0.000553
4,5,9,1,0|0|0|4|1,0|2|0|2|0,0,10,3.878872,0.000365,10,3.878868,0.000638
4,5,9,1,0|0|0|4|0,0|2|0|3|0,0,10,3.785222,0.000465,10,3.785455,0.000435
4,5,9,1,0|0|0|5|0,0|2|0|0|2,0,10,3.918595,0.000789,10,3.918559,0.001181
4,5,9,1,0|0|0|5|1,0|2|0|0|1,0,10,3.918579,0.000904,10,3.919225,0.000960
4,5,9,1,0|0|0|5|2,0|2|0|0|0,0,10,3.906246,0.000666,10,3.906335,0.000629
4,5,9,1,0|0|0|5|0,0|2|0|1|1,0,10,3.890753,0.000450,10,3.891093,0.000447
4,5,9,1,0|0|0|5|1,0|2|0|1|0,0,10,3.878096,0.000822,10,3.877921,0.000501
4,5,9,1,0|0|0|5|0,0|2|0|2|0,0,10,3.784549,0.000480,10,3.784584,0.000716
4,5,9,1,0|0|0|6|0,0|2|0|0|1,0,10,3.889632,0.000567,10,3.889393,0.000484
4,5,9,1,0|0|0|6|1,0|2|0|0|0,0,10,3.876472,0.000517,10,3.876664,0.000635
4,5,9,1,0|0|0|6|0,0|2|0|1|0,0,10,3.783480,0.000496,10,3.783563,0.000334
4,5,9,1,0|0|0|7|0,0|2|0|0|0,0,10,3.782184,0.000404,10,3.782176,0.000445
4,5,9,1,0|0|0|0|0,0|2|1|0|6,0,10,3.924076,0.001013,10,3.923643,0.000941
4,5,9,1,0|0|0|0|1,0|2|1|0|5,0,10,3.924614,0.000728,10,3.924266,0.001754
4,5,9,1,0|0|0|0|2,0|2|1|0|4,0,10,3.924533,0.001450,10,3.923584,0.001361
4,5,9,1,0|0|0|0|3,0|2|1|0|3,0,10,3.924898,0.001017,10,3.923968,0.001091
4,5,9,1,0|0|0|0|4,0|2|1|0|2,0,10,3.923571,0.001679,10,3.922903,0.001348
4,5,9,1,0|0|0|0|5,0|2|1|0|1,0,10,3.922041,0.001251,10,3.922618,0.001122
4,5,9,1,0|0|0|0|6,0|2|1|0|0,0,10,3.921014,0.001080,10,3.920742,0.001320
4,5,9,1,0|0|0|0|0,0|2|1|1|5,0,10,3.943953,0.001099,10,3.945161,0.001422
4,5,9,1,0|0|0|0|1,0|2|1|1|4,0,10,3.944783,0.001080,10,3.944399,0.001129
4,5,9,1,0|0|0|0|2,0|2|1|1|3,0,10,3.944764,0.001255,10,3.944949,0.001218
4,5,9,1,0|0|0|0|3,0|2|1|1|2,0,10,3.944885,0.000937,10,3.945015,0.000973
4,5,9,1,0|0|0|0|4,0|2|1|1|1,0,10,3.943907,0.001172,10,3.944007,0.001648
4,5,9,1,0|0|0|0|5,0|2|1|1|0,0,10,3.942688,0.001289,10,3.942493,0.001460
4,5,9,1,0|0|0|0|0,0|2|1|2|4,0,10,3.947788,0.000876,10,3.947959,0.001360
4,5,9,1,0|0|0|0|1,0|2|1|2|3,0,10,3.949205,0.001522,10,3.948982,0.001742
4,5,9,1,0|0|0|0|2,0|2|1|2|2,0,10,3.948051,0.001306,10,3.948003,0.001244
4,5,9,1,0|0|0|0|3,0|2|1|2|1,0,10,3.947123,0.001221,10,3.947819,0.001600
4,5,9,1,0|0|0|0|4,0|2|1|2|0,0,10,3.945689,0.000925,10,3.946287,0.001121
4,5,9,1,0|0|0|0|0,0|2|1|3|3,0,10,3.948142,0.001538,10,3.947699,0.001447
4,5,9,1,0|0|0|0|1,0|2|1|3|2,0,10,3.948998,0.001007,10,3.948627,0.000805
4,5,9,1,0|0|0|0|2,0|2|1|3|1,0,10,3.947192,0.000921,10,3.947169,0.000990
4,5,9,1,0|0|0|0|3,0|2|1|3|0,0,10,3.944142,0.001039,10,3.944762,0.001011
4,5,9,1,0|0|0|0|0,0|2|1|4|2,0,10,3.943630,0.001163,10,3.944624,0.001214
4,5,9,1,0|0|0|0|1,0|2|1|4|1,0,10,3.944390,0.001153,10,3.944602,0.001451
4,5,9,1,0|0|0|0|2,0|2|1|4|0,0,10,3.940665,0.001182,10,3.939431,0.001145
4,5,9,1,0|0|0|0|0,0|2|1|5|1,0,10,3.933106,0.000893,10,3.933340,0.000882
4,5,9,1,0|0|0|0|1,0|2|1|5|0,0,10,3.927986,0.000526,10,3.928073,0.000794
4,5,9,1,0|0|0|0|0,0|2|1|6|0,0,10,3.883213,0.000348,10,3.883069,0.000944
4,5,9,1,0|0|0|1|0,0|2|1|0|5,0,10,3.941137,0.001480,10,3.942007,0.001421
4,5,9,1,0|0|0|1|1,0|2|1|0|4,0,10,3.942097,0.001592,10,3.942121,0.001642
4,5,9,1,0|0|0|1|2,0|2|1|0|3,0,10,3.941646,0.000739,10,3.941622,0.001387
4,5,9,1,0|0|0|1|3,0|2|1|0|2,0,10,3.941517,0.000844,10,3.941677,0.001075
4,5,9,1,0|0|0|1|4,0|2|1|0|1,0,10,3.940091,0.001647,10,3.940843,0.001647
4,5,9,1,0|0|0|1|5,0|2|1|0|0,0,10,3.938658,0.001652,10,3.938287,0.000845
4,5,9,1,0|0|0|1|0,0|2|1|1|4,0,10,3.947568,0.000723,10,3.947286,0.000982
4,5,9,1,0|0|0|1|1,0|2|1|1|3,0,10,3.948071,0.000847,10,3.948019,0.001291
4,5,9,1,0|0|0|1|2,0|2|1|1|2,0,10,3.948135,0.000746,10,3.948053,0.001180
4,5,9,1,0|0|0|1|3,0|2|1|1|1,0,10,3.946315,0.001000,10,3.947103,0.001684
4,5,9,1,0|0|0|1|4,0|2|1|1|0,0,10,3.945463,0.001003,10,3.945063,0.001298
4,5,9,1,0|0|0|1|0,0|2|1|2|3,0,10,3.947878,0.001227,10,3.948239,0.001428
4,5,9,1,0|0|0|1|1,0|2|1|2|2,0,10,3.948712,0.001136,10,3.948625,0.000966
4,5,9,1,0|0|0|1|2,0|2|1|2|1,0,10,3.947462,0.001396,10,3.947694,0.001643
4,5,9,1,0|0|0|1|3,0|2|1|2|0,0,10,3.944567,0.000879,10,3.944507,0.001304
4,5,9,1,0|0|0|1|0,0|2|1|3|2,0,10,3.944942,0.001411,10,3.944861,0.000915
4,5,9,1,0|0|0|1|1,0|2|1|3|1,0,10,3.944625,0.001066,10,3.944677,0.000761
4,5,9,1,0|0|0|1|2,0|2|1|3|0,0,10,3.940232,0.001168,10,3.940453,0.000831
4,5,9,1,0|0|0|1|0,0|2|1|4|1,0,10,3.933011,0.000814,10,3.933005,0.000761
4,5,9,1,0|0|0|1|1,0|2|1|4|0,0,10,3.928849,0.000755,10,3.928998,0.001080
4,5,9,1,0|0|0|1|0,0|2|1|5|0,0,10,3.885190,0.000447,10,3.884486,0.000722
4,5,9,1,0|0|0|2|0,0|2|1|0|4,0,10,3.945436,0.001580,10,3.945198,0.001205
4,5,9,1,0|0|0|2|1,0|2|1|0|3,0,10,3.944877,0.000932,10,3.945879,0.000708
4,5,9,1,0|0|0|2|2,0|2|1|0|2,0,10,3.944516,0.001531,10,3.943739,0.001062
4,5,9,1,0|0|0|2|3,0|2|1|0|1,0,10,3.942870,0.000958,10,3.942350,0.001104
4,5,9,1,0|0|0|2|4,0|2|1|0|0,0,10,3.940056,0.000894,10,3.939890,0.001390
4,5,9,1,0|0|0|2|0,0|2|1|1|3,0,10,3.947515,0.001183,10,3.946814,0.001167
4,5,9,1,0|0|0|2|1,0|2|1|1|2,0,10,3.947279,0.001295,10,3.947829,0.000928
4,5,9,1,0|0|0|2|2,0|2|1|1|1,0,10,3.945903,0.001281,10,3.946163,0.000764
4,5,9,1,0|0|0|2|3,0|2|1|1|0,0,10,3.942239,0.000915,10,3.943280,0.001090
4,5,9,1,0|0|0|2|0,0|2|1|2|2,0,10,3.943402,0.000972,10,3.944103,0.000832
4,5,9,1,0|0|0|2|1,0|2|1|2|1,0,10,3.943770,0.000880,10,3.943830,0.000739
4,5,9,1,0|0|0|2|2,0|2|1|2|0,0,10,3.938607,0.000810,10,3.938685,0.001642
4,5,9,1,0|0|0|2|0,0|2|1|3|1,0,10,3.932583,0.000689,10,3.932417,0.000597
4,5,9,1,0|0|0|2|1,0|2|1|3|0,0,10,3.927459,0.000462,10,3.926960,0.000531
4,5,9,1,0|0|0|2|0,0|2|1|4|0,0,10,3.883706,0.000488,10,3.883836,0.000667
4,5,9,1,0|0|0|3|0,0|2|1|0|3,0,10,3.943807,0.000881,10,3.944325,0.000539
4,5,9,1,0|0|0|3|1,0|2|1|0|2,0,10,3.945069,0.000766,10,3.944619,0.001045
4,5,9,1,0|0|0|3|2,0|2|1|0|1,0,10,3.943473,0.001409,10,3.942189,0.001112
4,5,9,1,0|0|0|3|3,0|2|1|0|0,0,10,3.937553,0.000835,10,3.938686,0.000809
4,5,9,1,0|0|0|3|0,0|2|1|1|2,0,10,3.942251,0.001008,10,3.942431,0.001307
4,5,9,1,0|0|0|3|1,0|2|1|1|1,0,10,3.941907,0.001020,10,3.942318,0.000845
4,5,9,1,0|0|0|3|2,0|2|1|1|0,0,10,3.936284,0.000872,10,3.936961,0.000649
4,5,9,1,0|0|0|3|0,0|2|1|2|1,0,10,3.930947,0.001127,10,3.930763,0.000850
4,5,9,1,0|0|0|3|1,0|2|1|2|0,0,10,3.925062,0.000600,10,3.925279,0.000726
4,5,9,1,0|0|0|3|0,0|2|1|3|0,0,10,3.882597,0.000655,10,3.882698,0.000611
4,5,9,1,0|0|0|4|0,0|2|1|0|2,0,10,3.939497,0.000995,10,3.940193,0.001338
4,5,9,1,0|0|0|4|1,0|2|1|0|1,0,10,3.938901,0.001343,10,3.939657,0.001090
4,5,9,1,0|0|0|4|2,0|2|1|0|0,0,10,3.932990,0.000825,10,3.933087,0.000875
4,5,9,1,0|0|0|4|0,0|2|1|1|1,0,10,3.929756,0.000887,10,3.929356,0.000795
4,5,9,1,0|0|0|4|1,0|2|1|1|0,0,10,3.923718,0.000827,10,3.923735,0.000870
4,5,9,1,0|0|0|4|0,0|2|1|2|0,0,10,3.881245,0.000949,10,3.880768,0.000761
4,5,9,1,0|0|0|5|0,0|2|1|0|1,0,10,3.926946,0.000956,10,3.927114,0.000583
4,5,9,1,0|0|0|5|1,0|2|1|0|0,0,10,3.920172,0.001030,10,3.920752,0.000592
4,5,9,1,0|0|0|5|0,0|2|1|1|0,0,10,3.878859,0.000578,10,3.878639,0.000763
4,5,9,1,0|0|0|6|0,0|2|1|0|0,0,10,3.875333,0.000711,10,3.875525,0.000568
4,5,9,1,0|0|0|0|0,0|2|2|0|5,0,10,3.922493,0.001228,10,3.923535,0.000625
4,5,9,1,0|0|0|0|1,0|2|2|0|4,0,10,3.924327,0.000920,10,3.924406,0.000991
4,5,9,1,0|0|0|0|2,0|2|2|0|3,0,10,3.923755,0.001049,10,3.924551,0.001171
4,5,9,1,0|0|0|0|3,0|2|2|0|2,0,10,3.922994,0.001225,10,3.922148,0.001158
4,5,9,1,0|0|0|0|4,0|2|2|0|1,0,10,3.921157,0.000684,10,3.921936,0.001149
4,5,9,1,0|0|0|0|5,0|2|2|0|0,0,10,3.918925,0.001109,10,3.918907,0.001087
4,5,9,1,0|0|0|0|0,0|2|2|1|4,0,10,3.943344,0.001119,10,3.943294,0.000813
4,5,9,1,0|0|0|0|1,0|2|2|1|3,0,10,3.944147,0.001071,10,3.944629,0.001265
4,5,9,1,0|0|0|0|2,0|2|2|1|2,0,10,3.944239,0.001296,10,3.943126,0.000833
4,5,9,1,0|0|0|0|3,0|2|2|1|1,0,10,3.942439,0.000871,10,3.942890,0.001027
4,5,9,1,0|0|0|0|4,0|2|2|1|0,0,10,3.940350,0.001514,10,3.939909,0.001231
4,5,9,1,0|0|0|0|0,0|2|2|2|3,1,30,3.945916,0.001298,0,,
4,5,9,1,0|0|0|0|1,0|2|2|2|2,0,10,3.946398,0.000802,10,3.946127,0.001464
4,5,9,1,0|0|0|0|2,0|2|2|2|1,0,10,3.945185,0.001214,10,3.945463,0.001191
4,5,9,1,0|0|0|0|3,0|2|2|2|0,0,10,3.941696,0.001100,10,3.942016,0.000784
4,5,9,1,0|0|0|0|0,0|2|2|3|2,0,10,3.943448,0.001327,10,3.943336,0.001408
4,5,9,1,0|0|0|0|1,0|2|2|3|1,0,10,3.944295,0.001375,10,3.943604,0.000932
4,5,9,1,0|0|0|0|2,0|2|2|3|0,0,10,3.938739,0.000780,10,3.938043,0.001080
4,5,9,1,0|0|0|0|0,0|2|2|4|1,0,10,3.933262,0.001199,10,3.932773,0.001342
4,5,9,1,0|0|0|0|1,0|2|2|4|0,0,10,3.927415,0.000656,10,3.927978,0.001125
4,5,9,1,0|0|0|0|0,0|2|2|5|0,0,10,3.886314,0.000796,10,3.886391,0.000613
4,5,9,1,0|0|0|1|0,0|2|2|0|4,0,10,3.939811,0.001466,10,3.939913,0.001443
4,5,9,1,0|0|0|1|1,0|2|2|0|3,0,10,3.941009,0.000838,10,3.941123,0.001177
4,5,9,1,0|0|0|1|2,0|2|2|0|2,0,10,3.939753,0.001619,10,3.939375,0.000619
4,5,9,1,0|0|0|1|3,0|2|2|0|1,0,10,3.938163,0.001602,10,3.937810,0.001323
4,5,9,1,0|0|0|1|4,0|2|2|0|0,0,10,3.934456,0.001271,10,3.935055,0.000700
4,5,9,1,0|0|0|1|0,0|2|2|1|3,0,10,3.945466,0.000853,10,3.945508,0.000996
4,5,9,1,0|0|0|1|1,0|2|2|1|2,0,10,3.946271,0.001100,10,3.945649,0.001099
4,5,9,1,0|0|0|1|2,0|2|2|1|1,0,10,3.944900,0.001305,10,3.944265,0.001109
4,5,9,1,0|0|0|1|3,0|2|2|1|0,0,10,3.940808,0.001336,10,3.941425,0.000982
4,5,9,1,0|0|0|1|0,0|2|2|2|2,0,10,3.944249,0.000537,10,3.943458,0.000686
4,5,9,1,0|0|0|1|1,0|2|2|2|1,0,10,3.943754,0.001171,10,3.943110,0.000891
4,5,9,1,0|0|0|1|2,0|2|2|2|0,0,10,3.939002,0.001030,10,3.938728,0.001844
4,5,9,1,0|0|0|1|0,0|2|2|3|1,0,10,3.933984,0.000568,10,3.933676,0.001174
4,5,9,1,0|0|0|1|1,0|2|2|3|0,0,10,3.928400,0.000994,10,3.928810,0.000946
4,5,9,1,0|0|0|1|0,0|2|2|4|0,0,10,3.888610,0.001109,10,3.888422,0.000970
4,5,9,1,0|0|0|2|0,0|2|2|0|3,0,10,3.941578,0.001332,10,3.942022,0.000800
4,5,9,1,0|0|0|2|1,0|2|2|0|2,0,10,3.941614,0.001446,10,3.940958,0.001166
4,5,9,1,0|0|0|2|2,0|2|2|0|1,0,10,3.938903,0.000885,10,3.939407,0.001031
4,5,9,1,0|0|0|2|3,0|2|2|0|0,0,10,3.934549,0.000624,10,3.934648,0.000819
4,5,9,1,0|0|0|2|0,0|2|2|1|2,0,10,3.941849,0.001089,10,3.941479,0.001051
4,5,9,1,0|0|0|2|1,0|2|2|1|1,0,10,3.941144,0.001108,10,3.941472,0.001446
4,5,9,1,0|0|0|2|2,0|2|2|1|0,0,10,3.935919,0.000946,10,3.935977,0.001153
4,5,9,1,0|0|0|2|0,0|2|2|2|1,0,10,3.931753,0.000926,10,3.931227,0.001036
4,5,9,1,0|0|0|2|1,0|2|2|2|0,0,10,3.926348,0.000494,10,3.925855,0.000495
4,5,9,1,0|0|0|2|0,0|2|2|3|0,0,10,3.886815,0.000702,10,3.886879,0.000517
4,5,9,1,0|0|0|3|0,0|2|2|0|2,0,10,3.937631,0.000670,10,3.937551,0.001467
4,5,9,1,0|0|0|3|1,0|2|2|0|1,0,10,3.937060,0.001241,10,3.936924,0.001013
4,5,9,1,0|0|0|3|2,0|2|2|0|0,0,10,3.929782,0.000867,10,3.929753,0.000492
4,5,9,1,0|0|0|3|0,0|2|2|1|1,0,10,3.929125,0.000449,10,3.929474,0.000474
4,5,9,1,0|0|0|3|1,0|2|2|1|0,0,10,3.923392,0.000937,10,3.923188,0.000828
4,5,9,1,0|0|0|3|0,0|2|2|2|0,0,10,3.884299,0.000437,10,3.884115,0.000506
4,5,9,1,0|0|0|4|0,0|2|2|0|1,0,10,3.925570,0.001070,10,3.925796,0.000854
4,5,9,1,0|0|0|4|1,0|2|2|0|0,0,10,3.918887,0.001294,10,3.918259,0.001156
4,5,9,1,0|0|0|4|0,0|2|2|1|0,0,10,3.881305,0.000638,10,3.881197,0.000792
4,5,9,1,0|0|0|5|0,0|2|2|0|0,0,10,3.875242,0.000527,10,3.875166,0.000761
4,5,9,1,0|0|0|0|0,0|2|3|0|4,0,10,3.917614,0.000851,10,3.917843,0.001045
4,5,9,1,0|0|0|0|1,0|2|3|0|3,0,10,3.919169,0.000880,10,3.918935,0.001162
4,5,9,1,0|0|0|0|2,0|2|3|0|2,0,10,3.917246,0.001065,10,3.917794,0.001417
4,5,9,1,0|0|0|0|3,0|2|3|0|1,0,10,3.914775,0.001081,10,3.915000,0.000904
4,5,9,1,0|0|0|0|4,0|2|3|0|0,0,10,3.909294,0.001496,10,3.909046,0.000915
4,5,9,1,0|0|0|0|0,0|2|3|1|3,0,10,3.938454,0.001635,10,3.938139,0.001097
4,5,9,1,0|0|0|0|1,0|2|3|1|2,0,10,3.939079,0.001178,10,3.939516,0.001379
4,5,9,1,0|0|0|0|2,0|2|3|1|1,0,10,3.937321,0.001440,10,3.937106,0.001136
4,5,9,1,0|0|0|0|3,0|2|3|1|0,0,10,3.932775,0.001357,10,3.932637,0.000947
4,5,9,1,0|0|0|0|0,0|2|3|2|2,0,10,3.938699,0.000736,10,3.938405,0.001121
4,5,9,1,0|0|0|0|1,0|2|3|2|1,0,10,3.937673,0.000798,10,3.937341,0.001304
4,5,9,1,0|0|0|0|2,0|2|3|2|0,0,10,3.932398,0.001046,10,3.931778,0.000861
4,5,9,1,0|0|0|0|0,0|2|3|3|1,0,10,3.927513,0.000586,10,3.928002,0.000590
4,5,9,1,0|0|0|0|1,0|2|3|3|0,0,10,3.921450,0.001111,10,3.922007,0.000989
4,5,9,1,0|0|0|0|0,0|2|3|4|0,0,10,3.878248,0.000727,10,3.878004,0.000763
4,5,9,1,0|0|0|1|0,0|2|3|0|3,0,10,3.933981,0.001076,10,3.933369,0.001279
4,5,9,1,0|0|0|1|1,0|2|3|0|2,0,10,3.933746,0.001369,10,3.933832,0.001394
4,5,9,1,0|0|0|1|2,0|2|3|0|1,0,10,3.931015,0.001940,10,3.931443,0.001157
4,5,9,1,0|0|0|1|3,0|2|3|0|0,0,10,3.923876,0.000666,10,3.924182,0.000440
4,5,9,1,0|0|0|1|0,0|2|3|1|2,0,10,3.937266,0.000948,10,3.938158,0.001199
4,5,9,1,0|0|0|1|1,0|2|3|1|1,0,10,3.936517,0.001220,10,3.937387,0.000792
4,5,9,1,0|0|0|1|2,0|2|3|1|0,0,10,3.930225,0.000686,10,3.930524,0.001025
4,5,9,1,0|0|0|1|0,0|2|3|2|1,0,10,3.927402,0.001073,10,3.927871,0.000716
4,5,9,1,0|0|0|1|1,0|2|3|2|0,0,10,3.921556,0.000815,10,3.921470,0.000777
4,5,9,1,0|0|0|1|0,0|2|3|3|0,0,10,3.879601,0.000932,10,3.879894,0.000846
4,5,9,1,0|0|0|2|0,0|2|3|0|2,0,10,3.932146,0.001224,10,3.931994,0.001036
4,5,9,1,0|0|0|2|1,0|2|3|0|1,0,10,3.930511,0.000917,10,3.930039,0.000889
4,5,9,1,0|0|0|2|2,0|2|3|0|0,0,10,3.920829,0.001276,10,3.921053,0.000854
4,5,9,1,0|0|0|2|0,0|2|3|1|1,0,10,3.925146,0.001047,10,3.924248,0.000517
4,5,9,1,0|0|0|2|1,0|2|3|1|0,0,10,3.917274,0.000501,10,3.917238,0.001017
4,5,9,1,0|0|0|2|0,0|2|3|2|0,0,10,3.876669,0.000639,10,3.876409,0.000783
4,5,9,1,0|0|0|3|0,0|2|3|0|1,0,10,3.918183,0.000872,10,3.918262,0.000561
4,5,9,1,0|0|0|3|1,0|2|3|0|0,0,10,3.908586,0.000835,10,3.909140,0.000821
4,5,9,1,0|0|0|3|0,0|2|3|1|0,0,10,3.871801,0.000532,10,3.871802,0.000868
4,5,9,1,0|0|0|4|0,0|2|3|0|0,0,10,3.862382,0.000697,10,3.862563,0.000507
4,5,9,1,0|0|0|0|0,0|2|4|0|3,0,10,3.905623,0.000622,10,3.905755,0.000694
4,5,9,1,0|0|0|0|1,0|2|4|0|2,0,10,3.907793,0.000787,10,3.907317,0.001068
4,5,9,1,0|0|0|0|2,0|2|4|0|1,0,10,3.902294,0.000958,10,3.902348,0.000931
4,5,9,1,0|0|0|0|3,0|2|4|0|0,0,10,3.891555,0.001076,10,3.891409,0.000594
4,5,9,1,0|0|0|0|0,0|2|4|1|2,0,10,3.925786,0.000833,10,3.926360,0.001285
4,5,9,1,0|0|0|0|1,0|2|4|1|1,0,10,3.925319,0.001055,10,3.925117,0.000875
4,5,9,1,0|0|0|0|2,0|2|4|1|0,0,10,3.916832,0.001595,10,3.916586,0.001186
4,5,9,1,0|0|0|0|0,0|2|4|2|1,0,10,3.916645,0.000594,10,3.916669,0.001016
4,5,9,1,0|0|0|0|1,0|2|4|2|0,0,10,3.908881,0.000969,10,3.908272,0.000746
4,5,9,1,0|0|0|0|0,0|2|4|3|0,0,10,3.860950,0.000478,10,3.860707,0.000820
4,5,9,1,0|0|0|1|0,0|2|4|0|2,0,10,3.919344,0.000944,10,3.918977,0.000647
4,5,9,1,0|0|0|1|1,0|2|4|0|1,0,10,3.916450,0.000908,10,3.916732,0.000881
4,5,9,1,0|0|0|1|2,0|2|4|0|0,0,10,3.905264,0.000782,10,3.904828,0.000724
4,5,9,1,0|0|0|1|0,0|2|4|1|1,0,10,3.915081,0.000700,10,3.915295,0.000661
4,5,9,1,0|0|0|1|1,0|2|4|1|0,0,10,3.906247,0.000735,10,3.906139,0.000556
4,5,9,1,0|0|0|1|0,0|2|4|2|0,0,10,3.862330,0.000533,10,3.861947,0.000371
4,5,9,1,0|0|0|2|0,0|2|4|0|1,0,10,3.904778,0.000727,10,3.904842,0.000759
4,5,9,1,0|0|0|2|1,0|2|4|0|0,0,10,3.892492,0.000961,10,3.892294,0.000793
4,5,9,1,0|0|0|2|0,0|2|4|1|0,0,10,3.855507,0.000518,10,3.855117,0.000428
4,5,9,1,0|0|0|3|0,0|2|4|0|0,0,10,3.841742,0.000461,10,3.841839,0.000482
4,5,9,1,0|0|0|0|0,0|2|5|0|2,0,10,3.879403,0.000678,10,3.879056,0.000408
4,5,9,1,0|0|0|0|1,0|2|5|0|1,0,10,3.878469,0.000818,10,3.878033,0.000602
4,5,9,1,0|0|0|0|2,0|2|5|0|0,0,10,3.858539,0.000514,10,3.858856,0.001274
4,5,9,1,0|0|0|0|0,0|2|5|1|1,0,10,3.892260,0.000918,10,3.892460,0.000708
4,5,9,1,0|0|0|0|1,0|2|5|1|0,0,10,3.880683,0.000967,10,3.880958,0.000809
4,5,9,1,0|0|0|0|0,0|2|5|2|0,0,10,3.830892,0.000562,10,3.831149,0.000448
4,5,9,1,0|0|0|1|0,0|2|5|0|1,0,10,3.880308,0.000596,10,3.880282,0.000558
4,5,9,1,0|0|0|1|1,0|2|5|0|0,0,10,3.863058,0.000677,10,3.863045,0.000698
4,5,9,1,0|0|0|1|0,0|2|5|1|0,0,10,3.828293,0.000346,10,3.828171,0.000453
4,5,9,1,0|0|0|2|0,0|2|5|0|0,0,10,3.808434,0.000530,10,3.808108,0.000268
4,5,9,1,0|0|0|0|0,0|2|6|0|1,0,10,3.812466,0.000766,10,3.812854,0.000565
4,5,9,1,0|0|0|0|1,0|2|6|0|0,0,10,3.788635,0.000773,10,3.789053,0.000346
4,5,9,1,0|0|0|0|0,0|2|6|1|0,0,10,3.769555,0.000367,10,3.769407,0.000471
4,5,9,1,0|0|0|1|0,0|2|6|0|0,0,10,3.746134,0.000341,10,3.746468,0.000499
4,5,9,1,0|0|0|0|0,0|2|7|0|0,0,10,3.579149,0.000445,10,3.579267,0.000437
4,5,9,1,0|0|1|0|0,0|2|0|0|6,0,10,3.921335,0.000895,10,3.921027,0.000751
4,5,9,1,0|0|1|0|1,0|2|0|0|5,0,10,3.921958,0.001587,10,3.921423,0.001207
4,5,9,1,0|0|1|0|2,0|2|0|0|4,0,10,3.921955,0.001686,10,3.922154,0.000982
4,5,9,1,0|0|1|0|3,0|2|0|0|3,0,10,3.922082,0.000662,10,3.921900,0.000945
4,5,9,1,0|0|1|0|4,0|2|0|0|2,0,10,3.921413,0.000945,10,3.921081,0.000752
4,5,9,1,0|0|1|0|5,0|2|0|0|1,0,10,3.920413,0.000734,10,3.919652,0.001158
4,5,9,1,0|0|1|0|6,0|2|0|0|0,0,10,3.917771,0.001261,10,3.917833,0.001191
4,5,9,1,0|0|1|0|0,0|2|0|1|5,0,10,3.943289,0.001796,10,3.942763,0.000978
4,5,9,1,0|0|1|0|1,0|2|0|1|4,0,10,3.943454,0.001947,10,3.943983,0.001416
4,5,9,1,0|0|1|0|2,0|2|0|1|3,0,10,3.942072,0.001194,10,3.942370,0.000594
4,5,9,1,0|0|1|0|3,0|2|0|1|2,0,10,3.942259,0.001646,10,3.942341,0.001135
4,5,9,1,0|0|1|0|4,0|2|0|1|1,0,10,3.942247,0.001002,10,3.941237,0.000964
4,5,9,1,0|0|1|0|5,0|2|0|1|0,0,10,3.939899,0.001215,10,3.940130,0.000962
4,5,9,1,0|0|1|0|0,0|2|0|2|4,0,10,3.945986,0.001428,10,3.946660,0.001324
4,5,9,1,0|0|1|0|1,0|2|0|2|3,0,10,3.946489,0.001546,10,3.946801,0.000813
4,5,9,1,0|0|1|0|2,0|2|0|2|2,0,10,3.946181,0.001184,10,3.946516,0.001119
4,5,9,1,0|0|1|0|3,0|2|0|2|1,0,10,3.945324,0.001050,10,3.944925,0.001519
4,5,9,1,0|0|1|0|4,0|2|0|2|0,0,10,3.943458,0.001003,10,3.943277,0.001071
4,5,9,1,0|0|1|0|0,0|2|0|3|3,0,10,3.945819,0.000910,10,3.945672,0.001225
4,5,9,1,0|0|1|0|1,0|2|0|3|2,0,10,3.946581,0.001074,10,3.945791,0.001045
4,5,9,1,0|0|1|0|2,0|2|0|3|1,0,10,3.944386,0.000922,10,3.945023,0.000870
4,5,9,1,0|0|1|0|3,0|2|0|3|0,0,10,3.941436,0.001110,10,3.942010,0.001139
4,5,9,1,0|0|1|0|0,0|2|0|4|2,0,10,3.941837,0.001514,10,3.941631,0.001214
4,5,9,1,0|0|1|0|1,0|2|0|4|1,0,10,3.941735,0.001291,10,3.942291,0.001016
4,5,9,1,0|0|1|0|2,0|2|0|4|0,0,10,3.936127,0.001066,10,3.936227,0.001035
4,5,9,1,0|0|1|0|0,0|2|0|5|1,0,10,3.929116,0.000566,10,3.928507,0.000872
4,5,9,1,0|0|1|0|1,0|2|0|5|0,0,10,3.922927,0.000675,10,3.923122,0.001076
4,5,9,1,0|0|1|0|0,0|2|0|6|0,0,10,3.874462,0.000727,10,3.874565,0.000783
4,5,9,1,0|0|1|1|0,0|2|0|0|5,0,10,3.939896,0.001066,10,3.938988,0.001387
4,5,9,1,0|0|1|1|1,0|2|0|0|4,0,10,3.939587,0.001444,10,3.939694,0.001189
4,5,9,1,0|0|1|1|2,0|2|0|0|3,0,10,3.939418,0.001506,10,3.939228,0.001029
4,5,9,1,0|0|1|1|3,0|2|0|0|2,0,10,3.938800,0.001080,10,3.937890,0.000803
4,5,9,1,0|0|1|1|4,0|2|0|0|1,0,10,3.936736,0.000545,10,3.937164,0.001393
4,5,9,1,0|0|1|1|5,0|2|0|0|0,0,10,3.934660,0.001289,10,3.934624,0.001191
4,5,9,1,0|0|1|1|0,0|2|0|1|4,0,10,3.945735,0.001056,10,3.945351,0.000917
4,5,9,1,0|0|1|1|1,0|2|0|1|3,0,10,3.945932,0.001061,10,3.945793,0.001031
4,5,9,1,0|0|1|1|2,0|2|0|1|2,0,10,3.945238,0.001555,10,3.945471,0.001048
4,5,9,1,0|0|1|1|3,0|2|0|1|1,0,10,3.944406,0.001001,10,3.943963,0.000998
4,5,9,1,0|0|1|1|4,0|2|0|1|0,0,10,3.941906,0.000953,10,3.941888,0.001118
4,5,9,1,0|0|1|1|0,0|2|0|2|3,0,10,3.945191,0.001005,10,3.945987,0.001228
4,5,9,1,0|0|1|1|1,0|2|0|2|2,0,10,3.946041,0.001112,10,3.946127,0.000859
4,5,9,1,0|0|1|1|2,0|2|0|2|1,0,10,3.944609,0.001240,10,3.945044,0.001405
4,5,9,1,0|0|1|1|3,0|2|0|2|0,0,10,3.941127,0.001088,10,3.941391,0.001153
4,5,9,1,0|0|1|1|0,0|2|0|3|2,0,10,3.941313,0.001002,10,3.941619,0.001452
4,5,9,1,0|0|1|1|1,0|2|0|3|1,0,10,3.941414,0.001299,10,3.941834,0.001026
4,5,9,1,0|0|1|1|2,0|2|0|3|0,0,10,3.935965,0.000868,10,3.936310,0.000952
4,5,9,1,0|0|1|1|0,0|2|0|4|1,0,10,3.928495,0.001189,10,3.928438,0.000852
4,5,9,1,0|0|1|1|1,0|2|0|4|0,0,10,3.922335,0.000789,10,3.923296,0.000847
4,5,9,1,0|0|1|1|0,0|2|0|5|0,0,10,3.875663,0.000527,10,3.875769,0.000466
4,5,9,1,0|0|1|2|0,0|2|0|0|4,0,10,3.942572,0.001081,10,3.942435,0.000778
4,5,9,1,0|0|1|2|1,0|2|0|0|3,0,10,3.942872,0.001027,10,3.942087,0.001712
4,5,9,1,0|0|1|2|2,0|2|0|0|2,0,10,3.941361,0.001168,10,3.941307,0.000727
4,5,9,1,0|0|1|2|3,0|2|0|0|1,0,10,3.939910,0.000929,10,3.939152,0.001205
4,5,9,1,0|0|1|2|4,0|2|0|0|0,0,10,3.935670,0.000921,10,3.935853,0.001378
4,5,9,1,0|0|1|2|0,0|2|0|1|3,0,10,3.943454,0.000835,10,3.943522,0.001008
4,5,9,1,0|0|1|2|1,0|2|0|1|2,0,10,3.944058,0.000800,10,3.944198,0.001427
4,5,9,1,0|0|1|2|2,0|2|0|1|1,0,10,3.942319,0.001114,10,3.942526,0.001188
4,5,9,1,0|0|1|2|3,0|2|0|1|0,0,10,3.938736,0.001770,10,3.938452,0.001153
4,5,9,1,0|0|1|2|0,0|2|0|2|2,0,10,3.940709,0.001008,10,3.940546,0.001350
4,5,9,1,0|0|1|2|1,0|2|0|2|1,0,10,3.940115,0.000939,10,3.940134,0.001498
4,5,9,1,0|0|1|2|2,0|2|0|2|0,0,10,3.933715,0.001011,10,3.934073,0.000996
4,5,9,1,0|0|1|2|0,0|2|0|3|1,0,10,3.926753,0.000986,10,3.927315,0.000733
4,5,9,1,0|0|1|2|1,0|2|0|3|0,0,10,3.921028,0.000812,10,3.920625,0.000784
4,5,9,1,0|0|1|2|0,0|2|0|4|0,0,10,3.874450,0.000799,10,3.874866,0.000641
4,5,9,1,0|0|1|3|0,0|2|0|0|3,0,10,3.940166,0.001190,10,3.941243,0.000883
4,5,9,1,0|0|1|3|1,0|2|0|0|2,0,10,3.940881,0.000932,10,3.942161,0.000841
4,5,9,1,0|0|1|3|2,0|2|0|0|1,0,10,3.938951,0.001028,10,3.937963,0.000673
4,5,9,1,0|0|1|3|3,0|2|0|0|0,0,10,3.932999,0.000753,10,3.932657,0.001544
4,5,9,1,0|0|1|3|0,0|2|0|1|2,0,10,3.937805,0.001226,10,3.938679,0.001048
4,5,9,1,0|0|1|3|1,0|2|0|1|1,0,10,3.937875,0.001464,10,3.938332,0.000983
4,5,9,1,0|0|1|3|2,0|2|0|1|0,0,10,3.931037,0.000812,10,3.931286,0.000938
4,5,9,1,0|0|1|3|0,0|2|0|2|1,0,10,3.925554,0.001051,10,3.925244,0.000919
4,5,9,1,0|0|1|3|1,0|2|0|2|0,0,10,3.918618,0.000874,10,3.918525,0.000757
4,5,9,1,0|0|1|3|0,0|2|0|3|0,0,10,3.872945,0.000586,10,3.873234,0.000571
4,5,9,1,0|0|1|4|0,0|2|0|0|2,0,10,3.935125,0.001305,10,3.935452,0.000984
4,5,9,1,0|0|1|4|1,0|2|0|0|1,0,10,3.934862,0.001313,10,3.935188,0.001109
4,5,9,1,0|0|1|4|2,0|2|0|0|0,0,10,3.926539,0.000962,10,3.926782,0.000997
4,5,9,1,0|0|1|4|0,0|2|0|1|1,0,10,3.923918,0.000937,10,3.923733,0.001188
4,5,9,1,0|0|1|4|1,0|2|0|1|0,0,10,3.916471,0.000985,10,3.916627,0.000613
4,5,9,1,0|0|1|4|0,0|2|0|2|0,0,10,3.870986,0.000698,10,3.871057,0.000517
4,5,9,1,0|0|1|5|0,0|2|0|0|1,0,10,3.920818,0.000900,10,3.920667,0.000765
4,5,9,1,0|0|1|5|1,0|2|0|0|0,0,10,3.912875,0.000679,10,3.912843,0.000882
4,5,9,1,0|0|1|5|0,0|2|0|1|0,0,10,3.868337,0.000423,10,3.868418,0.000458
4,5,9,1,0|0|1|6|0,0|2|0|0|0,0,10,3.864395,0.000631,10,3.864510,0.000783
4,5,9,1,0|0|1|0|0,0|2|1|0|5,0,10,3.923181,0.000704,10,3.923167,0.000903
4,5,9,1,0|0|1|0|1,0|2|1|0|4,0,10,3.924479,0.001007,10,3.923990,0.000495
4,5,9,1,0|0|1|0|2,0|2|1|0|3,0,10,3.923698,0.001131,10,3.923625,0.001654
4,5,9,1,0|0|1|0|3,0|2|1|0|2,0,10,3.923017,0.001151,10,3.923170,0.001451
4,5,9,1,0|0|1|0|4,0|2|1|0|1,0,10,3.920978,0.001206,10,3.921317,0.000873
4,5,9,1,0|0|1|0|5,0|2|1|0|0,0,10,3.918153,0.001038,10,3.917647,0.000845
4,5,9,1,0|0|1|0|0,0|2|1|1|4,0,10,3.942437,0.001567,10,3.942336,0.001461
4,5,9,1,0|0|1|0|1,0|2|1|1|3,0,10,3.943376,0.001442,10,3.943171,0.001063
4,5,9,1,0|0|1|0|2,0|2|1|1|2,0,10,3.942106,0.001326,10,3.942742,0.001195
4,5,9,1,0|0|1|0|3,0|2|1|1|1,0,10,3.941060,0.001259,10,3.941790,0.001268
4,5,9,1,0|0|1|0|4,0|2|1|1|0,0,10,3.939022,0.000716,10,3.939396,0.000973
4,5,9,1,0|0|1|0|0,0|2|1|2|3,0,10,3.945745,0.000554,10,3.945580,0.001172
4,5,9,1,0|0|1|0|1,0|2|1|2|2,0,10,3.945482,0.001615,10,3.945582,0.001576
4,5,9,1,0|0|1|0|2,0|2|1|2|1,0,10,3.944445,0.001071,10,3.944211,0.000686
4,5,9,1,0|0|1|0|3,0|2|1|2|0,0,10,3.940366,0.001221,10,3.940780,0.000977
4,5,9,1,0|0|1|0|0,0|2|1|3|2,0,10,3.941873,0.001226,10,3.942707,0.000794
4,5,9,1,0|0|1|0|1,0|2|1|3|1,0,10,3.942509,0.001003,10,3.942047,0.000861
4,5,9,1,0|0|1|0|2,0|2|1|3|0,0,10,3.937483,0.001082,10,3.937902,0.001097
4,5,9,1,0|0|1|0|0,0|2|1|4|1,0,10,3.931702,0.001277,10,3.932239,0.001124
4,5,9,1,0|0|1|0|1,0|2|1|4|0,0,10,3.926891,0.001156,10,3.926498,0.000592
4,5,9,1,0|0|1|0|0,0|2|1|5|0,0,10,3.885635,0.000589,10,3.885590,0.000485
4,5,9,1,0|0|1|1|0,0|2|1|0|4,0,10,3.939356,0.000888,10,3.939024,0.001159
4,5,9,1,0|0|1|1|1,0|2|1|0|3,0,10,3.938935,0.001216,10,3.938856,0.001767
4,5,9,1,0|0|1|1|2,0|2|1|0|2,0,10,3.938158,0.001460,10,3.938482,0.001242
4,5,9,1,0|0|1|1|3,0|2|1|0|1,0,10,3.935927,0.001223,10,3.935433,0.000687
4,5,9,1,0|0|1|1|4,0|2|1|0|0,0,10,3.932009,0.001179,10,3.932602,0.001213
4,5,9,1,0|0|1|1|0,0|2|1|1|3,0,10,3.944772,0.001079,10,3.944486,0.000479
4,5,9,1,0|0|1|1|1,0|2|1|1|2,0,10,3.945078,0.000983,10,3.944995,0.000891
4,5,9,1,0|0|1|1|2,0|2|1|1|1,0,10,3.944301,0.001438,10,3.943519,0.000812
4,5,9,1,0|0|1|1|3,0|2|1|1|0,0,10,3.939248,0.000815,10,3.938822,0.001043
4,5,9,1,0|0|1|1|0,0|2|1|2|2,0,10,3.941712,0.000602,10,3.942464,0.001061
4,5,9,1,0|0|1|1|1,0|2|1|2|1,0,10,3.941502,0.000556,10,3.942000,0.000666
4,5,9,1,0|0|1|1|2,0|2|1|2|0,0,10,3.937109,0.001075,10,3.937096,0.001038
4,5,9,1,0|0|1|1|0,0|2|1|3|1,0,10,3.932056,0.000928,10,3.931568,0.000811
4,5,9,1,0|0|1|1|1,0|2|1|3|0,0,10,3.926553,0.000837,10,3.926596,0.000710
4,5,9,1,0|0|1|1|0,0|2|1|4|0,0,10,3.886710,0.000572,10,3.886703,0.000661
4,5,9,1,0|0|1|2|0,0|2|1|0|3,0,10,3.940138,0.001332,10,3.940544,0.001378
4,5,9,1,0|0|1|2|1,0|2|1|0|2,0,10,3.940212,0.001196,10,3.939821,0.001292
4,5,9,1,0|0|1|2|2,0|2|1|0|1,0,10,3.937189,0.000813,10,3.937687,0.001113
4,5,9,1,0|0|1|2|3,0|2|1|0|0,0,10,3.931913,0.000652,10,3.931940,0.000792
4,5,9,1,0|0|1|2|0,0|2|1|1|2,0,10,3.940331,0.001127,10,3.939649,0.000902
4,5,9,1,0|0|1|2|1,0|2|1|1|1,0,10,3.939702,0.000855,10,3.939513,0.000824
4,5,9,1,0|0|1|2|2,0|2|1|1|0,0,10,3.933507,0.001214,10,3.933354,0.001263
4,5,9,1,0|0|1|2|0,0|2|1|2|1,0,10,3.930614,0.000585,10,3.930258,0.000644
4,5,9,1,0|0|1|2|1,0|2|1|2|0,0,10,3.924036,0.001255,10,3.924179,0.000490
4,5,9,1,0|0|1|2|0,0|2|1|3|0,0,10,3.885056,0.000704,10,3.884987,0.000705
4,5,9,1,0|0|1|3|0,0|2|1|0|2,0,10,3.936537,0.001238,10,3.935557,0.000981
4,5,9,1,0|0|1|3|1,0|2|1|0|1,0,10,3.935433,0.001063,10,3.935152,0.000796
4,5,9,1,0|0|1|3|2,0|2|1|0|0,0,10,3.927163,0.000802,10,3.927420,0.000931
4,5,9,1,0|0|1|3|0,0|2|1|1|1,0,10,3.927416,0.000729,10,3.927781,0.000966
4,5,9,1,0|0|1|3|1,0|2|1|1|0,0,10,3.920652,0.000743,10,3.920911,0.001206
4,5,9,1,0|0|1|3|0,0|2|1|2|0,0,10,3.882234,0.000427,10,3.882044,0.000567
4,5,9,1,0|0|1|4|0,0|2|1|0|1,0,10,3.923608,0.000713,10,3.923132,0.000668
4,5,9,1,0|0|1|4|1,0|2|1|0|0,0,10,3.915219,0.000849,10,3.915725,0.000654
4,5,9,1,0|0|1|4|0,0|2|1|1|0,0,10,3.878866,0.000637,10,3.879218,0.000905
4,5,9,1,0|0|1|5|0,0|2|1|0|0,0,10,3.872992,0.000471,10,3.872713,0.000662
4,5,9,1,0|0|1|0|0,0|2|2|0|4,0,10,3.917542,0.001216,10,3.917855,0.001355
4,5,9,1,0|0|1|0|1,0|2|2|0|3,0,10,3.919588,0.001044,10,3.919001,0.001285
4,5,9,1,0|0|1|0|2,0|2|2|0|2,0,10,3.917272,0.001339,10,3.917821,0.000855
4,5,9,1,0|0|1|0|3,0|2|2|0|1,0,10,3.914175,0.000806,10,3.914173,0.001061
4,5,9,1,0|0|1|0|4,0|2|2|0|0,0,10,3.908871,0.000689,10,3.908523,0.000698
4,5,9,1,0|0|1|0|0,0|2|2|1|3,0,10,3.937692,0.000805,10,3.937499,0.000851
4,5,9,1,0|0|1|0|1,0|2|2|1|2,0,10,3.938003,0.000711,10,3.938181,0.001494
4,5,9,1,0|0|1|0|2,0|2|2|1|1,0,10,3.936808,0.000736,10,3.936256,0.001226
4,5,9,1,0|0|1|0|3,0|2|2|1|0,0,10,3.931664,0.000878,10,3.930890,0.001151
4,5,9,1,0|0|1|0|0,0|2|2|2|2,0,10,3.937528,0.001391,10,3.937618,0.001187
4,5,9,1,0|0|1|0|1,0|2|2|2|1,0,10,3.937344,0.001257,10,3.936960,0.001358
4,5,9,1,0|0|1|0|2,0|2|2|2|0,0,10,3.931144,0.000903,10,3.930587,0.000779
4,5,9,1,0|0|1|0|0,0|2|2|3|1,0,10,3.926280,0.000782,10,3.926957,0.000909
4,5,9,1,0|0|1|0|1,0|2|2|3|0,0,10,3.920383,0.001052,10,3.920536,0.000629
4,5,9,1,0|0|1|0|0,0|2|2|4|0,0,10,3.877032,0.000455,10,3.877568,0.000363
4,5,9,1,0|0|1|1|0,0|2|2|0|3,0,10,3.932685,0.001011,10,3.932918,0.001317
4,5,9,1,0|0|1|1|1,0|2|2|0|2,0,10,3.932289,0.000734,10,3.932247,0.000837
4,5,9,1,0|0|1|1|2,0|2|2|0|1,0,10,3.929575,0.001201,10,3.929102,0.000930
4,5,9,1,0|0|1|1|3,0|2|2|0|0,0,10,3.921282,0.000916,10,3.922053,0.000866
4,5,9,1,0|0|1|1|0,0|2|2|1|2,0,10,3.936438,0.000813,10,3.936883,0.001460
4,5,9,1,0|0|1|1|1,0|2|2|1|1,0,10,3.935819,0.000619,10,3.935625,0.000679
4,5,9,1,0|0|1|1|2,0|2|2|1|0,0,10,3.929220,0.000518,10,3.928781,0.001311
4,5,9,1,0|0|1|1|0,0|2|2|2|1,0,10,3.926209,0.000545,10,3.925986,0.001086
4,5,9,1,0|0|1|1|1,0|2|2|2|0,0,10,3.919510,0.000746,10,3.919743,0.000755
4,5,9,1,0|0|1|1|0,0|2|2|3|0,0,10,3.878087,0.000489,10,3.878459,0.000431
4,5,9,1,0|0|1|2|0,0|2|2|0|2,0,10,3.930302,0.000796,10,3.930030,0.000511
4,5,9,1,0|0|1|2|1,0|2|2|0|1,0,10,3.927967,0.000762,10,3.927809,0.000951
4,5,9,1,0|0|1|2|2,0|2|2|0|0,0,10,3.918383,0.000909,10,3.918171,0.000721
4,5,9,1,0|0|1|2|0,0|2|2|1|1,0,10,3.922495,0.001082,10,3.922557,0.000833
4,5,9,1,0|0|1|2|1,0|2|2|1|0,0,10,3.914638,0.000544,10,3.915066,0.000528
4,5,9,1,0|0|1|2|0,0|2|2|2|0,0,10,3.875349,0.000733,10,3.875246,0.000904
4,5,9,1,0|0|1|3|0,0|2|2|0|1,0,10,3.915554,0.000761,10,3.915724,0.001185
4,5,9,1,0|0|1|3|1,0|2|2|0|0,0,10,3.906230,0.000875,10,3.905647,0.000916
4,5,9,1,0|0|1|3|0,0|2|2|1|0,0,10,3.870328,0.000434,10,3.870016,0.000871
4,5,9,1,0|0|1|4|0,0|2|2|0|0,0,10,3.861047,0.000469,10,3.860682,0.000439
4,5,9,1,0|0|1|0|0,0|2|3|0|3,0,10,3.906071,0.001019,10,3.906091,0.000816
4,5,9,1,0|0|1|0|1,0|2|3|0|2,0,10,3.906925,0.000936,10,3.906872,0.000951
4,5,9,1,0|0|1|0|2,0|2|3|0|1,0,10,3.902170,0.001060,10,3.902491,0.000939
4,5,9,1,0|0|1|0|3,0|2|3|0|0,0,10,3.890777,0.001036,10,3.890398,0.000692
4,5,9,1,0|0|1|0|0,0|2|3|1|2,0,10,3.924962,0.001306,10,3.924608,0.000945
4,5,9,1,0|0|1|0|1,0|2|3|1|1,0,10,3.924312,0.001147,10,3.923933,0.000603
4,5,9,1,0|0|1|0|2,0|2|3|1|0,0,10,3.914905,0.000929,10,3.914262,0.001006
4,5,9,1,0|0|1|0|0,0|2|3|2|1,0,10,3.915023,0.000921,10,3.914906,0.000751
4,5,9,1,0|0|1|0|1,0|2|3|2|0,0,10,3.907272,0.000778,10,3.906880,0.000639
4,5,9,1,0|0|1|0|0,0|2|3|3|0,0,10,3.860426,0.000643,10,3.860650,0.000319
4,5,9,1,0|0|1|1|0,0|2|3|0|2,0,10,3.917599,0.000972,10,3.917315,0.001004
4,5,9,1,0|0|1|1|1,0|2|3|0|1,0,10,3.914307,0.000932,10,3.913540,0.000789
4,5,9,1,0|0|1|1|2,0|2|3|0|0,0,10,3.901539,0.000469,10,3.901976,0.000783
4,5,9,1,0|0|1|1|0,0|2|3|1|1,0,10,3.912791,0.000560,10,3.912247,0.000765
4,5,9,1,0|0|1|1|1,0|2|3|1|0,0,10,3.903162,0.000712,10,3.902925,0.000477
4,5,9,1,0|0|1|1|0,0|2|3|2|0,0,10,3.860480,0.000647,10,3.860608,0.000404
4,5,9,1,0|0|1|2|0,0|2|3|0|1,0,10,3.902455,0.000746,10,3.902868,0.001027
4,5,9,1,0|0|1|2|1,0|2|3|0|0,0,10,3.888932,0.000598,10,3.889253,0.000902
4,5,9,1,0|0|1|2|0,0|2|3|1|0,0,10,3.853176,0.000416,10,3.853665,0.000624
4,5,9,1,0|0|1|3|0,0|2|3|0|0,0,10,3.839660,0.000573,10,3.839857,0.000457
4,5,9,1,0|0|1|0|0,0|2|4|0|2,0,10,3.879491,0.000865,10,3.879448,0.000427
4,5,9,1,0|0|1|0|1,0|2|4|0|1,0,10,3.877396,0.000704,10,3.876936,0.000602
4,5,9,1,0|0|1|0|2,0|2|4|0|0,0,10,3.857225,0.000694,10,3.857263,0.000795
4,5,9,1,0|0|1|0|0,0|2|4|1|1,0,10,3.890721,0.000758,10,3.891189,0.000644
4,5,9,1,0|0|1|0|1,0|2|4|1|0,0,10,3.878378,0.000773,10,3.878445,0.000812
4,5,9,1,0|0|1|0|0,0|2|4|2|0,0,10,3.830095,0.000306,10,3.830004,0.000501
4,5,9,1,0|0|1|1|0,0|2|4|0|1,0,10,3.876907,0.000744,10,3.877496,0.000628
4,5,9,1,0|0|1|1|1,0|2|4|0|0,0,10,3.859207,0.000655,10,3.858825,0.000273
4,5,9,1,0|0|1|1|0,0|2|4|1|0,0,10,3.825681,0.000410,10,3.825613,0.000552
4,5,9,1,0|0|1|2|0,0|2|4|0|0,0,10,3.805645,0.000539,10,3.805626,0.000429
4,5,9,1,0|0|1|0|0,0|2|5|0|1,0,10,3.812502,0.000633,10,3.812385,0.000537
4,5,9,1,0|0|1|0|1,0|2|5|0|0,0,10,3.787690,0.000403,10,3.787611,0.000662
4,5,9,1,0|0|1|0|0,0|2|5|1|0,0,10,3.768442,0.000419,10,3.768844,0.000590
4,5,9,1,0|0|1|1|0,0|2|5|0|0,0,10,3.743678,0.000716,10,3.743521,0.000550
4,5,9,1,0|0|1|0|0,0|2|6|0|0,0,10,3.584537,0.000407,10,3.584619,0.000419
4,5,9,1,0|0|2|0|0,0|2|0|0|5,0,10,3.922401,0.000726,10,3.921887,0.000864
4,5,9,1,0|0|2|0|1,0|2|0|0|4,0,10,3.923751,0.001327,10,3.923465,0.001235
4,5,9,1,0|0|2|0|2,0|2|0|0|3,0,10,3.922523,0.000958,10,3.922587,0.001777
4,5,9,1,0|0|2|0|3,0|2|0|0|2,0,10,3.921371,0.001331,10,3.920824,0.000949
4,5,9,1,0|0|2|0|4,0|2|0|0|1,0,10,3.919618,0.001076,10,3.919722,0.001321
4,5,9,1,0|0|2|0|5,0|2|0|0|0,0,10,3.915476,0.000984,10,3.915301,0.000916
4,5,9,1,0|0|2|0|0,0|2|0|1|4,0,10,3.941600,0.000777,10,3.941223,0.000928
4,5,9,1,0|0|2|0|1,0|2|0|1|3,0,10,3.942738,0.000948,10,3.942438,0.001388
4,5,9,1,0|0|2|0|2,0|2|0|1|2,0,10,3.941568,0.000932,10,3.941518,0.001385
4,5,9,1,0|0|2|0|3,0|2|0|1|1,0,10,3.940812,0.001138,10,3.940135,0.001662
4,5,9,1,0|0|2|0|4,0|2|0|1|0,0,10,3.937059,0.000865,10,3.936968,0.001158
4,5,9,1,0|0|2|0|0,0|2|0|2|3,0,10,3.943310,0.000594,10,3.944147,0.000900
4,5,9,1,0|0|2|0|1,0|2|0|2|2,0,10,3.944568,0.000543,10,3.944658,0.001171
4,5,9,1,0|0|2|0|2,0|2|0|2|1,0,10,3.943031,0.001276,10,3.943088,0.001259
4,5,9,1,0|0|2|0|3,0|2|0|2|0,0,10,3.938533,0.001220,10,3.939281,0.001282
4,5,9,1,0|0|2|0|0,0|2|0|3|2,0,10,3.941206,0.001099,10,3.940137,0.001322
4,5,9,1,0|0|2|0|1,0|2|0|3|1,0,10,3.940684,0.001145,10,3.941158,0.000881
4,5,9,1,0|0|2|0|2,0|2|0|3|0,0,10,3.935952,0.000887,10,3.934631,0.001127
4,5,9,1,0|0|2|0|0,0|2|0|4|1,0,10,3.929465,0.000669,10,3.929310,0.000802
4,5,9,1,0|0|2|0|1,0|2|0|4|0,0,10,3.923539,0.000908,10,3.923791,0.001139
4,5,9,1,0|0|2|0|0,0|2|0|5|0,0,10,3.881408,0.000559,10,3.881244,0.000431
4,5,9,1,0|0|2|1|0,0|2|0|0|4,0,10,3.936997,0.001126,10,3.937418,0.001152
4,5,9,1,0|0|2|1|1,0|2|0|0|3,0,10,3.937629,0.000907,10,3.937815,0.001415
4,5,9,1,0|0|2|1|2,0|2|0|0|2,0,10,3.935585,0.001203,10,3.936459,0.001128
4,5,9,1,0|0|2|1|3,0|2|0|0|1,0,10,3.933886,0.001027,10,3.933788,0.000658
4,5,9,1,0|0|2|1|4,0|2|0|0|0,0,10,3.929501,0.001176,10,3.929188,0.001569
4,5,9,1,0|0|2|1|0,0|2|0|1|3,0,10,3.942548,0.001086,10,3.942497,0.001099
4,5,9,1,0|0|2|1|1,0|2|0|1|2,0,10,3.943397,0.001011,10,3.943448,0.000928
4,5,9,1,0|0|2|1|2,0|2|0|1|1,0,10,3.941232,0.001261,10,3.941372,0.001041
4,5,9,1,0|0|2|1|3,0|2|0|1|0,0,10,3.937051,0.000996,10,3.937178,0.001323
4,5,9,1,0|0|2|1|0,0|2|0|2|2,0,10,3.941132,0.000964,10,3.940873,0.000907
4,5,9,1,0|0|2|1|1,0|2|0|2|1,0,10,3.940279,0.001219,10,3.940041,0.000886
4,5,9,1,0|0|2|1|2,0|2|0|2|0,0,10,3.934435,0.001291,10,3.934302,0.000774
4,5,9,1,0|0|2|1|0,0|2|0|3|1,0,10,3.929860,0.000723,10,3.929916,0.000926
4,5,9,1,0|0|2|1|1,0|2|0|3|0,0,10,3.924277,0.000818,10,3.923565,0.000970
4,5,9,1,0|0|2|1|0,0|2|0|4|0,0,10,3.882667,0.000850,10,3.882503,0.000464
4,5,9,1,0|0|2|2|0,0|2|0|0|3,0,10,3.938098,0.001040,10,3.937506,0.001211
4,5,9,1,0|0|2|2|1,0|2|0|0|2,0,10,3.938028,0.001028,10,3.938236,0.001412
4,5,9,1,0|0|2|2|2,0|2|0|0|1,0,10,3.934630,0.000886,10,3.934844,0.001268
4,5,9,1,0|0|2|2|3,0|2|0|0|0,0,10,3.928535,0.001125,10,3.927930,0.001353
4,5,9,1,0|0|2|2|0,0|2|0|1|2,0,10,3.938050,0.000780,10,3.938604,0.000978
4,5,9,1,0|0|2|2|1,0|2|0|1|1,0,10,3.937343,0.001115,10,3.936764,0.000828
4,5,9,1,0|0|2|2|2,0|2|0|1|0,0,10,3.930628,0.000971,10,3.930408,0.001239
4,5,9,1,0|0|2|2|0,0|2|0|2|1,0,10,3.927273,0.000902,10,3.927494,0.000824
4,5,9,1,0|0|2|2|1,0|2|0|2|0,0,10,3.920902,0.000721,10,3.921044,0.000653
4,5,9,1,0|0|2|2|0,0|2|0|3|0,0,10,3.880565,0.000417,10,3.880548,0.000472
4,5,9,1,0|0|2|3|0,0|2|0|0|2,0,10,3.932733,0.001033,10,3.932896,0.001105
4,5,9,1,0|0|2|3|1,0|2|0|0|1,0,10,3.932271,0.000826,10,3.931924,0.000904
4,5,9,1,0|0|2|3|2,0|2|0|0|0,0,10,3.922573,0.001152,10,3.922987,0.000547
4,5,9,1,0|0|2|3|0,0|2|0|1|1,0,10,3.924581,0.000956,10,3.924111,0.001197
4,5,9,1,0|0|2|3|1,0|2|0|1|0,0,10,3.916781,0.000712,10,3.916958,0.000829
4,5,9,1,0|0|2|3|0,0|2|0|2|0,0,10,3.877416,0.000705,10,3.877063,0.000490
4,5,9,1,0|0|2|4|0,0|2|0|0|1,0,10,3.919586,0.000764,10,3.918859,0.000672
4,5,9,1,0|0|2|4|1,0|2|0|0|0,0,10,3.910308,0.000826,10,3.910259,0.001000
4,5,9,1,0|0|2|4|0,0|2|0|1|0,0,10,3.873235,0.000518,10,3.873138,0.000730
4,5,9,1,0|0|2|5|0,0|2|0|0|0,0,10,3.865781,0.000684,10,3.865726,0.000588
4,5,9,1,0|0|2|0|0,0|2|1|0|4,0,10,3.917485,0.000920,10,3.917535,0.000769
4,5,9,1,0|0|2|0|1,0|2|1|0|3,0,10,3.918832,0.001049,10,3.918429,0.000750
4,5,9,1,0|0|2|0|2,0|2|1|0|2,0,10,3.916841,0.000961,10,3.917037,0.001052
4,5,9,1,0|0|2|0|3,0|2|1|0|1,0,10,3.913059,0.000848,10,3.913291,0.000883
4,5,9,1,0|0|2|0|4,0|2|1|0|0,0,10,3.906700,0.000444,10,3.906485,0.000926
4,5,9,1,0|0|2|0|0,0|2|1|1|3,0,10,3.937606,0.000885,10,3.937217,0.000684
4,5,9,1,0|0|2|0|1,0|2|1|1|2,0,10,3.937340,0.000902,10,3.937623,0.001020
4,5,9,1,0|0|2|0|2,0|2|1|1|1,0,10,3.935406,0.001116,10,3.935220,0.001242
4,5,9,1,0|0|2|0|3,0|2|1|1|0,0,10,3.929958,0.001229,10,3.930734,0.001078
4,5,9,1,0|0|2|0|0,0|2|1|2|2,0,10,3.935848,0.000677,10,3.936527,0.001334
4,5,9,1,0|0|2|0|1,0|2|1|2|1,0,10,3.936264,0.000931,10,3.935710,0.001487
4,5,9,1,0|0|2|0|2,0|2|1|2|0,0,10,3.929125,0.001085,10,3.929291,0.000492
4,5,9,1,0|0|2|0|0,0|2|1|3|1,0,10,3.925389,0.000729,10,3.925277,0.001168
4,5,9,1,0|0|2|0|1,0|2|1|3|0,0,10,3.918733,0.000835,10,3.918815,0.001101
4,5,9,1,0|0|2|0|0,0|2|1|4|0,0,10,3.875698,0.000534,10,3.874981,0.000734
4,5,9,1,0|0|2|1|0,0|2|1|0|3,0,10,3.931481,0.001113,10,3.931662,0.001121
4,5,9,1,0|0|2|1|1,0|2|1|0|2,0,10,3.931292,0.001131,10,3.930584,0.000962
4,5,9,1,0|0|2|1|2,0|2|1|0|1,0,10,3.926977,0.000612,10,3.927401,0.000996
4,5,9,1,0|0|2|1|3,0|2|1|0|0,0,10,3.920292,0.001492,10,3.920040,0.000473
4,5,9,1,0|0|2|1|0,0|2|1|1|2,0,10,3.934565,0.001229,10,3.935134,0.001113
4,5,9,1,0|0|2|1|1,0|2|1|1|1,0,10,3.933802,0.000992,10,3.933529,0.001120
4,5,9,1,0|0|2|1|2,0|2|1|1|0,0,10,3.926779,0.001133,10,3.926520,0.001093
4,5,9,1,0|0|2|1|0,0|2|1|2|1,0,10,3.924368,0.001126,10,3.924341,0.000782
4,5,9,1,0|0|2|1|1,0|2|1|2|0,0,10,3.918016,0.000725,10,3.917844,0.001002
4,5,9,1,0|0|2|1|0,0|2|1|3|0,0,10,3.876185,0.000501,10,3.876581,0.000700
4,5,9,1,0|0|2|2|0,0|2|1|0|2,0,10,3.928044,0.001158,10,3.927611,0.000798
4,5,9,1,0|0|2|2|1,0|2|1|0|1,0,10,3.925887,0.000854,10,3.925755,0.000869
4,5,9,1,0|0|2|2|2,0|2|1|0|0,0,10,3.915412,0.000762,10,3.914882,0.000834
4,5,9,1,0|0|2|2|0,0|2|1|1|1,0,10,3.920327,0.000532,10,3.920430,0.001066
4,5,9,1,0|0|2|2|1,0|2|1|1|0,0,10,3.912401,0.000922,10,3.912577,0.000787
4,5,9,1,0|0|2|2|0,0|2|1|2|0,0,10,3.872948,0.000932,10,3.872567,0.000534
4,5,9,1,0|0|2|3|0,0|2|1|0|1,0,10,3.913163,0.000745,10,3.913766,0.000939
4,5,9,1,0|0|2|3|1,0|2|1|0|0,0,10,3.902528,0.000500,10,3.902432,0.000837
4,5,9,1,0|0|2|3|0,0|2|1|1|0,0,10,3.867067,0.000607,10,3.866837,0.000707
4,5,9,1,0|0|2|4|0,0|2|1|0|0,0,10,3.856205,0.000701,10,3.856533,0.000254
4,5,9,1,0|0|2|0|0,0|2|2|0|3,0,10,3.905200,0.000772,10,3.904770,0.001071
4,5,9,1,0|0|2|0|1,0|2|2|0|2,0,10,3.905418,0.001190,10,3.905795,0.001110
4,5,9,1,0|0|2|0|2,0|2|2|0|1,0,10,3.900559,0.001510,10,3.901237,0.000867
4,5,9,1,0|0|2|0|3,0|2|2|0|0,0,10,3.888741,0.000647,10,3.888187,0.000664
4,5,9,1,0|0|2|0|0,0|2|2|1|2,0,10,3.923620,0.000836,10,3.923677,0.000701
4,5,9,1,0|0|2|0|1,0|2|2|1|1,0,10,3.922918,0.000943,10,3.922911,0.000852
4,5,9,1,0|0|2|0|2,0|2|2|1|0,0,10,3.913072,0.000990,10,3.913690,0.001065
4,5,9,1,0|0|2|0|0,0|2|2|2|1,0,10,3.913992,0.000877,10,3.913788,0.000433
4,5,9,1,0|0|2|0|1,0|2|2|2|0,0,10,3.905473,0.000484,10,3.905371,0.000876
4,5,9,1,0|0|2|0|0,0|2|2|3|0,0,10,3.858744,0.000448,10,3.858533,0.000578
4,5,9,1,0|0|2|1|0,0|2|2|0|2,0,10,3.915660,0.000874,10,3.915129,0.000880
4,5,9,1,0|0|2|1|1,0|2|2|0|1,0,10,3.912044,0.001174,10,3.912543,0.000764
4,5,9,1,0|0|2|1|2,0|2|2|0|0,0,10,3.898108,0.000896,10,3.899179,0.000806
4,5,9,1,0|0|2|1|0,0|2|2|1|1,0,10,3.911018,0.000972,10,3.910798,0.000689
4,5,9,1,0|0|2|1|1,0|2|2|1|0,0,10,3.901211,0.000578,10,3.900993,0.000771
4,5,9,1,0|0|2|1|0,0|2|2|2|0,0,10,3.858747,0.000684,10,3.858709,0.000581
4,5,9,1,0|0|2|2|0,0|2|2|0|1,0,10,3.899885,0.000703,10,3.900297,0.000573
4,5,9,1,0|0|2|2|1,0|2|2|0|0,0,10,3.886029,0.000473,10,3.885891,0.000345
4,5,9,1,0|0|2|2|0,0|2|2|1|0,0,10,3.850866,0.000462,10,3.851012,0.000517
4,5,9,1,0|0|2|3|0,0|2|2|0|0,0,10,3.835621,0.000677,10,3.836259,0.000414
4,5,9,1,0|0|2|0|0,0|2|3|0|2,0,10,3.878175,0.000957,10,3.878454,0.000773
4,5,9,1,0|0|2|0|1,0|2|3|0|1,0,10,3.876031,0.000956,10,3.876112,0.000917
4,5,9,1,0|0|2|0|2,0|2|3|0|0,0,10,3.855395,0.000683,10,3.855772,0.000525
4,5,9,1,0|0|2|0|0,0|2|3|1|1,0,10,3.889115,0.000865,10,3.889209,0.000650
4,5,9,1,0|0|2|0|1,0|2|3|1|0,0,10,3.876517,0.000545,10,3.876411,0.000782
4,5,9,1,0|0|2|0|0,0|2|3|2|0,0,10,3.828467,0.000541,10,3.828364,0.000370
4,5,9,1,0|0|2|1|0,0|2|3|0|1,0,10,3.875391,0.000554,10,3.874998,0.000645
4,5,9,1,0|0|2|1|1,0|2|3|0|0,0,10,3.856610,0.000832,10,3.856260,0.000623
4,5,9,1,0|0|2|1|0,0|2|3|1|0,0,10,3.823784,0.000548,10,3.823988,0.000454
4,5,9,1,0|0|2|2|0,0|2|3|0|0,0,10,3.801972,0.000407,10,3.802497,0.000327
4,5,9,1,0|0|2|0|0,0|2|4|0|1,0,10,3.812174,0.000820,10,3.812025,0.000425
4,5,9,1,0|0|2|0|1,0|2|4|0|0,0,10,3.786471,0.000618,10,3.786558,0.000465
4,5,9,1,0|0|2|0|0,0|2|4|1|0,0,10,3.767902,0.000410,10,3.767852,0.000442
4,5,9,1,0|0|2|1|0,0|2|4|0|0,0,10,3.741168,0.000482,10,3.741829,0.000521
4,5,9,1,0|0|2|0|0,0|2|5|0|0,0,10,3.586982,0.000396,10,3.586875,0.000422
4,5,9,1,0|0|3|0|0,0|2|0|0|4,0,10,3.916146,0.001044,10,3.916343,0.001002
4,5,9,1,0|0|3|0|1,0|2|0|0|3,0,10,3.918338,0.000869,10,3.917471,0.000909
4,5,9,1,0|0|3|0|2,0|2|0|0|2,0,10,3.916046,0.001451,10,3.915575,0.001159
4,5,9,1,0|0|3|0|3,0|2|0|0|1,0,10,3.912076,0.000928,10,3.912022,0.001369
4,5,9,1,0|0|3|0|4,0|2|0|0|0,0,10,3.904576,0.000620,10,3.904911,0.001073
4,5,9,1,0|0|3|0|0,0|2|0|1|3,0,10,3.936011,0.000720,10,3.935757,0.001121
4,5,9,1,0|0|3|0|1,0|2|0|1|2,0,10,3.936122,0.001201,10,3.937116,0.001110
4,5,9,1,0|0|3|0|2,0|2|0|1|1,0,10,3.934637,0.001129,10,3.933495,0.000737
4,5,9,1,0|0|3|0|3,0|2|0|1|0,0,10,3.928928,0.000678,10,3.929287,0.001487
4,5,9,1,0|0|3|0|0,0|2|0|2|2,0,10,3.935478,0.000894,10,3.935260,0.000911
4,5,9,1,0|0|3|0|1,0|2|0|2|1,0,10,3.935257,0.000842,10,3.935459,0.000852
4,5,9,1,0|0|3|0|2,0|2|0|2|0,0,10,3.928018,0.000685,10,3.928033,0.000620
4,5,9,1,0|0|3|0|0,0|2|0|3|1,0,10,3.924056,0.000709,10,3.924159,0.000614
4,5,9,1,0|0|3|0|1,0|2|0|3|0,0,10,3.917174,0.000940,10,3.916901,0.000730
4,5,9,1,0|0|3|0|0,0|2|0|4|0,0,10,3.873444,0.000541,10,3.873090,0.000464
4,5,9,1,0|0|3|1|0,0|2|0|0|3,0,10,3.930317,0.000693,10,3.930376,0.000717
4,5,9,1,0|0|3|1|1,0|2|0|0|2,0,10,3.930481,0.000837,10,3.930376,0.001012
4,5,9,1,0|0|3|1|2,0|2|0|0|1,0,10,3.925968,0.001108,10,3.926467,0.001194
4,5,9,1,0|0|3|1|3,0|2|0|0|0,0,10,3.918257,0.000775,10,3.918253,0.001192
4,5,9,1,0|0|3|1|0,0|2|0|1|2,0,10,3.934311,0.001223,10,3.934251,0.000593
4,5,9,1,0|0|3|1|1,0|2|0|1|1,0,10,3.933579,0.000926,10,3.933147,0.001188
4,5,9,1,0|0|3|1|2,0|2|0|1|0,0,10,3.925470,0.001084,10,3.925814,0.001217
4,5,9,1,0|0|3|1|0,0|2|0|2|1,0,10,3.924152,0.000454,10,3.923994,0.000643
4,5,9,1,0|0|3|1|1,0|2|0|2|0,0,10,3.916480,0.000619,10,3.916452,0.001074
4,5,9,1,0|0|3|1|0,0|2|0|3|0,0,10,3.874775,0.000745,10,3.875143,0.000544
4,5,9,1,0|0|3|2|0,0|2|0|0|2,0,10,3.926592,0.000846,10,3.926944,0.001039
4,5,9,1,0|0|3|2|1,0|2|0|0|1,0,10,3.924707,0.001216,10,3.924824,0.000643
4,5,9,1,0|0|3|2|2,0|2|0|0|0,0,10,3.913522,0.000704,10,3.913492,0.000734
4,5,9,1,0|0|3|2|0,0|2|0|1|1,0,10,3.919319,0.000437,10,3.919854,0.000699
4,5,9,1,0|0|3|2|1,0|2|0|1|0,0,10,3.911121,0.000489,10,3.910593,0.000741
4,5,9,1,0|0|3|2|0,0|2|0|2|0,0,10,3.870461,0.000593,10,3.870407,0.000783
4,5,9,1,0|0|3|3|0,0|2|0|0|1,0,10,3.911458,0.000816,10,3.911087,0.000746
4,5,9,1,0|0|3|3|1,0|2|0|0|0,0,10,3.899784,0.000979,10,3.900353,0.000811
4,5,9,1,0|0|3|3|0,0|2|0|1|0,0,10,3.864411,0.000777,10,3.864579,0.000395
4,5,9,1,0|0|3|4|0,0|2|0|0|0,0,10,3.852956,0.000508,10,3.853069,0.000412
4,5,9,1,0|0|3|0|0,0|2|1|0|3,0,10,3.904534,0.001124,10,3.905182,0.001204
4,5,9,1,0|0|3|0|1,0|2|1|0|2,0,10,3.905422,0.000733,10,3.906389,0.001009
4,5,9,1,0|0|3|0|2,0|2|1|0|1,0,10,3.900009,0.000940,10,3.900533,0.001163
4,5,9,1,0|0|3|0|3,0|2|1|0|0,0,10,3.887341,0.000666,10,3.887069,0.000697
4,5,9,1,0|0|3|0|0,0|2|1|1|2,0,10,3.924364,0.000999,10,3.923059,0.001140
4,5,9,1,0|0|3|0|1,0|2|1|1|1,0,10,3.922342,0.000839,10,3.922609,0.001061
4,5,9,1,0|0|3|0|2,0|2|1|1|0,0,10,3.912255,0.000644,10,3.912506,0.001227
4,5,9,1,0|0|3|0|0,0|2|1|2|1,0,10,3.913258,0.000850,10,3.913002,0.000916
4,5,9,1,0|0|3|0|1,0|2|1|2|0,0,10,3.904281,0.000584,10,3.904855,0.000471
4,5,9,1,0|0|3|0|0,0|2|1|3|0,0,10,3.857413,0.000368,10,3.857553,0.000642
4,5,9,1,0|0|3|1|0,0|2|1|0|2,0,10,3.914841,0.000717,10,3.914609,0.000628
4,5,9,1,0|0|3|1|1,0|2|1|0|1,0,10,3.911447,0.000734,10,3.912004,0.000787
4,5,9,1,0|0|3|1|2,0|2|1|0|0,0,10,3.897767,0.000777,10,3.898515,0.000484
4,5,9,1,0|0|3|1|0,0|2|1|1|1,0,10,3.910771,0.000890,10,3.910768,0.000746
4,5,9,1,0|0|3|1|1,0|2|1|1|0,0,10,3.900533,0.000994,10,3.900725,0.000745
4,5,9,1,0|0|3|1|0,0|2|1|2|0,0,10,3.857568,0.000551,10,3.857728,0.000593
4,5,9,1,0|0|3|2|0,0|2|1|0|1,0,10,3.898541,0.000940,10,3.899007,0.000679
4,5,9,1,0|0|3|2|1,0|2|1|0|0,0,10,3.884829,0.000689,10,3.884474,0.000913
4,5,9,1,0|0|3|2|0,0|2|1|1|0,0,10,3.849661,0.000420,10,3.849895,0.000607
4,5,9,1,0|0|3|3|0,0|2|1|0|0,0,10,3.833707,0.000566,10,3.833894,0.000533
4,5,9,1,0|0|3|0|0,0|2|2|0|2,0,10,3.878174,0.000565,10,3.877413,0.001048
4,5,9,1,0|0|3|0|1,0|2|2|0|1,0,10,3.875601,0.000748,10,3.875469,0.000888
4,5,9,1,0|0|3|0|2,0|2|2|0|0,0,10,3.854236,0.000998,10,3.854563,0.000645
4,5,9,1,0|0|3|0|0,0|2|2|1|1,0,10,3.888787,0.000569,10,3.888811,0.000636
4,5,9,1,0|0|3|0|1,0|2|2|1|0,0,10,3.875580,0.000735,10,3.875688,0.000724
4,5,9,1,0|0|3|0|0,0|2|2|2|0,0,10,3.827702,0.000419,10,3.827536,0.000576
4,5,9,1,0|0|3|1|0,0|2|2|0|1,0,10,3.874676,0.001116,10,3.874651,0.000887
4,5,9,1,0|0|3|1|1,0|2|2|0|0,0,10,3.855756,0.000463,10,3.855176,0.000516
4,5,9,1,0|0|3|1|0,0|2|2|1|0,0,10,3.823435,0.000471,10,3.823376,0.000405
4,5,9,1,0|0|3|2|0,0|2|2|0|0,0,10,3.800861,0.000594,10,3.800800,0.000498
4,5,9,1,0|0|3|0|0,0|2|3|0|1,0,10,3.811935,0.000573,10,3.811462,0.000794
4,5,9,1,0|0|3|0|1,0|2|3|0|0,0,10,3.786103,0.000803,10,3.786380,0.000488
4,5,9,1,0|0|3|0|0,0|2|3|1|0,0,10,3.767605,0.000398,10,3.767651,0.000507
4,5,9,1,0|0|3|1|0,0|2|3|0|0,0,10,3.741274,0.000573,10,3.741717,0.000502
4,5,9,1,0|0|3|0|0,0|2|4|0|0,0,10,3.587626,0.000467,10,3.587999,0.000393
4,5,9,1,0|0|4|0|0,0|2|0|0|3,0,10,3.904305,0.001013,10,3.904137,0.001054
4,5,9,1,0|0|4|0|1,0|2|0|0|2,0,10,3.904967,0.001488,10,3.905614,0.000912
4,5,9,1,0|0|4|0|2,0|2|0|0|1,0,10,3.899571,0.000978,10,3.899560,0.000442
4,5,9,1,0|0|4|0|3,0|2|0|0|0,0,10,3.886546,0.001155,10,3.886686,0.001229
4,5,9,1,0|0|4|0|0,0|2|0|1|2,0,10,3.923553,0.000859,10,3.923322,0.000808
4,5,9,1,0|0|4|0|1,0|2|0|1|1,0,10,3.922079,0.001179,10,3.921573,0.000992
4,5,9,1,0|0|4|0|2,0|2|0|1|0,0,10,3.911959,0.000893,10,3.912367,0.000523
4,5,9,1,0|0|4|0|0,0|2|0|2|1,0,10,3.912842,0.000710,10,3.912636,0.000569
4,5,9,1,0|0|4|0|1,0|2|0|2|0,0,10,3.903523,0.000801,10,3.903626,0.000873
4,5,9,1,0|0|4|0|0,0|2|0|3|0,0,10,3.856509,0.000548,10,3.856685,0.000713
4,5,9,1,0|0|4|1|0,0|2|0|0|2,0,10,3.914586,0.000839,10,3.913841,0.000968
4,5,9,1,0|0|4|1|1,0|2|0|0|1,0,10,3.911490,0.000819,10,3.911602,0.000975
4,5,9,1,0|0|4|1|2,0|2|0|0|0,0,10,3.897446,0.001267,10,3.897052,0.000702
4,5,9,1,0|0|4|1|0,0|2|0|1|1,0,10,3.910148,0.000769,10,3.910285,0.001004
4,5,9,1,0|0|4|1|1,0|2|0|1|0,0,10,3.899422,0.000626,10,3.900205,0.000527
4,5,9,1,0|0|4|1|0,0|2|0|2|0,0,10,3.857462,0.000443,10,3.857510,0.000528
4,5,9,1,0|0|4|2|0,0|2|0|0|1,0,10,3.898089,0.000666,10,3.898022,0.000543
4,5,9,1,0|0|4|2|1,0|2|0|0|0,0,10,3.883548,0.000853,10,3.883688,0.000827
4,5,9,1,0|0|4|2|0,0|2|0|1|0,0,10,3.849061,0.000478,10,3.848727,0.000426
4,5,9,1,0|0|4|3|0,0|2|0|0|0,0,10,3.832561,0.000539,10,3.832092,0.000586
4,5,9,1,0|0|4|0|0,0|2|1|0|2,0,10,3.877737,0.000932,10,3.877940,0.000581
4,5,9,1,0|0|4|0|1,0|2|1|0|1,0,10,3.875208,0.000973,10,3.875432,0.000802
4,5,9,1,0|0|4|0|2,0|2|1|0|0,0,10,3.854055,0.000593,10,3.853659,0.000717
4,5,9,1,0|0|4|0|0,0|2|1|1|1,0,10,3.888417,0.000801,10,3.888467,0.000783
4,5,9,1,0|0|4|0|1,0|2|1|1|0,0,10,3.875912,0.000586,10,3.875450,0.000858
4,5,9,1,0|0|4|0|0,0|2|1|2|0,0,10,3.826973,0.000606,10,3.826831,0.000712
4,5,9,1,0|0|4|1|0,0|2|1|0|1,0,10,3.874782,0.000613,10,3.873967,0.000750
4,5,9,1,0|0|4|1|1,0|2|1|0|0,0,10,3.855044,0.000687,10,3.854943,0.000478
4,5,9,1,0|0|4|1|0,0|2|1|1|0,0,10,3.823275,0.000577,10,3.822999,0.000664
4,5,9,1,0|0|4|2|0,0|2|1|0|0,0,10,3.799772,0.000581,10,3.800143,0.000603
4,5,9,1,0|0|4|0|0,0|2|2|0|1,0,10,3.811568,0.000543,10,3.811784,0.000549
4,5,9,1,0|0|4|0|1,0|2|2|0|0,0,10,3.785817,0.000534,10,3.786181,0.000674
4,5,9,1,0|0|4|0|0,0|2|2|1|0,0,10,3.767456,0.000713,10,3.767445,0.000328
4,5,9,1,0|0|4|1|0,0|2|2|0|0,0,10,3.741172,0.000395,10,3.741340,0.000601
4,5,9,1,0|0|4|0|0,0|2|3|0|0,0,10,3.588456,0.000391,10,3.588183,0.000373
4,5,9,1,0|0|5|0|0,0|2|0|0|2,0,10,3.877514,0.000908,10,3.877392,0.001044
4,5,9,1,0|0|5|0|1,0|2|0|0|1,0,10,3.875300,0.001091,10,3.875441,0.000993
4,5,9,1,0|0|5|0|2,0|2|0|0|0,0,10,3.853532,0.000756,10,3.853727,0.001083
4,5,9,1,0|0|5|0|0,0|2|0|1|1,0,10,3.888228,0.000749,10,3.888305,0.000766
4,5,9,1,0|0|5|0|1,0|2|0|1|0,0,10,3.875571,0.000809,10,3.875688,0.000659
4,5,9,1,0|0|5|0|0,0|2|0|2|0,0,10,3.826803,0.000369,10,3.826773,0.000500
4,5,9,1,0|0|5|1|0,0|2|0|0|1,0,10,3.874206,0.000586,10,3.874099,0.000845
4,5,9,1,0|0|5|1|1,0|2|0|0|0,0,10,3.855017,0.000581,10,3.854921,0.000490
4,5,9,1,0|0|5|1|0,0|2|0|1|0,0,10,3.823056,0.000524,10,3.823173,0.000497
4,5,9,1,0|0|5|2|0,0|2|0|0|0,0,10,3.799930,0.000452,10,3.799426,0.000536
4,5,9,1,0|0|5|0|0,0|2|1|0|1,0,10,3.811705,0.000803,10,3.811693,0.000675
4,5,9,1,0|0|5|0|1,0|2|1|0|0,0,10,3.786256,0.000487,10,3.785806,0.000640
4,5,9,1,0|0|5|0|0,0|2|1|1|0,0,10,3.767257,0.000554,10,3.767263,0.000341
4,5,9,1,0|0|5|1|0,0|2|1|0|0,0,10,3.741154,0.000666,10,3.740858,0.000456
4,5,9,1,0|0|5|0|0,0|2|2|0|0,0,10,3.588473,0.000476,10,3.588688,0.000591
4,5,9,1,0|0|6|0|0,0|2|0|0|1,0,10,3.811083,0.000386,10,3.811724,0.000793
4,5,9,1,0|0|6|0|1,0|2|0|0|0,0,10,3.785822,0.000669,10,3.786089,0.000547
4,5,9,1,0|0|6|0|0,0|2|0|1|0,0,10,3.767322,0.000375,10,3.767108,0.000606
4,5,9,1,0|0|6|1|0,0|2|0|0|0,0,10,3.740864,0.000411,10,3.740958,0.000593
4,5,9,1,0|0|6|0|0,0|2|1|0|0,0,10,3.588548,0.000560,10,3.588707,0.000668
4,5,9,1,0|0|7|0|0,0|2|0|0|0,0,10,3.588207,0.000478,10,3.588155,0.000620
4,5,9,1,0|0|0|0|0,0|3|0|0|6,0,10,3.891846,0.001349,10,3.892207,0.001555
4,5,9,1,0|0|0|0|1,0|3|0|0|5,0,10,3.893060,0.001297,10,3.893448,0.001077
4,5,9,1,0|0|0|0|2,0|3|0|0|4,0,10,3.893086,0.001061,10,3.892094,0.000785
4,5,9,1,0|0|0|0|3,0|3|0|0|3,0,10,3.891698,0.001245,10,3.891542,0.000817
4,5,9,1,0|0|0|0|4,0|3|0|0|2,0,10,3.890964,0.000842,10,3.890875,0.001449
4,5,9,1,0|0|0|0|5,0|3|0|0|1,0,10,3.888994,0.000761,10,3.888179,0.000748
4,5,9,1,0|0|0|0|6,0|3|0|0|0,0,10,3.885909,0.000782,10,3.886501,0.001164
4,5,9,1,0|0|0|0|0,0|3|0|1|5,0,10,3.930728,0.001616,10,3.930726,0.001188
4,5,9,1,0|0|0|0|1,0|3|0|1|4,0,10,3.932334,0.001482,10,3.931957,0.001245
4,5,9,1,0|0|0|0|2,0|3|0|1|3,0,10,3.931720,0.001340,10,3.931575,0.001249
4,5,9,1,0|0|0|0|3,0|3|0|1|2,0,10,3.931167,0.001033,10,3.931222,0.000768
4,5,9,1,0|0|0|0|4,0|3|0|1|1,0,10,3.929759,0.001373,10,3.929347,0.001322
4,5,9,1,0|0|0|0|5,0|3|0|1|0,0,10,3.927448,0.001234,10,3.927614,0.001329
4,5,9,1,0|0|0|0|0,0|3|0|2|4,0,10,3.934699,0.001290,10,3.934613,0.000761
4,5,9,1,0|0|0|0|1,0|3|0|2|3,0,10,3.935960,0.001090,10,3.935130,0.000819
4,5,9,1,0|0|0|0|2,0|3|0|2|2,0,10,3.934751,0.001199,10,3.935254,0.001203
4,5,9,1,0|0|0|0|3,0|3|0|2|1,0,10,3.933482,0.001253,10,3.932923,0.000854
4,5,9,1,0|0|0|0|4,0|3|0|2|0,0,10,3.930338,0.000970,10,3.929655,0.001102
4,5,9,1,0|0|0|0|0,0|3|0|3|3,0,10,3.932165,0.000922,10,3.932235,0.001143
4,5,9,1,0|0|0|0|1,0|3|0|3|2,0,10,3.933130,0.001055,10,3.932952,0.001632
4,5,9,1,0|0|0|0|2,0|3|0|3|1,0,10,3.930124,0.000935,10,3.930061,0.000839
4,5,9,1,0|0|0|0|3,0|3|0|3|0,0,10,3.923756,0.001237,10,3.923796,0.000591
4,5,9,1,0|0|0|0|0,0|3|0|4|2,0,10,3.921701,0.001016,10,3.921168,0.000979
4,5,9,1,0|0|0|0|1,0|3|0|4|1,0,10,3.921588,0.000960,10,3.921607,0.000916
4,5,9,1,0|0|0|0|2,0|3|0|4|0,0,10,3.911017,0.001069,10,3.910945,0.000630
4,5,9,1,0|0|0|0|0,0|3|0|5|1,0,10,3.892771,0.000677,10,3.893219,0.000633
4,5,9,1,0|0|0|0|1,0|3|0|5|0,0,10,3.880999,0.000934,10,3.881326,0.000473
4,5,9,1,0|0|0|0|0,0|3|0|6|0,0,10,3.781229,0.000544,10,3.780979,0.000436
4,5,9,1,0|0|0|1|0,0|3|0|0|5,0,10,3.927236,0.000889,10,3.927032,0.001244
4,5,9,1,0|0|0|1|1,0|3|0|0|4,0,10,3.928768,0.000997,10,3.927729,0.000961
4,5,9,1,0|0|0|1|2,0|3|0|0|3,0,10,3.927300,0.001153,10,3.927954,0.000545
4,5,9,1,0|0|0|1|3,0|3|0|0|2,0,10,3.925853,0.001171,10,3.926612,0.001393
4,5,9,1,0|0|0|1|4,0|3|0|0|1,0,10,3.924541,0.000529,10,3.924437,0.000838
4,5,9,1,0|0|0|1|5,0|3|0|0|0,0,10,3.921031,0.001351,10,3.921637,0.001533
4,5,9,1,0|0|0|1|0,0|3|0|1|4,0,10,3.934594,0.001687,10,3.934168,0.001484
4,5,9,1,0|0|0|1|1,0|3|0|1|3,0,10,3.935375,0.001388,10,3.935092,0.001524
4,5,9,1,0|0|0|1|2,0|3|0|1|2,0,10,3.934038,0.001042,10,3.933782,0.001477
4,5,9,1,0|0|0|1|3,0|3|0|1|1,0,10,3.932484,0.000989,10,3.932816,0.000891
4,5,9,1,0|0|0|1|4,0|3|0|1|0,0,10,3.928704,0.000855,10,3.928482,0.000742
4,5,9,1,0|0|0|1|0,0|3|0|2|3,0,10,3.932088,0.001136,10,3.931975,0.001403
4,5,9,1,0|0|0|1|1,0|3|0|2|2,0,10,3.933040,0.000877,10,3.933363,0.001028
4,5,9,1,0|0|0|1|2,0|3|0|2|1,0,10,3.930326,0.001251,10,3.930238,0.001115
4,5,9,1,0|0|0|1|3,0|3|0|2|0,0,10,3.924230,0.000902,10,3.923789,0.001058
4,5,9,1,0|0|0|1|0,0|3|0|3|2,0,10,3.921927,0.000644,10,3.921725,0.000964
4,5,9,1,0|0|0|1|1,0|3|0|3|1,0,10,3.921061,0.001042,10,3.921602,0.001025
4,5,9,1,0|0|0|1|2,0|3|0|3|0,0,10,3.911284,0.000872,10,3.911172,0.000635
4,5,9,1,0|0|0|1|0,0|3|0|4|1,0,10,3.893248,0.000723,10,3.893380,0.000822
4,5,9,1,0|0|0|1|1,0|3|0|4|0,0,10,3.880671,0.000851,10,3.880669,0.000790
4,5,9,1,0|0|0|1|0,0|3|0|5|0,0,10,3.782559,0.000463,10,3.782685,0.000344
4,5,9,1,0|0|0|2|0,0|3|0|0|4,0,10,3.931057,0.001031,10,3.930388,0.001292
4,5,9,1,0|0|0|2|1,0|3|0|0|3,0,10,3.931244,0.001145,10,3.931538,0.001558
4,5,9,1,0|0|0|2|2,0|3|0|0|2,0,10,3.930348,0.001309,10,3.929894,0.000872
4,5,9,1,0|0|0|2|3,0|3|0|0|1,0,10,3.927705,0.000998,10,3.927075,0.001414
4,5,9,1,0|0|0|2|4,0|3|0|0|0,0,10,3.921675,0.000702,10,3.921321,0.001215
4,5,9,1,0|0|0|2|0,0|3|0|1|3,0,10,3.930205,0.001098,10,3.930641,0.001295
4,5,9,1,0|0|0|2|1,0|3|0|1|2,0,10,3.930990,0.000986,10,3.930958,0.000870
4,5,9,1,0|0|0|2|2,0|3|0|1|1,0,10,3.927725,0.000875,10,3.927633,0.001135
4,5,9,1,0|0|0|2|3,0|3|0|1|0,0,10,3.921123,0.001195,10,3.920494,0.001197
4,5,9,1,0|0|0|2|0,0|3|0|2|2,0,10,3.920615,0.001071,10,3.920171,0.001141
4,5,9,1,0|0|0|2|1,0|3|0|2|1,0,10,3.919153,0.000860,10,3.919216,0.000726
4,5,9,1,0|0|0|2|2,0|3|0|2|0,0,10,3.908999,0.000746,10,3.908556,0.000622
4,5,9,1,0|0|0|2|0,0|3|0|3|1,0,10,3.891089,0.000821,10,3.891374,0.000638
4,5,9,1,0|0|0|2|1,0|3|0|3|0,0,10,3.878608,0.000612,10,3.878468,0.000488
4,5,9,1,0|0|0|2|0,0|3|0|4|0,0,10,3.782604,0.000463,10,3.782874,0.000524
4,5,9,1,0|0|0|3|0,0|3|0|0|3,0,10,3.927338,0.001133,10,3.927428,0.000933
4,5,9,1,0|0|0|3|1,0|3|0|0|2,0,10,3.928276,0.000755,10,3.928022,0.000999
4,5,9,1,0|0|0|3|2,0|3|0|0|1,0,10,3.923490,0.000878,10,3.924169,0.000876
4,5,9,1,0|0|0|3|3,0|3|0|0|0,0,10,3.915960,0.001138,10,3.915380,0.000826
4,5,9,1,0|0|0|3|0,0|3|0|1|2,0,10,3.918289,0.001186,10,3.918567,0.000700
4,5,9,1,0|0|0|3|1,0|3|0|1|1,0,10,3.917642,0.001307,10,3.917212,0.000950
4,5,9,1,0|0|0|3|2,0|3|0|1|0,0,10,3.905782,0.000711,10,3.906162,0.000435
4,5,9,1,0|0|0|3|0,0|3|0|2|1,0,10,3.890340,0.000735,10,3.890088,0.000668
4,5,9,1,0|0|0|3|1,0|3|0|2|0,0,10,3.876681,0.000526,10,3.876486,0.000765
4,5,9,1,0|0|0|3|0,0|3|0|3|0,0,10,3.782079,0.000457,10,3.782189,0.000604
4,5,9,1,0|0|0|4|0,0|3|0|0|2,0,10,3.916612,0.000668,10,3.915880,0.000589
4,5,9,1,0|0|0|4|1,0|3|0|0|1,0,10,3.915567,0.001243,10,3.915543,0.000888
4,5,9,1,0|0|0|4|2,0|3|0|0|0,0,10,3.901534,0.000976,10,3.901736,0.000878
4,5,9,1,0|0|0|4|0,0|3|0|1|1,0,10,3.888599,0.000651,10,3.888462,0.000555
4,5,9,1,0|0|0|4|1,0|3|0|1|0,0,10,3.875122,0.000668,10,3.875213,0.000604
4,5,9,1,0|0|0|4|0,0|3|0|2|0,0,10,3.781069,0.000559,10,3.780840,0.000284
4,5,9,1,0|0|0|5|0,0|3|0|0|1,0,10,3.886501,0.000523,10,3.886194,0.000701
4,5,9,1,0|0|0|5|1,0|3|0|0|0,0,10,3.872275,0.000728,10,3.871986,0.000606
4,5,9,1,0|0|0|5|0,0|3|0|1|0,0,10,3.779616,0.000344,10,3.779811,0.000391
4,5,9,1,0|0|0|6|0,0|3|0|0|0,0,10,3.777087,0.000431,10,3.777205,0.000252
4,5,9,1,0|0|0|0|0,0|3|1|0|5,0,10,3.918991,0.001210,10,3.919008,0.000882
4,5,9,1,0|0|0|0|1,0|3|1|0|4,0,10,3.920575,0.001224,10,3.920460,0.001169
4,5,9,1,0|0|0|0|2,0|3|1|0|3,0,10,3.919536,0.001400,10,3.919746,0.001294
4,5,9,1,0|0|0|0|3,0|3|1|0|2,0,10,3.918635,0.001305,10,3.919252,0.001083
4,5,9,1,0|0|0|0|4,0|3|1|0|1,0,10,3.916655,0.001690,10,3.916921,0.001064
4,5,9,1,0|0|0|0|5,0|3|1|0|0,0,10,3.914328,0.000923,10,3.913960,0.000986
4,5,9,1,0|0|0|0|0,0|3|1|1|4,0,10,3.940720,0.001774,10,3.940778,0.001112
4,5,9,1,0|0|0|0|1,0|3|1|1|3,0,10,3.941926,0.000903,10,3.941576,0.000637
4,5,9,1,0|0|0|0|2,0|3|1|1|2,0,10,3.941542,0.001009,10,3.941390,0.001126
4,5,9,1,0|0|0|0|3,0|3|1|1|1,0,10,3.940266,0.001544,10,3.939705,0.001402
4,5,9,1,0|0|0|0|4,0|3|1|1|0,0,10,3.938509,0.001299,10,3.937095,0.001035
4,5,9,1,0|0|0|0|0,0|3|1|2|3,0,10,3.944144,0.001227,10,3.943414,0.001019
4,5,9,1,0|0|0|0|1,0|3|1|2|2,0,10,3.944839,0.001404,10,3.943888,0.001596
4,5,9,1,0|0|0|0|2,0|3|1|2|1,0,10,3.942626,0.001276,10,3.942094,0.001653
4,5,9,1,0|0|0|0|3,0|3|1|2|0,0,10,3.939108,0.001072,10,3.940293,0.001015
4,5,9,1,0|0|0|0|0,0|3|1|3|2,0,10,3.940959,0.001074,10,3.940178,0.000961
4,5,9,1,0|0|0|0|1,0|3|1|3|1,0,10,3.941214,0.001207,10,3.940634,0.000834
4,5,9,1,0|0|0|0|2,0|3|1|3|0,0,10,3.935127,0.000844,10,3.935743,0.001423
4,5,9,1,0|0|0|0|0,0|3|1|4|1,0,10,3.928388,0.001378,10,3.928373,0.000697
4,5,9,1,0|0|0|0|1,0|3|1|4|0,0,10,3.922967,0.000900,10,3.922823,0.000740
4,5,9,1,0|0|0|0|0,0|3|1|5|0,0,10,3.875532,0.000501,10,3.875289,0.000573
4,5,9,1,0|0|0|1|0,0|3|1|0|4,0,10,3.938127,0.001443,10,3.937621,0.001268
4,5,9,1,0|0|0|1|1,0|3|1|0|3,0,10,3.938078,0.000762,10,3.937903,0.000674
4,5,9,1,0|0|0|1|2,0|3|1|0|2,0,10,3.936841,0.001308,10,3.936992,0.000697
4,5,9,1,0|0|0|1|3,0|3|1|0|1,0,10,3.935249,0.001597,10,3.934500,0.001341
4,5,9,1,0|0|0|1|4,0|3|1|0|0,0,10,3.931461,0.001406,10,3.931084,0.001021
4,5,9,1,0|0|0|1|0,0|3|1|1|3,0,10,3.943388,0.001596,10,3.942834,0.000808
4,5,9,1,0|0|0|1|1,0|3|1|1|2,0,10,3.944437,0.000668,10,3.943740,0.001073
4,5,9,1,0|0|0|1|2,0|3|1|1|1,0,10,3.942436,0.000967,10,3.941699,0.001255
4,5,9,1,0|0|0|1|3,0|3|1|1|0,0,10,3.938671,0.001009,10,3.938527,0.001385
4,5,9,1,0|0|0|1|0,0|3|1|2|2,0,10,3.940873,0.001054,10,3.940948,0.000848
4,5,9,1,0|0|0|1|1,0|3|1|2|1,0,10,3.940736,0.001040,10,3.940970,0.000910
4,5,9,1,0|0|0|1|2,0|3|1|2|0,0,10,3.935032,0.001042,10,3.935702,0.001012
4,5,9,1,0|0|0|1|0,0|3|1|3|1,0,10,3.928716,0.000834,10,3.928905,0.001030
4,5,9,1,0|0|0|1|1,0|3|1|3|0,0,10,3.923761,0.000758,10,3.923137,0.000695
4,5,9,1,0|0|0|1|0,0|3|1|4|0,0,10,3.877316,0.000528,10,3.876952,0.000734
4,5,9,1,0|0|0|2|0,0|3|1|0|3,0,10,3.938981,0.001069,10,3.939492,0.000874
4,5,9,1,0|0|0|2|1,0|3|1|0|2,0,10,3.939278,0.001346,10,3.939709,0.001625
4,5,9,1,0|0|0|2|2,0|3|1|0|1,0,10,3.937024,0.001436,10,3.936592,0.000929
4,5,9,1,0|0|0|2|3,0|3|1|0|0,0,10,3.931392,0.000770,10,3.931668,0.001116
4,5,9,1,0|0|0|2|0,0|3|1|1|2,0,10,3.939039,0.001230,10,3.938724,0.000974
4,5,9,1,0|0|0|2|1,0|3|1|1|1,0,10,3.938536,0.001353,10,3.938965,0.000870
4,5,9,1,0|0|0|2|2,0|3|1|1|0,0,10,3.932558,0.000818,10,3.931830,0.000604
4,5,9,1,0|0|0|2|0,0|3|1|2|1,0,10,3.927492,0.000621,10,3.927380,0.001018
4,5,9,1,0|0|0|2|1,0|3|1|2|0,0,10,3.920985,0.001092,10,3.921041,0.001044
4,5,9,1,0|0|0|2|0,0|3|1|3|0,0,10,3.875716,0.000853,10,3.875226,0.000646
4,5,9,1,0|0|0|3|0,0|3|1|0|2,0,10,3.935333,0.001119,10,3.934591,0.001338
4,5,9,1,0|0|0|3|1,0|3|1|0|1,0,10,3.934542,0.001279,10,3.934183,0.000975
4,5,9,1,0|0|0|3|2,0|3|1|0|0,0,10,3.926051,0.001119,10,3.926106,0.000726
4,5,9,1,0|0|0|3|0,0|3|1|1|1,0,10,3.924990,0.000688,10,3.925366,0.000876
4,5,9,1,0|0|0|3|1,0|3|1|1|0,0,10,3.918339,0.000904,10,3.917950,0.000676
4,5,9,1,0|0|0|3|0,0|3|1|2|0,0,10,3.873492,0.000358,10,3.873009,0.000593
4,5,9,1,0|0|0|4|0,0|3|1|0|1,0,10,3.920966,0.001024,10,3.920427,0.000947
4,5,9,1,0|0|0|4|1,0|3|1|0|0,0,10,3.913021,0.000621,10,3.913062,0.000675
4,5,9,1,0|0|0|4|0,0|3|1|1|0,0,10,3.870291,0.000568,10,3.869981,0.000528
4,5,9,1,0|0|0|5|0,0|3|1|0|0,0,10,3.864872,0.000306,10,3.864367,0.000250
4,5,9,1,0|0|0|0|0,0|3|2|0|4,0,10,3.916679,0.001301,10,3.916528,0.001117
4,5,9,1,0|0|0|0|1,0|3|2|0|3,0,10,3.917979,0.000807,10,3.918448,0.001152
4,5,9,1,0|0|0|0|2,0|3|2|0|2,0,10,3.916244,0.001107,10,3.916256,0.001083
4,5,9,1,0|0|0|0|3,0|3|2|0|1,0,10,3.914242,0.000511,10,3.913368,0.000821
4,5,9,1,0|0|0|0|4,0|3|2|0|0,0,10,3.908178,0.001034,10,3.907421,0.000813
4,5,9,1,0|0|0|0|0,0|3|2|1|3,0,10,3.937449,0.001232,10,3.937609,0.001273
4,5,9,1,0|0|0|0|1,0|3|2|1|2,0,10,3.937852,0.000803,10,3.938364,0.000955
4,5,9,1,0|0|0|0|2,0|3|2|1|1,0,10,3.935839,0.001324,10,3.936405,0.000974
4,5,9,1,0|0|0|0|3,0|3|2|1|0,0,10,3.931159,0.000911,10,3.932056,0.000968
4,5,9,1,0|0|0|0|0,0|3|2|2|2,0,10,3.936739,0.000761,10,3.937269,0.000809
4,5,9,1,0|0|0|0|1,0|3|2|2|1,0,10,3.937213,0.001130,10,3.937530,0.000937
4,5,9,1,0|0|0|0|2,0|3|2|2|0,0,10,3.931081,0.000458,10,3.931019,0.000868
4,5,9,1,0|0|0|0|0,0|3|2|3|1,0,10,3.926638,0.000802,10,3.926457,0.001024
4,5,9,1,0|0|0|0|1,0|3|2|3|0,0,10,3.920451,0.000610,10,3.920480,0.001383
4,5,9,1,0|0|0|0|0,0|3|2|4|0,0,10,3.875251,0.000447,10,3.875098,0.000599
4,5,9,1,0|0|0|1|0,0|3|2|0|3,0,10,3.933179,0.001602,10,3.933300,0.000407
4,5,9,1,0|0|0|1|1,0|3|2|0|2,0,10,3.932721,0.000926,10,3.933122,0.000730
4,5,9,1,0|0|0|1|2,0|3|2|0|1,0,10,3.929545,0.000788,10,3.929884,0.001184
4,5,9,1,0|0|0|1|3,0|3|2|0|0,0,10,3.923573,0.000926,10,3.923407,0.000663
4,5,9,1,0|0|0|1|0,0|3|2|1|2,0,10,3.936957,0.001306,10,3.937364,0.001201
4,5,9,1,0|0|0|1|1,0|3|2|1|1,0,10,3.936164,0.000755,10,3.935561,0.001167
4,5,9,1,0|0|0|1|2,0|3|2|1|0,0,10,3.929920,0.000927,10,3.930368,0.000679
4,5,9,1,0|0|0|1|0,0|3|2|2|1,0,10,3.926971,0.000719,10,3.926733,0.000880
4,5,9,1,0|0|0|1|1,0|3|2|2|0,0,10,3.919933,0.000904,10,3.920694,0.000971
4,5,9,1,0|0|0|1|0,0|3|2|3|0,0,10,3.877717,0.000694,10,3.877197,0.000635
4,5,9,1,0|0|0|2|0,0|3|2|0|2,0,10,3.930645,0.000629,10,3.930753,0.001195
4,5,9,1,0|0|0|2|1,0|3|2|0|1,0,10,3.929588,0.001209,10,3.929311,0.000593
4,5,9,1,0|0|0|2|2,0|3|2|0|0,0,10,3.919449,0.001068,10,3.919757,0.000726
4,5,9,1,0|0|0|2|0,0|3|2|1|1,0,10,3.923302,0.001122,10,3.923369,0.001388
4,5,9,1,0|0|0|2|1,0|3|2|1|0,0,10,3.915594,0.000991,10,3.915905,0.001033
4,5,9,1,0|0|0|2|0,0|3|2|2|0,0,10,3.873939,0.000365,10,3.874069,0.000374
4,5,9,1,0|0|0|3|0,0|3|2|0|1,0,10,3.917077,0.000732,10,3.917391,0.000664
4,5,9,1,0|0|0|3|1,0|3|2|0|0,0,10,3.907451,0.000638,10,3.907255,0.000668
4,5,9,1,0|0|0|3|0,0|3|2|1|0,0,10,3.869239,0.000648,10,3.869163,0.000417
4,5,9,1,0|0|0|4|0,0|3|2|0|0,0,10,3.859943,0.000597,10,3.860148,0.000458
4,5,9,1,0|0|0|0|0,0|3|3|0|3,0,10,3.905332,0.001210,10,3.905431,0.000752
4,5,9,1,0|0|0|0|1,0|3|3|0|2,0,10,3.907760,0.001916,10,3.907039,0.001006
4,5,9,1,0|0|0|0|2,0|3|3|0|1,0,10,3.902146,0.001373,10,3.901652,0.000728
4,5,9,1,0|0|0|0|3,0|3|3|0|0,0,10,3.890395,0.000647,10,3.890669,0.000253
4,5,9,1,0|0|0|0|0,0|3|3|1|2,0,10,3.925627,0.000945,10,3.925160,0.000471
4,5,9,1,0|0|0|0|1,0|3|3|1|1,0,10,3.925544,0.001141,10,3.924758,0.001150
4,5,9,1,0|0|0|0|2,0|3|3|1|0,0,10,3.916848,0.000607,10,3.916629,0.000624
4,5,9,1,0|0|0|0|0,0|3|3|2|1,0,10,3.916009,0.000668,10,3.916364,0.000520
4,5,9,1,0|0|0|0|1,0|3|3|2|0,0,10,3.908297,0.000848,10,3.907943,0.001113
4,5,9,1,0|0|0|0|0,0|3|3|3|0,0,10,3.860432,0.000665,10,3.860264,0.000570
4,5,9,1,0|0|0|1|0,0|3|3|0|2,0,10,3.918846,0.001153,10,3.918442,0.001041
4,5,9,1,0|0|0|1|1,0|3|3|0|1,0,10,3.916520,0.000728,10,3.916087,0.000758
4,5,9,1,0|0|0|1|2,0|3|3|0|0,0,10,3.904086,0.000604,10,3.904215,0.000946
4,5,9,1,0|0|0|1|0,0|3|3|1|1,0,10,3.914780,0.000757,10,3.914860,0.000643
4,5,9,1,0|0|0|1|1,0|3|3|1|0,0,10,3.905755,0.000810,10,3.905775,0.000767
4,5,9,1,0|0|0|1|0,0|3|3|2|0,0,10,3.861317,0.000658,10,3.861494,0.000439
4,5,9,1,0|0|0|2|0,0|3|3|0|1,0,10,3.904214,0.000828,10,3.904675,0.000667
4,5,9,1,0|0|0|2|1,0|3|3|0|0,0,10,3.892148,0.000857,10,3.892113,0.000656
4,5,9,1,0|0|0|2|0,0|3|3|1|0,0,10,3.854733,0.000443,10,3.854666,0.000429
4,5,9,1,0|0|0|3|0,0|3|3|0|0,0,10,3.840801,0.000591,10,3.840927,0.000496
4,5,9,1,0|0|0|0|0,0|3|4|0|2,0,10,3.878866,0.000427,10,3.879415,0.001081
4,5,9,1,0|0|0|0|1,0|3|4|0|1,0,10,3.877894,0.000555,10,3.878106,0.000785
4,5,9,1,0|0|0|0|2,0|3|4|0|0,0,10,3.858280,0.001014,10,3.858667,0.000710
4,5,9,1,0|0|0|0|0,0|3|4|1|1,0,10,3.892169,0.000761,10,3.892414,0.000714
4,5,9,1,0|0|0|0|1,0|3|4|1|0,0,10,3.880232,0.000753,10,3.880527,0.000625
4,5,9,1,0|0|0|0|0,0|3|4|2|0,0,10,3.830692,0.000241,10,3.830670,0.000505
4,5,9,1,0|0|0|1|0,0|3|4|0|1,0,10,3.879519,0.000768,10,3.880017,0.000630
4,5,9,1,0|0|0|1|1,0|3|4|0|0,0,10,3.863088,0.000429,10,3.862976,0.000638
4,5,9,1,0|0|0|1|0,0|3|4|1|0,0,10,3.827823,0.000489,10,3.828071,0.000521
4,5,9,1,0|0|0|2|0,0|3|4|0|0,0,10,3.808161,0.000398,10,3.808051,0.000483
4,5,9,1,0|0|0|0|0,0|3|5|0|1,0,10,3.812739,0.000556,10,3.813177,0.000427
4,5,9,1,0|0|0|0|1,0|3|5|0|0,0,10,3.789142,0.000538,10,3.789103,0.000556
4,5,9,1,0|0|0|0|0,0|3|5|1|0,0,10,3.769308,0.000510,10,3.769525,0.000620
4,5,9,1,0|0|0|1|0,0|3|5|0|0,0,10,3.746396,0.000436,10,3.746305,0.000482
4,5,9,1,0|0|0|0|0,0|3|6|0|0,0,10,3.579177,0.000461,10,3.579685,0.000393
4,5,9,1,0|0|1|0|0,0|3|0|0|5,0,10,3.916922,0.000560,10,3.916785,0.001055
4,5,9,1,0|0|1|0|1,0|3|0|0|4,0,10,3.917354,0.000573,10,3.917785,0.001147
4,5,9,1,0|0|1|0|2,0|3|0|0|3,0,10,3.917204,0.000582,10,3.916967,0.001329
4,5,9,1,0|0|1|0|3,0|3|0|0|2,0,10,3.915935,0.000861,10,3.915825,0.000758
4,5,9,1,0|0|1|0|4,0|3|0|0|1,0,10,3.913849,0.001057,10,3.912968,0.001067
4,5,9,1,0|0|1|0|5,0|3|0|0|0,0,10,3.908979,0.001200,10,3.909777,0.001525
4,5,9,1,0|0|1|0|0,0|3|0|1|4,0,10,3.939069,0.001386,10,3.939107,0.000624
4,5,9,1,0|0|1|0|1,0|3|0|1|3,0,10,3.939743,0.001567,10,3.938822,0.000794
4,5,9,1,0|0|1|0|2,0|3|0|1|2,0,10,3.939121,0.001198,10,3.939064,0.001181
4,5,9,1,0|0|1|0|3,0|3|0|1|1,0,10,3.937383,0.000855,10,3.937342,0.001032
4,5,9,1,0|0|1|0|4,0|3|0|1|0,0,10,3.934616,0.001130,10,3.934840,0.001418
4,5,9,1,0|0|1|0|0,0|3|0|2|3,0,10,3.941174,0.001404,10,3.940581,0.001209
4,5,9,1,0|0|1|0|1,0|3|0|2|2,0,10,3.942271,0.000827,10,3.941910,0.000859
4,5,9,1,0|0|1|0|2,0|3|0|2|1,0,10,3.940383,0.001091,10,3.939955,0.000929
4,5,9,1,0|0|1|0|3,0|3|0|2|0,0,10,3.935480,0.001167,10,3.936113,0.001457
4,5,9,1,0|0|1|0|0,0|3|0|3|2,0,10,3.937539,0.000798,10,3.937347,0.000934
4,5,9,1,0|0|1|0|1,0|3|0|3|1,0,10,3.937411,0.001212,10,3.937771,0.001060
4,5,9,1,0|0|1|0|2,0|3|0|3|0,0,10,3.930675,0.001149,10,3.931138,0.000768
4,5,9,1,0|0|1|0|0,0|3|0|4|1,0,10,3.924496,0.000914,10,3.923848,0.000630
4,5,9,1,0|0|1|0|1,0|3|0|4|0,0,10,3.917579,0.000552,10,3.916865,0.000570
4,5,9,1,0|0|1|0|0,0|3|0|5|0,0,10,3.866684,0.000430,10,3.866506,0.000642
4,5,9,1,0|0|1|1|0,0|3|0|0|4,0,10,3.934662,0.001250,10,3.934152,0.001022
4,5,9,1,0|0|1|1|1,0|3|0|0|3,0,10,3.934897,0.001067,10,3.934484,0.000918
4,5,9,1,0|0|1|1|2,0|3|0|0|2,0,10,3.932788,0.000825,10,3.933078,0.001082
4,5,9,1,0|0|1|1|3,0|3|0|0|1,0,10,3.929809,0.001436,10,3.930638,0.001345
4,5,9,1,0|0|1|1|4,0|3|0|0|0,0,10,3.925720,0.000916,10,3.926149,0.000755
4,5,9,1,0|0|1|1|0,0|3|0|1|3,0,10,3.940553,0.000952,10,3.940165,0.001068
4,5,9,1,0|0|1|1|1,0|3|0|1|2,0,10,3.940094,0.001282,10,3.940803,0.001415
4,5,9,1,0|0|1|1|2,0|3|0|1|1,0,10,3.938535,0.001096,10,3.938161,0.000964
4,5,9,1,0|0|1|1|3,0|3|0|1|0,0,10,3.933386,0.000988,10,3.934033,0.001187
4,5,9,1,0|0|1|1|0,0|3|0|2|2,0,10,3.936728,0.001265,10,3.936846,0.001157
4,5,9,1,0|0|1|1|1,0|3|0|2|1,0,10,3.936986,0.000977,10,3.936508,0.001245
4,5,9,1,0|0|1|1|2,0|3|0|2|0,0,10,3.930592,0.000686,10,3.930312,0.001003
4,5,9,1,0|0|1|1|0,0|3|0|3|1,0,10,3.923703,0.000613,10,3.923525,0.000852
4,5,9,1,0|0|1|1|1,0|3|0|3|0,0,10,3.916964,0.000931,10,3.917079,0.000682
4,5,9,1,0|0|1|1|0,0|3|0|4|0,0,10,3.867794,0.000607,10,3.867500,0.000563
4,5,9,1,0|0|1|2|0,0|3|0|0|3,0,10,3.935410,0.001357,10,3.935378,0.001243
4,5,9,1,0|0|1|2|1,0|3|0|0|2,0,10,3.934491,0.001194,10,3.934812,0.001026
4,5,9,1,0|0|1|2|2,0|3|0|0|1,0,10,3.931412,0.001236,10,3.931819,0.000987
4,5,9,1,0|0|1|2|3,0|3|0|0|0,0,10,3.924586,0.000682,10,3.924846,0.000658
4,5,9,1,0|0|1|2|0,0|3|0|1|2,0,10,3.935098,0.001129,10,3.934407,0.001065
4,5,9,1,0|0|1|2|1,0|3|0|1|1,0,10,3.933185,0.000840,10,3.933698,0.000975
4,5,9,1,0|0|1|2|2,0|3|0|1|0,0,10,3.926130,0.001008,10,3.925999,0.001104
4,5,9,1,0|0|1|2|0,0|3|0|2|1,0,10,3.921277,0.001024,10,3.921287,0.000556
4,5,9,1,0|0|1|2|1,0|3|0|2|0,0,10,3.913189,0.000851,10,3.914380,0.000658
4,5,9,1,0|0|1|2|0,0|3|0|3|0,0,10,3.865462,0.000613,10,3.865776,0.000524
4,5,9,1,0|0|1|3|0,0|3|0|0|2,0,10,3.929725,0.000849,10,3.929997,0.001295
4,5,9,1,0|0|1|3|1,0|3|0|0|1,0,10,3.928359,0.001054,10,3.928505,0.001113
4,5,9,1,0|0|1|3|2,0|3|0|0|0,0,10,3.918723,0.000650,10,3.918111,0.001251
4,5,9,1,0|0|1|3|0,0|3|0|1|1,0,10,3.918734,0.000587,10,3.918241,0.000716
4,5,9,1,0|0|1|3|1,0|3|0|1|0,0,10,3.910197,0.000726,10,3.910326,0.000590
4,5,9,1,0|0|1|3|0,0|3|0|2|0,0,10,3.862715,0.000676,10,3.862690,0.000545
4,5,9,1,0|0|1|4|0,0|3|0|0|1,0,10,3.913741,0.000627,10,3.914068,0.000598
4,5,9,1,0|0|1|4|1,0|3|0|0|0,0,10,3.903627,0.000589,10,3.903780,0.000704
4,5,9,1,0|0|1|4|0,0|3|0|1|0,0,10,3.859673,0.000659,10,3.859257,0.000600
4,5,9,1,0|0|1|5|0,0|3|0|0|0,0,10,3.852530,0.000470,10,3.852540,0.000842
4,5,9,1,0|0|1|0|0,0|3|1|0|4,0,10,3.916790,0.001398,10,3.916335,0.001144
4,5,9,1,0|0|1|0|1,0|3|1|0|3,0,10,3.917928,0.001336,10,3.917457,0.000980
4,5,9,1,0|0|1|0|2,0|3|1|0|2,0,10,3.915020,0.001061,10,3.915823,0.000848
4,5,9,1,0|0|1|0|3,0|3|1|0|1,0,10,3.912951,0.001042,10,3.912821,0.001597
4,5,9,1,0|0|1|0|4,0|3|1|0|0,0,10,3.906372,0.000996,10,3.906647,0.001531
4,5,9,1,0|0|1|0|0,0|3|1|1|3,0,10,3.936242,0.001372,10,3.936742,0.001210
4,5,9,1,0|0|1|0|1,0|3|1|1|2,0,10,3.937715,0.001678,10,3.937722,0.000969
4,5,9,1,0|0|1|0|2,0|3|1|1|1,0,10,3.935101,0.001399,10,3.935202,0.001025
4,5,9,1,0|0|1|0|3,0|3|1|1|0,0,10,3.930104,0.001572,10,3.930126,0.000958
4,5,9,1,0|0|1|0|0,0|3|1|2|2,0,10,3.936262,0.001434,10,3.936232,0.001067
4,5,9,1,0|0|1|0|1,0|3|1|2|1,0,10,3.936306,0.000943,10,3.935599,0.000755
4,5,9,1,0|0|1|0|2,0|3|1|2|0,0,10,3.929749,0.000663,10,3.929514,0.000966
4,5,9,1,0|0|1|0|0,0|3|1|3|1,0,10,3.924888,0.000773,10,3.925710,0.000722
4,5,9,1,0|0|1|0|1,0|3|1|3|0,0,10,3.918244,0.000555,10,3.918284,0.000706
4,5,9,1,0|0|1|0|0,0|3|1|4|0,0,10,3.873881,0.000848,10,3.874107,0.000593
4,5,9,1,0|0|1|1|0,0|3|1|0|3,0,10,3.931264,0.001361,10,3.931094,0.001238
4,5,9,1,0|0|1|1|1,0|3|1|0|2,0,10,3.931302,0.001154,10,3.931339,0.000878
4,5,9,1,0|0|1|1|2,0|3|1|0|1,0,10,3.927423,0.000824,10,3.926742,0.001311
4,5,9,1,0|0|1|1|3,0|3|1|0|0,0,10,3.920498,0.000691,10,3.921102,0.001273
4,5,9,1,0|0|1|1|0,0|3|1|1|2,0,10,3.934577,0.000954,10,3.934292,0.000937
4,5,9,1,0|0|1|1|1,0|3|1|1|1,0,10,3.934021,0.000875,10,3.934510,0.000942
4,5,9,1,0|0|1|1|2,0|3|1|1|0,0,10,3.927322,0.000945,10,3.927246,0.000564
4,5,9,1,0|0|1|1|0,0|3|1|2|1,0,10,3.924596,0.000615,10,3.924961,0.001043
4,5,9,1,0|0|1|1|1,0|3|1|2|0,0,10,3.917239,0.000685,10,3.917323,0.000926
4,5,9,1,0|0|1|1|0,0|3|1|3|0,0,10,3.874640,0.000669,10,3.875180,0.000744
4,5,9,1,0|0|1|2|0,0|3|1|0|2,0,10,3.928205,0.000678,10,3.927929,0.001118
4,5,9,1,0|0|1|2|1,0|3|1|0|1,0,10,3.926570,0.000784,10,3.926930,0.000941
4,5,9,1,0|0|1|2|2,0|3|1|0|0,0,10,3.916267,0.000629,10,3.916398,0.000579
4,5,9,1,0|0|1|2|0,0|3|1|1|1,0,10,3.920621,0.001094,10,3.920926,0.000799
4,5,9,1,0|0|1|2|1,0|3|1|1|0,0,10,3.913031,0.000907,10,3.912682,0.001126
4,5,9,1,0|0|1|2|0,0|3|1|2|0,0,10,3.871312,0.000649,10,3.871972,0.000698
4,5,9,1,0|0|1|3|0,0|3|1|0|1,0,10,3.914686,0.000704,10,3.913975,0.000962
4,5,9,1,0|0|1|3|1,0|3|1|0|0,0,10,3.903901,0.000630,10,3.903950,0.000700
4,5,9,1,0|0|1|3|0,0|3|1|1|0,0,10,3.866711,0.000571,10,3.866958,0.000845
4,5,9,1,0|0|1|4|0,0|3|1|0|0,0,10,3.857485,0.000497,10,3.857615,0.000422
4,5,9,1,0|0|1|0|0,0|3|2|0|3,0,10,3.905347,0.001366,10,3.905693,0.001175
4,5,9,1,0|0|1|0|1,0|3|2|0|2,0,10,3.906516,0.001024,10,3.906867,0.000916
4,5,9,1,0|0|1|0|2,0|3|2|0|1,0,10,3.901342,0.000612,10,3.901188,0.000882
4,5,9,1,0|0|1|0|3,0|3|2|0|0,0,10,3.889587,0.001023,10,3.889991,0.000988
4,5,9,1,0|0|1|0|0,0|3|2|1|2,0,10,3.924824,0.000988,10,3.924429,0.000997
4,5,9,1,0|0|1|0|1,0|3|2|1|1,0,10,3.924245,0.001421,10,3.923669,0.000724
4,5,9,1,0|0|1|0|2,0|3|2|1|0,0,10,3.914948,0.000617,10,3.914700,0.000594
4,5,9,1,0|0|1|0|0,0|3|2|2|1,0,10,3.914804,0.001120,10,3.914307,0.001000
4,5,9,1,0|0|1|0|1,0|3|2|2|0,0,10,3.906578,0.000645,10,3.906194,0.001215
4,5,9,1,0|0|1|0|0,0|3|2|3|0,0,10,3.859567,0.000638,10,3.859683,0.000626
4,5,9,1,0|0|1|1|0,0|3|2|0|2,0,10,3.916652,0.001224,10,3.916544,0.001153
4,5,9,1,0|0|1|1|1,0|3|2|0|1,0,10,3.913829,0.001036,10,3.914059,0.000877
4,5,9,1,0|0|1|1|2,0|3|2|0|0,0,10,3.901413,0.000527,10,3.900894,0.000724
4,5,9,1,0|0|1|1|0,0|3|2|1|1,0,10,3.912271,0.000990,10,3.911939,0.000529
4,5,9,1,0|0|1|1|1,0|3|2|1|0,0,10,3.902479,0.000628,10,3.902624,0.000610
4,5,9,1,0|0|1|1|0,0|3|2|2|0,0,10,3.859564,0.000610,10,3.859262,0.000518
4,5,9,1,0|0|1|2|0,0|3|2|0|1,0,10,3.901689,0.000670,10,3.901831,0.001018
4,5,9,1,0|0|1|2|1,0|3|2|0|0,0,10,3.888010,0.000968,10,3.888341,0.000428
4,5,9,1,0|0|1|2|0,0|3|2|1|0,0,10,3.852656,0.000532,10,3.852795,0.000515
4,5,9,1,0|0|1|3|0,0|3|2|0|0,0,10,3.838768,0.000500,10,3.838814,0.000681
4,5,9,1,0|0|1|0|0,0|3|3|0|2,0,10,3.878993,0.000755,10,3.879055,0.000654
4,5,9,1,0|0|1|0|1,0|3|3|0|1,0,10,3.876917,0.000713,10,3.877139,0.001069
4,5,9,1,0|0|1|0|2,0|3|3|0|0,0,10,3.857750,0.000757,10,3.857280,0.001098
4,5,9,1,0|0|1|0|0,0|3|3|1|1,0,10,3.890845,0.000677,10,3.890804,0.000976
4,5,9,1,0|0|1|0|1,0|3|3|1|0,0,10,3.877620,0.000748,10,3.878061,0.000678
4,5,9,1,0|0|1|0|0,0|3|3|2|0,0,10,3.829924,0.000588,10,3.830235,0.000595
4,5,9,1,0|0|1|1|0,0|3|3|0|1,0,10,3.876474,0.000621,10,3.876813,0.000698
4,5,9,1,0|0|1|1|1,0|3|3|0|0,0,10,3.858774,0.000680,10,3.858488,0.000840
4,5,9,1,0|0|1|1|0,0|3|3|1|0,0,10,3.825464,0.000647,10,3.825428,0.000491
4,5,9,1,0|0|1|2|0,0|3|3|0|0,0,10,3.805488,0.000367,10,3.805222,0.000482
4,5,9,1,0|0|1|0|0,0|3|4|0|1,0,10,3.812338,0.000765,10,3.812090,0.000583
4,5,9,1,0|0|1|0|1,0|3|4|0|0,0,10,3.787821,0.000483,10,3.787376,0.000442
4,5,9,1,0|0|1|0|0,0|3|4|1|0,0,10,3.768760,0.000339,10,3.768589,0.000610
4,5,9,1,0|0|1|1|0,0|3|4|0|0,0,10,3.743490,0.000607,10,3.743424,0.000398
4,5,9,1,0|0|1|0|0,0|3|5|0|0,0,10,3.584725,0.000455,10,3.584994,0.000513
4,5,9,1,0|0|2|0|0,0|3|0|0|4,0,10,3.914808,0.000972,10,3.915178,0.001334
4,5,9,1,0|0|2|0|1,0|3|0|0|3,0,10,3.916060,0.001461,10,3.916164,0.001338
4,5,9,1,0|0|2|0|2,0|3|0|0|2,0,10,3.913881,0.001432,10,3.914184,0.001227
4,5,9,1,0|0|2|0|3,0|3|0|0|1,0,10,3.910203,0.001009,10,3.909549,0.001081
4,5,9,1,0|0|2|0|4,0|3|0|0|0,0,10,3.901817,0.000985,10,3.903027,0.000987
4,5,9,1,0|0|2|0|0,0|3|0|1|3,0,10,3.934386,0.000938,10,3.934723,0.000755
4,5,9,1,0|0|2|0|1,0|3|0|1|2,0,10,3.935208,0.000931,10,3.935695,0.000733
4,5,9,1,0|0|2|0|2,0|3|0|1|1,0,10,3.933453,0.001146,10,3.933248,0.001078
4,5,9,1,0|0|2|0|3,0|3|0|1|0,0,10,3.927822,0.001285,10,3.926953,0.001179
4,5,9,1,0|0|2|0|0,0|3|0|2|2,0,10,3.934361,0.001201,10,3.934491,0.001038
4,5,9,1,0|0|2|0|1,0|3|0|2|1,0,10,3.934104,0.000785,10,3.934471,0.000783
4,5,9,1,0|0|2|0|2,0|3|0|2|0,0,10,3.927068,0.000593,10,3.926915,0.000749
4,5,9,1,0|0|2|0|0,0|3|0|3|1,0,10,3.922738,0.000981,10,3.922076,0.000616
4,5,9,1,0|0|2|0|1,0|3|0|3|0,0,10,3.915317,0.000791,10,3.915797,0.000812
4,5,9,1,0|0|2|0|0,0|3|0|4|0,0,10,3.869282,0.000513,10,3.869392,0.000772
4,5,9,1,0|0|2|1|0,0|3|0|0|3,0,10,3.928967,0.001215,10,3.928661,0.000981
4,5,9,1,0|0|2|1|1,0|3|0|0|2,0,10,3.928932,0.000692,10,3.928920,0.001081
4,5,9,1,0|0|2|1|2,0|3|0|0|1,0,10,3.924336,0.000946,10,3.924397,0.001084
4,5,9,1,0|0|2|1|3,0|3|0|0|0,0,10,3.916082,0.000869,10,3.916252,0.001048
4,5,9,1,0|0|2|1|0,0|3|0|1|2,0,10,3.932385,0.000991,10,3.932601,0.001141
4,5,9,1,0|0|2|1|1,0|3|0|1|1,0,10,3.931752,0.001154,10,3.931316,0.000976
4,5,9,1,0|0|2|1|2,0|3|0|1|0,0,10,3.923885,0.000605,10,3.924176,0.000767
4,5,9,1,0|0|2|1|0,0|3|0|2|1,0,10,3.922258,0.001052,10,3.921587,0.000661
4,5,9,1,0|0|2|1|1,0|3|0|2|0,0,10,3.913928,0.001009,10,3.914188,0.000971
4,5,9,1,0|0|2|1|0,0|3|0|3|0,0,10,3.870141,0.000585,10,3.870700,0.000528
4,5,9,1,0|0|2|2|0,0|3|0|0|2,0,10,3.924670,0.000876,10,3.925419,0.001131
4,5,9,1,0|0|2|2|1,0|3|0|0|1,0,10,3.922965,0.001213,10,3.923123,0.001048
4,5,9,1,0|0|2|2|2,0|3|0|0|0,0,10,3.911272,0.000993,10,3.911275,0.000976
4,5,9,1,0|0|2|2|0,0|3|0|1|1,0,10,3.916978,0.000711,10,3.917057,0.000667
4,5,9,1,0|0|2|2|1,0|3|0|1|0,0,10,3.908435,0.000668,10,3.908182,0.000921
4,5,9,1,0|0|2|2|0,0|3|0|2|0,0,10,3.866336,0.000460,10,3.866160,0.000477
4,5,9,1,0|0|2|3|0,0|3|0|0|1,0,10,3.909501,0.000462,10,3.909213,0.000756
4,5,9,1,0|0|2|3|1,0|3|0|0|0,0,10,3.897627,0.000693,10,3.897556,0.000473
4,5,9,1,0|0|2|3|0,0|3|0|1|0,0,10,3.860591,0.000419,10,3.860662,0.000457
4,5,9,1,0|0|2|4|0,0|3|0|0|0,0,10,3.849741,0.000692,10,3.849806,0.000698
4,5,9,1,0|0|2|0|0,0|3|1|0|3,0,10,3.904978,0.001295,10,3.904802,0.000836
4,5,9,1,0|0|2|0|1,0|3|1|0|2,0,10,3.905421,0.000760,10,3.905319,0.001214
4,5,9,1,0|0|2|0|2,0|3|1|0|1,0,10,3.899477,0.000909,10,3.899708,0.000567
4,5,9,1,0|0|2|0|3,0|3|1|0|0,0,10,3.887221,0.000823,10,3.887271,0.000990
4,5,9,1,0|0|2|0|0,0|3|1|1|2,0,10,3.923173,0.000786,10,3.923066,0.000714
4,5,9,1,0|0|2|0|1,0|3|1|1|1,0,10,3.922434,0.001002,10,3.922954,0.001070
4,5,9,1,0|0|2|0|2,0|3|1|1|0,0,10,3.912704,0.000787,10,3.912874,0.000759
4,5,9,1,0|0|2|0|0,0|3|1|2|1,0,10,3.913017,0.001023,10,3.913299,0.000960
4,5,9,1,0|0|2|0|1,0|3|1|2|0,0,10,3.904751,0.000795,10,3.904685,0.000585
4,5,9,1,0|0|2|0|0,0|3|1|3|0,0,10,3.857387,0.000779,10,3.857291,0.000740
4,5,9,1,0|0|2|1|0,0|3|1|0|2,0,10,3.914898,0.001200,10,3.914493,0.000645
4,5,9,1,0|0|2|1|1,0|3|1|0|1,0,10,3.911623,0.001055,10,3.911466,0.000802
4,5,9,1,0|0|2|1|2,0|3|1|0|0,0,10,3.897828,0.001040,10,3.898273,0.000796
4,5,9,1,0|0|2|1|0,0|3|1|1|1,0,10,3.909996,0.000887,10,3.910428,0.000847
4,5,9,1,0|0|2|1|1,0|3|1|1|0,0,10,3.900241,0.000722,10,3.899969,0.000813
4,5,9,1,0|0|2|1|0,0|3|1|2|0,0,10,3.857435,0.000752,10,3.857415,0.000579
4,5,9,1,0|0|2|2|0,0|3|1|0|1,0,10,3.898953,0.000844,10,3.898640,0.000796
4,5,9,1,0|0|2|2|1,0|3|1|0|0,0,10,3.884890,0.000561,10,3.884716,0.000845
4,5,9,1,0|0|2|2|0,0|3|1|1|0,0,10,3.849289,0.000428,10,3.849603,0.000420
4,5,9,1,0|0|2|3|0,0|3|1|0|0,0,10,3.834061,0.000484,10,3.834378,0.000725
4,5,9,1,0|0|2|0|0,0|3|2|0|2,0,10,3.878089,0.000806,10,3.877770,0.000674
4,5,9,1,0|0|2|0|1,0|3|2|0|1,0,10,3.875712,0.000920,10,3.875940,0.000956
4,5,9,1,0|0|2|0|2,0|3|2|0|0,0,10,3.855232,0.000693,10,3.855220,0.000543
4,5,9,1,0|0|2|0|0,0|3|2|1|1,0,10,3.889124,0.001027,10,3.889084,0.000590
4,5,9,1,0|0|2|0|1,0|3|2|1|0,0,10,3.876033,0.000481,10,3.876469,0.000721
4,5,9,1,0|0|2|0|0,0|3|2|2|0,0,10,3.827865,0.000371,10,3.828433,0.000340
4,5,9,1,0|0|2|1|0,0|3|2|0|1,0,10,3.875014,0.000874,10,3.874408,0.000603
4,5,9,1,0|0|2|1|1,0|3|2|0|0,0,10,3.855743,0.001026,10,3.855987,0.000627
4,5,9,1,0|0|2|1|0,0|3|2|1|0,0,10,3.823044,0.000426,10,3.823123,0.000575
4,5,9,1,0|0|2|2|0,0|3|2|0|0,0,10,3.801662,0.000363,10,3.801554,0.000406
4,5,9,1,0|0|2|0|0,0|3|3|0|1,0,10,3.811655,0.000378,10,3.811978,0.000569
4,5,9,1,0|0|2|0|1,0|3|3|0|0,0,10,3.786135,0.000460,10,3.786647,0.000732
4,5,9,1,0|0|2|0|0,0|3|3|1|0,0,10,3.767599,0.000462,10,3.767904,0.000391
4,5,9,1,0|0|2|1|0,0|3|3|0|0,0,10,3.741887,0.000604,10,3.741892,0.000582
4,5,9,1,0|0|2|0|0,0|3|4|0|0,0,10,3.587101,0.000528,10,3.586909,0.000331
4,5,9,1,0|0|3|0|0,0|3|0|0|3,0,10,3.903475,0.000689,10,3.903086,0.001290
4,5,9,1,0|0|3|0|1,0|3|0|0|2,0,10,3.904497,0.000694,10,3.904280,0.000910
4,5,9,1,0|0|3|0|2,0|3|0|0|1,0,10,3.898696,0.000711,10,3.898913,0.001019
4,5,9,1,0|0|3|0|3,0|3|0|0|0,0,10,3.885004,0.000708,10,3.885139,0.000793
4,5,9,1,0|0|3|0|0,0|3|0|1|2,0,10,3.922479,0.001317,10,3.921856,0.000804
4,5,9,1,0|0|3|0|1,0|3|0|1|1,0,10,3.921789,0.000658,10,3.921450,0.000953
4,5,9,1,0|0|3|0|2,0|3|0|1|0,0,10,3.911085,0.000861,10,3.911414,0.000643
4,5,9,1,0|0|3|0|0,0|3|0|2|1,0,10,3.911929,0.000849,10,3.912114,0.000653
4,5,9,1,0|0|3|0|1,0|3|0|2|0,0,10,3.902870,0.000824,10,3.902685,0.000764
4,5,9,1,0|0|3|0|0,0|3|0|3|0,0,10,3.854773,0.000564,10,3.855411,0.000687
4,5,9,1,0|0|3|1|0,0|3|0|0|2,0,10,3.913349,0.000918,10,3.913993,0.000966
4,5,9,1,0|0|3|1|1,0|3|0|0|1,0,10,3.910030,0.001199,10,3.909903,0.001388
4,5,9,1,0|0|3|1|2,0|3|0|0|0,0,10,3.896077,0.000965,10,3.895993,0.000829
4,5,9,1,0|0|3|1|0,0|3|0|1|1,0,10,3.909395,0.000796,10,3.909577,0.001034
4,5,9,1,0|0|3|1|1,0|3|0|1|0,0,10,3.898869,0.001125,10,3.898572,0.001071
4,5,9,1,0|0|3|1|0,0|3|0|2|0,0,10,3.855157,0.000635,10,3.855796,0.000447
4,5,9,1,0|0|3|2|0,0|3|0|0|1,0,10,3.897355,0.000656,10,3.897230,0.000444
4,5,9,1,0|0|3|2|1,0|3|0|0|0,0,10,3.882232,0.000778,10,3.882003,0.000925
4,5,9,1,0|0|3|2|0,0|3|0|1|0,0,10,3.846987,0.000428,10,3.847204,0.000565
4,5,9,1,0|0|3|3|0,0|3|0|0|0,0,10,3.830764,0.000437,10,3.830699,0.000366
4,5,9,1,0|0|3|0|0,0|3|1|0|2,0,10,3.877367,0.000579,10,3.877785,0.000868
4,5,9,1,0|0|3|0|1,0|3|1|0|1,0,10,3.875085,0.000583,10,3.875064,0.000533
4,5,9,1,0|0|3|0|2,0|3|1|0|0,0,10,3.853811,0.000820,10,3.853808,0.000646
4,5,9,1,0|0|3|0|0,0|3|1|1|1,0,10,3.888416,0.000312,10,3.888472,0.000630
4,5,9,1,0|0|3|0|1,0|3|1|1|0,0,10,3.875736,0.000657,10,3.875572,0.000849
4,5,9,1,0|0|3|0|0,0|3|1|2|0,0,10,3.826933,0.000525,10,3.827088,0.000560
4,5,9,1,0|0|3|1|0,0|3|1|0|1,0,10,3.874091,0.000928,10,3.874250,0.000607
4,5,9,1,0|0|3|1|1,0|3|1|0|0,0,10,3.854981,0.000543,10,3.854726,0.000747
4,5,9,1,0|0|3|1|0,0|3|1|1|0,0,10,3.822798,0.000314,10,3.822838,0.000425
4,5,9,1,0|0|3|2|0,0|3|1|0|0,0,10,3.799928,0.000308,10,3.800347,0.000342
4,5,9,1,0|0|3|0|0,0|3|2|0|1,0,10,3.811610,0.000653,10,3.811650,0.000661
4,5,9,1,0|0|3|0|1,0|3|2|0|0,0,10,3.786106,0.000474,10,3.786180,0.000713
4,5,9,1,0|0|3|0|0,0|3|2|1|0,0,10,3.767581,0.000481,10,3.767348,0.000371
4,5,9,1,0|0|3|1|0,0|3|2|0|0,0,10,3.741609,0.000587,10,3.741295,0.000268
4,5,9,1,0|0|3|0|0,0|3|3|0|0,0,10,3.587836,0.000576,10,3.588020,0.000556
4,5,9,1,0|0|4|0|0,0|3|0|0|2,0,10,3.876916,0.000779,10,3.877179,0.000995
4,5,9,1,0|0|4|0|1,0|3|0|0|1,0,10,3.874782,0.000782,10,3.874793,0.000923
4,5,9,1,0|0|4|0|2,0|3|0|0|0,0,10,3.853131,0.000885,10,3.852821,0.000381
4,5,9,1,0|0|4|0|0,0|3|0|1|1,0,10,3.888423,0.000706,10,3.887971,0.000801
4,5,9,1,0|0|4|0|1,0|3|0|1|0,0,10,3.874753,0.000584,10,3.875149,0.000514
4,5,9,1,0|0|4|0|0,0|3|0|2|0,0,10,3.825980,0.000419,10,3.825833,0.000469
4,5,9,1,0|0|4|1|0,0|3|0|0|1,0,10,3.873431,0.000792,10,3.873466,0.000595
4,5,9,1,0|0|4|1|1,0|3|0|0|0,0,10,3.854091,0.000572,10,3.854660,0.000524
4,5,9,1,0|0|4|1|0,0|3|0|1|0,0,10,3.822362,0.000524,10,3.822069,0.000485
4,5,9,1,0|0|4|2|0,0|3|0|0|0,0,10,3.798729,0.000555,10,3.798925,0.000454
4,5,9,1,0|0|4|0|0,0|3|1|0|1,0,10,3.811840,0.000557,10,3.811446,0.000586
4,5,9,1,0|0|4|0|1,0|3|1|0|0,0,10,3.785620,0.000828,10,3.785726,0.000679
4,5,9,1,0|0|4|0|0,0|3|1|1|0,0,10,3.767385,0.000518,10,3.767288,0.000360
4,5,9,1,0|0|4|1|0,0|3|1|0|0,0,10,3.741040,0.000573,10,3.741208,0.000565
4,5,9,1,0|0|4|0|0,0|3|2|0|0,0,10,3.588189,0.000646,10,3.588303,0.000338
4,5,9,1,0|0|5|0|0,0|3|0|0|1,0,10,3.811268,0.000601,10,3.811175,0.000428
4,5,9,1,0|0|5|0|1,0|3|0|0|0,0,10,3.785362,0.000524,10,3.785690,0.000636
4,5,9,1,0|0|5|0|0,0|3|0|1|0,0,10,3.766982,0.000448,10,3.767071,0.000514
4,5,9,1,0|0|5|1|0,0|3|0|0|0,0,10,3.740574,0.000548,10,3.740667,0.000458
4,5,9,1,0|0|5|0|0,0|3|1|0|0,0,10,3.587996,0.000559,10,3.588234,0.000383
4,5,9,1,0|0|6|0|0,0|3|0|0|0,0,10,3.588268,0.000596,10,3.588203,0.000359
4,5,9,1,0|0|0|0|0,0|4|0|0|5,0,10,3.884062,0.001171,10,3.884406,0.001376
4,5,9,1,0|0|0|0|1,0|4|0|0|4,0,10,3.885977,0.000805,10,3.885919,0.000726
4,5,9,1,0|0|0|0|2,0|4|0|0|3,0,10,3.885627,0.000804,10,3.884640,0.001450
4,5,9,1,0|0|0|0|3,0|4|0|0|2,0,10,3.883310,0.000953,10,3.882472,0.001186
4,5,9,1,0|0|0|0|4,0|4|0|0|1,0,10,3.879780,0.000910,10,3.879925,0.000795
4,5,9,1,0|0|0|0|5,0|4|0|0|0,0,10,3.874648,0.001421,10,3.874130,0.000497
4,5,9,1,0|0|0|0|0,0|4|0|1|4,0,10,3.925616,0.000940,10,3.925523,0.000701
4,5,9,1,0|0|0|0|1,0|4|0|1|3,0,10,3.926887,0.001035,10,3.927311,0.001356
4,5,9,1,0|0|0|0|2,0|4|0|1|2,0,10,3.926579,0.001531,10,3.926316,0.000569
4,5,9,1,0|0|0|0|3,0|4|0|1|1,0,10,3.924020,0.001191,10,3.923666,0.001580
4,5,9,1,0|0|0|0|4,0|4|0|1|0,0,10,3.919562,0.001086,10,3.919526,0.000857
4,5,9,1,0|0|0|0|0,0|4|0|2|3,0,10,3.927495,0.000429,10,3.927437,0.001105
4,5,9,1,0|0|0|0|1,0|4|0|2|2,0,10,3.928478,0.001211,10,3.927884,0.001040
4,5,9,1,0|0|0|0|2,0|4|0|2|1,0,10,3.925523,0.001322,10,3.925317,0.001217
4,5,9,1,0|0|0|0|3,0|4|0|2|0,0,10,3.918576,0.001642,10,3.918973,0.000816
4,5,9,1,0|0|0|0|0,0|4|0|3|2,0,10,3.917654,0.001164,10,3.917790,0.000845
4,5,9,1,0|0|0|0|1,0|4|0|3|1,0,10,3.918363,0.001144,10,3.918033,0.000813
4,5,9,1,0|0|0|0|2,0|4|0|3|0,0,10,3.906845,0.000635,10,3.906656,0.000402
4,5,9,1,0|0|0|0|0,0|4|0|4|1,0,10,3.888779,0.000553,10,3.889438,0.000471
4,5,9,1,0|0|0|0|1,0|4|0|4|0,0,10,3.876802,0.000484,10,3.876966,0.000706
4,5,9,1,0|0|0|0|0,0|4|0|5|0,0,10,3.775836,0.000404,10,3.775655,0.000280
4,5,9,1,0|0|0|1|0,0|4|0|0|4,0,10,3.920750,0.000954,10,3.920731,0.000973
4,5,9,1,0|0|0|1|1,0|4|0|0|3,0,10,3.921239,0.001316,10,3.922114,0.000510
4,5,9,1,0|0|0|1|2,0|4|0|0|2,0,10,3.919335,0.001037,10,3.919825,0.001328
4,5,9,1,0|0|0|1|3,0|4|0|0|1,0,10,3.916526,0.000327,10,3.916309,0.000732
4,5,9,1,0|0|0|1|4,0|4|0|0|0,0,10,3.910257,0.001117,10,3.910419,0.000981
4,5,9,1,0|0|0|1|0,0|4|0|1|3,0,10,3.926992,0.001153,10,3.926989,0.000787
4,5,9,1,0|0|0|1|1,0|4|0|1|2,0,10,3.927312,0.000877,10,3.927497,0.001277
4,5,9,1,0|0|0|1|2,0|4|0|1|1,0,10,3.924264,0.000862,10,3.924101,0.000932
4,5,9,1,0|0|0|1|3,0|4|0|1|0,0,10,3.916938,0.000997,10,3.917039,0.001171
4,5,9,1,0|0|0|1|0,0|4|0|2|2,0,10,3.918332,0.000961,10,3.918119,0.000948
4,5,9,1,0|0|0|1|1,0|4|0|2|1,0,10,3.917288,0.000467,10,3.916824,0.001141
4,5,9,1,0|0|0|1|2,0|4|0|2|0,0,10,3.906857,0.000660,10,3.906446,0.001120
4,5,9,1,0|0|0|1|0,0|4|0|3|1,0,10,3.888856,0.001177,10,3.889257,0.000627
4,5,9,1,0|0|0|1|1,0|4|0|3|0,0,10,3.875921,0.000827,10,3.876535,0.000723
4,5,9,1,0|0|0|1|0,0|4|0|4|0,0,10,3.777538,0.000444,10,3.777679,0.000502
4,5,9,1,0|0|0|2|0,0|4|0|0|3,0,10,3.920988,0.000798,10,3.921677,0.001035
4,5,9,1,0|0|0|2|1,0|4|0|0|2,0,10,3.921480,0.000992,10,3.922318,0.000846
4,5,9,1,0|0|0|2|2,0|4|0|0|1,0,10,3.917264,0.000534,10,3.916935,0.001034
4,5,9,1,0|0|0|2|3,0|4|0|0|0,0,10,3.907347,0.000814,10,3.907392,0.001289
4,5,9,1,0|0|0|2|0,0|4|0|1|2,0,10,3.915504,0.000696,10,3.915722,0.001098
4,5,9,1,0|0|0|2|1,0|4|0|1|1,0,10,3.913439,0.000943,10,3.914030,0.001091
4,5,9,1,0|0|0|2|2,0|4|0|1|0,0,10,3.902119,0.000945,10,3.901780,0.000647
4,5,9,1,0|0|0|2|0,0|4|0|2|1,0,10,3.886935,0.000693,10,3.887132,0.000624
4,5,9,1,0|0|0|2|1,0|4|0|2|0,0,10,3.873231,0.000677,10,3.873055,0.000467
4,5,9,1,0|0|0|2|0,0|4|0|3|0,0,10,3.777033,0.000365,10,3.777056,0.000354
4,5,9,1,0|0|0|3|0,0|4|0|0|2,0,10,3.911181,0.001101,10,3.911234,0.000912
4,5,9,1,0|0|0|3|1,0|4|0|0|1,0,10,3.909626,0.000729,10,3.909842,0.001300
4,5,9,1,0|0|0|3|2,0|4|0|0|0,0,10,3.894640,0.000957,10,3.894324,0.000692
4,5,9,1,0|0|0|3|0,0|4|0|1|1,0,10,3.884678,0.000850,10,3.884370,0.000834
4,5,9,1,0|0|0|3|1,0|4|0|1|0,0,10,3.870365,0.000448,10,3.869741,0.000516
4,5,9,1,0|0|0|3|0,0|4|0|2|0,0,10,3.775713,0.000513,10,3.775533,0.000456
4,5,9,1,0|0|0|4|0,0|4|0|0|1,0,10,3.880914,0.001029,10,3.881028,0.000661
4,5,9,1,0|0|0|4|1,0|4|0|0|0,0,10,3.865309,0.000656,10,3.865502,0.000736
4,5,9,1,0|0|0|4|0,0|4|0|1|0,0,10,3.773426,0.000505,10,3.773407,0.000478
4,5,9,1,0|0|0|5|0,0|4|0|0|0,0,10,3.769050,0.000343,10,3.769246,0.000339
4,5,9,1,0|0|0|0|0,0|4|1|0|4,0,10,3.911859,0.001106,10,3.911608,0.001074
4,5,9,1,0|0|0|0|1,0|4|1|0|3,0,10,3.913335,0.001544,10,3.913352,0.001304
4,5,9,1,0|0|0|0|2,0|4|1|0|2,0,10,3.911600,0.000598,10,3.911524,0.001158
4,5,9,1,0|0|0|0|3,0|4|1|0|1,0,10,3.908252,0.001241,10,3.908177,0.001563
4,5,9,1,0|0|0|0|4,0|4|1|0|0,0,10,3.902251,0.001008,10,3.902297,0.001010
4,5,9,1,0|0|0|0|0,0|4|1|1|3,0,10,3.934391,0.001428,10,3.934165,0.001333
4,5,9,1,0|0|0|0|1,0|4|1|1|2,0,10,3.935967,0.001339,10,3.935218,0.001075
4,5,9,1,0|0|0|0|2,0|4|1|1|1,0,10,3.933896,0.000788,10,3.932995,0.000846
4,5,9,1,0|0|0|0|3,0|4|1|1|0,0,10,3.928349,0.001195,10,3.927611,0.001041
4,5,9,1,0|0|0|0|0,0|4|1|2|2,0,10,3.934393,0.000460,10,3.933991,0.000603
4,5,9,1,0|0|0|0|1,0|4|1|2|1,0,10,3.934456,0.000788,10,3.933894,0.001070
4,5,9,1,0|0|0|0|2,0|4|1|2|0,0,10,3.927175,0.000681,10,3.927265,0.000849
4,5,9,1,0|0|0|0|0,0|4|1|3|1,0,10,3.921818,0.001116,10,3.921209,0.000495
4,5,9,1,0|0|0|0|1,0|4|1|3|0,0,10,3.914400,0.000731,10,3.914625,0.000896
4,5,9,1,0|0|0|0|0,0|4|1|4|0,0,10,3.863878,0.000712,10,3.864129,0.000996
4,5,9,1,0|0|0|1|0,0|4|1|0|3,0,10,3.929859,0.000934,10,3.929718,0.001167
4,5,9,1,0|0|0|1|1,0|4|1|0|2,0,10,3.929689,0.000598,10,3.929294,0.001190
4,5,9,1,0|0|0|1|2,0|4|1|0|1,0,10,3.926173,0.000960,10,3.926644,0.001190
4,5,9,1,0|0|0|1|3,0|4|1|0|0,0,10,3.918946,0.000905,10,3.919470,0.000920
4,5,9,1,0|0|0|1|0,0|4|1|1|2,0,10,3.933259,0.000731,10,3.933301,0.000845
4,5,9,1,0|0|0|1|1,0|4|1|1|1,0,10,3.932640,0.000694,10,3.932740,0.000769
4,5,9,1,0|0|0|1|2,0|4|1|1|0,0,10,3.925349,0.000732,10,3.925672,0.001311
4,5,9,1,0|0|0|1|0,0|4|1|2|1,0,10,3.921121,0.000405,10,3.921433,0.001216
4,5,9,1,0|0|0|1|1,0|4|1|2|0,0,10,3.914478,0.000597,10,3.914353,0.000747
4,5,9,1,0|0|0|1|0,0|4|1|3|0,0,10,3.865709,0.000667,10,3.865725,0.000534
4,5,9,1,0|0|0|2|0,0|4|1|0|2,0,10,3.927125,0.000910,10,3.927659,0.000927
4,5,9,1,0|0|0|2|1,0|4|1|0|1,0,10,3.926403,0.000725,10,3.925338,0.000747
4,5,9,1,0|0|0|2|2,0|4|1|0|0,0,10,3.915170,0.000977,10,3.915188,0.000808
4,5,9,1,0|0|0|2|0,0|4|1|1|1,0,10,3.918182,0.001052,10,3.917643,0.000918
4,5,9,1,0|0|0|2|1,0|4|1|1|0,0,10,3.910088,0.000679,10,3.909684,0.001288
4,5,9,1,0|0|0|2|0,0|4|1|2|0,0,10,3.862667,0.000524,10,3.862785,0.000457
4,5,9,1,0|0|0|3|0,0|4|1|0|1,0,10,3.911987,0.000785,10,3.911407,0.000606
4,5,9,1,0|0|0|3|1,0|4|1|0|0,0,10,3.901359,0.000653,10,3.901454,0.000551
4,5,9,1,0|0|0|3|0,0|4|1|1|0,0,10,3.857930,0.000374,10,3.858005,0.000805
4,5,9,1,0|0|0|4|0,0|4|1|0|0,0,10,3.848966,0.000533,10,3.849119,0.000429
4,5,9,1,0|0|0|0|0,0|4|2|0|3,0,10,3.904105,0.001139,10,3.904041,0.001325
4,5,9,1,0|0|0|0|1,0|4|2|0|2,0,10,3.904900,0.000857,10,3.905565,0.000774
4,5,9,1,0|0|0|0|2,0|4|2|0|1,0,10,3.901137,0.001333,10,3.900362,0.000898
4,5,9,1,0|0|0|0|3,0|4|2|0|0,0,10,3.889529,0.000877,10,3.888693,0.000979
4,5,9,1,0|0|0|0|0,0|4|2|1|2,0,10,3.924830,0.000545,10,3.924630,0.000699
4,5,9,1,0|0|0|0|1,0|4|2|1|1,0,10,3.923828,0.000486,10,3.924084,0.001000
4,5,9,1,0|0|0|0|2,0|4|2|1|0,0,10,3.914838,0.000968,10,3.914803,0.000811
4,5,9,1,0|0|0|0|0,0|4|2|2|1,0,10,3.914585,0.000894,10,3.915112,0.000499
4,5,9,1,0|0|0|0|1,0|4|2|2|0,0,10,3.906504,0.001046,10,3.906485,0.000916
4,5,9,1,0|0|0|0|0,0|4|2|3|0,0,10,3.857421,0.000382,10,3.857495,0.000427
4,5,9,1,0|0|0|1|0,0|4|2|0|2,0,10,3.916808,0.000784,10,3.917305,0.001201
4,5,9,1,0|0|0|1|1,0|4|2|0|1,0,10,3.914904,0.000825,10,3.915281,0.001351
4,5,9,1,0|0|0|1|2,0|4|2|0|0,0,10,3.902410,0.000818,10,3.902871,0.001199
4,5,9,1,0|0|0|1|0,0|4|2|1|1,0,10,3.912891,0.000683,10,3.913205,0.001090
4,5,9,1,0|0|0|1|1,0|4|2|1|0,0,10,3.903512,0.000749,10,3.903865,0.001146
4,5,9,1,0|0|0|1|0,0|4|2|2|0,0,10,3.858856,0.000388,10,3.858570,0.000527
4,5,9,1,0|0|0|2|0,0|4|2|0|1,0,10,3.902592,0.000512,10,3.903404,0.000718
4,5,9,1,0|0|0|2|1,0|4|2|0|0,0,10,3.889860,0.000716,10,3.890516,0.000729
4,5,9,1,0|0|0|2|0,0|4|2|1|0,0,10,3.852024,0.000631,10,3.852099,0.000521
4,5,9,1,0|0|0|3|0,0|4|2|0|0,0,10,3.837955,0.000485,10,3.838363,0.000672
4,5,9,1,0|0|0|0|0,0|4|3|0|2,0,10,3.879114,0.000887,10,3.878726,0.000677
4,5,9,1,0|0|0|0|1,0|4|3|0|1,0,10,3.877492,0.000908,10,3.878111,0.000985
4,5,9,1,0|0|0|0|2,0|4|3|0|0,0,10,3.858043,0.000593,10,3.857842,0.000642
4,5,9,1,0|0|0|0|0,0|4|3|1|1,0,10,3.891686,0.000600,10,3.891697,0.000702
4,5,9,1,0|0|0|0|1,0|4|3|1|0,0,10,3.879906,0.000622,10,3.879263,0.000913
4,5,9,1,0|0|0|0|0,0|4|3|2|0,0,10,3.829278,0.000821,10,3.829862,0.000374
4,5,9,1,0|0|0|1|0,0|4|3|0|1,0,10,3.879547,0.000474,10,3.879219,0.000575
4,5,9,1,0|0|0|1|1,0|4|3|0|0,0,10,3.861799,0.000547,10,3.862385,0.001075
4,5,9,1,0|0|0|1|0,0|4|3|1|0,0,10,3.827408,0.000316,10,3.827024,0.000442
4,5,9,1,0|0|0|2|0,0|4|3|0|0,0,10,3.807091,0.000498,10,3.806983,0.000391
4,5,9,1,0|0|0|0|0,0|4|4|0|1,0,10,3.812247,0.000576,10,3.812157,0.000688
4,5,9,1,0|0|0|0|1,0|4|4|0|0,0,10,3.788420,0.000641,10,3.788351,0.000400
4,5,9,1,0|0|0|0|0,0|4|4|1|0,0,10,3.768979,0.000249,10,3.769064,0.000535
4,5,9,1,0|0|0|1|0,0|4|4|0|0,0,10,3.745991,0.000608,10,3.745717,0.000709
4,5,9,1,0|0|0|0|0,0|4|5|0|0,0,10,3.579133,0.000544,10,3.579060,0.000425
4,5,9,1,0|0|1|0|0,0|4|0|0|4,0,10,3.909095,0.001399,10,3.908341,0.000666
4,5,9,1,0|0|1|0|1,0|4|0|0|3,0,10,3.910462,0.000977,10,3.909410,0.001002
4,5,9,1,0|0|1|0|2,0|4|0|0|2,0,10,3.907545,0.001205,10,3.907785,0.000563
4,5,9,1,0|0|1|0|3,0|4|0|0|1,0,10,3.903690,0.000689,10,3.903704,0.001201
4,5,9,1,0|0|1|0|4,0|4|0|0|0,0,10,3.895802,0.000709,10,3.895840,0.001097
4,5,9,1,0|0|1|0|0,0|4|0|1|3,0,10,3.932065,0.000997,10,3.930987,0.001536
4,5,9,1,0|0|1|0|1,0|4|0|1|2,0,10,3.931483,0.001040,10,3.932121,0.001615
4,5,9,1,0|0|1|0|2,0|4|0|1|1,0,10,3.929096,0.001253,10,3.929676,0.001039
4,5,9,1,0|0|1|0|3,0|4|0|1|0,0,10,3.923767,0.000936,10,3.923721,0.000854
4,5,9,1,0|0|1|0|0,0|4|0|2|2,0,10,3.930269,0.001061,10,3.930112,0.000985
4,5,9,1,0|0|1|0|1,0|4|0|2|1,0,10,3.929917,0.001234,10,3.930017,0.000745
4,5,9,1,0|0|1|0|2,0|4|0|2|0,0,10,3.922489,0.000718,10,3.921689,0.001211
4,5,9,1,0|0|1|0|0,0|4|0|3|1,0,10,3.916372,0.000874,10,3.916209,0.000458
4,5,9,1,0|0|1|0|1,0|4|0|3|0,0,10,3.907856,0.000638,10,3.907835,0.001058
4,5,9,1,0|0|1|0|0,0|4|0|4|0,0,10,3.854167,0.000520,10,3.854443,0.000665
4,5,9,1,0|0|1|1|0,0|4|0|0|3,0,10,3.924910,0.001037,10,3.925277,0.001229
4,5,9,1,0|0|1|1|1,0|4|0|0|2,0,10,3.924880,0.001058,10,3.924534,0.000795
4,5,9,1,0|0|1|1|2,0|4|0|0|1,0,10,3.920510,0.000554,10,3.920417,0.001248
4,5,9,1,0|0|1|1|3,0|4|0|0|0,0,10,3.911379,0.000670,10,3.911939,0.000694
4,5,9,1,0|0|1|1|0,0|4|0|1|2,0,10,3.928358,0.000825,10,3.928396,0.001212
4,5,9,1,0|0|1|1|1,0|4|0|1|1,0,10,3.926744,0.000674,10,3.927223,0.001518
4,5,9,1,0|0|1|1|2,0|4|0|1|0,0,10,3.918567,0.000887,10,3.918550,0.001038
4,5,9,1,0|0|1|1|0,0|4|0|2|1,0,10,3.915178,0.000391,10,3.915431,0.000932
4,5,9,1,0|0|1|1|1,0|4|0|2|0,0,10,3.905771,0.000674,10,3.906573,0.000568
4,5,9,1,0|0|1|1|0,0|4|0|3|0,0,10,3.855370,0.000570,10,3.855370,0.000699
4,5,9,1,0|0|1|2|0,0|4|0|0|2,0,10,3.921551,0.000840,10,3.921031,0.001056
4,5,9,1,0|0|1|2|1,0|4|0|0|1,0,10,3.918626,0.001186,10,3.918718,0.000855
4,5,9,1,0|0|1|2|2,0|4|0|0|0,0,10,3.906097,0.000726,10,3.906223,0.001015
4,5,9,1,0|0|1|2|0,0|4|0|1|1,0,10,3.910784,0.000665,10,3.910831,0.000557
4,5,9,1,0|0|1|2|1,0|4|0|1|0,0,10,3.900841,0.000750,10,3.900924,0.000938
4,5,9,1,0|0|1|2|0,0|4|0|2|0,0,10,3.851730,0.000498,10,3.851658,0.000475
4,5,9,1,0|0|1|3|0,0|4|0|0|1,0,10,3.903644,0.001013,10,3.903586,0.000674
4,5,9,1,0|0|1|3|1,0|4|0|0|0,0,10,3.890976,0.000508,10,3.891096,0.000786
4,5,9,1,0|0|1|3|0,0|4|0|1|0,0,10,3.846371,0.000736,10,3.846308,0.000613
4,5,9,1,0|0|1|4|0,0|4|0|0|0,0,10,3.836185,0.000582,10,3.836260,0.000537
4,5,9,1,0|0|1|0|0,0|4|1|0|3,0,10,3.903333,0.000988,10,3.903343,0.000861
4,5,9,1,0|0|1|0|1,0|4|1|0|2,0,10,3.904187,0.001251,10,3.904230,0.001160
4,5,9,1,0|0|1|0|2,0|4|1|0|1,0,10,3.899713,0.001104,10,3.899308,0.000927
4,5,9,1,0|0|1|0|3,0|4|1|0|0,0,10,3.887663,0.001012,10,3.887577,0.000936
4,5,9,1,0|0|1|0|0,0|4|1|1|2,0,10,3.922516,0.001540,10,3.923222,0.001167
4,5,9,1,0|0|1|0|1,0|4|1|1|1,0,10,3.921516,0.000794,10,3.922319,0.001216
4,5,9,1,0|0|1|0|2,0|4|1|1|0,0,10,3.913280,0.001007,10,3.912889,0.000601
4,5,9,1,0|0|1|0|0,0|4|1|2|1,0,10,3.912935,0.000477,10,3.912621,0.001050
4,5,9,1,0|0|1|0|1,0|4|1|2|0,0,10,3.904204,0.000929,10,3.903752,0.000644
4,5,9,1,0|0|1|0|0,0|4|1|3|0,0,10,3.855870,0.000469,10,3.855926,0.000834
4,5,9,1,0|0|1|1|0,0|4|1|0|2,0,10,3.915024,0.000912,10,3.914943,0.000695
4,5,9,1,0|0|1|1|1,0|4|1|0|1,0,10,3.911915,0.000638,10,3.911014,0.000773
4,5,9,1,0|0|1|1|2,0|4|1|0|0,0,10,3.898370,0.000669,10,3.898015,0.000915
4,5,9,1,0|0|1|1|0,0|4|1|1|1,0,10,3.909345,0.000934,10,3.909894,0.000880
4,5,9,1,0|0|1|1|1,0|4|1|1|0,0,10,3.899844,0.000689,10,3.899745,0.000466
4,5,9,1,0|0|1|1|0,0|4|1|2|0,0,10,3.855580,0.000407,10,3.855562,0.000399
4,5,9,1,0|0|1|2|0,0|4|1|0|1,0,10,3.899345,0.001028,10,3.899307,0.000965
4,5,9,1,0|0|1|2|1,0|4|1|0|0,0,10,3.885591,0.000763,10,3.885552,0.000457
4,5,9,1,0|0|1|2|0,0|4|1|1|0,0,10,3.848727,0.000669,10,3.848456,0.000377
4,5,9,1,0|0|1|3|0,0|4|1|0|0,0,10,3.834848,0.000493,10,3.834861,0.000435
4,5,9,1,0|0|1|0|0,0|4|2|0|2,0,10,3.878277,0.000424,10,3.878667,0.001116
4,5,9,1,0|0|1|0|1,0|4|2|0|1,0,10,3.876327,0.000915,10,3.876120,0.000724
4,5,9,1,0|0|1|0|2,0|4|2|0|0,0,10,3.856295,0.000701,10,3.856561,0.000782
4,5,9,1,0|0|1|0|0,0|4|2|1|1,0,10,3.889519,0.000664,10,3.890162,0.001004
4,5,9,1,0|0|1|0|1,0|4|2|1|0,0,10,3.877194,0.000679,10,3.877066,0.000532
4,5,9,1,0|0|1|0|0,0|4|2|2|0,0,10,3.828994,0.000589,10,3.829098,0.000731
4,5,9,1,0|0|1|1|0,0|4|2|0|1,0,10,3.875703,0.000922,10,3.876073,0.000847
4,5,9,1,0|0|1|1|1,0|4|2|0|0,0,10,3.857567,0.000668,10,3.857854,0.000927
4,5,9,1,0|0|1|1|0,0|4|2|1|0,0,10,3.824373,0.000559,10,3.824374,0.000505
4,5,9,1,0|0|1|2|0,0|4|2|0|0,0,10,3.803942,0.000474,10,3.804106,0.000522
4,5,9,1,0|0|1|0|0,0|4|3|0|1,0,10,3.811877,0.000491,10,3.812140,0.000703
4,5,9,1,0|0|1|0|1,0|4|3|0|0,0,10,3.786892,0.000635,10,3.787325,0.000584
4,5,9,1,0|0|1|0|0,0|4|3|1|0,0,10,3.768428,0.000508,10,3.768332,0.000573
4,5,9,1,0|0|1|1|0,0|4|3|0|0,0,10,3.743005,0.000510,10,3.743287,0.000625
4,5,9,1,0|0|1|0|0,0|4|4|0|0,0,10,3.584381,0.000192,10,3.584453,0.000350
4,5,9,1,0|0|2|0|0,0|4|0|0|3,0,10,3.901002,0.001096,10,3.901426,0.000786
4,5,9,1,0|0|2|0|1,0|4|0|0|2,0,10,3.902067,0.000901,10,3.902080,0.001230
4,5,9,1,0|0|2|0|2,0|4|0|0|1,0,10,3.896291,0.001186,10,3.895720,0.001101
4,5,9,1,0|0|2|0|3,0|4|0|0|0,0,10,3.883154,0.000883,10,3.882606,0.000739
4,5,9,1,0|0|2|0|0,0|4|0|1|2,0,10,3.920279,0.001281,10,3.920417,0.000705
4,5,9,1,0|0|2|0|1,0|4|0|1|1,0,10,3.919817,0.000851,10,3.919320,0.001383
4,5,9,1,0|0|2|0|2,0|4|0|1|0,0,10,3.909463,0.001349,10,3.909174,0.001042
4,5,9,1,0|0|2|0|0,0|4|0|2|1,0,10,3.909445,0.000723,10,3.909551,0.000761
4,5,9,1,0|0|2|0|1,0|4|0|2|0,0,10,3.900451,0.000688,10,3.900649,0.000787
4,5,9,1,0|0|2|0|0,0|4|0|3|0,0,10,3.850805,0.000641,10,3.850444,0.000680
4,5,9,1,0|0|2|1|0,0|4|0|0|2,0,10,3.910915,0.001176,10,3.911462,0.000740
4,5,9,1,0|0|2|1|1,0|4|0|0|1,0,10,3.907908,0.000593,10,3.906876,0.000645
4,5,9,1,0|0|2|1|2,0|4|0|0|0,0,10,3.892946,0.001255,10,3.893234,0.000943
4,5,9,1,0|0|2|1|0,0|4|0|1|1,0,10,3.906862,0.000479,10,3.906638,0.000887
4,5,9,1,0|0|2|1|1,0|4|0|1|0,0,10,3.895938,0.000576,10,3.895612,0.000440
4,5,9,1,0|0|2|1|0,0|4|0|2|0,0,10,3.850465,0.000525,10,3.850349,0.000551
4,5,9,1,0|0|2|2|0,0|4|0|0|1,0,10,3.894352,0.000614,10,3.894336,0.000709
4,5,9,1,0|0|2|2|1,0|4|0|0|0,0,10,3.879093,0.000481,10,3.879081,0.000593
4,5,9,1,0|0|2|2|0,0|4|0|1|0,0,10,3.842247,0.000569,10,3.842105,0.000423
4,5,9,1,0|0|2|3|0,0|4|0|0|0,0,10,3.825733,0.000474,10,3.826101,0.000433
4,5,9,1,0|0|2|0|0,0|4|1|0|2,0,10,3.877105,0.001105,10,3.877135,0.000934
4,5,9,1,0|0|2|0|1,0|4|1|0|1,0,10,3.874107,0.001332,10,3.874376,0.000701
4,5,9,1,0|0|2|0|2,0|4|1|0|0,0,10,3.853405,0.000884,10,3.853755,0.000808
4,5,9,1,0|0|2|0|0,0|4|1|1|1,0,10,3.888065,0.001002,10,3.887890,0.000754
4,5,9,1,0|0|2|0|1,0|4|1|1|0,0,10,3.875146,0.000755,10,3.874951,0.000591
4,5,9,1,0|0|2|0|0,0|4|1|2|0,0,10,3.826480,0.000455,10,3.826605,0.000704
4,5,9,1,0|0|2|1|0,0|4|1|0|1,0,10,3.873279,0.001006,10,3.873234,0.000624
4,5,9,1,0|0|2|1|1,0|4|1|0|0,0,10,3.853882,0.000528,10,3.853972,0.000723
4,5,9,1,0|0|2|1|0,0|4|1|1|0,0,10,3.821675,0.000351,10,3.821805,0.000542
4,5,9,1,0|0|2|2|0,0|4|1|0|0,0,10,3.799804,0.000497,10,3.799953,0.000843
4,5,9,1,0|0|2|0|0,0|4|2|0|1,0,10,3.811068,0.000459,10,3.811125,0.000525
4,5,9,1,0|0|2|0|1,0|4|2|0|0,0,10,3.785954,0.000500,10,3.785762,0.000775
4,5,9,1,0|0|2|0|0,0|4|2|1|0,0,10,3.767377,0.000513,10,3.766841,0.000309
4,5,9,1,0|0|2|1|0,0|4|2|0|0,0,10,3.741007,0.000409,10,3.741144,0.000257
4,5,9,1,0|0|2|0|0,0|4|3|0|0,0,10,3.587004,0.000859,10,3.586630,0.000255
4,5,9,1,0|0|3|0|0,0|4|0|0|2,0,10,3.875984,0.000869,10,3.875542,0.000508
4,5,9,1,0|0|3|0|1,0|4|0|0|1,0,10,3.873508,0.000807,10,3.873017,0.000976
4,5,9,1,0|0|3|0|2,0|4|0|0|0,0,10,3.851591,0.000619,10,3.851163,0.000551
4,5,9,1,0|0|3|0|0,0|4|0|1|1,0,10,3.886540,0.000823,10,3.886822,0.000597
4,5,9,1,0|0|3|0|1,0|4|0|1|0,0,10,3.873324,0.000660,10,3.873656,0.001003
4,5,9,1,0|0|3|0|0,0|4|0|2|0,0,10,3.824315,0.000222,10,3.824137,0.000552
4,5,9,1,0|0|3|1|0,0|4|0|0|1,0,10,3.872614,0.000595,10,3.872524,0.000660
4,5,9,1,0|0|3|1|1,0|4|0|0|0,0,10,3.852028,0.000494,10,3.852463,0.000741
4,5,9,1,0|0|3|1|0,0|4|0|1|0,0,10,3.820211,0.000599,10,3.819438,0.000406
4,5,9,1,0|0|3|2|0,0|4|0|0|0,0,10,3.796667,0.000388,10,3.796405,0.000459
4,5,9,1,0|0|3|0|0,0|4|1|0|1,0,10,3.810892,0.000476,10,3.811104,0.000802
4,5,9,1,0|0|3|0|1,0|4|1|0|0,0,10,3.785329,0.000647,10,3.785319,0.000685
4,5,9,1,0|0|3|0|0,0|4|1|1|0,0,10,3.766464,0.000340,10,3.766425,0.000504
4,5,9,1,0|0|3|1|0,0|4|1|0|0,0,10,3.740371,0.000453,10,3.740211,0.000234
4,5,9,1,0|0|3|0|0,0|4|2|0|0,0,10,3.587475,0.000604,10,3.587408,0.000428
4,5,9,1,0|0|4|0|0,0|4|0|0|1,0,10,3.810818,0.000768,10,3.810097,0.000617
4,5,9,1,0|0|4|0|1,0|4|0|0|0,0,10,3.784243,0.000688,10,3.784693,0.000662
4,5,9,1,0|0|4|0|0,0|4|0|1|0,0,10,3.765812,0.000380,10,3.765941,0.000563
4,5,9,1,0|0|4|1|0,0|4|0|0|0,0,10,3.739366,0.000350,10,3.739474,0.000451
4,5,9,1,0|0|4|0|0,0|4|1|0|0,0,10,3.587835,0.000483,10,3.587648,0.000654
4,5,9,1,0|0|5|0|0,0|4|0|0|0,0,10,3.587621,0.000603,10,3.587511,0.000498
4,5,9,1,0|0|0|0|0,0|5|0|0|4,0,10,3.871952,0.001011,10,3.871406,0.000685
4,5,9,1,0|0|0|0|1,0|5|0|0|3,0,10,3.874530,0.000648,10,3.874618,0.000862
4,5,9,1,0|0|0|0|2,0|5|0|0|2,0,10,3.871588,0.000680,10,3.871582,0.001164
4,5,9,1,0|0|0|0|3,0|5|0|0|1,0,10,3.866082,0.001453,10,3.867016,0.000820
4,5,9,1,0|0|0|0|4,0|5|0|0|0,0,10,3.855490,0.000734,10,3.856180,0.001246
4,5,9,1,0|0|0|0|0,0|5|0|1|3,0,10,3.916212,0.001078,10,3.915289,0.000798
4,5,9,1,0|0|0|0|1,0|5|0|1|2,0,10,3.917232,0.001051,10,3.917229,0.000769
4,5,9,1,0|0|0|0|2,0|5|0|1|1,0,10,3.912760,0.000968,10,3.912697,0.001027
4,5,9,1,0|0|0|0|3,0|5|0|1|0,0,10,3.904361,0.001055,10,3.904796,0.000882
4,5,9,1,0|0|0|0|0,0|5|0|2|2,0,10,3.911202,0.001091,10,3.911142,0.000816
4,5,9,1,0|0|0|0|1,0|5|0|2|1,0,10,3.910286,0.000976,10,3.910794,0.001129
4,5,9,1,0|0|0|0|2,0|5|0|2|0,0,10,3.897832,0.000738,10,3.897352,0.000994
4,5,9,1,0|0|0|0|0,0|5|0|3|1,0,10,3.882209,0.000516,10,3.882764,0.000670
4,5,9,1,0|0|0|0|1,0|5|0|3|0,0,10,3.868972,0.000565,10,3.868762,0.000636
4,5,9,1,0|0|0|0|0,0|5|0|4|0,0,10,3.766634,0.000351,10,3.766372,0.000344
4,5,9,1,0|0|0|1|0,0|5|0|0|3,0,10,3.909074,0.001039,10,3.909272,0.000951
4,5,9,1,0|0|0|1|1,0|5|0|0|2,0,10,3.908473,0.001351,10,3.908634,0.001141
4,5,9,1,0|0|0|1|2,0|5|0|0|1,0,10,3.902904,0.001032,10,3.903571,0.001303
4,5,9,1,0|0|0|1|3,0|5|0|0|0,0,10,3.891535,0.001060,10,3.891709,0.001365
4,5,9,1,0|0|0|1|0,0|5|0|1|2,0,10,3.909424,0.000912,10,3.908897,0.000885
4,5,9,1,0|0|0|1|1,0|5|0|1|1,0,10,3.908031,0.001495,10,3.908132,0.001172
4,5,9,1,0|0|0|1|2,0|5|0|1|0,0,10,3.895077,0.000556,10,3.894935,0.000741
4,5,9,1,0|0|0|1|0,0|5|0|2|1,0,10,3.882009,0.000804,10,3.881707,0.000443
4,5,9,1,0|0|0|1|1,0|5|0|2|0,0,10,3.867664,0.000725,10,3.868129,0.000660
4,5,9,1,0|0|0|1|0,0|5|0|3|0,0,10,3.768810,0.000447,10,3.769012,0.000596
4,5,9,1,0|0|0|2|0,0|5|0|0|2,0,10,3.901596,0.000798,10,3.902117,0.001148
4,5,9,1,0|0|0|2|1,0|5|0|0|1,0,10,3.899473,0.000556,10,3.900037,0.000549
4,5,9,1,0|0|0|2|2,0|5|0|0|0,0,10,3.881932,0.000509,10,3.881960,0.000963
4,5,9,1,0|0|0|2|0,0|5|0|1|1,0,10,3.877885,0.000593,10,3.878532,0.000804
4,5,9,1,0|0|0|2|1,0|5|0|1|0,0,10,3.862613,0.000809,10,3.862274,0.000911
4,5,9,1,0|0|0|2|0,0|5|0|2|0,0,10,3.766844,0.000611,10,3.767060,0.000487
4,5,9,1,0|0|0|3|0,0|5|0|0|1,0,10,3.871770,0.000512,10,3.871672,0.000625
4,5,9,1,0|0|0|3|1,0|5|0|0|0,0,10,3.853582,0.000791,10,3.854357,0.000593
4,5,9,1,0|0|0|3|0,0|5|0|1|0,0,10,3.763509,0.000547,10,3.763817,0.000348
4,5,9,1,0|0|0|4|0,0|5|0|0|0,0,10,3.756706,0.000550,10,3.756735,0.000630
4,5,9,1,0|0|0|0|0,0|5|1|0|3,0,10,3.897543,0.000902,10,3.897703,0.000928
4,5,9,1,0|0|0|0|1,0|5|1|0|2,0,10,3.899044,0.000643,10,3.899253,0.001180
4,5,9,1,0|0|0|0|2,0|5|1|0|1,0,10,3.894790,0.000730,10,3.894261,0.001039
4,5,9,1,0|0|0|0|3,0|5|1|0|0,0,10,3.882418,0.001004,10,3.881997,0.000876
4,5,9,1,0|0|0|0|0,0|5|1|1|2,0,10,3.920671,0.000866,10,3.920392,0.000949
4,5,9,1,0|0|0|0|1,0|5|1|1|1,0,10,3.919134,0.001345,10,3.918682,0.001019
4,5,9,1,0|0|0|0|2,0|5|1|1|0,0,10,3.909444,0.000694,10,3.909531,0.000700
4,5,9,1,0|0|0|0|0,0|5|1|2|1,0,10,3.909072,0.000506,10,3.908775,0.000728
4,5,9,1,0|0|0|0|1,0|5|1|2|0,0,10,3.900146,0.000858,10,3.900123,0.000544
4,5,9,1,0|0|0|0|0,0|5|1|3|0,0,10,3.845400,0.000518,10,3.845353,0.000381
4,5,9,1,0|0|0|1|0,0|5|1|0|2,0,10,3.912428,0.001103,10,3.912038,0.000451
4,5,9,1,0|0|0|1|1,0|5|1|0|1,0,10,3.909852,0.000897,10,3.909616,0.000700
4,5,9,1,0|0|0|1|2,0|5|1|0|0,0,10,3.896271,0.000550,10,3.896434,0.000704
4,5,9,1,0|0|0|1|0,0|5|1|1|1,0,10,3.907099,0.000644,10,3.907038,0.001138
4,5,9,1,0|0|0|1|1,0|5|1|1|0,0,10,3.896758,0.000815,10,3.896678,0.000902
4,5,9,1,0|0|0|1|0,0|5|1|2|0,0,10,3.845821,0.000518,10,3.845897,0.000679
4,5,9,1,0|0|0|2|0,0|5|1|0|1,0,10,3.896319,0.000892,10,3.896799,0.000949
4,5,9,1,0|0|0|2|1,0|5|1|0|0,0,10,3.882578,0.000678,10,3.882789,0.000620
4,5,9,1,0|0|0|2|0,0|5|1|1|0,0,10,3.839561,0.000508,10,3.839700,0.000555
4,5,9,1,0|0|0|3|0,0|5|1|0|0,0,10,3.826171,0.000696,10,3.826426,0.000482
4,5,9,1,0|0|0|0|0,0|5|2|0|2,0,10,3.876752,0.000837,10,3.876531,0.000786
4,5,9,1,0|0|0|0|1,0|5|2|0|1,0,10,3.875253,0.000657,10,3.874963,0.000767
4,5,9,1,0|0|0|0|2,0|5|2|0|0,0,10,3.855068,0.000829,10,3.855218,0.000823
4,5,9,1,0|0|0|0|0,0|5|2|1|1,0,10,3.889966,0.000634,10,3.889657,0.000592
4,5,9,1,0|0|0|0|1,0|5|2|1|0,0,10,3.877432,0.000420,10,3.877515,0.001014
4,5,9,1,0|0|0|0|0,0|5|2|2|0,0,10,3.826375,0.000701,10,3.826421,0.000583
4,5,9,1,0|0|0|1|0,0|5|2|0|1,0,10,3.876836,0.000699,10,3.877013,0.000752
4,5,9,1,0|0|0|1|1,0|5|2|0|0,0,10,3.859570,0.000569,10,3.859095,0.000700
4,5,9,1,0|0|0|1|0,0|5|2|1|0,0,10,3.823591,0.000498,10,3.823422,0.000565
4,5,9,1,0|0|0|2|0,0|5|2|0|0,0,10,3.803286,0.000363,10,3.803699,0.000473
4,5,9,1,0|0|0|0|0,0|5|3|0|1,0,10,3.811296,0.000676,10,3.811275,0.000587
4,5,9,1,0|0|0|0|1,0|5|3|0|0,0,10,3.787535,0.000541,10,3.787847,0.000730
4,5,9,1,0|0|0|0|0,0|5|3|1|0,0,10,3.767667,0.000446,10,3.767720,0.000487
4,5,9,1,0|0|0|1|0,0|5|3|0|0,0,10,3.744465,0.000368,10,3.744513,0.000505
4,5,9,1,0|0|0|0|0,0|5|4|0|0,0,10,3.578565,0.000482,10,3.578689,0.000375
4,5,9,1,0|0|1|0|0,0|5|0|0|3,0,10,3.892974,0.000975,10,3.892957,0.001101
4,5,9,1,0|0|1|0|1,0|5|0|0|2,0,10,3.894300,0.001320,10,3.893633,0.000830
4,5,9,1,0|0|1|0|2,0|5|0|0|1,0,10,3.887623,0.000957,10,3.887992,0.000945
4,5,9,1,0|0|1|0|3,0|5|0|0|0,0,10,3.874332,0.001209,10,3.873585,0.000805
4,5,9,1,0|0|1|0|0,0|5|0|1|2,0,10,3.915938,0.000595,10,3.915724,0.001195
4,5,9,1,0|0|1|0|1,0|5|0|1|1,0,10,3.913801,0.000840,10,3.914275,0.000538
4,5,9,1,0|0|1|0|2,0|5|0|1|0,0,10,3.902974,0.000662,10,3.902435,0.000456
4,5,9,1,0|0|1|0|0,0|5|0|2|1,0,10,3.903114,0.000899,10,3.903106,0.000588
4,5,9,1,0|0|1|0|1,0|5|0|2|0,0,10,3.892463,0.000538,10,3.892489,0.000780
4,5,9,1,0|0|1|0|0,0|5|0|3|0,0,10,3.835105,0.000463,10,3.835283,0.000342
4,5,9,1,0|0|1|1|0,0|5|0|0|2,0,10,3.905578,0.000795,10,3.905562,0.001393
4,5,9,1,0|0|1|1|1,0|5|0|0|1,0,10,3.900735,0.001265,10,3.900424,0.000725
4,5,9,1,0|0|1|1|2,0|5|0|0|0,0,10,3.885901,0.000691,10,3.885931,0.000553
4,5,9,1,0|0|1|1|0,0|5|0|1|1,0,10,3.898748,0.000454,10,3.898765,0.000724
4,5,9,1,0|0|1|1|1,0|5|0|1|0,0,10,3.886681,0.000776,10,3.886660,0.000563
4,5,9,1,0|0|1|1|0,0|5|0|2|0,0,10,3.834252,0.000650,10,3.834526,0.000629
4,5,9,1,0|0|1|2|0,0|5|0|0|1,0,10,3.887081,0.000654,10,3.887350,0.000571
4,5,9,1,0|0|1|2|1,0|5|0|0|0,0,10,3.870391,0.000581,10,3.870360,0.000561
4,5,9,1,0|0|1|2|0,0|5|0|1|0,0,10,3.827094,0.000506,10,3.827054,0.000596
4,5,9,1,0|0|1|3|0,0|5|0|0|0,0,10,3.812171,0.000482,10,3.811869,0.000523
4,5,9,1,0|0|1|0|0,0|5|1|0|2,0,10,3.875499,0.000867,10,3.876032,0.000748
4,5,9,1,0|0|1|0|1,0|5|1|0|1,0,10,3.873001,0.000674,10,3.872190,0.000571
4,5,9,1,0|0|1|0|2,0|5|1|0|0,0,10,3.852747,0.000696,10,3.852888,0.000618
4,5,9,1,0|0|1|0|0,0|5|1|1|1,0,10,3.887133,0.000997,10,3.886549,0.000684
4,5,9,1,0|0|1|0|1,0|5|1|1|0,0,10,3.873844,0.000508,10,3.873837,0.000603
4,5,9,1,0|0|1|0|0,0|5|1|2|0,0,10,3.824172,0.000360,10,3.824398,0.000459
4,5,9,1,0|0|1|1|0,0|5|1|0|1,0,10,3.872740,0.000839,10,3.872259,0.000786
4,5,9,1,0|0|1|1|1,0|5|1|0|0,0,10,3.853420,0.000648,10,3.853442,0.000805
4,5,9,1,0|0|1|1|0,0|5|1|1|0,0,10,3.819495,0.000507,10,3.819016,0.000766
4,5,9,1,0|0|1|2|0,0|5|1|0|0,0,10,3.799168,0.000594,10,3.798850,0.000541
4,5,9,1,0|0|1|0|0,0|5|2|0|1,0,10,3.810714,0.000559,10,3.810916,0.000714
4,5,9,1,0|0|1|0|1,0|5|2|0|0,0,10,3.785398,0.000584,10,3.785718,0.000840
4,5,9,1,0|0|1|0|0,0|5|2|1|0,0,10,3.766526,0.000447,10,3.766739,0.000506
4,5,9,1,0|0|1|1|0,0|5|2|0|0,0,10,3.741658,0.000361,10,3.741505,0.000424
4,5,9,1,0|0|1|0|0,0|5|3|0|0,0,10,3.584143,0.000458,10,3.583935,0.000346
4,5,9,1,0|0|2|0|0,0|5|0|0|2,0,10,3.872378,0.000521,10,3.872435,0.000502
4,5,9,1,0|0|2|0|1,0|5|0|0|1,0,10,3.869601,0.000823,10,3.868938,0.000799
4,5,9,1,0|0|2|0|2,0|5|0|0|0,0,10,3.846360,0.000403,10,3.846699,0.000853
4,5,9,1,0|0|2|0|0,0|5|0|1|1,0,10,3.883393,0.000519,10,3.883336,0.000542
4,5,9,1,0|0|2|0|1,0|5|0|1|0,0,10,3.869762,0.000702,10,3.869515,0.000639
4,5,9,1,0|0|2|0|0,0|5|0|2|0,0,10,3.818836,0.000384,10,3.818827,0.000483
4,5,9,1,0|0|2|1|0,0|5|0|0|1,0,10,3.867876,0.000622,10,3.867942,0.000619
4,5,9,1,0|0|2|1|1,0|5|0|0|0,0,10,3.847122,0.000734,10,3.847312,0.000712
4,5,9,1,0|0|2|1|0,0|5|0|1|0,0,10,3.813664,0.000280,10,3.813418,0.000465
4,5,9,1,0|0|2|2|0,0|5|0|0|0,0,10,3.790582,0.000471,10,3.790400,0.000529
4,5,9,1,0|0|2|0|0,0|5|1|0|1,0,10,3.809628,0.000709,10,3.809932,0.000312
4,5,9,1,0|0|2|0|1,0|5|1|0|0,0,10,3.783531,0.000566,10,3.783633,0.000587
4,5,9,1,0|0|2|0|0,0|5|1|1|0,0,10,3.765061,0.000539,10,3.764813,0.000547
4,5,9,1,0|0|2|1|0,0|5|1|0|0,0,10,3.738720,0.000522,10,3.738724,0.000613
4,5,9,1,0|0|2|0|0,0|5|2|0|0,0,10,3.585644,0.000575,10,3.585786,0.000327
4,5,9,1,0|0|3|0|0,0|5|0|0|1,0,10,3.808053,0.000665,10,3.808295,0.000630
4,5,9,1,0|0|3|0|1,0|5|0|0|0,0,10,3.781826,0.000465,10,3.781695,0.000588
4,5,9,1,0|0|3|0|0,0|5|0|1|0,0,10,3.763475,0.000634,10,3.763097,0.000290
4,5,9,1,0|0|3|1|0,0|5|0|0|0,0,10,3.736137,0.000661,10,3.736410,0.000426
4,5,9,1,0|0|3|0|0,0|5|1|0|0,0,10,3.586470,0.000555,10,3.586327,0.000495
4,5,9,1,0|0|4|0|0,0|5|0|0|0,0,10,3.586128,0.000537,10,3.585515,0.000416
4,5,9,1,0|0|0|0|0,0|6|0|0|3,0,10,3.849398,0.000743,10,3.849571,0.000896
4,5,9,1,0|0|0|0|1,0|6|0|0|2,0,10,3.852274,0.000786,10,3.852334,0.000936
4,5,9,1,0|0|0|0|2,0|6|0|0|1,0,10,3.844813,0.000572,10,3.844945,0.000739
4,5,9,1,0|0|0|0|3,0|6|0|0|0,0,10,3.826713,0.000786,10,3.826770,0.000631
4,5,9,1,0|0|0|0|0,0|6|0|1|2,0,10,3.892922,0.000764,10,3.893068,0.000798
4,5,9,1,0|0|0|0|1,0|6|0|1|1,0,10,3.892045,0.000814,10,3.891994,0.000633
4,5,9,1,0|0|0|0|2,0|6|0|1|0,0,10,3.875599,0.000933,10,3.876446,0.000362
4,5,9,1,0|0|0|0|0,0|6|0|2|1,0,10,3.868539,0.000694,10,3.868169,0.000716
4,5,9,1,0|0|0|0|1,0|6|0|2|0,0,10,3.853155,0.000548,10,3.853205,0.000503
4,5,9,1,0|0|0|0|0,0|6|0|3|0,0,10,3.750597,0.000467,10,3.750656,0.000379
4,5,9,1,0|0|0|1|0,0|6|0|0|2,0,10,3.882488,0.000660,10,3.883330,0.000410
4,5,9,1,0|0|0|1|1,0|6|0|0|1,0,10,3.878172,0.000673,10,3.878390,0.000761
4,5,9,1,0|0|0|1|2,0|6|0|0|0,0,10,3.858659,0.000692,10,3.858339,0.000666
4,5,9,1,0|0|0|1|0,0|6|0|1|1,0,10,3.865892,0.000505,10,3.865873,0.000527
4,5,9,1,0|0|0|1|1,0|6|0|1|0,0,10,3.848780,0.000539,10,3.848662,0.000683
4,5,9,1,0|0|0|1|0,0|6|0|2|0,0,10,3.752160,0.000701,10,3.752394,0.000499
4,5,9,1,0|0|0|2|0,0|6|0|0|1,0,10,3.854521,0.000370,10,3.854858,0.000664
4,5,9,1,0|0|0|2|1,0|6|0|0|0,0,10,3.833366,0.000723,10,3.833524,0.000545
4,5,9,1,0|0|0|2|0,0|6|0|1|0,0,10,3.747270,0.000427,10,3.747099,0.000564
4,5,9,1,0|0|0|3|0,0|6|0|0|0,0,10,3.735581,0.000322,10,3.735876,0.000481
4,5,9,1,0|0|0|0|0,0|6|1|0|2,0,10,3.868038,0.000936,10,3.867556,0.000601
4,5,9,1,0|0|0|0|1,0|6|1|0|1,0,10,3.865390,0.000676,10,3.866043,0.000381
4,5,9,1,0|0|0|0|2,0|6|1|0|0,0,10,3.844636,0.001004,10,3.844587,0.000801
4,5,9,1,0|0|0|0|0,0|6|1|1|1,0,10,3.881678,0.000504,10,3.881346,0.000704
4,5,9,1,0|0|0|0|1,0|6|1|1|0,0,10,3.867986,0.000412,10,3.867489,0.000633
4,5,9,1,0|0|0|0|0,0|6|1|2|0,0,10,3.812422,0.000368,10,3.812679,0.000477
4,5,9,1,0|0|0|1|0,0|6|1|0|1,0,10,3.867874,0.000680,10,3.867970,0.000719
4,5,9,1,0|0|0|1|1,0|6|1|0|0,0,10,3.848731,0.000557,10,3.849086,0.000824
4,5,9,1,0|0|0|1|0,0|6|1|1|0,0,10,3.808837,0.000735,10,3.808848,0.000460
4,5,9,1,0|0|0|2|0,0|6|1|0|0,0,10,3.789472,0.000526,10,3.789529,0.000414
4,5,9,1,0|0|0|0|0,0|6|2|0|1,0,10,3.807603,0.000438,10,3.807402,0.000418
4,5,9,1,0|0|0|0|1,0|6|2|0|0,0,10,3.783121,0.000338,10,3.783147,0.000517
4,5,9,1,0|0|0|0|0,0|6|2|1|0,0,10,3.763215,0.000326,10,3.762915,0.000532
4,5,9,1,0|0|0|1|0,0|6|2|0|0,0,10,3.739640,0.000394,10,3.739614,0.000501
4,5,9,1,0|0|0|0|0,0|6|3|0|0,0,10,3.576408,0.000635,10,3.576301,0.000457
4,5,9,1,0|0|1|0|0,0|6|0|0|2,0,10,3.860705,0.000773,10,3.860803,0.000865
4,5,9,1,0|0|1|0|1,0|6|0|0|1,0,10,3.857466,0.000811,10,3.857856,0.000962
4,5,9,1,0|0|1|0|2,0|6|0|0|0,0,10,3.834096,0.000681,10,3.833609,0.000577
4,5,9,1,0|0|1|0|0,0|6|0|1|1,0,10,3.873916,0.000668,10,3.873905,0.000589
4,5,9,1,0|0|1|0|1,0|6|0|1|0,0,10,3.858713,0.000485,10,3.858099,0.000595
4,5,9,1,0|0|1|0|0,0|6|0|2|0,0,10,3.801768,0.000431,10,3.801741,0.000672
4,5,9,1,0|0|1|1|0,0|6|0|0|1,0,10,3.856549,0.000701,10,3.856164,0.000986
4,5,9,1,0|0|1|1|1,0|6|0|0|0,0,10,3.834561,0.000676,10,3.834098,0.000642
4,5,9,1,0|0|1|1|0,0|6|0|1|0,0,10,3.795601,0.000464,10,3.795863,0.000472
4,5,9,1,0|0|1|2|0,0|6|0|0|0,0,10,3.773856,0.000565,10,3.773535,0.000386
4,5,9,1,0|0|1|0|0,0|6|1|0|1,0,10,3.805623,0.000787,10,3.805562,0.000518
4,5,9,1,0|0|1|0|1,0|6|1|0|0,0,10,3.780468,0.000662,10,3.780035,0.000331
4,5,9,1,0|0|1|0|0,0|6|1|1|0,0,10,3.760826,0.000426,10,3.760841,0.000576
4,5,9,1,0|0|1|1|0,0|6|1|0|0,0,10,3.734966,0.000477,10,3.734893,0.000422
4,5,9,1,0|0|1|0|0,0|6|2|0|0,0,10,3.581637,0.000495,10,3.581518,0.000417
4,5,9,1,0|0|2|0|0,0|6|0|0|1,0,10,3.801917,0.000404,10,3.801454,0.000357
4,5,9,1,0|0|2|0|1,0|6|0|0|0,0,10,3.774008,0.000488,10,3.774299,0.000636
4,5,9,1,0|0|2|0|0,0|6|0|1|0,0,10,3.755546,0.000554,10,3.755461,0.000592
4,5,9,1,0|0|2|1|0,0|6|0|0|0,0,10,3.728129,0.000411,10,3.728025,0.000614
4,5,9,1,0|0|2|0|0,0|6|1|0|0,0,10,3.582642,0.000543,10,3.582294,0.000398
4,5,9,1,0|0|3|0|0,0|6|0|0|0,0,10,3.581148,0.000541,10,3.581395,0.000507
4,5,9,1,0|0|0|0|0,0|7|0|0|2,0,10,3.805858,0.000663,10,3.806213,0.000788
4,5,9,1,0|0|0|0|1,0|7|0|0|1,0,10,3.804174,0.001075,10,3.804484,0.000822
4,5,9,1,0|0|0|0|2,0|7|0|0|0,0,10,3.775604,0.000609,10,3.775799,0.000646
4,5,9,1,0|0|0|0|0,0|7|0|1|1,0,10,3.835202,0.000731,10,3.835562,0.000822
4,5,9,1,0|0|0|0|1,0|7|0|1|0,0,10,3.815498,0.000413,10,3.815797,0.000771
4,5,9,1,0|0|0|0|0,0|7|0|2|0,0,10,3.718578,0.000401,10,3.718745,0.000676
4,5,9,1,0|0|0|1|0,0|7|0|0|1,0,10,3.819150,0.000263,10,3.819088,0.000633
4,5,9,1,0|0|0|1|1,0|7|0|0|0,0,10,3.792171,0.000626,10,3.791579,0.000704
4,5,9,1,0|0|0|1|0,0|7|0|1|0,0,10,3.716637,0.000425,10,3.716405,0.000565
4,5,9,1,0|0|0|2|0,0|7|0|0|0,0,10,3.697766,0.000434,10,3.697936,0.000532
4,5,9,1,0|0|0|0|0,0|7|1|0|1,0,10,3.792137,0.000641,10,3.792198,0.000704
4,5,9,1,0|0|0|0|1,0|7|1|0|0,0,10,3.766407,0.000743,10,3.766491,0.000565
4,5,9,1,0|0|0|0|0,0|7|1|1|0,0,10,3.744876,0.000389,10,3.744960,0.000734
4,5,9,1,0|0|0|1|0,0|7|1|0|0,0,10,3.720591,0.000373,10,3.720839,0.000552
4,5,9,1,0|0|0|0|0,0|7|2|0|0,0,10,3.569203,0.000544,10,3.569163,0.000460
4,5,9,1,0|0|1|0|0,0|7|0|0|1,0,10,3.782915,0.000744,10,3.782781,0.000569
4,5,9,1,0|0|1|0|1,0|7|0|0|0,0,10,3.754002,0.000603,10,3.753438,0.000657
4,5,9,1,0|0|1|0|0,0|7|0|1|0,0,10,3.732936,0.000576,10,3.733481,0.000701
4,5,9,1,0|0|1|1|0,0|7|0|0|0,0,10,3.704235,0.000348,10,3.704153,0.000478
4,5,9,1,0|0|1|0|0,0|7|1|0|0,0,10,3.572404,0.000516,10,3.572414,0.000592
4,5,9,1,0|0|2|0|0,0|7|0|0|0,0,10,3.568693,0.000524,10,3.568455,0.000377
4,5,9,1,0|0|0|0|0,0|8|0|0|1,0,10,3.706521,0.000389,10,3.706375,0.000339
4,5,9,1,0|0|0|0|1,0|8|0|0|0,0,10,3.673685,0.000665,10,3.673834,0.000444
4,5,9,1,0|0|0|0|0,0|8|0|1|0,0,10,3.645565,0.000329,10,3.645492,0.000659
4,5,9,1,0|0|0|1|0,0|8|0|0|0,0,10,3.619524,0.000705,10,3.619291,0.000372
4,5,9,1,0|0|0|0|0,0|8|1|0|0,0,10,3.539606,0.000505,10,3.539747,0.000465
4,5,9,1,0|0|1|0|0,0|8|0|0|0,0,10,3.531107,0.000294,10,3.530972,0.000578
4,5,9,1,0|0|0|0|0,0|9|0|0|0,0,10,3.381466,0.000658,10,3.381585,0.000597
4,5,9,1,0|1|0|0|0,0|0|0|0|8,0,10,3.902525,0.001593,10,3.902790,0.001253
4,5,9,1,0|1|0|0|1,0|0|0|0|7,0,10,3.902801,0.000596,10,3.903185,0.001227
4,5,9,1,0|1|0|0|2,0|0|0|0|6,0,10,3.903774,0.001593,10,3.902524,0.001112
4,5,9,1,0|1|0|0|3,0|0|0|0|5,0,10,3.902471,0.001228,10,3.902855,0.001254
4,5,9,1,0|1|0|0|4,0|0|0|0|4,0,10,3.902542,0.001139,10,3.903005,0.000904
4,5,9,1,0|1|0|0|5,0|0|0|0|3,0,10,3.903308,0.000872,10,3.902349,0.001236
4,5,9,1,0|1|0|0|6,0|0|0|0|2,0,10,3.902390,0.001235,10,3.902513,0.001864
4,5,9,1,0|1|0|0|7,0|0|0|0|1,0,10,3.901280,0.001330,10,3.901851,0.000912
4,5,9,1,0|1|0|0|8,0|0|0|0|0,0,10,3.900328,0.000937,10,3.900320,0.001025
4,5,9,1,0|1|0|0|0,0|0|0|1|7,0,10,3.937094,0.001805,10,3.936694,0.001219
4,5,9,1,0|1|0|0|1,0|0|0|1|6,0,10,3.937227,0.000880,10,3.937901,0.000642
4,5,9,1,0|1|0|0|2,0|0|0|1|5,0,10,3.937410,0.001616,10,3.938350,0.001124
4,5,9,1,0|1|0|0|3,0|0|0|1|4,0,10,3.937136,0.000910,10,3.936937,0.001402
4,5,9,1,0|1|0|0|4,0|0|0|1|3,0,10,3.937433,0.001586,10,3.936583,0.000923
4,5,9,1,0|1|0|0|5,0|0|0|1|2,0,10,3.936638,0.001085,10,3.936730,0.001157
4,5,9,1,0|1|0|0|6,0|0|0|1|1,0,10,3.937692,0.001001,10,3.936034,0.001194
4,5,9,1,0|1|0|0|7,0|0|0|1|0,0,10,3.935945,0.001168,10,3.936866,0.000964
4,5,9,1,0|1|0|0|0,0|0|0|2|6,0,10,3.942040,0.001102,10,3.941618,0.000865
4,5,9,1,0|1|0|0|1,0|0|0|2|5,0,10,3.942279,0.001551,10,3.941930,0.000665
4,5,9,1,0|1|0|0|2,0|0|0|2|4,0,10,3.941986,0.001508,10,3.941975,0.000923
4,5,9,1,0|1|0|0|3,0|0|0|2|3,0,10,3.941658,0.001718,10,3.942722,0.001210
4,5,9,1,0|1|0|0|4,0|0|0|2|2,0,10,3.941557,0.000794,10,3.941725,0.001090
4,5,9,1,0|1|0|0|5,0|0|0|2|1,0,10,3.940991,0.001479,10,3.941419,0.001407
4,5,9,1,0|1|0|0|6,0|0|0|2|0,0,10,3.940002,0.001484,10,3.939998,0.001157
4,5,9,1,0|1|0|0|0,0|0|0|3|5,0,10,3.941897,0.000893,10,3.941763,0.000487
4,5,9,1,0|1|0|0|1,0|0|0|3|4,0,10,3.942759,0.001375,10,3.942734,0.001263
4,5,9,1,0|1|0|0|2,0|0|0|3|3,0,10,3.942260,0.001019,10,3.942666,0.000743
4,5,9,1,0|1|0|0|3,0|0|0|3|2,0,10,3.941822,0.001143,10,3.941952,0.001565
4,5,9,1,0|1|0|0|4,0|0|0|3|1,0,10,3.940977,0.001877,10,3.940514,0.000864
4,5,9,1,0|1|0|0|5,0|0|0|3|0,0,10,3.938923,0.000968,10,3.938858,0.000847
4,5,9,1,0|1|0|0|0,0|0|0|4|4,0,10,3.939365,0.001053,10,3.939418,0.000819
4,5,9,1,0|1|0|0|1,0|0|0|4|3,0,10,3.940332,0.001047,10,3.940901,0.001098
4,5,9,1,0|1|0|0|2,0|0|0|4|2,0,10,3.939839,0.001746,10,3.940074,0.000846
4,5,9,1,0|1|0|0|3,0|0|0|4|1,0,10,3.938319,0.001165,10,3.938461,0.000644
4,5,9,1,0|1|0|0|4,0|0|0|4|0,0,10,3.935123,0.000829,10,3.935459,0.001223
4,5,9,1,0|1|0|0|0,0|0|0|5|3,0,10,3.934970,0.000981,10,3.934588,0.001230
4,5,9,1,0|1|0|0|1,0|0|0|5|2,0,10,3.936568,0.000939,10,3.936728,0.001057
4,5,9,1,0|1|0|0|2,0|0|0|5|1,0,10,3.934152,0.001065,10,3.934562,0.000935
4,5,9,1,0|1|0|0|3,0|0|0|5|0,0,10,3.928881,0.000893,10,3.928343,0.001213
4,5,9,1,0|1|0|0|0,0|0|0|6|2,0,10,3.924728,0.000824,10,3.924015,0.000871
4,5,9,1,0|1|0|0|1,0|0|0|6|1,0,10,3.924351,0.000729,10,3.924686,0.000899
4,5,9,1,0|1|0|0|2,0|0|0|6|0,0,10,3.915132,0.000729,10,3.914786,0.000406
4,5,9,1,0|1|0|0|0,0|0|0|7|1,0,10,3.896629,0.000857,10,3.896639,0.000710
4,5,9,1,0|1|0|0|1,0|0|0|7|0,0,10,3.885178,0.000561,10,3.885667,0.000935
4,5,9,1,0|1|0|0|0,0|0|0|8|0,0,10,3.788318,0.000327,10,3.788287,0.000359
4,5,9,1,0|1|0|1|0,0|0|0|0|7,0,10,3.932612,0.001433,10,3.934302,0.000844
4,5,9,1,0|1|0|1|1,0|0|0|0|6,0,10,3.933779,0.001900,10,3.934491,0.001007
4,5,9,1,0|1|0|1|2,0|0|0|0|5,0,10,3.933882,0.001202,10,3.933824,0.000672
4,5,9,1,0|1|0|1|3,0|0|0|0|4,0,10,3.933802,0.001566,10,3.934253,0.001277
4,5,9,1,0|1|0|1|4,0|0|0|0|3,0,10,3.933740,0.001145,10,3.933900,0.001248
4,5,9,1,0|1|0|1|5,0|0|0|0|2,0,10,3.932789,0.000839,10,3.933461,0.001185
4,5,9,1,0|1|0|1|6,0|0|0|0|1,0,10,3.933045,0.000815,10,3.932998,0.000710
4,5,9,1,0|1|0|1|7,0|0|0|0|0,0,10,3.932673,0.001058,10,3.931285,0.000837
4,5,9,1,0|1|0|1|0,0|0|0|1|6,0,10,3.941053,0.000862,10,3.941672,0.001523
4,5,9,1,0|1|0|1|1,0|0|0|1|5,0,10,3.941702,0.000916,10,3.941531,0.000992
4,5,9,1,0|1|0|1|2,0|0|0|1|4,0,10,3.941075,0.000925,10,3.940443,0.001027
4,5,9,1,0|1|0|1|3,0|0|0|1|3,0,10,3.941856,0.001202,10,3.941837,0.001437
4,5,9,1,0|1|0|1|4,0|0|0|1|2,0,10,3.940754,0.001132,10,3.941614,0.001145
4,5,9,1,0|1|0|1|5,0|0|0|1|1,0,10,3.939841,0.001074,10,3.941280,0.001111
4,5,9,1,0|1|0|1|6,0|0|0|1|0,0,10,3.940517,0.001168,10,3.938624,0.001470
4,5,9,1,0|1|0|1|0,0|0|0|2|5,0,10,3.941552,0.001324,10,3.941138,0.001856
4,5,9,1,0|1|0|1|1,0|0|0|2|4,0,10,3.942509,0.001181,10,3.941830,0.001226
4,5,9,1,0|1|0|1|2,0|0|0|2|3,0,10,3.942343,0.001083,10,3.942528,0.001547
4,5,9,1,0|1|0|1|3,0|0|0|2|2,0,10,3.941419,0.001062,10,3.941399,0.001387
4,5,9,1,0|1|0|1|4,0|0|0|2|1,0,10,3.940319,0.001695,10,3.941289,0.001064
4,5,9,1,0|1|0|1|5,0|0|0|2|0,0,10,3.939143,0.000740,10,3.939415,0.001100
4,5,9,1,0|1|0|1|0,0|0|0|3|4,0,10,3.941063,0.001056,10,3.939729,0.001086
4,5,9,1,0|1|0|1|1,0|0|0|3|3,0,10,3.940587,0.001091,10,3.941092,0.001175
4,5,9,1,0|1|0|1|2,0|0|0|3|2,0,10,3.939444,0.001698,10,3.940584,0.001063
4,5,9,1,0|1|0|1|3,0|0|0|3|1,0,10,3.939125,0.001049,10,3.938909,0.001328
4,5,9,1,0|1|0|1|4,0|0|0|3|0,0,10,3.935498,0.001167,10,3.935811,0.000831
4,5,9,1,0|1|0|1|0,0|0|0|4|3,0,10,3.934649,0.001319,10,3.934957,0.001389
4,5,9,1,0|1|0|1|1,0|0|0|4|2,0,10,3.935675,0.001435,10,3.936527,0.000947
4,5,9,1,0|1|0|1|2,0|0|0|4|1,0,10,3.934201,0.000854,10,3.934168,0.001261
4,5,9,1,0|1|0|1|3,0|0|0|4|0,0,10,3.928040,0.001485,10,3.929122,0.000789
4,5,9,1,0|1|0|1|0,0|0|0|5|2,0,10,3.924755,0.000850,10,3.924360,0.001201
4,5,9,1,0|1|0|1|1,0|0|0|5|1,0,10,3.923745,0.000755,10,3.923411,0.000818
4,5,9,1,0|1|0|1|2,0|0|0|5|0,0,10,3.914830,0.000887,10,3.914584,0.000949
4,5,9,1,0|1|0|1|0,0|0|0|6|1,0,10,3.895537,0.000803,10,3.895625,0.000822
4,5,9,1,0|1|0|1|1,0|0|0|6|0,0,10,3.884076,0.000548,10,3.883929,0.000753
4,5,9,1,0|1|0|1|0,0|0|0|7|0,0,10,3.789404,0.000456,10,3.789370,0.000416
4,5,9,1,0|1|0|2|0,0|0|0|0|6,0,10,3.938742,0.001207,10,3.938378,0.001240
4,5,9,1,0|1|0|2|1,0|0|0|0|5,0,10,3.939148,0.001009,10,3.940358,0.001404
4,5,9,1,0|1|0|2|2,0|0|0|0|4,0,10,3.938370,0.000934,10,3.939471,0.001222
4,5,9,1,0|1|0|2|3,0|0|0|0|3,0,10,3.938712,0.001394,10,3.938591,0.001355
4,5,9,1,0|1|0|2|4,0|0|0|0|2,0,10,3.937886,0.001036,10,3.938033,0.001046
4,5,9,1,0|1|0|2|5,0|0|0|0|1,0,10,3.936808,0.001414,10,3.937266,0.001256
4,5,9,1,0|1|0|2|6,0|0|0|0|0,0,10,3.936140,0.001099,10,3.934788,0.001629
4,5,9,1,0|1|0|2|0,0|0|0|1|5,0,10,3.940812,0.001544,10,3.941482,0.001951
4,5,9,1,0|1|0|2|1,0|0|0|1|4,0,10,3.941599,0.001186,10,3.941276,0.001453
4,5,9,1,0|1|0|2|2,0|0|0|1|3,0,10,3.942044,0.001296,10,3.941738,0.000565
4,5,9,1,0|1|0|2|3,0|0|0|1|2,0,10,3.939877,0.000991,10,3.940536,0.001493
4,5,9,1,0|1|0|2|4,0|0|0|1|1,0,10,3.939242,0.001384,10,3.939035,0.001568
4,5,9,1,0|1|0|2|5,0|0|0|1|0,0,10,3.937667,0.001335,10,3.937416,0.000842
4,5,9,1,0|1|0|2|0,0|0|0|2|4,0,10,3.939175,0.001052,10,3.939621,0.001025
4,5,9,1,0|1|0|2|1,0|0|0|2|3,0,10,3.940331,0.001769,10,3.939466,0.000940
4,5,9,1,0|1|0|2|2,0|0|0|2|2,0,10,3.939279,0.001676,10,3.938835,0.001103
4,5,9,1,0|1|0|2|3,0|0|0|2|1,0,10,3.937137,0.000746,10,3.937468,0.001024
4,5,9,1,0|1|0|2|4,0|0|0|2|0,0,10,3.934646,0.000787,10,3.933569,0.000674
4,5,9,1,0|1|0|2|0,0|0|0|3|3,0,10,3.933946,0.001581,10,3.934964,0.000844
4,5,9,1,0|1|0|2|1,0|0|0|3|2,0,10,3.935494,0.001872,10,3.935404,0.001170
4,5,9,1,0|1|0|2|2,0|0|0|3|1,0,10,3.932853,0.001306,10,3.932175,0.000950
4,5,9,1,0|1|0|2|3,0|0|0|3|0,0,10,3.926746,0.000422,10,3.926692,0.000974
4,5,9,1,0|1|0|2|0,0|0|0|4|2,0,10,3.922592,0.000782,10,3.923621,0.000574
4,5,9,1,0|1|0|2|1,0|0|0|4|1,0,10,3.922908,0.001115,10,3.922610,0.000666
4,5,9,1,0|1|0|2|2,0|0|0|4|0,0,10,3.912638,0.000851,10,3.912697,0.000653
4,5,9,1,0|1|0|2|0,0|0|0|5|1,0,10,3.894295,0.001128,10,3.894792,0.000687
4,5,9,1,0|1|0|2|1,0|0|0|5|0,0,10,3.882314,0.000472,10,3.882153,0.000500
4,5,9,1,0|1|0|2|0,0|0|0|6|0,0,10,3.789484,0.000524,10,3.789260,0.000514
4,5,9,1,0|1|0|3|0,0|0|0|0|5,0,10,3.939296,0.001025,10,3.938806,0.001775
4,5,9,1,0|1|0|3|1,0|0|0|0|4,0,10,3.940114,0.001029,10,3.940057,0.001182
4,5,9,1,0|1|0|3|2,0|0|0|0|3,0,10,3.939220,0.001015,10,3.939614,0.001243
4,5,9,1,0|1|0|3|3,0|0|0|0|2,0,10,3.937606,0.001556,10,3.938053,0.001357
4,5,9,1,0|1|0|3|4,0|0|0|0|1,0,10,3.936346,0.000849,10,3.936967,0.001246
4,5,9,1,0|1|0|3|5,0|0|0|0|0,0,10,3.933936,0.001605,10,3.934290,0.000920
4,5,9,1,0|1|0|3|0,0|0|0|1|4,0,10,3.938979,0.001294,10,3.938555,0.001136
4,5,9,1,0|1|0|3|1,0|0|0|1|3,0,10,3.938763,0.001505,10,3.939648,0.000600
4,5,9,1,0|1|0|3|2,0|0|0|1|2,0,10,3.938262,0.001141,10,3.938366,0.001173
4,5,9,1,0|1|0|3|3,0|0|0|1|1,0,10,3.936540,0.000839,10,3.935980,0.000700
4,5,9,1,0|1|0|3|4,0|0|0|1|0,0,10,3.931762,0.000986,10,3.932450,0.000754
4,5,9,1,0|1|0|3|0,0|0|0|2|3,0,10,3.933998,0.000986,10,3.933953,0.001094
4,5,9,1,0|1|0|3|1,0|0|0|2|2,0,10,3.934441,0.000625,10,3.934602,0.001082
4,5,9,1,0|1|0|3|2,0|0|0|2|1,0,10,3.931911,0.001134,10,3.931594,0.001178
4,5,9,1,0|1|0|3|3,0|0|0|2|0,0,10,3.925732,0.000983,10,3.925241,0.000883
4,5,9,1,0|1|0|3|0,0|0|0|3|2,0,10,3.921985,0.001083,10,3.922665,0.000999
4,5,9,1,0|1|0|3|1,0|0|0|3|1,0,10,3.921713,0.000800,10,3.922172,0.000987
4,5,9,1,0|1|0|3|2,0|0|0|3|0,0,10,3.911489,0.000589,10,3.911228,0.000567
4,5,9,1,0|1|0|3|0,0|0|0|4|1,0,10,3.893487,0.000932,10,3.893659,0.000742
4,5,9,1,0|1|0|3|1,0|0|0|4|0,0,10,3.881106,0.000515,10,3.881326,0.000782
4,5,9,1,0|1|0|3|0,0|0|0|5|0,0,10,3.789628,0.000388,10,3.789527,0.000428
4,5,9,1,0|1|0|4|0,0|0|0|0|4,0,10,3.936783,0.001069,10,3.937134,0.000787
4,5,9,1,0|1|0|4|1,0|0|0|0|3,0,10,3.938863,0.001044,10,3.938204,0.000876
4,5,9,1,0|1|0|4|2,0|0|0|0|2,0,10,3.936082,0.001038,10,3.936667,0.001260
4,5,9,1,0|1|0|4|3,0|0|0|0|1,0,10,3.934298,0.001118,10,3.933748,0.000975
4,5,9,1,0|1|0|4|4,0|0|0|0|0,0,10,3.929425,0.000736,10,3.929428,0.000717
4,5,9,1,0|1|0|4|0,0|0|0|1|3,0,10,3.932417,0.001190,10,3.933179,0.001214
4,5,9,1,0|1|0|4|1,0|0|0|1|2,0,10,3.933508,0.000927,10,3.933727,0.000886
4,5,9,1,0|1|0|4|2,0|0|0|1|1,0,10,3.930925,0.001081,10,3.930968,0.001074
4,5,9,1,0|1|0|4|3,0|0|0|1|0,0,10,3.923659,0.000724,10,3.923766,0.000886
4,5,9,1,0|1|0|4|0,0|0|0|2|2,0,10,3.921776,0.001065,10,3.921776,0.001035
4,5,9,1,0|1|0|4|1,0|0|0|2|1,0,10,3.921262,0.000926,10,3.921164,0.000968
4,5,9,1,0|1|0|4|2,0|0|0|2|0,0,10,3.909951,0.000818,10,3.910420,0.000784
4,5,9,1,0|1|0|4|0,0|0|0|3|1,0,10,3.893296,0.000932,10,3.892522,0.000663
4,5,9,1,0|1|0|4|1,0|0|0|3|0,0,10,3.879995,0.000653,10,3.880010,0.000517
4,5,9,1,0|1|0|4|0,0|0|0|4|0,0,10,3.789350,0.000569,10,3.789315,0.000539
4,5,9,1,0|1|0|5|0,0|0|0|0|3,0,10,3.931246,0.001564,10,3.931643,0.000668
4,5,9,1,0|1|0|5|1,0|0|0|0|2,0,10,3.932903,0.001306,10,3.932783,0.001339
4,5,9,1,0|1|0|5|2,0|0|0|0|1,0,10,3.929495,0.000483,10,3.929792,0.000985
4,5,9,1,0|1|0|5|3,0|0|0|0|0,0,10,3.921558,0.001059,10,3.921701,0.000628
4,5,9,1,0|1|0|5|0,0|0|0|1|2,0,10,3.920804,0.001182,10,3.920608,0.000917
4,5,9,1,0|1|0|5|1,0|0|0|1|1,0,10,3.920478,0.000857,10,3.920700,0.001037
4,5,9,1,0|1|0|5|2,0|0|0|1|0,0,10,3.909362,0.001050,10,3.909388,0.000532
4,5,9,1,0|1|0|5|0,0|0|0|2|1,0,10,3.892348,0.000720,10,3.892040,0.000831
4,5,9,1,0|1|0|5|1,0|0|0|2|0,0,10,3.879517,0.000637,10,3.879556,0.000605
4,5,9,1,0|1|0|5|0,0|0|0|3|0,0,10,3.789133,0.000453,10,3.788771,0.000544
4,5,9,1,0|1|0|6|0,0|0|0|0|2,0,10,3.920267,0.000931,10,3.919990,0.001107
4,5,9,1,0|1|0|6|1,0|0|0|0|1,0,10,3.919225,0.001149,10,3.919975,0.000695
4,5,9,1,0|1|0|6|2,0|0|0|0|0,0,10,3.907296,0.000917,10,3.907690,0.000437
4,5,9,1,0|1|0|6|0,0|0|0|1|1,0,10,3.892033,0.000852,10,3.892113,0.000591
4,5,9,1,0|1|0|6|1,0|0|0|1|0,0,10,3.878952,0.000649,10,3.879134,0.000458
4,5,9,1,0|1|0|6|0,0|0|0|2|0,0,10,3.788611,0.000538,10,3.788141,0.000309
4,5,9,1,0|1|0|7|0,0|0|0|0|1,0,10,3.891104,0.000396,10,3.890689,0.000793
4,5,9,1,0|1|0|7|1,0|0|0|0|0,0,10,3.877999,0.000714,10,3.877979,0.000416
4,5,9,1,0|1|0|7|0,0|0|0|1|0,0,10,3.787746,0.000307,10,3.787651,0.000448
4,5,9,1,0|1|0|8|0,0|0|0|0|0,0,10,3.786929,0.000399,10,3.786821,0.000477
4,5,9,1,0|1|0|0|0,0|0|1|0|7,0,10,3.926066,0.000884,10,3.926493,0.001654
4,5,9,1,0|1|0|0|1,0|0|1|0|6,0,10,3.926381,0.000976,10,3.926407,0.000899
4,5,9,1,0|1|0|0|2,0|0|1|0|5,0,10,3.926733,0.001333,10,3.926722,0.001395
4,5,9,1,0|1|0|0|3,0|0|1|0|4,0,10,3.926383,0.001326,10,3.927073,0.001364
4,5,9,1,0|1|0|0|4,0|0|1|0|3,0,10,3.927272,0.001070,10,3.926424,0.001439
4,5,9,1,0|1|0|0|5,0|0|1|0|2,0,10,3.925778,0.001436,10,3.927052,0.001247
4,5,9,1,0|1|0|0|6,0|0|1|0|1,0,10,3.925673,0.001169,10,3.926021,0.001578
4,5,9,1,0|1|0|0|7,0|0|1|0|0,0,10,3.924954,0.001716,10,3.924452,0.000999
4,5,9,1,0|1|0|0|0,0|0|1|1|6,0,10,3.945951,0.001334,10,3.946123,0.000968
4,5,9,1,0|1|0|0|1,0|0|1|1|5,0,10,3.946502,0.001667,10,3.946868,0.001267
4,5,9,1,0|1|0|0|2,0|0|1|1|4,0,10,3.946829,0.001000,10,3.946609,0.000947
4,5,9,1,0|1|0|0|3,0|0|1|1|3,0,10,3.947148,0.001519,10,3.946653,0.001119
4,5,9,1,0|1|0|0|4,0|0|1|1|2,0,10,3.945705,0.001147,10,3.945863,0.001583
4,5,9,1,0|1|0|0|5,0|0|1|1|1,0,10,3.945962,0.001017,10,3.946947,0.001053
4,5,9,1,0|1|0|0|6,0|0|1|1|0,0,10,3.944883,0.001662,10,3.945218,0.001330
4,5,9,1,0|1|0|0|0,0|0|1|2|5,0,10,3.949339,0.001047,10,3.949266,0.000895
4,5,9,1,0|1|0|0|1,0|0|1|2|4,0,10,3.950626,0.001679,10,3.950177,0.000572
4,5,9,1,0|1|0|0|2,0|0|1|2|3,0,10,3.949845,0.000893,10,3.950302,0.001616
4,5,9,1,0|1|0|0|3,0|0|1|2|2,0,10,3.950095,0.001333,10,3.950013,0.001118
4,5,9,1,0|1|0|0|4,0|0|1|2|1,0,10,3.949572,0.001223,10,3.949436,0.001394
4,5,9,1,0|1|0|0|5,0|0|1|2|0,0,10,3.949576,0.001487,10,3.948993,0.001112
4,5,9,1,0|1|0|0|0,0|0|1|3|4,0,10,3.950612,0.001321,10,3.951193,0.001188
4,5,9,1,0|1|0|0|1,0|0|1|3|3,0,10,3.950668,0.001309,10,3.952165,0.001581
4,5,9,1,0|1|0|0|2,0|0|1|3|2,0,10,3.950016,0.000989,10,3.950674,0.001635
4,5,9,1,0|1|0|0|3,0|0|1|3|1,0,10,3.949983,0.001475,10,3.949620,0.001178
4,5,9,1,0|1|0|0|4,0|0|1|3|0,0,10,3.948473,0.001292,10,3.948137,0.001420
4,5,9,1,0|1|0|0|0,0|0|1|4|3,0,10,3.948895,0.001582,10,3.949821,0.000567
4,5,9,1,0|1|0|0|1,0|0|1|4|2,0,10,3.949859,0.001552,10,3.950524,0.001183
4,5,9,1,0|1|0|0|2,0|0|1|4|1,0,10,3.949413,0.001443,10,3.949144,0.000927
4,5,9,1,0|1|0|0|3,0|0|1|4|0,0,10,3.946583,0.001007,10,3.947012,0.000607
4,5,9,1,0|1|0|0|0,0|0|1|5|2,0,10,3.945578,0.001373,10,3.945964,0.000945
4,5,9,1,0|1|0|0|1,0|0|1|5|1,0,10,3.945503,0.001075,10,3.945915,0.001722
4,5,9,1,0|1|0|0|2,0|0|1|5|0,0,10,3.941095,0.001445,10,3.941660,0.001049
4,5,9,1,0|1|0|0|0,0|0|1|6|1,0,10,3.933957,0.000740,10,3.934637,0.000673
4,5,9,1,0|1|0|0|1,0|0|1|6|0,0,10,3.929402,0.000900,10,3.929110,0.000499
4,5,9,1,0|1|0|0|0,0|0|1|7|0,0,10,3.886455,0.000888,10,3.886268,0.000671
4,5,9,1,0|1|0|1|0,0|0|1|0|6,0,10,3.942968,0.000459,10,3.943281,0.001753
4,5,9,1,0|1|0|1|1,0|0|1|0|5,0,10,3.944315,0.000795,10,3.943042,0.000726
4,5,9,1,0|1|0|1|2,0|0|1|0|4,0,10,3.943877,0.001171,10,3.943753,0.001057
4,5,9,1,0|1|0|1|3,0|0|1|0|3,0,10,3.942629,0.001450,10,3.943249,0.001266
4,5,9,1,0|1|0|1|4,0|0|1|0|2,0,10,3.943202,0.001314,10,3.942859,0.001074
4,5,9,1,0|1|0|1|5,0|0|1|0|1,0,10,3.942462,0.001442,10,3.942194,0.001524
4,5,9,1,0|1|0|1|6,0|0|1|0|0,0,10,3.941032,0.001141,10,3.941774,0.001218
4,5,9,1,0|1|0|1|0,0|0|1|1|5,0,10,3.949385,0.001441,10,3.949562,0.001094
4,5,9,1,0|1|0|1|1,0|0|1|1|4,0,10,3.949564,0.001414,10,3.950801,0.000771
4,5,9,1,0|1|0|1|2,0|0|1|1|3,0,10,3.950748,0.001266,10,3.949556,0.001085
4,5,9,1,0|1|0|1|3,0|0|1|1|2,0,10,3.948921,0.000929,10,3.949336,0.001234
4,5,9,1,0|1|0|1|4,0|0|1|1|1,0,10,3.948811,0.001118,10,3.949107,0.001011
4,5,9,1,0|1|0|1|5,0|0|1|1|0,0,10,3.948572,0.001195,10,3.947732,0.001187
4,5,9,1,0|1|0|1|0,0|0|1|2|4,0,10,3.950315,0.001110,10,3.951560,0.001716
4,5,9,1,0|1|0|1|1,0|0|1|2|3,0,10,3.951199,0.000818,10,3.951109,0.001184
4,5,9,1,0|1|0|1|2,0|0|1|2|2,0,10,3.950493,0.001248,10,3.950828,0.001391
4,5,9,1,0|1|0|1|3,0|0|1|2|1,0,10,3.949628,0.001167,10,3.950080,0.001255
4,5,9,1,0|1|0|1|4,0|0|1|2|0,0,10,3.948794,0.001089,10,3.948573,0.001186
4,5,9,1,0|1|0|1|0,0|0|1|3|3,0,10,3.950002,0.001174,10,3.949992,0.001032
4,5,9,1,0|1|0|1|1,0|0|1|3|2,0,10,3.950570,0.002300,10,3.950507,0.001610
4,5,9,1,0|1|0|1|2,0|0|1|3|1,0,10,3.948893,0.001465,10,3.948974,0.001160
4,5,9,1,0|1|0|1|3,0|0|1|3|0,0,10,3.947438,0.000800,10,3.946038,0.001582
4,5,9,1,0|1|0|1|0,0|0|1|4|2,0,10,3.945934,0.001335,10,3.945770,0.001403
4,5,9,1,0|1|0|1|1,0|0|1|4|1,0,10,3.946140,0.000936,10,3.945672,0.001524
4,5,9,1,0|1|0|1|2,0|0|1|4|0,0,10,3.942286,0.001289,10,3.941448,0.001040
4,5,9,1,0|1|0|1|0,0|0|1|5|1,0,10,3.934667,0.001075,10,3.934286,0.000687
4,5,9,1,0|1|0|1|1,0|0|1|5|0,0,10,3.929370,0.000804,10,3.929179,0.000794
4,5,9,1,0|1|0|1|0,0|0|1|6|0,0,10,3.887123,0.000431,10,3.887525,0.000820
4,5,9,1,0|1|0|2|0,0|0|1|0|5,0,10,3.946770,0.000844,10,3.947464,0.001267
4,5,9,1,0|1|0|2|1,0|0|1|0|4,0,10,3.947378,0.001784,10,3.947705,0.001221
4,5,9,1,0|1|0|2|2,0|0|1|0|3,0,10,3.947133,0.001924,10,3.947432,0.001414
4,5,9,1,0|1|0|2|3,0|0|1|0|2,0,10,3.946909,0.001044,10,3.946046,0.001336
4,5,9,1,0|1|0|2|4,0|0|1|0|1,0,10,3.945239,0.001066,10,3.945755,0.001137
4,5,9,1,0|1|0|2|5,0|0|1|0|0,0,10,3.944569,0.001302,10,3.943954,0.001269
4,5,9,1,0|1|0|2|0,0|0|1|1|4,0,10,3.950161,0.001528,10,3.949970,0.001756
4,5,9,1,0|1|0|2|1,0|0|1|1|3,0,10,3.950220,0.000992,10,3.949789,0.000895
4,5,9,1,0|1|0|2|2,0|0|1|1|2,0,10,3.949547,0.001170,10,3.949844,0.001547
4,5,9,1,0|1|0|2|3,0|0|1|1|1,0,10,3.948961,0.001028,10,3.948795,0.001182
4,5,9,1,0|1|0|2|4,0|0|1|1|0,0,10,3.947387,0.001635,10,3.947970,0.001416
4,5,9,1,0|1|0|2|0,0|0|1|2|3,0,10,3.948824,0.001088,10,3.949633,0.000696
4,5,9,1,0|1|0|2|1,0|0|1|2|2,0,10,3.949673,0.001321,10,3.948341,0.001630
4,5,9,1,0|1|0|2|2,0|0|1|2|1,0,10,3.948789,0.000839,10,3.948848,0.001037
4,5,9,1,0|1|0|2|3,0|0|1|2|0,0,10,3.945813,0.001220,10,3.945350,0.000971
4,5,9,1,0|1|0|2|0,0|0|1|3|2,0,10,3.945298,0.001104,10,3.945607,0.001181
4,5,9,1,0|1|0|2|1,0|0|1|3|1,0,10,3.944775,0.001215,10,3.945024,0.001038
4,5,9,1,0|1|0|2|2,0|0|1|3|0,0,10,3.940269,0.000724,10,3.940832,0.001232
4,5,9,1,0|1|0|2|0,0|0|1|4|1,0,10,3.932697,0.001178,10,3.933072,0.000823
4,5,9,1,0|1|0|2|1,0|0|1|4|0,0,10,3.928214,0.000602,10,3.928784,0.000724
4,5,9,1,0|1|0|2|0,0|0|1|5|0,0,10,3.886957,0.000621,10,3.886951,0.000830
4,5,9,1,0|1|0|3|0,0|0|1|0|4,0,10,3.947472,0.001036,10,3.947994,0.001063
4,5,9,1,0|1|0|3|1,0|0|1|0|3,0,10,3.948347,0.001518,10,3.948103,0.001328
4,5,9,1,0|1|0|3|2,0|0|1|0|2,0,10,3.947730,0.001408,10,3.947319,0.001548
4,5,9,1,0|1|0|3|3,0|0|1|0|1,0,10,3.946260,0.000739,10,3.945376,0.000998
4,5,9,1,0|1|0|3|4,0|0|1|0|0,0,10,3.944072,0.001255,10,3.943684,0.001293
4,5,9,1,0|1|0|3|0,0|0|1|1|3,0,10,3.947807,0.000954,10,3.947660,0.001112
4,5,9,1,0|1|0|3|1,0|0|1|1|2,0,10,3.948240,0.001198,10,3.949001,0.001209
4,5,9,1,0|1|0|3|2,0|0|1|1|1,0,10,3.946951,0.001120,10,3.946891,0.000977
4,5,9,1,0|1|0|3|3,0|0|1|1|0,0,10,3.944103,0.001096,10,3.943672,0.001292
4,5,9,1,0|1|0|3|0,0|0|1|2|2,0,10,3.944134,0.001273,10,3.944265,0.000904
4,5,9,1,0|1|0|3|1,0|0|1|2|1,0,10,3.944490,0.000949,10,3.944328,0.000652
4,5,9,1,0|1|0|3|2,0|0|1|2|0,0,10,3.939432,0.000708,10,3.939810,0.001064
4,5,9,1,0|1|0|3|0,0|0|1|3|1,0,10,3.932754,0.000610,10,3.932903,0.000770
4,5,9,1,0|1|0|3|1,0|0|1|3|0,0,10,3.927377,0.000663,10,3.927601,0.000564
4,5,9,1,0|1|0|3|0,0|0|1|4|0,0,10,3.885727,0.000754,10,3.885928,0.000715
4,5,9,1,0|1|0|4|0,0|0|1|0|3,0,10,3.946177,0.000752,10,3.946006,0.001083
4,5,9,1,0|1|0|4|1,0|0|1|0|2,0,10,3.947360,0.000898,10,3.946667,0.001687
4,5,9,1,0|1|0|4|2,0|0|1|0|1,0,10,3.945142,0.000946,10,3.945041,0.001045
4,5,9,1,0|1|0|4|3,0|0|1|0|0,0,10,3.941236,0.001247,10,3.940931,0.001011
4,5,9,1,0|1|0|4|0,0|0|1|1|2,0,10,3.943690,0.000884,10,3.943454,0.001075
4,5,9,1,0|1|0|4|1,0|0|1|1|1,0,10,3.942831,0.001049,10,3.943067,0.001151
4,5,9,1,0|1|0|4|2,0|0|1|1|0,0,10,3.937715,0.001029,10,3.937633,0.001004
4,5,9,1,0|1|0|4|0,0|0|1|2|1,0,10,3.931843,0.001242,10,3.931049,0.000914
4,5,9,1,0|1|0|4|1,0|0|1|2|0,0,10,3.926185,0.001093,10,3.925823,0.000796
4,5,9,1,0|1|0|4|0,0|0|1|3|0,0,10,3.884870,0.000541,10,3.884785,0.000702
4,5,9,1,0|1|0|5|0,0|0|1|0|2,0,10,3.941243,0.001121,10,3.942219,0.000712
4,5,9,1,0|1|0|5|1,0|0|1|0|1,0,10,3.941293,0.001280,10,3.941650,0.001169
4,5,9,1,0|1|0|5|2,0|0|1|0|0,0,10,3.935560,0.001408,10,3.935490,0.000583
4,5,9,1,0|1|0|5|0,0|0|1|1|1,0,10,3.930933,0.001076,10,3.930593,0.000990
4,5,9,1,0|1|0|5|1,0|0|1|1|0,0,10,3.925122,0.000893,10,3.926003,0.000620
4,5,9,1,0|1|0|5|0,0|0|1|2|0,0,10,3.883497,0.000646,10,3.883456,0.000759
4,5,9,1,0|1|0|6|0,0|0|1|0|1,0,10,3.928964,0.000791,10,3.928723,0.000737
4,5,9,1,0|1|0|6|1,0|0|1|0|0,0,10,3.923232,0.001102,10,3.922715,0.000954
4,5,9,1,0|1|0|6|0,0|0|1|1|0,0,10,3.881711,0.000713,10,3.882545,0.000669
4,5,9,1,0|1|0|7|0,0|0|1|0|0,0,10,3.879694,0.000747,10,3.879905,0.000672
4,5,9,1,0|1|0|0|0,0|0|2|0|6,0,10,3.926406,0.001401,10,3.927044,0.000791
4,5,9,1,0|1|0|0|1,0|0|2|0|5,0,10,3.928053,0.001495,10,3.927833,0.001111
4,5,9,1,0|1|0|0|2,0|0|2|0|4,0,10,3.927720,0.000724,10,3.927155,0.001203
4,5,9,1,0|1|0|0|3,0|0|2|0|3,0,10,3.926237,0.000919,10,3.927230,0.001218
4,5,9,1,0|1|0|0|4,0|0|2|0|2,0,10,3.926416,0.001019,10,3.927059,0.000957
4,5,9,1,0|1|0|0|5,0|0|2|0|1,0,10,3.925491,0.001248,10,3.925627,0.001065
4,5,9,1,0|1|0|0|6,0|0|2|0|0,0,10,3.924015,0.000802,10,3.924093,0.001278
4,5,9,1,0|1|0|0|0,0|0|2|1|5,0,10,3.945969,0.000782,10,3.946077,0.001492
4,5,9,1,0|1|0|0|1,0|0|2|1|4,0,10,3.945838,0.000685,10,3.946649,0.001152
4,5,9,1,0|1|0|0|2,0|0|2|1|3,0,10,3.946535,0.001545,10,3.945741,0.001427
4,5,9,1,0|1|0|0|3,0|0|2|1|2,0,10,3.945548,0.001430,10,3.945892,0.001348
4,5,9,1,0|1|0|0|4,0|0|2|1|1,0,10,3.946086,0.000669,10,3.944870,0.001101
4,5,9,1,0|1|0|0|5,0|0|2|1|0,0,10,3.943163,0.001134,10,3.943987,0.001258
4,5,9,1,0|1|0|0|0,0|0|2|2|4,0,10,3.948960,0.001353,10,3.948714,0.001279
4,5,9,1,0|1|0|0|1,0|0|2|2|3,0,10,3.949431,0.001041,10,3.949526,0.001280
4,5,9,1,0|1|0|0|2,0|0|2|2|2,0,10,3.949598,0.000852,10,3.949758,0.001418
4,5,9,1,0|1|0|0|3,0|0|2|2|1,0,10,3.947720,0.001731,10,3.948839,0.001116
4,5,9,1,0|1|0|0|4,0|0|2|2|0,0,10,3.946720,0.000876,10,3.946640,0.000354
4,5,9,1,0|1|0|0|0,0|0|2|3|3,0,10,3.949064,0.001236,10,3.948960,0.001355
4,5,9,1,0|1|0|0|1,0|0|2|3|2,0,10,3.949701,0.001058,10,3.949942,0.000933
4,5,9,1,0|1|0|0|2,0|0|2|3|1,0,10,3.948696,0.000872,10,3.948569,0.000940
4,5,9,1,0|1|0|0|3,0|0|2|3|0,0,10,3.946129,0.001027,10,3.945418,0.001230
4,5,9,1,0|1|0|0|0,0|0|2|4|2,0,10,3.945628,0.001441,10,3.945796,0.001108
4,5,9,1,0|1|0|0|1,0|0|2|4|1,0,10,3.946083,0.000854,10,3.945578,0.001019
4,5,9,1,0|1|0|0|2,0|0|2|4|0,0,10,3.941268,0.000665,10,3.941271,0.001426
4,5,9,1,0|1|0|0|0,0|0|2|5|1,0,10,3.935917,0.001085,10,3.936229,0.000912
4,5,9,1,0|1|0|0|1,0|0|2|5|0,0,10,3.931230,0.001101,10,3.931215,0.000977
4,5,9,1,0|1|0|0|0,0|0|2|6|0,0,10,3.891492,0.000598,10,3.891447,0.000899
4,5,9,1,0|1|0|1|0,0|0|2|0|5,0,10,3.942628,0.000960,10,3.942870,0.001077
4,5,9,1,0|1|0|1|1,0|0|2|0|4,0,10,3.943235,0.001146,10,3.943064,0.001356
4,5,9,1,0|1|0|1|2,0|0|2|0|3,0,10,3.942878,0.001730,10,3.942880,0.001282
4,5,9,1,0|1|0|1|3,0|0|2|0|2,0,10,3.941592,0.001028,10,3.942202,0.001140
4,5,9,1,0|1|0|1|4,0|0|2|0|1,0,10,3.941083,0.001283,10,3.941382,0.001299
4,5,9,1,0|1|0|1|5,0|0|2|0|0,0,10,3.939779,0.001424,10,3.939629,0.000998
4,5,9,1,0|1|0|1|0,0|0|2|1|4,0,10,3.948872,0.001161,10,3.948546,0.000984
4,5,9,1,0|1|0|1|1,0|0|2|1|3,0,10,3.949397,0.000453,10,3.949833,0.001050
4,5,9,1,0|1|0|1|2,0|0|2|1|2,0,10,3.948852,0.001324,10,3.949067,0.000514
4,5,9,1,0|1|0|1|3,0|0|2|1|1,0,10,3.948228,0.000872,10,3.947957,0.000958
4,5,9,1,0|1|0|1|4,0|0|2|1|0,0,10,3.946169,0.001132,10,3.946236,0.001334
4,5,9,1,0|1|0|1|0,0|0|2|2|3,0,10,3.949812,0.001080,10,3.949468,0.001339
4,5,9,1,0|1|0|1|1,0|0|2|2|2,0,10,3.949077,0.000780,10,3.949212,0.000917
4,5,9,1,0|1|0|1|2,0|0|2|2|1,0,10,3.948240,0.001097,10,3.948355,0.001142
4,5,9,1,0|1|0|1|3,0|0|2|2|0,0,10,3.945580,0.000811,10,3.946523,0.000706
4,5,9,1,0|1|0|1|0,0|0|2|3|2,0,10,3.946610,0.000885,10,3.945246,0.001352
4,5,9,1,0|1|0|1|1,0|0|2|3|1,0,10,3.946552,0.000775,10,3.946611,0.000817
4,5,9,1,0|1|0|1|2,0|0|2|3|0,0,10,3.942450,0.001261,10,3.942048,0.000974
4,5,9,1,0|1|0|1|0,0|0|2|4|1,0,10,3.936173,0.000625,10,3.936631,0.000962
4,5,9,1,0|1|0|1|1,0|0|2|4|0,0,10,3.930863,0.000905,10,3.931444,0.000929
4,5,9,1,0|1|0|1|0,0|0|2|5|0,0,10,3.892368,0.000994,10,3.893145,0.000595
4,5,9,1,0|1|0|2|0,0|0|2|0|4,0,10,3.945044,0.000771,10,3.946023,0.001066
4,5,9,1,0|1|0|2|1,0|0|2|0|3,0,10,3.946135,0.001138,10,3.946688,0.001069
4,5,9,1,0|1|0|2|2,0|0|2|0|2,0,10,3.945466,0.000684,10,3.945116,0.000829
4,5,9,1,0|1|0|2|3,0|0|2|0|1,0,10,3.943289,0.001475,10,3.943198,0.001139
4,5,9,1,0|1|0|2|4,0|0|2|0|0,0,10,3.940362,0.000957,10,3.940578,0.001626
4,5,9,1,0|1|0|2|0,0|0|2|1|3,0,10,3.947533,0.001444,10,3.947894,0.000821
4,5,9,1,0|1|0|2|1,0|0|2|1|2,0,10,3.948211,0.001563,10,3.948395,0.000957
4,5,9,1,0|1|0|2|2,0|0|2|1|1,0,10,3.947085,0.000744,10,3.946704,0.001769
4,5,9,1,0|1|0|2|3,0|0|2|1|0,0,10,3.943244,0.000792,10,3.943668,0.001068
4,5,9,1,0|1|0|2|0,0|0|2|2|2,0,10,3.945347,0.001500,10,3.945167,0.001224
4,5,9,1,0|1|0|2|1,0|0|2|2|1,0,10,3.945156,0.001335,10,3.945267,0.001183
4,5,9,1,0|1|0|2|2,0|0|2|2|0,0,10,3.940836,0.000928,10,3.940984,0.001050
4,5,9,1,0|1|0|2|0,0|0|2|3|1,0,10,3.935046,0.001200,10,3.935239,0.000820
4,5,9,1,0|1|0|2|1,0|0|2|3|0,0,10,3.930080,0.000810,10,3.930088,0.001134
4,5,9,1,0|1|0|2|0,0|0|2|4|0,0,10,3.891602,0.001042,10,3.891493,0.000909
4,5,9,1,0|1|0|3|0,0|0|2|0|3,0,10,3.944494,0.001175,10,3.945162,0.000741
4,5,9,1,0|1|0|3|1,0|0|2|0|2,0,10,3.945287,0.001190,10,3.945266,0.001237
4,5,9,1,0|1|0|3|2,0|0|2|0|1,0,10,3.943304,0.001082,10,3.943116,0.001174
4,5,9,1,0|1|0|3|3,0|0|2|0|0,0,10,3.938538,0.000773,10,3.938779,0.000781
4,5,9,1,0|1|0|3|0,0|0|2|1|2,0,10,3.943163,0.000940,10,3.943075,0.000932
4,5,9,1,0|1|0|3|1,0|0|2|1|1,0,10,3.943465,0.001076,10,3.943231,0.001346
4,5,9,1,0|1|0|3|2,0|0|2|1|0,0,10,3.938441,0.000998,10,3.938384,0.001160
4,5,9,1,0|1|0|3|0,0|0|2|2|1,0,10,3.933565,0.000795,10,3.933416,0.000980
4,5,9,1,0|1|0|3|1,0|0|2|2|0,0,10,3.928703,0.000626,10,3.928223,0.000711
4,5,9,1,0|1|0|3|0,0|0|2|3|0,0,10,3.890380,0.000785,10,3.890323,0.000779
4,5,9,1,0|1|0|4|0,0|0|2|0|2,0,10,3.940923,0.000950,10,3.941554,0.001353
4,5,9,1,0|1|0|4|1,0|0|2|0|1,0,10,3.941075,0.001226,10,3.940328,0.000638
4,5,9,1,0|1|0|4|2,0|0|2|0|0,0,10,3.934184,0.000741,10,3.934304,0.000552
4,5,9,1,0|1|0|4|0,0|0|2|1|1,0,10,3.931438,0.000843,10,3.931629,0.001180
4,5,9,1,0|1|0|4|1,0|0|2|1|0,0,10,3.926455,0.000575,10,3.926482,0.000625
4,5,9,1,0|1|0|4|0,0|0|2|2|0,0,10,3.888367,0.000719,10,3.888459,0.000615
4,5,9,1,0|1|0|5|0,0|0|2|0|1,0,10,3.928405,0.000837,10,3.929162,0.001112
4,5,9,1,0|1|0|5|1,0|0|2|0|0,0,10,3.923048,0.000700,10,3.922617,0.001015
4,5,9,1,0|1|0|5|0,0|0|2|1|0,0,10,3.885682,0.000977,10,3.885826,0.000630
4,5,9,1,0|1|0|6|0,0|0|2|0|0,0,10,3.881917,0.000448,10,3.882421,0.000811
4,5,9,1,0|1|0|0|0,0|0|3|0|5,0,10,3.923132,0.000984,10,3.922965,0.000963
4,5,9,1,0|1|0|0|1,0|0|3|0|4,0,10,3.924895,0.001522,10,3.924743,0.000907
4,5,9,1,0|1|0|0|2,0|0|3|0|3,0,10,3.924504,0.001050,10,3.923957,0.001251
4,5,9,1,0|1|0|0|3,0|0|3|0|2,0,10,3.923133,0.000704,10,3.922957,0.001456
4,5,9,1,0|1|0|0|4,0|0|3|0|1,0,10,3.921153,0.001259,10,3.921304,0.001151
4,5,9,1,0|1|0|0|5,0|0|3|0|0,0,10,3.917726,0.000881,10,3.918199,0.000998
4,5,9,1,0|1|0|0|0,0|0|3|1|4,0,10,3.943132,0.000973,10,3.943205,0.000960
4,5,9,1,0|1|0|0|1,0|0|3|1|3,0,10,3.943869,0.001686,10,3.944263,0.001751
4,5,9,1,0|1|0|0|2,0|0|3|1|2,0,10,3.942721,0.001490,10,3.942689,0.001335
4,5,9,1,0|1|0|0|3,0|0|3|1|1,0,10,3.942270,0.000929,10,3.941735,0.000844
4,5,9,1,0|1|0|0|4,0|0|3|1|0,0,10,3.939304,0.001220,10,3.939986,0.000919
4,5,9,1,0|1|0|0|0,0|0|3|2|3,0,10,3.945580,0.001414,10,3.945148,0.000940
4,5,9,1,0|1|0|0|1,0|0|3|2|2,0,10,3.946172,0.001140,10,3.946037,0.000962
4,5,9,1,0|1|0|0|2,0|0|3|2|1,0,10,3.943889,0.001005,10,3.945152,0.001595
4,5,9,1,0|1|0|0|3,0|0|3|2|0,0,10,3.941212,0.001064,10,3.940462,0.000592
4,5,9,1,0|1|0|0|0,0|0|3|3|2,0,10,3.943090,0.001204,10,3.943037,0.000920
4,5,9,1,0|1|0|0|1,0|0|3|3|1,0,10,3.942540,0.000913,10,3.942670,0.001423
4,5,9,1,0|1|0|0|2,0|0|3|3|0,0,10,3.938249,0.000524,10,3.937840,0.001107
4,5,9,1,0|1|0|0|0,0|0|3|4|1,0,10,3.931912,0.000851,10,3.932351,0.000753
4,5,9,1,0|1|0|0|1,0|0|3|4|0,0,10,3.926812,0.000533,10,3.927261,0.000857
4,5,9,1,0|1|0|0|0,0|0|3|5|0,0,10,3.885635,0.000808,10,3.886203,0.000726
4,5,9,1,0|1|0|1|0,0|0|3|0|4,0,10,3.939890,0.000908,10,3.939475,0.000900
4,5,9,1,0|1|0|1|1,0|0|3|0|3,0,10,3.940202,0.001311,10,3.939771,0.001225
4,5,9,1,0|1|0|1|2,0|0|3|0|2,0,10,3.938234,0.001252,10,3.938547,0.001379
4,5,9,1,0|1|0|1|3,0|0|3|0|1,0,10,3.937237,0.001031,10,3.936677,0.000946
4,5,9,1,0|1|0|1|4,0|0|3|0|0,0,10,3.933167,0.000994,10,3.934448,0.001280
4,5,9,1,0|1|0|1|0,0|0|3|1|3,0,10,3.945300,0.001547,10,3.945442,0.001691
4,5,9,1,0|1|0|1|1,0|0|3|1|2,0,10,3.945817,0.001091,10,3.946084,0.001153
4,5,9,1,0|1|0|1|2,0|0|3|1|1,0,10,3.943102,0.001016,10,3.944387,0.001329
4,5,9,1,0|1|0|1|3,0|0|3|1|0,0,10,3.939945,0.000961,10,3.940262,0.001329
4,5,9,1,0|1|0|1|0,0|0|3|2|2,0,10,3.943262,0.001703,10,3.942966,0.001222
4,5,9,1,0|1|0|1|1,0|0|3|2|1,0,10,3.942952,0.001230,10,3.942652,0.000883
4,5,9,1,0|1|0|1|2,0|0|3|2|0,0,10,3.937882,0.001190,10,3.937544,0.001438
4,5,9,1,0|1|0|1|0,0|0|3|3|1,0,10,3.932432,0.000879,10,3.932335,0.000938
4,5,9,1,0|1|0|1|1,0|0|3|3|0,0,10,3.927820,0.000683,10,3.927296,0.000811
4,5,9,1,0|1|0|1|0,0|0|3|4|0,0,10,3.887750,0.000523,10,3.887654,0.000459
4,5,9,1,0|1|0|2|0,0|0|3|0|3,0,10,3.940684,0.000939,10,3.940836,0.001240
4,5,9,1,0|1|0|2|1,0|0|3|0|2,0,10,3.940739,0.000952,10,3.940922,0.001009
4,5,9,1,0|1|0|2|2,0|0|3|0|1,0,10,3.937984,0.000992,10,3.937896,0.000742
4,5,9,1,0|1|0|2|3,0|0|3|0|0,0,10,3.932557,0.001659,10,3.932256,0.001133
4,5,9,1,0|1|0|2|0,0|0|3|1|2,0,10,3.940482,0.001284,10,3.941013,0.001241
4,5,9,1,0|1|0|2|1,0|0|3|1|1,0,10,3.939611,0.000934,10,3.940655,0.000935
4,5,9,1,0|1|0|2|2,0|0|3|1|0,0,10,3.935202,0.000645,10,3.934838,0.000854
4,5,9,1,0|1|0|2|0,0|0|3|2|1,0,10,3.931273,0.000778,10,3.930486,0.000869
4,5,9,1,0|1|0|2|1,0|0|3|2|0,0,10,3.924636,0.000861,10,3.925179,0.000958
4,5,9,1,0|1|0|2|0,0|0|3|3|0,0,10,3.885483,0.000496,10,3.885730,0.000572
4,5,9,1,0|1|0|3|0,0|0|3|0|2,0,10,3.936898,0.001257,10,3.936866,0.001071
4,5,9,1,0|1|0|3|1,0|0|3|0|1,0,10,3.935943,0.000990,10,3.936068,0.000594
4,5,9,1,0|1|0|3|2,0|0|3|0|0,0,10,3.927902,0.000966,10,3.927674,0.000920
4,5,9,1,0|1|0|3|0,0|0|3|1|1,0,10,3.928115,0.000935,10,3.928742,0.000931
4,5,9,1,0|1|0|3|1,0|0|3|1|0,0,10,3.921538,0.000857,10,3.921871,0.001070
4,5,9,1,0|1|0|3|0,0|0|3|2|0,0,10,3.882789,0.000446,10,3.883311,0.000542
4,5,9,1,0|1|0|4|0,0|0|3|0|1,0,10,3.924137,0.000474,10,3.923902,0.001241
4,5,9,1,0|1|0|4|1,0|0|3|0|0,0,10,3.916337,0.000520,10,3.916379,0.000704
4,5,9,1,0|1|0|4|0,0|0|3|1|0,0,10,3.879493,0.000437,10,3.879767,0.000732
4,5,9,1,0|1|0|5|0,0|0|3|0|0,0,10,3.872882,0.000781,10,3.872879,0.000507
4,5,9,1,0|1|0|0|0,0|0|4|0|4,0,10,3.916724,0.000641,10,3.916859,0.001360
4,5,9,1,0|1|0|0|1,0|0|4|0|3,0,10,3.917910,0.001231,10,3.918268,0.000881
4,5,9,1,0|1|0|0|2,0|0|4|0|2,0,10,3.916496,0.001355,10,3.916638,0.001246
4,5,9,1,0|1|0|0|3,0|0|4|0|1,0,10,3.913194,0.000747,10,3.913329,0.001279
4,5,9,1,0|1|0|0|4,0|0|4|0|0,0,10,3.907606,0.000708,10,3.906862,0.001051
4,5,9,1,0|1|0|0|0,0|0|4|1|3,0,10,3.937810,0.001466,10,3.937561,0.001081
4,5,9,1,0|1|0|0|1,0|0|4|1|2,0,10,3.938641,0.000962,10,3.938010,0.000673
4,5,9,1,0|1|0|0|2,0|0|4|1|1,0,10,3.935570,0.001116,10,3.935233,0.001348
4,5,9,1,0|1|0|0|3,0|0|4|1|0,0,10,3.930954,0.000726,10,3.930649,0.000811
4,5,9,1,0|1|0|0|0,0|0|4|2|2,0,10,3.936721,0.001084,10,3.937030,0.000811
4,5,9,1,0|1|0|0|1,0|0|4|2|1,0,10,3.936917,0.000864,10,3.936831,0.001020
4,5,9,1,0|1|0|0|2,0|0|4|2|0,0,10,3.930872,0.001326,10,3.930274,0.001062
4,5,9,1,0|1|0|0|0,0|0|4|3|1,0,10,3.926010,0.001057,10,3.926112,0.000452
4,5,9,1,0|1|0|0|1,0|0|4|3|0,0,10,3.920059,0.000945,10,3.919035,0.000980
4,5,9,1,0|1|0|0|0,0|0|4|4|0,0,10,3.875034,0.000605,10,3.874958,0.000744
4,5,9,1,0|1|0|1|0,0|0|4|0|3,0,10,3.932637,0.000651,10,3.931866,0.000925
4,5,9,1,0|1|0|1|1,0|0|4|0|2,0,10,3.932693,0.000911,10,3.932802,0.000954
4,5,9,1,0|1|0|1|2,0|0|4|0|1,0,10,3.929207,0.000535,10,3.928828,0.000849
4,5,9,1,0|1|0|1|3,0|0|4|0|0,0,10,3.921863,0.000831,10,3.921627,0.001249
4,5,9,1,0|1|0|1|0,0|0|4|1|2,0,10,3.936161,0.001350,10,3.935250,0.001097
4,5,9,1,0|1|0|1|1,0|0|4|1|1,0,10,3.935110,0.000624,10,3.934934,0.001126
4,5,9,1,0|1|0|1|2,0|0|4|1|0,0,10,3.928351,0.000972,10,3.928635,0.000986
4,5,9,1,0|1|0|1|0,0|0|4|2|1,0,10,3.925514,0.000731,10,3.926076,0.000920
4,5,9,1,0|1|0|1|1,0|0|4|2|0,0,10,3.919331,0.000937,10,3.919252,0.000568
4,5,9,1,0|1|0|1|0,0|0|4|3|0,0,10,3.876744,0.000731,10,3.876895,0.000439
4,5,9,1,0|1|0|2|0,0|0|4|0|2,0,10,3.929238,0.001385,10,3.929536,0.001203
4,5,9,1,0|1|0|2|1,0|0|4|0|1,0,10,3.928198,0.000718,10,3.927475,0.000627
4,5,9,1,0|1|0|2|2,0|0|4|0|0,0,10,3.918127,0.000710,10,3.917764,0.000822
4,5,9,1,0|1|0|2|0,0|0|4|1|1,0,10,3.922450,0.000807,10,3.921793,0.000695
4,5,9,1,0|1|0|2|1,0|0|4|1|0,0,10,3.914229,0.000886,10,3.914719,0.000748
4,5,9,1,0|1|0|2|0,0|0|4|2|0,0,10,3.873337,0.000587,10,3.873290,0.000670
4,5,9,1,0|1|0|3|0,0|0|4|0|1,0,10,3.915194,0.000797,10,3.915099,0.000544
4,5,9,1,0|1|0|3|1,0|0|4|0|0,0,10,3.905614,0.000708,10,3.904942,0.000771
4,5,9,1,0|1|0|3|0,0|0|4|1|0,0,10,3.868442,0.000627,10,3.868287,0.000652
4,5,9,1,0|1|0|4|0,0|0|4|0|0,0,10,3.858028,0.000490,10,3.858347,0.000439
4,5,9,1,0|1|0|0|0,0|0|5|0|3,0,10,3.904610,0.000897,10,3.903649,0.001187
4,5,9,1,0|1|0|0|1,0|0|5|0|2,0,10,3.905893,0.001175,10,3.905952,0.001142
4,5,9,1,0|1|0|0|2,0|0|5|0|1,0,10,3.900582,0.000812,10,3.900404,0.000783
4,5,9,1,0|1|0|0|3,0|0|5|0|0,0,10,3.888944,0.000387,10,3.888897,0.001218
4,5,9,1,0|1|0|0|0,0|0|5|1|2,0,10,3.924588,0.001080,10,3.924388,0.000733
4,5,9,1,0|1|0|0|1,0|0|5|1|1,0,10,3.923041,0.000788,10,3.923063,0.001071
4,5,9,1,0|1|0|0|2,0|0|5|1|0,0,10,3.914103,0.001072,10,3.914366,0.001161
4,5,9,1,0|1|0|0|0,0|0|5|2|1,0,10,3.913788,0.000956,10,3.914126,0.000898
4,5,9,1,0|1|0|0|1,0|0|5|2|0,0,10,3.905793,0.000808,10,3.906024,0.000467
4,5,9,1,0|1|0|0|0,0|0|5|3|0,0,10,3.857177,0.000444,10,3.857575,0.000559
4,5,9,1,0|1|0|1|0,0|0|5|0|2,0,10,3.916779,0.000579,10,3.916616,0.001210
4,5,9,1,0|1|0|1|1,0|0|5|0|1,0,10,3.913990,0.001131,10,3.913193,0.001110
4,5,9,1,0|1|0|1|2,0|0|5|0|0,0,10,3.900950,0.000953,10,3.901292,0.001084
4,5,9,1,0|1|0|1|0,0|0|5|1|1,0,10,3.912234,0.000663,10,3.912466,0.000708
4,5,9,1,0|1|0|1|1,0|0|5|1|0,0,10,3.902686,0.000755,10,3.902352,0.000962
4,5,9,1,0|1|0|1|0,0|0|5|2|0,0,10,3.858047,0.000544,10,3.858076,0.000401
4,5,9,1,0|1|0|2|0,0|0|5|0|1,0,10,3.901601,0.000607,10,3.901277,0.000855
4,5,9,1,0|1|0|2|1,0|0|5|0|0,0,10,3.888082,0.000564,10,3.888350,0.000486
4,5,9,1,0|1|0|2|0,0|0|5|1|0,0,10,3.851271,0.000448,10,3.850880,0.000736
4,5,9,1,0|1|0|3|0,0|0|5|0|0,0,10,3.836700,0.000277,10,3.836805,0.000438
4,5,9,1,0|1|0|0|0,0|0|6|0|2,0,10,3.876855,0.000697,10,3.877225,0.000414
4,5,9,1,0|1|0|0|1,0|0|6|0|1,0,10,3.874914,0.000705,10,3.875261,0.000749
4,5,9,1,0|1|0|0|2,0|0|6|0|0,0,10,3.855328,0.000838,10,3.854936,0.000565
4,5,9,1,0|1|0|0|0,0|0|6|1|1,0,10,3.889636,0.000793,10,3.889438,0.000611
4,5,9,1,0|1|0|0|1,0|0|6|1|0,0,10,3.876832,0.000554,10,3.877126,0.000713
4,5,9,1,0|1|0|0|0,0|0|6|2|0,0,10,3.827040,0.000341,10,3.827195,0.000721
4,5,9,1,0|1|0|1|0,0|0|6|0|1,0,10,3.875968,0.000901,10,3.876011,0.000675
4,5,9,1,0|1|0|1|1,0|0|6|0|0,0,10,3.857580,0.000857,10,3.857509,0.000809
4,5,9,1,0|1|0|1|0,0|0|6|1|0,0,10,3.823425,0.000596,10,3.823395,0.000548
4,5,9,1,0|1|0|2|0,0|0|6|0|0,0,10,3.802465,0.000351,10,3.802397,0.000691
4,5,9,1,0|1|0|0|0,0|0|7|0|1,0,10,3.809500,0.000510,10,3.809586,0.000535
4,5,9,1,0|1|0|0|1,0|0|7|0|0,0,10,3.784165,0.000371,10,3.784468,0.000623
4,5,9,1,0|1|0|0|0,0|0|7|1|0,0,10,3.764854,0.000476,10,3.764709,0.000254
4,5,9,1,0|1|0|1|0,0|0|7|0|0,0,10,3.740130,0.000462,10,3.740331,0.000394
4,5,9,1,0|1|0|0|0,0|0|8|0|0,0,10,3.576747,0.000750,10,3.576634,0.000517
4,5,9,1,0|1|1|0|0,0|0|0|0|7,0,10,3.924137,0.000816,10,3.923184,0.001134
4,5,9,1,0|1|1|0|1,0|0|0|0|6,0,10,3.924799,0.001270,10,3.923722,0.001079
4,5,9,1,0|1|1|0|2,0|0|0|0|5,0,10,3.923211,0.001375,10,3.924409,0.001377
4,5,9,1,0|1|1|0|3,0|0|0|0|4,0,10,3.924128,0.001474,10,3.923507,0.001006
4,5,9,1,0|1|1|0|4,0|0|0|0|3,0,10,3.923985,0.000890,10,3.923382,0.001378
4,5,9,1,0|1|1|0|5,0|0|0|0|2,0,10,3.923292,0.001602,10,3.923814,0.000925
4,5,9,1,0|1|1|0|6,0|0|0|0|1,0,10,3.922409,0.001301,10,3.923345,0.001059
4,5,9,1,0|1|1|0|7,0|0|0|0|0,0,10,3.921405,0.000849,10,3.921985,0.001096
4,5,9,1,0|1|1|0|0,0|0|0|1|6,0,10,3.943799,0.001514,10,3.944028,0.001025
4,5,9,1,0|1|1|0|1,0|0|0|1|5,0,10,3.944775,0.001614,10,3.944834,0.000915
4,5,9,1,0|1|1|0|2,0|0|0|1|4,0,10,3.943872,0.001301,10,3.944043,0.001017
4,5,9,1,0|1|1|0|3,0|0|0|1|3,0,10,3.944042,0.000722,10,3.944497,0.001481
4,5,9,1,0|1|1|0|4,0|0|0|1|2,0,10,3.943828,0.000739,10,3.943800,0.001603
4,5,9,1,0|1|1|0|5,0|0|0|1|1,0,10,3.944164,0.001178,10,3.943997,0.001390
4,5,9,1,0|1|1|0|6,0|0|0|1|0,0,10,3.942238,0.001145,10,3.943086,0.001089
4,5,9,1,0|1|1|0|0,0|0|0|2|5,0,10,3.948757,0.001287,10,3.947506,0.000860
4,5,9,1,0|1|1|0|1,0|0|0|2|4,0,10,3.949369,0.001053,10,3.948906,0.001464
4,5,9,1,0|1|1|0|2,0|0|0|2|3,0,10,3.948260,0.001188,10,3.948871,0.001533
4,5,9,1,0|1|1|0|3,0|0|0|2|2,0,10,3.948194,0.001358,10,3.949177,0.000941
4,5,9,1,0|1|1|0|4,0|0|0|2|1,0,10,3.947452,0.000947,10,3.947312,0.001204
4,5,9,1,0|1|1|0|5,0|0|0|2|0,0,10,3.946233,0.000957,10,3.946462,0.001235
4,5,9,1,0|1|1|0|0,0|0|0|3|4,0,10,3.949331,0.001247,10,3.948058,0.001488
4,5,9,1,0|1|1|0|1,0|0|0|3|3,0,10,3.949930,0.001611,10,3.949369,0.001003
4,5,9,1,0|1|1|0|2,0|0|0|3|2,0,10,3.948519,0.001091,10,3.949117,0.001722
4,5,9,1,0|1|1|0|3,0|0|0|3|1,0,10,3.947764,0.001529,10,3.947516,0.000825
4,5,9,1,0|1|1|0|4,0|0|0|3|0,0,10,3.946007,0.001434,10,3.946180,0.001578
4,5,9,1,0|1|1|0|0,0|0|0|4|3,0,10,3.946973,0.001559,10,3.947377,0.001021
4,5,9,1,0|1|1|0|1,0|0|0|4|2,0,10,3.947681,0.001266,10,3.947271,0.001570
4,5,9,1,0|1|1|0|2,0|0|0|4|1,0,10,3.946325,0.000981,10,3.947311,0.001317
4,5,9,1,0|1|1|0|3,0|0|0|4|0,0,10,3.942884,0.001274,10,3.943315,0.000593
4,5,9,1,0|1|1|0|0,0|0|0|5|2,0,10,3.942343,0.001277,10,3.942742,0.001229
4,5,9,1,0|1|1|0|1,0|0|0|5|1,0,10,3.942474,0.000885,10,3.942468,0.000931
4,5,9,1,0|1|1|0|2,0|0|0|5|0,0,10,3.937540,0.000944,10,3.937142,0.000785
4,5,9,1,0|1|1|0|0,0|0|0|6|1,0,10,3.929191,0.000583,10,3.929625,0.000826
4,5,9,1,0|1|1|0|1,0|0|0|6|0,0,10,3.923868,0.001078,10,3.923648,0.000902
4,5,9,1,0|1|1|0|0,0|0|0|7|0,0,10,3.876451,0.000733,10,3.876114,0.000648
4,5,9,1,0|1|1|1|0,0|0|0|0|6,0,10,3.941056,0.001263,10,3.939881,0.001960
4,5,9,1,0|1|1|1|1,0|0|0|0|5,0,10,3.941370,0.000901,10,3.941324,0.001504
4,5,9,1,0|1|1|1|2,0|0|0|0|4,0,10,3.941141,0.001293,10,3.941058,0.001333
4,5,9,1,0|1|1|1|3,0|0|0|0|3,0,10,3.940238,0.001220,10,3.940549,0.001158
4,5,9,1,0|1|1|1|4,0|0|0|0|2,0,10,3.940014,0.001461,10,3.939739,0.001292
4,5,9,1,0|1|1|1|5,0|0|0|0|1,0,10,3.939126,0.001025,10,3.938554,0.001290
4,5,9,1,0|1|1|1|6,0|0|0|0|0,0,10,3.938188,0.000583,10,3.937581,0.001335
4,5,9,1,0|1|1|1|0,0|0|0|1|5,0,10,3.948184,0.000921,10,3.947179,0.001132
4,5,9,1,0|1|1|1|1,0|0|0|1|4,0,10,3.948159,0.000959,10,3.948073,0.001225
4,5,9,1,0|1|1|1|2,0|0|0|1|3,0,10,3.947828,0.001530,10,3.947376,0.001419
4,5,9,1,0|1|1|1|3,0|0|0|1|2,0,10,3.946659,0.001062,10,3.947049,0.000965
4,5,9,1,0|1|1|1|4,0|0|0|1|1,0,10,3.946167,0.001156,10,3.946322,0.001140
4,5,9,1,0|1|1|1|5,0|0|0|1|0,0,10,3.945418,0.001036,10,3.944562,0.001310
4,5,9,1,0|1|1|1|0,0|0|0|2|4,0,10,3.948531,0.001657,10,3.948948,0.001251
4,5,9,1,0|1|1|1|1,0|0|0|2|3,0,10,3.949629,0.001077,10,3.949488,0.001334
4,5,9,1,0|1|1|1|2,0|0|0|2|2,0,10,3.947998,0.001491,10,3.948558,0.001124
4,5,9,1,0|1|1|1|3,0|0|0|2|1,0,10,3.947566,0.001290,10,3.947477,0.000746
4,5,9,1,0|1|1|1|4,0|0|0|2|0,0,10,3.945992,0.001413,10,3.945705,0.001127
4,5,9,1,0|1|1|1|0,0|0|0|3|3,0,10,3.947605,0.001278,10,3.947535,0.001162
4,5,9,1,0|1|1|1|1,0|0|0|3|2,0,10,3.947471,0.001299,10,3.947539,0.001350
4,5,9,1,0|1|1|1|2,0|0|0|3|1,0,10,3.945889,0.000877,10,3.945902,0.001076
4,5,9,1,0|1|1|1|3,0|0|0|3|0,0,10,3.943060,0.001424,10,3.943295,0.001284
4,5,9,1,0|1|1|1|0,0|0|0|4|2,0,10,3.942129,0.000833,10,3.942935,0.000967
4,5,9,1,0|1|1|1|1,0|0|0|4|1,0,10,3.941905,0.001318,10,3.941495,0.001231
4,5,9,1,0|1|1|1|2,0|0|0|4|0,0,10,3.937874,0.000821,10,3.937396,0.000748
4,5,9,1,0|1|1|1|0,0|0|0|5|1,0,10,3.929386,0.001069,10,3.929434,0.000711
4,5,9,1,0|1|1|1|1,0|0|0|5|0,0,10,3.923385,0.000667,10,3.923232,0.000843
4,5,9,1,0|1|1|1|0,0|0|0|6|0,0,10,3.876792,0.000518,10,3.876636,0.000564
4,5,9,1,0|1|1|2|0,0|0|0|0|5,0,10,3.944470,0.001443,10,3.943731,0.001381
4,5,9,1,0|1|1|2|1,0|0|0|0|4,0,10,3.943930,0.001305,10,3.944627,0.001126
4,5,9,1,0|1|1|2|2,0|0|0|0|3,0,10,3.944749,0.001265,10,3.944574,0.001013
4,5,9,1,0|1|1|2|3,0|0|0|0|2,0,10,3.943301,0.000690,10,3.943891,0.001135
4,5,9,1,0|1|1|2|4,0|0|0|0|1,0,10,3.943142,0.000590,10,3.942173,0.000892
4,5,9,1,0|1|1|2|5,0|0|0|0|0,0,10,3.939628,0.001322,10,3.940024,0.000972
4,5,9,1,0|1|1|2|0,0|0|0|1|4,0,10,3.947005,0.001243,10,3.947249,0.001012
4,5,9,1,0|1|1|2|1,0|0|0|1|3,0,10,3.947086,0.001062,10,3.947914,0.001170
4,5,9,1,0|1|1|2|2,0|0|0|1|2,0,10,3.946843,0.001393,10,3.947179,0.001037
4,5,9,1,0|1|1|2|3,0|0|0|1|1,0,10,3.944684,0.000793,10,3.945810,0.001105
4,5,9,1,0|1|1|2|4,0|0|0|1|0,0,10,3.943297,0.001029,10,3.943360,0.001130
4,5,9,1,0|1|1|2|0,0|0|0|2|3,0,10,3.946282,0.001502,10,3.946635,0.001073
4,5,9,1,0|1|1|2|1,0|0|0|2|2,0,10,3.946023,0.001183,10,3.946659,0.000998
4,5,9,1,0|1|1|2|2,0|0|0|2|1,0,10,3.944692,0.001279,10,3.944967,0.001246
4,5,9,1,0|1|1|2|3,0|0|0|2|0,0,10,3.941771,0.001022,10,3.941471,0.000810
4,5,9,1,0|1|1|2|0,0|0|0|3|2,0,10,3.940994,0.001143,10,3.941055,0.001249
4,5,9,1,0|1|1|2|1,0|0|0|3|1,0,10,3.940926,0.000620,10,3.940638,0.001316
4,5,9,1,0|1|1|2|2,0|0|0|3|0,0,10,3.935739,0.001011,10,3.936006,0.000868
4,5,9,1,0|1|1|2|0,0|0|0|4|1,0,10,3.927792,0.000720,10,3.928267,0.000894
4,5,9,1,0|1|1|2|1,0|0|0|4|0,0,10,3.921988,0.000648,10,3.921627,0.001007
4,5,9,1,0|1|1|2|0,0|0|0|5|0,0,10,3.875969,0.000846,10,3.876261,0.000524
4,5,9,1,0|1|1|3|0,0|0|0|0|4,0,10,3.944879,0.001152,10,3.944602,0.001223
4,5,9,1,0|1|1|3|1,0|0|0|0|3,0,10,3.945428,0.001344,10,3.944654,0.001664
4,5,9,1,0|1|1|3|2,0|0|0|0|2,0,10,3.943700,0.001007,10,3.944094,0.001231
4,5,9,1,0|1|1|3|3,0|0|0|0|1,0,10,3.941734,0.001783,10,3.942441,0.000786
4,5,9,1,0|1|1|3|4,0|0|0|0|0,0,10,3.939003,0.000898,10,3.938726,0.001380
4,5,9,1,0|1|1|3|0,0|0|0|1|3,0,10,3.945404,0.000674,10,3.944903,0.001121
4,5,9,1,0|1|1|3|1,0|0|0|1|2,0,10,3.944833,0.000943,10,3.945276,0.001308
4,5,9,1,0|1|1|3|2,0|0|0|1|1,0,10,3.943754,0.001005,10,3.942976,0.001231
4,5,9,1,0|1|1|3|3,0|0|0|1|0,0,10,3.939374,0.000873,10,3.939525,0.000961
4,5,9,1,0|1|1|3|0,0|0|0|2|2,0,10,3.940442,0.000894,10,3.939870,0.001607
4,5,9,1,0|1|1|3|1,0|0|0|2|1,0,10,3.939643,0.000673,10,3.939780,0.001047
4,5,9,1,0|1|1|3|2,0|0|0|2|0,0,10,3.933951,0.000528,10,3.934085,0.001020
4,5,9,1,0|1|1|3|0,0|0|0|3|1,0,10,3.927230,0.000711,10,3.926869,0.000974
4,5,9,1,0|1|1|3|1,0|0|0|3|0,0,10,3.919953,0.000951,10,3.920065,0.000729
4,5,9,1,0|1|1|3|0,0|0|0|4|0,0,10,3.875069,0.000716,10,3.875356,0.000697
4,5,9,1,0|1|1|4|0,0|0|0|0|3,0,10,3.942861,0.001544,10,3.942657,0.001275
4,5,9,1,0|1|1|4|1,0|0|0|0|2,0,10,3.942923,0.001410,10,3.942311,0.001389
4,5,9,1,0|1|1|4|2,0|0|0|0|1,0,10,3.940057,0.001096,10,3.940789,0.001082
4,5,9,1,0|1|1|4|3,0|0|0|0|0,0,10,3.935082,0.001243,10,3.935034,0.001131
4,5,9,1,0|1|1|4|0,0|0|0|1|2,0,10,3.939325,0.000748,10,3.939458,0.001300
4,5,9,1,0|1|1|4|1,0|0|0|1|1,0,10,3.938386,0.001686,10,3.938273,0.000874
4,5,9,1,0|1|1|4|2,0|0|0|1|0,0,10,3.932020,0.001609,10,3.932037,0.000725
4,5,9,1,0|1|1|4|0,0|0|0|2|1,0,10,3.925243,0.000830,10,3.926051,0.001122
4,5,9,1,0|1|1|4|1,0|0|0|2|0,0,10,3.918385,0.000891,10,3.918974,0.000670
4,5,9,1,0|1|1|4|0,0|0|0|3|0,0,10,3.873315,0.000505,10,3.873984,0.000378
4,5,9,1,0|1|1|5|0,0|0|0|0|2,0,10,3.937614,0.001141,10,3.936706,0.000777
4,5,9,1,0|1|1|5|1,0|0|0|0|1,0,10,3.936295,0.000609,10,3.936849,0.001055
4,5,9,1,0|1|1|5|2,0|0|0|0|0,0,10,3.929180,0.000889,10,3.928900,0.000776
4,5,9,1,0|1|1|5|0,0|0|0|1|1,0,10,3.923890,0.000919,10,3.924071,0.000531
4,5,9,1,0|1|1|5|1,0|0|0|1|0,0,10,3.917163,0.000588,10,3.917149,0.000870
4,5,9,1,0|1|1|5|0,0|0|0|2|0,0,10,3.872145,0.000631,10,3.872423,0.000429
4,5,9,1,0|1|1|6|0,0|0|0|0|1,0,10,3.922380,0.000733,10,3.921946,0.000850
4,5,9,1,0|1|1|6|1,0|0|0|0|0,0,10,3.914574,0.000393,10,3.914717,0.000804
4,5,9,1,0|1|1|6|0,0|0|0|1|0,0,10,3.870084,0.000569,10,3.870122,0.000500
4,5,9,1,0|1|1|7|0,0|0|0|0|0,0,10,3.867384,0.000714,10,3.867352,0.000541
4,5,9,1,0|1|1|0|0,0|0|1|0|6,0,10,3.926798,0.001387,10,3.926904,0.001422
4,5,9,1,0|1|1|0|1,0|0|1|0|5,0,10,3.927263,0.000873,10,3.926962,0.000810
4,5,9,1,0|1|1|0|2,0|0|1|0|4,0,10,3.926703,0.001265,10,3.927367,0.001293
4,5,9,1,0|1|1|0|3,0|0|1|0|3,0,10,3.926820,0.001322,10,3.926613,0.000839
4,5,9,1,0|1|1|0|4,0|0|1|0|2,0,10,3.925440,0.001503,10,3.926848,0.001186
4,5,9,1,0|1|1|0|5,0|0|1|0|1,0,10,3.925297,0.001140,10,3.925398,0.001290
4,5,9,1,0|1|1|0|6,0|0|1|0|0,0,10,3.923741,0.000916,10,3.923594,0.001332
4,5,9,1,0|1|1|0|0,0|0|1|1|5,0,10,3.945276,0.001598,10,3.945506,0.001273
4,5,9,1,0|1|1|0|1,0|0|1|1|4,0,10,3.946151,0.001210,10,3.945962,0.001330
4,5,9,1,0|1|1|0|2,0|0|1|1|3,0,10,3.944974,0.001348,10,3.945727,0.001620
4,5,9,1,0|1|1|0|3,0|0|1|1|2,0,10,3.945170,0.001076,10,3.945401,0.000799
4,5,9,1,0|1|1|0|4,0|0|1|1|1,0,10,3.944845,0.001308,10,3.944747,0.001514
4,5,9,1,0|1|1|0|5,0|0|1|1|0,0,10,3.943257,0.001249,10,3.942893,0.000852
4,5,9,1,0|1|1|0|0,0|0|1|2|4,0,10,3.948248,0.001290,10,3.949202,0.001368
4,5,9,1,0|1|1|0|1,0|0|1|2|3,0,10,3.949924,0.001095,10,3.948799,0.001560
4,5,9,1,0|1|1|0|2,0|0|1|2|2,0,10,3.948984,0.001272,10,3.948346,0.000991
4,5,9,1,0|1|1|0|3,0|0|1|2|1,0,10,3.948186,0.001211,10,3.948050,0.000746
4,5,9,1,0|1|1|0|4,0|0|1|2|0,0,10,3.945997,0.001330,10,3.946042,0.001208
4,5,9,1,0|1|1|0|0,0|0|1|3|3,0,10,3.948321,0.001174,10,3.948106,0.000522
4,5,9,1,0|1|1|0|1,0|0|1|3|2,0,10,3.949497,0.001416,10,3.948745,0.001075
4,5,9,1,0|1|1|0|2,0|0|1|3|1,0,10,3.947710,0.001333,10,3.948653,0.001246
4,5,9,1,0|1|1|0|3,0|0|1|3|0,0,10,3.944908,0.001364,10,3.945000,0.001361
4,5,9,1,0|1|1|0|0,0|0|1|4|2,0,10,3.944917,0.001339,10,3.945064,0.001263
4,5,9,1,0|1|1|0|1,0|0|1|4|1,0,10,3.944762,0.000719,10,3.944919,0.000833
4,5,9,1,0|1|1|0|2,0|0|1|4|0,0,10,3.940526,0.001094,10,3.940361,0.000971
4,5,9,1,0|1|1|0|0,0|0|1|5|1,0,10,3.934111,0.000822,10,3.934703,0.000898
4,5,9,1,0|1|1|0|1,0|0|1|5|0,0,10,3.929666,0.000484,10,3.929152,0.000845
4,5,9,1,0|1|1|0|0,0|0|1|6|0,0,10,3.889757,0.000721,10,3.890140,0.000914
4,5,9,1,0|1|1|1|0,0|0|1|0|5,0,10,3.941882,0.001226,10,3.942234,0.001210
4,5,9,1,0|1|1|1|1,0|0|1|0|4,0,10,3.942085,0.001185,10,3.941497,0.001008
4,5,9,1,0|1|1|1|2,0|0|1|0|3,0,10,3.941630,0.001544,10,3.941618,0.001237
4,5,9,1,0|1|1|1|3,0|0|1|0|2,0,10,3.940898,0.001261,10,3.940795,0.000980
4,5,9,1,0|1|1|1|4,0|0|1|0|1,0,10,3.939913,0.000945,10,3.939409,0.001289
4,5,9,1,0|1|1|1|5,0|0|1|0|0,0,10,3.938028,0.001332,10,3.937562,0.000907
4,5,9,1,0|1|1|1|0,0|0|1|1|4,0,10,3.947709,0.000936,10,3.947740,0.000863
4,5,9,1,0|1|1|1|1,0|0|1|1|3,0,10,3.948418,0.001136,10,3.948298,0.001230
4,5,9,1,0|1|1|1|2,0|0|1|1|2,0,10,3.947911,0.001365,10,3.947523,0.001200
4,5,9,1,0|1|1|1|3,0|0|1|1|1,0,10,3.946649,0.001041,10,3.946425,0.001322
4,5,9,1,0|1|1|1|4,0|0|1|1|0,0,10,3.944878,0.001369,10,3.945373,0.001058
4,5,9,1,0|1|1|1|0,0|0|1|2|3,0,10,3.948437,0.001388,10,3.948168,0.001517
4,5,9,1,0|1|1|1|1,0|0|1|2|2,0,10,3.949303,0.000681,10,3.948887,0.001120
4,5,9,1,0|1|1|1|2,0|0|1|2|1,0,10,3.947344,0.001297,10,3.947374,0.001455
4,5,9,1,0|1|1|1|3,0|0|1|2|0,0,10,3.943898,0.001592,10,3.944924,0.001023
4,5,9,1,0|1|1|1|0,0|0|1|3|2,0,10,3.944886,0.001523,10,3.944564,0.000951
4,5,9,1,0|1|1|1|1,0|0|1|3|1,0,10,3.944894,0.001475,10,3.944604,0.000991
4,5,9,1,0|1|1|1|2,0|0|1|3|0,0,10,3.940023,0.001582,10,3.940737,0.000888
4,5,9,1,0|1|1|1|0,0|0|1|4|1,0,10,3.934593,0.001016,10,3.934002,0.000761
4,5,9,1,0|1|1|1|1,0|0|1|4|0,0,10,3.929188,0.001048,10,3.928995,0.000959
4,5,9,1,0|1|1|1|0,0|0|1|5|0,0,10,3.891358,0.000714,10,3.891009,0.000847
4,5,9,1,0|1|1|2|0,0|0|1|0|4,0,10,3.944410,0.001095,10,3.944119,0.001071
4,5,9,1,0|1|1|2|1,0|0|1|0|3,0,10,3.945913,0.001156,10,3.945014,0.000869
4,5,9,1,0|1|1|2|2,0|0|1|0|2,0,10,3.943490,0.000922,10,3.943760,0.000638
4,5,9,1,0|1|1|2|3,0|0|1|0|1,0,10,3.941320,0.001292,10,3.941506,0.001234
4,5,9,1,0|1|1|2|4,0|0|1|0|0,0,10,3.938520,0.000785,10,3.939098,0.001115
4,5,9,1,0|1|1|2|0,0|0|1|1|3,0,10,3.946251,0.001011,10,3.947110,0.000987
4,5,9,1,0|1|1|2|1,0|0|1|1|2,0,10,3.946783,0.000856,10,3.946768,0.001438
4,5,9,1,0|1|1|2|2,0|0|1|1|1,0,10,3.944868,0.001376,10,3.945666,0.001123
4,5,9,1,0|1|1|2|3,0|0|1|1|0,0,10,3.941541,0.001190,10,3.941731,0.001412
4,5,9,1,0|1|1|2|0,0|0|1|2|2,0,10,3.943246,0.000877,10,3.943449,0.001061
4,5,9,1,0|1|1|2|1,0|0|1|2|1,0,10,3.942918,0.000943,10,3.943200,0.001179
4,5,9,1,0|1|1|2|2,0|0|1|2|0,0,10,3.937846,0.000822,10,3.938090,0.000817
4,5,9,1,0|1|1|2|0,0|0|1|3|1,0,10,3.932949,0.000987,10,3.932855,0.000924
4,5,9,1,0|1|1|2|1,0|0|1|3|0,0,10,3.927944,0.000855,10,3.927365,0.000656
4,5,9,1,0|1|1|2|0,0|0|1|4|0,0,10,3.889618,0.000622,10,3.890047,0.000400
4,5,9,1,0|1|1|3|0,0|0|1|0|3,0,10,3.943918,0.000745,10,3.943807,0.001257
4,5,9,1,0|1|1|3|1,0|0|1|0|2,0,10,3.943217,0.001081,10,3.943739,0.001147
4,5,9,1,0|1|1|3|2,0|0|1|0|1,0,10,3.941867,0.000985,10,3.941274,0.001107
4,5,9,1,0|1|1|3|3,0|0|1|0|0,0,10,3.935990,0.000486,10,3.936822,0.001351
4,5,9,1,0|1|1|3|0,0|0|1|1|2,0,10,3.942255,0.000941,10,3.942616,0.000834
4,5,9,1,0|1|1|3|1,0|0|1|1|1,0,10,3.941271,0.001195,10,3.941643,0.000806
4,5,9,1,0|1|1|3|2,0|0|1|1|0,0,10,3.936134,0.000789,10,3.935915,0.000698
4,5,9,1,0|1|1|3|0,0|0|1|2|1,0,10,3.931006,0.001112,10,3.931332,0.000676
4,5,9,1,0|1|1|3|1,0|0|1|2|0,0,10,3.925725,0.001065,10,3.926028,0.000616
4,5,9,1,0|1|1|3|0,0|0|1|3|0,0,10,3.888081,0.000516,10,3.888045,0.000578
4,5,9,1,0|1|1|4|0,0|0|1|0|2,0,10,3.939217,0.001218,10,3.938787,0.001014
4,5,9,1,0|1|1|4|1,0|0|1|0|1,0,10,3.938359,0.001015,10,3.938729,0.000847
4,5,9,1,0|1|1|4|2,0|0|1|0|0,0,10,3.931462,0.001038,10,3.931368,0.001194
4,5,9,1,0|1|1|4|0,0|0|1|1|1,0,10,3.929134,0.000983,10,3.929149,0.000556
4,5,9,1,0|1|1|4|1,0|0|1|1|0,0,10,3.923316,0.000769,10,3.923525,0.000813
4,5,9,1,0|1|1|4|0,0|0|1|2|0,0,10,3.886244,0.000576,10,3.885985,0.000764
4,5,9,1,0|1|1|5|0,0|0|1|0|1,0,10,3.926893,0.000684,10,3.926588,0.000625
4,5,9,1,0|1|1|5|1,0|0|1|0|0,0,10,3.919737,0.000813,10,3.919337,0.000791
4,5,9,1,0|1|1|5|0,0|0|1|1|0,0,10,3.884065,0.000445,10,3.883627,0.000618
4,5,9,1,0|1|1|6|0,0|0|1|0|0,0,10,3.879485,0.000829,10,3.879154,0.000756
4,5,9,1,0|1|1|0|0,0|0|2|0|5,0,10,3.923707,0.001504,10,3.923733,0.000884
4,5,9,1,0|1|1|0|1,0|0|2|0|4,0,10,3.924760,0.001074,10,3.924400,0.001364
4,5,9,1,0|1|1|0|2,0|0|2|0|3,0,10,3.924471,0.000741,10,3.923535,0.001351
4,5,9,1,0|1|1|0|3,0|0|2|0|2,0,10,3.922639,0.001291,10,3.923061,0.001122
4,5,9,1,0|1|1|0|4,0|0|2|0|1,0,10,3.921143,0.001128,10,3.921711,0.000683
4,5,9,1,0|1|1|0|5,0|0|2|0|0,0,10,3.917302,0.000709,10,3.917514,0.001419
4,5,9,1,0|1|1|0|0,0|0|2|1|4,0,10,3.941981,0.001549,10,3.943412,0.001297
4,5,9,1,0|1|1|0|1,0|0|2|1|3,0,10,3.942745,0.001243,10,3.943143,0.001182
4,5,9,1,0|1|1|0|2,0|0|2|1|2,0,10,3.942513,0.001097,10,3.942558,0.000934
4,5,9,1,0|1|1|0|3,0|0|2|1|1,0,10,3.940845,0.000924,10,3.940202,0.001200
4,5,9,1,0|1|1|0|4,0|0|2|1|0,0,10,3.938701,0.000928,10,3.937922,0.000593
4,5,9,1,0|1|1|0|0,0|0|2|2|3,0,10,3.945085,0.001064,10,3.944459,0.001593
4,5,9,1,0|1|1|0|1,0|0|2|2|2,0,10,3.945091,0.001461,10,3.945647,0.001237
4,5,9,1,0|1|1|0|2,0|0|2|2|1,0,10,3.943468,0.001293,10,3.944017,0.001294
4,5,9,1,0|1|1|0|3,0|0|2|2|0,0,10,3.940482,0.000918,10,3.940402,0.000517
4,5,9,1,0|1|1|0|0,0|0|2|3|2,0,10,3.941843,0.000920,10,3.941775,0.001155
4,5,9,1,0|1|1|0|1,0|0|2|3|1,0,10,3.941857,0.000979,10,3.941616,0.000700
4,5,9,1,0|1|1|0|2,0|0|2|3|0,0,10,3.936625,0.000815,10,3.937560,0.000847
4,5,9,1,0|1|1|0|0,0|0|2|4|1,0,10,3.930967,0.001140,10,3.931022,0.000943
4,5,9,1,0|1|1|0|1,0|0|2|4|0,0,10,3.925409,0.001261,10,3.926032,0.001010
4,5,9,1,0|1|1|0|0,0|0|2|5|0,0,10,3.885181,0.000521,10,3.885163,0.000533
4,5,9,1,0|1|1|1|0,0|0|2|0|4,0,10,3.938159,0.001371,10,3.937893,0.001279
4,5,9,1,0|1|1|1|1,0|0|2|0|3,0,10,3.938543,0.000846,10,3.939111,0.001245
4,5,9,1,0|1|1|1|2,0|0|2|0|2,0,10,3.937498,0.000896,10,3.937120,0.000990
4,5,9,1,0|1|1|1|3,0|0|2|0|1,0,10,3.935041,0.001001,10,3.935788,0.001042
4,5,9,1,0|1|1|1|4,0|0|2|0|0,0,10,3.931442,0.001567,10,3.931585,0.001206
4,5,9,1,0|1|1|1|0,0|0|2|1|3,0,10,3.943479,0.001258,10,3.944141,0.000896
4,5,9,1,0|1|1|1|1,0|0|2|1|2,0,10,3.944198,0.000445,10,3.944139,0.001360
4,5,9,1,0|1|1|1|2,0|0|2|1|1,0,10,3.942513,0.001442,10,3.941971,0.001302
4,5,9,1,0|1|1|1|3,0|0|2|1|0,0,10,3.938412,0.001144,10,3.939140,0.000776
4,5,9,1,0|1|1|1|0,0|0|2|2|2,0,10,3.941643,0.001021,10,3.942020,0.000687
4,5,9,1,0|1|1|1|1,0|0|2|2|1,0,10,3.941314,0.000912,10,3.940985,0.001011
4,5,9,1,0|1|1|1|2,0|0|2|2|0,0,10,3.935880,0.000770,10,3.935888,0.000914
4,5,9,1,0|1|1|1|0,0|0|2|3|1,0,10,3.930940,0.000866,10,3.930958,0.000654
4,5,9,1,0|1|1|1|1,0|0|2|3|0,0,10,3.925431,0.000621,10,3.925062,0.000887
4,5,9,1,0|1|1|1|0,0|0|2|4|0,0,10,3.886295,0.000662,10,3.886813,0.000829
4,5,9,1,0|1|1|2|0,0|0|2|0|3,0,10,3.939646,0.001395,10,3.939067,0.000680
4,5,9,1,0|1|1|2|1,0|0|2|0|2,0,10,3.939424,0.000742,10,3.939213,0.000945
4,5,9,1,0|1|1|2|2,0|0|2|0|1,0,10,3.935845,0.000963,10,3.935930,0.001007
4,5,9,1,0|1|1|2|3,0|0|2|0|0,0,10,3.930782,0.001145,10,3.930173,0.001085
4,5,9,1,0|1|1|2|0,0|0|2|1|2,0,10,3.939114,0.000870,10,3.938903,0.001660
4,5,9,1,0|1|1|2|1,0|0|2|1|1,0,10,3.939190,0.000818,10,3.938929,0.001032
4,5,9,1,0|1|1|2|2,0|0|2|1|0,0,10,3.932439,0.000850,10,3.932584,0.001028
4,5,9,1,0|1|1|2|0,0|0|2|2|1,0,10,3.928333,0.000920,10,3.928461,0.000838
4,5,9,1,0|1|1|2|1,0|0|2|2|0,0,10,3.923137,0.000771,10,3.923151,0.000785
4,5,9,1,0|1|1|2|0,0|0|2|3|0,0,10,3.883760,0.000533,10,3.883803,0.000548
4,5,9,1,0|1|1|3|0,0|0|2|0|2,0,10,3.934735,0.000700,10,3.934729,0.001247
4,5,9,1,0|1|1|3|1,0|0|2|0|1,0,10,3.933889,0.000968,10,3.934212,0.001633
4,5,9,1,0|1|1|3|2,0|0|2|0|0,0,10,3.925019,0.000439,10,3.924969,0.000959
4,5,9,1,0|1|1|3|0,0|0|2|1|1,0,10,3.926334,0.001060,10,3.926598,0.001325
4,5,9,1,0|1|1|3|1,0|0|2|1|0,0,10,3.919509,0.000803,10,3.919420,0.000999
4,5,9,1,0|1|1|3|0,0|0|2|2|0,0,10,3.881663,0.000743,10,3.881456,0.000762
4,5,9,1,0|1|1|4|0,0|0|2|0|1,0,10,3.921930,0.000844,10,3.921614,0.000808
4,5,9,1,0|1|1|4|1,0|0|2|0|0,0,10,3.913471,0.000922,10,3.913631,0.000695
4,5,9,1,0|1|1|4|0,0|0|2|1|0,0,10,3.877922,0.000595,10,3.877278,0.000840
4,5,9,1,0|1|1|5|0,0|0|2|0|0,0,10,3.871267,0.000651,10,3.870634,0.000528
4,5,9,1,0|1|1|0|0,0|0|3|0|4,0,10,3.917336,0.001356,10,3.917152,0.000883
4,5,9,1,0|1|1|0|1,0|0|3|0|3,0,10,3.918454,0.000572,10,3.918658,0.001429
4,5,9,1,0|1|1|0|2,0|0|3|0|2,0,10,3.916991,0.001132,10,3.916328,0.000955
4,5,9,1,0|1|1|0|3,0|0|3|0|1,0,10,3.913228,0.000937,10,3.913043,0.001258
4,5,9,1,0|1|1|0|4,0|0|3|0|0,0,10,3.906322,0.000925,10,3.907255,0.000890
4,5,9,1,0|1|1|0|0,0|0|3|1|3,0,10,3.936318,0.001390,10,3.935884,0.001120
4,5,9,1,0|1|1|0|1,0|0|3|1|2,0,10,3.936754,0.001075,10,3.936941,0.001193
4,5,9,1,0|1|1|0|2,0|0|3|1|1,0,10,3.935138,0.000412,10,3.934673,0.000725
4,5,9,1,0|1|1|0|3,0|0|3|1|0,0,10,3.929490,0.001135,10,3.929925,0.001166
4,5,9,1,0|1|1|0|0,0|0|3|2|2,0,10,3.936189,0.001010,10,3.936008,0.000863
4,5,9,1,0|1|1|0|1,0|0|3|2|1,0,10,3.936028,0.001197,10,3.935793,0.000621
4,5,9,1,0|1|1|0|2,0|0|3|2|0,0,10,3.929006,0.001181,10,3.928478,0.000930
4,5,9,1,0|1|1|0|0,0|0|3|3|1,0,10,3.924681,0.000903,10,3.925187,0.000540
4,5,9,1,0|1|1|0|1,0|0|3|3|0,0,10,3.917585,0.000517,10,3.918157,0.000613
4,5,9,1,0|1|1|0|0,0|0|3|4|0,0,10,3.874004,0.000414,10,3.874457,0.000627
4,5,9,1,0|1|1|1|0,0|0|3|0|3,0,10,3.931230,0.000947,10,3.930746,0.001429
4,5,9,1,0|1|1|1|1,0|0|3|0|2,0,10,3.930192,0.000792,10,3.930565,0.000650
4,5,9,1,0|1|1|1|2,0|0|3|0|1,0,10,3.926067,0.000606,10,3.926831,0.001044
4,5,9,1,0|1|1|1|3,0|0|3|0|0,0,10,3.919855,0.000723,10,3.919806,0.000643
4,5,9,1,0|1|1|1|0,0|0|3|1|2,0,10,3.934302,0.001363,10,3.934623,0.001318
4,5,9,1,0|1|1|1|1,0|0|3|1|1,0,10,3.933695,0.001044,10,3.932989,0.000866
4,5,9,1,0|1|1|1|2,0|0|3|1|0,0,10,3.925462,0.000798,10,3.926405,0.000647
4,5,9,1,0|1|1|1|0,0|0|3|2|1,0,10,3.923887,0.000832,10,3.923935,0.000816
4,5,9,1,0|1|1|1|1,0|0|3|2|0,0,10,3.916613,0.000664,10,3.917092,0.000710
4,5,9,1,0|1|1|1|0,0|0|3|3|0,0,10,3.875270,0.000638,10,3.875300,0.000720
4,5,9,1,0|1|1|2|0,0|0|3|0|2,0,10,3.927550,0.001011,10,3.927691,0.000871
4,5,9,1,0|1|1|2|1,0|0|3|0|1,0,10,3.925512,0.001315,10,3.925440,0.000675
4,5,9,1,0|1|1|2|2,0|0|3|0|0,0,10,3.914986,0.000824,10,3.914405,0.000800
4,5,9,1,0|1|1|2|0,0|0|3|1|1,0,10,3.920120,0.000596,10,3.920315,0.000677
4,5,9,1,0|1|1|2|1,0|0|3|1|0,0,10,3.911333,0.000702,10,3.911902,0.001055
4,5,9,1,0|1|1|2|0,0|0|3|2|0,0,10,3.872292,0.001050,10,3.871557,0.000800
4,5,9,1,0|1|1|3|0,0|0|3|0|1,0,10,3.912622,0.000983,10,3.912260,0.000661
4,5,9,1,0|1|1|3|1,0|0|3|0|0,0,10,3.902038,0.000706,10,3.902259,0.000562
4,5,9,1,0|1|1|3|0,0|0|3|1|0,0,10,3.866454,0.000508,10,3.866137,0.000841
4,5,9,1,0|1|1|4|0,0|0|3|0|0,0,10,3.856270,0.000558,10,3.856141,0.000456
4,5,9,1,0|1|1|0|0,0|0|4|0|3,0,10,3.904924,0.000934,10,3.904745,0.000886
4,5,9,1,0|1|1|0|1,0|0|4|0|2,0,10,3.905150,0.001096,10,3.905150,0.000918
4,5,9,1,0|1|1|0|2,0|0|4|0|1,0,10,3.899259,0.000975,10,3.899918,0.000834
4,5,9,1,0|1|1|0|3,0|0|4|0|0,0,10,3.887416,0.000936,10,3.886855,0.000870
4,5,9,1,0|1|1|0|0,0|0|4|1|2,0,10,3.922203,0.001031,10,3.922855,0.000736
4,5,9,1,0|1|1|0|1,0|0|4|1|1,0,10,3.921569,0.000592,10,3.921855,0.001115
4,5,9,1,0|1|1|0|2,0|0|4|1|0,0,10,3.912572,0.000937,10,3.912522,0.000650
4,5,9,1,0|1|1|0|0,0|0|4|2|1,0,10,3.912942,0.001041,10,3.912632,0.000647
4,5,9,1,0|1|1|0|1,0|0|4|2|0,0,10,3.903752,0.001118,10,3.903715,0.000819
4,5,9,1,0|1|1|0|0,0|0|4|3|0,0,10,3.856606,0.000536,10,3.856347,0.000690
4,5,9,1,0|1|1|1|0,0|0|4|0|2,0,10,3.914550,0.000867,10,3.913815,0.000735
4,5,9,1,0|1|1|1|1,0|0|4|0|1,0,10,3.910258,0.000920,10,3.910396,0.000515
4,5,9,1,0|1|1|1|2,0|0|4|0|0,0,10,3.897189,0.000802,10,3.897583,0.000896
4,5,9,1,0|1|1|1|0,0|0|4|1|1,0,10,3.909002,0.000626,10,3.909827,0.000929
4,5,9,1,0|1|1|1|1,0|0|4|1|0,0,10,3.899012,0.001154,10,3.898764,0.000911
4,5,9,1,0|1|1|1|0,0|0|4|2|0,0,10,3.856179,0.000550,10,3.855932,0.000503
4,5,9,1,0|1|1|2|0,0|0|4|0|1,0,10,3.898458,0.000588,10,3.898444,0.000413
4,5,9,1,0|1|1|2|1,0|0|4|0|0,0,10,3.883703,0.000711,10,3.883572,0.000875
4,5,9,1,0|1|1|2|0,0|0|4|1|0,0,10,3.848479,0.000284,10,3.848773,0.000519
4,5,9,1,0|1|1|3|0,0|0|4|0|0,0,10,3.833979,0.000477,10,3.833553,0.000570
4,5,9,1,0|1|1|0|0,0|0|5|0|2,0,10,3.876846,0.000774,10,3.876796,0.001080
4,5,9,1,0|1|1|0|1,0|0|5|0|1,0,10,3.874201,0.000730,10,3.873905,0.000844
4,5,9,1,0|1|1|0|2,0|0|5|0|0,0,10,3.852808,0.000347,10,3.853724,0.000875
4,5,9,1,0|1|1|0|0,0|0|5|1|1,0,10,3.887362,0.000965,10,3.886713,0.000768
4,5,9,1,0|1|1|0|1,0|0|5|1|0,0,10,3.874168,0.000706,10,3.874100,0.000772
4,5,9,1,0|1|1|0|0,0|0|5|2|0,0,10,3.825803,0.000712,10,3.825571,0.000524
4,5,9,1,0|1|1|1|0,0|0|5|0|1,0,10,3.872196,0.000691,10,3.872781,0.000726
4,5,9,1,0|1|1|1|1,0|0|5|0|0,0,10,3.852860,0.000678,10,3.852604,0.000475
4,5,9,1,0|1|1|1|0,0|0|5|1|0,0,10,3.820170,0.000511,10,3.819969,0.000393
4,5,9,1,0|1|1|2|0,0|0|5|0|0,0,10,3.799244,0.000440,10,3.799024,0.000660
4,5,9,1,0|1|1|0|0,0|0|6|0|1,0,10,3.808949,0.000595,10,3.808965,0.000487
4,5,9,1,0|1|1|0|1,0|0|6|0|0,0,10,3.782828,0.000407,10,3.782745,0.000660
4,5,9,1,0|1|1|0|0,0|0|6|1|0,0,10,3.764183,0.000397,10,3.764183,0.000366
4,5,9,1,0|1|1|1|0,0|0|6|0|0,0,10,3.737296,0.000282,10,3.737275,0.000354
4,5,9,1,0|1|1|0|0,0|0|7|0|0,0,10,3.582926,0.000495,10,3.582675,0.000536
4,5,9,1,0|1|2|0|0,0|0|0|0|6,0,10,3.925155,0.001340,10,3.925384,0.001783
4,5,9,1,0|1|2|0|1,0|0|0|0|5,0,10,3.926525,0.001517,10,3.926911,0.000894
4,5,9,1,0|1|2|0|2,0|0|0|0|4,0,10,3.926248,0.001440,10,3.925965,0.001354
4,5,9,1,0|1|2|0|3,0|0|0|0|3,0,10,3.925475,0.001306,10,3.925241,0.001504
4,5,9,1,0|1|2|0|4,0|0|0|0|2,0,10,3.925005,0.001365,10,3.924615,0.001043
4,5,9,1,0|1|2|0|5,0|0|0|0|1,0,10,3.922999,0.001492,10,3.922837,0.001350
4,5,9,1,0|1|2|0|6,0|0|0|0|0,0,10,3.921033,0.001604,10,3.921182,0.001542
4,5,9,1,0|1|2|0|0,0|0|0|1|5,0,10,3.944236,0.001238,10,3.943550,0.001244
4,5,9,1,0|1|2|0|1,0|0|0|1|4,0,10,3.944780,0.001335,10,3.944777,0.001193
4,5,9,1,0|1|2|0|2,0|0|0|1|3,0,10,3.944601,0.001857,10,3.944590,0.001377
4,5,9,1,0|1|2|0|3,0|0|0|1|2,0,10,3.943495,0.000679,10,3.943597,0.001581
4,5,9,1,0|1|2|0|4,0|0|0|1|1,0,10,3.943440,0.001352,10,3.944062,0.001341
4,5,9,1,0|1|2|0|5,0|0|0|1|0,0,10,3.941675,0.000796,10,3.941393,0.000756
4,5,9,1,0|1|2|0|0,0|0|0|2|4,0,10,3.947677,0.001536,10,3.947973,0.001106
4,5,9,1,0|1|2|0|1,0|0|0|2|3,0,10,3.946965,0.001030,10,3.948260,0.000996
4,5,9,1,0|1|2|0|2,0|0|0|2|2,0,10,3.946941,0.001079,10,3.947943,0.000920
4,5,9,1,0|1|2|0|3,0|0|0|2|1,0,10,3.947099,0.001740,10,3.945900,0.000862
4,5,9,1,0|1|2|0|4,0|0|0|2|0,0,10,3.944860,0.001173,10,3.944885,0.000673
4,5,9,1,0|1|2|0|0,0|0|0|3|3,0,10,3.947041,0.001177,10,3.946977,0.000827
4,5,9,1,0|1|2|0|1,0|0|0|3|2,0,10,3.947960,0.000895,10,3.947514,0.001025
4,5,9,1,0|1|2|0|2,0|0|0|3|1,0,10,3.946269,0.001255,10,3.946372,0.001066
4,5,9,1,0|1|2|0|3,0|0|0|3|0,0,10,3.943043,0.000895,10,3.942884,0.001330
4,5,9,1,0|1|2|0|0,0|0|0|4|2,0,10,3.943220,0.001005,10,3.942511,0.001514
4,5,9,1,0|1|2|0|1,0|0|0|4|1,0,10,3.943659,0.001202,10,3.942598,0.001425
4,5,9,1,0|1|2|0|2,0|0|0|4|0,0,10,3.938439,0.001001,10,3.938110,0.000737
4,5,9,1,0|1|2|0|0,0|0|0|5|1,0,10,3.931656,0.001081,10,3.932418,0.001142
4,5,9,1,0|1|2|0|1,0|0|0|5|0,0,10,3.926823,0.000776,10,3.926345,0.000901
4,5,9,1,0|1|2|0|0,0|0|0|6|0,0,10,3.885889,0.000948,10,3.885507,0.000726
4,5,9,1,0|1|2|1|0,0|0|0|0|5,0,10,3.940440,0.000974,10,3.940523,0.001060
4,5,9,1,0|1|2|1|1,0|0|0|0|4,0,10,3.940610,0.001563,10,3.940483,0.001119
4,5,9,1,0|1|2|1|2,0|0|0|0|3,0,10,3.940555,0.001025,10,3.940351,0.001202
4,5,9,1,0|1|2|1|3,0|0|0|0|2,0,10,3.939351,0.001326,10,3.938074,0.001441
4,5,9,1,0|1|2|1|4,0|0|0|0|1,0,10,3.937872,0.001216,10,3.937431,0.001058
4,5,9,1,0|1|2|1|5,0|0|0|0|0,0,10,3.934832,0.000724,10,3.935779,0.000961
4,5,9,1,0|1|2|1|0,0|0|0|1|4,0,10,3.946896,0.001521,10,3.946249,0.001106
4,5,9,1,0|1|2|1|1,0|0|0|1|3,0,10,3.946999,0.001312,10,3.947388,0.001556
4,5,9,1,0|1|2|1|2,0|0|0|1|2,0,10,3.946042,0.001372,10,3.946295,0.001153
4,5,9,1,0|1|2|1|3,0|0|0|1|1,0,10,3.945517,0.000884,10,3.944553,0.001581
4,5,9,1,0|1|2|1|4,0|0|0|1|0,0,10,3.942681,0.001011,10,3.942575,0.000949
4,5,9,1,0|1|2|1|0,0|0|0|2|3,0,10,3.946326,0.001200,10,3.946536,0.000948
4,5,9,1,0|1|2|1|1,0|0|0|2|2,0,10,3.947348,0.001010,10,3.946875,0.001852
4,5,9,1,0|1|2|1|2,0|0|0|2|1,0,10,3.945057,0.001101,10,3.945601,0.000983
4,5,9,1,0|1|2|1|3,0|0|0|2|0,0,10,3.942347,0.000954,10,3.942981,0.000964
4,5,9,1,0|1|2|1|0,0|0|0|3|2,0,10,3.943897,0.001672,10,3.942956,0.001030
4,5,9,1,0|1|2|1|1,0|0|0|3|1,0,10,3.942919,0.000760,10,3.942691,0.001362
4,5,9,1,0|1|2|1|2,0|0|0|3|0,0,10,3.937916,0.000757,10,3.937886,0.000774
4,5,9,1,0|1|2|1|0,0|0|0|4|1,0,10,3.931742,0.000906,10,3.932025,0.001067
4,5,9,1,0|1|2|1|1,0|0|0|4|0,0,10,3.926594,0.000855,10,3.926036,0.000661
4,5,9,1,0|1|2|1|0,0|0|0|5|0,0,10,3.886895,0.000638,10,3.887089,0.000567
4,5,9,1,0|1|2|2|0,0|0|0|0|4,0,10,3.942422,0.001662,10,3.942447,0.000918
4,5,9,1,0|1|2|2|1,0|0|0|0|3,0,10,3.943422,0.001553,10,3.943447,0.001129
4,5,9,1,0|1|2|2|2,0|0|0|0|2,0,10,3.941166,0.001211,10,3.940926,0.001512
4,5,9,1,0|1|2|2|3,0|0|0|0|1,0,10,3.939718,0.001164,10,3.939043,0.002025
4,5,9,1,0|1|2|2|4,0|0|0|0|0,0,10,3.935615,0.000916,10,3.935828,0.000845
4,5,9,1,0|1|2|2|0,0|0|0|1|3,0,10,3.945199,0.001591,10,3.945347,0.001150
4,5,9,1,0|1|2|2|1,0|0|0|1|2,0,10,3.944781,0.001419,10,3.946070,0.001234
4,5,9,1,0|1|2|2|2,0|0|0|1|1,0,10,3.943719,0.000668,10,3.943336,0.000987
4,5,9,1,0|1|2|2|3,0|0|0|1|0,0,10,3.939175,0.001144,10,3.940013,0.001077
4,5,9,1,0|1|2|2|0,0|0|0|2|2,0,10,3.941674,0.000930,10,3.942372,0.000958
4,5,9,1,0|1|2|2|1,0|0|0|2|1,0,10,3.941452,0.000674,10,3.940769,0.000921
4,5,9,1,0|1|2|2|2,0|0|0|2|0,0,10,3.935455,0.001373,10,3.935733,0.000932
4,5,9,1,0|1|2|2|0,0|0|0|3|1,0,10,3.930491,0.001161,10,3.930055,0.000778
4,5,9,1,0|1|2|2|1,0|0|0|3|0,0,10,3.924317,0.000755,10,3.924087,0.000811
4,5,9,1,0|1|2|2|0,0|0|0|4|0,0,10,3.884867,0.000723,10,3.884971,0.000805
4,5,9,1,0|1|2|3|0,0|0|0|0|3,0,10,3.940595,0.000952,10,3.940967,0.001566
4,5,9,1,0|1|2|3|1,0|0|0|0|2,0,10,3.940858,0.000676,10,3.941120,0.001017
4,5,9,1,0|1|2|3|2,0|0|0|0|1,0,10,3.938562,0.000854,10,3.938374,0.001136
4,5,9,1,0|1|2|3|3,0|0|0|0|0,0,10,3.932369,0.000998,10,3.932311,0.000576
4,5,9,1,0|1|2|3|0,0|0|0|1|2,0,10,3.939854,0.000990,10,3.939451,0.000998
4,5,9,1,0|1|2|3|1,0|0|0|1|1,0,10,3.938399,0.001296,10,3.938891,0.001017
4,5,9,1,0|1|2|3|2,0|0|0|1|0,0,10,3.933145,0.000972,10,3.932495,0.001098
4,5,9,1,0|1|2|3|0,0|0|0|2|1,0,10,3.928274,0.000748,10,3.928034,0.000625
4,5,9,1,0|1|2|3|1,0|0|0|2|0,0,10,3.921778,0.000569,10,3.921782,0.001082
4,5,9,1,0|1|2|3|0,0|0|0|3|0,0,10,3.882930,0.000630,10,3.883269,0.000555
4,5,9,1,0|1|2|4|0,0|0|0|0|2,0,10,3.935861,0.000770,10,3.935920,0.000903
4,5,9,1,0|1|2|4|1,0|0|0|0|1,0,10,3.935496,0.000709,10,3.935466,0.000667
4,5,9,1,0|1|2|4|2,0|0|0|0|0,0,10,3.926655,0.000762,10,3.927347,0.001155
4,5,9,1,0|1|2|4|0,0|0|0|1|1,0,10,3.925756,0.000887,10,3.926562,0.000407
4,5,9,1,0|1|2|4|1,0|0|0|1|0,0,10,3.918773,0.000628,10,3.918806,0.000961
4,5,9,1,0|1|2|4|0,0|0|0|2|0,0,10,3.880391,0.000602,10,3.880430,0.000611
4,5,9,1,0|1|2|5|0,0|0|0|0|1,0,10,3.922042,0.000663,10,3.921969,0.000644
4,5,9,1,0|1|2|5|1,0|0|0|0|0,0,10,3.914313,0.000714,10,3.914607,0.000661
4,5,9,1,0|1|2|5|0,0|0|0|1|0,0,10,3.877139,0.000504,10,3.877351,0.000584
4,5,9,1,0|1|2|6|0,0|0|0|0|0,0,10,3.871676,0.000547,10,3.872125,0.000598
4,5,9,1,0|1|2|0|0,0|0|1|0|5,0,10,3.924013,0.000878,10,3.923411,0.001636
4,5,9,1,0|1|2|0|1,0|0|1|0|4,0,10,3.924527,0.000628,10,3.924476,0.001481
4,5,9,1,0|1|2|0|2,0|0|1|0|3,0,10,3.922703,0.001391,10,3.923351,0.001214
4,5,9,1,0|1|2|0|3,0|0|1|0|2,0,10,3.922888,0.001067,10,3.922345,0.001622
4,5,9,1,0|1|2|0|4,0|0|1|0|1,0,10,3.919817,0.000960,10,3.919905,0.001121
4,5,9,1,0|1|2|0|5,0|0|1|0|0,0,10,3.916899,0.000980,10,3.915856,0.001176
4,5,9,1,0|1|2|0|0,0|0|1|1|4,0,10,3.941623,0.000873,10,3.942690,0.000532
4,5,9,1,0|1|2|0|1,0|0|1|1|3,0,10,3.942479,0.001354,10,3.943087,0.001270
4,5,9,1,0|1|2|0|2,0|0|1|1|2,0,10,3.941212,0.001278,10,3.941583,0.001151
4,5,9,1,0|1|2|0|3,0|0|1|1|1,0,10,3.939824,0.001189,10,3.940037,0.001138
4,5,9,1,0|1|2|0|4,0|0|1|1|0,0,10,3.937503,0.000852,10,3.937856,0.001238
4,5,9,1,0|1|2|0|0,0|0|1|2|3,0,10,3.943718,0.001147,10,3.943875,0.001160
4,5,9,1,0|1|2|0|1,0|0|1|2|2,0,10,3.944989,0.000797,10,3.944811,0.000988
4,5,9,1,0|1|2|0|2,0|0|1|2|1,0,10,3.942602,0.001269,10,3.943142,0.000998
4,5,9,1,0|1|2|0|3,0|0|1|2|0,0,10,3.939036,0.000874,10,3.938635,0.001002
4,5,9,1,0|1|2|0|0,0|0|1|3|2,0,10,3.941340,0.000883,10,3.940998,0.000700
4,5,9,1,0|1|2|0|1,0|0|1|3|1,0,10,3.940863,0.001271,10,3.940486,0.001288
4,5,9,1,0|1|2|0|2,0|0|1|3|0,0,10,3.935344,0.000935,10,3.935663,0.001166
4,5,9,1,0|1|2|0|0,0|0|1|4|1,0,10,3.930436,0.000908,10,3.930322,0.000800
4,5,9,1,0|1|2|0|1,0|0|1|4|0,0,10,3.924329,0.000911,10,3.924380,0.000580
4,5,9,1,0|1|2|0|0,0|0|1|5|0,0,10,3.883445,0.000363,10,3.883762,0.000693
4,5,9,1,0|1|2|1|0,0|0|1|0|4,0,10,3.937449,0.001167,10,3.937226,0.000698
4,5,9,1,0|1|2|1|1,0|0|1|0|3,0,10,3.937775,0.001046,10,3.937858,0.001543
4,5,9,1,0|1|2|1|2,0|0|1|0|2,0,10,3.936007,0.001065,10,3.936452,0.001088
4,5,9,1,0|1|2|1|3,0|0|1|0|1,0,10,3.933378,0.001163,10,3.933971,0.001028
4,5,9,1,0|1|2|1|4,0|0|1|0|0,0,10,3.929338,0.001170,10,3.929106,0.001229
4,5,9,1,0|1|2|1|0,0|0|1|1|3,0,10,3.943448,0.001301,10,3.943019,0.000813
4,5,9,1,0|1|2|1|1,0|0|1|1|2,0,10,3.943257,0.000889,10,3.943255,0.001573
4,5,9,1,0|1|2|1|2,0|0|1|1|1,0,10,3.940769,0.000454,10,3.941622,0.000963
4,5,9,1,0|1|2|1|3,0|0|1|1|0,0,10,3.937095,0.001029,10,3.936902,0.001531
4,5,9,1,0|1|2|1|0,0|0|1|2|2,0,10,3.939994,0.000757,10,3.941208,0.000950
4,5,9,1,0|1|2|1|1,0|0|1|2|1,0,10,3.940467,0.000617,10,3.940316,0.000432
4,5,9,1,0|1|2|1|2,0|0|1|2|0,0,10,3.934915,0.001027,10,3.934364,0.000877
4,5,9,1,0|1|2|1|0,0|0|1|3|1,0,10,3.930305,0.000931,10,3.929744,0.000543
4,5,9,1,0|1|2|1|1,0|0|1|3|0,0,10,3.924045,0.001174,10,3.923854,0.000589
4,5,9,1,0|1|2|1|0,0|0|1|4|0,0,10,3.884811,0.000621,10,3.884595,0.000625
4,5,9,1,0|1|2|2|0,0|0|1|0|3,0,10,3.937797,0.000938,10,3.938034,0.001005
4,5,9,1,0|1|2|2|1,0|0|1|0|2,0,10,3.938422,0.001625,10,3.937476,0.001366
4,5,9,1,0|1|2|2|2,0|0|1|0|1,0,10,3.934628,0.001254,10,3.934776,0.000559
4,5,9,1,0|1|2|2|3,0|0|1|0|0,0,10,3.927366,0.001392,10,3.927339,0.001150
4,5,9,1,0|1|2|2|0,0|0|1|1|2,0,10,3.938644,0.001375,10,3.937978,0.000717
4,5,9,1,0|1|2|2|1,0|0|1|1|1,0,10,3.936900,0.001027,10,3.937607,0.000801
4,5,9,1,0|1|2|2|2,0|0|1|1|0,0,10,3.930664,0.001098,10,3.930620,0.000987
4,5,9,1,0|1|2|2|0,0|0|1|2|1,0,10,3.927214,0.000829,10,3.927295,0.000388
4,5,9,1,0|1|2|2|1,0|0|1|2|0,0,10,3.920423,0.001118,10,3.920633,0.000329
4,5,9,1,0|1|2|2|0,0|0|1|3|0,0,10,3.882327,0.000817,10,3.882123,0.000735
4,5,9,1,0|1|2|3|0,0|0|1|0|2,0,10,3.933116,0.001009,10,3.933415,0.000965
4,5,9,1,0|1|2|3|1,0|0|1|0|1,0,10,3.931832,0.000928,10,3.931409,0.000567
4,5,9,1,0|1|2|3|2,0|0|1|0|0,0,10,3.922268,0.000960,10,3.922311,0.000639
4,5,9,1,0|1|2|3|0,0|0|1|1|1,0,10,3.924088,0.000740,10,3.924106,0.000675
4,5,9,1,0|1|2|3|1,0|0|1|1|0,0,10,3.916445,0.000812,10,3.917141,0.000712
4,5,9,1,0|1|2|3|0,0|0|1|2|0,0,10,3.878678,0.000379,10,3.878937,0.000676
4,5,9,1,0|1|2|4|0,0|0|1|0|1,0,10,3.918796,0.001150,10,3.918899,0.000909
4,5,9,1,0|1|2|4|1,0|0|1|0|0,0,10,3.909942,0.000478,10,3.910132,0.000617
4,5,9,1,0|1|2|4|0,0|0|1|1|0,0,10,3.874499,0.000638,10,3.874714,0.000862
4,5,9,1,0|1|2|5|0,0|0|1|0|0,0,10,3.867059,0.000689,10,3.866903,0.000725
4,5,9,1,0|1|2|0|0,0|0|2|0|4,0,10,3.916942,0.001046,10,3.917062,0.001438
4,5,9,1,0|1|2|0|1,0|0|2|0|3,0,10,3.918131,0.000860,10,3.917780,0.000931
4,5,9,1,0|1|2|0|2,0|0|2|0|2,0,10,3.915384,0.000797,10,3.915816,0.001050
4,5,9,1,0|1|2|0|3,0|0|2|0|1,0,10,3.912633,0.000813,10,3.911883,0.000805
4,5,9,1,0|1|2|0|4,0|0|2|0|0,0,10,3.905193,0.001075,10,3.904930,0.000833
4,5,9,1,0|1|2|0|0,0|0|2|1|3,0,10,3.936124,0.001307,10,3.935603,0.001194
4,5,9,1,0|1|2|0|1,0|0|2|1|2,0,10,3.936633,0.001255,10,3.936135,0.000834
4,5,9,1,0|1|2|0|2,0|0|2|1|1,0,10,3.934207,0.000898,10,3.934096,0.001030
4,5,9,1,0|1|2|0|3,0|0|2|1|0,0,10,3.928018,0.000882,10,3.928664,0.001158
4,5,9,1,0|1|2|0|0,0|0|2|2|2,0,10,3.934344,0.001134,10,3.935580,0.000972
4,5,9,1,0|1|2|0|1,0|0|2|2|1,0,10,3.935265,0.001144,10,3.934619,0.001242
4,5,9,1,0|1|2|0|2,0|0|2|2|0,0,10,3.926898,0.000756,10,3.927354,0.000646
4,5,9,1,0|1|2|0|0,0|0|2|3|1,0,10,3.923214,0.000547,10,3.923714,0.001239
4,5,9,1,0|1|2|0|1,0|0|2|3|0,0,10,3.916363,0.000673,10,3.916313,0.000798
4,5,9,1,0|1|2|0|0,0|0|2|4|0,0,10,3.872931,0.000823,10,3.873030,0.000825
4,5,9,1,0|1|2|1|0,0|0|2|0|3,0,10,3.929364,0.000697,10,3.929439,0.001772
4,5,9,1,0|1|2|1|1,0|0|2|0|2,0,10,3.928643,0.001533,10,3.928912,0.001111
4,5,9,1,0|1|2|1|2,0|0|2|0|1,0,10,3.924533,0.000851,10,3.924641,0.000866
4,5,9,1,0|1|2|1|3,0|0|2|0|0,0,10,3.917439,0.000951,10,3.916554,0.000914
4,5,9,1,0|1|2|1|0,0|0|2|1|2,0,10,3.933403,0.000659,10,3.933269,0.001034
4,5,9,1,0|1|2|1|1,0|0|2|1|1,0,10,3.932077,0.000784,10,3.931955,0.000839
4,5,9,1,0|1|2|1|2,0|0|2|1|0,0,10,3.924601,0.001064,10,3.924419,0.000790
4,5,9,1,0|1|2|1|0,0|0|2|2|1,0,10,3.922404,0.000925,10,3.922705,0.000600
4,5,9,1,0|1|2|1|1,0|0|2|2|0,0,10,3.914959,0.000848,10,3.914524,0.000663
4,5,9,1,0|1|2|1|0,0|0|2|3|0,0,10,3.873648,0.000477,10,3.873831,0.000571
4,5,9,1,0|1|2|2|0,0|0|2|0|2,0,10,3.925301,0.000865,10,3.925795,0.000847
4,5,9,1,0|1|2|2|1,0|0|2|0|1,0,10,3.923014,0.001310,10,3.923239,0.000870
4,5,9,1,0|1|2|2|2,0|0|2|0|0,0,10,3.911369,0.000857,10,3.911801,0.001222
4,5,9,1,0|1|2|2|0,0|0|2|1|1,0,10,3.917956,0.000833,10,3.918181,0.000741
4,5,9,1,0|1|2|2|1,0|0|2|1|0,0,10,3.909230,0.000629,10,3.909402,0.000548
4,5,9,1,0|1|2|2|0,0|0|2|2|0,0,10,3.869334,0.000427,10,3.869158,0.000600
4,5,9,1,0|1|2|3|0,0|0|2|0|1,0,10,3.910181,0.000898,10,3.909952,0.000794
4,5,9,1,0|1|2|3|1,0|0|2|0|0,0,10,3.898853,0.000766,10,3.898750,0.001003
4,5,9,1,0|1|2|3|0,0|0|2|1|0,0,10,3.863601,0.000780,10,3.863288,0.000761
4,5,9,1,0|1|2|4|0,0|0|2|0|0,0,10,3.852203,0.000475,10,3.852375,0.000653
4,5,9,1,0|1|2|0|0,0|0|3|0|3,0,10,3.903775,0.001255,10,3.903694,0.001468
4,5,9,1,0|1|2|0|1,0|0|3|0|2,0,10,3.904611,0.001142,10,3.904158,0.001137
4,5,9,1,0|1|2|0|2,0|0|3|0|1,0,10,3.898219,0.001130,10,3.898426,0.001085
4,5,9,1,0|1|2|0|3,0|0|3|0|0,0,10,3.885088,0.000971,10,3.885733,0.000758
4,5,9,1,0|1|2|0|0,0|0|3|1|2,0,10,3.922119,0.000682,10,3.922069,0.000827
4,5,9,1,0|1|2|0|1,0|0|3|1|1,0,10,3.920672,0.000774,10,3.920554,0.000544
4,5,9,1,0|1|2|0|2,0|0|3|1|0,0,10,3.910333,0.000900,10,3.910189,0.001140
4,5,9,1,0|1|2|0|0,0|0|3|2|1,0,10,3.911174,0.001087,10,3.911248,0.000730
4,5,9,1,0|1|2|0|1,0|0|3|2|0,0,10,3.901663,0.000507,10,3.901862,0.000708
4,5,9,1,0|1|2|0|0,0|0|3|3|0,0,10,3.854800,0.000601,10,3.854805,0.000611
4,5,9,1,0|1|2|1|0,0|0|3|0|2,0,10,3.912627,0.000741,10,3.912392,0.001107
4,5,9,1,0|1|2|1|1,0|0|3|0|1,0,10,3.908544,0.000607,10,3.908794,0.000802
4,5,9,1,0|1|2|1|2,0|0|3|0|0,0,10,3.894598,0.000604,10,3.894351,0.000826
4,5,9,1,0|1|2|1|0,0|0|3|1|1,0,10,3.908022,0.000770,10,3.907928,0.000736
4,5,9,1,0|1|2|1|1,0|0|3|1|0,0,10,3.897269,0.000617,10,3.897109,0.000772
4,5,9,1,0|1|2|1|0,0|0|3|2|0,0,10,3.854428,0.000623,10,3.854555,0.000556
4,5,9,1,0|1|2|2|0,0|0|3|0|1,0,10,3.895899,0.000995,10,3.895478,0.000884
4,5,9,1,0|1|2|2|1,0|0|3|0|0,0,10,3.880935,0.000530,10,3.880748,0.000274
4,5,9,1,0|1|2|2|0,0|0|3|1|0,0,10,3.846176,0.000638,10,3.845946,0.000412
4,5,9,1,0|1|2|3|0,0|0|3|0|0,0,10,3.830169,0.000719,10,3.829374,0.000833
4,5,9,1,0|1|2|0|0,0|0|4|0|2,0,10,3.875968,0.001141,10,3.875958,0.000841
4,5,9,1,0|1|2|0|1,0|0|4|0|1,0,10,3.872795,0.000491,10,3.872793,0.000681
4,5,9,1,0|1|2|0|2,0|0|4|0|0,0,10,3.851128,0.000716,10,3.850858,0.000755
4,5,9,1,0|1|2|0|0,0|0|4|1|1,0,10,3.885965,0.000975,10,3.886076,0.000620
4,5,9,1,0|1|2|0|1,0|0|4|1|0,0,10,3.872762,0.000668,10,3.872621,0.001017
4,5,9,1,0|1|2|0|0,0|0|4|2|0,0,10,3.824163,0.000494,10,3.823743,0.000478
4,5,9,1,0|1|2|1|0,0|0|4|0|1,0,10,3.870365,0.000766,10,3.870499,0.000614
4,5,9,1,0|1|2|1|1,0|0|4|0|0,0,10,3.850248,0.000568,10,3.850154,0.000650
4,5,9,1,0|1|2|1|0,0|0|4|1|0,0,10,3.818744,0.000561,10,3.818226,0.000430
4,5,9,1,0|1|2|2|0,0|0|4|0|0,0,10,3.795445,0.000545,10,3.795586,0.000513
4,5,9,1,0|1|2|0|0,0|0|5|0|1,0,10,3.808531,0.000533,10,3.808304,0.000672
4,5,9,1,0|1|2|0|1,0|0|5|0|0,0,10,3.781424,0.000627,10,3.781868,0.000456
4,5,9,1,0|1|2|0|0,0|0|5|1|0,0,10,3.763232,0.000228,10,3.762758,0.000311
4,5,9,1,0|1|2|1|0,0|0|5|0|0,0,10,3.735252,0.000510,10,3.735402,0.000443
4,5,9,1,0|1|2|0|0,0|0|6|0|0,0,10,3.585213,0.000479,10,3.585446,0.000523
4,5,9,1,0|1|3|0|0,0|0|0|0|5,0,10,3.922779,0.000923,10,3.922702,0.001252
4,5,9,1,0|1|3|0|1,0|0|0|0|4,0,10,3.923182,0.001323,10,3.923422,0.001324
4,5,9,1,0|1|3|0|2,0|0|0|0|3,0,10,3.922880,0.000812,10,3.922855,0.001668
4,5,9,1,0|1|3|0|3,0|0|0|0|2,0,10,3.921488,0.000911,10,3.921113,0.000859
4,5,9,1,0|1|3|0|4,0|0|0|0|1,0,10,3.919203,0.001392,10,3.918390,0.001327
4,5,9,1,0|1|3|0|5,0|0|0|0|0,0,10,3.914428,0.001444,10,3.914471,0.000879
4,5,9,1,0|1|3|0|0,0|0|0|1|4,0,10,3.940987,0.001062,10,3.941846,0.001238
4,5,9,1,0|1|3|0|1,0|0|0|1|3,0,10,3.942229,0.001277,10,3.941300,0.000888
4,5,9,1,0|1|3|0|2,0|0|0|1|2,0,10,3.940971,0.001092,10,3.940769,0.001058
4,5,9,1,0|1|3|0|3,0|0|0|1|1,0,10,3.940245,0.001121,10,3.939530,0.001135
4,5,9,1,0|1|3|0|4,0|0|0|1|0,0,10,3.936844,0.001053,10,3.936695,0.001358
4,5,9,1,0|1|3|0|0,0|0|0|2|3,0,10,3.942741,0.000746,10,3.943318,0.000875
4,5,9,1,0|1|3|0|1,0|0|0|2|2,0,10,3.943972,0.001072,10,3.944235,0.000984
4,5,9,1,0|1|3|0|2,0|0|0|2|1,0,10,3.941847,0.000993,10,3.943252,0.000796
4,5,9,1,0|1|3|0|3,0|0|0|2|0,0,10,3.937730,0.001103,10,3.937632,0.000841
4,5,9,1,0|1|3|0|0,0|0|0|3|2,0,10,3.940474,0.000854,10,3.940307,0.001087
4,5,9,1,0|1|3|0|1,0|0|0|3|1,0,10,3.940301,0.001117,10,3.939942,0.001605
4,5,9,1,0|1|3|0|2,0|0|0|3|0,0,10,3.934464,0.000916,10,3.934490,0.000505
4,5,9,1,0|1|3|0|0,0|0|0|4|1,0,10,3.929600,0.000920,10,3.929058,0.000876
4,5,9,1,0|1|3|0|1,0|0|0|4|0,0,10,3.922833,0.000645,10,3.922722,0.000622
4,5,9,1,0|1|3|0|0,0|0|0|5|0,0,10,3.881774,0.000588,10,3.881463,0.000449
4,5,9,1,0|1|3|1|0,0|0|0|0|4,0,10,3.937072,0.001100,10,3.936967,0.000922
4,5,9,1,0|1|3|1|1,0|0|0|0|3,0,10,3.937456,0.001454,10,3.937231,0.001356
4,5,9,1,0|1|3|1|2,0|0|0|0|2,0,10,3.935540,0.001157,10,3.935111,0.001150
4,5,9,1,0|1|3|1|3,0|0|0|0|1,0,10,3.932757,0.001096,10,3.933379,0.001143
4,5,9,1,0|1|3|1|4,0|0|0|0|0,0,10,3.928334,0.001057,10,3.927832,0.000953
4,5,9,1,0|1|3|1|0,0|0|0|1|3,0,10,3.942970,0.001115,10,3.942546,0.001441
4,5,9,1,0|1|3|1|1,0|0|0|1|2,0,10,3.943515,0.000879,10,3.942672,0.001170
4,5,9,1,0|1|3|1|2,0|0|0|1|1,0,10,3.940988,0.000785,10,3.940965,0.000995
4,5,9,1,0|1|3|1|3,0|0|0|1|0,0,10,3.936003,0.000747,10,3.935705,0.001142
4,5,9,1,0|1|3|1|0,0|0|0|2|2,0,10,3.939954,0.001079,10,3.940036,0.001074
4,5,9,1,0|1|3|1|1,0|0|0|2|1,0,10,3.939774,0.001010,10,3.939725,0.000827
4,5,9,1,0|1|3|1|2,0|0|0|2|0,0,10,3.933213,0.000920,10,3.934066,0.000758
4,5,9,1,0|1|3|1|0,0|0|0|3|1,0,10,3.929220,0.001129,10,3.928974,0.000778
4,5,9,1,0|1|3|1|1,0|0|0|3|0,0,10,3.922528,0.000823,10,3.922754,0.000733
4,5,9,1,0|1|3|1|0,0|0|0|4|0,0,10,3.883002,0.000693,10,3.882897,0.000723
4,5,9,1,0|1|3|2|0,0|0|0|0|3,0,10,3.936705,0.000612,10,3.936804,0.001157
4,5,9,1,0|1|3|2|1,0|0|0|0|2,0,10,3.936720,0.000607,10,3.936163,0.001378
4,5,9,1,0|1|3|2|2,0|0|0|0|1,0,10,3.932691,0.001010,10,3.932920,0.001160
4,5,9,1,0|1|3|2|3,0|0|0|0|0,0,10,3.925783,0.000949,10,3.926185,0.000958
4,5,9,1,0|1|3|2|0,0|0|0|1|2,0,10,3.936962,0.000854,10,3.936653,0.000992
4,5,9,1,0|1|3|2|1,0|0|0|1|1,0,10,3.935922,0.001045,10,3.935571,0.001181
4,5,9,1,0|1|3|2|2,0|0|0|1|0,0,10,3.929357,0.000670,10,3.928529,0.000924
4,5,9,1,0|1|3|2|0,0|0|0|2|1,0,10,3.925466,0.000595,10,3.925447,0.000763
4,5,9,1,0|1|3|2|1,0|0|0|2|0,0,10,3.918692,0.001135,10,3.919249,0.000631
4,5,9,1,0|1|3|2|0,0|0|0|3|0,0,10,3.879851,0.000785,10,3.879965,0.000677
4,5,9,1,0|1|3|3|0,0|0|0|0|2,0,10,3.931049,0.001384,10,3.930923,0.001281
4,5,9,1,0|1|3|3|1,0|0|0|0|1,0,10,3.930250,0.000532,10,3.930262,0.000698
4,5,9,1,0|1|3|3|2,0|0|0|0|0,0,10,3.920361,0.001191,10,3.919792,0.000736
4,5,9,1,0|1|3|3|0,0|0|0|1|1,0,10,3.922530,0.000793,10,3.922762,0.001167
4,5,9,1,0|1|3|3|1,0|0|0|1|0,0,10,3.914586,0.000426,10,3.914682,0.000610
4,5,9,1,0|1|3|3|0,0|0|0|2|0,0,10,3.876456,0.000772,10,3.876427,0.000566
4,5,9,1,0|1|3|4|0,0|0|0|0|1,0,10,3.916626,0.000915,10,3.916698,0.001007
4,5,9,1,0|1|3|4|1,0|0|0|0|0,0,10,3.906875,0.000487,10,3.906969,0.000637
4,5,9,1,0|1|3|4|0,0|0|0|1|0,0,10,3.871566,0.000453,10,3.871630,0.000380
4,5,9,1,0|1|3|5|0,0|0|0|0|0,0,10,3.863287,0.000633,10,3.862863,0.000656
4,5,9,1,0|1|3|0|0,0|0|1|0|4,0,10,3.915689,0.000784,10,3.915664,0.001051
4,5,9,1,0|1|3|0|1,0|0|1|0|3,0,10,3.917616,0.000885,10,3.917337,0.001224
4,5,9,1,0|1|3|0|2,0|0|1|0|2,0,10,3.914839,0.001267,10,3.915522,0.001185
4,5,9,1,0|1|3|0|3,0|0|1|0|1,0,10,3.911575,0.001291,10,3.911657,0.001096
4,5,9,1,0|1|3|0|4,0|0|1|0|0,0,10,3.903668,0.000733,10,3.904170,0.000845
4,5,9,1,0|1|3|0|0,0|0|1|1|3,0,10,3.935520,0.000622,10,3.935452,0.000750
4,5,9,1,0|1|3|0|1,0|0|1|1|2,0,10,3.935719,0.001178,10,3.936249,0.001352
4,5,9,1,0|1|3|0|2,0|0|1|1|1,0,10,3.933262,0.000564,10,3.933792,0.001239
4,5,9,1,0|1|3|0|3,0|0|1|1|0,0,10,3.927359,0.000850,10,3.927945,0.000870
4,5,9,1,0|1|3|0|0,0|0|1|2|2,0,10,3.934043,0.000944,10,3.934518,0.000672
4,5,9,1,0|1|3|0|1,0|0|1|2|1,0,10,3.933824,0.000541,10,3.933522,0.000817
4,5,9,1,0|1|3|0|2,0|0|1|2|0,0,10,3.926522,0.000895,10,3.926692,0.000770
4,5,9,1,0|1|3|0|0,0|0|1|3|1,0,10,3.922894,0.000679,10,3.922399,0.001143
4,5,9,1,0|1|3|0|1,0|0|1|3|0,0,10,3.915472,0.000962,10,3.915689,0.000716
4,5,9,1,0|1|3|0|0,0|0|1|4|0,0,10,3.871851,0.000481,10,3.871228,0.000690
4,5,9,1,0|1|3|1|0,0|0|1|0|3,0,10,3.928502,0.000861,10,3.929315,0.000473
4,5,9,1,0|1|3|1|1,0|0|1|0|2,0,10,3.929125,0.001241,10,3.928564,0.001429
4,5,9,1,0|1|3|1|2,0|0|1|0|1,0,10,3.925023,0.001214,10,3.924318,0.001388
4,5,9,1,0|1|3|1|3,0|0|1|0|0,0,10,3.915635,0.001248,10,3.916083,0.000915
4,5,9,1,0|1|3|1|0,0|0|1|1|2,0,10,3.933181,0.001092,10,3.932584,0.000910
4,5,9,1,0|1|3|1|1,0|0|1|1|1,0,10,3.931279,0.000903,10,3.931299,0.001271
4,5,9,1,0|1|3|1|2,0|0|1|1|0,0,10,3.923725,0.000965,10,3.923850,0.000742
4,5,9,1,0|1|3|1|0,0|0|1|2|1,0,10,3.921865,0.000840,10,3.921696,0.000633
4,5,9,1,0|1|3|1|1,0|0|1|2|0,0,10,3.914749,0.000925,10,3.914629,0.000758
4,5,9,1,0|1|3|1|0,0|0|1|3|0,0,10,3.872832,0.000393,10,3.872891,0.000726
4,5,9,1,0|1|3|2|0,0|0|1|0|2,0,10,3.924587,0.000882,10,3.924521,0.001197
4,5,9,1,0|1|3|2|1,0|0|1|0|1,0,10,3.922027,0.001141,10,3.922365,0.000751
4,5,9,1,0|1|3|2|2,0|0|1|0|0,0,10,3.910449,0.000870,10,3.910376,0.000792
4,5,9,1,0|1|3|2|0,0|0|1|1|1,0,10,3.917584,0.000689,10,3.917544,0.000766
4,5,9,1,0|1|3|2|1,0|0|1|1|0,0,10,3.907752,0.000708,10,3.908133,0.000567
4,5,9,1,0|1|3|2|0,0|0|1|2|0,0,10,3.868264,0.000839,10,3.868023,0.000552
4,5,9,1,0|1|3|3|0,0|0|1|0|1,0,10,3.908653,0.000861,10,3.907764,0.000792
4,5,9,1,0|1|3|3|1,0|0|1|0|0,0,10,3.896544,0.000708,10,3.896436,0.001037
4,5,9,1,0|1|3|3|0,0|0|1|1|0,0,10,3.861735,0.000526,10,3.861643,0.000721
4,5,9,1,0|1|3|4|0,0|0|1|0|0,0,10,3.849316,0.000710,10,3.849424,0.000846
4,5,9,1,0|1|3|0|0,0|0|2|0|3,0,10,3.902563,0.001164,10,3.903171,0.000973
4,5,9,1,0|1|3|0|1,0|0|2|0|2,0,10,3.903737,0.001024,10,3.903142,0.000503
4,5,9,1,0|1|3|0|2,0|0|2|0|1,0,10,3.898010,0.000822,10,3.897846,0.001006
4,5,9,1,0|1|3|0|3,0|0|2|0|0,0,10,3.883896,0.000755,10,3.884792,0.001040
4,5,9,1,0|1|3|0|0,0|0|2|1|2,0,10,3.921466,0.000885,10,3.921326,0.001019
4,5,9,1,0|1|3|0|1,0|0|2|1|1,0,10,3.919999,0.000602,10,3.920391,0.001174
4,5,9,1,0|1|3|0|2,0|0|2|1|0,0,10,3.909661,0.000570,10,3.909799,0.000737
4,5,9,1,0|1|3|0|0,0|0|2|2|1,0,10,3.910094,0.001038,10,3.910477,0.000702
4,5,9,1,0|1|3|0|1,0|0|2|2|0,0,10,3.901414,0.000761,10,3.901315,0.000513
4,5,9,1,0|1|3|0|0,0|0|2|3|0,0,10,3.853715,0.000520,10,3.853613,0.000667
4,5,9,1,0|1|3|1|0,0|0|2|0|2,0,10,3.912451,0.000435,10,3.912474,0.000690
4,5,9,1,0|1|3|1|1,0|0|2|0|1,0,10,3.908379,0.000752,10,3.908369,0.000988
4,5,9,1,0|1|3|1|2,0|0|2|0|0,0,10,3.893375,0.000544,10,3.893272,0.000762
4,5,9,1,0|1|3|1|0,0|0|2|1|1,0,10,3.907530,0.000924,10,3.907541,0.000758
4,5,9,1,0|1|3|1|1,0|0|2|1|0,0,10,3.896250,0.000822,10,3.896276,0.000751
4,5,9,1,0|1|3|1|0,0|0|2|2|0,0,10,3.853713,0.000599,10,3.853593,0.000346
4,5,9,1,0|1|3|2|0,0|0|2|0|1,0,10,3.894012,0.001054,10,3.894005,0.000747
4,5,9,1,0|1|3|2|1,0|0|2|0|0,0,10,3.878869,0.000497,10,3.879179,0.000729
4,5,9,1,0|1|3|2|0,0|0|2|1|0,0,10,3.844916,0.000534,10,3.844664,0.000595
4,5,9,1,0|1|3|3|0,0|0|2|0|0,0,10,3.827355,0.000563,10,3.827690,0.000795
4,5,9,1,0|1|3|0|0,0|0|3|0|2,0,10,3.874906,0.000660,10,3.875533,0.000891
4,5,9,1,0|1|3|0|1,0|0|3|0|1,0,10,3.872609,0.000919,10,3.872968,0.000497
4,5,9,1,0|1|3|0|2,0|0|3|0|0,0,10,3.850001,0.000506,10,3.849804,0.000881
4,5,9,1,0|1|3|0|0,0|0|3|1|1,0,10,3.885790,0.000567,10,3.885547,0.001018
4,5,9,1,0|1|3|0|1,0|0|3|1|0,0,10,3.871600,0.000426,10,3.871728,0.000764
4,5,9,1,0|1|3|0|0,0|0|3|2|0,0,10,3.823059,0.000462,10,3.822700,0.000453
4,5,9,1,0|1|3|1|0,0|0|3|0|1,0,10,3.869718,0.000836,10,3.869750,0.000653
4,5,9,1,0|1|3|1|1,0|0|3|0|0,0,10,3.849479,0.000696,10,3.849333,0.000891
4,5,9,1,0|1|3|1|0,0|0|3|1|0,0,10,3.817844,0.000325,10,3.817978,0.000581
4,5,9,1,0|1|3|2|0,0|0|3|0|0,0,10,3.793790,0.000703,10,3.794065,0.000496
4,5,9,1,0|1|3|0|0,0|0|4|0|1,0,10,3.808680,0.000436,10,3.808659,0.000522
4,5,9,1,0|1|3|0|1,0|0|4|0|0,0,10,3.781575,0.000461,10,3.781272,0.000558
4,5,9,1,0|1|3|0|0,0|0|4|1|0,0,10,3.762929,0.000471,10,3.762909,0.000360
4,5,9,1,0|1|3|1|0,0|0|4|0|0,0,10,3.735017,0.000455,10,3.734947,0.000668
4,5,9,1,0|1|3|0|0,0|0|5|0|0,0,10,3.586420,0.000405,10,3.586438,0.000670
4,5,9,1,0|1|4|0|0,0|0|0|0|4,0,10,3.915687,0.001145,10,3.915521,0.000991
4,5,9,1,0|1|4|0|1,0|0|0|0|3,0,10,3.917442,0.001057,10,3.916834,0.001337
4,5,9,1,0|1|4|0|2,0|0|0|0|2,0,10,3.914948,0.000940,10,3.914691,0.000918
4,5,9,1,0|1|4|0|3,0|0|0|0|1,0,10,3.911115,0.000901,10,3.910534,0.000698
4,5,9,1,0|1|4|0|4,0|0|0|0|0,0,10,3.903042,0.000761,10,3.903152,0.000900
4,5,9,1,0|1|4|0|0,0|0|0|1|3,0,10,3.935418,0.001021,10,3.935158,0.001359
4,5,9,1,0|1|4|0|1,0|0|0|1|2,0,10,3.935500,0.001413,10,3.936201,0.000645
4,5,9,1,0|1|4|0|2,0|0|0|1|1,0,10,3.932714,0.001262,10,3.933261,0.000710
4,5,9,1,0|1|4|0|3,0|0|0|1|0,0,10,3.927030,0.001037,10,3.926651,0.001256
4,5,9,1,0|1|4|0|0,0|0|0|2|2,0,10,3.934197,0.001077,10,3.934177,0.001414
4,5,9,1,0|1|4|0|1,0|0|0|2|1,0,10,3.934017,0.000872,10,3.934381,0.000970
4,5,9,1,0|1|4|0|2,0|0|0|2|0,0,10,3.926314,0.000898,10,3.926385,0.000912
4,5,9,1,0|1|4|0|0,0|0|0|3|1,0,10,3.922039,0.001012,10,3.922337,0.000695
4,5,9,1,0|1|4|0|1,0|0|0|3|0,0,10,3.914500,0.000817,10,3.914802,0.000991
4,5,9,1,0|1|4|0|0,0|0|0|4|0,0,10,3.870858,0.000276,10,3.870520,0.000691
4,5,9,1,0|1|4|1|0,0|0|0|0|3,0,10,3.928555,0.001374,10,3.929120,0.001017
4,5,9,1,0|1|4|1|1,0|0|0|0|2,0,10,3.928227,0.001033,10,3.927943,0.001037
4,5,9,1,0|1|4|1|2,0|0|0|0|1,0,10,3.923754,0.001198,10,3.924603,0.000798
4,5,9,1,0|1|4|1|3,0|0|0|0|0,0,10,3.915452,0.000982,10,3.915534,0.000859
4,5,9,1,0|1|4|1|0,0|0|0|1|2,0,10,3.932456,0.001046,10,3.932572,0.001326
4,5,9,1,0|1|4|1|1,0|0|0|1|1,0,10,3.931399,0.001028,10,3.931564,0.000805
4,5,9,1,0|1|4|1|2,0|0|0|1|0,0,10,3.922939,0.000726,10,3.922883,0.000770
4,5,9,1,0|1|4|1|0,0|0|0|2|1,0,10,3.921386,0.000930,10,3.921235,0.001143
4,5,9,1,0|1|4|1|1,0|0|0|2|0,0,10,3.914033,0.001081,10,3.913528,0.000913
4,5,9,1,0|1|4|1|0,0|0|0|3|0,0,10,3.872197,0.000584,10,3.872507,0.000605
4,5,9,1,0|1|4|2|0,0|0|0|0|2,0,10,3.924724,0.000688,10,3.923845,0.000736
4,5,9,1,0|1|4|2|1,0|0|0|0|1,0,10,3.922006,0.000732,10,3.921722,0.001152
4,5,9,1,0|1|4|2|2,0|0|0|0|0,0,10,3.908907,0.000734,10,3.909344,0.001033
4,5,9,1,0|1|4|2|0,0|0|0|1|1,0,10,3.916477,0.000978,10,3.917112,0.000648
4,5,9,1,0|1|4|2|1,0|0|0|1|0,0,10,3.907540,0.000580,10,3.908098,0.000728
4,5,9,1,0|1|4|2|0,0|0|0|2|0,0,10,3.867558,0.000556,10,3.867223,0.000543
4,5,9,1,0|1|4|3|0,0|0|0|0|1,0,10,3.907506,0.000999,10,3.907210,0.001190
4,5,9,1,0|1|4|3|1,0|0|0|0|0,0,10,3.895446,0.000413,10,3.895693,0.000775
4,5,9,1,0|1|4|3|0,0|0|0|1|0,0,10,3.860331,0.000515,10,3.860726,0.000572
4,5,9,1,0|1|4|4|0,0|0|0|0|0,0,10,3.847582,0.000678,10,3.847668,0.000604
4,5,9,1,0|1|4|0|0,0|0|1|0|3,0,10,3.903813,0.000931,10,3.902619,0.000665
4,5,9,1,0|1|4|0|1,0|0|1|0|2,0,10,3.903652,0.001078,10,3.904045,0.000790
4,5,9,1,0|1|4|0|2,0|0|1|0|1,0,10,3.898066,0.000943,10,3.897560,0.000802
4,5,9,1,0|1|4|0|3,0|0|1|0|0,0,10,3.883522,0.001079,10,3.883838,0.000839
4,5,9,1,0|1|4|0|0,0|0|1|1|2,0,10,3.921341,0.001049,10,3.921497,0.001419
4,5,9,1,0|1|4|0|1,0|0|1|1|1,0,10,3.920406,0.001191,10,3.920568,0.001275
4,5,9,1,0|1|4|0|2,0|0|1|1|0,0,10,3.909464,0.000799,10,3.909464,0.000896
4,5,9,1,0|1|4|0|0,0|0|1|2|1,0,10,3.910076,0.000672,10,3.910332,0.000717
4,5,9,1,0|1|4|0|1,0|0|1|2|0,0,10,3.900741,0.000934,10,3.900707,0.000802
4,5,9,1,0|1|4|0|0,0|0|1|3|0,0,10,3.853179,0.000685,10,3.853082,0.000806
4,5,9,1,0|1|4|1|0,0|0|1|0|2,0,10,3.911852,0.000744,10,3.912109,0.000636
4,5,9,1,0|1|4|1|1,0|0|1|0|1,0,10,3.907907,0.000785,10,3.907885,0.000549
4,5,9,1,0|1|4|1|2,0|0|1|0|0,0,10,3.893183,0.000835,10,3.893021,0.000854
4,5,9,1,0|1|4|1|0,0|0|1|1|1,0,10,3.907205,0.000731,10,3.907009,0.000827
4,5,9,1,0|1|4|1|1,0|0|1|1|0,0,10,3.896238,0.001099,10,3.896391,0.001012
4,5,9,1,0|1|4|1|0,0|0|1|2|0,0,10,3.853446,0.000517,10,3.853284,0.000538
4,5,9,1,0|1|4|2|0,0|0|1|0|1,0,10,3.893825,0.000557,10,3.894121,0.000898
4,5,9,1,0|1|4|2|1,0|0|1|0|0,0,10,3.878831,0.000667,10,3.878278,0.000675
4,5,9,1,0|1|4|2|0,0|0|1|1|0,0,10,3.844389,0.000702,10,3.844435,0.000556
4,5,9,1,0|1|4|3|0,0|0|1|0|0,0,10,3.826127,0.000356,10,3.826406,0.000703
4,5,9,1,0|1|4|0|0,0|0|2|0|2,0,10,3.875095,0.001090,10,3.874853,0.000816
4,5,9,1,0|1|4|0|1,0|0|2|0|1,0,10,3.872063,0.000566,10,3.872565,0.000702
4,5,9,1,0|1|4|0|2,0|0|2|0|0,0,10,3.849927,0.000607,10,3.850056,0.000699
4,5,9,1,0|1|4|0|0,0|0|2|1|1,0,10,3.885199,0.000730,10,3.885147,0.000778
4,5,9,1,0|1|4|0|1,0|0|2|1|0,0,10,3.871199,0.000644,10,3.871450,0.000646
4,5,9,1,0|1|4|0|0,0|0|2|2|0,0,10,3.822687,0.000640,10,3.822784,0.000391
4,5,9,1,0|1|4|1|0,0|0|2|0|1,0,10,3.869635,0.000645,10,3.869293,0.000806
4,5,9,1,0|1|4|1|1,0|0|2|0|0,0,10,3.849138,0.000484,10,3.849379,0.000303
4,5,9,1,0|1|4|1|0,0|0|2|1|0,0,10,3.817703,0.000578,10,3.818089,0.000393
4,5,9,1,0|1|4|2|0,0|0|2|0|0,0,10,3.793293,0.000243,10,3.793157,0.000690
4,5,9,1,0|1|4|0|0,0|0|3|0|1,0,10,3.808295,0.000537,10,3.808329,0.000477
4,5,9,1,0|1|4|0|1,0|0|3|0|0,0,10,3.781073,0.000708,10,3.781370,0.000716
4,5,9,1,0|1|4|0|0,0|0|3|1|0,0,10,3.762684,0.000363,10,3.762740,0.000562
4,5,9,1,0|1|4|1|0,0|0|3|0|0,0,10,3.734866,0.000447,10,3.735028,0.000456
4,5,9,1,0|1|4|0|0,0|0|4|0|0,0,10,3.586569,0.000384,10,3.586465,0.000648
4,5,9,1,0|1|5|0|0,0|0|0|0|3,0,10,3.902547,0.001473,10,3.902650,0.000778
4,5,9,1,0|1|5|0|1,0|0|0|0|2,0,10,3.904015,0.000891,10,3.903974,0.000904
4,5,9,1,0|1|5|0|2,0|0|0|0|1,0,10,3.897179,0.000866,10,3.897360,0.001049
4,5,9,1,0|1|5|0|3,0|0|0|0|0,0,10,3.883250,0.000901,10,3.882892,0.001340
4,5,9,1,0|1|5|0|0,0|0|0|1|2,0,10,3.920842,0.000732,10,3.921012,0.001263
4,5,9,1,0|1|5|0|1,0|0|0|1|1,0,10,3.919789,0.000864,10,3.919366,0.001189
4,5,9,1,0|1|5|0|2,0|0|0|1|0,0,10,3.909225,0.000762,10,3.909542,0.000918
4,5,9,1,0|1|5|0|0,0|0|0|2|1,0,10,3.910506,0.000991,10,3.910026,0.000582
4,5,9,1,0|1|5|0|1,0|0|0|2|0,0,10,3.900553,0.000903,10,3.900663,0.000811
4,5,9,1,0|1|5|0|0,0|0|0|3|0,0,10,3.852605,0.000603,10,3.852724,0.000823
4,5,9,1,0|1|5|1|0,0|0|0|0|2,0,10,3.911527,0.001171,10,3.911729,0.000670
4,5,9,1,0|1|5|1|1,0|0|0|0|1,0,10,3.907903,0.000747,10,3.908015,0.000764
4,5,9,1,0|1|5|1|2,0|0|0|0|0,0,10,3.892670,0.000704,10,3.892846,0.000635
4,5,9,1,0|1|5|1|0,0|0|0|1|1,0,10,3.906844,0.000390,10,3.907111,0.001043
4,5,9,1,0|1|5|1|1,0|0|0|1|0,0,10,3.895754,0.000751,10,3.895590,0.000792
4,5,9,1,0|1|5|1|0,0|0|0|2|0,0,10,3.853309,0.000345,10,3.853358,0.000678
4,5,9,1,0|1|5|2|0,0|0|0|0|1,0,10,3.894024,0.000466,10,3.894045,0.000686
4,5,9,1,0|1|5|2|1,0|0|0|0|0,0,10,3.878052,0.000899,10,3.878125,0.000470
4,5,9,1,0|1|5|2|0,0|0|0|1|0,0,10,3.843882,0.000542,10,3.843840,0.000446
4,5,9,1,0|1|5|3|0,0|0|0|0|0,0,10,3.825988,0.000526,10,3.826105,0.000433
4,5,9,1,0|1|5|0|0,0|0|1|0|2,0,10,3.874917,0.000794,10,3.875056,0.000987
4,5,9,1,0|1|5|0|1,0|0|1|0|1,0,10,3.872188,0.000850,10,3.872139,0.000822
4,5,9,1,0|1|5|0|2,0|0|1|0|0,0,10,3.849641,0.000562,10,3.849363,0.000662
4,5,9,1,0|1|5|0|0,0|0|1|1|1,0,10,3.885105,0.000740,10,3.885153,0.000733
4,5,9,1,0|1|5|0|1,0|0|1|1|0,0,10,3.871451,0.000766,10,3.871499,0.000434
4,5,9,1,0|1|5|0|0,0|0|1|2|0,0,10,3.822235,0.000384,10,3.822068,0.000304
4,5,9,1,0|1|5|1|0,0|0|1|0|1,0,10,3.869570,0.000841,10,3.869380,0.000754
4,5,9,1,0|1|5|1|1,0|0|1|0|0,0,10,3.848636,0.000710,10,3.849172,0.000480
4,5,9,1,0|1|5|1|0,0|0|1|1|0,0,10,3.817823,0.000599,10,3.817954,0.000444
4,5,9,1,0|1|5|2|0,0|0|1|0|0,0,10,3.792903,0.000412,10,3.793045,0.000593
4,5,9,1,0|1|5|0|0,0|0|2|0|1,0,10,3.808025,0.000544,10,3.808141,0.000505
4,5,9,1,0|1|5|0|1,0|0|2|0|0,0,10,3.781281,0.000587,10,3.781316,0.000743
4,5,9,1,0|1|5|0|0,0|0|2|1|0,0,10,3.762781,0.000661,10,3.762664,0.000422
4,5,9,1,0|1|5|1|0,0|0|2|0|0,0,10,3.734771,0.000789,10,3.734989,0.000512
4,5,9,1,0|1|5|0|0,0|0|3|0|0,0,10,3.586815,0.000409,10,3.586978,0.000407
4,5,9,1,0|1|6|0|0,0|0|0|0|2,0,10,3.874868,0.001009,10,3.874515,0.000713
4,5,9,1,0|1|6|0|1,0|0|0|0|1,0,10,3.872534,0.000697,10,3.872603,0.000703
4,5,9,1,0|1|6|0|2,0|0|0|0|0,0,10,3.849305,0.000782,10,3.849120,0.000873
4,5,9,1,0|1|6|0|0,0|0|0|1|1,0,10,3.884836,0.000917,10,3.885208,0.000564
4,5,9,1,0|1|6|0|1,0|0|0|1|0,0,10,3.871012,0.000264,10,3.871180,0.000777
4,5,9,1,0|1|6|0|0,0|0|0|2|0,0,10,3.822465,0.000372,10,3.822714,0.000529
4,5,9,1,0|1|6|1|0,0|0|0|0|1,0,10,3.869116,0.000673,10,3.869552,0.000961
4,5,9,1,0|1|6|1|1,0|0|0|0|0,0,10,3.848718,0.000664,10,3.848404,0.000649
4,5,9,1,0|1|6|1|0,0|0|0|1|0,0,10,3.817996,0.000471,10,3.817852,0.000529
4,5,9,1,0|1|6|2|0,0|0|0|0|0,0,10,3.792742,0.000457,10,3.792238,0.000488
4,5,9,1,0|1|6|0|0,0|0|1|0|1,0,10,3.807984,0.000745,10,3.808280,0.000800
4,5,9,1,0|1|6|0|1,0|0|1|0|0,0,10,3.780989,0.000630,10,3.781516,0.000503
4,5,9,1,0|1|6|0|0,0|0|1|1|0,0,10,3.762637,0.000269,10,3.762581,0.000613
4,5,9,1,0|1|6|1|0,0|0|1|0|0,0,10,3.734576,0.000303,10,3.734674,0.000433
4,5,9,1,0|1|6|0|0,0|0|2|0|0,0,10,3.587175,0.000358,10,3.586924,0.000420
4,5,9,1,0|1|7|0|0,0|0|0|0|1,0,10,3.808131,0.000507,10,3.808218,0.000518
4,5,9,1,0|1|7|0|1,0|0|0|0|0,0,10,3.781047,0.000836,10,3.781108,0.000573
4,5,9,1,0|1|7|0|0,0|0|0|1|0,0,10,3.762445,0.000433,10,3.762525,0.000367
4,5,9,1,0|1|7|1|0,0|0|0|0|0,0,10,3.734873,0.000267,10,3.734636,0.000449
4,5,9,1,0|1|7|0|0,0|0|1|0|0,0,10,3.587132,0.000640,10,3.587062,0.000441
4,5,9,1,0|1|8|0|0,0|0|0|0|0,0,10,3.586935,0.000549,10,3.587157,0.000239
4,5,9,1,0|1|0|0|0,0|1|0|0|7,0,10,3.899873,0.000893,10,3.899846,0.001380
4,5,9,1,0|1|0|0|1,0|1|0|0|6,0,10,3.900891,0.000387,10,3.900279,0.000894
4,5,9,1,0|1|0|0|2,0|1|0|0|5,0,10,3.900518,0.001024,10,3.900602,0.001085
4,5,9,1,0|1|0|0|3,0|1|0|0|4,0,10,3.900485,0.000985,10,3.900044,0.000864
4,5,9,1,0|1|0|0|4,0|1|0|0|3,0,10,3.899660,0.000777,10,3.899694,0.001568
4,5,9,1,0|1|0|0|5,0|1|0|0|2,0,10,3.898864,0.001336,10,3.898634,0.001531
4,5,9,1,0|1|0|0|6,0|1|0|0|1,0,10,3.898413,0.001139,10,3.897714,0.001441
4,5,9,1,0|1|0|0|7,0|1|0|0|0,0,10,3.895883,0.001208,10,3.896444,0.000610
4,5,9,1,0|1|0|0|0,0|1|0|1|6,0,10,3.935158,0.001586,10,3.935187,0.001225
4,5,9,1,0|1|0|0|1,0|1|0|1|5,0,10,3.936113,0.001292,10,3.935845,0.000897
4,5,9,1,0|1|0|0|2,0|1|0|1|4,0,10,3.936100,0.000994,10,3.934935,0.001265
4,5,9,1,0|1|0|0|3,0|1|0|1|3,0,10,3.935867,0.000658,10,3.935489,0.001383
4,5,9,1,0|1|0|0|4,0|1|0|1|2,0,10,3.934996,0.001005,10,3.935025,0.001393
4,5,9,1,0|1|0|0|5,0|1|0|1|1,0,10,3.935322,0.002107,10,3.934868,0.001710
4,5,9,1,0|1|0|0|6,0|1|0|1|0,0,10,3.933582,0.001324,10,3.933388,0.000851
4,5,9,1,0|1|0|0|0,0|1|0|2|5,0,10,3.939487,0.000761,10,3.939043,0.001635
4,5,9,1,0|1|0|0|1,0|1|0|2|4,0,10,3.940441,0.001462,10,3.940753,0.001269
4,5,9,1,0|1|0|0|2,0|1|0|2|3,0,10,3.939466,0.001389,10,3.939146,0.000749
4,5,9,1,0|1|0|0|3,0|1|0|2|2,0,10,3.939516,0.001379,10,3.939188,0.001332
4,5,9,1,0|1|0|0|4,0|1|0|2|1,0,10,3.938119,0.001300,10,3.938087,0.001068
4,5,9,1,0|1|0|0|5,0|1|0|2|0,0,10,3.936401,0.000866,10,3.936367,0.000666
4,5,9,1,0|1|0|0|0,0|1|0|3|4,0,10,3.938820,0.000748,10,3.938715,0.000996
4,5,9,1,0|1|0|0|1,0|1|0|3|3,0,10,3.939953,0.001044,10,3.939875,0.001861
4,5,9,1,0|1|0|0|2,0|1|0|3|2,0,10,3.939250,0.000920,10,3.938853,0.000965
4,5,9,1,0|1|0|0|3,0|1|0|3|1,0,10,3.937485,0.000794,10,3.937401,0.001237
4,5,9,1,0|1|0|0|4,0|1|0|3|0,0,10,3.933634,0.001442,10,3.933384,0.001396
4,5,9,1,0|1|0|0|0,0|1|0|4|3,0,10,3.934187,0.000721,10,3.934524,0.001138
4,5,9,1,0|1|0|0|1,0|1|0|4|2,0,10,3.935842,0.001002,10,3.935927,0.001256
4,5,9,1,0|1|0|0|2,0|1|0|4|1,0,10,3.933142,0.001102,10,3.933070,0.001140
4,5,9,1,0|1|0|0|3,0|1|0|4|0,0,10,3.927403,0.000891,10,3.927206,0.000745
4,5,9,1,0|1|0|0|0,0|1|0|5|2,0,10,3.925326,0.000883,10,3.924591,0.000739
4,5,9,1,0|1|0|0|1,0|1|0|5|1,0,10,3.924793,0.000589,10,3.924165,0.001190
4,5,9,1,0|1|0|0|2,0|1|0|5|0,0,10,3.914879,0.000618,10,3.914699,0.001244
4,5,9,1,0|1|0|0|0,0|1|0|6|1,0,10,3.896573,0.000494,10,3.897116,0.000753
4,5,9,1,0|1|0|0|1,0|1|0|6|0,0,10,3.885931,0.000645,10,3.885567,0.000478
4,5,9,1,0|1|0|0|0,0|1|0|7|0,0,10,3.791166,0.000329,10,3.791086,0.000372
4,5,9,1,0|1|0|1|0,0|1|0|0|6,0,10,3.931123,0.001043,10,3.931075,0.000683
4,5,9,1,0|1|0|1|1,0|1|0|0|5,0,10,3.931497,0.001134,10,3.932356,0.001355
4,5,9,1,0|1|0|1|2,0|1|0|0|4,0,10,3.931028,0.001780,10,3.931750,0.001224
4,5,9,1,0|1|0|1|3,0|1|0|0|3,0,10,3.931155,0.001048,10,3.930729,0.001636
4,5,9,1,0|1|0|1|4,0|1|0|0|2,0,10,3.930029,0.001091,10,3.931042,0.001044
4,5,9,1,0|1|0|1|5,0|1|0|0|1,0,10,3.929777,0.001713,10,3.929921,0.000610
4,5,9,1,0|1|0|1|6,0|1|0|0|0,0,10,3.927499,0.001439,10,3.928597,0.001242
4,5,9,1,0|1|0|1|0,0|1|0|1|5,0,10,3.938296,0.001548,10,3.939050,0.001245
4,5,9,1,0|1|0|1|1,0|1|0|1|4,0,10,3.939262,0.002031,10,3.939997,0.001023
4,5,9,1,0|1|0|1|2,0|1|0|1|3,0,10,3.939517,0.001070,10,3.939337,0.001067
4,5,9,1,0|1|0|1|3,0|1|0|1|2,0,10,3.938714,0.001697,10,3.938975,0.001252
4,5,9,1,0|1|0|1|4,0|1|0|1|1,0,10,3.937595,0.001263,10,3.937473,0.001040
4,5,9,1,0|1|0|1|5,0|1|0|1|0,0,10,3.935851,0.000918,10,3.935315,0.000913
4,5,9,1,0|1|0|1|0,0|1|0|2|4,0,10,3.938842,0.000828,10,3.939782,0.001127
4,5,9,1,0|1|0|1|1,0|1|0|2|3,0,10,3.939292,0.001242,10,3.939762,0.000907
4,5,9,1,0|1|0|1|2,0|1|0|2|2,0,10,3.938821,0.001199,10,3.939178,0.001321
4,5,9,1,0|1|0|1|3,0|1|0|2|1,0,10,3.937388,0.001184,10,3.936966,0.001057
4,5,9,1,0|1|0|1|4,0|1|0|2|0,0,10,3.933769,0.000875,10,3.934145,0.000812
4,5,9,1,0|1|0|1|0,0|1|0|3|3,0,10,3.934672,0.000771,10,3.933886,0.001404
4,5,9,1,0|1|0|1|1,0|1|0|3|2,0,10,3.936053,0.001476,10,3.935925,0.001085
4,5,9,1,0|1|0|1|2,0|1|0|3|1,0,10,3.932953,0.000958,10,3.933491,0.001186
4,5,9,1,0|1|0|1|3,0|1|0|3|0,0,10,3.927754,0.001225,10,3.927399,0.001179
4,5,9,1,0|1|0|1|0,0|1|0|4|2,0,10,3.924358,0.000878,10,3.924699,0.001065
4,5,9,1,0|1|0|1|1,0|1|0|4|1,0,10,3.924327,0.001151,10,3.923518,0.000477
4,5,9,1,0|1|0|1|2,0|1|0|4|0,0,10,3.914430,0.001140,10,3.914758,0.000902
4,5,9,1,0|1|0|1|0,0|1|0|5|1,0,10,3.896514,0.000591,10,3.896831,0.000746
4,5,9,1,0|1|0|1|1,0|1|0|5|0,0,10,3.884968,0.000966,10,3.885199,0.000905
4,5,9,1,0|1|0|1|0,0|1|0|6|0,0,10,3.792317,0.000344,10,3.792282,0.000422
4,5,9,1,0|1|0|2|0,0|1|0|0|5,0,10,3.936237,0.000746,10,3.936504,0.001067
4,5,9,1,0|1|0|2|1,0|1|0|0|4,0,10,3.936819,0.001256,10,3.936805,0.000902
4,5,9,1,0|1|0|2|2,0|1|0|0|3,0,10,3.936088,0.001193,10,3.935356,0.001312
4,5,9,1,0|1|0|2|3,0|1|0|0|2,0,10,3.934561,0.000911,10,3.934631,0.001224
4,5,9,1,0|1|0|2|4,0|1|0|0|1,0,10,3.932259,0.001195,10,3.933305,0.001315
4,5,9,1,0|1|0|2|5,0|1|0|0|0,0,10,3.930485,0.001634,10,3.930604,0.001370
4,5,9,1,0|1|0|2|0,0|1|0|1|4,0,10,3.937809,0.001408,10,3.937561,0.001244
4,5,9,1,0|1|0|2|1,0|1|0|1|3,0,10,3.938974,0.001527,10,3.938594,0.000861
4,5,9,1,0|1|0|2|2,0|1|0|1|2,0,10,3.937101,0.001210,10,3.937285,0.000873
4,5,9,1,0|1|0|2|3,0|1|0|1|1,0,10,3.935125,0.000960,10,3.934849,0.001137
4,5,9,1,0|1|0|2|4,0|1|0|1|0,0,10,3.931773,0.001031,10,3.931731,0.000903
4,5,9,1,0|1|0|2|0,0|1|0|2|3,0,10,3.933491,0.000871,10,3.933806,0.001224
4,5,9,1,0|1|0|2|1,0|1|0|2|2,0,10,3.934347,0.000913,10,3.933960,0.000812
4,5,9,1,0|1|0|2|2,0|1|0|2|1,0,10,3.931388,0.001028,10,3.931573,0.000597
4,5,9,1,0|1|0|2|3,0|1|0|2|0,0,10,3.925512,0.001079,10,3.924912,0.000996
4,5,9,1,0|1|0|2|0,0|1|0|3|2,0,10,3.923483,0.000580,10,3.923722,0.000338
4,5,9,1,0|1|0|2|1,0|1|0|3|1,0,10,3.922262,0.000984,10,3.922102,0.001047
4,5,9,1,0|1|0|2|2,0|1|0|3|0,0,10,3.912562,0.000511,10,3.912627,0.000631
4,5,9,1,0|1|0|2|0,0|1|0|4|1,0,10,3.895045,0.000964,10,3.894967,0.000952
4,5,9,1,0|1|0|2|1,0|1|0|4|0,0,10,3.883038,0.000692,10,3.883227,0.000592
4,5,9,1,0|1|0|2|0,0|1|0|5|0,0,10,3.792272,0.000443,10,3.792192,0.000388
4,5,9,1,0|1|0|3|0,0|1|0|0|4,0,10,3.935128,0.001017,10,3.935070,0.001412
4,5,9,1,0|1|0|3|1,0|1|0|0|3,0,10,3.935818,0.001373,10,3.936334,0.000655
4,5,9,1,0|1|0|3|2,0|1|0|0|2,0,10,3.933670,0.000967,10,3.934331,0.001010
4,5,9,1,0|1|0|3|3,0|1|0|0|1,0,10,3.931643,0.001064,10,3.931493,0.001152
4,5,9,1,0|1|0|3|4,0|1|0|0|0,0,10,3.927433,0.001161,10,3.927076,0.000900
4,5,9,1,0|1|0|3|0,0|1|0|1|3,0,10,3.932790,0.001276,10,3.932402,0.000781
4,5,9,1,0|1|0|3|1,0|1|0|1|2,0,10,3.933297,0.000931,10,3.932996,0.000804
4,5,9,1,0|1|0|3|2,0|1|0|1|1,0,10,3.929998,0.001151,10,3.930098,0.000910
4,5,9,1,0|1|0|3|3,0|1|0|1|0,0,10,3.923631,0.000945,10,3.922827,0.000821
4,5,9,1,0|1|0|3|0,0|1|0|2|2,0,10,3.921607,0.000926,10,3.921872,0.000910
4,5,9,1,0|1|0|3|1,0|1|0|2|1,0,10,3.921081,0.000863,10,3.921398,0.001034
4,5,9,1,0|1|0|3|2,0|1|0|2|0,0,10,3.909921,0.000660,10,3.910476,0.000783
4,5,9,1,0|1|0|3|0,0|1|0|3|1,0,10,3.894241,0.000700,10,3.894005,0.000833
4,5,9,1,0|1|0|3|1,0|1|0|3|0,0,10,3.881647,0.000579,10,3.881874,0.000625
4,5,9,1,0|1|0|3|0,0|1|0|4|0,0,10,3.791944,0.000443,10,3.792037,0.000454
4,5,9,1,0|1|0|4|0,0|1|0|0|3,0,10,3.929938,0.000948,10,3.930368,0.001464
4,5,9,1,0|1|0|4|1,0|1|0|0|2,0,10,3.930693,0.001126,10,3.931686,0.000828
4,5,9,1,0|1|0|4|2,0|1|0|0|1,0,10,3.928050,0.001154,10,3.927749,0.000736
4,5,9,1,0|1|0|4|3,0|1|0|0|0,0,10,3.919736,0.000632,10,3.919907,0.001079
4,5,9,1,0|1|0|4|0,0|1|0|1|2,0,10,3.920635,0.001033,10,3.921078,0.001045
4,5,9,1,0|1|0|4|1,0|1|0|1|1,0,10,3.920422,0.001056,10,3.919891,0.000770
4,5,9,1,0|1|0|4|2,0|1|0|1|0,0,10,3.908819,0.001031,10,3.908562,0.000636
4,5,9,1,0|1|0|4|0,0|1|0|2|1,0,10,3.893087,0.000799,10,3.893244,0.000879
4,5,9,1,0|1|0|4|1,0|1|0|2|0,0,10,3.880224,0.000686,10,3.880440,0.000703
4,5,9,1,0|1|0|4|0,0|1|0|3|0,0,10,3.791513,0.000378,10,3.791392,0.000487
4,5,9,1,0|1|0|5|0,0|1|0|0|2,0,10,3.919636,0.000568,10,3.919372,0.000894
4,5,9,1,0|1|0|5|1,0|1|0|0|1,0,10,3.918738,0.000805,10,3.918887,0.001183
4,5,9,1,0|1|0|5|2,0|1|0|0|0,0,10,3.906608,0.000655,10,3.906170,0.000852
4,5,9,1,0|1|0|5|0,0|1|0|1|1,0,10,3.892182,0.000999,10,3.892314,0.000686
4,5,9,1,0|1|0|5|1,0|1|0|1|0,0,10,3.878840,0.000510,10,3.879437,0.000642
4,5,9,1,0|1|0|5|0,0|1|0|2|0,0,10,3.790496,0.000459,10,3.790519,0.000500
4,5,9,1,0|1|0|6|0,0|1|0|0|1,0,10,3.890552,0.001020,10,3.890942,0.000933
4,5,9,1,0|1|0|6|1,0|1|0|0|0,0,10,3.877453,0.000752,10,3.877971,0.000588
4,5,9,1,0|1|0|6|0,0|1|0|1|0,0,10,3.789699,0.000552,10,3.789695,0.000353
4,5,9,1,0|1|0|7|0,0|1|0|0|0,0,10,3.787930,0.000540,10,3.787804,0.000428
4,5,9,1,0|1|0|0|0,0|1|1|0|6,0,10,3.924148,0.001218,10,3.923751,0.001223
4,5,9,1,0|1|0|0|1,0|1|1|0|5,0,10,3.924513,0.001380,10,3.924643,0.001213
4,5,9,1,0|1|0|0|2,0|1|1|0|4,0,10,3.924302,0.001455,10,3.924267,0.001039
4,5,9,1,0|1|0|0|3,0|1|1|0|3,0,10,3.923481,0.000889,10,3.923749,0.001501
4,5,9,1,0|1|0|0|4,0|1|1|0|2,0,10,3.923205,0.001514,10,3.923865,0.001168
4,5,9,1,0|1|0|0|5,0|1|1|0|1,0,10,3.922052,0.001173,10,3.923209,0.000974
4,5,9,1,0|1|0|0|6,0|1|1|0|0,0,10,3.920931,0.001502,10,3.920763,0.001030
4,5,9,1,0|1|0|0|0,0|1|1|1|5,0,10,3.943965,0.000911,10,3.944239,0.000614
4,5,9,1,0|1|0|0|1,0|1|1|1|4,0,10,3.945410,0.001290,10,3.944115,0.001151
4,5,9,1,0|1|0|0|2,0|1|1|1|3,0,10,3.944725,0.000855,10,3.943941,0.001201
4,5,9,1,0|1|0|0|3,0|1|1|1|2,0,10,3.943438,0.001199,10,3.944287,0.001301
4,5,9,1,0|1|0|0|4,0|1|1|1|1,0,10,3.943443,0.001125,10,3.943512,0.000970
4,5,9,1,0|1|0|0|5,0|1|1|1|0,0,10,3.941321,0.000913,10,3.942758,0.001285
4,5,9,1,0|1|0|0|0,0|1|1|2|4,0,10,3.947527,0.000857,10,3.947580,0.001656
4,5,9,1,0|1|0|0|1,0|1|1|2|3,0,10,3.948282,0.001500,10,3.948911,0.001022
4,5,9,1,0|1|0|0|2,0|1|1|2|2,0,10,3.948170,0.001056,10,3.947916,0.000956
4,5,9,1,0|1|0|0|3,0|1|1|2|1,0,10,3.946135,0.001092,10,3.947268,0.001606
4,5,9,1,0|1|0|0|4,0|1|1|2|0,0,10,3.945701,0.000814,10,3.945146,0.001381
4,5,9,1,0|1|0|0|0,0|1|1|3|3,0,10,3.948529,0.001026,10,3.946846,0.000884
4,5,9,1,0|1|0|0|1,0|1|1|3|2,0,10,3.948730,0.001168,10,3.948308,0.001428
4,5,9,1,0|1|0|0|2,0|1|1|3|1,0,10,3.947233,0.001082,10,3.947538,0.001044
4,5,9,1,0|1|0|0|3,0|1|1|3|0,0,10,3.944317,0.001017,10,3.943803,0.001242
4,5,9,1,0|1|0|0|0,0|1|1|4|2,0,10,3.944177,0.001680,10,3.943725,0.001642
4,5,9,1,0|1|0|0|1,0|1|1|4|1,0,10,3.943821,0.001429,10,3.944732,0.000822
4,5,9,1,0|1|0|0|2,0|1|1|4|0,0,10,3.939005,0.000649,10,3.939568,0.000549
4,5,9,1,0|1|0|0|0,0|1|1|5|1,0,10,3.932031,0.001140,10,3.932107,0.000824
4,5,9,1,0|1|0|0|1,0|1|1|5|0,0,10,3.926823,0.000656,10,3.926921,0.001015
4,5,9,1,0|1|0|0|0,0|1|1|6|0,0,10,3.882587,0.000450,10,3.882741,0.000531
4,5,9,1,0|1|0|1|0,0|1|1|0|5,0,10,3.942002,0.001950,10,3.940681,0.001009
4,5,9,1,0|1|0|1|1,0|1|1|0|4,0,10,3.941465,0.000957,10,3.942127,0.000852
4,5,9,1,0|1|0|1|2,0|1|1|0|3,0,10,3.941113,0.001393,10,3.940950,0.000867
4,5,9,1,0|1|0|1|3,0|1|1|0|2,0,10,3.940680,0.001063,10,3.940074,0.001199
4,5,9,1,0|1|0|1|4,0|1|1|0|1,0,10,3.939653,0.001126,10,3.939337,0.000907
4,5,9,1,0|1|0|1|5,0|1|1|0|0,0,10,3.937366,0.001173,10,3.937650,0.001247
4,5,9,1,0|1|0|1|0,0|1|1|1|4,0,10,3.947365,0.001036,10,3.947187,0.001260
4,5,9,1,0|1|0|1|1,0|1|1|1|3,0,10,3.946705,0.001148,10,3.948178,0.000759
4,5,9,1,0|1|0|1|2,0|1|1|1|2,0,10,3.947379,0.001045,10,3.947861,0.001075
4,5,9,1,0|1|0|1|3,0|1|1|1|1,0,10,3.946696,0.001429,10,3.946591,0.001130
4,5,9,1,0|1|0|1|4,0|1|1|1|0,0,10,3.944563,0.000713,10,3.944781,0.001379
4,5,9,1,0|1|0|1|0,0|1|1|2|3,0,10,3.947843,0.000998,10,3.947912,0.001084
4,5,9,1,0|1|0|1|1,0|1|1|2|2,0,10,3.947473,0.001344,10,3.947939,0.000934
4,5,9,1,0|1|0|1|2,0|1|1|2|1,0,10,3.946748,0.000724,10,3.946654,0.000866
4,5,9,1,0|1|0|1|3,0|1|1|2|0,0,10,3.944306,0.001350,10,3.944138,0.001234
4,5,9,1,0|1|0|1|0,0|1|1|3|2,0,10,3.944053,0.001308,10,3.943778,0.001146
4,5,9,1,0|1|0|1|1,0|1|1|3|1,0,10,3.943983,0.000722,10,3.943765,0.000940
4,5,9,1,0|1|0|1|2,0|1|1|3|0,0,10,3.940066,0.000826,10,3.939166,0.000944
4,5,9,1,0|1|0|1|0,0|1|1|4|1,0,10,3.932662,0.001008,10,3.932010,0.000934
4,5,9,1,0|1|0|1|1,0|1|1|4|0,0,10,3.927303,0.001037,10,3.927209,0.001100
4,5,9,1,0|1|0|1|0,0|1|1|5|0,0,10,3.883862,0.000564,10,3.883836,0.000800
4,5,9,1,0|1|0|2|0,0|1|1|0|4,0,10,3.943972,0.001179,10,3.945008,0.001545
4,5,9,1,0|1|0|2|1,0|1|1|0|3,0,10,3.944185,0.000764,10,3.944820,0.001342
4,5,9,1,0|1|0|2|2,0|1|1|0|2,0,10,3.942889,0.001249,10,3.943531,0.001123
4,5,9,1,0|1|0|2|3,0|1|1|0|1,0,10,3.942421,0.001597,10,3.942463,0.001128
4,5,9,1,0|1|0|2|4,0|1|1|0|0,0,10,3.938764,0.001333,10,3.938773,0.001264
4,5,9,1,0|1|0|2|0,0|1|1|1|3,0,10,3.946273,0.001174,10,3.945920,0.001129
4,5,9,1,0|1|0|2|1,0|1|1|1|2,0,10,3.946455,0.001143,10,3.946052,0.001428
4,5,9,1,0|1|0|2|2,0|1|1|1|1,0,10,3.944734,0.001125,10,3.945666,0.000705
4,5,9,1,0|1|0|2|3,0|1|1|1|0,0,10,3.942495,0.000899,10,3.941628,0.001150
4,5,9,1,0|1|0|2|0,0|1|1|2|2,0,10,3.943199,0.000768,10,3.942861,0.001403
4,5,9,1,0|1|0|2|1,0|1|1|2|1,0,10,3.942002,0.000853,10,3.942706,0.000976
4,5,9,1,0|1|0|2|2,0|1|1|2|0,0,10,3.938088,0.001309,10,3.937611,0.001030
4,5,9,1,0|1|0|2|0,0|1|1|3|1,0,10,3.930979,0.000784,10,3.931515,0.000862
4,5,9,1,0|1|0|2|1,0|1|1|3|0,0,10,3.925513,0.001071,10,3.926355,0.000699
4,5,9,1,0|1|0|2|0,0|1|1|4|0,0,10,3.883382,0.000811,10,3.883237,0.000662
4,5,9,1,0|1|0|3|0,0|1|1|0|3,0,10,3.943208,0.001532,10,3.943518,0.001077
4,5,9,1,0|1|0|3|1,0|1|1|0|2,0,10,3.944083,0.001142,10,3.944025,0.000927
4,5,9,1,0|1|0|3|2,0|1|1|0|1,0,10,3.941448,0.001097,10,3.941540,0.001560
4,5,9,1,0|1|0|3|3,0|1|1|0|0,0,10,3.936497,0.000850,10,3.936947,0.001185
4,5,9,1,0|1|0|3|0,0|1|1|1|2,0,10,3.942079,0.001320,10,3.940882,0.000978
4,5,9,1,0|1|0|3|1,0|1|1|1|1,0,10,3.941404,0.000911,10,3.941214,0.001072
4,5,9,1,0|1|0|3|2,0|1|1|1|0,0,10,3.935874,0.001465,10,3.935434,0.001179
4,5,9,1,0|1|0|3|0,0|1|1|2|1,0,10,3.929919,0.000694,10,3.929801,0.000908
4,5,9,1,0|1|0|3|1,0|1|1|2|0,0,10,3.924087,0.000733,10,3.924070,0.000705
4,5,9,1,0|1|0|3|0,0|1|1|3|0,0,10,3.881905,0.000661,10,3.881864,0.000499
4,5,9,1,0|1|0|4|0,0|1|1|0|2,0,10,3.938588,0.001029,10,3.938895,0.001152
4,5,9,1,0|1|0|4|1,0|1|1|0|1,0,10,3.938512,0.000568,10,3.938367,0.001273
4,5,9,1,0|1|0|4|2,0|1|1|0|0,0,10,3.931312,0.000849,10,3.931460,0.000746
4,5,9,1,0|1|0|4|0,0|1|1|1|1,0,10,3.929068,0.001079,10,3.928158,0.000958
4,5,9,1,0|1|0|4|1,0|1|1|1|0,0,10,3.921939,0.000965,10,3.922260,0.000622
4,5,9,1,0|1|0|4|0,0|1|1|2|0,0,10,3.880045,0.000464,10,3.880231,0.000875
4,5,9,1,0|1|0|5|0,0|1|1|0|1,0,10,3.925152,0.000606,10,3.925469,0.000735
4,5,9,1,0|1|0|5|1,0|1|1|0|0,0,10,3.918771,0.000952,10,3.918545,0.000997
4,5,9,1,0|1|0|5|0,0|1|1|1|0,0,10,3.877689,0.000709,10,3.877804,0.000623
4,5,9,1,0|1|0|6|0,0|1|1|0|0,0,10,3.873895,0.000498,10,3.873859,0.000965
4,5,9,1,0|1|0|0|0,0|1|2|0|5,0,10,3.923205,0.001059,10,3.923765,0.001356
4,5,9,1,0|1|0|0|1,0|1|2|0|4,0,10,3.924060,0.001198,10,3.924462,0.001637
4,5,9,1,0|1|0|0|2,0|1|2|0|3,0,10,3.924500,0.001431,10,3.923641,0.001625
4,5,9,1,0|1|0|0|3,0|1|2|0|2,0,10,3.922910,0.001881,10,3.922796,0.000838
4,5,9,1,0|1|0|0|4,0|1|2|0|1,0,10,3.921778,0.001295,10,3.920976,0.001076
4,5,9,1,0|1|0|0|5,0|1|2|0|0,0,10,3.917406,0.000983,10,3.918102,0.001437
4,5,9,1,0|1|0|0|0,0|1|2|1|4,0,10,3.942880,0.000740,10,3.943047,0.001060
4,5,9,1,0|1|0|0|1,0|1|2|1|3,0,10,3.943972,0.001151,10,3.943712,0.000996
4,5,9,1,0|1|0|0|2,0|1|2|1|2,0,10,3.943343,0.000985,10,3.943878,0.001059
4,5,9,1,0|1|0|0|3,0|1|2|1|1,0,10,3.942446,0.001474,10,3.941581,0.000774
4,5,9,1,0|1|0|0|4,0|1|2|1|0,0,10,3.939219,0.000779,10,3.939674,0.001429
4,5,9,1,0|1|0|0|0,0|1|2|2|3,0,10,3.945130,0.000853,10,3.945528,0.001050
4,5,9,1,0|1|0|0|1,0|1|2|2|2,0,10,3.946165,0.001012,10,3.945847,0.000894
4,5,9,1,0|1|0|0|2,0|1|2|2|1,0,10,3.944652,0.000861,10,3.944765,0.001077
4,5,9,1,0|1|0|0|3,0|1|2|2|0,0,10,3.940982,0.000920,10,3.940679,0.001219
4,5,9,1,0|1|0|0|0,0|1|2|3|2,0,10,3.942805,0.001238,10,3.942392,0.001046
4,5,9,1,0|1|0|0|1,0|1|2|3|1,0,10,3.943040,0.000608,10,3.942882,0.001143
4,5,9,1,0|1|0|0|2,0|1|2|3|0,0,10,3.937657,0.001114,10,3.937283,0.001075
4,5,9,1,0|1|0|0|0,0|1|2|4|1,0,10,3.932407,0.000883,10,3.932189,0.000638
4,5,9,1,0|1|0|0|1,0|1|2|4|0,0,10,3.926894,0.000764,10,3.927292,0.001041
4,5,9,1,0|1|0|0|0,0|1|2|5|0,0,10,3.885590,0.000634,10,3.885670,0.000756
4,5,9,1,0|1|0|1|0,0|1|2|0|4,0,10,3.940021,0.001798,10,3.939757,0.001660
4,5,9,1,0|1|0|1|1,0|1|2|0|3,0,10,3.939625,0.001292,10,3.939899,0.001164
4,5,9,1,0|1|0|1|2,0|1|2|0|2,0,10,3.938385,0.000746,10,3.939036,0.000822
4,5,9,1,0|1|0|1|3,0|1|2|0|1,0,10,3.936750,0.001333,10,3.937054,0.001314
4,5,9,1,0|1|0|1|4,0|1|2|0|0,0,10,3.933049,0.001274,10,3.933175,0.001536
4,5,9,1,0|1|0|1|0,0|1|2|1|3,0,10,3.944983,0.001419,10,3.944141,0.001298
4,5,9,1,0|1|0|1|1,0|1|2|1|2,0,10,3.945115,0.000955,10,3.945675,0.001035
4,5,9,1,0|1|0|1|2,0|1|2|1|1,0,10,3.942964,0.001326,10,3.943593,0.000879
4,5,9,1,0|1|0|1|3,0|1|2|1|0,0,10,3.940618,0.000852,10,3.940987,0.000617
4,5,9,1,0|1|0|1|0,0|1|2|2|2,0,10,3.942794,0.000846,10,3.943040,0.001180
4,5,9,1,0|1|0|1|1,0|1|2|2|1,0,10,3.942386,0.000851,10,3.942716,0.000983
4,5,9,1,0|1|0|1|2,0|1|2|2|0,0,10,3.937491,0.000507,10,3.937197,0.000828
4,5,9,1,0|1|0|1|0,0|1|2|3|1,0,10,3.932644,0.001113,10,3.932499,0.001057
4,5,9,1,0|1|0|1|1,0|1|2|3|0,0,10,3.927346,0.001210,10,3.926944,0.000684
4,5,9,1,0|1|0|1|0,0|1|2|4|0,0,10,3.887775,0.000733,10,3.887398,0.000612
4,5,9,1,0|1|0|2|0,0|1|2|0|3,0,10,3.940552,0.000890,10,3.940887,0.000857
4,5,9,1,0|1|0|2|1,0|1|2|0|2,0,10,3.941101,0.000528,10,3.940814,0.000754
4,5,9,1,0|1|0|2|2,0|1|2|0|1,0,10,3.938383,0.000746,10,3.938493,0.000944
4,5,9,1,0|1|0|2|3,0|1|2|0|0,0,10,3.932790,0.000758,10,3.932920,0.001082
4,5,9,1,0|1|0|2|0,0|1|2|1|2,0,10,3.940770,0.001144,10,3.941274,0.000858
4,5,9,1,0|1|0|2|1,0|1|2|1|1,0,10,3.940154,0.001270,10,3.940506,0.000523
4,5,9,1,0|1|0|2|2,0|1|2|1|0,0,10,3.934821,0.000789,10,3.934746,0.001015
4,5,9,1,0|1|0|2|0,0|1|2|2|1,0,10,3.930416,0.000766,10,3.931104,0.000756
4,5,9,1,0|1|0|2|1,0|1|2|2|0,0,10,3.925047,0.001274,10,3.925027,0.001063
4,5,9,1,0|1|0|2|0,0|1|2|3|0,0,10,3.885627,0.000630,10,3.885698,0.000414
4,5,9,1,0|1|0|3|0,0|1|2|0|2,0,10,3.936973,0.001046,10,3.936877,0.001287
4,5,9,1,0|1|0|3|1,0|1|2|0|1,0,10,3.935668,0.000901,10,3.936330,0.000789
4,5,9,1,0|1|0|3|2,0|1|2|0|0,0,10,3.927630,0.000958,10,3.928112,0.000819
4,5,9,1,0|1|0|3|0,0|1|2|1|1,0,10,3.928586,0.000749,10,3.927809,0.000975
4,5,9,1,0|1|0|3|1,0|1|2|1|0,0,10,3.922071,0.000728,10,3.921671,0.000817
4,5,9,1,0|1|0|3|0,0|1|2|2|0,0,10,3.883028,0.000714,10,3.883234,0.000429
4,5,9,1,0|1|0|4|0,0|1|2|0|1,0,10,3.923851,0.000751,10,3.923897,0.000833
4,5,9,1,0|1|0|4|1,0|1|2|0|0,0,10,3.916582,0.000890,10,3.916350,0.000713
4,5,9,1,0|1|0|4|0,0|1|2|1|0,0,10,3.879317,0.000559,10,3.879370,0.000345
4,5,9,1,0|1|0|5|0,0|1|2|0|0,0,10,3.873586,0.000730,10,3.873588,0.000723
4,5,9,1,0|1|0|0|0,0|1|3|0|4,0,10,3.917964,0.001141,10,3.917855,0.001103
4,5,9,1,0|1|0|0|1,0|1|3|0|3,0,10,3.918269,0.001122,10,3.919241,0.000905
4,5,9,1,0|1|0|0|2,0|1|3|0|2,0,10,3.917248,0.000750,10,3.918561,0.000933
4,5,9,1,0|1|0|0|3,0|1|3|0|1,0,10,3.914488,0.000827,10,3.913690,0.001552
4,5,9,1,0|1|0|0|4,0|1|3|0|0,0,10,3.908533,0.000896,10,3.908301,0.001139
4,5,9,1,0|1|0|0|0,0|1|3|1|3,0,10,3.938633,0.000820,10,3.937188,0.001287
4,5,9,1,0|1|0|0|1,0|1|3|1|2,0,10,3.938771,0.000789,10,3.938360,0.001335
4,5,9,1,0|1|0|0|2,0|1|3|1|1,0,10,3.936553,0.000695,10,3.936001,0.001495
4,5,9,1,0|1|0|0|3,0|1|3|1|0,0,10,3.931572,0.000948,10,3.932114,0.000828
4,5,9,1,0|1|0|0|0,0|1|3|2|2,0,10,3.937868,0.001242,10,3.937291,0.001078
4,5,9,1,0|1|0|0|1,0|1|3|2|1,0,10,3.937866,0.000961,10,3.937369,0.000755
4,5,9,1,0|1|0|0|2,0|1|3|2|0,0,10,3.931037,0.001054,10,3.930853,0.000903
4,5,9,1,0|1|0|0|0,0|1|3|3|1,0,10,3.926947,0.000483,10,3.926571,0.001283
4,5,9,1,0|1|0|0|1,0|1|3|3|0,0,10,3.920909,0.000884,10,3.920197,0.000788
4,5,9,1,0|1|0|0|0,0|1|3|4|0,0,10,3.876897,0.000792,10,3.876842,0.000458
4,5,9,1,0|1|0|1|0,0|1|3|0|3,0,10,3.933192,0.001242,10,3.933077,0.001538
4,5,9,1,0|1|0|1|1,0|1|3|0|2,0,10,3.932412,0.001211,10,3.932920,0.001230
4,5,9,1,0|1|0|1|2,0|1|3|0|1,0,10,3.929441,0.001330,10,3.929472,0.000962
4,5,9,1,0|1|0|1|3,0|1|3|0|0,0,10,3.923073,0.000889,10,3.922539,0.000640
4,5,9,1,0|1|0|1|0,0|1|3|1|2,0,10,3.936236,0.000757,10,3.936758,0.001035
4,5,9,1,0|1|0|1|1,0|1|3|1|1,0,10,3.935801,0.000971,10,3.935998,0.000954
4,5,9,1,0|1|0|1|2,0|1|3|1|0,0,10,3.929189,0.001128,10,3.929422,0.000731
4,5,9,1,0|1|0|1|0,0|1|3|2|1,0,10,3.926738,0.000814,10,3.926858,0.000619
4,5,9,1,0|1|0|1|1,0|1|3|2|0,0,10,3.920387,0.000774,10,3.919767,0.000609
4,5,9,1,0|1|0|1|0,0|1|3|3|0,0,10,3.878342,0.000672,10,3.878408,0.000741
4,5,9,1,0|1|0|2|0,0|1|3|0|2,0,10,3.930823,0.001471,10,3.929684,0.001158
4,5,9,1,0|1|0|2|1,0|1|3|0|1,0,10,3.928612,0.000885,10,3.928827,0.000728
4,5,9,1,0|1|0|2|2,0|1|3|0|0,0,10,3.918525,0.000933,10,3.918581,0.000936
4,5,9,1,0|1|0|2|0,0|1|3|1|1,0,10,3.923081,0.000850,10,3.923120,0.001026
4,5,9,1,0|1|0|2|1,0|1|3|1|0,0,10,3.915428,0.000646,10,3.915466,0.001077
4,5,9,1,0|1|0|2|0,0|1|3|2|0,0,10,3.875045,0.000470,10,3.874880,0.000701
4,5,9,1,0|1|0|3|0,0|1|3|0|1,0,10,3.916167,0.001206,10,3.916352,0.000948
4,5,9,1,0|1|0|3|1,0|1|3|0|0,0,10,3.906482,0.000734,10,3.906646,0.000486
4,5,9,1,0|1|0|3|0,0|1|3|1|0,0,10,3.870283,0.000740,10,3.869877,0.000636
4,5,9,1,0|1|0|4|0,0|1|3|0|0,0,10,3.860189,0.000542,10,3.860259,0.000749
4,5,9,1,0|1|0|0|0,0|1|4|0|3,0,10,3.906188,0.001022,10,3.905198,0.001057
4,5,9,1,0|1|0|0|1,0|1|4|0|2,0,10,3.907236,0.000850,10,3.907054,0.001251
4,5,9,1,0|1|0|0|2,0|1|4|0|1,0,10,3.901431,0.000726,10,3.901488,0.000916
4,5,9,1,0|1|0|0|3,0|1|4|0|0,0,10,3.890442,0.001296,10,3.889703,0.001130
4,5,9,1,0|1|0|0|0,0|1|4|1|2,0,10,3.925230,0.001088,10,3.925457,0.001060
4,5,9,1,0|1|0|0|1,0|1|4|1|1,0,10,3.924347,0.001306,10,3.924250,0.000764
4,5,9,1,0|1|0|0|2,0|1|4|1|0,0,10,3.915559,0.000746,10,3.915237,0.000645
4,5,9,1,0|1|0|0|0,0|1|4|2|1,0,10,3.915067,0.000882,10,3.915519,0.000847
4,5,9,1,0|1|0|0|1,0|1|4|2|0,0,10,3.907142,0.000648,10,3.907126,0.000544
4,5,9,1,0|1|0|0|0,0|1|4|3|0,0,10,3.859843,0.000423,10,3.859938,0.000644
4,5,9,1,0|1|0|1|0,0|1|4|0|2,0,10,3.917446,0.000672,10,3.917950,0.000987
4,5,9,1,0|1|0|1|1,0|1|4|0|1,0,10,3.914859,0.000588,10,3.914627,0.001056
4,5,9,1,0|1|0|1|2,0|1|4|0|0,0,10,3.902334,0.000925,10,3.902853,0.000769
4,5,9,1,0|1|0|1|0,0|1|4|1|1,0,10,3.913372,0.000896,10,3.913964,0.000701
4,5,9,1,0|1|0|1|1,0|1|4|1|0,0,10,3.903500,0.000797,10,3.904082,0.000297
4,5,9,1,0|1|0|1|0,0|1|4|2|0,0,10,3.860681,0.000479,10,3.860856,0.000397
4,5,9,1,0|1|0|2|0,0|1|4|0|1,0,10,3.902957,0.000869,10,3.902685,0.001017
4,5,9,1,0|1|0|2|1,0|1|4|0|0,0,10,3.889773,0.000594,10,3.890173,0.000474
4,5,9,1,0|1|0|2|0,0|1|4|1|0,0,10,3.853651,0.000791,10,3.853903,0.000468
4,5,9,1,0|1|0|3|0,0|1|4|0|0,0,10,3.839384,0.000602,10,3.839471,0.000765
4,5,9,1,0|1|0|0|0,0|1|5|0|2,0,10,3.879013,0.000802,10,3.878847,0.000753
4,5,9,1,0|1|0|0|1,0|1|5|0|1,0,10,3.877474,0.000818,10,3.877707,0.000716
4,5,9,1,0|1|0|0|2,0|1|5|0|0,0,10,3.857072,0.000610,10,3.857244,0.000571
4,5,9,1,0|1|0|0|0,0|1|5|1|1,0,10,3.891282,0.000777,10,3.890862,0.000786
4,5,9,1,0|1|0|0|1,0|1|5|1|0,0,10,3.878759,0.000631,10,3.879151,0.000947
4,5,9,1,0|1|0|0|0,0|1|5|2|0,0,10,3.829740,0.000410,10,3.829642,0.000672
4,5,9,1,0|1|0|1|0,0|1|5|0|1,0,10,3.878374,0.000629,10,3.878193,0.000670
4,5,9,1,0|1|0|1|1,0|1|5|0|0,0,10,3.859989,0.000470,10,3.860029,0.000657
4,5,9,1,0|1|0|1|0,0|1|5|1|0,0,10,3.826485,0.000670,10,3.826536,0.000464
4,5,9,1,0|1|0|2|0,0|1|5|0|0,0,10,3.806010,0.000370,10,3.805888,0.000580
4,5,9,1,0|1|0|0|0,0|1|6|0|1,0,10,3.812135,0.000439,10,3.812240,0.000400
4,5,9,1,0|1|0|0|1,0|1|6|0|0,0,10,3.788187,0.000376,10,3.788227,0.000611
4,5,9,1,0|1|0|0|0,0|1|6|1|0,0,10,3.768437,0.000318,10,3.768693,0.000432
4,5,9,1,0|1|0|1|0,0|1|6|0|0,0,10,3.744369,0.000496,10,3.744468,0.000448
4,5,9,1,0|1|0|0|0,0|1|7|0|0,0,10,3.582612,0.000471,10,3.582671,0.000272
4,5,9,1,0|1|1|0|0,0|1|0|0|6,0,10,3.920994,0.001075,10,3.921103,0.001555
4,5,9,1,0|1|1|0|1,0|1|0|0|5,0,10,3.922490,0.001026,10,3.921844,0.001316
4,5,9,1,0|1|1|0|2,0|1|0|0|4,0,10,3.921451,0.000883,10,3.921399,0.001556
4,5,9,1,0|1|1|0|3,0|1|0|0|3,0,10,3.920893,0.001492,10,3.920685,0.000985
4,5,9,1,0|1|1|0|4,0|1|0|0|2,0,10,3.920401,0.001139,10,3.920166,0.000782
4,5,9,1,0|1|1|0|5,0|1|0|0|1,0,10,3.919486,0.001214,10,3.919172,0.000872
4,5,9,1,0|1|1|0|6,0|1|0|0|0,0,10,3.916813,0.001374,10,3.916249,0.001521
4,5,9,1,0|1|1|0|0,0|1|0|1|5,0,10,3.941763,0.001087,10,3.941597,0.001517
4,5,9,1,0|1|1|0|1,0|1|0|1|4,0,10,3.943208,0.001374,10,3.943028,0.001051
4,5,9,1,0|1|1|0|2,0|1|0|1|3,0,10,3.942736,0.001097,10,3.942455,0.001364
4,5,9,1,0|1|1|0|3,0|1|0|1|2,0,10,3.941678,0.000970,10,3.941530,0.001053
4,5,9,1,0|1|1|0|4,0|1|0|1|1,0,10,3.941088,0.001128,10,3.941128,0.001204
4,5,9,1,0|1|1|0|5,0|1|0|1|0,0,10,3.939786,0.000855,10,3.939895,0.001257
4,5,9,1,0|1|1|0|0,0|1|0|2|4,0,10,3.945483,0.000934,10,3.945096,0.000923
4,5,9,1,0|1|1|0|1,0|1|0|2|3,0,10,3.946810,0.001260,10,3.946058,0.001413
4,5,9,1,0|1|1|0|2,0|1|0|2|2,0,10,3.945015,0.001306,10,3.944920,0.001205
4,5,9,1,0|1|1|0|3,0|1|0|2|1,0,10,3.945279,0.000780,10,3.944836,0.000957
4,5,9,1,0|1|1|0|4,0|1|0|2|0,0,10,3.941740,0.000908,10,3.942261,0.000957
4,5,9,1,0|1|1|0|0,0|1|0|3|3,0,10,3.945115,0.000852,10,3.944907,0.001203
4,5,9,1,0|1|1|0|1,0|1|0|3|2,0,10,3.945632,0.001241,10,3.946258,0.001480
4,5,9,1,0|1|1|0|2,0|1|0|3|1,0,10,3.943659,0.001060,10,3.943796,0.000873
4,5,9,1,0|1|1|0|3,0|1|0|3|0,0,10,3.940436,0.001413,10,3.940276,0.000851
4,5,9,1,0|1|1|0|0,0|1|0|4|2,0,10,3.941015,0.000678,10,3.940690,0.001080
4,5,9,1,0|1|1|0|1,0|1|0|4|1,0,10,3.940634,0.000811,10,3.940542,0.000798
4,5,9,1,0|1|1|0|2,0|1|0|4|0,0,10,3.935182,0.000971,10,3.934298,0.000632
4,5,9,1,0|1|1|0|0,0|1|0|5|1,0,10,3.927373,0.000797,10,3.927381,0.001002
4,5,9,1,0|1|1|0|1,0|1|0|5|0,0,10,3.921263,0.000386,10,3.920478,0.000948
4,5,9,1,0|1|1|0|0,0|1|0|6|0,0,10,3.872964,0.000676,10,3.872365,0.000723
4,5,9,1,0|1|1|1|0,0|1|0|0|5,0,10,3.938196,0.001133,10,3.937617,0.000926
4,5,9,1,0|1|1|1|1,0|1|0|0|4,0,10,3.938936,0.001309,10,3.938194,0.001020
4,5,9,1,0|1|1|1|2,0|1|0|0|3,0,10,3.937271,0.000948,10,3.937680,0.000647
4,5,9,1,0|1|1|1|3,0|1|0|0|2,0,10,3.935844,0.001286,10,3.936501,0.000525
4,5,9,1,0|1|1|1|4,0|1|0|0|1,0,10,3.935771,0.000687,10,3.935203,0.000933
4,5,9,1,0|1|1|1|5,0|1|0|0|0,0,10,3.932733,0.001400,10,3.932707,0.000723
4,5,9,1,0|1|1|1|0,0|1|0|1|4,0,10,3.943994,0.001340,10,3.945036,0.001516
4,5,9,1,0|1|1|1|1,0|1|0|1|3,0,10,3.945190,0.001165,10,3.945007,0.000973
4,5,9,1,0|1|1|1|2,0|1|0|1|2,0,10,3.944651,0.000941,10,3.944841,0.001583
4,5,9,1,0|1|1|1|3,0|1|0|1|1,0,10,3.942655,0.001000,10,3.943308,0.001706
4,5,9,1,0|1|1|1|4,0|1|0|1|0,0,10,3.940436,0.001113,10,3.940814,0.000842
4,5,9,1,0|1|1|1|0,0|1|0|2|3,0,10,3.944718,0.001043,10,3.944603,0.001613
4,5,9,1,0|1|1|1|1,0|1|0|2|2,0,10,3.945383,0.001182,10,3.945029,0.002033
4,5,9,1,0|1|1|1|2,0|1|0|2|1,0,10,3.943551,0.001158,10,3.943859,0.001009
4,5,9,1,0|1|1|1|3,0|1|0|2|0,0,10,3.939746,0.001117,10,3.940058,0.001585
4,5,9,1,0|1|1|1|0,0|1|0|3|2,0,10,3.939852,0.001384,10,3.940760,0.000590
4,5,9,1,0|1|1|1|1,0|1|0|3|1,0,10,3.939873,0.000560,10,3.939834,0.000767
4,5,9,1,0|1|1|1|2,0|1|0|3|0,0,10,3.934440,0.000958,10,3.934638,0.000755
4,5,9,1,0|1|1|1|0,0|1|0|4|1,0,10,3.926628,0.000829,10,3.927154,0.000570
4,5,9,1,0|1|1|1|1,0|1|0|4|0,0,10,3.920676,0.000721,10,3.920070,0.000957
4,5,9,1,0|1|1|1|0,0|1|0|5|0,0,10,3.873374,0.000461,10,3.873310,0.000453
4,5,9,1,0|1|1|2|0,0|1|0|0|4,0,10,3.941368,0.001158,10,3.941701,0.001372
4,5,9,1,0|1|1|2|1,0|1|0|0|3,0,10,3.941395,0.001132,10,3.941054,0.001143
4,5,9,1,0|1|1|2|2,0|1|0|0|2,0,10,3.939949,0.000923,10,3.940015,0.001294
4,5,9,1,0|1|1|2|3,0|1|0|0|1,0,10,3.937441,0.001133,10,3.937044,0.000922
4,5,9,1,0|1|1|2|4,0|1|0|0|0,0,10,3.933793,0.000581,10,3.933183,0.001392
4,5,9,1,0|1|1|2|0,0|1|0|1|3,0,10,3.943343,0.001220,10,3.943092,0.001022
4,5,9,1,0|1|1|2|1,0|1|0|1|2,0,10,3.943609,0.000520,10,3.942954,0.000889
4,5,9,1,0|1|1|2|2,0|1|0|1|1,0,10,3.940834,0.001152,10,3.941169,0.001265
4,5,9,1,0|1|1|2|3,0|1|0|1|0,0,10,3.936647,0.001115,10,3.937019,0.001331
4,5,9,1,0|1|1|2|0,0|1|0|2|2,0,10,3.938708,0.000803,10,3.938208,0.000502
4,5,9,1,0|1|1|2|1,0|1|0|2|1,0,10,3.938149,0.001095,10,3.938283,0.001177
4,5,9,1,0|1|1|2|2,0|1|0|2|0,0,10,3.931388,0.001013,10,3.931494,0.001344
4,5,9,1,0|1|1|2|0,0|1|0|3|1,0,10,3.925156,0.001278,10,3.925418,0.001404
4,5,9,1,0|1|1|2|1,0|1|0|3|0,0,10,3.918481,0.000857,10,3.918566,0.000823
4,5,9,1,0|1|1|2|0,0|1|0|4|0,0,10,3.872449,0.000706,10,3.871578,0.000826
4,5,9,1,0|1|1|3|0,0|1|0|0|3,0,10,3.939805,0.001291,10,3.939071,0.001121
4,5,9,1,0|1|1|3|1,0|1|0|0|2,0,10,3.939568,0.000777,10,3.939623,0.001354
4,5,9,1,0|1|1|3|2,0|1|0|0|1,0,10,3.937135,0.000576,10,3.936514,0.000876
4,5,9,1,0|1|1|3|3,0|1|0|0|0,0,10,3.930167,0.000900,10,3.930035,0.000959
4,5,9,1,0|1|1|3|0,0|1|0|1|2,0,10,3.936760,0.001229,10,3.936909,0.001352
4,5,9,1,0|1|1|3|1,0|1|0|1|1,0,10,3.936006,0.001083,10,3.936392,0.000847
4,5,9,1,0|1|1|3|2,0|1|0|1|0,0,10,3.929191,0.000791,10,3.929102,0.000876
4,5,9,1,0|1|1|3|0,0|1|0|2|1,0,10,3.923541,0.000701,10,3.923404,0.000955
4,5,9,1,0|1|1|3|1,0|1|0|2|0,0,10,3.916140,0.001055,10,3.916083,0.000574
4,5,9,1,0|1|1|3|0,0|1|0|3|0,0,10,3.870501,0.000500,10,3.870064,0.000520
4,5,9,1,0|1|1|4|0,0|1|0|0|2,0,10,3.933376,0.000962,10,3.933310,0.000775
4,5,9,1,0|1|1|4|1,0|1|0|0|1,0,10,3.933199,0.001381,10,3.932832,0.001286
4,5,9,1,0|1|1|4|2,0|1|0|0|0,0,10,3.924088,0.000542,10,3.923767,0.000404
4,5,9,1,0|1|1|4|0,0|1|0|1|1,0,10,3.921685,0.000842,10,3.920898,0.000798
4,5,9,1,0|1|1|4|1,0|1|0|1|0,0,10,3.913462,0.001035,10,3.913421,0.000801
4,5,9,1,0|1|1|4|0,0|1|0|2|0,0,10,3.868402,0.000460,10,3.868746,0.000694
4,5,9,1,0|1|1|5|0,0|1|0|0|1,0,10,3.918341,0.000598,10,3.918493,0.000952
4,5,9,1,0|1|1|5|1,0|1|0|0|0,0,10,3.909374,0.001001,10,3.910043,0.000743
4,5,9,1,0|1|1|5|0,0|1|0|1|0,0,10,3.865750,0.000707,10,3.865489,0.000613
4,5,9,1,0|1|1|6|0,0|1|0|0|0,0,10,3.860705,0.000439,10,3.860961,0.000825
4,5,9,1,0|1|1|0|0,0|1|1|0|5,0,10,3.923472,0.001435,10,3.923461,0.001150
4,5,9,1,0|1|1|0|1,0|1|1|0|4,0,10,3.924389,0.001024,10,3.924180,0.001481
4,5,9,1,0|1|1|0|2,0|1|1|0|3,0,10,3.923225,0.001358,10,3.923755,0.001323
4,5,9,1,0|1|1|0|3,0|1|1|0|2,0,10,3.922422,0.000964,10,3.922229,0.001352
4,5,9,1,0|1|1|0|4,0|1|1|0|1,0,10,3.920510,0.001244,10,3.919958,0.000934
4,5,9,1,0|1|1|0|5,0|1|1|0|0,0,10,3.916805,0.001048,10,3.917280,0.001739
4,5,9,1,0|1|1|0|0,0|1|1|1|4,0,10,3.942285,0.000973,10,3.942728,0.001238
4,5,9,1,0|1|1|0|1,0|1|1|1|3,0,10,3.942481,0.001000,10,3.942534,0.000726
4,5,9,1,0|1|1|0|2,0|1|1|1|2,0,10,3.942425,0.000666,10,3.941678,0.001636
4,5,9,1,0|1|1|0|3,0|1|1|1|1,0,10,3.940405,0.001289,10,3.940888,0.000806
4,5,9,1,0|1|1|0|4,0|1|1|1|0,0,10,3.938152,0.001180,10,3.938326,0.001410
4,5,9,1,0|1|1|0|0,0|1|1|2|3,0,10,3.944819,0.000700,10,3.944431,0.001087
4,5,9,1,0|1|1|0|1,0|1|1|2|2,0,10,3.944949,0.000965,10,3.945486,0.001287
4,5,9,1,0|1|1|0|2,0|1|1|2|1,0,10,3.943374,0.001163,10,3.943715,0.001661
4,5,9,1,0|1|1|0|3,0|1|1|2|0,0,10,3.939382,0.001537,10,3.940618,0.001209
4,5,9,1,0|1|1|0|0,0|1|1|3|2,0,10,3.941713,0.000938,10,3.941915,0.001407
4,5,9,1,0|1|1|0|1,0|1|1|3|1,0,10,3.942089,0.001007,10,3.941507,0.000784
4,5,9,1,0|1|1|0|2,0|1|1|3|0,0,10,3.936029,0.001076,10,3.936054,0.000781
4,5,9,1,0|1|1|0|0,0|1|1|4|1,0,10,3.930856,0.000771,10,3.930852,0.001094
4,5,9,1,0|1|1|0|1,0|1|1|4|0,0,10,3.925878,0.000665,10,3.924991,0.000855
4,5,9,1,0|1|1|0|0,0|1|1|5|0,0,10,3.884381,0.000664,10,3.884181,0.000674
4,5,9,1,0|1|1|1|0,0|1|1|0|4,0,10,3.937828,0.001380,10,3.937870,0.001114
4,5,9,1,0|1|1|1|1,0|1|1|0|3,0,10,3.937921,0.001558,10,3.938486,0.000807
4,5,9,1,0|1|1|1|2,0|1|1|0|2,0,10,3.937138,0.000800,10,3.937019,0.001249
4,5,9,1,0|1|1|1|3,0|1|1|0|1,0,10,3.935147,0.001356,10,3.935636,0.001064
4,5,9,1,0|1|1|1|4,0|1|1|0|0,0,10,3.930321,0.001299,10,3.931353,0.001261
4,5,9,1,0|1|1|1|0,0|1|1|1|3,0,10,3.943747,0.001230,10,3.943797,0.001009
4,5,9,1,0|1|1|1|1,0|1|1|1|2,0,10,3.943779,0.000977,10,3.944239,0.000994
4,5,9,1,0|1|1|1|2,0|1|1|1|1,0,10,3.942393,0.001110,10,3.942109,0.001155
4,5,9,1,0|1|1|1|3,0|1|1|1|0,0,10,3.938648,0.001127,10,3.937713,0.001109
4,5,9,1,0|1|1|1|0,0|1|1|2|2,0,10,3.941228,0.001060,10,3.940147,0.001034
4,5,9,1,0|1|1|1|1,0|1|1|2|1,0,10,3.941003,0.001162,10,3.941500,0.001088
4,5,9,1,0|1|1|1|2,0|1|1|2|0,0,10,3.935742,0.001552,10,3.935708,0.001078
4,5,9,1,0|1|1|1|0,0|1|1|3|1,0,10,3.930375,0.000597,10,3.930499,0.000524
4,5,9,1,0|1|1|1|1,0|1|1|3|0,0,10,3.924881,0.000760,10,3.925138,0.000859
4,5,9,1,0|1|1|1|0,0|1|1|4|0,0,10,3.885276,0.000802,10,3.884718,0.000993
4,5,9,1,0|1|1|2|0,0|1|1|0|3,0,10,3.938964,0.001377,10,3.939221,0.000930
4,5,9,1,0|1|1|2|1,0|1|1|0|2,0,10,3.939126,0.001246,10,3.938441,0.001066
4,5,9,1,0|1|1|2|2,0|1|1|0|1,0,10,3.935669,0.001602,10,3.935524,0.001333
4,5,9,1,0|1|1|2|3,0|1|1|0|0,0,10,3.930450,0.001032,10,3.929718,0.000999
4,5,9,1,0|1|1|2|0,0|1|1|1|2,0,10,3.938656,0.001061,10,3.938991,0.001250
4,5,9,1,0|1|1|2|1,0|1|1|1|1,0,10,3.938009,0.000514,10,3.937774,0.000731
4,5,9,1,0|1|1|2|2,0|1|1|1|0,0,10,3.931970,0.000515,10,3.932159,0.000910
4,5,9,1,0|1|1|2|0,0|1|1|2|1,0,10,3.928888,0.001334,10,3.928024,0.001138
4,5,9,1,0|1|1|2|1,0|1|1|2|0,0,10,3.922087,0.000924,10,3.921698,0.000987
4,5,9,1,0|1|1|2|0,0|1|1|3|0,0,10,3.883022,0.000629,10,3.882766,0.000551
4,5,9,1,0|1|1|3|0,0|1|1|0|2,0,10,3.934883,0.000934,10,3.934036,0.000438
4,5,9,1,0|1|1|3|1,0|1|1|0|1,0,10,3.933724,0.001253,10,3.933640,0.000907
4,5,9,1,0|1|1|3|2,0|1|1|0|0,0,10,3.924755,0.001086,10,3.924637,0.000853
4,5,9,1,0|1|1|3|0,0|1|1|1|1,0,10,3.926256,0.000981,10,3.925808,0.000563
4,5,9,1,0|1|1|3|1,0|1|1|1|0,0,10,3.918893,0.000744,10,3.918743,0.001152
4,5,9,1,0|1|1|3|0,0|1|1|2|0,0,10,3.880400,0.000389,10,3.880187,0.000965
4,5,9,1,0|1|1|4|0,0|1|1|0|1,0,10,3.921086,0.000834,10,3.920973,0.000802
4,5,9,1,0|1|1|4|1,0|1|1|0|0,0,10,3.912845,0.000820,10,3.912643,0.001245
4,5,9,1,0|1|1|4|0,0|1|1|1|0,0,10,3.876662,0.000660,10,3.876688,0.000434
4,5,9,1,0|1|1|5|0,0|1|1|0|0,0,10,3.870239,0.000733,10,3.870462,0.000512
4,5,9,1,0|1|1|0|0,0|1|2|0|4,0,10,3.917231,0.000890,10,3.918125,0.000974
4,5,9,1,0|1|1|0|1,0|1|2|0|3,0,10,3.918160,0.001110,10,3.918831,0.001147
4,5,9,1,0|1|1|0|2,0|1|2|0|2,0,10,3.917314,0.001240,10,3.917055,0.000999
4,5,9,1,0|1|1|0|3,0|1|2|0|1,0,10,3.913832,0.000705,10,3.913635,0.001125
4,5,9,1,0|1|1|0|4,0|1|2|0|0,0,10,3.907418,0.001002,10,3.907398,0.001092
4,5,9,1,0|1|1|0|0,0|1|2|1|3,0,10,3.936460,0.000555,10,3.936682,0.001568
4,5,9,1,0|1|1|0|1,0|1|2|1|2,0,10,3.937511,0.001159,10,3.936928,0.001162
4,5,9,1,0|1|1|0|2,0|1|2|1|1,0,10,3.935424,0.000877,10,3.935675,0.001187
4,5,9,1,0|1|1|0|3,0|1|2|1|0,0,10,3.929916,0.001300,10,3.929599,0.000913
4,5,9,1,0|1|1|0|0,0|1|2|2|2,0,10,3.936357,0.001273,10,3.936916,0.000869
4,5,9,1,0|1|1|0|1,0|1|2|2|1,0,10,3.936101,0.001148,10,3.936259,0.001001
4,5,9,1,0|1|1|0|2,0|1|2|2|0,0,10,3.929534,0.001097,10,3.929841,0.001084
4,5,9,1,0|1|1|0|0,0|1|2|3|1,0,10,3.925601,0.000586,10,3.924553,0.000386
4,5,9,1,0|1|1|0|1,0|1|2|3|0,0,10,3.918770,0.000761,10,3.918828,0.000550
4,5,9,1,0|1|1|0|0,0|1|2|4|0,0,10,3.876277,0.000511,10,3.876142,0.000534
4,5,9,1,0|1|1|1|0,0|1|2|0|3,0,10,3.931934,0.000879,10,3.931741,0.001218
4,5,9,1,0|1|1|1|1,0|1|2|0|2,0,10,3.930773,0.001073,10,3.931495,0.000944
4,5,9,1,0|1|1|1|2,0|1|2|0|1,0,10,3.927584,0.001046,10,3.927237,0.000961
4,5,9,1,0|1|1|1|3,0|1|2|0|0,0,10,3.919966,0.000950,10,3.919613,0.001034
4,5,9,1,0|1|1|1|0,0|1|2|1|2,0,10,3.934916,0.000603,10,3.934655,0.001069
4,5,9,1,0|1|1|1|1,0|1|2|1|1,0,10,3.933679,0.001146,10,3.933783,0.001057
4,5,9,1,0|1|1|1|2,0|1|2|1|0,0,10,3.925975,0.001147,10,3.926551,0.000972
4,5,9,1,0|1|1|1|0,0|1|2|2|1,0,10,3.924379,0.000964,10,3.924979,0.001140
4,5,9,1,0|1|1|1|1,0|1|2|2|0,0,10,3.917241,0.000920,10,3.917501,0.000648
4,5,9,1,0|1|1|1|0,0|1|2|3|0,0,10,3.877160,0.000519,10,3.877000,0.000576
4,5,9,1,0|1|1|2|0,0|1|2|0|2,0,10,3.927946,0.001327,10,3.927939,0.000879
4,5,9,1,0|1|1|2|1,0|1|2|0|1,0,10,3.926307,0.000850,10,3.925675,0.000764
4,5,9,1,0|1|1|2|2,0|1|2|0|0,0,10,3.915653,0.000756,10,3.915847,0.000861
4,5,9,1,0|1|1|2|0,0|1|2|1|1,0,10,3.920598,0.000837,10,3.920204,0.000820
4,5,9,1,0|1|1|2|1,0|1|2|1|0,0,10,3.912886,0.000755,10,3.912517,0.001032
4,5,9,1,0|1|1|2|0,0|1|2|2|0,0,10,3.873136,0.000924,10,3.873170,0.000447
4,5,9,1,0|1|1|3|0,0|1|2|0|1,0,10,3.913675,0.000692,10,3.913382,0.000869
4,5,9,1,0|1|1|3|1,0|1|2|0|0,0,10,3.903357,0.000552,10,3.903571,0.000964
4,5,9,1,0|1|1|3|0,0|1|2|1|0,0,10,3.868020,0.000476,10,3.868187,0.000608
4,5,9,1,0|1|1|4|0,0|1|2|0|0,0,10,3.858133,0.000511,10,3.858168,0.000351
4,5,9,1,0|1|1|0|0,0|1|3|0|3,0,10,3.905583,0.000957,10,3.905875,0.001067
4,5,9,1,0|1|1|0|1,0|1|3|0|2,0,10,3.906481,0.000585,10,3.906427,0.000988
4,5,9,1,0|1|1|0|2,0|1|3|0|1,0,10,3.900887,0.000719,10,3.901606,0.001150
4,5,9,1,0|1|1|0|3,0|1|3|0|0,0,10,3.889404,0.000744,10,3.889064,0.000890
4,5,9,1,0|1|1|0|0,0|1|3|1|2,0,10,3.924015,0.000686,10,3.924092,0.000593
4,5,9,1,0|1|1|0|1,0|1|3|1|1,0,10,3.922768,0.001140,10,3.923380,0.000709
4,5,9,1,0|1|1|0|2,0|1|3|1|0,0,10,3.913036,0.000807,10,3.912883,0.000661
4,5,9,1,0|1|1|0|0,0|1|3|2|1,0,10,3.913611,0.001165,10,3.913848,0.000838
4,5,9,1,0|1|1|0|1,0|1|3|2|0,0,10,3.905142,0.000769,10,3.904909,0.001202
4,5,9,1,0|1|1|0|0,0|1|3|3|0,0,10,3.859139,0.000715,10,3.859307,0.000781
4,5,9,1,0|1|1|1|0,0|1|3|0|2,0,10,3.915825,0.001131,10,3.915740,0.000984
4,5,9,1,0|1|1|1|1,0|1|3|0|1,0,10,3.911395,0.000902,10,3.911413,0.000723
4,5,9,1,0|1|1|1|2,0|1|3|0|0,0,10,3.898509,0.000736,10,3.898533,0.000429
4,5,9,1,0|1|1|1|0,0|1|3|1|1,0,10,3.910355,0.000944,10,3.910438,0.000397
4,5,9,1,0|1|1|1|1,0|1|3|1|0,0,10,3.900479,0.000516,10,3.900502,0.000752
4,5,9,1,0|1|1|1|0,0|1|3|2|0,0,10,3.858246,0.000409,10,3.858676,0.000423
4,5,9,1,0|1|1|2|0,0|1|3|0|1,0,10,3.900228,0.000754,10,3.899763,0.000719
4,5,9,1,0|1|1|2|1,0|1|3|0|0,0,10,3.885724,0.000788,10,3.885606,0.000474
4,5,9,1,0|1|1|2|0,0|1|3|1|0,0,10,3.850880,0.000401,10,3.851297,0.000491
4,5,9,1,0|1|1|3|0,0|1|3|0|0,0,10,3.836174,0.000464,10,3.836794,0.000417
4,5,9,1,0|1|1|0|0,0|1|4|0|2,0,10,3.878813,0.000979,10,3.878916,0.000624
4,5,9,1,0|1|1|0|1,0|1|4|0|1,0,10,3.876441,0.000929,10,3.875957,0.000730
4,5,9,1,0|1|1|0|2,0|1|4|0|0,0,10,3.855903,0.001024,10,3.855974,0.000509
4,5,9,1,0|1|1|0|0,0|1|4|1|1,0,10,3.889357,0.000646,10,3.888782,0.000427
4,5,9,1,0|1|1|0|1,0|1|4|1|0,0,10,3.876397,0.000627,10,3.876237,0.000435
4,5,9,1,0|1|1|0|0,0|1|4|2|0,0,10,3.828807,0.000572,10,3.828929,0.000606
4,5,9,1,0|1|1|1|0,0|1|4|0|1,0,10,3.874016,0.001092,10,3.874300,0.001129
4,5,9,1,0|1|1|1|1,0|1|4|0|0,0,10,3.855075,0.000337,10,3.855381,0.000739
4,5,9,1,0|1|1|1|0,0|1|4|1|0,0,10,3.823410,0.000643,10,3.823501,0.000389
4,5,9,1,0|1|1|2|0,0|1|4|0|0,0,10,3.802379,0.000485,10,3.802511,0.000674
4,5,9,1,0|1|1|0|0,0|1|5|0|1,0,10,3.812280,0.000665,10,3.811589,0.000591
4,5,9,1,0|1|1|0|1,0|1|5|0|0,0,10,3.786429,0.000626,10,3.786617,0.000531
4,5,9,1,0|1|1|0|0,0|1|5|1|0,0,10,3.768124,0.000667,10,3.768122,0.000410
4,5,9,1,0|1|1|1|0,0|1|5|0|0,0,10,3.741429,0.000413,10,3.741393,0.000722
4,5,9,1,0|1|1|0|0,0|1|6|0|0,0,10,3.588399,0.000492,10,3.588677,0.000596
4,5,9,1,0|1|2|0|0,0|1|0|0|5,0,10,3.922185,0.001163,10,3.921898,0.001004
4,5,9,1,0|1|2|0|1,0|1|0|0|4,0,10,3.922409,0.001048,10,3.922843,0.001096
4,5,9,1,0|1|2|0|2,0|1|0|0|3,0,10,3.922051,0.000774,10,3.921976,0.001468
4,5,9,1,0|1|2|0|3,0|1|0|0|2,0,10,3.920109,0.000883,10,3.920550,0.001003
4,5,9,1,0|1|2|0|4,0|1|0|0|1,0,10,3.918336,0.001188,10,3.917879,0.000782
4,5,9,1,0|1|2|0|5,0|1|0|0|0,0,10,3.913604,0.001473,10,3.913999,0.001165
4,5,9,1,0|1|2|0|0,0|1|0|1|4,0,10,3.940444,0.001632,10,3.940782,0.000467
4,5,9,1,0|1|2|0|1,0|1|0|1|3,0,10,3.941707,0.001074,10,3.941287,0.001291
4,5,9,1,0|1|2|0|2,0|1|0|1|2,0,10,3.940951,0.001132,10,3.941254,0.001047
4,5,9,1,0|1|2|0|3,0|1|0|1|1,0,10,3.938962,0.001182,10,3.939618,0.001028
4,5,9,1,0|1|2|0|4,0|1|0|1|0,0,10,3.935971,0.001114,10,3.935460,0.001555
4,5,9,1,0|1|2|0|0,0|1|0|2|3,0,10,3.942868,0.001375,10,3.943072,0.000707
4,5,9,1,0|1|2|0|1,0|1|0|2|2,0,10,3.943284,0.000972,10,3.943528,0.001027
4,5,9,1,0|1|2|0|2,0|1|0|2|1,0,10,3.941597,0.000785,10,3.941730,0.000965
4,5,9,1,0|1|2|0|3,0|1|0|2|0,0,10,3.937057,0.000887,10,3.937737,0.001129
4,5,9,1,0|1|2|0|0,0|1|0|3|2,0,10,3.939241,0.001120,10,3.939393,0.001409
4,5,9,1,0|1|2|0|1,0|1|0|3|1,0,10,3.939848,0.001078,10,3.939338,0.001111
4,5,9,1,0|1|2|0|2,0|1|0|3|0,0,10,3.934231,0.001242,10,3.933989,0.000861
4,5,9,1,0|1|2|0|0,0|1|0|4|1,0,10,3.928795,0.000628,10,3.928243,0.000801
4,5,9,1,0|1|2|0|1,0|1|0|4|0,0,10,3.922141,0.001126,10,3.922082,0.000848
4,5,9,1,0|1|2|0|0,0|1|0|5|0,0,10,3.879249,0.000626,10,3.879618,0.000552
4,5,9,1,0|1|2|1|0,0|1|0|0|4,0,10,3.936188,0.001290,10,3.936176,0.000681
4,5,9,1,0|1|2|1|1,0|1|0|0|3,0,10,3.936304,0.000776,10,3.936052,0.000921
4,5,9,1,0|1|2|1|2,0|1|0|0|2,0,10,3.934644,0.000765,10,3.933971,0.001743
4,5,9,1,0|1|2|1|3,0|1|0|0|1,0,10,3.932566,0.000951,10,3.932116,0.001235
4,5,9,1,0|1|2|1|4,0|1|0|0|0,0,10,3.927153,0.000869,10,3.927792,0.001019
4,5,9,1,0|1|2|1|0,0|1|0|1|3,0,10,3.942156,0.001251,10,3.942180,0.001156
4,5,9,1,0|1|2|1|1,0|1|0|1|2,0,10,3.941804,0.000999,10,3.941369,0.000610
4,5,9,1,0|1|2|1|2,0|1|0|1|1,0,10,3.940296,0.001245,10,3.940374,0.001109
4,5,9,1,0|1|2|1|3,0|1|0|1|0,0,10,3.936091,0.001220,10,3.935643,0.001277
4,5,9,1,0|1|2|1|0,0|1|0|2|2,0,10,3.938976,0.001418,10,3.939350,0.001453
4,5,9,1,0|1|2|1|1,0|1|0|2|1,0,10,3.938857,0.000753,10,3.938288,0.000895
4,5,9,1,0|1|2|1|2,0|1|0|2|0,0,10,3.933113,0.000641,10,3.932951,0.001118
4,5,9,1,0|1|2|1|0,0|1|0|3|1,0,10,3.927403,0.000746,10,3.927682,0.000864
4,5,9,1,0|1|2|1|1,0|1|0|3|0,0,10,3.921574,0.000554,10,3.921315,0.001032
4,5,9,1,0|1|2|1|0,0|1|0|4|0,0,10,3.880615,0.000863,10,3.880634,0.000697
4,5,9,1,0|1|2|2|0,0|1|0|0|3,0,10,3.937055,0.000881,10,3.936521,0.000773
4,5,9,1,0|1|2|2|1,0|1|0|0|2,0,10,3.935979,0.001050,10,3.936398,0.000956
4,5,9,1,0|1|2|2|2,0|1|0|0|1,0,10,3.932924,0.000927,10,3.932988,0.001549
4,5,9,1,0|1|2|2|3,0|1|0|0|0,0,10,3.925358,0.000983,10,3.925572,0.000811
4,5,9,1,0|1|2|2|0,0|1|0|1|2,0,10,3.936072,0.001228,10,3.936699,0.001266
4,5,9,1,0|1|2|2|1,0|1|0|1|1,0,10,3.935548,0.000811,10,3.935197,0.001000
4,5,9,1,0|1|2|2|2,0|1|0|1|0,0,10,3.928854,0.000679,10,3.928446,0.001049
4,5,9,1,0|1|2|2|0,0|1|0|2|1,0,10,3.925093,0.000945,10,3.925235,0.000764
4,5,9,1,0|1|2|2|1,0|1|0|2|0,0,10,3.918215,0.000906,10,3.918147,0.000885
4,5,9,1,0|1|2|2|0,0|1|0|3|0,0,10,3.878017,0.000616,10,3.878011,0.000933
4,5,9,1,0|1|2|3|0,0|1|0|0|2,0,10,3.930666,0.001064,10,3.931041,0.000928
4,5,9,1,0|1|2|3|1,0|1|0|0|1,0,10,3.929856,0.000628,10,3.929407,0.000778
4,5,9,1,0|1|2|3|2,0|1|0|0|0,0,10,3.919843,0.000833,10,3.919297,0.000798
4,5,9,1,0|1|2|3|0,0|1|0|1|1,0,10,3.922006,0.000891,10,3.921545,0.001068
4,5,9,1,0|1|2|3|1,0|1|0|1|0,0,10,3.913892,0.000778,10,3.914258,0.000784
4,5,9,1,0|1|2|3|0,0|1|0|2|0,0,10,3.874642,0.000553,10,3.874666,0.000462
4,5,9,1,0|1|2|4|0,0|1|0|0|1,0,10,3.915990,0.000449,10,3.916008,0.001045
4,5,9,1,0|1|2|4|1,0|1|0|0|0,0,10,3.907104,0.000986,10,3.906972,0.000769
4,5,9,1,0|1|2|4|0,0|1|0|1|0,0,10,3.869904,0.000781,10,3.870014,0.000388
4,5,9,1,0|1|2|5|0,0|1|0|0|0,0,10,3.861781,0.000746,10,3.861933,0.000480
4,5,9,1,0|1|2|0|0,0|1|1|0|4,0,10,3.917584,0.001204,10,3.916894,0.000776
4,5,9,1,0|1|2|0|1,0|1|1|0|3,0,10,3.918747,0.001516,10,3.918309,0.001218
4,5,9,1,0|1|2|0|2,0|1|1|0|2,0,10,3.916035,0.000736,10,3.916586,0.001000
4,5,9,1,0|1|2|0|3,0|1|1|0|1,0,10,3.912444,0.001512,10,3.912675,0.000882
4,5,9,1,0|1|2|0|4,0|1|1|0|0,0,10,3.905919,0.000879,10,3.905784,0.000906
4,5,9,1,0|1|2|0|0,0|1|1|1|3,0,10,3.935798,0.001235,10,3.935803,0.000943
4,5,9,1,0|1|2|0|1,0|1|1|1|2,0,10,3.936313,0.000946,10,3.936200,0.001097
4,5,9,1,0|1|2|0|2,0|1|1|1|1,0,10,3.933707,0.000959,10,3.934375,0.001158
4,5,9,1,0|1|2|0|3,0|1|1|1|0,0,10,3.929066,0.001190,10,3.928119,0.000905
4,5,9,1,0|1|2|0|0,0|1|1|2|2,0,10,3.935284,0.001364,10,3.935158,0.000765
4,5,9,1,0|1|2|0|1,0|1|1|2|1,0,10,3.935178,0.001099,10,3.935241,0.001292
4,5,9,1,0|1|2|0|2,0|1|1|2|0,0,10,3.927488,0.000823,10,3.928149,0.000992
4,5,9,1,0|1|2|0|0,0|1|1|3|1,0,10,3.923993,0.000892,10,3.924113,0.001108
4,5,9,1,0|1|2|0|1,0|1|1|3|0,0,10,3.916768,0.001055,10,3.916950,0.000976
4,5,9,1,0|1|2|0|0,0|1|1|4|0,0,10,3.874025,0.000608,10,3.874175,0.000517
4,5,9,1,0|1|2|1|0,0|1|1|0|3,0,10,3.929915,0.001051,10,3.930880,0.000919
4,5,9,1,0|1|2|1|1,0|1|1|0|2,0,10,3.929388,0.000811,10,3.929747,0.001204
4,5,9,1,0|1|2|1|2,0|1|1|0|1,0,10,3.924540,0.000909,10,3.925085,0.001017
4,5,9,1,0|1|2|1|3,0|1|1|0|0,0,10,3.917635,0.000843,10,3.917345,0.001166
4,5,9,1,0|1|2|1|0,0|1|1|1|2,0,10,3.933507,0.000863,10,3.932992,0.001358
4,5,9,1,0|1|2|1|1,0|1|1|1|1,0,10,3.932086,0.000938,10,3.931855,0.000948
4,5,9,1,0|1|2|1|2,0|1|1|1|0,0,10,3.924684,0.001035,10,3.925174,0.000841
4,5,9,1,0|1|2|1|0,0|1|1|2|1,0,10,3.923073,0.000732,10,3.922627,0.000685
4,5,9,1,0|1|2|1|1,0|1|1|2|0,0,10,3.915860,0.000907,10,3.915706,0.000610
4,5,9,1,0|1|2|1|0,0|1|1|3|0,0,10,3.874470,0.000679,10,3.874742,0.000619
4,5,9,1,0|1|2|2|0,0|1|1|0|2,0,10,3.926121,0.001006,10,3.926113,0.000940
4,5,9,1,0|1|2|2|1,0|1|1|0|1,0,10,3.923727,0.000872,10,3.924025,0.000605
4,5,9,1,0|1|2|2|2,0|1|1|0|0,0,10,3.912292,0.001097,10,3.912305,0.000825
4,5,9,1,0|1|2|2|0,0|1|1|1|1,0,10,3.918588,0.000986,10,3.918648,0.000890
4,5,9,1,0|1|2|2|1,0|1|1|1|0,0,10,3.910248,0.000614,10,3.909620,0.000781
4,5,9,1,0|1|2|2|0,0|1|1|2|0,0,10,3.870231,0.000866,10,3.870383,0.000653
4,5,9,1,0|1|2|3|0,0|1|1|0|1,0,10,3.910105,0.000851,10,3.910681,0.000685
4,5,9,1,0|1|2|3|1,0|1|1|0|0,0,10,3.899024,0.000754,10,3.899669,0.000865
4,5,9,1,0|1|2|3|0,0|1|1|1|0,0,10,3.864441,0.000495,10,3.864525,0.000443
4,5,9,1,0|1|2|4|0,0|1|1|0|0,0,10,3.853531,0.000368,10,3.853569,0.000531
4,5,9,1,0|1|2|0|0,0|1|2|0|3,0,10,3.905068,0.001186,10,3.904557,0.000778
4,5,9,1,0|1|2|0|1,0|1|2|0|2,0,10,3.905325,0.001083,10,3.905325,0.001268
4,5,9,1,0|1|2|0|2,0|1|2|0|1,0,10,3.899695,0.000751,10,3.900178,0.000796
4,5,9,1,0|1|2|0|3,0|1|2|0|0,0,10,3.887625,0.000894,10,3.887014,0.000870
4,5,9,1,0|1|2|0|0,0|1|2|1|2,0,10,3.922620,0.001088,10,3.921958,0.000932
4,5,9,1,0|1|2|0|1,0|1|2|1|1,0,10,3.921785,0.001107,10,3.921990,0.000929
4,5,9,1,0|1|2|0|2,0|1|2|1|0,0,10,3.911104,0.000823,10,3.911923,0.000767
4,5,9,1,0|1|2|0|0,0|1|2|2|1,0,10,3.912372,0.000863,10,3.912406,0.000679
4,5,9,1,0|1|2|0|1,0|1|2|2|0,0,10,3.903855,0.001010,10,3.903246,0.000643
4,5,9,1,0|1|2|0|0,0|1|2|3|0,0,10,3.857262,0.000593,10,3.856951,0.000378
4,5,9,1,0|1|2|1|0,0|1|2|0|2,0,10,3.913959,0.000996,10,3.913329,0.000919
4,5,9,1,0|1|2|1|1,0|1|2|0|1,0,10,3.909310,0.000903,10,3.909896,0.001176
4,5,9,1,0|1|2|1|2,0|1|2|0|0,0,10,3.896387,0.000954,10,3.895965,0.000745
4,5,9,1,0|1|2|1|0,0|1|2|1|1,0,10,3.909212,0.000686,10,3.908868,0.000768
4,5,9,1,0|1|2|1|1,0|1|2|1|0,0,10,3.898426,0.000743,10,3.898374,0.000738
4,5,9,1,0|1|2|1|0,0|1|2|2|0,0,10,3.856641,0.000702,10,3.856875,0.000651
4,5,9,1,0|1|2|2|0,0|1|2|0|1,0,10,3.897409,0.000904,10,3.897124,0.000562
4,5,9,1,0|1|2|2|1,0|1|2|0|0,0,10,3.882484,0.000636,10,3.882023,0.000689
4,5,9,1,0|1|2|2|0,0|1|2|1|0,0,10,3.848570,0.000409,10,3.848377,0.000452
4,5,9,1,0|1|2|3|0,0|1|2|0|0,0,10,3.832683,0.000610,10,3.832768,0.000605
4,5,9,1,0|1|2|0|0,0|1|3|0|2,0,10,3.877895,0.000606,10,3.877685,0.000671
4,5,9,1,0|1|2|0|1,0|1|3|0|1,0,10,3.875206,0.000906,10,3.874685,0.001132
4,5,9,1,0|1|2|0|2,0|1|3|0|0,0,10,3.853216,0.000746,10,3.853399,0.000872
4,5,9,1,0|1|2|0|0,0|1|3|1|1,0,10,3.887853,0.000520,10,3.887611,0.000673
4,5,9,1,0|1|2|0|1,0|1|3|1|0,0,10,3.874684,0.000274,10,3.874583,0.000816
4,5,9,1,0|1|2|0|0,0|1|3|2|0,0,10,3.826777,0.000355,10,3.826975,0.000442
4,5,9,1,0|1|2|1|0,0|1|3|0|1,0,10,3.872724,0.000480,10,3.872104,0.000533
4,5,9,1,0|1|2|1|1,0|1|3|0|0,0,10,3.852729,0.000418,10,3.852226,0.000365
4,5,9,1,0|1|2|1|0,0|1|3|1|0,0,10,3.821778,0.000682,10,3.821378,0.000569
4,5,9,1,0|1|2|2|0,0|1|3|0|0,0,10,3.798896,0.000612,10,3.798849,0.000431
4,5,9,1,0|1|2|0|0,0|1|4|0|1,0,10,3.811599,0.000855,10,3.811325,0.000640
4,5,9,1,0|1|2|0|1,0|1|4|0|0,0,10,3.785138,0.000697,10,3.785105,0.000429
4,5,9,1,0|1|2|0|0,0|1|4|1|0,0,10,3.766922,0.000361,10,3.766732,0.000687
4,5,9,1,0|1|2|1|0,0|1|4|0|0,0,10,3.739497,0.000444,10,3.739706,0.000358
4,5,9,1,0|1|2|0|0,0|1|5|0|0,0,10,3.590926,0.000357,10,3.590732,0.000624
4,5,9,1,0|1|3|0|0,0|1|0|0|4,0,10,3.916420,0.001227,10,3.916039,0.000797
4,5,9,1,0|1|3|0|1,0|1|0|0|3,0,10,3.917783,0.000879,10,3.917193,0.000694
4,5,9,1,0|1|3|0|2,0|1|0|0|2,0,10,3.914527,0.001078,10,3.915271,0.001205
4,5,9,1,0|1|3|0|3,0|1|0|0|1,0,10,3.911204,0.000899,10,3.911451,0.000695
4,5,9,1,0|1|3|0|4,0|1|0|0|0,0,10,3.903554,0.001026,10,3.903641,0.001239
4,5,9,1,0|1|3|0|0,0|1|0|1|3,0,10,3.935774,0.000692,10,3.935604,0.000847
4,5,9,1,0|1|3|0|1,0|1|0|1|2,0,10,3.936240,0.000760,10,3.935977,0.001298
4,5,9,1,0|1|3|0|2,0|1|0|1|1,0,10,3.933564,0.000682,10,3.932929,0.000891
4,5,9,1,0|1|3|0|3,0|1|0|1|0,0,10,3.927104,0.000793,10,3.927050,0.000873
4,5,9,1,0|1|3|0|0,0|1|0|2|2,0,10,3.934751,0.001002,10,3.934084,0.000775
4,5,9,1,0|1|3|0|1,0|1|0|2|1,0,10,3.934583,0.001152,10,3.933831,0.001493
4,5,9,1,0|1|3|0|2,0|1|0|2|0,0,10,3.926306,0.000957,10,3.926783,0.001440
4,5,9,1,0|1|3|0|0,0|1|0|3|1,0,10,3.922412,0.000847,10,3.922363,0.000976
4,5,9,1,0|1|3|0|1,0|1|0|3|0,0,10,3.915171,0.000722,10,3.915579,0.000532
4,5,9,1,0|1|3|0|0,0|1|0|4|0,0,10,3.871840,0.000550,10,3.871652,0.000693
4,5,9,1,0|1|3|1|0,0|1|0|0|3,0,10,3.928928,0.001578,10,3.929202,0.001334
4,5,9,1,0|1|3|1|1,0|1|0|0|2,0,10,3.928038,0.001054,10,3.927929,0.000843
4,5,9,1,0|1|3|1|2,0|1|0|0|1,0,10,3.924861,0.000925,10,3.924271,0.000729
4,5,9,1,0|1|3|1|3,0|1|0|0|0,0,10,3.915225,0.001091,10,3.915704,0.000506
4,5,9,1,0|1|3|1|0,0|1|0|1|2,0,10,3.932640,0.000405,10,3.933258,0.000751
4,5,9,1,0|1|3|1|1,0|1|0|1|1,0,10,3.931163,0.001018,10,3.931669,0.000849
4,5,9,1,0|1|3|1|2,0|1|0|1|0,0,10,3.923515,0.000709,10,3.923996,0.000822
4,5,9,1,0|1|3|1|0,0|1|0|2|1,0,10,3.922064,0.000711,10,3.921481,0.001026
4,5,9,1,0|1|3|1|1,0|1|0|2|0,0,10,3.914043,0.000709,10,3.914663,0.000645
4,5,9,1,0|1|3|1|0,0|1|0|3|0,0,10,3.872776,0.000623,10,3.872934,0.000626
4,5,9,1,0|1|3|2|0,0|1|0|0|2,0,10,3.923811,0.000900,10,3.924750,0.001028
4,5,9,1,0|1|3|2|1,0|1|0|0|1,0,10,3.922178,0.000721,10,3.921603,0.000536
4,5,9,1,0|1|3|2|2,0|1|0|0|0,0,10,3.910133,0.000747,10,3.909981,0.001021
4,5,9,1,0|1|3|2|0,0|1|0|1|1,0,10,3.917081,0.000917,10,3.916960,0.000942
4,5,9,1,0|1|3|2|1,0|1|0|1|0,0,10,3.907763,0.000890,10,3.907999,0.000754
4,5,9,1,0|1|3|2|0,0|1|0|2|0,0,10,3.868065,0.000677,10,3.868289,0.000549
4,5,9,1,0|1|3|3|0,0|1|0|0|1,0,10,3.908247,0.000617,10,3.908008,0.000510
4,5,9,1,0|1|3|3|1,0|1|0|0|0,0,10,3.896557,0.000787,10,3.896495,0.000772
4,5,9,1,0|1|3|3|0,0|1|0|1|0,0,10,3.861648,0.000888,10,3.861211,0.000898
4,5,9,1,0|1|3|4|0,0|1|0|0|0,0,10,3.849017,0.000312,10,3.849301,0.000479
4,5,9,1,0|1|3|0|0,0|1|1|0|3,0,10,3.904077,0.000740,10,3.904593,0.000939
4,5,9,1,0|1|3|0|1,0|1|1|0|2,0,10,3.905398,0.001001,10,3.905551,0.000875
4,5,9,1,0|1|3|0|2,0|1|1|0|1,0,10,3.898308,0.001006,10,3.898779,0.001186
4,5,9,1,0|1|3|0|3,0|1|1|0|0,0,10,3.885434,0.001081,10,3.886101,0.000644
4,5,9,1,0|1|3|0|0,0|1|1|1|2,0,10,3.922155,0.001231,10,3.922052,0.001192
4,5,9,1,0|1|3|0|1,0|1|1|1|1,0,10,3.921122,0.000637,10,3.921050,0.001082
4,5,9,1,0|1|3|0|2,0|1|1|1|0,0,10,3.910558,0.000759,10,3.910756,0.000570
4,5,9,1,0|1|3|0|0,0|1|1|2|1,0,10,3.911673,0.000632,10,3.911534,0.000818
4,5,9,1,0|1|3|0|1,0|1|1|2|0,0,10,3.902865,0.000531,10,3.902682,0.000380
4,5,9,1,0|1|3|0|0,0|1|1|3|0,0,10,3.856021,0.000730,10,3.855812,0.000583
4,5,9,1,0|1|3|1|0,0|1|1|0|2,0,10,3.912710,0.000714,10,3.912507,0.000737
4,5,9,1,0|1|3|1|1,0|1|1|0|1,0,10,3.909468,0.000568,10,3.909117,0.000695
4,5,9,1,0|1|3|1|2,0|1|1|0|0,0,10,3.894685,0.000980,10,3.894564,0.000798
4,5,9,1,0|1|3|1|0,0|1|1|1|1,0,10,3.908315,0.000568,10,3.908712,0.000894
4,5,9,1,0|1|3|1|1,0|1|1|1|0,0,10,3.897365,0.000546,10,3.897477,0.000730
4,5,9,1,0|1|3|1|0,0|1|1|2|0,0,10,3.855548,0.000775,10,3.855574,0.000348
4,5,9,1,0|1|3|2|0,0|1|1|0|1,0,10,3.896258,0.000467,10,3.895847,0.000379
4,5,9,1,0|1|3|2|1,0|1|1|0|0,0,10,3.880623,0.000488,10,3.881202,0.000620
4,5,9,1,0|1|3|2|0,0|1|1|1|0,0,10,3.846972,0.000546,10,3.846798,0.000388
4,5,9,1,0|1|3|3|0,0|1|1|0|0,0,10,3.829956,0.000478,10,3.829865,0.000748
4,5,9,1,0|1|3|0|0,0|1|2|0|2,0,10,3.877458,0.000981,10,3.877115,0.000632
4,5,9,1,0|1|3|0|1,0|1|2|0|1,0,10,3.874047,0.000761,10,3.874597,0.001143
4,5,9,1,0|1|3|0|2,0|1|2|0|0,0,10,3.852936,0.000643,10,3.852154,0.000541
4,5,9,1,0|1|3|0|0,0|1|2|1|1,0,10,3.887056,0.000970,10,3.887219,0.000505
4,5,9,1,0|1|3|0|1,0|1|2|1|0,0,10,3.874023,0.000601,10,3.873864,0.000685
4,5,9,1,0|1|3|0|0,0|1|2|2|0,0,10,3.825933,0.000516,10,3.826027,0.000300
4,5,9,1,0|1|3|1|0,0|1|2|0|1,0,10,3.872023,0.000553,10,3.871894,0.000699
4,5,9,1,0|1|3|1|1,0|1|2|0|0,0,10,3.851712,0.000700,10,3.851580,0.000636
4,5,9,1,0|1|3|1|0,0|1|2|1|0,0,10,3.820926,0.000570,10,3.820853,0.000765
4,5,9,1,0|1|3|2|0,0|1|2|0|0,0,10,3.797419,0.000321,10,3.797062,0.000659
4,5,9,1,0|1|3|0|0,0|1|3|0|1,0,10,3.811241,0.000486,10,3.811198,0.000549
4,5,9,1,0|1|3|0|1,0|1|3|0|0,0,10,3.784769,0.000497,10,3.784710,0.000671
4,5,9,1,0|1|3|0|0,0|1|3|1|0,0,10,3.766489,0.000388,10,3.766491,0.000557
4,5,9,1,0|1|3|1|0,0|1|3|0|0,0,10,3.738900,0.000382,10,3.739005,0.000559
4,5,9,1,0|1|3|0|0,0|1|4|0|0,0,10,3.591974,0.000463,10,3.592307,0.000686
4,5,9,1,0|1|4|0|0,0|1|0|0|3,0,10,3.903694,0.000749,10,3.904163,0.001306
4,5,9,1,0|1|4|0|1,0|1|0|0|2,0,10,3.904867,0.000556,10,3.904186,0.000673
4,5,9,1,0|1|4|0|2,0|1|0|0|1,0,10,3.898778,0.001031,10,3.898767,0.000544
4,5,9,1,0|1|4|0|3,0|1|0|0|0,0,10,3.884975,0.000980,10,3.884802,0.000709
4,5,9,1,0|1|4|0|0,0|1|0|1|2,0,10,3.921373,0.000741,10,3.921533,0.000704
4,5,9,1,0|1|4|0|1,0|1|0|1|1,0,10,3.921199,0.000858,10,3.921141,0.001019
4,5,9,1,0|1|4|0|2,0|1|0|1|0,0,10,3.910152,0.000714,10,3.909891,0.000922
4,5,9,1,0|1|4|0|0,0|1|0|2|1,0,10,3.910975,0.001070,10,3.911120,0.001125
4,5,9,1,0|1|4|0|1,0|1|0|2|0,0,10,3.901904,0.000960,10,3.901760,0.000912
4,5,9,1,0|1|4|0|0,0|1|0|3|0,0,10,3.854509,0.000389,10,3.854567,0.000674
4,5,9,1,0|1|4|1|0,0|1|0|0|2,0,10,3.912313,0.001007,10,3.912388,0.001166
4,5,9,1,0|1|4|1|1,0|1|0|0|1,0,10,3.908764,0.000390,10,3.909060,0.000871
4,5,9,1,0|1|4|1|2,0|1|0|0|0,0,10,3.893739,0.000729,10,3.893447,0.001148
4,5,9,1,0|1|4|1|0,0|1|0|1|1,0,10,3.907652,0.000839,10,3.908081,0.000651
4,5,9,1,0|1|4|1|1,0|1|0|1|0,0,10,3.897277,0.000638,10,3.897155,0.000667
4,5,9,1,0|1|4|1|0,0|1|0|2|0,0,10,3.854908,0.000245,10,3.855560,0.000635
4,5,9,1,0|1|4|2|0,0|1|0|0|1,0,10,3.894875,0.000672,10,3.894908,0.000721
4,5,9,1,0|1|4|2|1,0|1|0|0|0,0,10,3.879593,0.000764,10,3.879749,0.000879
4,5,9,1,0|1|4|2|0,0|1|0|1|0,0,10,3.845622,0.000573,10,3.846195,0.000580
4,5,9,1,0|1|4|3|0,0|1|0|0|0,0,10,3.828168,0.000284,10,3.828175,0.000526
4,5,9,1,0|1|4|0|0,0|1|1|0|2,0,10,3.877293,0.000842,10,3.876951,0.000610
4,5,9,1,0|1|4|0|1,0|1|1|0|1,0,10,3.874575,0.000646,10,3.874295,0.000525
4,5,9,1,0|1|4|0|2,0|1|1|0|0,0,10,3.851860,0.000728,10,3.851671,0.000727
4,5,9,1,0|1|4|0|0,0|1|1|1|1,0,10,3.887083,0.000497,10,3.886973,0.000629
4,5,9,1,0|1|4|0|1,0|1|1|1|0,0,10,3.873188,0.000662,10,3.873356,0.000756
4,5,9,1,0|1|4|0|0,0|1|1|2|0,0,10,3.825135,0.000711,10,3.825318,0.000537
4,5,9,1,0|1|4|1|0,0|1|1|0|1,0,10,3.871704,0.000513,10,3.871679,0.000781
4,5,9,1,0|1|4|1|1,0|1|1|0|0,0,10,3.851688,0.000532,10,3.851319,0.000544
4,5,9,1,0|1|4|1|0,0|1|1|1|0,0,10,3.820702,0.000606,10,3.820676,0.000548
4,5,9,1,0|1|4|2|0,0|1|1|0|0,0,10,3.796653,0.000604,10,3.796334,0.000437
4,5,9,1,0|1|4|0|0,0|1|2|0|1,0,10,3.810914,0.000667,10,3.811321,0.000617
4,5,9,1,0|1|4|0|1,0|1|2|0|0,0,10,3.784418,0.000554,10,3.785239,0.000270
4,5,9,1,0|1|4|0|0,0|1|2|1|0,0,10,3.766294,0.000453,10,3.766179,0.000383
4,5,9,1,0|1|4|1|0,0|1|2|0|0,0,10,3.738857,0.000437,10,3.738909,0.000295
4,5,9,1,0|1|4|0|0,0|1|3|0|0,0,10,3.592608,0.000383,10,3.592631,0.000437
4,5,9,1,0|1|5|0|0,0|1|0|0|2,0,10,3.876794,0.000797,10,3.876619,0.000569
4,5,9,1,0|1|5|0|1,0|1|0|0|1,0,10,3.874340,0.000584,10,3.873906,0.000696
4,5,9,1,0|1|5|0|2,0|1|0|0|0,0,10,3.851085,0.000642,10,3.851244,0.000953
4,5,9,1,0|1|5|0|0,0|1|0|1|1,0,10,3.886631,0.000582,10,3.886656,0.000418
4,5,9,1,0|1|5|0|1,0|1|0|1|0,0,10,3.873319,0.000868,10,3.873251,0.000531
4,5,9,1,0|1|5|0|0,0|1|0|2|0,0,10,3.824806,0.000444,10,3.825155,0.000602
4,5,9,1,0|1|5|1|0,0|1|0|0|1,0,10,3.871099,0.000991,10,3.871146,0.000680
4,5,9,1,0|1|5|1|1,0|1|0|0|0,0,10,3.851274,0.000818,10,3.851236,0.000466
4,5,9,1,0|1|5|1|0,0|1|0|1|0,0,10,3.820451,0.000402,10,3.820517,0.000562
4,5,9,1,0|1|5|2|0,0|1|0|0|0,0,10,3.795906,0.000389,10,3.796027,0.000467
4,5,9,1,0|1|5|0|0,0|1|1|0|1,0,10,3.811154,0.000603,10,3.811114,0.000519
4,5,9,1,0|1|5|0|1,0|1|1|0|0,0,10,3.784659,0.000422,10,3.785284,0.000664
4,5,9,1,0|1|5|0|0,0|1|1|1|0,0,10,3.766278,0.000336,10,3.766468,0.000454
4,5,9,1,0|1|5|1|0,0|1|1|0|0,0,10,3.738931,0.000458,10,3.738752,0.000609
4,5,9,1,0|1|5|0|0,0|1|2|0|0,0,10,3.592694,0.000496,10,3.592558,0.000529
4,5,9,1,0|1|6|0|0,0|1|0|0|1,0,10,3.811075,0.000641,10,3.810932,0.000546
4,5,9,1,0|1|6|0|1,0|1|0|0|0,0,10,3.784415,0.000525,10,3.784844,0.000584
4,5,9,1,0|1|6|0|0,0|1|0|1|0,0,10,3.766036,0.000853,10,3.766190,0.000392
4,5,9,1,0|1|6|1|0,0|1|0|0|0,0,10,3.738677,0.000372,10,3.738760,0.000580
4,5,9,1,0|1|6|0|0,0|1|1|0|0,0,10,3.592621,0.000436,10,3.592710,0.000500
4,5,9,1,0|1|7|0|0,0|1|0|0|0,0,10,3.592572,0.000540,10,3.592387,0.000421
4,5,9,1,0|1|0|0|0,0|2|0|0|6,0,10,3.895023,0.000775,10,3.894842,0.001046
4,5,9,1,0|1|0|0|1,0|2|0|0|5,0,10,3.896034,0.000947,10,3.896238,0.001223
4,5,9,1,0|1|0|0|2,0|2|0|0|4,0,10,3.895412,0.001557,10,3.895599,0.000669
4,5,9,1,0|1|0|0|3,0|2|0|0|3,0,10,3.894230,0.000641,10,3.894560,0.001406
4,5,9,1,0|1|0|0|4,0|2|0|0|2,0,10,3.893848,0.001268,10,3.893174,0.001109
4,5,9,1,0|1|0|0|5,0|2|0|0|1,0,10,3.892145,0.000880,10,3.891475,0.001176
4,5,9,1,0|1|0|0|6,0|2|0|0|0,0,10,3.888656,0.001043,10,3.888069,0.001120
4,5,9,1,0|1|0|0|0,0|2|0|1|5,0,10,3.931785,0.000850,10,3.932010,0.001435
4,5,9,1,0|1|0|0|1,0|2|0|1|4,0,10,3.933262,0.001175,10,3.932283,0.001528
4,5,9,1,0|1|0|0|2,0|2|0|1|3,0,10,3.933024,0.001195,10,3.932136,0.000918
4,5,9,1,0|1|0|0|3,0|2|0|1|2,0,10,3.931059,0.001116,10,3.931769,0.001379
4,5,9,1,0|1|0|0|4,0|2|0|1|1,0,10,3.930798,0.001399,10,3.929535,0.001480
4,5,9,1,0|1|0|0|5,0|2|0|1|0,0,10,3.928104,0.000962,10,3.927908,0.000842
4,5,9,1,0|1|0|0|0,0|2|0|2|4,0,10,3.935387,0.001600,10,3.934840,0.001328
4,5,9,1,0|1|0|0|1,0|2|0|2|3,0,10,3.935475,0.001263,10,3.936020,0.001194
4,5,9,1,0|1|0|0|2,0|2|0|2|2,0,10,3.934937,0.000659,10,3.934913,0.000842
4,5,9,1,0|1|0|0|3,0|2|0|2|1,0,10,3.933604,0.001174,10,3.933507,0.001138
4,5,9,1,0|1|0|0|4,0|2|0|2|0,0,10,3.930038,0.001166,10,3.929749,0.001355
4,5,9,1,0|1|0|0|0,0|2|0|3|3,0,10,3.932077,0.001201,10,3.932120,0.001050
4,5,9,1,0|1|0|0|1,0|2|0|3|2,0,10,3.934006,0.001122,10,3.933972,0.001209
4,5,9,1,0|1|0|0|2,0|2|0|3|1,0,10,3.930486,0.001040,10,3.930654,0.000749
4,5,9,1,0|1|0|0|3,0|2|0|3|0,0,10,3.924912,0.001029,10,3.924139,0.001109
4,5,9,1,0|1|0|0|0,0|2|0|4|2,0,10,3.922149,0.000717,10,3.922662,0.000815
4,5,9,1,0|1|0|0|1,0|2|0|4|1,0,10,3.922744,0.000996,10,3.922538,0.001021
4,5,9,1,0|1|0|0|2,0|2|0|4|0,0,10,3.912037,0.000742,10,3.912053,0.000772
4,5,9,1,0|1|0|0|0,0|2|0|5|1,0,10,3.894800,0.000657,10,3.894817,0.000725
4,5,9,1,0|1|0|0|1,0|2|0|5|0,0,10,3.883060,0.000783,10,3.883378,0.000787
4,5,9,1,0|1|0|0|0,0|2|0|6|0,0,10,3.787940,0.000316,10,3.787511,0.000562
4,5,9,1,0|1|0|1|0,0|2|0|0|5,0,10,3.928002,0.001025,10,3.926959,0.000692
4,5,9,1,0|1|0|1|1,0|2|0|0|4,0,10,3.927584,0.000857,10,3.927756,0.001501
4,5,9,1,0|1|0|1|2,0|2|0|0|3,0,10,3.927172,0.001061,10,3.927312,0.001223
4,5,9,1,0|1|0|1|3,0|2|0|0|2,0,10,3.925861,0.000613,10,3.926031,0.001173
4,5,9,1,0|1|0|1|4,0|2|0|0|1,0,10,3.924581,0.001292,10,3.923234,0.001444
4,5,9,1,0|1|0|1|5,0|2|0|0|0,0,10,3.920973,0.001580,10,3.920876,0.000647
4,5,9,1,0|1|0|1|0,0|2|0|1|4,0,10,3.934768,0.000888,10,3.934659,0.000942
4,5,9,1,0|1|0|1|1,0|2|0|1|3,0,10,3.935369,0.001322,10,3.935602,0.001266
4,5,9,1,0|1|0|1|2,0|2|0|1|2,0,10,3.934695,0.001263,10,3.934233,0.001477
4,5,9,1,0|1|0|1|3,0|2|0|1|1,0,10,3.932674,0.001019,10,3.932342,0.001115
4,5,9,1,0|1|0|1|4,0|2|0|1|0,0,10,3.928428,0.000977,10,3.928661,0.000819
4,5,9,1,0|1|0|1|0,0|2|0|2|3,0,10,3.932567,0.001032,10,3.931926,0.000945
4,5,9,1,0|1|0|1|1,0|2|0|2|2,0,10,3.933418,0.001096,10,3.933373,0.001495
4,5,9,1,0|1|0|1|2,0|2|0|2|1,0,10,3.930318,0.001265,10,3.930545,0.001413
4,5,9,1,0|1|0|1|3,0|2|0|2|0,0,10,3.923957,0.000861,10,3.924250,0.000651
4,5,9,1,0|1|0|1|0,0|2|0|3|2,0,10,3.922272,0.000771,10,3.922114,0.001097
4,5,9,1,0|1|0|1|1,0|2|0|3|1,0,10,3.921893,0.000670,10,3.921202,0.001152
4,5,9,1,0|1|0|1|2,0|2|0|3|0,0,10,3.911509,0.001087,10,3.911656,0.001051
4,5,9,1,0|1|0|1|0,0|2|0|4|1,0,10,3.894257,0.000860,10,3.894453,0.000566
4,5,9,1,0|1|0|1|1,0|2|0|4|0,0,10,3.882253,0.000778,10,3.882234,0.000870
4,5,9,1,0|1|0|1|0,0|2|0|5|0,0,10,3.789049,0.000543,10,3.789069,0.000669
4,5,9,1,0|1|0|2|0,0|2|0|0|4,0,10,3.931018,0.001275,10,3.930856,0.000784
4,5,9,1,0|1|0|2|1,0|2|0|0|3,0,10,3.931645,0.001506,10,3.931526,0.000949
4,5,9,1,0|1|0|2|2,0|2|0|0|2,0,10,3.929896,0.001027,10,3.929952,0.001020
4,5,9,1,0|1|0|2|3,0|2|0|0|1,0,10,3.926660,0.000814,10,3.926806,0.001236
4,5,9,1,0|1|0|2|4,0|2|0|0|0,0,10,3.921281,0.000985,10,3.921349,0.001309
4,5,9,1,0|1|0|2|0,0|2|0|1|3,0,10,3.930573,0.000996,10,3.930733,0.000887
4,5,9,1,0|1|0|2|1,0|2|0|1|2,0,10,3.930959,0.001181,10,3.930991,0.000956
4,5,9,1,0|1|0|2|2,0|2|0|1|1,0,10,3.927354,0.000787,10,3.927828,0.001080
4,5,9,1,0|1|0|2|3,0|2|0|1|0,0,10,3.921435,0.000738,10,3.920953,0.001479
4,5,9,1,0|1|0|2|0,0|2|0|2|2,0,10,3.921064,0.000661,10,3.920080,0.001024
4,5,9,1,0|1|0|2|1,0|2|0|2|1,0,10,3.919937,0.000945,10,3.919624,0.001080
4,5,9,1,0|1|0|2|2,0|2|0|2|0,0,10,3.909026,0.000690,10,3.908710,0.000783
4,5,9,1,0|1|0|2|0,0|2|0|3|1,0,10,3.892865,0.000994,10,3.892770,0.000465
4,5,9,1,0|1|0|2|1,0|2|0|3|0,0,10,3.879900,0.000669,10,3.879994,0.000656
4,5,9,1,0|1|0|2|0,0|2|0|4|0,0,10,3.788915,0.000411,10,3.788621,0.000518
4,5,9,1,0|1|0|3|0,0|2|0|0|3,0,10,3.927241,0.000786,10,3.926260,0.001104
4,5,9,1,0|1|0|3|1,0|2|0|0|2,0,10,3.928734,0.001990,10,3.928209,0.000948
4,5,9,1,0|1|0|3|2,0|2|0|0|1,0,10,3.923645,0.001120,10,3.923695,0.001089
4,5,9,1,0|1|0|3|3,0|2|0|0|0,0,10,3.913983,0.001007,10,3.914180,0.000983
4,5,9,1,0|1|0|3|0,0|2|0|1|2,0,10,3.918390,0.001236,10,3.919143,0.000948
4,5,9,1,0|1|0|3|1,0|2|0|1|1,0,10,3.917909,0.000992,10,3.918159,0.000722
4,5,9,1,0|1|0|3|2,0|2|0|1|0,0,10,3.905621,0.000587,10,3.905771,0.000903
4,5,9,1,0|1|0|3|0,0|2|0|2|1,0,10,3.891125,0.000902,10,3.891287,0.000700
4,5,9,1,0|1|0|3|1,0|2|0|2|0,0,10,3.877592,0.001002,10,3.878310,0.000726
4,5,9,1,0|1|0|3|0,0|2|0|3|0,0,10,3.787888,0.000505,10,3.788541,0.000270
4,5,9,1,0|1|0|4|0,0|2|0|0|2,0,10,3.916259,0.001087,10,3.915741,0.000820
4,5,9,1,0|1|0|4|1,0|2|0|0|1,0,10,3.914897,0.000748,10,3.915622,0.000798
4,5,9,1,0|1|0|4|2,0|2|0|0|0,0,10,3.901032,0.000759,10,3.901607,0.000947
4,5,9,1,0|1|0|4|0,0|2|0|1|1,0,10,3.889883,0.000882,10,3.889435,0.000692
4,5,9,1,0|1|0|4|1,0|2|0|1|0,0,10,3.875991,0.000769,10,3.876078,0.000906
4,5,9,1,0|1|0|4|0,0|2|0|2|0,0,10,3.786878,0.000469,10,3.787139,0.000448
4,5,9,1,0|1|0|5|0,0|2|0|0|1,0,10,3.887089,0.000796,10,3.887442,0.000421
4,5,9,1,0|1|0|5|1,0|2|0|0|0,0,10,3.873344,0.000689,10,3.872993,0.000908
4,5,9,1,0|1|0|5|0,0|2|0|1|0,0,10,3.784944,0.000401,10,3.785048,0.000378
4,5,9,1,0|1|0|6|0,0|2|0|0|0,0,10,3.782639,0.000494,10,3.782675,0.000338
4,5,9,1,0|1|0|0|0,0|2|1|0|5,0,10,3.919520,0.000983,10,3.919333,0.000867
4,5,9,1,0|1|0|0|1,0|2|1|0|4,0,10,3.920511,0.001131,10,3.920434,0.000962
4,5,9,1,0|1|0|0|2,0|2|1|0|3,0,10,3.919264,0.001235,10,3.920241,0.001006
4,5,9,1,0|1|0|0|3,0|2|1|0|2,0,10,3.918999,0.001241,10,3.917888,0.001172
4,5,9,1,0|1|0|0|4,0|2|1|0|1,0,10,3.916443,0.001030,10,3.917416,0.000966
4,5,9,1,0|1|0|0|5,0|2|1|0|0,0,10,3.913617,0.001284,10,3.913195,0.001117
4,5,9,1,0|1|0|0|0,0|2|1|1|4,0,10,3.940525,0.001237,10,3.940635,0.001342
4,5,9,1,0|1|0|0|1,0|2|1|1|3,0,10,3.941348,0.001784,10,3.941431,0.001354
4,5,9,1,0|1|0|0|2,0|2|1|1|2,0,10,3.940861,0.001010,10,3.940479,0.001268
4,5,9,1,0|1|0|0|3,0|2|1|1|1,0,10,3.939590,0.001305,10,3.939039,0.000806
4,5,9,1,0|1|0|0|4,0|2|1|1|0,0,10,3.936462,0.000682,10,3.936983,0.000784
4,5,9,1,0|1|0|0|0,0|2|1|2|3,0,10,3.943235,0.001560,10,3.943061,0.001129
4,5,9,1,0|1|0|0|1,0|2|1|2|2,0,10,3.943345,0.000844,10,3.944199,0.000865
4,5,9,1,0|1|0|0|2,0|2|1|2|1,0,10,3.942829,0.001476,10,3.942501,0.000851
4,5,9,1,0|1|0|0|3,0|2|1|2|0,0,10,3.938894,0.001138,10,3.938900,0.001107
4,5,9,1,0|1|0|0|0,0|2|1|3|2,0,10,3.939800,0.000523,10,3.939545,0.000674
4,5,9,1,0|1|0|0|1,0|2|1|3|1,0,10,3.940254,0.001296,10,3.940172,0.001292
4,5,9,1,0|1|0|0|2,0|2|1|3|0,0,10,3.934736,0.000799,10,3.934713,0.000934
4,5,9,1,0|1|0|0|0,0|2|1|4|1,0,10,3.928120,0.000949,10,3.927581,0.000986
4,5,9,1,0|1|0|0|1,0|2|1|4|0,0,10,3.922292,0.000896,10,3.922050,0.000832
4,5,9,1,0|1|0|0|0,0|2|1|5|0,0,10,3.874580,0.000615,10,3.874969,0.000759
4,5,9,1,0|1|0|1|0,0|2|1|0|4,0,10,3.936729,0.001181,10,3.936833,0.001269
4,5,9,1,0|1|0|1|1,0|2|1|0|3,0,10,3.937463,0.000975,10,3.937423,0.001651
4,5,9,1,0|1|0|1|2,0|2|1|0|2,0,10,3.936162,0.000531,10,3.935863,0.000798
4,5,9,1,0|1|0|1|3,0|2|1|0|1,0,10,3.934338,0.001660,10,3.933818,0.000891
4,5,9,1,0|1|0|1|4,0|2|1|0|0,0,10,3.929568,0.001316,10,3.930561,0.000886
4,5,9,1,0|1|0|1|0,0|2|1|1|3,0,10,3.942907,0.001602,10,3.943038,0.001020
4,5,9,1,0|1|0|1|1,0|2|1|1|2,0,10,3.942727,0.001110,10,3.942585,0.001773
4,5,9,1,0|1|0|1|2,0|2|1|1|1,0,10,3.941482,0.000633,10,3.941108,0.000756
4,5,9,1,0|1|0|1|3,0|2|1|1|0,0,10,3.937481,0.001357,10,3.937435,0.001187
4,5,9,1,0|1|0|1|0,0|2|1|2|2,0,10,3.939882,0.001279,10,3.940741,0.001209
4,5,9,1,0|1|0|1|1,0|2|1|2|1,0,10,3.939367,0.001413,10,3.939456,0.000870
4,5,9,1,0|1|0|1|2,0|2|1|2|0,0,10,3.933877,0.000897,10,3.934778,0.001107
4,5,9,1,0|1|0|1|0,0|2|1|3|1,0,10,3.928294,0.000837,10,3.928120,0.001166
4,5,9,1,0|1|0|1|1,0|2|1|3|0,0,10,3.921954,0.000763,10,3.922336,0.000492
4,5,9,1,0|1|0|1|0,0|2|1|4|0,0,10,3.876246,0.000563,10,3.876254,0.000459
4,5,9,1,0|1|0|2|0,0|2|1|0|3,0,10,3.938116,0.001150,10,3.938855,0.000939
4,5,9,1,0|1|0|2|1,0|2|1|0|2,0,10,3.938359,0.000669,10,3.938973,0.000873
4,5,9,1,0|1|0|2|2,0|2|1|0|1,0,10,3.934824,0.001071,10,3.935510,0.000950
4,5,9,1,0|1|0|2|3,0|2|1|0|0,0,10,3.929623,0.000849,10,3.929581,0.001064
4,5,9,1,0|1|0|2|0,0|2|1|1|2,0,10,3.938318,0.000941,10,3.937556,0.000968
4,5,9,1,0|1|0|2|1,0|2|1|1|1,0,10,3.936862,0.001063,10,3.937289,0.000531
4,5,9,1,0|1|0|2|2,0|2|1|1|0,0,10,3.931116,0.000571,10,3.930908,0.000825
4,5,9,1,0|1|0|2|0,0|2|1|2|1,0,10,3.926075,0.000786,10,3.926218,0.001094
4,5,9,1,0|1|0|2|1,0|2|1|2|0,0,10,3.919950,0.001094,10,3.920139,0.000724
4,5,9,1,0|1|0|2|0,0|2|1|3|0,0,10,3.874508,0.000362,10,3.874632,0.000515
4,5,9,1,0|1|0|3|0,0|2|1|0|2,0,10,3.933340,0.001119,10,3.932813,0.000453
4,5,9,1,0|1|0|3|1,0|2|1|0|1,0,10,3.932769,0.000929,10,3.932770,0.001046
4,5,9,1,0|1|0|3|2,0|2|1|0|0,0,10,3.924524,0.000889,10,3.924299,0.001157
4,5,9,1,0|1|0|3|0,0|2|1|1|1,0,10,3.923159,0.000694,10,3.923584,0.000691
4,5,9,1,0|1|0|3|1,0|2|1|1|0,0,10,3.916596,0.000874,10,3.916488,0.000830
4,5,9,1,0|1|0|3|0,0|2|1|2|0,0,10,3.872539,0.000683,10,3.872173,0.000429
4,5,9,1,0|1|0|4|0,0|2|1|0|1,0,10,3.919397,0.000827,10,3.919082,0.001084
4,5,9,1,0|1|0|4|1,0|2|1|0|0,0,10,3.911004,0.000750,10,3.910440,0.000527
4,5,9,1,0|1|0|4|0,0|2|1|1|0,0,10,3.868829,0.000507,10,3.868641,0.000597
4,5,9,1,0|1|0|5|0,0|2|1|0|0,0,10,3.862977,0.000478,10,3.862842,0.000730
4,5,9,1,0|1|0|0|0,0|2|2|0|4,0,10,3.916572,0.000602,10,3.915726,0.001381
4,5,9,1,0|1|0|0|1,0|2|2|0|3,0,10,3.918183,0.000990,10,3.917675,0.001373
4,5,9,1,0|1|0|0|2,0|2|2|0|2,0,10,3.916277,0.001191,10,3.916372,0.001459
4,5,9,1,0|1|0|0|3,0|2|2|0|1,0,10,3.913838,0.000999,10,3.912985,0.001359
4,5,9,1,0|1|0|0|4,0|2|2|0|0,0,10,3.906893,0.000532,10,3.906743,0.000862
4,5,9,1,0|1|0|0|0,0|2|2|1|3,0,10,3.936466,0.000814,10,3.936901,0.001172
4,5,9,1,0|1|0|0|1,0|2|2|1|2,0,10,3.937412,0.001017,10,3.937733,0.000804
4,5,9,1,0|1|0|0|2,0|2|2|1|1,0,10,3.935708,0.001064,10,3.935882,0.001248
4,5,9,1,0|1|0|0|3,0|2|2|1|0,0,10,3.930584,0.001105,10,3.930177,0.001438
4,5,9,1,0|1|0|0|0,0|2|2|2|2,0,10,3.936786,0.000926,10,3.936471,0.000782
4,5,9,1,0|1|0|0|1,0|2|2|2|1,0,10,3.936172,0.001263,10,3.936454,0.000954
4,5,9,1,0|1|0|0|2,0|2|2|2|0,0,10,3.929793,0.000896,10,3.930352,0.000716
4,5,9,1,0|1|0|0|0,0|2|2|3|1,0,10,3.925426,0.001171,10,3.925619,0.001023
4,5,9,1,0|1|0|0|1,0|2|2|3|0,0,10,3.919193,0.000950,10,3.919342,0.000862
4,5,9,1,0|1|0|0|0,0|2|2|4|0,0,10,3.874958,0.000704,10,3.874590,0.000559
4,5,9,1,0|1|0|1|0,0|2|2|0|3,0,10,3.931914,0.000799,10,3.932030,0.001147
4,5,9,1,0|1|0|1|1,0|2|2|0|2,0,10,3.931793,0.000602,10,3.931686,0.000779
4,5,9,1,0|1|0|1|2,0|2|2|0|1,0,10,3.928741,0.000949,10,3.928502,0.000841
4,5,9,1,0|1|0|1|3,0|2|2|0|0,0,10,3.921326,0.001188,10,3.921174,0.000651
4,5,9,1,0|1|0|1|0,0|2|2|1|2,0,10,3.935985,0.001173,10,3.935678,0.001057
4,5,9,1,0|1|0|1|1,0|2|2|1|1,0,10,3.934890,0.000899,10,3.935049,0.000905
4,5,9,1,0|1|0|1|2,0|2|2|1|0,0,10,3.928695,0.000663,10,3.928317,0.001208
4,5,9,1,0|1|0|1|0,0|2|2|2|1,0,10,3.925869,0.000925,10,3.925585,0.000818
4,5,9,1,0|1|0|1|1,0|2|2|2|0,0,10,3.918950,0.001293,10,3.918989,0.001054
4,5,9,1,0|1|0|1|0,0|2|2|3|0,0,10,3.876105,0.000623,10,3.875862,0.000798
4,5,9,1,0|1|0|2|0,0|2|2|0|2,0,10,3.929628,0.000831,10,3.929392,0.000925
4,5,9,1,0|1|0|2|1,0|2|2|0|1,0,10,3.927369,0.000822,10,3.927213,0.001023
4,5,9,1,0|1|0|2|2,0|2|2|0|0,0,10,3.917269,0.000454,10,3.917527,0.000586
4,5,9,1,0|1|0|2|0,0|2|2|1|1,0,10,3.921837,0.000583,10,3.921883,0.000741
4,5,9,1,0|1|0|2|1,0|2|2|1|0,0,10,3.914377,0.000581,10,3.913703,0.000401
4,5,9,1,0|1|0|2|0,0|2|2|2|0,0,10,3.872583,0.000880,10,3.872312,0.000698
4,5,9,1,0|1|0|3|0,0|2|2|0|1,0,10,3.914738,0.001038,10,3.915121,0.000944
4,5,9,1,0|1|0|3|1,0|2|2|0|0,0,10,3.904727,0.000544,10,3.905015,0.000746
4,5,9,1,0|1|0|3|0,0|2|2|1|0,0,10,3.867701,0.000481,10,3.867532,0.000612
4,5,9,1,0|1|0|4|0,0|2|2|0|0,0,10,3.858333,0.000574,10,3.858264,0.000495
4,5,9,1,0|1|0|0|0,0|2|3|0|3,0,10,3.904839,0.000955,10,3.905464,0.001145
4,5,9,1,0|1|0|0|1,0|2|3|0|2,0,10,3.907038,0.001196,10,3.906510,0.000635
4,5,9,1,0|1|0|0|2,0|2|3|0|1,0,10,3.901017,0.000526,10,3.901072,0.000934
4,5,9,1,0|1|0|0|3,0|2|3|0|0,0,10,3.889816,0.001318,10,3.890238,0.000804
4,5,9,1,0|1|0|0|0,0|2|3|1|2,0,10,3.924797,0.001091,10,3.924643,0.001289
4,5,9,1,0|1|0|0|1,0|2|3|1|1,0,10,3.923684,0.000711,10,3.924141,0.001125
4,5,9,1,0|1|0|0|2,0|2|3|1|0,0,10,3.915050,0.000714,10,3.914935,0.001034
4,5,9,1,0|1|0|0|0,0|2|3|2|1,0,10,3.914683,0.000848,10,3.914997,0.000981
4,5,9,1,0|1|0|0|1,0|2|3|2|0,0,10,3.906784,0.000595,10,3.907296,0.000698
4,5,9,1,0|1|0|0|0,0|2|3|3|0,0,10,3.859546,0.000570,10,3.859229,0.000673
4,5,9,1,0|1|0|1|0,0|2|3|0|2,0,10,3.916936,0.000649,10,3.917290,0.001059
4,5,9,1,0|1|0|1|1,0|2|3|0|1,0,10,3.914484,0.000902,10,3.914298,0.001066
4,5,9,1,0|1|0|1|2,0|2|3|0|0,0,10,3.901672,0.000868,10,3.901986,0.000593
4,5,9,1,0|1|0|1|0,0|2|3|1|1,0,10,3.913375,0.000773,10,3.912848,0.001011
4,5,9,1,0|1|0|1|1,0|2|3|1|0,0,10,3.903768,0.000797,10,3.903650,0.000625
4,5,9,1,0|1|0|1|0,0|2|3|2|0,0,10,3.860102,0.000570,10,3.859868,0.000553
4,5,9,1,0|1|0|2|0,0|2|3|0|1,0,10,3.902714,0.000705,10,3.902165,0.000974
4,5,9,1,0|1|0|2|1,0|2|3|0|0,0,10,3.889570,0.000758,10,3.889212,0.000884
4,5,9,1,0|1|0|2|0,0|2|3|1|0,0,10,3.853005,0.000670,10,3.853028,0.000469
4,5,9,1,0|1|0|3|0,0|2|3|0|0,0,10,3.838731,0.000862,10,3.839054,0.000601
4,5,9,1,0|1|0|0|0,0|2|4|0|2,0,10,3.878452,0.000637,10,3.879228,0.000708
4,5,9,1,0|1|0|0|1,0|2|4|0|1,0,10,3.877145,0.000994,10,3.877251,0.000860
4,5,9,1,0|1|0|0|2,0|2|4|0|0,0,10,3.856958,0.000910,10,3.857362,0.000393
4,5,9,1,0|1|0|0|0,0|2|4|1|1,0,10,3.890831,0.000956,10,3.890670,0.000382
4,5,9,1,0|1|0|0|1,0|2|4|1|0,0,10,3.878644,0.000605,10,3.878812,0.000929
4,5,9,1,0|1|0|0|0,0|2|4|2|0,0,10,3.829894,0.000383,10,3.829754,0.000342
4,5,9,1,0|1|0|1|0,0|2|4|0|1,0,10,3.877902,0.000637,10,3.877900,0.000680
4,5,9,1,0|1|0|1|1,0|2|4|0|0,0,10,3.860014,0.000557,10,3.859754,0.000547
4,5,9,1,0|1|0|1|0,0|2|4|1|0,0,10,3.826192,0.000332,10,3.826505,0.000341
4,5,9,1,0|1|0|2|0,0|2|4|0|0,0,10,3.805633,0.000527,10,3.805619,0.000806
4,5,9,1,0|1|0|0|0,0|2|5|0|1,0,10,3.812572,0.000702,10,3.812429,0.000789
4,5,9,1,0|1|0|0|1,0|2|5|0|0,0,10,3.788591,0.000573,10,3.787896,0.000504
4,5,9,1,0|1|0|0|0,0|2|5|1|0,0,10,3.768697,0.000429,10,3.768854,0.000394
4,5,9,1,0|1|0|1|0,0|2|5|0|0,0,10,3.744320,0.000621,10,3.744514,0.000392
4,5,9,1,0|1|0|0|0,0|2|6|0|0,0,10,3.583019,0.000462,10,3.582626,0.000466
4,5,9,1,0|1|1|0|0,0|2|0|0|5,0,10,3.916415,0.000718,10,3.916296,0.001523
4,5,9,1,0|1|1|0|1,0|2|0|0|4,0,10,3.917212,0.000579,10,3.917008,0.001107
4,5,9,1,0|1|1|0|2,0|2|0|0|3,0,10,3.915953,0.001051,10,3.915711,0.001542
4,5,9,1,0|1|1|0|3,0|2|0|0|2,0,10,3.915042,0.001508,10,3.914240,0.001365
4,5,9,1,0|1|1|0|4,0|2|0|0|1,0,10,3.912387,0.000689,10,3.912728,0.001284
4,5,9,1,0|1|1|0|5,0|2|0|0|0,0,10,3.908268,0.001145,10,3.908281,0.001011
4,5,9,1,0|1|1|0|0,0|2|0|1|4,0,10,3.937675,0.001376,10,3.938194,0.001360
4,5,9,1,0|1|1|0|1,0|2|0|1|3,0,10,3.938494,0.001137,10,3.938705,0.000787
4,5,9,1,0|1|1|0|2,0|2|0|1|2,0,10,3.937722,0.000540,10,3.938420,0.000684
4,5,9,1,0|1|1|0|3,0|2|0|1|1,0,10,3.935298,0.001762,10,3.936297,0.001305
4,5,9,1,0|1|1|0|4,0|2|0|1|0,0,10,3.932401,0.001301,10,3.933130,0.000552
4,5,9,1,0|1|1|0|0,0|2|0|2|3,0,10,3.940399,0.000651,10,3.940695,0.000763
4,5,9,1,0|1|1|0|1,0|2|0|2|2,0,10,3.941445,0.001173,10,3.941380,0.000892
4,5,9,1,0|1|1|0|2,0|2|0|2|1,0,10,3.938273,0.001242,10,3.938555,0.001077
4,5,9,1,0|1|1|0|3,0|2|0|2|0,0,10,3.934355,0.001094,10,3.934456,0.001102
4,5,9,1,0|1|1|0|0,0|2|0|3|2,0,10,3.935349,0.000907,10,3.936493,0.001171
4,5,9,1,0|1|1|0|1,0|2|0|3|1,0,10,3.936505,0.000792,10,3.936079,0.001350
4,5,9,1,0|1|1|0|2,0|2|0|3|0,0,10,3.929464,0.001044,10,3.929639,0.000699
4,5,9,1,0|1|1|0|0,0|2|0|4|1,0,10,3.922304,0.000793,10,3.922415,0.000890
4,5,9,1,0|1|1|0|1,0|2|0|4|0,0,10,3.915409,0.000706,10,3.914989,0.000671
4,5,9,1,0|1|1|0|0,0|2|0|5|0,0,10,3.864282,0.000501,10,3.864186,0.000591
4,5,9,1,0|1|1|1|0,0|2|0|0|4,0,10,3.932896,0.001129,10,3.933322,0.000774
4,5,9,1,0|1|1|1|1,0|2|0|0|3,0,10,3.932839,0.001092,10,3.933386,0.000935
4,5,9,1,0|1|1|1|2,0|2|0|0|2,0,10,3.931617,0.001302,10,3.930524,0.001285
4,5,9,1,0|1|1|1|3,0|2|0|0|1,0,10,3.928488,0.001674,10,3.928651,0.001254
4,5,9,1,0|1|1|1|4,0|2|0|0|0,0,10,3.923652,0.000943,10,3.923696,0.001131
4,5,9,1,0|1|1|1|0,0|2|0|1|3,0,10,3.939342,0.001223,10,3.939682,0.001073
4,5,9,1,0|1|1|1|1,0|2|0|1|2,0,10,3.939671,0.001006,10,3.938474,0.001558
4,5,9,1,0|1|1|1|2,0|2|0|1|1,0,10,3.936422,0.000943,10,3.936808,0.000708
4,5,9,1,0|1|1|1|3,0|2|0|1|0,0,10,3.931912,0.001159,10,3.931430,0.001592
4,5,9,1,0|1|1|1|0,0|2|0|2|2,0,10,3.935468,0.001235,10,3.935519,0.000723
4,5,9,1,0|1|1|1|1,0|2|0|2|1,0,10,3.935050,0.001001,10,3.934431,0.000940
4,5,9,1,0|1|1|1|2,0|2|0|2|0,0,10,3.928249,0.000682,10,3.928633,0.000730
4,5,9,1,0|1|1|1|0,0|2|0|3|1,0,10,3.921974,0.000639,10,3.921927,0.000959
4,5,9,1,0|1|1|1|1,0|2|0|3|0,0,10,3.914544,0.000963,10,3.914313,0.000501
4,5,9,1,0|1|1|1|0,0|2|0|4|0,0,10,3.865144,0.000501,10,3.865091,0.000558
4,5,9,1,0|1|1|2|0,0|2|0|0|3,0,10,3.933783,0.001275,10,3.933689,0.000995
4,5,9,1,0|1|1|2|1,0|2|0|0|2,0,10,3.934074,0.001175,10,3.933270,0.000826
4,5,9,1,0|1|1|2|2,0|2|0|0|1,0,10,3.929554,0.000600,10,3.928892,0.001069
4,5,9,1,0|1|1|2|3,0|2|0|0|0,0,10,3.922208,0.000779,10,3.922175,0.000867
4,5,9,1,0|1|1|2|0,0|2|0|1|2,0,10,3.932938,0.001568,10,3.933174,0.001002
4,5,9,1,0|1|1|2|1,0|2|0|1|1,0,10,3.932138,0.001224,10,3.931861,0.000649
4,5,9,1,0|1|1|2|2,0|2|0|1|0,0,10,3.923589,0.000914,10,3.923837,0.000835
4,5,9,1,0|1|1|2|0,0|2|0|2|1,0,10,3.918787,0.000865,10,3.918863,0.000614
4,5,9,1,0|1|1|2|1,0|2|0|2|0,0,10,3.910818,0.000971,10,3.911001,0.000784
4,5,9,1,0|1|1|2|0,0|2|0|3|0,0,10,3.862876,0.000540,10,3.863121,0.000438
4,5,9,1,0|1|1|3|0,0|2|0|0|2,0,10,3.927376,0.000748,10,3.928332,0.001290
4,5,9,1,0|1|1|3|1,0|2|0|0|1,0,10,3.926351,0.001539,10,3.925960,0.000978
4,5,9,1,0|1|1|3|2,0|2|0|0|0,0,10,3.915374,0.000411,10,3.915281,0.001102
4,5,9,1,0|1|1|3|0,0|2|0|1|1,0,10,3.915893,0.000685,10,3.916171,0.000534
4,5,9,1,0|1|1|3|1,0|2|0|1|0,0,10,3.907033,0.000735,10,3.907028,0.000430
4,5,9,1,0|1|1|3|0,0|2|0|2|0,0,10,3.860003,0.000564,10,3.859980,0.000673
4,5,9,1,0|1|1|4|0,0|2|0|0|1,0,10,3.910454,0.000816,10,3.911083,0.000576
4,5,9,1,0|1|1|4|1,0|2|0|0|0,0,10,3.900384,0.000750,10,3.900662,0.000570
4,5,9,1,0|1|1|4|0,0|2|0|1|0,0,10,3.856121,0.000484,10,3.856297,0.000625
4,5,9,1,0|1|1|5|0,0|2|0|0|0,0,10,3.848816,0.000573,10,3.848797,0.000805
4,5,9,1,0|1|1|0|0,0|2|1|0|4,0,10,3.916076,0.001364,10,3.915991,0.001093
4,5,9,1,0|1|1|0|1,0|2|1|0|3,0,10,3.917265,0.000611,10,3.917405,0.001176
4,5,9,1,0|1|1|0|2,0|2|1|0|2,0,10,3.914916,0.001018,10,3.915935,0.000791
4,5,9,1,0|1|1|0|3,0|2|1|0|1,0,10,3.911693,0.001298,10,3.912569,0.001255
4,5,9,1,0|1|1|0|4,0|2|1|0|0,0,10,3.905652,0.001039,10,3.905648,0.000822
4,5,9,1,0|1|1|0|0,0|2|1|1|3,0,10,3.936509,0.001303,10,3.935227,0.001056
4,5,9,1,0|1|1|0|1,0|2|1|1|2,0,10,3.936805,0.000584,10,3.936795,0.001169
4,5,9,1,0|1|1|0|2,0|2|1|1|1,0,10,3.933976,0.000871,10,3.934149,0.001127
4,5,9,1,0|1|1|0|3,0|2|1|1|0,0,10,3.928724,0.001284,10,3.927922,0.000771
4,5,9,1,0|1|1|0|0,0|2|1|2|2,0,10,3.935353,0.000745,10,3.935355,0.001281
4,5,9,1,0|1|1|0|1,0|2|1|2|1,0,10,3.934502,0.001211,10,3.935431,0.000779
4,5,9,1,0|1|1|0|2,0|2|1|2|0,0,10,3.928200,0.000772,10,3.928116,0.000979
4,5,9,1,0|1|1|0|0,0|2|1|3|1,0,10,3.923656,0.001103,10,3.923781,0.000947
4,5,9,1,0|1|1|0|1,0|2|1|3|0,0,10,3.916319,0.000941,10,3.916543,0.000738
4,5,9,1,0|1|1|0|0,0|2|1|4|0,0,10,3.872544,0.000655,10,3.872364,0.000792
4,5,9,1,0|1|1|1|0,0|2|1|0|3,0,10,3.929631,0.001087,10,3.929969,0.000880
4,5,9,1,0|1|1|1|1,0|2|1|0|2,0,10,3.929649,0.000606,10,3.928990,0.001069
4,5,9,1,0|1|1|1|2,0|2|1|0|1,0,10,3.925795,0.001302,10,3.925651,0.000681
4,5,9,1,0|1|1|1|3,0|2|1|0|0,0,10,3.918198,0.001451,10,3.918417,0.000791
4,5,9,1,0|1|1|1|0,0|2|1|1|2,0,10,3.933717,0.001101,10,3.933365,0.000806
4,5,9,1,0|1|1|1|1,0|2|1|1|1,0,10,3.932087,0.000915,10,3.932513,0.000953
4,5,9,1,0|1|1|1|2,0|2|1|1|0,0,10,3.924967,0.000544,10,3.924549,0.001059
4,5,9,1,0|1|1|1|0,0|2|1|2|1,0,10,3.922833,0.000800,10,3.923055,0.000978
4,5,9,1,0|1|1|1|1,0|2|1|2|0,0,10,3.914934,0.001018,10,3.915459,0.000717
4,5,9,1,0|1|1|1|0,0|2|1|3|0,0,10,3.872841,0.000632,10,3.873010,0.000839
4,5,9,1,0|1|1|2|0,0|2|1|0|2,0,10,3.927175,0.000632,10,3.926198,0.000971
4,5,9,1,0|1|1|2|1,0|2|1|0|1,0,10,3.924200,0.001050,10,3.924464,0.001304
4,5,9,1,0|1|1|2|2,0|2|1|0|0,0,10,3.913392,0.000697,10,3.913461,0.000916
4,5,9,1,0|1|1|2|0,0|2|1|1|1,0,10,3.918488,0.000529,10,3.918573,0.000511
4,5,9,1,0|1|1|2|1,0|2|1|1|0,0,10,3.910037,0.000893,10,3.910137,0.000320
4,5,9,1,0|1|1|2|0,0|2|1|2|0,0,10,3.869523,0.000741,10,3.869404,0.000768
4,5,9,1,0|1|1|3|0,0|2|1|0|1,0,10,3.911192,0.000833,10,3.911498,0.000627
4,5,9,1,0|1|1|3|1,0|2|1|0|0,0,10,3.900401,0.000627,10,3.900723,0.000688
4,5,9,1,0|1|1|3|0,0|2|1|1|0,0,10,3.863911,0.000314,10,3.864319,0.000649
4,5,9,1,0|1|1|4|0,0|2|1|0|0,0,10,3.853997,0.000503,10,3.853914,0.000449
4,5,9,1,0|1|1|0|0,0|2|2|0|3,0,10,3.904703,0.000919,10,3.905387,0.001186
4,5,9,1,0|1|1|0|1,0|2|2|0|2,0,10,3.906009,0.000915,10,3.905736,0.001047
4,5,9,1,0|1|1|0|2,0|2|2|0|1,0,10,3.900845,0.001057,10,3.900761,0.001157
4,5,9,1,0|1|1|0|3,0|2|2|0|0,0,10,3.888455,0.000515,10,3.888382,0.000929
4,5,9,1,0|1|1|0|0,0|2|2|1|2,0,10,3.924032,0.000700,10,3.923709,0.000567
4,5,9,1,0|1|1|0|1,0|2|2|1|1,0,10,3.922638,0.000728,10,3.922072,0.000605
4,5,9,1,0|1|1|0|2,0|2|2|1|0,0,10,3.913145,0.000603,10,3.913118,0.001004
4,5,9,1,0|1|1|0|0,0|2|2|2|1,0,10,3.913385,0.000941,10,3.913250,0.000862
4,5,9,1,0|1|1|0|1,0|2|2|2|0,0,10,3.904652,0.000831,10,3.904759,0.000399
4,5,9,1,0|1|1|0|0,0|2|2|3|0,0,10,3.858435,0.000567,10,3.857933,0.000678
4,5,9,1,0|1|1|1|0,0|2|2|0|2,0,10,3.915366,0.000887,10,3.914452,0.001004
4,5,9,1,0|1|1|1|1,0|2|2|0|1,0,10,3.911274,0.001116,10,3.911336,0.000856
4,5,9,1,0|1|1|1|2,0|2|2|0|0,0,10,3.897824,0.000533,10,3.898349,0.000524
4,5,9,1,0|1|1|1|0,0|2|2|1|1,0,10,3.909972,0.000440,10,3.910273,0.000789
4,5,9,1,0|1|1|1|1,0|2|2|1|0,0,10,3.899893,0.000971,10,3.899610,0.000837
4,5,9,1,0|1|1|1|0,0|2|2|2|0,0,10,3.857569,0.000404,10,3.857528,0.000708
4,5,9,1,0|1|1|2|0,0|2|2|0|1,0,10,3.899517,0.000698,10,3.898660,0.000491
4,5,9,1,0|1|1|2|1,0|2|2|0|0,0,10,3.885320,0.000684,10,3.885295,0.000806
4,5,9,1,0|1|1|2|0,0|2|2|1|0,0,10,3.849873,0.000503,10,3.849873,0.000383
4,5,9,1,0|1|1|3|0,0|2|2|0|0,0,10,3.835899,0.000540,10,3.835853,0.000723
4,5,9,1,0|1|1|0|0,0|2|3|0|2,0,10,3.878997,0.000835,10,3.878854,0.000578
4,5,9,1,0|1|1|0|1,0|2|3|0|1,0,10,3.875956,0.000703,10,3.876107,0.000736
4,5,9,1,0|1|1|0|2,0|2|3|0|0,0,10,3.855835,0.000545,10,3.855473,0.000701
4,5,9,1,0|1|1|0|0,0|2|3|1|1,0,10,3.889145,0.000627,10,3.889153,0.000744
4,5,9,1,0|1|1|0|1,0|2|3|1|0,0,10,3.876427,0.000782,10,3.875925,0.000486
4,5,9,1,0|1|1|0|0,0|2|3|2|0,0,10,3.828150,0.000299,10,3.828470,0.000571
4,5,9,1,0|1|1|1|0,0|2|3|0|1,0,10,3.874129,0.000681,10,3.874219,0.000453
4,5,9,1,0|1|1|1|1,0|2|3|0|0,0,10,3.855421,0.000866,10,3.855196,0.000490
4,5,9,1,0|1|1|1|0,0|2|3|1|0,0,10,3.823404,0.000398,10,3.823193,0.000530
4,5,9,1,0|1|1|2|0,0|2|3|0|0,0,10,3.802087,0.000829,10,3.802222,0.000660
4,5,9,1,0|1|1|0|0,0|2|4|0|1,0,10,3.812078,0.000434,10,3.811924,0.000775
4,5,9,1,0|1|1|0|1,0|2|4|0|0,0,10,3.786496,0.000585,10,3.786579,0.000448
4,5,9,1,0|1|1|0|0,0|2|4|1|0,0,10,3.767823,0.000514,10,3.768081,0.000378
4,5,9,1,0|1|1|1|0,0|2|4|0|0,0,10,3.741646,0.000607,10,3.741620,0.000567
4,5,9,1,0|1|1|0|0,0|2|5|0|0,0,10,3.588723,0.000517,10,3.588712,0.000874
4,5,9,1,0|1|2|0|0,0|2|0|0|4,0,10,3.914815,0.000932,10,3.914481,0.000986
4,5,9,1,0|1|2|0|1,0|2|0|0|3,0,10,3.916199,0.001078,10,3.914817,0.001585
4,5,9,1,0|1|2|0|2,0|2|0|0|2,0,10,3.912857,0.001254,10,3.913018,0.001134
4,5,9,1,0|1|2|0|3,0|2|0|0|1,0,10,3.908647,0.000862,10,3.908930,0.001152
4,5,9,1,0|1|2|0|4,0|2|0|0|0,0,10,3.901372,0.000774,10,3.901150,0.000578
4,5,9,1,0|1|2|0|0,0|2|0|1|3,0,10,3.933930,0.001685,10,3.933935,0.001035
4,5,9,1,0|1|2|0|1,0|2|0|1|2,0,10,3.935687,0.001342,10,3.934636,0.000834
4,5,9,1,0|1|2|0|2,0|2|0|1|1,0,10,3.931686,0.001158,10,3.931572,0.000859
4,5,9,1,0|1|2|0|3,0|2|0|1|0,0,10,3.925701,0.000834,10,3.926284,0.000639
4,5,9,1,0|1|2|0|0,0|2|0|2|2,0,10,3.933058,0.000937,10,3.933170,0.000958
4,5,9,1,0|1|2|0|1,0|2|0|2|1,0,10,3.932629,0.000791,10,3.932569,0.000924
4,5,9,1,0|1|2|0|2,0|2|0|2|0,0,10,3.924498,0.001167,10,3.924729,0.000806
4,5,9,1,0|1|2|0|0,0|2|0|3|1,0,10,3.921514,0.000760,10,3.920943,0.000794
4,5,9,1,0|1|2|0|1,0|2|0|3|0,0,10,3.913283,0.000739,10,3.913359,0.000752
4,5,9,1,0|1|2|0|0,0|2|0|4|0,0,10,3.867226,0.000687,10,3.867168,0.000372
4,5,9,1,0|1|2|1|0,0|2|0|0|3,0,10,3.927093,0.000819,10,3.927497,0.000903
4,5,9,1,0|1|2|1|1,0|2|0|0|2,0,10,3.926816,0.001384,10,3.926670,0.001024
4,5,9,1,0|1|2|1|2,0|2|0|0|1,0,10,3.921765,0.000544,10,3.922253,0.000574
4,5,9,1,0|1|2|1|3,0|2|0|0|0,0,10,3.913545,0.000777,10,3.913381,0.001026
4,5,9,1,0|1|2|1|0,0|2|0|1|2,0,10,3.930663,0.001132,10,3.930884,0.000815
4,5,9,1,0|1|2|1|1,0|2|0|1|1,0,10,3.929834,0.000996,10,3.928967,0.001102
4,5,9,1,0|1|2|1|2,0|2|0|1|0,0,10,3.921492,0.000977,10,3.921569,0.000639
4,5,9,1,0|1|2|1|0,0|2|0|2|1,0,10,3.919584,0.000703,10,3.919799,0.000804
4,5,9,1,0|1|2|1|1,0|2|0|2|0,0,10,3.911314,0.000703,10,3.911320,0.000996
4,5,9,1,0|1|2|1|0,0|2|0|3|0,0,10,3.867933,0.000642,10,3.868110,0.000629
4,5,9,1,0|1|2|2|0,0|2|0|0|2,0,10,3.922692,0.000787,10,3.922403,0.000701
4,5,9,1,0|1|2|2|1,0|2|0|0|1,0,10,3.919632,0.001243,10,3.920216,0.001096
4,5,9,1,0|1|2|2|2,0|2|0|0|0,0,10,3.907981,0.000963,10,3.907562,0.000907
4,5,9,1,0|1|2|2|0,0|2|0|1|1,0,10,3.914471,0.000742,10,3.915137,0.000915
4,5,9,1,0|1|2|2|1,0|2|0|1|0,0,10,3.905403,0.000829,10,3.905045,0.000733
4,5,9,1,0|1|2|2|0,0|2|0|2|0,0,10,3.863184,0.000598,10,3.863293,0.000606
4,5,9,1,0|1|2|3|0,0|2|0|0|1,0,10,3.905665,0.000900,10,3.905985,0.000605
4,5,9,1,0|1|2|3|1,0|2|0|0|0,0,10,3.894147,0.000488,10,3.893865,0.000551
4,5,9,1,0|1|2|3|0,0|2|0|1|0,0,10,3.856737,0.000651,10,3.857257,0.000690
4,5,9,1,0|1|2|4|0,0|2|0|0|0,0,10,3.845120,0.000551,10,3.844966,0.000602
4,5,9,1,0|1|2|0|0,0|2|1|0|3,0,10,3.904076,0.000670,10,3.903883,0.000905
4,5,9,1,0|1|2|0|1,0|2|1|0|2,0,10,3.904879,0.001107,10,3.904748,0.000952
4,5,9,1,0|1|2|0|2,0|2|1|0|1,0,10,3.898725,0.000678,10,3.898472,0.000635
4,5,9,1,0|1|2|0|3,0|2|1|0|0,0,10,3.885507,0.000672,10,3.885989,0.000879
4,5,9,1,0|1|2|0|0,0|2|1|1|2,0,10,3.921802,0.001036,10,3.921886,0.000803
4,5,9,1,0|1|2|0|1,0|2|1|1|1,0,10,3.921297,0.001269,10,3.921218,0.000890
4,5,9,1,0|1|2|0|2,0|2|1|1|0,0,10,3.910685,0.000718,10,3.910499,0.001204
4,5,9,1,0|1|2|0|0,0|2|1|2|1,0,10,3.911498,0.000733,10,3.911257,0.000918
4,5,9,1,0|1|2|0|1,0|2|1|2|0,0,10,3.902904,0.000683,10,3.902162,0.000913
4,5,9,1,0|1|2|0|0,0|2|1|3|0,0,10,3.855835,0.000535,10,3.855668,0.000598
4,5,9,1,0|1|2|1|0,0|2|1|0|2,0,10,3.912964,0.001047,10,3.912149,0.001075
4,5,9,1,0|1|2|1|1,0|2|1|0|1,0,10,3.908860,0.000623,10,3.909008,0.000736
4,5,9,1,0|1|2|1|2,0|2|1|0|0,0,10,3.894678,0.000887,10,3.894908,0.000698
4,5,9,1,0|1|2|1|0,0|2|1|1|1,0,10,3.907695,0.001181,10,3.907973,0.000736
4,5,9,1,0|1|2|1|1,0|2|1|1|0,0,10,3.897495,0.000661,10,3.896919,0.000685
4,5,9,1,0|1|2|1|0,0|2|1|2|0,0,10,3.854963,0.000594,10,3.855054,0.000830
4,5,9,1,0|1|2|2|0,0|2|1|0|1,0,10,3.896142,0.000593,10,3.896007,0.000792
4,5,9,1,0|1|2|2|1,0|2|1|0|0,0,10,3.880689,0.000615,10,3.881320,0.000730
4,5,9,1,0|1|2|2|0,0|2|1|1|0,0,10,3.846379,0.000653,10,3.846665,0.000541
4,5,9,1,0|1|2|3|0,0|2|1|0|0,0,10,3.830877,0.000799,10,3.830584,0.000519
4,5,9,1,0|1|2|0|0,0|2|2|0|2,0,10,3.877771,0.000515,10,3.877684,0.000545
4,5,9,1,0|1|2|0|1,0|2|2|0|1,0,10,3.874634,0.000549,10,3.874580,0.000662
4,5,9,1,0|1|2|0|2,0|2|2|0|0,0,10,3.852905,0.001288,10,3.852868,0.000310
4,5,9,1,0|1|2|0|0,0|2|2|1|1,0,10,3.887457,0.000722,10,3.887518,0.000689
4,5,9,1,0|1|2|0|1,0|2|2|1|0,0,10,3.873942,0.000988,10,3.874634,0.000767
4,5,9,1,0|1|2|0|0,0|2|2|2|0,0,10,3.826762,0.000514,10,3.826565,0.000496
4,5,9,1,0|1|2|1|0,0|2|2|0|1,0,10,3.871495,0.000462,10,3.871907,0.000816
4,5,9,1,0|1|2|1|1,0|2|2|0|0,0,10,3.851995,0.000533,10,3.852098,0.001046
4,5,9,1,0|1|2|1|0,0|2|2|1|0,0,10,3.821151,0.000549,10,3.821290,0.000653
4,5,9,1,0|1|2|2|0,0|2|2|0|0,0,10,3.798249,0.000508,10,3.798325,0.000596
4,5,9,1,0|1|2|0|0,0|2|3|0|1,0,10,3.811492,0.000427,10,3.811371,0.000677
4,5,9,1,0|1|2|0|1,0|2|3|0|0,0,10,3.785323,0.000462,10,3.785228,0.000770
4,5,9,1,0|1|2|0|0,0|2|3|1|0,0,10,3.766982,0.000450,10,3.766820,0.000426
4,5,9,1,0|1|2|1|0,0|2|3|0|0,0,10,3.739412,0.000490,10,3.739679,0.000391
4,5,9,1,0|1|2|0|0,0|2|4|0|0,0,10,3.591109,0.000607,10,3.590908,0.000323
4,5,9,1,0|1|3|0|0,0|2|0|0|3,0,10,3.902925,0.001112,10,3.902522,0.000744
4,5,9,1,0|1|3|0|1,0|2|0|0|2,0,10,3.903524,0.000678,10,3.903715,0.000982
4,5,9,1,0|1|3|0|2,0|2|0|0|1,0,10,3.897280,0.001109,10,3.896737,0.000724
4,5,9,1,0|1|3|0|3,0|2|0|0|0,0,10,3.883644,0.000911,10,3.883434,0.000932
4,5,9,1,0|1|3|0|0,0|2|0|1|2,0,10,3.920866,0.001033,10,3.921075,0.000960
4,5,9,1,0|1|3|0|1,0|2|0|1|1,0,10,3.919929,0.000847,10,3.919882,0.000832
4,5,9,1,0|1|3|0|2,0|2|0|1|0,0,10,3.909334,0.000928,10,3.909290,0.000816
4,5,9,1,0|1|3|0|0,0|2|0|2|1,0,10,3.909819,0.000868,10,3.910044,0.000644
4,5,9,1,0|1|3|0|1,0|2|0|2|0,0,10,3.900929,0.000734,10,3.900534,0.000899
4,5,9,1,0|1|3|0|0,0|2|0|3|0,0,10,3.853067,0.000385,10,3.853234,0.000414
4,5,9,1,0|1|3|1|0,0|2|0|0|2,0,10,3.911466,0.001086,10,3.911217,0.000806
4,5,9,1,0|1|3|1|1,0|2|0|0|1,0,10,3.907399,0.000545,10,3.907042,0.000726
4,5,9,1,0|1|3|1|2,0|2|0|0|0,0,10,3.892060,0.000912,10,3.892310,0.000814
4,5,9,1,0|1|3|1|0,0|2|0|1|1,0,10,3.906839,0.000496,10,3.906540,0.000876
4,5,9,1,0|1|3|1|1,0|2|0|1|0,0,10,3.895648,0.000452,10,3.895837,0.000290
4,5,9,1,0|1|3|1|0,0|2|0|2|0,0,10,3.852800,0.000729,10,3.853144,0.000695
4,5,9,1,0|1|3|2|0,0|2|0|0|1,0,10,3.893666,0.000737,10,3.893495,0.000693
4,5,9,1,0|1|3|2|1,0|2|0|0|0,0,10,3.878250,0.000934,10,3.878054,0.001076
4,5,9,1,0|1|3|2|0,0|2|0|1|0,0,10,3.843584,0.000333,10,3.843997,0.000471
4,5,9,1,0|1|3|3|0,0|2|0|0|0,0,10,3.826139,0.000644,10,3.826413,0.000650
4,5,9,1,0|1|3|0|0,0|2|1|0|2,0,10,3.876479,0.000906,10,3.876994,0.000903
4,5,9,1,0|1|3|0|1,0|2|1|0|1,0,10,3.873938,0.000884,10,3.874162,0.000721
4,5,9,1,0|1|3|0|2,0|2|1|0|0,0,10,3.851853,0.000560,10,3.851664,0.000556
4,5,9,1,0|1|3|0|0,0|2|1|1|1,0,10,3.886934,0.000878,10,3.886972,0.001007
4,5,9,1,0|1|3|0|1,0|2|1|1|0,0,10,3.873107,0.000895,10,3.873314,0.000630
4,5,9,1,0|1|3|0|0,0|2|1|2|0,0,10,3.825478,0.000441,10,3.825487,0.000505
4,5,9,1,0|1|3|1|0,0|2|1|0|1,0,10,3.871189,0.000503,10,3.871322,0.000843
4,5,9,1,0|1|3|1|1,0|2|1|0|0,0,10,3.850911,0.000761,10,3.850855,0.000695
4,5,9,1,0|1|3|1|0,0|2|1|1|0,0,10,3.820236,0.000576,10,3.820166,0.000536
4,5,9,1,0|1|3|2|0,0|2|1|0|0,0,10,3.796467,0.000467,10,3.796321,0.000444
4,5,9,1,0|1|3|0|0,0|2|2|0|1,0,10,3.811370,0.000389,10,3.811276,0.000714
4,5,9,1,0|1|3|0|1,0|2|2|0|0,0,10,3.784886,0.000515,10,3.784730,0.000459
4,5,9,1,0|1|3|0|0,0|2|2|1|0,0,10,3.766380,0.000542,10,3.766376,0.000322
4,5,9,1,0|1|3|1|0,0|2|2|0|0,0,10,3.739082,0.000620,10,3.739069,0.000438
4,5,9,1,0|1|3|0|0,0|2|3|0|0,0,10,3.592242,0.000463,10,3.592122,0.000477
4,5,9,1,0|1|4|0|0,0|2|0|0|2,0,10,3.876274,0.000779,10,3.876217,0.000842
4,5,9,1,0|1|4|0|1,0|2|0|0|1,0,10,3.873603,0.000968,10,3.873835,0.000908
4,5,9,1,0|1|4|0|2,0|2|0|0|0,0,10,3.850455,0.000563,10,3.850685,0.001009
4,5,9,1,0|1|4|0|0,0|2|0|1|1,0,10,3.886209,0.000801,10,3.885967,0.000651
4,5,9,1,0|1|4|0|1,0|2|0|1|0,0,10,3.872600,0.000693,10,3.872429,0.000623
4,5,9,1,0|1|4|0|0,0|2|0|2|0,0,10,3.824380,0.000570,10,3.824107,0.000530
4,5,9,1,0|1|4|1|0,0|2|0|0|1,0,10,3.870196,0.000336,10,3.870620,0.000657
4,5,9,1,0|1|4|1|1,0|2|0|0|0,0,10,3.850337,0.000833,10,3.850283,0.000403
4,5,9,1,0|1|4|1|0,0|2|0|1|0,0,10,3.819954,0.000692,10,3.819605,0.000679
4,5,9,1,0|1|4|2|0,0|2|0|0|0,0,10,3.794949,0.000532,10,3.795058,0.000363
4,5,9,1,0|1|4|0|0,0|2|1|0|1,0,10,3.810897,0.000622,10,3.811043,0.000578
4,5,9,1,0|1|4|0|1,0|2|1|0|0,0,10,3.784743,0.000605,10,3.784469,0.000388
4,5,9,1,0|1|4|0|0,0|2|1|1|0,0,10,3.766370,0.000577,10,3.766266,0.000661
4,5,9,1,0|1|4|1|0,0|2|1|0|0,0,10,3.738629,0.000496,10,3.738832,0.000346
4,5,9,1,0|1|4|0|0,0|2|2|0|0,0,10,3.592255,0.000703,10,3.592242,0.000748
4,5,9,1,0|1|5|0|0,0|2|0|0|1,0,10,3.810668,0.000494,10,3.810798,0.000742
4,5,9,1,0|1|5|0|1,0|2|0|0|0,0,10,3.784588,0.000626,10,3.784118,0.000563
4,5,9,1,0|1|5|0|0,0|2|0|1|0,0,10,3.766002,0.000408,10,3.765760,0.000491
4,5,9,1,0|1|5|1|0,0|2|0|0|0,0,10,3.738279,0.000564,10,3.738433,0.000465
4,5,9,1,0|1|5|0|0,0|2|1|0|0,0,10,3.592372,0.000595,10,3.592837,0.000549
4,5,9,1,0|1|6|0|0,0|2|0|0|0,0,10,3.592672,0.000276,10,3.592433,0.000446
4,5,9,1,0|1|0|0|0,0|3|0|0|5,0,10,3.887579,0.001178,10,3.887084,0.001147
4,5,9,1,0|1|0|0|1,0|3|0|0|4,0,10,3.888644,0.001231,10,3.888707,0.001041
4,5,9,1,0|1|0|0|2,0|3|0|0|3,0,10,3.888512,0.000952,10,3.887799,0.000891
4,5,9,1,0|1|0|0|3,0|3|0|0|2,0,10,3.886295,0.000519,10,3.885364,0.001362
4,5,9,1,0|1|0|0|4,0|3|0|0|1,0,10,3.882548,0.000958,10,3.882981,0.001344
4,5,9,1,0|1|0|0|5,0|3|0|0|0,0,10,3.876693,0.001448,10,3.876346,0.001002
4,5,9,1,0|1|0|0|0,0|3|0|1|4,0,10,3.926198,0.000869,10,3.926228,0.000988
4,5,9,1,0|1|0|0|1,0|3|0|1|3,0,10,3.927299,0.001808,10,3.928063,0.001956
4,5,9,1,0|1|0|0|2,0|3|0|1|2,0,10,3.926435,0.001476,10,3.926266,0.001401
4,5,9,1,0|1|0|0|3,0|3|0|1|1,0,10,3.923600,0.000949,10,3.923441,0.001296
4,5,9,1,0|1|0|0|4,0|3|0|1|0,0,10,3.919402,0.001425,10,3.919149,0.001041
4,5,9,1,0|1|0|0|0,0|3|0|2|3,0,10,3.927875,0.000950,10,3.927852,0.001652
4,5,9,1,0|1|0|0|1,0|3|0|2|2,0,10,3.929008,0.001260,10,3.928610,0.001004
4,5,9,1,0|1|0|0|2,0|3|0|2|1,0,10,3.925791,0.000931,10,3.925716,0.001313
4,5,9,1,0|1|0|0|3,0|3|0|2|0,0,10,3.918057,0.001647,10,3.918257,0.001137
4,5,9,1,0|1|0|0|0,0|3|0|3|2,0,10,3.918131,0.000507,10,3.918572,0.000938
4,5,9,1,0|1|0|0|1,0|3|0|3|1,0,10,3.918227,0.000891,10,3.918393,0.000726
4,5,9,1,0|1|0|0|2,0|3|0|3|0,0,10,3.907294,0.000589,10,3.907288,0.000618
4,5,9,1,0|1|0|0|0,0|3|0|4|1,0,10,3.890544,0.000723,10,3.890571,0.000544
4,5,9,1,0|1|0|0|1,0|3|0|4|0,0,10,3.878778,0.000871,10,3.878510,0.000853
4,5,9,1,0|1|0|0|0,0|3|0|5|0,0,10,3.782022,0.000402,10,3.781972,0.000572
4,5,9,1,0|1|0|1|0,0|3|0|0|4,0,10,3.920309,0.001262,10,3.920155,0.001013
4,5,9,1,0|1|0|1|1,0|3|0|0|3,0,10,3.921763,0.001166,10,3.921044,0.000739
4,5,9,1,0|1|0|1|2,0|3|0|0|2,0,10,3.919188,0.000841,10,3.918947,0.000983
4,5,9,1,0|1|0|1|3,0|3|0|0|1,0,10,3.916321,0.000776,10,3.916016,0.001014
4,5,9,1,0|1|0|1|4,0|3|0|0|0,0,10,3.909625,0.000752,10,3.909412,0.000809
4,5,9,1,0|1|0|1|0,0|3|0|1|3,0,10,3.926164,0.001224,10,3.926499,0.001035
4,5,9,1,0|1|0|1|1,0|3|0|1|2,0,10,3.927053,0.001060,10,3.927015,0.000924
4,5,9,1,0|1|0|1|2,0|3|0|1|1,0,10,3.923570,0.000804,10,3.924345,0.001086
4,5,9,1,0|1|0|1|3,0|3|0|1|0,0,10,3.916557,0.000825,10,3.917240,0.001161
4,5,9,1,0|1|0|1|0,0|3|0|2|2,0,10,3.918570,0.000527,10,3.918489,0.000666
4,5,9,1,0|1|0|1|1,0|3|0|2|1,0,10,3.916591,0.000838,10,3.917668,0.000574
4,5,9,1,0|1|0|1|2,0|3|0|2|0,0,10,3.905828,0.000790,10,3.906498,0.000651
4,5,9,1,0|1|0|1|0,0|3|0|3|1,0,10,3.890264,0.000743,10,3.890548,0.000562
4,5,9,1,0|1|0|1|1,0|3|0|3|0,0,10,3.877678,0.000812,10,3.877443,0.000663
4,5,9,1,0|1|0|1|0,0|3|0|4|0,0,10,3.783431,0.000553,10,3.783605,0.000591
4,5,9,1,0|1|0|2|0,0|3|0|0|3,0,10,3.921258,0.000558,10,3.921505,0.000816
4,5,9,1,0|1|0|2|1,0|3|0|0|2,0,10,3.921487,0.001189,10,3.921543,0.001243
4,5,9,1,0|1|0|2|2,0|3|0|0|1,0,10,3.916599,0.000839,10,3.916225,0.001231
4,5,9,1,0|1|0|2|3,0|3|0|0|0,0,10,3.905828,0.000707,10,3.905671,0.000839
4,5,9,1,0|1|0|2|0,0|3|0|1|2,0,10,3.915964,0.000988,10,3.915693,0.001062
4,5,9,1,0|1|0|2|1,0|3|0|1|1,0,10,3.914282,0.000727,10,3.913731,0.000743
4,5,9,1,0|1|0|2|2,0|3|0|1|0,0,10,3.901623,0.000567,10,3.901236,0.000903
4,5,9,1,0|1|0|2|0,0|3|0|2|1,0,10,3.888111,0.000498,10,3.888075,0.000765
4,5,9,1,0|1|0|2|1,0|3|0|2|0,0,10,3.874349,0.000676,10,3.874304,0.000537
4,5,9,1,0|1|0|2|0,0|3|0|3|0,0,10,3.782930,0.000410,10,3.782888,0.000704
4,5,9,1,0|1|0|3|0,0|3|0|0|2,0,10,3.910686,0.000769,10,3.911025,0.001167
4,5,9,1,0|1|0|3|1,0|3|0|0|1,0,10,3.908824,0.000790,10,3.909521,0.000880
4,5,9,1,0|1|0|3|2,0|3|0|0|0,0,10,3.894331,0.000755,10,3.893773,0.000508
4,5,9,1,0|1|0|3|0,0|3|0|1|1,0,10,3.885392,0.000772,10,3.885375,0.000425
4,5,9,1,0|1|0|3|1,0|3|0|1|0,0,10,3.870834,0.000433,10,3.870673,0.000437
4,5,9,1,0|1|0|3|0,0|3|0|2|0,0,10,3.780942,0.000335,10,3.781199,0.000459
4,5,9,1,0|1|0|4|0,0|3|0|0|1,0,10,3.881755,0.000431,10,3.881574,0.000610
4,5,9,1,0|1|0|4|1,0|3|0|0|0,0,10,3.865973,0.000594,10,3.865576,0.000567
4,5,9,1,0|1|0|4|0,0|3|0|1|0,0,10,3.778550,0.000422,10,3.779019,0.000489
4,5,9,1,0|1|0|5|0,0|3|0|0|0,0,10,3.774082,0.000531,10,3.774239,0.000294
4,5,9,1,0|1|0|0|0,0|3|1|0|4,0,10,3.911659,0.001122,10,3.911738,0.001100
4,5,9,1,0|1|0|0|1,0|3|1|0|3,0,10,3.912768,0.001209,10,3.913288,0.000795
4,5,9,1,0|1|0|0|2,0|3|1|0|2,0,10,3.911413,0.001133,10,3.911152,0.001074
4,5,9,1,0|1|0|0|3,0|3|1|0|1,0,10,3.907968,0.001058,10,3.908036,0.001057
4,5,9,1,0|1|0|0|4,0|3|1|0|0,0,10,3.900860,0.000749,10,3.901326,0.001029
4,5,9,1,0|1|0|0|0,0|3|1|1|3,0,10,3.934014,0.000960,10,3.934559,0.000763
4,5,9,1,0|1|0|0|1,0|3|1|1|2,0,10,3.934936,0.001058,10,3.935081,0.001402
4,5,9,1,0|1|0|0|2,0|3|1|1|1,0,10,3.932474,0.000514,10,3.932591,0.000854
4,5,9,1,0|1|0|0|3,0|3|1|1|0,0,10,3.927648,0.001220,10,3.926866,0.000798
4,5,9,1,0|1|0|0|0,0|3|1|2|2,0,10,3.933463,0.000882,10,3.933698,0.001070
4,5,9,1,0|1|0|0|1,0|3|1|2|1,0,10,3.933324,0.001222,10,3.932652,0.001216
4,5,9,1,0|1|0|0|2,0|3|1|2|0,0,10,3.926224,0.001031,10,3.926217,0.001050
4,5,9,1,0|1|0|0|0,0|3|1|3|1,0,10,3.920920,0.000634,10,3.920960,0.000969
4,5,9,1,0|1|0|0|1,0|3|1|3|0,0,10,3.913767,0.000906,10,3.913729,0.000621
4,5,9,1,0|1|0|0|0,0|3|1|4|0,0,10,3.863028,0.000325,10,3.862884,0.000679
4,5,9,1,0|1|0|1|0,0|3|1|0|3,0,10,3.928814,0.000814,10,3.929041,0.001081
4,5,9,1,0|1|0|1|1,0|3|1|0|2,0,10,3.928673,0.001244,10,3.928163,0.000493
4,5,9,1,0|1|0|1|2,0|3|1|0|1,0,10,3.925008,0.000869,10,3.924654,0.000445
4,5,9,1,0|1|0|1|3,0|3|1|0|0,0,10,3.917619,0.000643,10,3.917603,0.001002
4,5,9,1,0|1|0|1|0,0|3|1|1|2,0,10,3.932323,0.001436,10,3.932623,0.001074
4,5,9,1,0|1|0|1|1,0|3|1|1|1,0,10,3.931252,0.001948,10,3.931630,0.000685
4,5,9,1,0|1|0|1|2,0|3|1|1|0,0,10,3.923674,0.001090,10,3.923998,0.000786
4,5,9,1,0|1|0|1|0,0|3|1|2|1,0,10,3.920439,0.000923,10,3.920779,0.000746
4,5,9,1,0|1|0|1|1,0|3|1|2|0,0,10,3.912837,0.000755,10,3.912857,0.000744
4,5,9,1,0|1|0|1|0,0|3|1|3|0,0,10,3.864415,0.000558,10,3.864280,0.000465
4,5,9,1,0|1|0|2|0,0|3|1|0|2,0,10,3.925915,0.000647,10,3.925533,0.000881
4,5,9,1,0|1|0|2|1,0|3|1|0|1,0,10,3.923497,0.001008,10,3.923288,0.001135
4,5,9,1,0|1|0|2|2,0|3|1|0|0,0,10,3.912683,0.000532,10,3.912844,0.000580
4,5,9,1,0|1|0|2|0,0|3|1|1|1,0,10,3.916516,0.001018,10,3.916531,0.000837
4,5,9,1,0|1|0|2|1,0|3|1|1|0,0,10,3.907836,0.000435,10,3.907853,0.000667
4,5,9,1,0|1|0|2|0,0|3|1|2|0,0,10,3.861264,0.001052,10,3.860651,0.000393
4,5,9,1,0|1|0|3|0,0|3|1|0|1,0,10,3.910143,0.001155,10,3.909909,0.000822
4,5,9,1,0|1|0|3|1,0|3|1|0|0,0,10,3.898809,0.001068,10,3.898767,0.000627
4,5,9,1,0|1|0|3|0,0|3|1|1|0,0,10,3.855928,0.000722,10,3.856195,0.000449
4,5,9,1,0|1|0|4|0,0|3|1|0|0,0,10,3.847316,0.000661,10,3.847128,0.000658
4,5,9,1,0|1|0|0|0,0|3|2|0|3,0,10,3.903636,0.000861,10,3.903715,0.000925
4,5,9,1,0|1|0|0|1,0|3|2|0|2,0,10,3.905082,0.001478,10,3.904839,0.000953
4,5,9,1,0|1|0|0|2,0|3|2|0|1,0,10,3.900008,0.001089,10,3.900171,0.001172
4,5,9,1,0|1|0|0|3,0|3|2|0|0,0,10,3.888495,0.001058,10,3.888191,0.000727
4,5,9,1,0|1|0|0|0,0|3|2|1|2,0,10,3.923180,0.000983,10,3.923446,0.000868
4,5,9,1,0|1|0|0|1,0|3|2|1|1,0,10,3.922918,0.000832,10,3.923150,0.001348
4,5,9,1,0|1|0|0|2,0|3|2|1|0,0,10,3.913685,0.000821,10,3.913572,0.000819
4,5,9,1,0|1|0|0|0,0|3|2|2|1,0,10,3.913770,0.001028,10,3.913901,0.000638
4,5,9,1,0|1|0|0|1,0|3|2|2|0,0,10,3.904821,0.000685,10,3.904974,0.000746
4,5,9,1,0|1|0|0|0,0|3|2|3|0,0,10,3.856145,0.000471,10,3.856099,0.000509
4,5,9,1,0|1|0|1|0,0|3|2|0|2,0,10,3.915784,0.000913,10,3.915721,0.001023
4,5,9,1,0|1|0|1|1,0|3|2|0|1,0,10,3.912607,0.001081,10,3.912754,0.000965
4,5,9,1,0|1|0|1|2,0|3|2|0|0,0,10,3.900524,0.000994,10,3.900440,0.000670
4,5,9,1,0|1|0|1|0,0|3|2|1|1,0,10,3.911064,0.000687,10,3.911066,0.000784
4,5,9,1,0|1|0|1|1,0|3|2|1|0,0,10,3.901920,0.000603,10,3.901804,0.000487
4,5,9,1,0|1|0|1|0,0|3|2|2|0,0,10,3.856773,0.000448,10,3.857172,0.000718
4,5,9,1,0|1|0|2|0,0|3|2|0|1,0,10,3.900834,0.000604,10,3.900765,0.000581
4,5,9,1,0|1|0|2|1,0|3|2|0|0,0,10,3.887441,0.000818,10,3.887309,0.000480
4,5,9,1,0|1|0|2|0,0|3|2|1|0,0,10,3.850010,0.000514,10,3.850066,0.000466
4,5,9,1,0|1|0|3|0,0|3|2|0|0,0,10,3.836073,0.000313,10,3.835743,0.000254
4,5,9,1,0|1|0|0|0,0|3|3|0|2,0,10,3.878350,0.001236,10,3.878782,0.000785
4,5,9,1,0|1|0|0|1,0|3|3|0|1,0,10,3.876335,0.000936,10,3.876702,0.000344
4,5,9,1,0|1|0|0|2,0|3|3|0|0,0,10,3.856734,0.000798,10,3.856657,0.000869
4,5,9,1,0|1|0|0|0,0|3|3|1|1,0,10,3.889998,0.000738,10,3.890221,0.000890
4,5,9,1,0|1|0|0|1,0|3|3|1|0,0,10,3.878100,0.000585,10,3.878329,0.001083
4,5,9,1,0|1|0|0|0,0|3|3|2|0,0,10,3.828315,0.000547,10,3.828614,0.000304
4,5,9,1,0|1|0|1|0,0|3|3|0|1,0,10,3.877006,0.000585,10,3.877333,0.000385
4,5,9,1,0|1|0|1|1,0|3|3|0|0,0,10,3.859306,0.000616,10,3.859017,0.000369
4,5,9,1,0|1|0|1|0,0|3|3|1|0,0,10,3.824948,0.000655,10,3.825136,0.000390
4,5,9,1,0|1|0|2|0,0|3|3|0|0,0,10,3.804562,0.000522,10,3.804668,0.000234
4,5,9,1,0|1|0|0|0,0|3|4|0|1,0,10,3.812194,0.000742,10,3.812414,0.000545
4,5,9,1,0|1|0|0|1,0|3|4|0|0,0,10,3.787625,0.000615,10,3.787655,0.000344
4,5,9,1,0|1|0|0|0,0|3|4|1|0,0,10,3.768211,0.000462,10,3.768462,0.000467
4,5,9,1,0|1|0|1|0,0|3|4|0|0,0,10,3.744349,0.000307,10,3.743859,0.000543
4,5,9,1,0|1|0|0|0,0|3|5|0|0,0,10,3.582552,0.000392,10,3.582437,0.000548
4,5,9,1,0|1|1|0|0,0|3|0|0|4,0,10,3.907819,0.001011,10,3.907938,0.000542
4,5,9,1,0|1|1|0|1,0|3|0|0|3,0,10,3.909019,0.001018,10,3.908865,0.001337
4,5,9,1,0|1|1|0|2,0|3|0|0|2,0,10,3.906895,0.000825,10,3.906187,0.000947
4,5,9,1,0|1|1|0|3,0|3|0|0|1,0,10,3.902526,0.000718,10,3.902932,0.001064
4,5,9,1,0|1|1|0|4,0|3|0|0|0,0,10,3.894120,0.000973,10,3.894429,0.000736
4,5,9,1,0|1|1|0|0,0|3|0|1|3,0,10,3.931233,0.000731,10,3.930167,0.001011
4,5,9,1,0|1|1|0|1,0|3|0|1|2,0,10,3.930740,0.001083,10,3.931345,0.000703
4,5,9,1,0|1|1|0|2,0|3|0|1|1,0,10,3.928078,0.001270,10,3.927682,0.000755
4,5,9,1,0|1|1|0|3,0|3|0|1|0,0,10,3.921207,0.001104,10,3.921418,0.000700
4,5,9,1,0|1|1|0|0,0|3|0|2|2,0,10,3.928902,0.000772,10,3.929187,0.001255
4,5,9,1,0|1|1|0|1,0|3|0|2|1,0,10,3.928473,0.001102,10,3.928494,0.001049
4,5,9,1,0|1|1|0|2,0|3|0|2|0,0,10,3.920114,0.001160,10,3.919851,0.000992
4,5,9,1,0|1|1|0|0,0|3|0|3|1,0,10,3.914890,0.000730,10,3.914911,0.000682
4,5,9,1,0|1|1|0|1,0|3|0|3|0,0,10,3.905925,0.000755,10,3.905857,0.000662
4,5,9,1,0|1|1|0|0,0|3|0|4|0,0,10,3.852166,0.000529,10,3.852181,0.000644
4,5,9,1,0|1|1|1|0,0|3|0|0|3,0,10,3.922705,0.001252,10,3.923487,0.001278
4,5,9,1,0|1|1|1|1,0|3|0|0|2,0,10,3.922604,0.000607,10,3.922158,0.001283
4,5,9,1,0|1|1|1|2,0|3|0|0|1,0,10,3.917477,0.001069,10,3.918097,0.000873
4,5,9,1,0|1|1|1|3,0|3|0|0|0,0,10,3.908548,0.000829,10,3.908667,0.001182
4,5,9,1,0|1|1|1|0,0|3|0|1|2,0,10,3.926875,0.001246,10,3.926685,0.000793
4,5,9,1,0|1|1|1|1,0|3|0|1|1,0,10,3.924584,0.001464,10,3.925689,0.001020
4,5,9,1,0|1|1|1|2,0|3|0|1|0,0,10,3.915861,0.000564,10,3.915881,0.000527
4,5,9,1,0|1|1|1|0,0|3|0|2|1,0,10,3.912932,0.000853,10,3.913201,0.000763
4,5,9,1,0|1|1|1|1,0|3|0|2|0,0,10,3.903163,0.000784,10,3.903636,0.000732
4,5,9,1,0|1|1|1|0,0|3|0|3|0,0,10,3.851807,0.000715,10,3.852279,0.000525
4,5,9,1,0|1|1|2|0,0|3|0|0|2,0,10,3.918975,0.001414,10,3.918362,0.001351
4,5,9,1,0|1|1|2|1,0|3|0|0|1,0,10,3.915935,0.000653,10,3.915395,0.001201
4,5,9,1,0|1|1|2|2,0|3|0|0|0,0,10,3.902229,0.000820,10,3.902369,0.001084
4,5,9,1,0|1|1|2|0,0|3|0|1|1,0,10,3.908374,0.001051,10,3.908337,0.000396
4,5,9,1,0|1|1|2|1,0|3|0|1|0,0,10,3.897548,0.000559,10,3.897074,0.000560
4,5,9,1,0|1|1|2|0,0|3|0|2|0,0,10,3.848213,0.000431,10,3.848138,0.000812
4,5,9,1,0|1|1|3|0,0|3|0|0|1,0,10,3.900321,0.000654,10,3.900015,0.000759
4,5,9,1,0|1|1|3|1,0|3|0|0|0,0,10,3.886791,0.000820,10,3.887061,0.000884
4,5,9,1,0|1|1|3|0,0|3|0|1|0,0,10,3.842628,0.000754,10,3.842335,0.000376
4,5,9,1,0|1|1|4|0,0|3|0|0|0,0,10,3.832006,0.000653,10,3.832328,0.000798
4,5,9,1,0|1|1|0|0,0|3|1|0|3,0,10,3.903640,0.000719,10,3.903081,0.000512
4,5,9,1,0|1|1|0|1,0|3|1|0|2,0,10,3.904392,0.000841,10,3.904052,0.000667
4,5,9,1,0|1|1|0|2,0|3|1|0|1,0,10,3.897644,0.000914,10,3.898133,0.001221
4,5,9,1,0|1|1|0|3,0|3|1|0|0,0,10,3.885939,0.001070,10,3.886092,0.000673
4,5,9,1,0|1|1|0|0,0|3|1|1|2,0,10,3.922068,0.001111,10,3.921445,0.001195
4,5,9,1,0|1|1|0|1,0|3|1|1|1,0,10,3.920194,0.000826,10,3.920211,0.000717
4,5,9,1,0|1|1|0|2,0|3|1|1|0,0,10,3.910226,0.001062,10,3.910554,0.000917
4,5,9,1,0|1|1|0|0,0|3|1|2|1,0,10,3.911119,0.000789,10,3.911221,0.000672
4,5,9,1,0|1|1|0|1,0|3|1|2|0,0,10,3.901667,0.001134,10,3.902049,0.000384
4,5,9,1,0|1|1|0|0,0|3|1|3|0,0,10,3.854281,0.000550,10,3.854356,0.000474
4,5,9,1,0|1|1|1|0,0|3|1|0|2,0,10,3.912319,0.000997,10,3.912492,0.001065
4,5,9,1,0|1|1|1|1,0|3|1|0|1,0,10,3.909154,0.000756,10,3.908702,0.001338
4,5,9,1,0|1|1|1|2,0|3|1|0|0,0,10,3.895207,0.001039,10,3.895306,0.000825
4,5,9,1,0|1|1|1|0,0|3|1|1|1,0,10,3.907540,0.000943,10,3.907777,0.000918
4,5,9,1,0|1|1|1|1,0|3|1|1|0,0,10,3.896597,0.000699,10,3.897131,0.000624
4,5,9,1,0|1|1|1|0,0|3|1|2|0,0,10,3.853039,0.000570,10,3.853478,0.000450
4,5,9,1,0|1|1|2|0,0|3|1|0|1,0,10,3.896306,0.000594,10,3.896138,0.000620
4,5,9,1,0|1|1|2|1,0|3|1|0|0,0,10,3.881904,0.000831,10,3.882238,0.000665
4,5,9,1,0|1|1|2|0,0|3|1|1|0,0,10,3.845753,0.000514,10,3.845494,0.000587
4,5,9,1,0|1|1|3|0,0|3|1|0|0,0,10,3.830738,0.000741,10,3.831006,0.000397
4,5,9,1,0|1|1|0|0,0|3|2|0|2,0,10,3.878066,0.000850,10,3.877635,0.000708
4,5,9,1,0|1|1|0|1,0|3|2|0|1,0,10,3.874875,0.000770,10,3.874881,0.001089
4,5,9,1,0|1|1|0|2,0|3|2|0|0,0,10,3.854110,0.000738,10,3.854204,0.001265
4,5,9,1,0|1|1|0|0,0|3|2|1|1,0,10,3.888209,0.000834,10,3.887796,0.000534
4,5,9,1,0|1|1|0|1,0|3|2|1|0,0,10,3.875190,0.000554,10,3.875133,0.000496
4,5,9,1,0|1|1|0|0,0|3|2|2|0,0,10,3.827378,0.000720,10,3.826995,0.000464
4,5,9,1,0|1|1|1|0,0|3|2|0|1,0,10,3.873339,0.000698,10,3.872912,0.000466
4,5,9,1,0|1|1|1|1,0|3|2|0|0,0,10,3.854073,0.000731,10,3.853932,0.000360
4,5,9,1,0|1|1|1|0,0|3|2|1|0,0,10,3.821676,0.000648,10,3.821742,0.000385
4,5,9,1,0|1|1|2|0,0|3|2|0|0,0,10,3.800919,0.000459,10,3.800709,0.000689
4,5,9,1,0|1|1|0|0,0|3|3|0|1,0,10,3.811785,0.000400,10,3.811738,0.000716
4,5,9,1,0|1|1|0|1,0|3|3|0|0,0,10,3.786031,0.000424,10,3.786039,0.000474
4,5,9,1,0|1|1|0|0,0|3|3|1|0,0,10,3.767183,0.000443,10,3.767485,0.000557
4,5,9,1,0|1|1|1|0,0|3|3|0|0,0,10,3.740854,0.000459,10,3.741148,0.000441
4,5,9,1,0|1|1|0|0,0|3|4|0|0,0,10,3.588617,0.000569,10,3.588586,0.000664
4,5,9,1,0|1|2|0|0,0|3|0|0|3,0,10,3.900486,0.000872,10,3.900300,0.000771
4,5,9,1,0|1|2|0|1,0|3|0|0|2,0,10,3.900746,0.000822,10,3.900000,0.000613
4,5,9,1,0|1|2|0|2,0|3|0|0|1,0,10,3.894298,0.001036,10,3.894443,0.001307
4,5,9,1,0|1|2|0|3,0|3|0|0|0,0,10,3.879967,0.000618,10,3.880256,0.000605
4,5,9,1,0|1|2|0|0,0|3|0|1|2,0,10,3.918787,0.000892,10,3.919228,0.000674
4,5,9,1,0|1|2|0|1,0|3|0|1|1,0,10,3.917771,0.000858,10,3.917532,0.001173
4,5,9,1,0|1|2|0|2,0|3|0|1|0,0,10,3.906488,0.000695,10,3.906218,0.000731
4,5,9,1,0|1|2|0|0,0|3|0|2|1,0,10,3.907495,0.000800,10,3.907743,0.000568
4,5,9,1,0|1|2|0|1,0|3|0|2|0,0,10,3.897998,0.000616,10,3.897870,0.000514
4,5,9,1,0|1|2|0|0,0|3|0|3|0,0,10,3.847930,0.000664,10,3.848338,0.000646
4,5,9,1,0|1|2|1|0,0|3|0|0|2,0,10,3.908692,0.001071,10,3.908719,0.000793
4,5,9,1,0|1|2|1|1,0|3|0|0|1,0,10,3.904749,0.000829,10,3.904378,0.000892
4,5,9,1,0|1|2|1|2,0|3|0|0|0,0,10,3.889174,0.000533,10,3.889068,0.000514
4,5,9,1,0|1|2|1|0,0|3|0|1|1,0,10,3.903345,0.000759,10,3.903443,0.000942
4,5,9,1,0|1|2|1|1,0|3|0|1|0,0,10,3.891821,0.000892,10,3.892024,0.000784
4,5,9,1,0|1|2|1|0,0|3|0|2|0,0,10,3.847316,0.000727,10,3.847253,0.000730
4,5,9,1,0|1|2|2|0,0|3|0|0|1,0,10,3.890938,0.000832,10,3.890335,0.000488
4,5,9,1,0|1|2|2|1,0|3|0|0|0,0,10,3.874613,0.000633,10,3.874333,0.000450
4,5,9,1,0|1|2|2|0,0|3|0|1|0,0,10,3.838468,0.000511,10,3.838291,0.000769
4,5,9,1,0|1|2|3|0,0|3|0|0|0,0,10,3.821307,0.000841,10,3.821615,0.000598
4,5,9,1,0|1|2|0|0,0|3|1|0|2,0,10,3.876287,0.000632,10,3.876435,0.000739
4,5,9,1,0|1|2|0|1,0|3|1|0|1,0,10,3.873014,0.000851,10,3.873389,0.000974
4,5,9,1,0|1|2|0|2,0|3|1|0|0,0,10,3.851021,0.001045,10,3.851610,0.000922
4,5,9,1,0|1|2|0|0,0|3|1|1|1,0,10,3.886677,0.000422,10,3.886642,0.000747
4,5,9,1,0|1|2|0|1,0|3|1|1|0,0,10,3.872656,0.000577,10,3.872700,0.000642
4,5,9,1,0|1|2|0|0,0|3|1|2|0,0,10,3.824694,0.000796,10,3.824740,0.000486
4,5,9,1,0|1|2|1|0,0|3|1|0|1,0,10,3.870460,0.000481,10,3.871048,0.000832
4,5,9,1,0|1|2|1|1,0|3|1|0|0,0,10,3.850051,0.000570,10,3.850376,0.000644
4,5,9,1,0|1|2|1|0,0|3|1|1|0,0,10,3.819009,0.000603,10,3.818965,0.000542
4,5,9,1,0|1|2|2|0,0|3|1|0|0,0,10,3.796087,0.000276,10,3.795935,0.000422
4,5,9,1,0|1|2|0|0,0|3|2|0|1,0,10,3.810786,0.000579,10,3.810782,0.000613
4,5,9,1,0|1|2|0|1,0|3|2|0|0,0,10,3.784768,0.000646,10,3.784389,0.000401
4,5,9,1,0|1|2|0|0,0|3|2|1|0,0,10,3.766295,0.000446,10,3.766153,0.000471
4,5,9,1,0|1|2|1|0,0|3|2|0|0,0,10,3.738755,0.000286,10,3.738541,0.000470
4,5,9,1,0|1|2|0|0,0|3|3|0|0,0,10,3.590903,0.000542,10,3.590725,0.000517
4,5,9,1,0|1|3|0|0,0|3|0|0|2,0,10,3.875143,0.000907,10,3.874241,0.000841
4,5,9,1,0|1|3|0|1,0|3|0|0|1,0,10,3.871280,0.000985,10,3.871868,0.000701
4,5,9,1,0|1|3|0|2,0|3|0|0|0,0,10,3.849036,0.000933,10,3.848755,0.000553
4,5,9,1,0|1|3|0|0,0|3|0|1|1,0,10,3.884777,0.000810,10,3.884547,0.000709
4,5,9,1,0|1|3|0|1,0|3|0|1|0,0,10,3.871117,0.000681,10,3.871162,0.000706
4,5,9,1,0|1|3|0|0,0|3|0|2|0,0,10,3.822265,0.000525,10,3.822009,0.000504
4,5,9,1,0|1|3|1|0,0|3|0|0|1,0,10,3.868736,0.000385,10,3.868919,0.001023
4,5,9,1,0|1|3|1|1,0|3|0|0|0,0,10,3.847911,0.000594,10,3.847849,0.000685
4,5,9,1,0|1|3|1|0,0|3|0|1|0,0,10,3.816972,0.000432,10,3.816785,0.000407
4,5,9,1,0|1|3|2|0,0|3|0|0|0,0,10,3.791605,0.000436,10,3.792100,0.000644
4,5,9,1,0|1|3|0|0,0|3|1|0|1,0,10,3.810656,0.000675,10,3.810745,0.000443
4,5,9,1,0|1|3|0|1,0|3|1|0|0,0,10,3.783755,0.000503,10,3.783896,0.000687
4,5,9,1,0|1|3|0|0,0|3|1|1|0,0,10,3.765567,0.000487,10,3.765692,0.000894
4,5,9,1,0|1|3|1|0,0|3|1|0|0,0,10,3.737863,0.000484,10,3.737954,0.000404
4,5,9,1,0|1|3|0|0,0|3|2|0|0,0,10,3.591641,0.000537,10,3.591810,0.000397
4,5,9,1,0|1|4|0|0,0|3|0|0|1,0,10,3.809732,0.000758,10,3.809579,0.000690
4,5,9,1,0|1|4|0|1,0|3|0|0|0,0,10,3.783033,0.000700,10,3.782919,0.000480
4,5,9,1,0|1|4|0|0,0|3|0|1|0,0,10,3.764361,0.000637,10,3.764507,0.000423
4,5,9,1,0|1|4|1|0,0|3|0|0|0,0,10,3.736742,0.000487,10,3.737077,0.000427
4,5,9,1,0|1|4|0|0,0|3|1|0|0,0,10,3.592100,0.000556,10,3.591982,0.000628
4,5,9,1,0|1|5|0|0,0|3|0|0|0,0,10,3.591840,0.000528,10,3.591511,0.000378
4,5,9,1,0|1|0|0|0,0|4|0|0|4,0,10,3.874616,0.001231,10,3.875195,0.000828
4,5,9,1,0|1|0|0|1,0|4|0|0|3,0,10,3.877267,0.001467,10,3.877383,0.000893
4,5,9,1,0|1|0|0|2,0|4|0|0|2,0,10,3.874683,0.001058,10,3.874230,0.001384
4,5,9,1,0|1|0|0|3,0|4|0|0|1,0,10,3.869949,0.001020,10,3.869308,0.001114
4,5,9,1,0|1|0|0|4,0|4|0|0|0,0,10,3.858416,0.000655,10,3.858442,0.001104
4,5,9,1,0|1|0|0|0,0|4|0|1|3,0,10,3.915776,0.000863,10,3.915777,0.000594
4,5,9,1,0|1|0|0|1,0|4|0|1|2,0,10,3.917701,0.001358,10,3.917203,0.001301
4,5,9,1,0|1|0|0|2,0|4|0|1|1,0,10,3.912516,0.001279,10,3.913118,0.001101
4,5,9,1,0|1|0|0|3,0|4|0|1|0,0,10,3.903811,0.001110,10,3.904111,0.000841
4,5,9,1,0|1|0|0|0,0|4|0|2|2,0,10,3.911251,0.000834,10,3.910950,0.001155
4,5,9,1,0|1|0|0|1,0|4|0|2|1,0,10,3.910529,0.000859,10,3.910620,0.000734
4,5,9,1,0|1|0|0|2,0|4|0|2|0,0,10,3.898270,0.000872,10,3.897853,0.000905
4,5,9,1,0|1|0|0|0,0|4|0|3|1,0,10,3.883531,0.000647,10,3.883892,0.000703
4,5,9,1,0|1|0|0|1,0|4|0|3|0,0,10,3.870370,0.000580,10,3.870279,0.000847
4,5,9,1,0|1|0|0|0,0|4|0|4|0,0,10,3.772438,0.000416,10,3.772111,0.000502
4,5,9,1,0|1|0|1|0,0|4|0|0|3,0,10,3.908279,0.001363,10,3.909161,0.001240
4,5,9,1,0|1|0|1|1,0|4|0|0|2,0,10,3.907888,0.001152,10,3.907606,0.001257
4,5,9,1,0|1|0|1|2,0|4|0|0|1,0,10,3.902691,0.000574,10,3.902367,0.000845
4,5,9,1,0|1|0|1|3,0|4|0|0|0,0,10,3.890361,0.000712,10,3.890828,0.000905
4,5,9,1,0|1|0|1|0,0|4|0|1|2,0,10,3.909262,0.001091,10,3.910088,0.000852
4,5,9,1,0|1|0|1|1,0|4|0|1|1,0,10,3.907424,0.000982,10,3.907115,0.000535
4,5,9,1,0|1|0|1|2,0|4|0|1|0,0,10,3.894201,0.000606,10,3.894678,0.000600
4,5,9,1,0|1|0|1|0,0|4|0|2|1,0,10,3.882624,0.000657,10,3.882553,0.000660
4,5,9,1,0|1|0|1|1,0|4|0|2|0,0,10,3.868037,0.000373,10,3.868314,0.000795
4,5,9,1,0|1|0|1|0,0|4|0|3|0,0,10,3.774197,0.000602,10,3.773861,0.000544
4,5,9,1,0|1|0|2|0,0|4|0|0|2,0,10,3.901740,0.001069,10,3.901104,0.000783
4,5,9,1,0|1|0|2|1,0|4|0|0|1,0,10,3.898573,0.001149,10,3.898366,0.001143
4,5,9,1,0|1|0|2|2,0|4|0|0|0,0,10,3.881114,0.001048,10,3.880401,0.000604
4,5,9,1,0|1|0|2|0,0|4|0|1|1,0,10,3.878515,0.000573,10,3.878352,0.000753
4,5,9,1,0|1|0|2|1,0|4|0|1|0,0,10,3.862652,0.000486,10,3.862820,0.000808
4,5,9,1,0|1|0|2|0,0|4|0|2|0,0,10,3.772147,0.000440,10,3.772147,0.000599
4,5,9,1,0|1|0|3|0,0|4|0|0|1,0,10,3.871753,0.000554,10,3.871544,0.000665
4,5,9,1,0|1|0|3|1,0|4|0|0|0,0,10,3.853410,0.000648,10,3.853457,0.000479
4,5,9,1,0|1|0|3|0,0|4|0|1|0,0,10,3.768273,0.000678,10,3.768066,0.000569
4,5,9,1,0|1|0|4|0,0|4|0|0|0,0,10,3.760807,0.000594,10,3.760914,0.000442
4,5,9,1,0|1|0|0|0,0|4|1|0|3,0,10,3.897698,0.001562,10,3.896958,0.001001
4,5,9,1,0|1|0|0|1,0|4|1|0|2,0,10,3.898127,0.000636,10,3.898792,0.001141
4,5,9,1,0|1|0|0|2,0|4|1|0|1,0,10,3.893393,0.001408,10,3.893424,0.001020
4,5,9,1,0|1|0|0|3,0|4|1|0|0,0,10,3.881093,0.000746,10,3.880679,0.000710
4,5,9,1,0|1|0|0|0,0|4|1|1|2,0,10,3.919310,0.000865,10,3.919604,0.000960
4,5,9,1,0|1|0|0|1,0|4|1|1|1,0,10,3.918176,0.000640,10,3.918567,0.000806
4,5,9,1,0|1|0|0|2,0|4|1|1|0,0,10,3.907774,0.000862,10,3.908075,0.000869
4,5,9,1,0|1|0|0|0,0|4|1|2|1,0,10,3.907928,0.000632,10,3.907584,0.000848
4,5,9,1,0|1|0|0|1,0|4|1|2|0,0,10,3.898203,0.000829,10,3.898434,0.000370
4,5,9,1,0|1|0|0|0,0|4|1|3|0,0,10,3.844049,0.000364,10,3.844276,0.000466
4,5,9,1,0|1|0|1|0,0|4|1|0|2,0,10,3.911190,0.001006,10,3.911516,0.000706
4,5,9,1,0|1|0|1|1,0|4|1|0|1,0,10,3.907994,0.000851,10,3.907431,0.001140
4,5,9,1,0|1|0|1|2,0|4|1|0|0,0,10,3.894173,0.000870,10,3.893669,0.000896
4,5,9,1,0|1|0|1|0,0|4|1|1|1,0,10,3.905190,0.000972,10,3.905208,0.000428
4,5,9,1,0|1|0|1|1,0|4|1|1|0,0,10,3.894408,0.000944,10,3.894486,0.000690
4,5,9,1,0|1|0|1|0,0|4|1|2|0,0,10,3.844592,0.000594,10,3.844426,0.000684
4,5,9,1,0|1|0|2|0,0|4|1|0|1,0,10,3.894067,0.000804,10,3.894065,0.000639
4,5,9,1,0|1|0|2|1,0|4|1|0|0,0,10,3.879902,0.000534,10,3.879451,0.000829
4,5,9,1,0|1|0|2|0,0|4|1|1|0,0,10,3.837879,0.000584,10,3.837838,0.000682
4,5,9,1,0|1|0|3|0,0|4|1|0|0,0,10,3.823488,0.000335,10,3.824142,0.000421
4,5,9,1,0|1|0|0|0,0|4|2|0|2,0,10,3.875891,0.000706,10,3.875931,0.000576
4,5,9,1,0|1|0|0|1,0|4|2|0|1,0,10,3.873898,0.000481,10,3.873940,0.000872
4,5,9,1,0|1|0|0|2,0|4|2|0|0,0,10,3.853235,0.000525,10,3.853913,0.000876
4,5,9,1,0|1|0|0|0,0|4|2|1|1,0,10,3.887969,0.000752,10,3.887719,0.000733
4,5,9,1,0|1|0|0|1,0|4|2|1|0,0,10,3.875320,0.000656,10,3.875849,0.000628
4,5,9,1,0|1|0|0|0,0|4|2|2|0,0,10,3.825236,0.000420,10,3.824997,0.000519
4,5,9,1,0|1|0|1|0,0|4|2|0|1,0,10,3.874946,0.000517,10,3.874946,0.000801
4,5,9,1,0|1|0|1|1,0|4|2|0|0,0,10,3.856266,0.000751,10,3.856443,0.000536
4,5,9,1,0|1|0|1|0,0|4|2|1|0,0,10,3.821820,0.000395,10,3.821411,0.000471
4,5,9,1,0|1|0|2|0,0|4|2|0|0,0,10,3.800624,0.000463,10,3.800618,0.000270
4,5,9,1,0|1|0|0|0,0|4|3|0|1,0,10,3.810896,0.000573,10,3.811013,0.000495
4,5,9,1,0|1|0|0|1,0|4|3|0|0,0,10,3.786596,0.000407,10,3.786438,0.000560
4,5,9,1,0|1|0|0|0,0|4|3|1|0,0,10,3.766948,0.000269,10,3.767027,0.000563
4,5,9,1,0|1|0|1|0,0|4|3|0|0,0,10,3.742653,0.000545,10,3.742574,0.000235
4,5,9,1,0|1|0|0|0,0|4|4|0|0,0,10,3.582163,0.000164,10,3.582098,0.000320
4,5,9,1,0|1|1|0|0,0|4|0|0|3,0,10,3.892262,0.000875,10,3.892331,0.000980
4,5,9,1,0|1|1|0|1,0|4|0|0|2,0,10,3.892294,0.000764,10,3.892564,0.000607
4,5,9,1,0|1|1|0|2,0|4|0|0|1,0,10,3.885893,0.001137,10,3.885873,0.000832
4,5,9,1,0|1|1|0|3,0|4|0|0|0,0,10,3.871014,0.000502,10,3.871400,0.000921
4,5,9,1,0|1|1|0|0,0|4|0|1|2,0,10,3.913986,0.001019,10,3.913685,0.001161
4,5,9,1,0|1|1|0|1,0|4|0|1|1,0,10,3.912077,0.001010,10,3.912172,0.000910
4,5,9,1,0|1|1|0|2,0|4|0|1|0,0,10,3.900265,0.000273,10,3.900084,0.001138
4,5,9,1,0|1|1|0|0,0|4|0|2|1,0,10,3.900549,0.000846,10,3.900931,0.000847
4,5,9,1,0|1|1|0|1,0|4|0|2|0,0,10,3.889556,0.000672,10,3.889335,0.000658
4,5,9,1,0|1|1|0|0,0|4|0|3|0,0,10,3.832355,0.000850,10,3.832175,0.000505
4,5,9,1,0|1|1|1|0,0|4|0|0|2,0,10,3.902979,0.001167,10,3.902725,0.000869
4,5,9,1,0|1|1|1|1,0|4|0|0|1,0,10,3.898232,0.000863,10,3.898085,0.000610
4,5,9,1,0|1|1|1|2,0|4|0|0|0,0,10,3.881428,0.000532,10,3.881538,0.000771
4,5,9,1,0|1|1|1|0,0|4|0|1|1,0,10,3.895534,0.000941,10,3.895825,0.000338
4,5,9,1,0|1|1|1|1,0|4|0|1|0,0,10,3.882827,0.000616,10,3.882772,0.000793
4,5,9,1,0|1|1|1|0,0|4|0|2|0,0,10,3.831038,0.000640,10,3.830975,0.000494
4,5,9,1,0|1|1|2|0,0|4|0|0|1,0,10,3.883273,0.000763,10,3.883362,0.000912
4,5,9,1,0|1|1|2|1,0|4|0|0|0,0,10,3.865842,0.000510,10,3.865331,0.000719
4,5,9,1,0|1|1|2|0,0|4|0|1|0,0,10,3.823039,0.000527,10,3.822868,0.000357
4,5,9,1,0|1|1|3|0,0|4|0|0|0,0,10,3.807258,0.000695,10,3.807493,0.000650
4,5,9,1,0|1|1|0|0,0|4|1|0|2,0,10,3.874703,0.000586,10,3.874901,0.000858
4,5,9,1,0|1|1|0|1,0|4|1|0|1,0,10,3.871663,0.000684,10,3.870820,0.000866
4,5,9,1,0|1|1|0|2,0|4|1|0|0,0,10,3.850480,0.000485,10,3.850575,0.000753
4,5,9,1,0|1|1|0|0,0|4|1|1|1,0,10,3.885170,0.000661,10,3.884940,0.000865
4,5,9,1,0|1|1|0|1,0|4|1|1|0,0,10,3.871766,0.000536,10,3.871097,0.000521
4,5,9,1,0|1|1|0|0,0|4|1|2|0,0,10,3.822445,0.000692,10,3.822571,0.000494
4,5,9,1,0|1|1|1|0,0|4|1|0|1,0,10,3.869275,0.000714,10,3.869174,0.000453
4,5,9,1,0|1|1|1|1,0|4|1|0|0,0,10,3.849304,0.000906,10,3.849712,0.000522
4,5,9,1,0|1|1|1|0,0|4|1|1|0,0,10,3.816608,0.000549,10,3.816324,0.000559
4,5,9,1,0|1|1|2|0,0|4|1|0|0,0,10,3.795243,0.000682,10,3.795167,0.000506
4,5,9,1,0|1|1|0|0,0|4|2|0|1,0,10,3.810144,0.000669,10,3.810147,0.000605
4,5,9,1,0|1|1|0|1,0|4|2|0|0,0,10,3.784384,0.000554,10,3.784316,0.000675
4,5,9,1,0|1|1|0|0,0|4|2|1|0,0,10,3.765800,0.000661,10,3.765610,0.000315
4,5,9,1,0|1|1|1|0,0|4|2|0|0,0,10,3.738989,0.000496,10,3.739361,0.000584
4,5,9,1,0|1|1|0|0,0|4|3|0|0,0,10,3.587710,0.000683,10,3.587794,0.000468
4,5,9,1,0|1|2|0|0,0|4|0|0|2,0,10,3.870846,0.000562,10,3.870647,0.000362
4,5,9,1,0|1|2|0|1,0|4|0|0|1,0,10,3.867586,0.000527,10,3.867032,0.000660
4,5,9,1,0|1|2|0|2,0|4|0|0|0,0,10,3.843735,0.000645,10,3.844011,0.000539
4,5,9,1,0|1|2|0|0,0|4|0|1|1,0,10,3.880875,0.000448,10,3.880830,0.000479
4,5,9,1,0|1|2|0|1,0|4|0|1|0,0,10,3.866227,0.000595,10,3.866235,0.000327
4,5,9,1,0|1|2|0|0,0|4|0|2|0,0,10,3.816355,0.000617,10,3.816256,0.000496
4,5,9,1,0|1|2|1|0,0|4|0|0|1,0,10,3.863872,0.000524,10,3.863879,0.000565
4,5,9,1,0|1|2|1|1,0|4|0|0|0,0,10,3.842297,0.000668,10,3.842327,0.000537
4,5,9,1,0|1|2|1|0,0|4|0|1|0,0,10,3.810066,0.000578,10,3.810233,0.000646
4,5,9,1,0|1|2|2|0,0|4|0|0|0,0,10,3.785468,0.000481,10,3.785814,0.000405
4,5,9,1,0|1|2|0|0,0|4|1|0|1,0,10,3.809093,0.000922,10,3.809011,0.000562
4,5,9,1,0|1|2|0|1,0|4|1|0|0,0,10,3.782092,0.000647,10,3.782224,0.000605
4,5,9,1,0|1|2|0|0,0|4|1|1|0,0,10,3.763842,0.000305,10,3.763836,0.000628
4,5,9,1,0|1|2|1|0,0|4|1|0|0,0,10,3.735934,0.000436,10,3.735903,0.000651
4,5,9,1,0|1|2|0|0,0|4|2|0|0,0,10,3.590125,0.000572,10,3.589425,0.000434
4,5,9,1,0|1|3|0|0,0|4|0|0|1,0,10,3.806923,0.000523,10,3.806918,0.000806
4,5,9,1,0|1|3|0|1,0|4|0|0|0,0,10,3.779872,0.000787,10,3.780035,0.000654
4,5,9,1,0|1|3|0|0,0|4|0|1|0,0,10,3.761491,0.000415,10,3.761413,0.000693
4,5,9,1,0|1|3|1|0,0|4|0|0|0,0,10,3.733432,0.000597,10,3.732975,0.000533
4,5,9,1,0|1|3|0|0,0|4|1|0|0,0,10,3.590503,0.000515,10,3.590353,0.000329
4,5,9,1,0|1|4|0|0,0|4|0|0|0,0,10,3.589649,0.000467,10,3.589734,0.000346
4,5,9,1,0|1|0|0|0,0|5|0|0|3,0,10,3.853056,0.001099,10,3.853247,0.000770
4,5,9,1,0|1|0|0|1,0|5|0|0|2,0,10,3.855667,0.000879,10,3.854746,0.000864
4,5,9,1,0|1|0|0|2,0|5|0|0|1,0,10,3.847514,0.000715,10,3.846782,0.000935
4,5,9,1,0|1|0|0|3,0|5|0|0|0,0,10,3.829358,0.000623,10,3.829255,0.000593
4,5,9,1,0|1|0|0|0,0|5|0|1|2,0,10,3.893378,0.000971,10,3.892875,0.001069
4,5,9,1,0|1|0|0|1,0|5|0|1|1,0,10,3.891888,0.000879,10,3.891820,0.000778
4,5,9,1,0|1|0|0|2,0|5|0|1|0,0,10,3.875772,0.001222,10,3.875623,0.000774
4,5,9,1,0|1|0|0|0,0|5|0|2|1,0,10,3.869829,0.000782,10,3.869694,0.000660
4,5,9,1,0|1|0|0|1,0|5|0|2|0,0,10,3.854224,0.000762,10,3.853639,0.000766
4,5,9,1,0|1|0|0|0,0|5|0|3|0,0,10,3.755844,0.000552,10,3.756083,0.000487
4,5,9,1,0|1|0|1|0,0|5|0|0|2,0,10,3.882410,0.000997,10,3.882601,0.000964
4,5,9,1,0|1|0|1|1,0|5|0|0|1,0,10,3.877079,0.000740,10,3.876856,0.000734
4,5,9,1,0|1|0|1|2,0|5|0|0|0,0,10,3.856735,0.000942,10,3.856727,0.000562
4,5,9,1,0|1|0|1|0,0|5|0|1|1,0,10,3.865703,0.000690,10,3.865803,0.001167
4,5,9,1,0|1|0|1|1,0|5|0|1|0,0,10,3.848632,0.000598,10,3.848611,0.000489
4,5,9,1,0|1|0|1|0,0|5|0|2|0,0,10,3.756681,0.000500,10,3.756665,0.000434
4,5,9,1,0|1|0|2|0,0|5|0|0|1,0,10,3.854473,0.000852,10,3.854059,0.000626
4,5,9,1,0|1|0|2|1,0|5|0|0|0,0,10,3.832465,0.000691,10,3.832331,0.000585
4,5,9,1,0|1|0|2|0,0|5|0|1|0,0,10,3.751278,0.000617,10,3.751160,0.000445
4,5,9,1,0|1|0|3|0,0|5|0|0|0,0,10,3.738989,0.000457,10,3.738861,0.000392
4,5,9,1,0|1|0|0|0,0|5|1|0|2,0,10,3.866621,0.000676,10,3.866744,0.000621
4,5,9,1,0|1|0|0|1,0|5|1|0|1,0,10,3.864819,0.000625,10,3.864737,0.000696
4,5,9,1,0|1|0|0|2,0|5|1|0|0,0,10,3.843583,0.000736,10,3.843202,0.000941
4,5,9,1,0|1|0|0|0,0|5|1|1|1,0,10,3.880106,0.000572,10,3.879940,0.000687
4,5,9,1,0|1|0|0|1,0|5|1|1|0,0,10,3.865774,0.000559,10,3.866015,0.000480
4,5,9,1,0|1|0|0|0,0|5|1|2|0,0,10,3.811277,0.000388,10,3.811258,0.000351
4,5,9,1,0|1|0|1|0,0|5|1|0|1,0,10,3.865226,0.000733,10,3.865493,0.000440
4,5,9,1,0|1|0|1|1,0|5|1|0|0,0,10,3.845738,0.000774,10,3.845584,0.000367
4,5,9,1,0|1|0|1|0,0|5|1|1|0,0,10,3.807054,0.000369,10,3.806959,0.000569
4,5,9,1,0|1|0|2|0,0|5|1|0|0,0,10,3.786620,0.000522,10,3.786918,0.000412
4,5,9,1,0|1|0|0|0,0|5|2|0|1,0,10,3.806849,0.000325,10,3.806932,0.000778
4,5,9,1,0|1|0|0|1,0|5|2|0|0,0,10,3.781939,0.000550,10,3.782139,0.000473
4,5,9,1,0|1|0|0|0,0|5|2|1|0,0,10,3.762343,0.000550,10,3.762352,0.000499
4,5,9,1,0|1|0|1|0,0|5|2|0|0,0,10,3.737412,0.000464,10,3.737448,0.000364
4,5,9,1,0|1|0|0|0,0|5|3|0|0,0,10,3.579998,0.000336,10,3.579931,0.000351
4,5,9,1,0|1|1|0|0,0|5|0|0|2,0,10,3.859042,0.000677,10,3.859612,0.000490
4,5,9,1,0|1|1|0|1,0|5|0|0|1,0,10,3.855418,0.000733,10,3.855312,0.000894
4,5,9,1,0|1|1|0|2,0|5|0|0|0,0,10,3.830756,0.000673,10,3.831089,0.000618
4,5,9,1,0|1|1|0|0,0|5|0|1|1,0,10,3.871575,0.000944,10,3.870568,0.000953
4,5,9,1,0|1|1|0|1,0|5|0|1|0,0,10,3.854707,0.000795,10,3.854942,0.000836
4,5,9,1,0|1|1|0|0,0|5|0|2|0,0,10,3.798952,0.000674,10,3.799092,0.000397
4,5,9,1,0|1|1|1|0,0|5|0|0|1,0,10,3.853142,0.000622,10,3.853028,0.000537
4,5,9,1,0|1|1|1|1,0|5|0|0|0,0,10,3.829123,0.000776,10,3.829204,0.000611
4,5,9,1,0|1|1|1|0,0|5|0|1|0,0,10,3.791553,0.000621,10,3.791686,0.000383
4,5,9,1,0|1|1|2|0,0|5|0|0|0,0,10,3.768709,0.000437,10,3.768686,0.000406
4,5,9,1,0|1|1|0|0,0|5|1|0|1,0,10,3.804841,0.000788,10,3.804841,0.000544
4,5,9,1,0|1|1|0|1,0|5|1|0|0,0,10,3.778470,0.000358,10,3.778279,0.000678
4,5,9,1,0|1|1|0|0,0|5|1|1|0,0,10,3.759221,0.000546,10,3.759411,0.000561
4,5,9,1,0|1|1|1|0,0|5|1|0|0,0,10,3.731693,0.000377,10,3.731703,0.000291
4,5,9,1,0|1|1|0|0,0|5|2|0|0,0,10,3.584893,0.000450,10,3.585335,0.000576
4,5,9,1,0|1|2|0|0,0|5|0|0|1,0,10,3.799960,0.000738,10,3.800191,0.000731
4,5,9,1,0|1|2|0|1,0|5|0|0|0,0,10,3.771832,0.000503,10,3.771886,0.000510
4,5,9,1,0|1|2|0|0,0|5|0|1|0,0,10,3.753247,0.000345,10,3.753608,0.000746
4,5,9,1,0|1|2|1|0,0|5|0|0|0,0,10,3.724102,0.000332,10,3.724125,0.000323
4,5,9,1,0|1|2|0|0,0|5|1|0|0,0,10,3.586300,0.000413,10,3.585915,0.000405
4,5,9,1,0|1|3|0|0,0|5|0|0|0,0,10,3.584497,0.000433,10,3.584543,0.000656
4,5,9,1,0|1|0|0|0,0|6|0|0|2,0,10,3.810074,0.000972,10,3.810143,0.000816
4,5,9,1,0|1|0|0|1,0|6|0|0|1,0,10,3.807228,0.000533,10,3.807771,0.000906
4,5,9,1,0|1|0|0|2,0|6|0|0|0,0,10,3.778506,0.000528,10,3.778248,0.000622
4,5,9,1,0|1|0|0|0,0|6|0|1|1,0,10,3.836164,0.000836,10,3.836052,0.000786
4,5,9,1,0|1|0|0|1,0|6|0|1|0,0,10,3.816076,0.000661,10,3.816083,0.000572
4,5,9,1,0|1|0|0|0,0|6|0|2|0,0,10,3.723771,0.000539,10,3.723618,0.000467
4,5,9,1,0|1|0|1|0,0|6|0|0|1,0,10,3.818339,0.000643,10,3.818014,0.000695
4,5,9,1,0|1|0|1|1,0|6|0|0|0,0,10,3.790337,0.000508,10,3.790443,0.000375
4,5,9,1,0|1|0|1|0,0|6|0|1|0,0,10,3.719879,0.000503,10,3.720085,0.000459
4,5,9,1,0|1|0|2|0,0|6|0|0|0,0,10,3.700410,0.000331,10,3.700419,0.000368
4,5,9,1,0|1|0|0|0,0|6|1|0|1,0,10,3.791751,0.000698,10,3.791906,0.000618
4,5,9,1,0|1|0|0|1,0|6|1|0|0,0,10,3.765213,0.000411,10,3.765517,0.000634
4,5,9,1,0|1|0|0|0,0|6|1|1|0,0,10,3.744306,0.000627,10,3.744347,0.000439
4,5,9,1,0|1|0|1|0,0|6|1|0|0,0,10,3.718962,0.000492,10,3.718954,0.000382
4,5,9,1,0|1|0|0|0,0|6|2|0|0,0,10,3.572167,0.000845,10,3.572241,0.000595
4,5,9,1,0|1|1|0|0,0|6|0|0|1,0,10,3.781115,0.000587,10,3.781017,0.000618
4,5,9,1,0|1|1|0|1,0|6|0|0|0,0,10,3.750406,0.000688,10,3.750508,0.000655
4,5,9,1,0|1|1|0|0,0|6|0|1|0,0,10,3.730868,0.000628,10,3.730797,0.000421
4,5,9,1,0|1|1|1|0,0|6|0|0|0,0,10,3.700139,0.000330,10,3.700156,0.000510
4,5,9,1,0|1|1|0|0,0|6|1|0|0,0,10,3.575300,0.000696,10,3.575130,0.000484
4,5,9,1,0|1|2|0|0,0|6|0|0|0,0,10,3.570970,0.000395,10,3.570797,0.000499
4,5,9,1,0|1|0|0|0,0|7|0|0|1,0,10,3.712102,0.000614,10,3.711830,0.000741
4,5,9,1,0|1|0|0|1,0|7|0|0|0,0,10,3.678260,0.000587,10,3.678408,0.000707
4,5,9,1,0|1|0|0|0,0|7|0|1|0,0,10,3.650729,0.000614,10,3.650670,0.000576
4,5,9,1,0|1|0|1|0,0|7|0|0|0,0,10,3.622405,0.000508,10,3.622763,0.000401
4,5,9,1,0|1|0|0|0,0|7|1|0|0,0,10,3.543568,0.000439,10,3.543434,0.000554
4,5,9,1,0|1|1|0|0,0|7|0|0|0,0,10,3.532780,0.000609,10,3.533227,0.000676
4,5,9,1,0|1|0|0|0,0|8|0|0|0,0,10,3.395889,0.000599,10,3.396166,0.000800
4,5,9,1,0|2|0|0|0,0|0|0|0|7,0,10,3.900289,0.001083,10,3.899924,0.001016
4,5,9,1,0|2|0|0|1,0|0|0|0|6,0,10,3.901491,0.001389,10,3.900817,0.001575
4,5,9,1,0|2|0|0|2,0|0|0|0|5,0,10,3.901268,0.001510,10,3.899994,0.001544
4,5,9,1,0|2|0|0|3,0|0|0|0|4,0,10,3.900643,0.000946,10,3.900020,0.000709
4,5,9,1,0|2|0|0|4,0|0|0|0|3,0,10,3.899537,0.001052,10,3.899173,0.000905
4,5,9,1,0|2|0|0|5,0|0|0|0|2,0,10,3.899173,0.001687,10,3.898830,0.000869
4,5,9,1,0|2|0|0|6,0|0|0|0|1,0,10,3.897716,0.001587,10,3.897417,0.001483
4,5,9,1,0|2|0|0|7,0|0|0|0|0,0,10,3.896436,0.001454,10,3.896738,0.001548
4,5,9,1,0|2|0|0|0,0|0|0|1|6,0,10,3.935068,0.001444,10,3.935292,0.001322
4,5,9,1,0|2|0|0|1,0|0|0|1|5,0,10,3.935636,0.001292,10,3.936104,0.001087
4,5,9,1,0|2|0|0|2,0|0|0|1|4,0,10,3.935129,0.001306,10,3.935829,0.001235
4,5,9,1,0|2|0|0|3,0|0|0|1|3,0,10,3.935239,0.001166,10,3.935747,0.001316
4,5,9,1,0|2|0|0|4,0|0|0|1|2,0,10,3.934714,0.001984,10,3.935135,0.001188
4,5,9,1,0|2|0|0|5,0|0|0|1|1,0,10,3.934260,0.001271,10,3.934792,0.001150
4,5,9,1,0|2|0|0|6,0|0|0|1|0,0,10,3.933101,0.001360,10,3.931890,0.001438
4,5,9,1,0|2|0|0|0,0|0|0|2|5,0,10,3.939565,0.000963,10,3.938949,0.001217
4,5,9,1,0|2|0|0|1,0|0|0|2|4,0,10,3.940371,0.001357,10,3.939835,0.001147
4,5,9,1,0|2|0|0|2,0|0|0|2|3,0,10,3.939536,0.001143,10,3.940564,0.001039
4,5,9,1,0|2|0|0|3,0|0|0|2|2,0,10,3.939044,0.001459,10,3.939533,0.001080
4,5,9,1,0|2|0|0|4,0|0|0|2|1,0,10,3.937260,0.001425,10,3.937955,0.001179
4,5,9,1,0|2|0|0|5,0|0|0|2|0,0,10,3.935804,0.000877,10,3.935294,0.001242
4,5,9,1,0|2|0|0|0,0|0|0|3|4,0,10,3.938482,0.000946,10,3.938097,0.001760
4,5,9,1,0|2|0|0|1,0|0|0|3|3,0,10,3.939439,0.000902,10,3.939535,0.001634
4,5,9,1,0|2|0|0|2,0|0|0|3|2,0,10,3.939363,0.001341,10,3.938931,0.000929
4,5,9,1,0|2|0|0|3,0|0|0|3|1,0,10,3.937161,0.000667,10,3.937068,0.000996
4,5,9,1,0|2|0|0|4,0|0|0|3|0,0,10,3.933861,0.001297,10,3.933654,0.000812
4,5,9,1,0|2|0|0|0,0|0|0|4|3,0,10,3.934013,0.001063,10,3.934476,0.000689
4,5,9,1,0|2|0|0|1,0|0|0|4|2,0,10,3.935236,0.001146,10,3.936168,0.001520
4,5,9,1,0|2|0|0|2,0|0|0|4|1,0,10,3.933367,0.001219,10,3.933285,0.000886
4,5,9,1,0|2|0|0|3,0|0|0|4|0,0,10,3.927688,0.001089,10,3.927240,0.000821
4,5,9,1,0|2|0|0|0,0|0|0|5|2,0,10,3.924761,0.000919,10,3.924739,0.001489
4,5,9,1,0|2|0|0|1,0|0|0|5|1,0,10,3.925107,0.000696,10,3.924235,0.000900
4,5,9,1,0|2|0|0|2,0|0|0|5|0,0,10,3.914669,0.000692,10,3.914362,0.001352
4,5,9,1,0|2|0|0|0,0|0|0|6|1,0,10,3.896958,0.000741,10,3.896595,0.000692
4,5,9,1,0|2|0|0|1,0|0|0|6|0,0,10,3.885875,0.000417,10,3.885809,0.000585
4,5,9,1,0|2|0|0|0,0|0|0|7|0,0,10,3.791372,0.000370,10,3.791809,0.000581
4,5,9,1,0|2|0|1|0,0|0|0|0|6,0,10,3.931655,0.001221,10,3.930422,0.001116
4,5,9,1,0|2|0|1|1,0|0|0|0|5,0,10,3.931778,0.001318,10,3.931498,0.000948
4,5,9,1,0|2|0|1|2,0|0|0|0|4,0,10,3.931324,0.001312,10,3.931504,0.000839
4,5,9,1,0|2|0|1|3,0|0|0|0|3,0,10,3.931086,0.001698,10,3.930968,0.001382
4,5,9,1,0|2|0|1|4,0|0|0|0|2,0,10,3.929573,0.000874,10,3.930413,0.001180
4,5,9,1,0|2|0|1|5,0|0|0|0|1,0,10,3.929092,0.001519,10,3.929416,0.001251
4,5,9,1,0|2|0|1|6,0|0|0|0|0,0,10,3.928417,0.001307,10,3.927545,0.000999
4,5,9,1,0|2|0|1|0,0|0|0|1|5,0,10,3.938676,0.000902,10,3.938414,0.001044
4,5,9,1,0|2|0|1|1,0|0|0|1|4,0,10,3.939194,0.000881,10,3.939186,0.000775
4,5,9,1,0|2|0|1|2,0|0|0|1|3,0,10,3.939319,0.001295,10,3.939815,0.001268
4,5,9,1,0|2|0|1|3,0|0|0|1|2,0,10,3.939174,0.001191,10,3.938829,0.001360
4,5,9,1,0|2|0|1|4,0|0|0|1|1,0,10,3.937210,0.001006,10,3.937696,0.001356
4,5,9,1,0|2|0|1|5,0|0|0|1|0,0,10,3.935513,0.000944,10,3.935369,0.001125
4,5,9,1,0|2|0|1|0,0|0|0|2|4,0,10,3.939422,0.001148,10,3.938416,0.001409
4,5,9,1,0|2|0|1|1,0|0|0|2|3,0,10,3.939792,0.000788,10,3.939639,0.001598
4,5,9,1,0|2|0|1|2,0|0|0|2|2,0,10,3.938169,0.001387,10,3.938287,0.001241
4,5,9,1,0|2|0|1|3,0|0|0|2|1,0,10,3.936561,0.001399,10,3.936628,0.000947
4,5,9,1,0|2|0|1|4,0|0|0|2|0,0,10,3.933697,0.001270,10,3.933647,0.001433
4,5,9,1,0|2|0|1|0,0|0|0|3|3,0,10,3.934500,0.001084,10,3.934346,0.001482
4,5,9,1,0|2|0|1|1,0|0|0|3|2,0,10,3.935113,0.001276,10,3.936037,0.000573
4,5,9,1,0|2|0|1|2,0|0|0|3|1,0,10,3.933103,0.000649,10,3.933029,0.000507
4,5,9,1,0|2|0|1|3,0|0|0|3|0,0,10,3.927608,0.001071,10,3.927616,0.001337
4,5,9,1,0|2|0|1|0,0|0|0|4|2,0,10,3.923439,0.000809,10,3.924008,0.001457
4,5,9,1,0|2|0|1|1,0|0|0|4|1,0,10,3.923890,0.000880,10,3.923342,0.000971
4,5,9,1,0|2|0|1|2,0|0|0|4|0,0,10,3.914354,0.000743,10,3.914149,0.000843
4,5,9,1,0|2|0|1|0,0|0|0|5|1,0,10,3.896463,0.000877,10,3.896550,0.000732
4,5,9,1,0|2|0|1|1,0|0|0|5|0,0,10,3.885072,0.000520,10,3.884518,0.000593
4,5,9,1,0|2|0|1|0,0|0|0|6|0,0,10,3.792785,0.000321,10,3.792833,0.000527
4,5,9,1,0|2|0|2|0,0|0|0|0|5,0,10,3.935302,0.000990,10,3.936134,0.001259
4,5,9,1,0|2|0|2|1,0|0|0|0|4,0,10,3.936261,0.000835,10,3.936235,0.001216
4,5,9,1,0|2|0|2|2,0|0|0|0|3,0,10,3.935659,0.001149,10,3.935880,0.000983
4,5,9,1,0|2|0|2|3,0|0|0|0|2,0,10,3.934069,0.000846,10,3.935292,0.001561
4,5,9,1,0|2|0|2|4,0|0|0|0|1,0,10,3.932837,0.001001,10,3.932271,0.000782
4,5,9,1,0|2|0|2|5,0|0|0|0|0,0,10,3.929919,0.001195,10,3.929688,0.000905
4,5,9,1,0|2|0|2|0,0|0|0|1|4,0,10,3.937648,0.001110,10,3.937544,0.001286
4,5,9,1,0|2|0|2|1,0|0|0|1|3,0,10,3.938123,0.001115,10,3.937999,0.001369
4,5,9,1,0|2|0|2|2,0|0|0|1|2,0,10,3.937149,0.001448,10,3.936814,0.001040
4,5,9,1,0|2|0|2|3,0|0|0|1|1,0,10,3.935497,0.000939,10,3.935453,0.000767
4,5,9,1,0|2|0|2|4,0|0|0|1|0,0,10,3.931533,0.000978,10,3.931849,0.000620
4,5,9,1,0|2|0|2|0,0|0|0|2|3,0,10,3.933927,0.000879,10,3.933362,0.001284
4,5,9,1,0|2|0|2|1,0|0|0|2|2,0,10,3.934588,0.001320,10,3.934608,0.001316
4,5,9,1,0|2|0|2|2,0|0|0|2|1,0,10,3.931825,0.000771,10,3.931956,0.001119
4,5,9,1,0|2|0|2|3,0|0|0|2|0,0,10,3.925705,0.000497,10,3.925248,0.000934
4,5,9,1,0|2|0|2|0,0|0|0|3|2,0,10,3.923148,0.000741,10,3.922895,0.001304
4,5,9,1,0|2|0|2|1,0|0|0|3|1,0,10,3.922612,0.000637,10,3.922999,0.001047
4,5,9,1,0|2|0|2|2,0|0|0|3|0,0,10,3.912659,0.000598,10,3.912483,0.000916
4,5,9,1,0|2|0|2|0,0|0|0|4|1,0,10,3.895002,0.000540,10,3.895341,0.000569
4,5,9,1,0|2|0|2|1,0|0|0|4|0,0,10,3.883114,0.000549,10,3.883164,0.000580
4,5,9,1,0|2|0|2|0,0|0|0|5|0,0,10,3.792685,0.000367,10,3.792837,0.000365
4,5,9,1,0|2|0|3|0,0|0|0|0|4,0,10,3.935146,0.001457,10,3.934779,0.001102
4,5,9,1,0|2|0|3|1,0|0|0|0|3,0,10,3.936036,0.001144,10,3.935907,0.001244
4,5,9,1,0|2|0|3|2,0|0|0|0|2,0,10,3.934293,0.001092,10,3.934075,0.001384
4,5,9,1,0|2|0|3|3,0|0|0|0|1,0,10,3.931605,0.001402,10,3.931986,0.000718
4,5,9,1,0|2|0|3|4,0|0|0|0|0,0,10,3.926584,0.000885,10,3.926331,0.001061
4,5,9,1,0|2|0|3|0,0|0|0|1|3,0,10,3.932338,0.001037,10,3.932523,0.001329
4,5,9,1,0|2|0|3|1,0|0|0|1|2,0,10,3.932728,0.001227,10,3.932948,0.000724
4,5,9,1,0|2|0|3|2,0|0|0|1|1,0,10,3.929707,0.001049,10,3.930169,0.000833
4,5,9,1,0|2|0|3|3,0|0|0|1|0,0,10,3.922993,0.001380,10,3.922628,0.000742
4,5,9,1,0|2|0|3|0,0|0|0|2|2,0,10,3.921981,0.000945,10,3.921907,0.001224
4,5,9,1,0|2|0|3|1,0|0|0|2|1,0,10,3.920696,0.000821,10,3.921008,0.000705
4,5,9,1,0|2|0|3|2,0|0|0|2|0,0,10,3.910017,0.000549,10,3.909692,0.000927
4,5,9,1,0|2|0|3|0,0|0|0|3|1,0,10,3.893967,0.000807,10,3.893851,0.000562
4,5,9,1,0|2|0|3|1,0|0|0|3|0,0,10,3.881618,0.000336,10,3.881205,0.000976
4,5,9,1,0|2|0|3|0,0|0|0|4|0,0,10,3.792379,0.000609,10,3.792569,0.000516
4,5,9,1,0|2|0|4|0,0|0|0|0|3,0,10,3.930005,0.001238,10,3.929587,0.001080
4,5,9,1,0|2|0|4|1,0|0|0|0|2,0,10,3.930839,0.001114,10,3.931524,0.001297
4,5,9,1,0|2|0|4|2,0|0|0|0|1,0,10,3.927423,0.001218,10,3.927557,0.000903
4,5,9,1,0|2|0|4|3,0|0|0|0|0,0,10,3.919037,0.000655,10,3.919083,0.001033
4,5,9,1,0|2|0|4|0,0|0|0|1|2,0,10,3.920588,0.001229,10,3.920482,0.000690
4,5,9,1,0|2|0|4|1,0|0|0|1|1,0,10,3.919832,0.000970,10,3.920004,0.000979
4,5,9,1,0|2|0|4|2,0|0|0|1|0,0,10,3.908919,0.000917,10,3.908171,0.000949
4,5,9,1,0|2|0|4|0,0|0|0|2|1,0,10,3.892594,0.000973,10,3.892723,0.000459
4,5,9,1,0|2|0|4|1,0|0|0|2|0,0,10,3.880380,0.000668,10,3.880029,0.000641
4,5,9,1,0|2|0|4|0,0|0|0|3|0,0,10,3.791733,0.000569,10,3.791732,0.000575
4,5,9,1,0|2|0|5|0,0|0|0|0|2,0,10,3.919070,0.000890,10,3.919121,0.000942
4,5,9,1,0|2|0|5|1,0|0|0|0|1,0,10,3.918702,0.000906,10,3.918810,0.001239
4,5,9,1,0|2|0|5|2,0|0|0|0|0,0,10,3.905459,0.000703,10,3.905670,0.000896
4,5,9,1,0|2|0|5|0,0|0|0|1|1,0,10,3.892107,0.000968,10,3.892008,0.000724
4,5,9,1,0|2|0|5|1,0|0|0|1|0,0,10,3.879201,0.000658,10,3.879012,0.000725
4,5,9,1,0|2|0|5|0,0|0|0|2|0,0,10,3.791156,0.000352,10,3.791112,0.000321
4,5,9,1,0|2|0|6|0,0|0|0|0|1,0,10,3.890873,0.000514,10,3.890684,0.000795
4,5,9,1,0|2|0|6|1,0|0|0|0|0,0,10,3.877679,0.000449,10,3.877483,0.000653
4,5,9,1,0|2|0|6|0,0|0|0|1|0,0,10,3.789825,0.000501,10,3.790211,0.000392
4,5,9,1,0|2|0|7|0,0|0|0|0|0,0,10,3.788387,0.000409,10,3.788246,0.000362
4,5,9,1,0|2|0|0|0,0|0|1|0|6,0,10,3.923416,0.001252,10,3.923125,0.000818
4,5,9,1,0|2|0|0|1,0|0|1|0|5,0,10,3.924306,0.001569,10,3.923769,0.000965
4,5,9,1,0|2|0|0|2,0|0|1|0|4,0,10,3.924263,0.000623,10,3.924200,0.001817
4,5,9,1,0|2|0|0|3,0|0|1|0|3,0,10,3.923895,0.001009,10,3.923985,0.000838
4,5,9,1,0|2|0|0|4,0|0|1|0|2,0,10,3.923134,0.001197,10,3.923491,0.000968
4,5,9,1,0|2|0|0|5,0|0|1|0|1,0,10,3.922226,0.002022,10,3.922781,0.001303
4,5,9,1,0|2|0|0|6,0|0|1|0|0,0,10,3.920343,0.000904,10,3.920292,0.000934
4,5,9,1,0|2|0|0|0,0|0|1|1|5,0,10,3.943884,0.001194,10,3.943946,0.001324
4,5,9,1,0|2|0|0|1,0|0|1|1|4,0,10,3.944522,0.000724,10,3.943709,0.001055
4,5,9,1,0|2|0|0|2,0|0|1|1|3,0,10,3.944083,0.001439,10,3.944398,0.001432
4,5,9,1,0|2|0|0|3,0|0|1|1|2,0,10,3.943477,0.001324,10,3.943390,0.001129
4,5,9,1,0|2|0|0|4,0|0|1|1|1,0,10,3.942884,0.001233,10,3.943753,0.001185
4,5,9,1,0|2|0|0|5,0|0|1|1|0,0,10,3.941672,0.000898,10,3.942268,0.001934
4,5,9,1,0|2|0|0|0,0|0|1|2|4,0,10,3.947438,0.000889,10,3.947303,0.001622
4,5,9,1,0|2|0|0|1,0|0|1|2|3,0,10,3.948411,0.001411,10,3.948236,0.001566
4,5,9,1,0|2|0|0|2,0|0|1|2|2,0,10,3.946654,0.001326,10,3.947881,0.001099
4,5,9,1,0|2|0|0|3,0|0|1|2|1,0,10,3.946909,0.001361,10,3.946523,0.000807
4,5,9,1,0|2|0|0|4,0|0|1|2|0,0,10,3.945416,0.001080,10,3.945047,0.001062
4,5,9,1,0|2|0|0|0,0|0|1|3|3,0,10,3.947996,0.001131,10,3.946881,0.000948
4,5,9,1,0|2|0|0|1,0|0|1|3|2,0,10,3.948146,0.000832,10,3.948248,0.001054
4,5,9,1,0|2|0|0|2,0|0|1|3|1,0,10,3.946296,0.001888,10,3.946682,0.001218
4,5,9,1,0|2|0|0|3,0|0|1|3|0,0,10,3.943212,0.000886,10,3.943578,0.001392
4,5,9,1,0|2|0|0|0,0|0|1|4|2,0,10,3.943963,0.001214,10,3.943056,0.000954
4,5,9,1,0|2|0|0|1,0|0|1|4|1,0,10,3.943619,0.001235,10,3.943168,0.001157
4,5,9,1,0|2|0|0|2,0|0|1|4|0,0,10,3.938255,0.001046,10,3.938822,0.000457
4,5,9,1,0|2|0|0|0,0|0|1|5|1,0,10,3.931615,0.000747,10,3.932314,0.000618
4,5,9,1,0|2|0|0|1,0|0|1|5|0,0,10,3.926879,0.000623,10,3.926383,0.000843
4,5,9,1,0|2|0|0|0,0|0|1|6|0,0,10,3.882532,0.000771,10,3.882018,0.000324
4,5,9,1,0|2|0|1|0,0|0|1|0|5,0,10,3.940430,0.000915,10,3.940839,0.001095
4,5,9,1,0|2|0|1|1,0|0|1|0|4,0,10,3.941601,0.001363,10,3.940834,0.000966
4,5,9,1,0|2|0|1|2,0|0|1|0|3,0,10,3.941621,0.001768,10,3.941187,0.001227
4,5,9,1,0|2|0|1|3,0|0|1|0|2,0,10,3.939650,0.001307,10,3.940603,0.001116
4,5,9,1,0|2|0|1|4,0|0|1|0|1,0,10,3.938547,0.001421,10,3.939099,0.001676
4,5,9,1,0|2|0|1|5,0|0|1|0|0,0,10,3.937344,0.000685,10,3.937270,0.001156
4,5,9,1,0|2|0|1|0,0|0|1|1|4,0,10,3.947340,0.000845,10,3.947119,0.001347
4,5,9,1,0|2|0|1|1,0|0|1|1|3,0,10,3.948131,0.001632,10,3.947139,0.001160
4,5,9,1,0|2|0|1|2,0|0|1|1|2,0,10,3.946445,0.001407,10,3.948378,0.001225
4,5,9,1,0|2|0|1|3,0|0|1|1|1,0,10,3.946060,0.000708,10,3.946739,0.001034
4,5,9,1,0|2|0|1|4,0|0|1|1|0,0,10,3.943998,0.001376,10,3.943743,0.000993
4,5,9,1,0|2|0|1|0,0|0|1|2|3,0,10,3.946971,0.001461,10,3.947612,0.001645
4,5,9,1,0|2|0|1|1,0|0|1|2|2,0,10,3.947259,0.001329,10,3.948045,0.000986
4,5,9,1,0|2|0|1|2,0|0|1|2|1,0,10,3.946924,0.001139,10,3.946727,0.001068
4,5,9,1,0|2|0|1|3,0|0|1|2|0,0,10,3.944329,0.001130,10,3.944436,0.000711
4,5,9,1,0|2|0|1|0,0|0|1|3|2,0,10,3.943823,0.001078,10,3.944018,0.000889
4,5,9,1,0|2|0|1|1,0|0|1|3|1,0,10,3.943473,0.001434,10,3.943914,0.000988
4,5,9,1,0|2|0|1|2,0|0|1|3|0,0,10,3.939105,0.001252,10,3.939745,0.001251
4,5,9,1,0|2|0|1|0,0|0|1|4|1,0,10,3.931963,0.000895,10,3.931805,0.000720
4,5,9,1,0|2|0|1|1,0|0|1|4|0,0,10,3.927099,0.000634,10,3.927395,0.000942
4,5,9,1,0|2|0|1|0,0|0|1|5|0,0,10,3.883605,0.000610,10,3.884069,0.000596
4,5,9,1,0|2|0|2|0,0|0|1|0|4,0,10,3.944630,0.001465,10,3.944176,0.000574
4,5,9,1,0|2|0|2|1,0|0|1|0|3,0,10,3.944874,0.000935,10,3.944924,0.001311
4,5,9,1,0|2|0|2|2,0|0|1|0|2,0,10,3.943239,0.001014,10,3.943484,0.001346
4,5,9,1,0|2|0|2|3,0|0|1|0|1,0,10,3.941280,0.000810,10,3.941776,0.001599
4,5,9,1,0|2|0|2|4,0|0|1|0|0,0,10,3.938649,0.001277,10,3.937985,0.001349
4,5,9,1,0|2|0|2|0,0|0|1|1|3,0,10,3.946422,0.000952,10,3.945837,0.001130
4,5,9,1,0|2|0|2|1,0|0|1|1|2,0,10,3.946356,0.000706,10,3.946576,0.000818
4,5,9,1,0|2|0|2|2,0|0|1|1|1,0,10,3.944839,0.000842,10,3.944591,0.000835
4,5,9,1,0|2|0|2|3,0|0|1|1|0,0,10,3.941772,0.001274,10,3.941139,0.000997
4,5,9,1,0|2|0|2|0,0|0|1|2|2,0,10,3.942561,0.001396,10,3.942373,0.001223
4,5,9,1,0|2|0|2|1,0|0|1|2|1,0,10,3.941925,0.001086,10,3.942323,0.000956
4,5,9,1,0|2|0|2|2,0|0|1|2|0,0,10,3.937361,0.001330,10,3.937492,0.000877
4,5,9,1,0|2|0|2|0,0|0|1|3|1,0,10,3.931206,0.000628,10,3.931035,0.000918
4,5,9,1,0|2|0|2|1,0|0|1|3|0,0,10,3.925227,0.000885,10,3.925596,0.000809
4,5,9,1,0|2|0|2|0,0|0|1|4|0,0,10,3.882600,0.000400,10,3.882793,0.000581
4,5,9,1,0|2|0|3|0,0|0|1|0|3,0,10,3.943354,0.001427,10,3.943026,0.001142
4,5,9,1,0|2|0|3|1,0|0|1|0|2,0,10,3.943501,0.000947,10,3.943355,0.001348
4,5,9,1,0|2|0|3|2,0|0|1|0|1,0,10,3.940587,0.000882,10,3.941538,0.001155
4,5,9,1,0|2|0|3|3,0|0|1|0|0,0,10,3.936431,0.001107,10,3.936145,0.001380
4,5,9,1,0|2|0|3|0,0|0|1|1|2,0,10,3.941523,0.001116,10,3.941266,0.001311
4,5,9,1,0|2|0|3|1,0|0|1|1|1,0,10,3.941278,0.001305,10,3.941125,0.000788
4,5,9,1,0|2|0|3|2,0|0|1|1|0,0,10,3.934793,0.001075,10,3.935093,0.000763
4,5,9,1,0|2|0|3|0,0|0|1|2|1,0,10,3.929441,0.000684,10,3.929215,0.000884
4,5,9,1,0|2|0|3|1,0|0|1|2|0,0,10,3.923716,0.000652,10,3.923307,0.000365
4,5,9,1,0|2|0|3|0,0|0|1|3|0,0,10,3.881256,0.000565,10,3.881241,0.000707
4,5,9,1,0|2|0|4|0,0|0|1|0|2,0,10,3.938071,0.000612,10,3.939086,0.001220
4,5,9,1,0|2|0|4|1,0|0|1|0|1,0,10,3.938780,0.001054,10,3.938125,0.000586
4,5,9,1,0|2|0|4|2,0|0|1|0|0,0,10,3.930898,0.000701,10,3.930765,0.001037
4,5,9,1,0|2|0|4|0,0|0|1|1|1,0,10,3.928025,0.000760,10,3.927852,0.000915
4,5,9,1,0|2|0|4|1,0|0|1|1|0,0,10,3.921730,0.000698,10,3.921529,0.000813
4,5,9,1,0|2|0|4|0,0|0|1|2|0,0,10,3.879340,0.000508,10,3.879583,0.000776
4,5,9,1,0|2|0|5|0,0|0|1|0|1,0,10,3.925149,0.001287,10,3.925416,0.000788
4,5,9,1,0|2|0|5|1,0|0|1|0|0,0,10,3.918199,0.000605,10,3.918002,0.000648
4,5,9,1,0|2|0|5|0,0|0|1|1|0,0,10,3.877069,0.000472,10,3.876792,0.000312
4,5,9,1,0|2|0|6|0,0|0|1|0|0,0,10,3.872785,0.000931,10,3.873295,0.000810
4,5,9,1,0|2|0|0|0,0|0|2|0|5,0,10,3.922822,0.001097,10,3.922801,0.001072
4,5,9,1,0|2|0|0|1,0|0|2|0|4,0,10,3.923753,0.000744,10,3.924116,0.001218
4,5,9,1,0|2|0|0|2,0|0|2|0|3,0,10,3.923715,0.001115,10,3.923001,0.001219
4,5,9,1,0|2|0|0|3,0|0|2|0|2,0,10,3.922505,0.000728,10,3.922785,0.001182
4,5,9,1,0|2|0|0|4,0|0|2|0|1,0,10,3.920477,0.000716,10,3.921529,0.001079
4,5,9,1,0|2|0|0|5,0|0|2|0|0,0,10,3.917613,0.000994,10,3.917807,0.000938
4,5,9,1,0|2|0|0|0,0|0|2|1|4,0,10,3.942866,0.000695,10,3.942447,0.001252
4,5,9,1,0|2|0|0|1,0|0|2|1|3,0,10,3.944079,0.001141,10,3.942642,0.001425
4,5,9,1,0|2|0|0|2,0|0|2|1|2,0,10,3.942105,0.000764,10,3.943023,0.000925
4,5,9,1,0|2|0|0|3,0|0|2|1|1,0,10,3.940758,0.000829,10,3.941623,0.001041
4,5,9,1,0|2|0|0|4,0|0|2|1|0,0,10,3.939615,0.001189,10,3.939159,0.000908
4,5,9,1,0|2|0|0|0,0|0|2|2|3,0,10,3.944803,0.001417,10,3.945216,0.001606
4,5,9,1,0|2|0|0|1,0|0|2|2|2,0,10,3.946048,0.001444,10,3.945598,0.001460
4,5,9,1,0|2|0|0|2,0|0|2|2|1,0,10,3.944549,0.001353,10,3.944377,0.000620
4,5,9,1,0|2|0|0|3,0|0|2|2|0,0,10,3.941323,0.000616,10,3.941250,0.000916
4,5,9,1,0|2|0|0|0,0|0|2|3|2,0,10,3.942098,0.000922,10,3.942764,0.000996
4,5,9,1,0|2|0|0|1,0|0|2|3|1,0,10,3.943168,0.000921,10,3.943128,0.001029
4,5,9,1,0|2|0|0|2,0|0|2|3|0,0,10,3.937438,0.000998,10,3.937984,0.000920
4,5,9,1,0|2|0|0|0,0|0|2|4|1,0,10,3.932225,0.000726,10,3.932306,0.000878
4,5,9,1,0|2|0|0|1,0|0|2|4|0,0,10,3.926647,0.000459,10,3.926885,0.001042
4,5,9,1,0|2|0|0|0,0|0|2|5|0,0,10,3.885237,0.000520,10,3.885159,0.000818
4,5,9,1,0|2|0|1|0,0|0|2|0|4,0,10,3.939028,0.001193,10,3.938954,0.001300
4,5,9,1,0|2|0|1|1,0|0|2|0|3,0,10,3.940181,0.001010,10,3.939635,0.001764
4,5,9,1,0|2|0|1|2,0|0|2|0|2,0,10,3.938238,0.001530,10,3.938742,0.001333
4,5,9,1,0|2|0|1|3,0|0|2|0|1,0,10,3.936162,0.000913,10,3.936695,0.001138
4,5,9,1,0|2|0|1|4,0|0|2|0|0,0,10,3.932915,0.001512,10,3.932878,0.001100
4,5,9,1,0|2|0|1|0,0|0|2|1|3,0,10,3.944588,0.001238,10,3.944982,0.001590
4,5,9,1,0|2|0|1|1,0|0|2|1|2,0,10,3.945321,0.001134,10,3.944729,0.001139
4,5,9,1,0|2|0|1|2,0|0|2|1|1,0,10,3.943440,0.001161,10,3.943408,0.000855
4,5,9,1,0|2|0|1|3,0|0|2|1|0,0,10,3.940422,0.000860,10,3.940357,0.000849
4,5,9,1,0|2|0|1|0,0|0|2|2|2,0,10,3.942827,0.001250,10,3.942950,0.001334
4,5,9,1,0|2|0|1|1,0|0|2|2|1,0,10,3.942594,0.001144,10,3.942496,0.001306
4,5,9,1,0|2|0|1|2,0|0|2|2|0,0,10,3.937976,0.001147,10,3.937587,0.000700
4,5,9,1,0|2|0|1|0,0|0|2|3|1,0,10,3.932823,0.000819,10,3.933092,0.000991
4,5,9,1,0|2|0|1|1,0|0|2|3|0,0,10,3.926855,0.000777,10,3.927196,0.000590
4,5,9,1,0|2|0|1|0,0|0|2|4|0,0,10,3.886873,0.000474,10,3.886858,0.000361
4,5,9,1,0|2|0|2|0,0|0|2|0|3,0,10,3.939960,0.000921,10,3.941206,0.001429
4,5,9,1,0|2|0|2|1,0|0|2|0|2,0,10,3.940717,0.000739,10,3.940610,0.000918
4,5,9,1,0|2|0|2|2,0|0|2|0|1,0,10,3.937365,0.001119,10,3.937748,0.000994
4,5,9,1,0|2|0|2|3,0|0|2|0|0,0,10,3.932673,0.000705,10,3.932744,0.000657
4,5,9,1,0|2|0|2|0,0|0|2|1|2,0,10,3.941262,0.000796,10,3.940554,0.000535
4,5,9,1,0|2|0|2|1,0|0|2|1|1,0,10,3.940080,0.000914,10,3.940215,0.001049
4,5,9,1,0|2|0|2|2,0|0|2|1|0,0,10,3.933898,0.000881,10,3.934580,0.000823
4,5,9,1,0|2|0|2|0,0|0|2|2|1,0,10,3.929940,0.000760,10,3.930397,0.001047
4,5,9,1,0|2|0|2|1,0|0|2|2|0,0,10,3.924202,0.000663,10,3.924296,0.000780
4,5,9,1,0|2|0|2|0,0|0|2|3|0,0,10,3.884871,0.000771,10,3.884637,0.000600
4,5,9,1,0|2|0|3|0,0|0|2|0|2,0,10,3.936686,0.001053,10,3.936195,0.000817
4,5,9,1,0|2|0|3|1,0|0|2|0|1,0,10,3.935570,0.001122,10,3.935148,0.000772
4,5,9,1,0|2|0|3|2,0|0|2|0|0,0,10,3.926948,0.000989,10,3.927059,0.001167
4,5,9,1,0|2|0|3|0,0|0|2|1|1,0,10,3.927652,0.001003,10,3.927807,0.000923
4,5,9,1,0|2|0|3|1,0|0|2|1|0,0,10,3.921623,0.000807,10,3.921209,0.000399
4,5,9,1,0|2|0|3|0,0|0|2|2|0,0,10,3.882460,0.000706,10,3.882384,0.000835
4,5,9,1,0|2|0|4|0,0|0|2|0|1,0,10,3.923542,0.001027,10,3.923653,0.001072
4,5,9,1,0|2|0|4|1,0|0|2|0|0,0,10,3.915661,0.001155,10,3.915528,0.000629
4,5,9,1,0|2|0|4|0,0|0|2|1|0,0,10,3.878807,0.000652,10,3.878492,0.000687
4,5,9,1,0|2|0|5|0,0|0|2|0|0,0,10,3.872342,0.000332,10,3.872829,0.000692
4,5,9,1,0|2|0|0|0,0|0|3|0|4,0,10,3.917176,0.001101,10,3.917188,0.000563
4,5,9,1,0|2|0|0|1,0|0|3|0|3,0,10,3.919320,0.001105,10,3.918492,0.001431
4,5,9,1,0|2|0|0|2,0|0|3|0|2,0,10,3.917941,0.001231,10,3.917284,0.001352
4,5,9,1,0|2|0|0|3,0|0|3|0|1,0,10,3.914519,0.000925,10,3.914063,0.000744
4,5,9,1,0|2|0|0|4,0|0|3|0|0,0,10,3.907674,0.001097,10,3.907243,0.000854
4,5,9,1,0|2|0|0|0,0|0|3|1|3,0,10,3.937522,0.001286,10,3.938145,0.001077
4,5,9,1,0|2|0|0|1,0|0|3|1|2,0,10,3.938139,0.001201,10,3.938248,0.001099
4,5,9,1,0|2|0|0|2,0|0|3|1|1,0,10,3.935915,0.000668,10,3.936113,0.000972
4,5,9,1,0|2|0|0|3,0|0|3|1|0,0,10,3.931922,0.000842,10,3.931177,0.000864
4,5,9,1,0|2|0|0|0,0|0|3|2|2,0,10,3.936708,0.000944,10,3.937711,0.001209
4,5,9,1,0|2|0|0|1,0|0|3|2|1,0,10,3.937585,0.000897,10,3.936761,0.000857
4,5,9,1,0|2|0|0|2,0|0|3|2|0,0,10,3.930349,0.000893,10,3.930473,0.001312
4,5,9,1,0|2|0|0|0,0|0|3|3|1,0,10,3.926041,0.000797,10,3.926845,0.000422
4,5,9,1,0|2|0|0|1,0|0|3|3|0,0,10,3.920172,0.000956,10,3.919394,0.000643
4,5,9,1,0|2|0|0|0,0|0|3|4|0,0,10,3.875878,0.000913,10,3.875930,0.000705
4,5,9,1,0|2|0|1|0,0|0|3|0|3,0,10,3.932988,0.000807,10,3.932625,0.000620
4,5,9,1,0|2|0|1|1,0|0|3|0|2,0,10,3.932785,0.000737,10,3.932580,0.001499
4,5,9,1,0|2|0|1|2,0|0|3|0|1,0,10,3.928691,0.000988,10,3.929287,0.001101
4,5,9,1,0|2|0|1|3,0|0|3|0|0,0,10,3.922195,0.000984,10,3.922478,0.000809
4,5,9,1,0|2|0|1|0,0|0|3|1|2,0,10,3.936255,0.000996,10,3.937259,0.000812
4,5,9,1,0|2|0|1|1,0|0|3|1|1,0,10,3.935280,0.001181,10,3.935644,0.000485
4,5,9,1,0|2|0|1|2,0|0|3|1|0,0,10,3.928886,0.001272,10,3.929130,0.001242
4,5,9,1,0|2|0|1|0,0|0|3|2|1,0,10,3.926341,0.001153,10,3.926629,0.000726
4,5,9,1,0|2|0|1|1,0|0|3|2|0,0,10,3.919377,0.001071,10,3.919651,0.000483
4,5,9,1,0|2|0|1|0,0|0|3|3|0,0,10,3.877916,0.000607,10,3.878502,0.000605
4,5,9,1,0|2|0|2|0,0|0|3|0|2,0,10,3.929368,0.000815,10,3.929873,0.001237
4,5,9,1,0|2|0|2|1,0|0|3|0|1,0,10,3.928166,0.001011,10,3.927625,0.000803
4,5,9,1,0|2|0|2|2,0|0|3|0|0,0,10,3.918325,0.001145,10,3.918570,0.000791
4,5,9,1,0|2|0|2|0,0|0|3|1|1,0,10,3.922303,0.000894,10,3.922184,0.001011
4,5,9,1,0|2|0|2|1,0|0|3|1|0,0,10,3.914690,0.000792,10,3.914558,0.000813
4,5,9,1,0|2|0|2|0,0|0|3|2|0,0,10,3.874446,0.000606,10,3.874396,0.000613
4,5,9,1,0|2|0|3|0,0|0|3|0|1,0,10,3.915659,0.000840,10,3.916036,0.000807
4,5,9,1,0|2|0|3|1,0|0|3|0|0,0,10,3.905715,0.000506,10,3.905912,0.000877
4,5,9,1,0|2|0|3|0,0|0|3|1|0,0,10,3.869523,0.000349,10,3.869380,0.000493
4,5,9,1,0|2|0|4|0,0|0|3|0|0,0,10,3.859522,0.000746,10,3.859094,0.000737
4,5,9,1,0|2|0|0|0,0|0|4|0|3,0,10,3.905302,0.001079,10,3.904865,0.000815
4,5,9,1,0|2|0|0|1,0|0|4|0|2,0,10,3.906672,0.000839,10,3.906286,0.000576
4,5,9,1,0|2|0|0|2,0|0|4|0|1,0,10,3.901978,0.001125,10,3.901457,0.000830
4,5,9,1,0|2|0|0|3,0|0|4|0|0,0,10,3.889828,0.001129,10,3.888817,0.000897
4,5,9,1,0|2|0|0|0,0|0|4|1|2,0,10,3.924370,0.000753,10,3.924691,0.000829
4,5,9,1,0|2|0|0|1,0|0|4|1|1,0,10,3.924417,0.001013,10,3.924075,0.001025
4,5,9,1,0|2|0|0|2,0|0|4|1|0,0,10,3.914985,0.000435,10,3.914926,0.001138
4,5,9,1,0|2|0|0|0,0|0|4|2|1,0,10,3.914770,0.000497,10,3.914755,0.000620
4,5,9,1,0|2|0|0|1,0|0|4|2|0,0,10,3.907390,0.000709,10,3.906927,0.000592
4,5,9,1,0|2|0|0|0,0|0|4|3|0,0,10,3.859282,0.000480,10,3.859212,0.000496
4,5,9,1,0|2|0|1|0,0|0|4|0|2,0,10,3.917322,0.000692,10,3.917146,0.001288
4,5,9,1,0|2|0|1|1,0|0|4|0|1,0,10,3.914523,0.000759,10,3.914279,0.000855
4,5,9,1,0|2|0|1|2,0|0|4|0|0,0,10,3.901474,0.000622,10,3.901617,0.000707
4,5,9,1,0|2|0|1|0,0|0|4|1|1,0,10,3.913190,0.000773,10,3.913003,0.000565
4,5,9,1,0|2|0|1|1,0|0|4|1|0,0,10,3.903964,0.000677,10,3.903512,0.000639
4,5,9,1,0|2|0|1|0,0|0|4|2|0,0,10,3.859953,0.000473,10,3.859900,0.000923
4,5,9,1,0|2|0|2|0,0|0|4|0|1,0,10,3.902149,0.000784,10,3.901962,0.001039
4,5,9,1,0|2|0|2|1,0|0|4|0|0,0,10,3.888854,0.001310,10,3.889262,0.000869
4,5,9,1,0|2|0|2|0,0|0|4|1|0,0,10,3.853076,0.000562,10,3.852637,0.000630
4,5,9,1,0|2|0|3|0,0|0|4|0|0,0,10,3.838394,0.000450,10,3.838426,0.000464
4,5,9,1,0|2|0|0|0,0|0|5|0|2,0,10,3.878622,0.000505,10,3.878473,0.000872
4,5,9,1,0|2|0|0|1,0|0|5|0|1,0,10,3.876787,0.000966,10,3.876987,0.000800
4,5,9,1,0|2|0|0|2,0|0|5|0|0,0,10,3.856564,0.001034,10,3.856414,0.000416
4,5,9,1,0|2|0|0|0,0|0|5|1|1,0,10,3.890852,0.000631,10,3.890727,0.000676
4,5,9,1,0|2|0|0|1,0|0|5|1|0,0,10,3.878662,0.000724,10,3.878242,0.000669
4,5,9,1,0|2|0|0|0,0|0|5|2|0,0,10,3.829055,0.000788,10,3.829431,0.000501
4,5,9,1,0|2|0|1|0,0|0|5|0|1,0,10,3.877322,0.000850,10,3.877823,0.000531
4,5,9,1,0|2|0|1|1,0|0|5|0|0,0,10,3.859261,0.000531,10,3.859232,0.000800
4,5,9,1,0|2|0|1|0,0|0|5|1|0,0,10,3.825745,0.000608,10,3.825930,0.000532
4,5,9,1,0|2|0|2|0,0|0|5|0|0,0,10,3.804646,0.000340,10,3.804812,0.000443
4,5,9,1,0|2|0|0|0,0|0|6|0|1,0,10,3.812157,0.000418,10,3.812112,0.000438
4,5,9,1,0|2|0|0|1,0|0|6|0|0,0,10,3.787455,0.000598,10,3.787668,0.000748
4,5,9,1,0|2|0|0|0,0|0|6|1|0,0,10,3.768316,0.000494,10,3.768444,0.000410
4,5,9,1,0|2|0|1|0,0|0|6|0|0,0,10,3.743765,0.000596,10,3.744022,0.000618
4,5,9,1,0|2|0|0|0,0|0|7|0|0,0,10,3.582582,0.000522,10,3.582633,0.000507
4,5,9,1,0|2|1|0|0,0|0|0|0|6,0,10,3.921519,0.001322,10,3.921666,0.001295
4,5,9,1,0|2|1|0|1,0|0|0|0|5,0,10,3.922320,0.001005,10,3.922419,0.000981
4,5,9,1,0|2|1|0|2,0|0|0|0|4,0,10,3.921470,0.001180,10,3.921028,0.001466
4,5,9,1,0|2|1|0|3,0|0|0|0|3,0,10,3.920519,0.001544,10,3.920639,0.001734
4,5,9,1,0|2|1|0|4,0|0|0|0|2,0,10,3.919877,0.000926,10,3.919869,0.000961
4,5,9,1,0|2|1|0|5,0|0|0|0|1,0,10,3.918789,0.001121,10,3.918449,0.000839
4,5,9,1,0|2|1|0|6,0|0|0|0|0,0,10,3.916972,0.001156,10,3.916233,0.001235
4,5,9,1,0|2|1|0|0,0|0|0|1|5,0,10,3.941737,0.001425,10,3.942497,0.001168
4,5,9,1,0|2|1|0|1,0|0|0|1|4,0,10,3.942655,0.001173,10,3.942357,0.000961
4,5,9,1,0|2|1|0|2,0|0|0|1|3,0,10,3.942153,0.000890,10,3.942575,0.001468
4,5,9,1,0|2|1|0|3,0|0|0|1|2,0,10,3.941848,0.001027,10,3.941661,0.001195
4,5,9,1,0|2|1|0|4,0|0|0|1|1,0,10,3.940705,0.000811,10,3.940677,0.000988
4,5,9,1,0|2|1|0|5,0|0|0|1|0,0,10,3.938770,0.000897,10,3.939421,0.001059
4,5,9,1,0|2|1|0|0,0|0|0|2|4,0,10,3.945978,0.001006,10,3.945041,0.000686
4,5,9,1,0|2|1|0|1,0|0|0|2|3,0,10,3.945768,0.001177,10,3.946465,0.001018
4,5,9,1,0|2|1|0|2,0|0|0|2|2,0,10,3.945696,0.001701,10,3.945043,0.001146
4,5,9,1,0|2|1|0|3,0|0|0|2|1,0,10,3.944253,0.001220,10,3.943553,0.000949
4,5,9,1,0|2|1|0|4,0|0|0|2|0,0,10,3.941603,0.000687,10,3.941886,0.001383
4,5,9,1,0|2|1|0|0,0|0|0|3|3,0,10,3.944076,0.001247,10,3.944406,0.000932
4,5,9,1,0|2|1|0|1,0|0|0|3|2,0,10,3.945444,0.001061,10,3.946141,0.001223
4,5,9,1,0|2|1|0|2,0|0|0|3|1,0,10,3.943079,0.000673,10,3.943796,0.000998
4,5,9,1,0|2|1|0|3,0|0|0|3|0,0,10,3.940284,0.000482,10,3.940345,0.000671
4,5,9,1,0|2|1|0|0,0|0|0|4|2,0,10,3.940413,0.000947,10,3.940353,0.001032
4,5,9,1,0|2|1|0|1,0|0|0|4|1,0,10,3.939985,0.000878,10,3.940492,0.001068
4,5,9,1,0|2|1|0|2,0|0|0|4|0,0,10,3.934655,0.000834,10,3.934537,0.001230
4,5,9,1,0|2|1|0|0,0|0|0|5|1,0,10,3.926713,0.000907,10,3.926727,0.000667
4,5,9,1,0|2|1|0|1,0|0|0|5|0,0,10,3.920552,0.000746,10,3.920384,0.000814
4,5,9,1,0|2|1|0|0,0|0|0|6|0,0,10,3.872011,0.000693,10,3.872111,0.000822
4,5,9,1,0|2|1|1|0,0|0|0|0|5,0,10,3.938014,0.001826,10,3.937639,0.001077
4,5,9,1,0|2|1|1|1,0|0|0|0|4,0,10,3.938333,0.001335,10,3.938650,0.001749
4,5,9,1,0|2|1|1|2,0|0|0|0|3,0,10,3.937108,0.001086,10,3.937509,0.001233
4,5,9,1,0|2|1|1|3,0|0|0|0|2,0,10,3.936517,0.000882,10,3.936387,0.001292
4,5,9,1,0|2|1|1|4,0|0|0|0|1,0,10,3.935109,0.000926,10,3.935221,0.001740
4,5,9,1,0|2|1|1|5,0|0|0|0|0,0,10,3.932185,0.001361,10,3.932182,0.001281
4,5,9,1,0|2|1|1|0,0|0|0|1|4,0,10,3.944245,0.000986,10,3.944772,0.001528
4,5,9,1,0|2|1|1|1,0|0|0|1|3,0,10,3.944568,0.000876,10,3.945188,0.001077
4,5,9,1,0|2|1|1|2,0|0|0|1|2,0,10,3.943750,0.000728,10,3.943541,0.001437
4,5,9,1,0|2|1|1|3,0|0|0|1|1,0,10,3.942900,0.001512,10,3.943210,0.001559
4,5,9,1,0|2|1|1|4,0|0|0|1|0,0,10,3.940343,0.001217,10,3.940483,0.000717
4,5,9,1,0|2|1|1|0,0|0|0|2|3,0,10,3.944152,0.001379,10,3.944820,0.001337
4,5,9,1,0|2|1|1|1,0|0|0|2|2,0,10,3.944540,0.001395,10,3.944614,0.001364
4,5,9,1,0|2|1|1|2,0|0|0|2|1,0,10,3.943041,0.001283,10,3.943372,0.000804
4,5,9,1,0|2|1|1|3,0|0|0|2|0,0,10,3.939970,0.001035,10,3.939032,0.001282
4,5,9,1,0|2|1|1|0,0|0|0|3|2,0,10,3.940099,0.001091,10,3.939992,0.001310
4,5,9,1,0|2|1|1|1,0|0|0|3|1,0,10,3.939160,0.000944,10,3.939186,0.001290
4,5,9,1,0|2|1|1|2,0|0|0|3|0,0,10,3.934476,0.001354,10,3.933748,0.000932
4,5,9,1,0|2|1|1|0,0|0|0|4|1,0,10,3.926705,0.000354,10,3.926673,0.000929
4,5,9,1,0|2|1|1|1,0|0|0|4|0,0,10,3.920184,0.000897,10,3.920235,0.000883
4,5,9,1,0|2|1|1|0,0|0|0|5|0,0,10,3.873186,0.000509,10,3.873237,0.000738
4,5,9,1,0|2|1|2|0,0|0|0|0|4,0,10,3.940380,0.001109,10,3.940713,0.000868
4,5,9,1,0|2|1|2|1,0|0|0|0|3,0,10,3.940623,0.001216,10,3.940621,0.001109
4,5,9,1,0|2|1|2|2,0|0|0|0|2,0,10,3.939061,0.001090,10,3.939583,0.000819
4,5,9,1,0|2|1|2|3,0|0|0|0|1,0,10,3.936931,0.001113,10,3.936651,0.001297
4,5,9,1,0|2|1|2|4,0|0|0|0|0,0,10,3.932818,0.001233,10,3.933055,0.001173
4,5,9,1,0|2|1|2|0,0|0|0|1|3,0,10,3.942505,0.001238,10,3.941845,0.001089
4,5,9,1,0|2|1|2|1,0|0|0|1|2,0,10,3.942955,0.000958,10,3.943016,0.001586
4,5,9,1,0|2|1|2|2,0|0|0|1|1,0,10,3.940417,0.001494,10,3.940524,0.001302
4,5,9,1,0|2|1|2|3,0|0|0|1|0,0,10,3.936341,0.000892,10,3.936717,0.000960
4,5,9,1,0|2|1|2|0,0|0|0|2|2,0,10,3.938212,0.000466,10,3.938846,0.001073
4,5,9,1,0|2|1|2|1,0|0|0|2|1,0,10,3.938240,0.000981,10,3.937955,0.000961
4,5,9,1,0|2|1|2|2,0|0|0|2|0,0,10,3.931084,0.000777,10,3.931538,0.000820
4,5,9,1,0|2|1|2|0,0|0|0|3|1,0,10,3.924741,0.000471,10,3.924663,0.000648
4,5,9,1,0|2|1|2|1,0|0|0|3|0,0,10,3.917613,0.000888,10,3.917330,0.000705
4,5,9,1,0|2|1|2|0,0|0|0|4|0,0,10,3.871349,0.000744,10,3.871576,0.000333
4,5,9,1,0|2|1|3|0,0|0|0|0|3,0,10,3.938689,0.001275,10,3.938840,0.001365
4,5,9,1,0|2|1|3|1,0|0|0|0|2,0,10,3.939358,0.000873,10,3.939063,0.000954
4,5,9,1,0|2|1|3|2,0|0|0|0|1,0,10,3.936113,0.001193,10,3.936299,0.000855
4,5,9,1,0|2|1|3|3,0|0|0|0|0,0,10,3.929752,0.000853,10,3.929438,0.000965
4,5,9,1,0|2|1|3|0,0|0|0|1|2,0,10,3.935782,0.001033,10,3.936355,0.001042
4,5,9,1,0|2|1|3|1,0|0|0|1|1,0,10,3.935819,0.000786,10,3.935699,0.001306
4,5,9,1,0|2|1|3|2,0|0|0|1|0,0,10,3.928549,0.001321,10,3.928365,0.001058
4,5,9,1,0|2|1|3|0,0|0|0|2|1,0,10,3.923081,0.000622,10,3.922642,0.000531
4,5,9,1,0|2|1|3|1,0|0|0|2|0,0,10,3.915394,0.000682,10,3.915558,0.000450
4,5,9,1,0|2|1|3|0,0|0|0|3|0,0,10,3.869739,0.000453,10,3.869765,0.000630
4,5,9,1,0|2|1|4|0,0|0|0|0|2,0,10,3.933368,0.000947,10,3.933219,0.000994
4,5,9,1,0|2|1|4|1,0|0|0|0|1,0,10,3.932265,0.000814,10,3.932496,0.000824
4,5,9,1,0|2|1|4|2,0|0|0|0|0,0,10,3.922749,0.001412,10,3.924320,0.000844
4,5,9,1,0|2|1|4|0,0|0|0|1|1,0,10,3.921222,0.000641,10,3.921210,0.000611
4,5,9,1,0|2|1|4|1,0|0|0|1|0,0,10,3.913296,0.000658,10,3.912962,0.001045
4,5,9,1,0|2|1|4|0,0|0|0|2|0,0,10,3.867603,0.000688,10,3.867675,0.000633
4,5,9,1,0|2|1|5|0,0|0|0|0|1,0,10,3.917218,0.001003,10,3.917925,0.000826
4,5,9,1,0|2|1|5|1,0|0|0|0|0,0,10,3.908515,0.000663,10,3.908613,0.000753
4,5,9,1,0|2|1|5|0,0|0|0|1|0,0,10,3.864671,0.000467,10,3.864607,0.000513
4,5,9,1,0|2|1|6|0,0|0|0|0|0,0,10,3.860054,0.000552,10,3.860104,0.000551
4,5,9,1,0|2|1|0|0,0|0|1|0|5,0,10,3.922996,0.001363,10,3.922578,0.001077
4,5,9,1,0|2|1|0|1,0|0|1|0|4,0,10,3.923866,0.001768,10,3.924538,0.001302
4,5,9,1,0|2|1|0|2,0|0|1|0|3,0,10,3.923371,0.000848,10,3.923154,0.001677
4,5,9,1,0|2|1|0|3,0|0|1|0|2,0,10,3.922490,0.000910,10,3.922641,0.001320
4,5,9,1,0|2|1|0|4,0|0|1|0|1,0,10,3.920231,0.001448,10,3.920744,0.000940
4,5,9,1,0|2|1|0|5,0|0|1|0|0,0,10,3.916903,0.000921,10,3.916837,0.001497
4,5,9,1,0|2|1|0|0,0|0|1|1|4,0,10,3.941589,0.001647,10,3.941878,0.001308
4,5,9,1,0|2|1|0|1,0|0|1|1|3,0,10,3.942692,0.001288,10,3.942572,0.001398
4,5,9,1,0|2|1|0|2,0|0|1|1|2,0,10,3.942104,0.000924,10,3.941932,0.000910
4,5,9,1,0|2|1|0|3,0|0|1|1|1,0,10,3.940506,0.000992,10,3.940969,0.000777
4,5,9,1,0|2|1|0|4,0|0|1|1|0,0,10,3.937571,0.000714,10,3.937566,0.001093
4,5,9,1,0|2|1|0|0,0|0|1|2|3,0,10,3.943923,0.000782,10,3.944095,0.001241
4,5,9,1,0|2|1|0|1,0|0|1|2|2,0,10,3.945063,0.001189,10,3.944813,0.001419
4,5,9,1,0|2|1|0|2,0|0|1|2|1,0,10,3.942852,0.001203,10,3.943824,0.001082
4,5,9,1,0|2|1|0|3,0|0|1|2|0,0,10,3.939236,0.001265,10,3.939647,0.001657
4,5,9,1,0|2|1|0|0,0|0|1|3|2,0,10,3.941324,0.000773,10,3.941395,0.000997
4,5,9,1,0|2|1|0|1,0|0|1|3|1,0,10,3.941587,0.001206,10,3.941251,0.001128
4,5,9,1,0|2|1|0|2,0|0|1|3|0,0,10,3.935510,0.001159,10,3.935669,0.001053
4,5,9,1,0|2|1|0|0,0|0|1|4|1,0,10,3.930346,0.000836,10,3.930472,0.000918
4,5,9,1,0|2|1|0|1,0|0|1|4|0,0,10,3.924511,0.000797,10,3.924820,0.000798
4,5,9,1,0|2|1|0|0,0|0|1|5|0,0,10,3.883904,0.000712,10,3.883878,0.000397
4,5,9,1,0|2|1|1|0,0|0|1|0|4,0,10,3.938258,0.000657,10,3.937784,0.001349
4,5,9,1,0|2|1|1|1,0|0|1|0|3,0,10,3.938439,0.000794,10,3.938130,0.001191
4,5,9,1,0|2|1|1|2,0|0|1|0|2,0,10,3.936609,0.001331,10,3.936303,0.001293
4,5,9,1,0|2|1|1|3,0|0|1|0|1,0,10,3.934076,0.000987,10,3.935020,0.001078
4,5,9,1,0|2|1|1|4,0|0|1|0|0,0,10,3.929480,0.001355,10,3.930239,0.001081
4,5,9,1,0|2|1|1|0,0|0|1|1|3,0,10,3.942756,0.001309,10,3.943568,0.001238
4,5,9,1,0|2|1|1|1,0|0|1|1|2,0,10,3.944046,0.000697,10,3.943418,0.001164
4,5,9,1,0|2|1|1|2,0|0|1|1|1,0,10,3.941226,0.001030,10,3.941671,0.001325
4,5,9,1,0|2|1|1|3,0|0|1|1|0,0,10,3.937921,0.001056,10,3.937410,0.001198
4,5,9,1,0|2|1|1|0,0|0|1|2|2,0,10,3.941359,0.001152,10,3.941279,0.001268
4,5,9,1,0|2|1|1|1,0|0|1|2|1,0,10,3.940796,0.001061,10,3.940191,0.001004
4,5,9,1,0|2|1|1|2,0|0|1|2|0,0,10,3.935683,0.000590,10,3.935297,0.001179
4,5,9,1,0|2|1|1|0,0|0|1|3|1,0,10,3.929919,0.000775,10,3.930089,0.000632
4,5,9,1,0|2|1|1|1,0|0|1|3|0,0,10,3.924502,0.001010,10,3.923848,0.000794
4,5,9,1,0|2|1|1|0,0|0|1|4|0,0,10,3.884475,0.000591,10,3.884636,0.000679
4,5,9,1,0|2|1|2|0,0|0|1|0|3,0,10,3.938856,0.001617,10,3.938459,0.001059
4,5,9,1,0|2|1|2|1,0|0|1|0|2,0,10,3.938984,0.001067,10,3.938121,0.001467
4,5,9,1,0|2|1|2|2,0|0|1|0|1,0,10,3.934997,0.000929,10,3.935671,0.001331
4,5,9,1,0|2|1|2|3,0|0|1|0|0,0,10,3.929045,0.000707,10,3.929416,0.000761
4,5,9,1,0|2|1|2|0,0|0|1|1|2,0,10,3.938968,0.001127,10,3.938223,0.000836
4,5,9,1,0|2|1|2|1,0|0|1|1|1,0,10,3.937442,0.001076,10,3.937648,0.001152
4,5,9,1,0|2|1|2|2,0|0|1|1|0,0,10,3.931649,0.001097,10,3.931516,0.001463
4,5,9,1,0|2|1|2|0,0|0|1|2|1,0,10,3.928032,0.000852,10,3.928133,0.000781
4,5,9,1,0|2|1|2|1,0|0|1|2|0,0,10,3.921271,0.000495,10,3.921570,0.000951
4,5,9,1,0|2|1|2|0,0|0|1|3|0,0,10,3.882443,0.000417,10,3.882137,0.000823
4,5,9,1,0|2|1|3|0,0|0|1|0|2,0,10,3.933772,0.000952,10,3.933876,0.001070
4,5,9,1,0|2|1|3|1,0|0|1|0|1,0,10,3.932997,0.000586,10,3.933281,0.001007
4,5,9,1,0|2|1|3|2,0|0|1|0|0,0,10,3.924582,0.000753,10,3.924157,0.000870
4,5,9,1,0|2|1|3|0,0|0|1|1|1,0,10,3.925677,0.000803,10,3.925200,0.000880
4,5,9,1,0|2|1|3|1,0|0|1|1|0,0,10,3.918079,0.000595,10,3.918231,0.000601
4,5,9,1,0|2|1|3|0,0|0|1|2|0,0,10,3.879827,0.001049,10,3.879899,0.000646
4,5,9,1,0|2|1|4|0,0|0|1|0|1,0,10,3.920352,0.000836,10,3.920311,0.000870
4,5,9,1,0|2|1|4|1,0|0|1|0|0,0,10,3.911717,0.000650,10,3.911669,0.000840
4,5,9,1,0|2|1|4|0,0|0|1|1|0,0,10,3.875731,0.000447,10,3.875806,0.000463
4,5,9,1,0|2|1|5|0,0|0|1|0|0,0,10,3.868734,0.000431,10,3.869038,0.000682
4,5,9,1,0|2|1|0|0,0|0|2|0|4,0,10,3.917414,0.000761,10,3.917983,0.001101
4,5,9,1,0|2|1|0|1,0|0|2|0|3,0,10,3.918623,0.000830,10,3.918724,0.000857
4,5,9,1,0|2|1|0|2,0|0|2|0|2,0,10,3.916877,0.001343,10,3.916640,0.000824
4,5,9,1,0|2|1|0|3,0|0|2|0|1,0,10,3.913635,0.000642,10,3.913831,0.001002
4,5,9,1,0|2|1|0|4,0|0|2|0|0,0,10,3.907271,0.001123,10,3.906963,0.000840
4,5,9,1,0|2|1|0|0,0|0|2|1|3,0,10,3.936613,0.001300,10,3.936928,0.000955
4,5,9,1,0|2|1|0|1,0|0|2|1|2,0,10,3.937587,0.000502,10,3.937251,0.001552
4,5,9,1,0|2|1|0|2,0|0|2|1|1,0,10,3.935301,0.001159,10,3.934893,0.000857
4,5,9,1,0|2|1|0|3,0|0|2|1|0,0,10,3.929746,0.000624,10,3.929826,0.000858
4,5,9,1,0|2|1|0|0,0|0|2|2|2,0,10,3.936096,0.000859,10,3.936387,0.001014
4,5,9,1,0|2|1|0|1,0|0|2|2|1,0,10,3.935599,0.001144,10,3.935229,0.001431
4,5,9,1,0|2|1|0|2,0|0|2|2|0,0,10,3.928877,0.000982,10,3.929022,0.001001
4,5,9,1,0|2|1|0|0,0|0|2|3|1,0,10,3.925439,0.001044,10,3.925326,0.000860
4,5,9,1,0|2|1|0|1,0|0|2|3|0,0,10,3.918487,0.000645,10,3.918558,0.000879
4,5,9,1,0|2|1|0|0,0|0|2|4|0,0,10,3.875824,0.000590,10,3.875904,0.000962
4,5,9,1,0|2|1|1|0,0|0|2|0|3,0,10,3.930813,0.000859,10,3.931147,0.001375
4,5,9,1,0|2|1|1|1,0|0|2|0|2,0,10,3.930378,0.001142,10,3.930287,0.000655
4,5,9,1,0|2|1|1|2,0|0|2|0|1,0,10,3.926642,0.000934,10,3.927219,0.000705
4,5,9,1,0|2|1|1|3,0|0|2|0|0,0,10,3.919317,0.001196,10,3.919713,0.001091
4,5,9,1,0|2|1|1|0,0|0|2|1|2,0,10,3.934832,0.000624,10,3.934722,0.000867
4,5,9,1,0|2|1|1|1,0|0|2|1|1,0,10,3.933728,0.000656,10,3.933211,0.000573
4,5,9,1,0|2|1|1|2,0|0|2|1|0,0,10,3.926328,0.000841,10,3.926973,0.000843
4,5,9,1,0|2|1|1|0,0|0|2|2|1,0,10,3.924379,0.000463,10,3.924546,0.000890
4,5,9,1,0|2|1|1|1,0|0|2|2|0,0,10,3.917105,0.000597,10,3.917315,0.000588
4,5,9,1,0|2|1|1|0,0|0|2|3|0,0,10,3.876049,0.000441,10,3.876335,0.000241
4,5,9,1,0|2|1|2|0,0|0|2|0|2,0,10,3.927782,0.001464,10,3.927924,0.000593
4,5,9,1,0|2|1|2|1,0|0|2|0|1,0,10,3.925433,0.001230,10,3.925190,0.000438
4,5,9,1,0|2|1|2|2,0|0|2|0|0,0,10,3.915027,0.000849,10,3.915061,0.000764
4,5,9,1,0|2|1|2|0,0|0|2|1|1,0,10,3.919992,0.000677,10,3.920467,0.000700
4,5,9,1,0|2|1|2|1,0|0|2|1|0,0,10,3.911678,0.000424,10,3.912196,0.000813
4,5,9,1,0|2|1|2|0,0|0|2|2|0,0,10,3.872266,0.000596,10,3.872276,0.000738
4,5,9,1,0|2|1|3|0,0|0|2|0|1,0,10,3.912682,0.000384,10,3.913250,0.000625
4,5,9,1,0|2|1|3|1,0|0|2|0|0,0,10,3.902321,0.000592,10,3.902381,0.000589
4,5,9,1,0|2|1|3|0,0|0|2|1|0,0,10,3.866933,0.000499,10,3.867275,0.000746
4,5,9,1,0|2|1|4|0,0|0|2|0|0,0,10,3.856707,0.000698,10,3.857091,0.000642
4,5,9,1,0|2|1|0|0,0|0|3|0|3,0,10,3.905373,0.000972,10,3.904754,0.000949
4,5,9,1,0|2|1|0|1,0|0|3|0|2,0,10,3.905331,0.001483,10,3.905436,0.001234
4,5,9,1,0|2|1|0|2,0|0|3|0|1,0,10,3.900763,0.000792,10,3.900217,0.000706
4,5,9,1,0|2|1|0|3,0|0|3|0|0,0,10,3.888532,0.000753,10,3.888550,0.001148
4,5,9,1,0|2|1|0|0,0|0|3|1|2,0,10,3.923377,0.001080,10,3.923735,0.000985
4,5,9,1,0|2|1|0|1,0|0|3|1|1,0,10,3.922702,0.001039,10,3.922478,0.000865
4,5,9,1,0|2|1|0|2,0|0|3|1|0,0,10,3.913306,0.000906,10,3.912870,0.001324
4,5,9,1,0|2|1|0|0,0|0|3|2|1,0,10,3.913504,0.000639,10,3.913755,0.000858
4,5,9,1,0|2|1|0|1,0|0|3|2|0,0,10,3.904572,0.000627,10,3.905038,0.000645
4,5,9,1,0|2|1|0|0,0|0|3|3|0,0,10,3.858681,0.000686,10,3.858634,0.000704
4,5,9,1,0|2|1|1|0,0|0|3|0|2,0,10,3.914958,0.000571,10,3.914604,0.000604
4,5,9,1,0|2|1|1|1,0|0|3|0|1,0,10,3.911428,0.000451,10,3.911591,0.001062
4,5,9,1,0|2|1|1|2,0|0|3|0|0,0,10,3.898027,0.000750,10,3.898390,0.000792
4,5,9,1,0|2|1|1|0,0|0|3|1|1,0,10,3.910472,0.000629,10,3.910251,0.000563
4,5,9,1,0|2|1|1|1,0|0|3|1|0,0,10,3.899683,0.000718,10,3.900018,0.000757
4,5,9,1,0|2|1|1|0,0|0|3|2|0,0,10,3.857648,0.000529,10,3.857881,0.000481
4,5,9,1,0|2|1|2|0,0|0|3|0|1,0,10,3.899018,0.000487,10,3.898667,0.000566
4,5,9,1,0|2|1|2|1,0|0|3|0|0,0,10,3.884904,0.000630,10,3.884720,0.000447
4,5,9,1,0|2|1|2|0,0|0|3|1|0,0,10,3.850278,0.000727,10,3.850469,0.000723
4,5,9,1,0|2|1|3|0,0|0|3|0|0,0,10,3.835627,0.000429,10,3.835809,0.000527
4,5,9,1,0|2|1|0|0,0|0|4|0|2,0,10,3.878771,0.000574,10,3.878740,0.001130
4,5,9,1,0|2|1|0|1,0|0|4|0|1,0,10,3.876121,0.000744,10,3.875715,0.000651
4,5,9,1,0|2|1|0|2,0|0|4|0|0,0,10,3.855061,0.000529,10,3.855203,0.000646
4,5,9,1,0|2|1|0|0,0|0|4|1|1,0,10,3.888324,0.001146,10,3.888486,0.000520
4,5,9,1,0|2|1|0|1,0|0|4|1|0,0,10,3.875853,0.000721,10,3.875872,0.000442
4,5,9,1,0|2|1|0|0,0|0|4|2|0,0,10,3.828570,0.000739,10,3.828252,0.000579
4,5,9,1,0|2|1|1|0,0|0|4|0|1,0,10,3.874113,0.000738,10,3.874114,0.000709
4,5,9,1,0|2|1|1|1,0|0|4|0|0,0,10,3.855197,0.000321,10,3.854783,0.000822
4,5,9,1,0|2|1|1|0,0|0|4|1|0,0,10,3.823134,0.000359,10,3.822855,0.000413
4,5,9,1,0|2|1|2|0,0|0|4|0|0,0,10,3.801285,0.000686,10,3.801766,0.000474
4,5,9,1,0|2|1|0|0,0|0|5|0|1,0,10,3.811714,0.000479,10,3.811620,0.000441
4,5,9,1,0|2|1|0|1,0|0|5|0|0,0,10,3.786014,0.000528,10,3.786010,0.000801
4,5,9,1,0|2|1|0|0,0|0|5|1|0,0,10,3.767806,0.000492,10,3.767356,0.000378
4,5,9,1,0|2|1|1|0,0|0|5|0|0,0,10,3.741095,0.000537,10,3.740756,0.000411
4,5,9,1,0|2|1|0|0,0|0|6|0|0,0,10,3.588834,0.000524,10,3.588792,0.000520
4,5,9,1,0|2|2|0|0,0|0|0|0|5,0,10,3.921407,0.001218,10,3.921043,0.000923
4,5,9,1,0|2|2|0|1,0|0|0|0|4,0,10,3.922637,0.001709,10,3.921927,0.000805
4,5,9,1,0|2|2|0|2,0|0|0|0|3,0,10,3.921358,0.001240,10,3.920954,0.000780
4,5,9,1,0|2|2|0|3,0|0|0|0|2,0,10,3.920175,0.001190,10,3.920084,0.001206
4,5,9,1,0|2|2|0|4,0|0|0|0|1,0,10,3.918140,0.000945,10,3.918052,0.001283
4,5,9,1,0|2|2|0|5,0|0|0|0|0,0,10,3.913667,0.000871,10,3.912949,0.000886
4,5,9,1,0|2|2|0|0,0|0|0|1|4,0,10,3.940288,0.001070,10,3.940728,0.001008
4,5,9,1,0|2|2|0|1,0|0|0|1|3,0,10,3.941345,0.001781,10,3.941051,0.001471
4,5,9,1,0|2|2|0|2,0|0|0|1|2,0,10,3.939810,0.001081,10,3.939931,0.000751
4,5,9,1,0|2|2|0|3,0|0|0|1|1,0,10,3.938672,0.001260,10,3.939449,0.001117
4,5,9,1,0|2|2|0|4,0|0|0|1|0,0,10,3.935710,0.000686,10,3.935860,0.001157
4,5,9,1,0|2|2|0|0,0|0|0|2|3,0,10,3.943026,0.001107,10,3.942997,0.001027
4,5,9,1,0|2|2|0|1,0|0|0|2|2,0,10,3.943535,0.000853,10,3.942963,0.000888
4,5,9,1,0|2|2|0|2,0|0|0|2|1,0,10,3.941050,0.001181,10,3.941588,0.001012
4,5,9,1,0|2|2|0|3,0|0|0|2|0,0,10,3.938007,0.001266,10,3.937649,0.000774
4,5,9,1,0|2|2|0|0,0|0|0|3|2,0,10,3.939493,0.000948,10,3.939568,0.001208
4,5,9,1,0|2|2|0|1,0|0|0|3|1,0,10,3.939366,0.001322,10,3.939170,0.000650
4,5,9,1,0|2|2|0|2,0|0|0|3|0,0,10,3.933589,0.000832,10,3.933268,0.001447
4,5,9,1,0|2|2|0|0,0|0|0|4|1,0,10,3.927613,0.000827,10,3.928293,0.001013
4,5,9,1,0|2|2|0|1,0|0|0|4|0,0,10,3.921518,0.000772,10,3.921141,0.000537
4,5,9,1,0|2|2|0|0,0|0|0|5|0,0,10,3.878699,0.000625,10,3.878605,0.000673
4,5,9,1,0|2|2|1|0,0|0|0|0|4,0,10,3.936121,0.000925,10,3.935773,0.001244
4,5,9,1,0|2|2|1|1,0|0|0|0|3,0,10,3.935367,0.001290,10,3.935688,0.001176
4,5,9,1,0|2|2|1|2,0|0|0|0|2,0,10,3.934473,0.000702,10,3.933498,0.001361
4,5,9,1,0|2|2|1|3,0|0|0|0|1,0,10,3.931508,0.001117,10,3.931441,0.001084
4,5,9,1,0|2|2|1|4,0|0|0|0|0,0,10,3.926951,0.000787,10,3.927053,0.000943
4,5,9,1,0|2|2|1|0,0|0|0|1|3,0,10,3.941511,0.001585,10,3.941553,0.000957
4,5,9,1,0|2|2|1|1,0|0|0|1|2,0,10,3.942158,0.001135,10,3.941719,0.001072
4,5,9,1,0|2|2|1|2,0|0|0|1|1,0,10,3.939798,0.000996,10,3.938818,0.001333
4,5,9,1,0|2|2|1|3,0|0|0|1|0,0,10,3.935052,0.000935,10,3.935350,0.000636
4,5,9,1,0|2|2|1|0,0|0|0|2|2,0,10,3.939235,0.001108,10,3.938914,0.001236
4,5,9,1,0|2|2|1|1,0|0|0|2|1,0,10,3.937902,0.001175,10,3.938494,0.000876
4,5,9,1,0|2|2|1|2,0|0|0|2|0,0,10,3.932518,0.001094,10,3.931876,0.001202
4,5,9,1,0|2|2|1|0,0|0|0|3|1,0,10,3.927606,0.000624,10,3.927623,0.000902
4,5,9,1,0|2|2|1|1,0|0|0|3|0,0,10,3.921501,0.000655,10,3.920455,0.000523
4,5,9,1,0|2|2|1|0,0|0|0|4|0,0,10,3.879767,0.000943,10,3.879990,0.000498
4,5,9,1,0|2|2|2|0,0|0|0|0|3,0,10,3.935900,0.000873,10,3.936530,0.001406
4,5,9,1,0|2|2|2|1,0|0|0|0|2,0,10,3.935683,0.000899,10,3.934975,0.000934
4,5,9,1,0|2|2|2|2,0|0|0|0|1,0,10,3.931908,0.001313,10,3.932276,0.001541
4,5,9,1,0|2|2|2|3,0|0|0|0|0,0,10,3.924368,0.000764,10,3.924966,0.000990
4,5,9,1,0|2|2|2|0,0|0|0|1|2,0,10,3.936555,0.000701,10,3.936150,0.000717
4,5,9,1,0|2|2|2|1,0|0|0|1|1,0,10,3.934790,0.000773,10,3.934681,0.000745
4,5,9,1,0|2|2|2|2,0|0|0|1|0,0,10,3.927582,0.000848,10,3.928420,0.001235
4,5,9,1,0|2|2|2|0,0|0|0|2|1,0,10,3.924715,0.000867,10,3.924787,0.000921
4,5,9,1,0|2|2|2|1,0|0|0|2|0,0,10,3.917274,0.000976,10,3.917381,0.001024
4,5,9,1,0|2|2|2|0,0|0|0|3|0,0,10,3.876726,0.000585,10,3.876991,0.000930
4,5,9,1,0|2|2|3|0,0|0|0|0|2,0,10,3.930563,0.001527,10,3.930256,0.000721
4,5,9,1,0|2|2|3|1,0|0|0|0|1,0,10,3.929097,0.001112,10,3.928984,0.001587
4,5,9,1,0|2|2|3|2,0|0|0|0|0,0,10,3.918607,0.001198,10,3.918268,0.000831
4,5,9,1,0|2|2|3|0,0|0|0|1|1,0,10,3.920995,0.000911,10,3.921332,0.000565
4,5,9,1,0|2|2|3|1,0|0|0|1|0,0,10,3.913018,0.000541,10,3.913002,0.000820
4,5,9,1,0|2|2|3|0,0|0|0|2|0,0,10,3.873478,0.000828,10,3.873473,0.000618
4,5,9,1,0|2|2|4|0,0|0|0|0|1,0,10,3.914867,0.000561,10,3.915380,0.000954
4,5,9,1,0|2|2|4|1,0|0|0|0|0,0,10,3.905546,0.000903,10,3.905405,0.000999
4,5,9,1,0|2|2|4|0,0|0|0|1|0,0,10,3.868945,0.000614,10,3.868896,0.000489
4,5,9,1,0|2|2|5|0,0|0|0|0|0,0,10,3.860194,0.000874,10,3.860095,0.000383
4,5,9,1,0|2|2|0|0,0|0|1|0|4,0,10,3.917163,0.001075,10,3.917234,0.001026
4,5,9,1,0|2|2|0|1,0|0|1|0|3,0,10,3.918269,0.000904,10,3.917791,0.000834
4,5,9,1,0|2|2|0|2,0|0|1|0|2,0,10,3.915687,0.001124,10,3.915778,0.000861
4,5,9,1,0|2|2|0|3,0|0|1|0|1,0,10,3.911330,0.000961,10,3.911897,0.001384
4,5,9,1,0|2|2|0|4,0|0|1|0|0,0,10,3.904860,0.001543,10,3.904880,0.000962
4,5,9,1,0|2|2|0|0,0|0|1|1|3,0,10,3.935856,0.000739,10,3.936045,0.001036
4,5,9,1,0|2|2|0|1,0|0|1|1|2,0,10,3.936810,0.000940,10,3.936111,0.001471
4,5,9,1,0|2|2|0|2,0|0|1|1|1,0,10,3.933592,0.001478,10,3.933428,0.001453
4,5,9,1,0|2|2|0|3,0|0|1|1|0,0,10,3.928213,0.001373,10,3.928230,0.001001
4,5,9,1,0|2|2|0|0,0|0|1|2|2,0,10,3.935029,0.001522,10,3.934422,0.000976
4,5,9,1,0|2|2|0|1,0|0|1|2|1,0,10,3.935050,0.001003,10,3.934361,0.001004
4,5,9,1,0|2|2|0|2,0|0|1|2|0,0,10,3.927249,0.000998,10,3.927496,0.000775
4,5,9,1,0|2|2|0|0,0|0|1|3|1,0,10,3.923498,0.000730,10,3.923937,0.000956
4,5,9,1,0|2|2|0|1,0|0|1|3|0,0,10,3.916615,0.001065,10,3.916462,0.000676
4,5,9,1,0|2|2|0|0,0|0|1|4|0,0,10,3.873330,0.000614,10,3.873581,0.000628
4,5,9,1,0|2|2|1|0,0|0|1|0|3,0,10,3.930089,0.001000,10,3.929918,0.001202
4,5,9,1,0|2|2|1|1,0|0|1|0|2,0,10,3.929197,0.000729,10,3.928134,0.001350
4,5,9,1,0|2|2|1|2,0|0|1|0|1,0,10,3.925223,0.000676,10,3.924446,0.000843
4,5,9,1,0|2|2|1|3,0|0|1|0|0,0,10,3.916916,0.000899,10,3.917088,0.000985
4,5,9,1,0|2|2|1|0,0|0|1|1|2,0,10,3.933255,0.001222,10,3.932924,0.001286
4,5,9,1,0|2|2|1|1,0|0|1|1|1,0,10,3.931953,0.000881,10,3.932221,0.001076
4,5,9,1,0|2|2|1|2,0|0|1|1|0,0,10,3.924281,0.001157,10,3.924730,0.001040
4,5,9,1,0|2|2|1|0,0|0|1|2|1,0,10,3.922566,0.000863,10,3.922349,0.001162
4,5,9,1,0|2|2|1|1,0|0|1|2|0,0,10,3.914565,0.001178,10,3.914949,0.000920
4,5,9,1,0|2|2|1|0,0|0|1|3|0,0,10,3.874418,0.000819,10,3.874298,0.000601
4,5,9,1,0|2|2|2|0,0|0|1|0|2,0,10,3.925574,0.000934,10,3.925704,0.001343
4,5,9,1,0|2|2|2|1,0|0|1|0|1,0,10,3.922599,0.000928,10,3.922864,0.000881
4,5,9,1,0|2|2|2|2,0|0|1|0|0,0,10,3.910939,0.000760,10,3.911058,0.000817
4,5,9,1,0|2|2|2|0,0|0|1|1|1,0,10,3.918016,0.000917,10,3.917825,0.000976
4,5,9,1,0|2|2|2|1,0|0|1|1|0,0,10,3.908819,0.000914,10,3.909126,0.000664
4,5,9,1,0|2|2|2|0,0|0|1|2|0,0,10,3.869544,0.000381,10,3.869572,0.000699
4,5,9,1,0|2|2|3|0,0|0|1|0|1,0,10,3.909280,0.000668,10,3.910087,0.000444
4,5,9,1,0|2|2|3|1,0|0|1|0|0,0,10,3.898477,0.000442,10,3.898353,0.000719
4,5,9,1,0|2|2|3|0,0|0|1|1|0,0,10,3.863862,0.000529,10,3.863563,0.000617
4,5,9,1,0|2|2|4|0,0|0|1|0|0,0,10,3.852153,0.000514,10,3.852385,0.000427
4,5,9,1,0|2|2|0|0,0|0|2|0|3,0,10,3.904412,0.001188,10,3.904502,0.001020
4,5,9,1,0|2|2|0|1,0|0|2|0|2,0,10,3.904939,0.000918,10,3.905055,0.001096
4,5,9,1,0|2|2|0|2,0|0|2|0|1,0,10,3.899115,0.000588,10,3.899142,0.000796
4,5,9,1,0|2|2|0|3,0|0|2|0|0,0,10,3.885871,0.000716,10,3.886090,0.001033
4,5,9,1,0|2|2|0|0,0|0|2|1|2,0,10,3.922705,0.000848,10,3.922157,0.000689
4,5,9,1,0|2|2|0|1,0|0|2|1|1,0,10,3.921143,0.000973,10,3.920983,0.000817
4,5,9,1,0|2|2|0|2,0|0|2|1|0,0,10,3.911216,0.000854,10,3.911225,0.000603
4,5,9,1,0|2|2|0|0,0|0|2|2|1,0,10,3.912072,0.001033,10,3.912348,0.000376
4,5,9,1,0|2|2|0|1,0|0|2|2|0,0,10,3.903255,0.001026,10,3.902610,0.000646
4,5,9,1,0|2|2|0|0,0|0|2|3|0,0,10,3.856306,0.000535,10,3.856692,0.000654
4,5,9,1,0|2|2|1|0,0|0|2|0|2,0,10,3.912957,0.001174,10,3.913078,0.001138
4,5,9,1,0|2|2|1|1,0|0|2|0|1,0,10,3.909551,0.001069,10,3.908984,0.000784
4,5,9,1,0|2|2|1|2,0|0|2|0|0,0,10,3.894931,0.000851,10,3.894868,0.001017
4,5,9,1,0|2|2|1|0,0|0|2|1|1,0,10,3.908428,0.000495,10,3.908730,0.000963
4,5,9,1,0|2|2|1|1,0|0|2|1|0,0,10,3.897955,0.000657,10,3.897869,0.000559
4,5,9,1,0|2|2|1|0,0|0|2|2|0,0,10,3.855827,0.000697,10,3.855875,0.000637
4,5,9,1,0|2|2|2|0,0|0|2|0|1,0,10,3.896122,0.000278,10,3.896004,0.000986
4,5,9,1,0|2|2|2|1,0|0|2|0|0,0,10,3.881576,0.000465,10,3.881492,0.000849
4,5,9,1,0|2|2|2|0,0|0|2|1|0,0,10,3.847605,0.000643,10,3.847675,0.000714
4,5,9,1,0|2|2|3|0,0|0|2|0|0,0,10,3.831003,0.000405,10,3.831532,0.000422
4,5,9,1,0|2|2|0|0,0|0|3|0|2,0,10,3.877137,0.001100,10,3.877773,0.000900
4,5,9,1,0|2|2|0|1,0|0|3|0|1,0,10,3.874683,0.000650,10,3.874939,0.000596
4,5,9,1,0|2|2|0|2,0|0|3|0|0,0,10,3.852494,0.000566,10,3.852787,0.000875
4,5,9,1,0|2|2|0|0,0|0|3|1|1,0,10,3.887083,0.000953,10,3.887374,0.000576
4,5,9,1,0|2|2|0|1,0|0|3|1|0,0,10,3.873893,0.000514,10,3.873870,0.000724
4,5,9,1,0|2|2|0|0,0|0|3|2|0,0,10,3.826356,0.000630,10,3.826630,0.000499
4,5,9,1,0|2|2|1|0,0|0|3|0|1,0,10,3.871815,0.001067,10,3.871699,0.000704
4,5,9,1,0|2|2|1|1,0|0|3|0|0,0,10,3.851967,0.000498,10,3.851741,0.000463
4,5,9,1,0|2|2|1|0,0|0|3|1|0,0,10,3.821031,0.000679,10,3.820975,0.000575
4,5,9,1,0|2|2|2|0,0|0|3|0|0,0,10,3.798138,0.000471,10,3.797807,0.000626
4,5,9,1,0|2|2|0|0,0|0|4|0|1,0,10,3.811413,0.000662,10,3.811291,0.000744
4,5,9,1,0|2|2|0|1,0|0|4|0|0,0,10,3.784742,0.000418,10,3.784902,0.000414
4,5,9,1,0|2|2|0|0,0|0|4|1|0,0,10,3.766526,0.000321,10,3.766619,0.000614
4,5,9,1,0|2|2|1|0,0|0|4|0|0,0,10,3.738880,0.000448,10,3.739319,0.000417
4,5,9,1,0|2|2|0|0,0|0|5|0|0,0,10,3.591307,0.000366,10,3.591334,0.000497
4,5,9,1,0|2|3|0|0,0|0|0|0|4,0,10,3.916029,0.000629,10,3.915522,0.000870
4,5,9,1,0|2|3|0|1,0|0|0|0|3,0,10,3.917847,0.001500,10,3.917641,0.001019
4,5,9,1,0|2|3|0|2,0|0|0|0|2,0,10,3.915169,0.001025,10,3.913561,0.000848
4,5,9,1,0|2|3|0|3,0|0|0|0|1,0,10,3.910793,0.001123,10,3.910371,0.001352
4,5,9,1,0|2|3|0|4,0|0|0|0|0,0,10,3.902695,0.001097,10,3.902921,0.001256
4,5,9,1,0|2|3|0|0,0|0|0|1|3,0,10,3.935193,0.000550,10,3.934419,0.001285
4,5,9,1,0|2|3|0|1,0|0|0|1|2,0,10,3.934948,0.001367,10,3.935293,0.000657
4,5,9,1,0|2|3|0|2,0|0|0|1|1,0,10,3.932678,0.001302,10,3.933253,0.000846
4,5,9,1,0|2|3|0|3,0|0|0|1|0,0,10,3.927225,0.000490,10,3.926893,0.001149
4,5,9,1,0|2|3|0|0,0|0|0|2|2,0,10,3.933954,0.001523,10,3.933883,0.001363
4,5,9,1,0|2|3|0|1,0|0|0|2|1,0,10,3.933486,0.000688,10,3.933878,0.000985
4,5,9,1,0|2|3|0|2,0|0|0|2|0,0,10,3.926206,0.000903,10,3.925761,0.001084
4,5,9,1,0|2|3|0|0,0|0|0|3|1,0,10,3.922246,0.001153,10,3.922303,0.000706
4,5,9,1,0|2|3|0|1,0|0|0|3|0,0,10,3.914447,0.000579,10,3.914684,0.000643
4,5,9,1,0|2|3|0|0,0|0|0|4|0,0,10,3.870821,0.000585,10,3.870697,0.000712
4,5,9,1,0|2|3|1|0,0|0|0|0|3,0,10,3.928561,0.001036,10,3.928475,0.001320
4,5,9,1,0|2|3|1|1,0|0|0|0|2,0,10,3.927377,0.001315,10,3.928273,0.001054
4,5,9,1,0|2|3|1|2,0|0|0|0|1,0,10,3.923486,0.000915,10,3.923311,0.000841
4,5,9,1,0|2|3|1|3,0|0|0|0|0,0,10,3.914589,0.000769,10,3.914889,0.000649
4,5,9,1,0|2|3|1|0,0|0|0|1|2,0,10,3.932441,0.000520,10,3.933098,0.000784
4,5,9,1,0|2|3|1|1,0|0|0|1|1,0,10,3.930679,0.001219,10,3.930390,0.001320
4,5,9,1,0|2|3|1|2,0|0|0|1|0,0,10,3.922958,0.000668,10,3.922911,0.001320
4,5,9,1,0|2|3|1|0,0|0|0|2|1,0,10,3.921734,0.000628,10,3.921234,0.000944
4,5,9,1,0|2|3|1|1,0|0|0|2|0,0,10,3.913761,0.000963,10,3.913654,0.000671
4,5,9,1,0|2|3|1|0,0|0|0|3|0,0,10,3.872235,0.000368,10,3.872169,0.000906
4,5,9,1,0|2|3|2|0,0|0|0|0|2,0,10,3.923604,0.000955,10,3.923873,0.000865
4,5,9,1,0|2|3|2|1,0|0|0|0|1,0,10,3.921570,0.000892,10,3.920887,0.000826
4,5,9,1,0|2|3|2|2,0|0|0|0|0,0,10,3.908606,0.001082,10,3.908648,0.000579
4,5,9,1,0|2|3|2|0,0|0|0|1|1,0,10,3.916283,0.001048,10,3.916070,0.000776
4,5,9,1,0|2|3|2|1,0|0|0|1|0,0,10,3.907190,0.000793,10,3.907417,0.000839
4,5,9,1,0|2|3|2|0,0|0|0|2|0,0,10,3.867319,0.000432,10,3.867076,0.000788
4,5,9,1,0|2|3|3|0,0|0|0|0|1,0,10,3.907256,0.000485,10,3.907189,0.000782
4,5,9,1,0|2|3|3|1,0|0|0|0|0,0,10,3.895069,0.000382,10,3.895434,0.000784
4,5,9,1,0|2|3|3|0,0|0|0|1|0,0,10,3.860142,0.000603,10,3.859802,0.000590
4,5,9,1,0|2|3|4|0,0|0|0|0|0,0,10,3.846946,0.000470,10,3.847320,0.000644
4,5,9,1,0|2|3|0|0,0|0|1|0|3,0,10,3.903974,0.000778,10,3.904135,0.000769
4,5,9,1,0|2|3|0|1,0|0|1|0|2,0,10,3.904765,0.001114,10,3.904531,0.000721
4,5,9,1,0|2|3|0|2,0|0|1|0|1,0,10,3.899025,0.000928,10,3.898149,0.000778
4,5,9,1,0|2|3|0|3,0|0|1|0|0,0,10,3.884790,0.000749,10,3.884730,0.000743
4,5,9,1,0|2|3|0|0,0|0|1|1|2,0,10,3.922308,0.001027,10,3.921448,0.000806
4,5,9,1,0|2|3|0|1,0|0|1|1|1,0,10,3.920673,0.001498,10,3.921521,0.000831
4,5,9,1,0|2|3|0|2,0|0|1|1|0,0,10,3.910623,0.000821,10,3.909975,0.000752
4,5,9,1,0|2|3|0|0,0|0|1|2|1,0,10,3.911413,0.000824,10,3.911542,0.000739
4,5,9,1,0|2|3|0|1,0|0|1|2|0,0,10,3.901738,0.000704,10,3.901939,0.000769
4,5,9,1,0|2|3|0|0,0|0|1|3|0,0,10,3.855288,0.000622,10,3.855037,0.000513
4,5,9,1,0|2|3|1|0,0|0|1|0|2,0,10,3.912103,0.000864,10,3.912490,0.000843
4,5,9,1,0|2|3|1|1,0|0|1|0|1,0,10,3.908236,0.000693,10,3.908479,0.000468
4,5,9,1,0|2|3|1|2,0|0|1|0|0,0,10,3.893795,0.000850,10,3.894244,0.001073
4,5,9,1,0|2|3|1|0,0|0|1|1|1,0,10,3.908131,0.000894,10,3.908010,0.000536
4,5,9,1,0|2|3|1|1,0|0|1|1|0,0,10,3.897103,0.000542,10,3.896980,0.000360
4,5,9,1,0|2|3|1|0,0|0|1|2|0,0,10,3.855107,0.000667,10,3.855167,0.000724
4,5,9,1,0|2|3|2|0,0|0|1|0|1,0,10,3.895263,0.000797,10,3.894857,0.000714
4,5,9,1,0|2|3|2|1,0|0|1|0|0,0,10,3.879863,0.000658,10,3.879870,0.001112
4,5,9,1,0|2|3|2|0,0|0|1|1|0,0,10,3.846157,0.000553,10,3.845952,0.000701
4,5,9,1,0|2|3|3|0,0|0|1|0|0,0,10,3.828406,0.000793,10,3.828701,0.000440
4,5,9,1,0|2|3|0|0,0|0|2|0|2,0,10,3.876807,0.000970,10,3.876865,0.000969
4,5,9,1,0|2|3|0|1,0|0|2|0|1,0,10,3.874389,0.000666,10,3.874121,0.000683
4,5,9,1,0|2|3|0|2,0|0|2|0|0,0,10,3.851461,0.000737,10,3.851861,0.000724
4,5,9,1,0|2|3|0|0,0|0|2|1|1,0,10,3.886785,0.001054,10,3.887204,0.000734
4,5,9,1,0|2|3|0|1,0|0|2|1|0,0,10,3.872724,0.000592,10,3.873238,0.000471
4,5,9,1,0|2|3|0|0,0|0|2|2|0,0,10,3.825360,0.000560,10,3.825178,0.000444
4,5,9,1,0|2|3|1|0,0|0|2|0|1,0,10,3.870979,0.000620,10,3.871205,0.000661
4,5,9,1,0|2|3|1|1,0|0|2|0|0,0,10,3.850976,0.000589,10,3.850969,0.000672
4,5,9,1,0|2|3|1|0,0|0|2|1|0,0,10,3.820533,0.000644,10,3.820336,0.000573
4,5,9,1,0|2|3|2|0,0|0|2|0|0,0,10,3.796192,0.000462,10,3.796174,0.000406
4,5,9,1,0|2|3|0|0,0|0|3|0|1,0,10,3.811403,0.000652,10,3.810759,0.000443
4,5,9,1,0|2|3|0|1,0|0|3|0|0,0,10,3.784297,0.000369,10,3.784546,0.000501
4,5,9,1,0|2|3|0|0,0|0|3|1|0,0,10,3.765954,0.000235,10,3.766252,0.000307
4,5,9,1,0|2|3|1|0,0|0|3|0|0,0,10,3.738478,0.000750,10,3.738730,0.000588
4,5,9,1,0|2|3|0|0,0|0|4|0|0,0,10,3.592135,0.000533,10,3.592460,0.000635
4,5,9,1,0|2|4|0|0,0|0|0|0|3,0,10,3.903364,0.001042,10,3.902509,0.001127
4,5,9,1,0|2|4|0|1,0|0|0|0|2,0,10,3.904379,0.000739,10,3.903897,0.001136
4,5,9,1,0|2|4|0|2,0|0|0|0|1,0,10,3.897981,0.000611,10,3.897373,0.000672
4,5,9,1,0|2|4|0|3,0|0|0|0|0,0,10,3.883142,0.000867,10,3.883782,0.000445
4,5,9,1,0|2|4|0|0,0|0|0|1|2,0,10,3.921434,0.000762,10,3.921120,0.000689
4,5,9,1,0|2|4|0|1,0|0|0|1|1,0,10,3.920262,0.001017,10,3.920091,0.001192
4,5,9,1,0|2|4|0|2,0|0|0|1|0,0,10,3.909448,0.000918,10,3.909471,0.000829
4,5,9,1,0|2|4|0|0,0|0|0|2|1,0,10,3.910845,0.000970,10,3.910222,0.000755
4,5,9,1,0|2|4|0|1,0|0|0|2|0,0,10,3.900888,0.000705,10,3.901287,0.000790
4,5,9,1,0|2|4|0|0,0|0|0|3|0,0,10,3.853460,0.000517,10,3.853880,0.000490
4,5,9,1,0|2|4|1|0,0|0|0|0|2,0,10,3.911848,0.000817,10,3.911867,0.000807
4,5,9,1,0|2|4|1|1,0|0|0|0|1,0,10,3.908119,0.000950,10,3.907860,0.000933
4,5,9,1,0|2|4|1|2,0|0|0|0|0,0,10,3.893230,0.000702,10,3.892866,0.000641
4,5,9,1,0|2|4|1|0,0|0|0|1|1,0,10,3.907078,0.000789,10,3.907321,0.000455
4,5,9,1,0|2|4|1|1,0|0|0|1|0,0,10,3.896724,0.000620,10,3.896649,0.000638
4,5,9,1,0|2|4|1|0,0|0|0|2|0,0,10,3.854082,0.000623,10,3.854167,0.000348
4,5,9,1,0|2|4|2|0,0|0|0|0|1,0,10,3.893833,0.000780,10,3.893974,0.000743
4,5,9,1,0|2|4|2|1,0|0|0|0|0,0,10,3.878945,0.000601,10,3.878390,0.000407
4,5,9,1,0|2|4|2|0,0|0|0|1|0,0,10,3.845192,0.000523,10,3.844881,0.000463
4,5,9,1,0|2|4|3|0,0|0|0|0|0,0,10,3.826534,0.000439,10,3.826491,0.000685
4,5,9,1,0|2|4|0|0,0|0|1|0|2,0,10,3.876091,0.000819,10,3.876409,0.000864
4,5,9,1,0|2|4|0|1,0|0|1|0|1,0,10,3.873863,0.000759,10,3.874139,0.000768
4,5,9,1,0|2|4|0|2,0|0|1|0|0,0,10,3.850863,0.000779,10,3.851010,0.000567
4,5,9,1,0|2|4|0|0,0|0|1|1|1,0,10,3.886364,0.000565,10,3.886123,0.000425
4,5,9,1,0|2|4|0|1,0|0|1|1|0,0,10,3.872698,0.000882,10,3.872615,0.000574
4,5,9,1,0|2|4|0|0,0|0|1|2|0,0,10,3.824710,0.000530,10,3.824694,0.000525
4,5,9,1,0|2|4|1|0,0|0|1|0|1,0,10,3.870611,0.000630,10,3.871076,0.000620
4,5,9,1,0|2|4|1|1,0|0|1|0|0,0,10,3.849973,0.000440,10,3.850912,0.000667
4,5,9,1,0|2|4|1|0,0|0|1|1|0,0,10,3.820212,0.000321,10,3.820102,0.000265
4,5,9,1,0|2|4|2|0,0|0|1|0|0,0,10,3.795047,0.000679,10,3.795228,0.000521
4,5,9,1,0|2|4|0|0,0|0|2|0|1,0,10,3.810819,0.000429,10,3.811332,0.000623
4,5,9,1,0|2|4|0|1,0|0|2|0|0,0,10,3.784424,0.000503,10,3.784273,0.000549
4,5,9,1,0|2|4|0|0,0|0|2|1|0,0,10,3.765779,0.000470,10,3.766085,0.000256
4,5,9,1,0|2|4|1|0,0|0|2|0|0,0,10,3.738262,0.000369,10,3.738371,0.000334
4,5,9,1,0|2|4|0|0,0|0|3|0|0,0,10,3.593068,0.000407,10,3.592765,0.000197
4,5,9,1,0|2|5|0|0,0|0|0|0|2,0,10,3.876285,0.000601,10,3.876120,0.001053
4,5,9,1,0|2|5|0|1,0|0|0|0|1,0,10,3.874058,0.000640,10,3.873881,0.000786
4,5,9,1,0|2|5|0|2,0|0|0|0|0,0,10,3.850233,0.000408,10,3.850795,0.000547
4,5,9,1,0|2|5|0|0,0|0|0|1|1,0,10,3.886044,0.000521,10,3.886412,0.000915
4,5,9,1,0|2|5|0|1,0|0|0|1|0,0,10,3.872501,0.000578,10,3.872499,0.000584
4,5,9,1,0|2|5|0|0,0|0|0|2|0,0,10,3.824020,0.000458,10,3.824085,0.000550
4,5,9,1,0|2|5|1|0,0|0|0|0|1,0,10,3.870462,0.000714,10,3.870710,0.000737
4,5,9,1,0|2|5|1|1,0|0|0|0|0,0,10,3.850178,0.000965,10,3.850044,0.000833
4,5,9,1,0|2|5|1|0,0|0|0|1|0,0,10,3.819677,0.000555,10,3.819478,0.000464
4,5,9,1,0|2|5|2|0,0|0|0|0|0,0,10,3.794164,0.000751,10,3.794649,0.000493
4,5,9,1,0|2|5|0|0,0|0|1|0|1,0,10,3.810767,0.000810,10,3.810792,0.000421
4,5,9,1,0|2|5|0|1,0|0|1|0|0,0,10,3.784164,0.000340,10,3.784573,0.000711
4,5,9,1,0|2|5|0|0,0|0|1|1|0,0,10,3.765942,0.000384,10,3.765865,0.000582
4,5,9,1,0|2|5|1|0,0|0|1|0|0,0,10,3.738194,0.000490,10,3.738287,0.000392
4,5,9,1,0|2|5|0|0,0|0|2|0|0,0,10,3.593065,0.000542,10,3.592833,0.000631
4,5,9,1,0|2|6|0|0,0|0|0|0|1,0,10,3.810312,0.000644,10,3.810533,0.000772
4,5,9,1,0|2|6|0|1,0|0|0|0|0,0,10,3.784185,0.000627,10,3.784072,0.000436
4,5,9,1,0|2|6|0|0,0|0|0|1|0,0,10,3.765723,0.000467,10,3.765486,0.000530
4,5,9,1,0|2|6|1|0,0|0|0|0|0,0,10,3.738072,0.000523,10,3.737780,0.000489
4,5,9,1,0|2|6|0|0,0|0|1|0|0,0,10,3.592871,0.000521,10,3.592631,0.000347
4,5,9,1,0|2|7|0|0,0|0|0|0|0,0,10,3.592722,0.000460,10,3.592704,0.000429
4,5,9,1,0|2|0|0|0,0|1|0|0|6,0,10,3.895056,0.000879,10,3.895064,0.000792
4,5,9,1,0|2|0|0|1,0|1|0|0|5,0,10,3.896702,0.000940,10,3.895779,0.001405
4,5,9,1,0|2|0|0|2,0|1|0|0|4,0,10,3.896252,0.000946,10,3.895991,0.000782
4,5,9,1,0|2|0|0|3,0|1|0|0|3,0,10,3.894627,0.001217,10,3.894718,0.000650
4,5,9,1,0|2|0|0|4,0|1|0|0|2,0,10,3.893730,0.001143,10,3.893900,0.001337
4,5,9,1,0|2|0|0|5,0|1|0|0|1,0,10,3.890965,0.001127,10,3.891969,0.000780
4,5,9,1,0|2|0|0|6,0|1|0|0|0,0,10,3.888479,0.001343,10,3.888279,0.000859
4,5,9,1,0|2|0|0|0,0|1|0|1|5,0,10,3.931479,0.001207,10,3.931815,0.000890
4,5,9,1,0|2|0|0|1,0|1|0|1|4,0,10,3.932507,0.000925,10,3.932535,0.001762
4,5,9,1,0|2|0|0|2,0|1|0|1|3,0,10,3.932475,0.001145,10,3.932643,0.001041
4,5,9,1,0|2|0|0|3,0|1|0|1|2,0,10,3.931622,0.000978,10,3.931250,0.000999
4,5,9,1,0|2|0|0|4,0|1|0|1|1,0,10,3.930404,0.000881,10,3.929604,0.001006
4,5,9,1,0|2|0|0|5,0|1|0|1|0,0,10,3.927138,0.001328,10,3.927408,0.000944
4,5,9,1,0|2|0|0|0,0|1|0|2|4,0,10,3.935789,0.001619,10,3.934654,0.001657
4,5,9,1,0|2|0|0|1,0|1|0|2|3,0,10,3.936515,0.001188,10,3.936736,0.001314
4,5,9,1,0|2|0|0|2,0|1|0|2|2,0,10,3.935127,0.001233,10,3.935411,0.001731
4,5,9,1,0|2|0|0|3,0|1|0|2|1,0,10,3.933101,0.000805,10,3.933044,0.000909
4,5,9,1,0|2|0|0|4,0|1|0|2|0,0,10,3.929862,0.000887,10,3.929589,0.001170
4,5,9,1,0|2|0|0|0,0|1|0|3|3,0,10,3.932213,0.000891,10,3.932275,0.001241
4,5,9,1,0|2|0|0|1,0|1|0|3|2,0,10,3.933529,0.001022,10,3.933346,0.000934
4,5,9,1,0|2|0|0|2,0|1|0|3|1,0,10,3.929875,0.001097,10,3.930613,0.000923
4,5,9,1,0|2|0|0|3,0|1|0|3|0,0,10,3.924306,0.001133,10,3.924300,0.001245
4,5,9,1,0|2|0|0|0,0|1|0|4|2,0,10,3.922564,0.001252,10,3.922279,0.000849
4,5,9,1,0|2|0|0|1,0|1|0|4|1,0,10,3.922082,0.001019,10,3.922152,0.000909
4,5,9,1,0|2|0|0|2,0|1|0|4|0,0,10,3.911875,0.001082,10,3.911659,0.000931
4,5,9,1,0|2|0|0|0,0|1|0|5|1,0,10,3.894747,0.000675,10,3.894678,0.000633
4,5,9,1,0|2|0|0|1,0|1|0|5|0,0,10,3.883346,0.000709,10,3.882995,0.000416
4,5,9,1,0|2|0|0|0,0|1|0|6|0,0,10,3.788398,0.000398,10,3.788277,0.000300
4,5,9,1,0|2|0|1|0,0|1|0|0|5,0,10,3.927191,0.000952,10,3.927111,0.001126
4,5,9,1,0|2|0|1|1,0|1|0|0|4,0,10,3.928853,0.000958,10,3.928425,0.000999
4,5,9,1,0|2|0|1|2,0|1|0|0|3,0,10,3.926708,0.001188,10,3.927752,0.001090
4,5,9,1,0|2|0|1|3,0|1|0|0|2,0,10,3.926409,0.000860,10,3.925874,0.001100
4,5,9,1,0|2|0|1|4,0|1|0|0|1,0,10,3.923242,0.001052,10,3.924037,0.000924
4,5,9,1,0|2|0|1|5,0|1|0|0|0,0,10,3.920735,0.001096,10,3.920196,0.001282
4,5,9,1,0|2|0|1|0,0|1|0|1|4,0,10,3.934709,0.000961,10,3.934319,0.001202
4,5,9,1,0|2|0|1|1,0|1|0|1|3,0,10,3.935244,0.001158,10,3.935438,0.000800
4,5,9,1,0|2|0|1|2,0|1|0|1|2,0,10,3.933972,0.001166,10,3.934012,0.001511
4,5,9,1,0|2|0|1|3,0|1|0|1|1,0,10,3.933067,0.001346,10,3.932221,0.001136
4,5,9,1,0|2|0|1|4,0|1|0|1|0,0,10,3.927453,0.000954,10,3.928871,0.000908
4,5,9,1,0|2|0|1|0,0|1|0|2|3,0,10,3.932087,0.001512,10,3.932281,0.001162
4,5,9,1,0|2|0|1|1,0|1|0|2|2,0,10,3.933192,0.001444,10,3.933035,0.000881
4,5,9,1,0|2|0|1|2,0|1|0|2|1,0,10,3.930550,0.000706,10,3.930077,0.001145
4,5,9,1,0|2|0|1|3,0|1|0|2|0,0,10,3.923770,0.000876,10,3.924641,0.001252
4,5,9,1,0|2|0|1|0,0|1|0|3|2,0,10,3.922194,0.001036,10,3.922363,0.000549
4,5,9,1,0|2|0|1|1,0|1|0|3|1,0,10,3.921165,0.001358,10,3.921302,0.000851
4,5,9,1,0|2|0|1|2,0|1|0|3|0,0,10,3.911725,0.000540,10,3.911609,0.000974
4,5,9,1,0|2|0|1|0,0|1|0|4|1,0,10,3.894384,0.000721,10,3.894202,0.000730
4,5,9,1,0|2|0|1|1,0|1|0|4|0,0,10,3.882436,0.000618,10,3.882355,0.000713
4,5,9,1,0|2|0|1|0,0|1|0|5|0,0,10,3.789826,0.000431,10,3.789852,0.000493
4,5,9,1,0|2|0|2|0,0|1|0|0|4,0,10,3.930582,0.000952,10,3.930744,0.001464
4,5,9,1,0|2|0|2|1,0|1|0|0|3,0,10,3.931980,0.001422,10,3.931052,0.001012
4,5,9,1,0|2|0|2|2,0|1|0|0|2,0,10,3.929467,0.000893,10,3.928725,0.001229
4,5,9,1,0|2|0|2|3,0|1|0|0|1,0,10,3.926270,0.001225,10,3.925551,0.000933
4,5,9,1,0|2|0|2|4,0|1|0|0|0,0,10,3.920353,0.001154,10,3.920675,0.001018
4,5,9,1,0|2|0|2|0,0|1|0|1|3,0,10,3.930442,0.001451,10,3.930585,0.000686
4,5,9,1,0|2|0|2|1,0|1|0|1|2,0,10,3.931256,0.001459,10,3.930850,0.001392
4,5,9,1,0|2|0|2|2,0|1|0|1|1,0,10,3.927196,0.001133,10,3.927074,0.000548
4,5,9,1,0|2|0|2|3,0|1|0|1|0,0,10,3.920380,0.000998,10,3.919979,0.001082
4,5,9,1,0|2|0|2|0,0|1|0|2|2,0,10,3.920514,0.001052,10,3.920934,0.000713
4,5,9,1,0|2|0|2|1,0|1|0|2|1,0,10,3.919457,0.001116,10,3.919985,0.001143
4,5,9,1,0|2|0|2|2,0|1|0|2|0,0,10,3.908786,0.001232,10,3.908976,0.000729
4,5,9,1,0|2|0|2|0,0|1|0|3|1,0,10,3.892532,0.000542,10,3.892651,0.000784
4,5,9,1,0|2|0|2|1,0|1|0|3|0,0,10,3.879953,0.000642,10,3.879481,0.000873
4,5,9,1,0|2|0|2|0,0|1|0|4|0,0,10,3.789333,0.000521,10,3.789492,0.000588
4,5,9,1,0|2|0|3|0,0|1|0|0|3,0,10,3.927162,0.001289,10,3.927300,0.000990
4,5,9,1,0|2|0|3|1,0|1|0|0|2,0,10,3.927449,0.000853,10,3.927247,0.001294
4,5,9,1,0|2|0|3|2,0|1|0|0|1,0,10,3.922774,0.000788,10,3.923434,0.001352
4,5,9,1,0|2|0|3|3,0|1|0|0|0,0,10,3.913631,0.000911,10,3.914020,0.001071
4,5,9,1,0|2|0|3|0,0|1|0|1|2,0,10,3.918868,0.000824,10,3.918956,0.000865
4,5,9,1,0|2|0|3|1,0|1|0|1|1,0,10,3.917760,0.000899,10,3.917479,0.000879
4,5,9,1,0|2|0|3|2,0|1|0|1|0,0,10,3.905949,0.000828,10,3.905321,0.000831
4,5,9,1,0|2|0|3|0,0|1|0|2|1,0,10,3.890914,0.000848,10,3.891235,0.000669
4,5,9,1,0|2|0|3|1,0|1|0|2|0,0,10,3.877927,0.000685,10,3.877595,0.000998
4,5,9,1,0|2|0|3|0,0|1|0|3|0,0,10,3.788482,0.000430,10,3.788492,0.000544
4,5,9,1,0|2|0|4|0,0|1|0|0|2,0,10,3.915821,0.000808,10,3.915986,0.001008
4,5,9,1,0|2|0|4|1,0|1|0|0|1,0,10,3.915105,0.000992,10,3.914881,0.001351
4,5,9,1,0|2|0|4|2,0|1|0|0|0,0,10,3.901092,0.001179,10,3.901547,0.000999
4,5,9,1,0|2|0|4|0,0|1|0|1|1,0,10,3.889001,0.000662,10,3.889573,0.000592
4,5,9,1,0|2|0|4|1,0|1|0|1|0,0,10,3.875507,0.000524,10,3.875967,0.000750
4,5,9,1,0|2|0|4|0,0|1|0|2|0,0,10,3.787271,0.000429,10,3.787236,0.000780
4,5,9,1,0|2|0|5|0,0|1|0|0|1,0,10,3.887366,0.000697,10,3.886776,0.000697
4,5,9,1,0|2|0|5|1,0|1|0|0|0,0,10,3.872759,0.000728,10,3.872814,0.000480
4,5,9,1,0|2|0|5|0,0|1|0|1|0,0,10,3.785570,0.000630,10,3.785653,0.000423
4,5,9,1,0|2|0|6|0,0|1|0|0|0,0,10,3.782801,0.000433,10,3.783024,0.000398
4,5,9,1,0|2|0|0|0,0|1|1|0|5,0,10,3.919488,0.000974,10,3.919222,0.000818
4,5,9,1,0|2|0|0|1,0|1|1|0|4,0,10,3.920113,0.000947,10,3.920506,0.001125
4,5,9,1,0|2|0|0|2,0|1|1|0|3,0,10,3.919807,0.000512,10,3.919891,0.000648
4,5,9,1,0|2|0|0|3,0|1|1|0|2,0,10,3.918688,0.001569,10,3.917917,0.001006
4,5,9,1,0|2|0|0|4,0|1|1|0|1,0,10,3.916315,0.000960,10,3.916527,0.001118
4,5,9,1,0|2|0|0|5,0|1|1|0|0,0,10,3.912778,0.001173,10,3.913508,0.001017
4,5,9,1,0|2|0|0|0,0|1|1|1|4,0,10,3.940227,0.001719,10,3.940586,0.001251
4,5,9,1,0|2|0|0|1,0|1|1|1|3,0,10,3.941320,0.001540,10,3.942232,0.000952
4,5,9,1,0|2|0|0|2,0|1|1|1|2,0,10,3.940676,0.000968,10,3.939961,0.001361
4,5,9,1,0|2|0|0|3,0|1|1|1|1,0,10,3.939065,0.000931,10,3.939045,0.000675
4,5,9,1,0|2|0|0|4,0|1|1|1|0,0,10,3.936484,0.000762,10,3.937404,0.001787
4,5,9,1,0|2|0|0|0,0|1|1|2|3,0,10,3.942232,0.000827,10,3.943136,0.001569
4,5,9,1,0|2|0|0|1,0|1|1|2|2,0,10,3.943688,0.000954,10,3.943303,0.000617
4,5,9,1,0|2|0|0|2,0|1|1|2|1,0,10,3.942099,0.000835,10,3.942238,0.001314
4,5,9,1,0|2|0|0|3,0|1|1|2|0,0,10,3.938003,0.000963,10,3.938053,0.001169
4,5,9,1,0|2|0|0|0,0|1|1|3|2,0,10,3.940023,0.000593,10,3.940440,0.000821
4,5,9,1,0|2|0|0|1,0|1|1|3|1,0,10,3.940579,0.000989,10,3.940014,0.000933
4,5,9,1,0|2|0|0|2,0|1|1|3|0,0,10,3.934561,0.000697,10,3.934601,0.000910
4,5,9,1,0|2|0|0|0,0|1|1|4|1,0,10,3.927624,0.000975,10,3.927725,0.001150
4,5,9,1,0|2|0|0|1,0|1|1|4|0,0,10,3.921758,0.000883,10,3.922202,0.000776
4,5,9,1,0|2|0|0|0,0|1|1|5|0,0,10,3.874443,0.000355,10,3.874459,0.001002
4,5,9,1,0|2|0|1|0,0|1|1|0|4,0,10,3.936262,0.000732,10,3.936663,0.001334
4,5,9,1,0|2|0|1|1,0|1|1|0|3,0,10,3.937514,0.001091,10,3.937410,0.000895
4,5,9,1,0|2|0|1|2,0|1|1|0|2,0,10,3.935910,0.001101,10,3.935494,0.000827
4,5,9,1,0|2|0|1|3,0|1|1|0|1,0,10,3.934722,0.001012,10,3.933978,0.001381
4,5,9,1,0|2|0|1|4,0|1|1|0|0,0,10,3.930304,0.001132,10,3.930318,0.001015
4,5,9,1,0|2|0|1|0,0|1|1|1|3,0,10,3.942249,0.000706,10,3.942445,0.001144
4,5,9,1,0|2|0|1|1,0|1|1|1|2,0,10,3.942694,0.000783,10,3.942523,0.000982
4,5,9,1,0|2|0|1|2,0|1|1|1|1,0,10,3.940604,0.001264,10,3.940588,0.001006
4,5,9,1,0|2|0|1|3,0|1|1|1|0,0,10,3.937926,0.001235,10,3.936962,0.000965
4,5,9,1,0|2|0|1|0,0|1|1|2|2,0,10,3.939830,0.000687,10,3.939808,0.001248
4,5,9,1,0|2|0|1|1,0|1|1|2|1,0,10,3.939331,0.001401,10,3.939827,0.001071
4,5,9,1,0|2|0|1|2,0|1|1|2|0,0,10,3.934273,0.000554,10,3.934176,0.001165
4,5,9,1,0|2|0|1|0,0|1|1|3|1,0,10,3.928169,0.000870,10,3.927473,0.000897
4,5,9,1,0|2|0|1|1,0|1|1|3|0,0,10,3.921347,0.000797,10,3.921986,0.000912
4,5,9,1,0|2|0|1|0,0|1|1|4|0,0,10,3.875734,0.000690,10,3.875619,0.000753
4,5,9,1,0|2|0|2|0,0|1|1|0|3,0,10,3.938293,0.001278,10,3.938290,0.000812
4,5,9,1,0|2|0|2|1,0|1|1|0|2,0,10,3.938240,0.001031,10,3.938107,0.001110
4,5,9,1,0|2|0|2|2,0|1|1|0|1,0,10,3.934886,0.001450,10,3.934997,0.001126
4,5,9,1,0|2|0|2|3,0|1|1|0|0,0,10,3.928308,0.001404,10,3.929409,0.001053
4,5,9,1,0|2|0|2|0,0|1|1|1|2,0,10,3.937746,0.001162,10,3.937095,0.001349
4,5,9,1,0|2|0|2|1,0|1|1|1|1,0,10,3.936879,0.000903,10,3.936549,0.001018
4,5,9,1,0|2|0|2|2,0|1|1|1|0,0,10,3.930484,0.000969,10,3.930854,0.001029
4,5,9,1,0|2|0|2|0,0|1|1|2|1,0,10,3.925855,0.001188,10,3.925745,0.000938
4,5,9,1,0|2|0|2|1,0|1|1|2|0,0,10,3.919322,0.000950,10,3.918888,0.001014
4,5,9,1,0|2|0|2|0,0|1|1|3|0,0,10,3.873966,0.000484,10,3.874246,0.000990
4,5,9,1,0|2|0|3|0,0|1|1|0|2,0,10,3.933170,0.000970,10,3.933396,0.000521
4,5,9,1,0|2|0|3|1,0|1|1|0|1,0,10,3.932647,0.000865,10,3.932565,0.001335
4,5,9,1,0|2|0|3|2,0|1|1|0|0,0,10,3.924086,0.000868,10,3.923595,0.000699
4,5,9,1,0|2|0|3|0,0|1|1|1|1,0,10,3.923537,0.001166,10,3.923379,0.000761
4,5,9,1,0|2|0|3|1,0|1|1|1|0,0,10,3.915601,0.000755,10,3.916006,0.000685
4,5,9,1,0|2|0|3|0,0|1|1|2|0,0,10,3.871664,0.000881,10,3.871972,0.000669
4,5,9,1,0|2|0|4|0,0|1|1|0|1,0,10,3.918647,0.000689,10,3.918576,0.000694
4,5,9,1,0|2|0|4|1,0|1|1|0|0,0,10,3.910195,0.001033,10,3.910270,0.000821
4,5,9,1,0|2|0|4|0,0|1|1|1|0,0,10,3.868346,0.000750,10,3.868557,0.000560
4,5,9,1,0|2|0|5|0,0|1|1|0|0,0,10,3.861978,0.000376,10,3.862356,0.000509
4,5,9,1,0|2|0|0|0,0|1|2|0|4,0,10,3.916454,0.001209,10,3.916659,0.001093
4,5,9,1,0|2|0|0|1,0|1|2|0|3,0,10,3.917503,0.001332,10,3.917658,0.001123
4,5,9,1,0|2|0|0|2,0|1|2|0|2,0,10,3.915495,0.000999,10,3.916086,0.001798
4,5,9,1,0|2|0|0|3,0|1|2|0|1,0,10,3.912858,0.001221,10,3.913256,0.001185
4,5,9,1,0|2|0|0|4,0|1|2|0|0,0,10,3.906590,0.000798,10,3.906703,0.001226
4,5,9,1,0|2|0|0|0,0|1|2|1|3,0,10,3.936106,0.001262,10,3.936639,0.001470
4,5,9,1,0|2|0|0|1,0|1|2|1|2,0,10,3.937347,0.000932,10,3.936756,0.001096
4,5,9,1,0|2|0|0|2,0|1|2|1|1,0,10,3.935204,0.000963,10,3.935227,0.001104
4,5,9,1,0|2|0|0|3,0|1|2|1|0,0,10,3.929884,0.001297,10,3.930552,0.001057
4,5,9,1,0|2|0|0|0,0|1|2|2|2,0,10,3.936860,0.000858,10,3.936539,0.000907
4,5,9,1,0|2|0|0|1,0|1|2|2|1,0,10,3.936325,0.001270,10,3.936102,0.000619
4,5,9,1,0|2|0|0|2,0|1|2|2|0,0,10,3.930367,0.001183,10,3.929906,0.000770
4,5,9,1,0|2|0|0|0,0|1|2|3|1,0,10,3.925848,0.000778,10,3.925211,0.000566
4,5,9,1,0|2|0|0|1,0|1|2|3|0,0,10,3.919013,0.001079,10,3.918927,0.000407
4,5,9,1,0|2|0|0|0,0|1|2|4|0,0,10,3.873615,0.000619,10,3.873871,0.000913
4,5,9,1,0|2|0|1|0,0|1|2|0|3,0,10,3.931469,0.001129,10,3.932143,0.000910
4,5,9,1,0|2|0|1|1,0|1|2|0|2,0,10,3.930904,0.001226,10,3.931232,0.001383
4,5,9,1,0|2|0|1|2,0|1|2|0|1,0,10,3.928198,0.001291,10,3.928062,0.000665
4,5,9,1,0|2|0|1|3,0|1|2|0|0,0,10,3.920637,0.001198,10,3.921567,0.000827
4,5,9,1,0|2|0|1|0,0|1|2|1|2,0,10,3.935681,0.001116,10,3.934491,0.001002
4,5,9,1,0|2|0|1|1,0|1|2|1|1,0,10,3.934360,0.000667,10,3.934130,0.001319
4,5,9,1,0|2|0|1|2,0|1|2|1|0,0,10,3.927554,0.000560,10,3.927613,0.000914
4,5,9,1,0|2|0|1|0,0|1|2|2|1,0,10,3.925303,0.000921,10,3.925077,0.000686
4,5,9,1,0|2|0|1|1,0|1|2|2|0,0,10,3.918642,0.000880,10,3.918498,0.000773
4,5,9,1,0|2|0|1|0,0|1|2|3|0,0,10,3.875841,0.000686,10,3.875522,0.000709
4,5,9,1,0|2|0|2|0,0|1|2|0|2,0,10,3.929457,0.001167,10,3.928967,0.000847
4,5,9,1,0|2|0|2|1,0|1|2|0|1,0,10,3.927119,0.000935,10,3.927349,0.001035
4,5,9,1,0|2|0|2|2,0|1|2|0|0,0,10,3.916884,0.001135,10,3.916894,0.001056
4,5,9,1,0|2|0|2|0,0|1|2|1|1,0,10,3.921014,0.000777,10,3.921158,0.000725
4,5,9,1,0|2|0|2|1,0|1|2|1|0,0,10,3.913156,0.001126,10,3.913293,0.000866
4,5,9,1,0|2|0|2|0,0|1|2|2|0,0,10,3.872293,0.000749,10,3.872091,0.000604
4,5,9,1,0|2|0|3|0,0|1|2|0|1,0,10,3.914667,0.001134,10,3.914957,0.000766
4,5,9,1,0|2|0|3|1,0|1|2|0|0,0,10,3.905000,0.000578,10,3.904687,0.000662
4,5,9,1,0|2|0|3|0,0|1|2|1|0,0,10,3.866570,0.000655,10,3.866982,0.000818
4,5,9,1,0|2|0|4|0,0|1|2|0|0,0,10,3.857184,0.000434,10,3.856936,0.000524
4,5,9,1,0|2|0|0|0,0|1|3|0|3,0,10,3.905243,0.001069,10,3.905161,0.001260
4,5,9,1,0|2|0|0|1,0|1|3|0|2,0,10,3.906666,0.000989,10,3.906704,0.000746
4,5,9,1,0|2|0|0|2,0|1|3|0|1,0,10,3.900792,0.000853,10,3.901328,0.000750
4,5,9,1,0|2|0|0|3,0|1|3|0|0,0,10,3.889512,0.000618,10,3.889112,0.001200
4,5,9,1,0|2|0|0|0,0|1|3|1|2,0,10,3.924871,0.000955,10,3.924384,0.000776
4,5,9,1,0|2|0|0|1,0|1|3|1|1,0,10,3.923852,0.001262,10,3.923626,0.001068
4,5,9,1,0|2|0|0|2,0|1|3|1|0,0,10,3.914896,0.000739,10,3.914537,0.000861
4,5,9,1,0|2|0|0|0,0|1|3|2|1,0,10,3.914848,0.000521,10,3.915482,0.000722
4,5,9,1,0|2|0|0|1,0|1|3|2|0,0,10,3.906317,0.000745,10,3.906589,0.000566
4,5,9,1,0|2|0|0|0,0|1|3|3|0,0,10,3.858527,0.000718,10,3.858538,0.000578
4,5,9,1,0|2|0|1|0,0|1|3|0|2,0,10,3.916623,0.000883,10,3.916565,0.001037
4,5,9,1,0|2|0|1|1,0|1|3|0|1,0,10,3.914063,0.001032,10,3.913877,0.001076
4,5,9,1,0|2|0|1|2,0|1|3|0|0,0,10,3.901135,0.000946,10,3.901439,0.000498
4,5,9,1,0|2|0|1|0,0|1|3|1|1,0,10,3.912758,0.000718,10,3.913441,0.000786
4,5,9,1,0|2|0|1|1,0|1|3|1|0,0,10,3.903058,0.000642,10,3.903225,0.000651
4,5,9,1,0|2|0|1|0,0|1|3|2|0,0,10,3.859356,0.000615,10,3.859640,0.000718
4,5,9,1,0|2|0|2|0,0|1|3|0|1,0,10,3.902408,0.000859,10,3.901688,0.000425
4,5,9,1,0|2|0|2|1,0|1|3|0|0,0,10,3.888644,0.000691,10,3.888511,0.000948
4,5,9,1,0|2|0|2|0,0|1|3|1|0,0,10,3.852222,0.000425,10,3.852512,0.000798
4,5,9,1,0|2|0|3|0,0|1|3|0|0,0,10,3.837889,0.000631,10,3.837300,0.000514
4,5,9,1,0|2|0|0|0,0|1|4|0|2,0,10,3.878593,0.001035,10,3.878557,0.000640
4,5,9,1,0|2|0|0|1,0|1|4|0|1,0,10,3.877107,0.000673,10,3.877087,0.000846
4,5,9,1,0|2|0|0|2,0|1|4|0|0,0,10,3.856362,0.000439,10,3.857181,0.000718
4,5,9,1,0|2|0|0|0,0|1|4|1|1,0,10,3.890861,0.000523,10,3.890910,0.000691
4,5,9,1,0|2|0|0|1,0|1|4|1|0,0,10,3.878615,0.000796,10,3.878819,0.000955
4,5,9,1,0|2|0|0|0,0|1|4|2|0,0,10,3.829446,0.000561,10,3.829332,0.000553
4,5,9,1,0|2|0|1|0,0|1|4|0|1,0,10,3.877352,0.000791,10,3.877506,0.000515
4,5,9,1,0|2|0|1|1,0|1|4|0|0,0,10,3.859406,0.000803,10,3.859219,0.000702
4,5,9,1,0|2|0|1|0,0|1|4|1|0,0,10,3.825829,0.000590,10,3.825787,0.000672
4,5,9,1,0|2|0|2|0,0|1|4|0|0,0,10,3.804734,0.000422,10,3.804989,0.000454
4,5,9,1,0|2|0|0|0,0|1|5|0|1,0,10,3.812160,0.000691,10,3.812532,0.000636
4,5,9,1,0|2|0|0|1,0|1|5|0|0,0,10,3.787879,0.000512,10,3.787764,0.000638
4,5,9,1,0|2|0|0|0,0|1|5|1|0,0,10,3.768533,0.000603,10,3.768485,0.000610
4,5,9,1,0|2|0|1|0,0|1|5|0|0,0,10,3.744192,0.000521,10,3.744386,0.000460
4,5,9,1,0|2|0|0|0,0|1|6|0|0,0,10,3.583623,0.000368,10,3.583840,0.000466
4,5,9,1,0|2|1|0|0,0|1|0|0|5,0,10,3.915950,0.000542,10,3.916406,0.001117
4,5,9,1,0|2|1|0|1,0|1|0|0|4,0,10,3.917496,0.001145,10,3.917532,0.000972
4,5,9,1,0|2|1|0|2,0|1|0|0|3,0,10,3.916060,0.001119,10,3.916162,0.001055
4,5,9,1,0|2|1|0|3,0|1|0|0|2,0,10,3.914139,0.001183,10,3.914450,0.001015
4,5,9,1,0|2|1|0|4,0|1|0|0|1,0,10,3.911907,0.001539,10,3.910784,0.000718
4,5,9,1,0|2|1|0|5,0|1|0|0|0,0,10,3.907924,0.001298,10,3.908515,0.001211
4,5,9,1,0|2|1|0|0,0|1|0|1|4,0,10,3.937891,0.000791,10,3.937799,0.001048
4,5,9,1,0|2|1|0|1,0|1|0|1|3,0,10,3.938807,0.000802,10,3.938758,0.001048
4,5,9,1,0|2|1|0|2,0|1|0|1|2,0,10,3.937990,0.001279,10,3.938091,0.000992
4,5,9,1,0|2|1|0|3,0|1|0|1|1,0,10,3.936707,0.001110,10,3.935877,0.001111
4,5,9,1,0|2|1|0|4,0|1|0|1|0,0,10,3.932911,0.001131,10,3.932253,0.001443
4,5,9,1,0|2|1|0|0,0|1|0|2|3,0,10,3.939795,0.001226,10,3.939965,0.001207
4,5,9,1,0|2|1|0|1,0|1|0|2|2,0,10,3.941507,0.000689,10,3.941262,0.000970
4,5,9,1,0|2|1|0|2,0|1|0|2|1,0,10,3.938488,0.001150,10,3.938868,0.001328
4,5,9,1,0|2|1|0|3,0|1|0|2|0,0,10,3.933484,0.000849,10,3.934124,0.000929
4,5,9,1,0|2|1|0|0,0|1|0|3|2,0,10,3.936415,0.001250,10,3.936334,0.001034
4,5,9,1,0|2|1|0|1,0|1|0|3|1,0,10,3.936137,0.000909,10,3.936513,0.000902
4,5,9,1,0|2|1|0|2,0|1|0|3|0,0,10,3.929177,0.000768,10,3.929253,0.000962
4,5,9,1,0|2|1|0|0,0|1|0|4|1,0,10,3.922338,0.001094,10,3.921947,0.000553
4,5,9,1,0|2|1|0|1,0|1|0|4|0,0,10,3.914533,0.000779,10,3.914959,0.000952
4,5,9,1,0|2|1|0|0,0|1|0|5|0,0,10,3.863388,0.000756,10,3.863693,0.000404
4,5,9,1,0|2|1|1|0,0|1|0|0|4,0,10,3.932483,0.001022,10,3.933145,0.000983
4,5,9,1,0|2|1|1|1,0|1|0|0|3,0,10,3.932960,0.000994,10,3.932585,0.000790
4,5,9,1,0|2|1|1|2,0|1|0|0|2,0,10,3.930544,0.001353,10,3.930787,0.001044
4,5,9,1,0|2|1|1|3,0|1|0|0|1,0,10,3.928598,0.001134,10,3.928058,0.000660
4,5,9,1,0|2|1|1|4,0|1|0|0|0,0,10,3.923211,0.001517,10,3.923303,0.001466
4,5,9,1,0|2|1|1|0,0|1|0|1|3,0,10,3.939014,0.000758,10,3.938403,0.001412
4,5,9,1,0|2|1|1|1,0|1|0|1|2,0,10,3.939063,0.001361,10,3.939028,0.001084
4,5,9,1,0|2|1|1|2,0|1|0|1|1,0,10,3.936327,0.001232,10,3.936644,0.001131
4,5,9,1,0|2|1|1|3,0|1|0|1|0,0,10,3.931638,0.000682,10,3.932080,0.001372
4,5,9,1,0|2|1|1|0,0|1|0|2|2,0,10,3.935422,0.001101,10,3.935354,0.000586
4,5,9,1,0|2|1|1|1,0|1|0|2|1,0,10,3.934415,0.000795,10,3.934524,0.001264
4,5,9,1,0|2|1|1|2,0|1|0|2|0,0,10,3.928479,0.000679,10,3.927942,0.000633
4,5,9,1,0|2|1|1|0,0|1|0|3|1,0,10,3.921390,0.000452,10,3.921034,0.000912
4,5,9,1,0|2|1|1|1,0|1|0|3|0,0,10,3.914012,0.000525,10,3.913854,0.000672
4,5,9,1,0|2|1|1|0,0|1|0|4|0,0,10,3.864452,0.000498,10,3.864647,0.000486
4,5,9,1,0|2|1|2|0,0|1|0|0|3,0,10,3.933278,0.000760,10,3.933688,0.001140
4,5,9,1,0|2|1|2|1,0|1|0|0|2,0,10,3.932889,0.001083,10,3.933408,0.001483
4,5,9,1,0|2|1|2|2,0|1|0|0|1,0,10,3.928822,0.001198,10,3.928812,0.001039
4,5,9,1,0|2|1|2|3,0|1|0|0|0,0,10,3.921055,0.000952,10,3.921015,0.001086
4,5,9,1,0|2|1|2|0,0|1|0|1|2,0,10,3.932263,0.000916,10,3.932491,0.000890
4,5,9,1,0|2|1|2|1,0|1|0|1|1,0,10,3.931519,0.001132,10,3.931609,0.000664
4,5,9,1,0|2|1|2|2,0|1|0|1|0,0,10,3.923647,0.000752,10,3.922706,0.000992
4,5,9,1,0|2|1|2|0,0|1|0|2|1,0,10,3.918877,0.001352,10,3.918714,0.000537
4,5,9,1,0|2|1|2|1,0|1|0|2|0,0,10,3.910079,0.000860,10,3.910294,0.000920
4,5,9,1,0|2|1|2|0,0|1|0|3|0,0,10,3.862260,0.000531,10,3.862339,0.000516
4,5,9,1,0|2|1|3|0,0|1|0|0|2,0,10,3.927142,0.000820,10,3.927396,0.000935
4,5,9,1,0|2|1|3|1,0|1|0|0|1,0,10,3.925670,0.000886,10,3.925417,0.001366
4,5,9,1,0|2|1|3|2,0|1|0|0|0,0,10,3.914034,0.000445,10,3.914511,0.000536
4,5,9,1,0|2|1|3|0,0|1|0|1|1,0,10,3.915354,0.000807,10,3.915638,0.000617
4,5,9,1,0|2|1|3|1,0|1|0|1|0,0,10,3.906456,0.001263,10,3.906416,0.000816
4,5,9,1,0|2|1|3|0,0|1|0|2|0,0,10,3.859486,0.000748,10,3.859104,0.000641
4,5,9,1,0|2|1|4|0,0|1|0|0|1,0,10,3.910447,0.000531,10,3.909858,0.000746
4,5,9,1,0|2|1|4|1,0|1|0|0|0,0,10,3.899221,0.000787,10,3.899668,0.000667
4,5,9,1,0|2|1|4|0,0|1|0|1|0,0,10,3.855392,0.000526,10,3.855150,0.000746
4,5,9,1,0|2|1|5|0,0|1|0|0|0,0,10,3.847957,0.000426,10,3.847871,0.000721
4,5,9,1,0|2|1|0|0,0|1|1|0|4,0,10,3.915716,0.001058,10,3.916505,0.001256
4,5,9,1,0|2|1|0|1,0|1|1|0|3,0,10,3.917167,0.001391,10,3.918287,0.000974
4,5,9,1,0|2|1|0|2,0|1|1|0|2,0,10,3.916046,0.001107,10,3.915417,0.001336
4,5,9,1,0|2|1|0|3,0|1|1|0|1,0,10,3.911972,0.001124,10,3.912280,0.001873
4,5,9,1,0|2|1|0|4,0|1|1|0|0,0,10,3.904828,0.001049,10,3.905278,0.000683
4,5,9,1,0|2|1|0|0,0|1|1|1|3,0,10,3.935310,0.001317,10,3.935131,0.000579
4,5,9,1,0|2|1|0|1,0|1|1|1|2,0,10,3.936406,0.001545,10,3.935983,0.000893
4,5,9,1,0|2|1|0|2,0|1|1|1|1,0,10,3.933530,0.001315,10,3.933647,0.000358
4,5,9,1,0|2|1|0|3,0|1|1|1|0,0,10,3.927686,0.000720,10,3.928782,0.000801
4,5,9,1,0|2|1|0|0,0|1|1|2|2,0,10,3.934820,0.001347,10,3.935355,0.001263
4,5,9,1,0|2|1|0|1,0|1|1|2|1,0,10,3.934723,0.000781,10,3.934943,0.001202
4,5,9,1,0|2|1|0|2,0|1|1|2|0,0,10,3.927901,0.000767,10,3.927534,0.001224
4,5,9,1,0|2|1|0|0,0|1|1|3|1,0,10,3.923868,0.000712,10,3.923455,0.000732
4,5,9,1,0|2|1|0|1,0|1|1|3|0,0,10,3.917054,0.000637,10,3.916676,0.000773
4,5,9,1,0|2|1|0|0,0|1|1|4|0,0,10,3.872193,0.000747,10,3.872374,0.000458
4,5,9,1,0|2|1|1|0,0|1|1|0|3,0,10,3.929420,0.001037,10,3.930039,0.000765
4,5,9,1,0|2|1|1|1,0|1|1|0|2,0,10,3.929330,0.001149,10,3.928903,0.001049
4,5,9,1,0|2|1|1|2,0|1|1|0|1,0,10,3.925112,0.000886,10,3.925360,0.001538
4,5,9,1,0|2|1|1|3,0|1|1|0|0,0,10,3.917817,0.001242,10,3.917741,0.000847
4,5,9,1,0|2|1|1|0,0|1|1|1|2,0,10,3.933284,0.000949,10,3.933106,0.001414
4,5,9,1,0|2|1|1|1,0|1|1|1|1,0,10,3.931824,0.000753,10,3.932130,0.000867
4,5,9,1,0|2|1|1|2,0|1|1|1|0,0,10,3.924234,0.000810,10,3.924842,0.000647
4,5,9,1,0|2|1|1|0,0|1|1|2|1,0,10,3.922489,0.001248,10,3.922559,0.000628
4,5,9,1,0|2|1|1|1,0|1|1|2|0,0,10,3.915305,0.000303,10,3.914808,0.000608
4,5,9,1,0|2|1|1|0,0|1|1|3|0,0,10,3.872713,0.000407,10,3.872750,0.000435
4,5,9,1,0|2|1|2|0,0|1|1|0|2,0,10,3.926791,0.000750,10,3.926321,0.000783
4,5,9,1,0|2|1|2|1,0|1|1|0|1,0,10,3.924312,0.000807,10,3.923456,0.000621
4,5,9,1,0|2|1|2|2,0|1|1|0|0,0,10,3.912315,0.000638,10,3.913207,0.000577
4,5,9,1,0|2|1|2|0,0|1|1|1|1,0,10,3.917942,0.000757,10,3.918014,0.001090
4,5,9,1,0|2|1|2|1,0|1|1|1|0,0,10,3.909431,0.000662,10,3.909629,0.000822
4,5,9,1,0|2|1|2|0,0|1|1|2|0,0,10,3.868770,0.000676,10,3.869037,0.000749
4,5,9,1,0|2|1|3|0,0|1|1|0|1,0,10,3.911087,0.000846,10,3.910465,0.000599
4,5,9,1,0|2|1|3|1,0|1|1|0|0,0,10,3.899615,0.000899,10,3.899698,0.000745
4,5,9,1,0|2|1|3|0,0|1|1|1|0,0,10,3.863551,0.000462,10,3.863241,0.000382
4,5,9,1,0|2|1|4|0,0|1|1|0|0,0,10,3.852860,0.000691,10,3.853347,0.000797
4,5,9,1,0|2|1|0|0,0|1|2|0|3,0,10,3.904780,0.000947,10,3.904847,0.001308
4,5,9,1,0|2|1|0|1,0|1|2|0|2,0,10,3.905237,0.000830,10,3.905283,0.001093
4,5,9,1,0|2|1|0|2,0|1|2|0|1,0,10,3.900399,0.001036,10,3.899355,0.000805
4,5,9,1,0|2|1|0|3,0|1|2|0|0,0,10,3.887965,0.000820,10,3.888303,0.000592
4,5,9,1,0|2|1|0|0,0|1|2|1|2,0,10,3.923133,0.001350,10,3.923260,0.000817
4,5,9,1,0|2|1|0|1,0|1|2|1|1,0,10,3.922639,0.000970,10,3.922208,0.000899
4,5,9,1,0|2|1|0|2,0|1|2|1|0,0,10,3.912719,0.000917,10,3.911925,0.000842
4,5,9,1,0|2|1|0|0,0|1|2|2|1,0,10,3.912733,0.000802,10,3.913073,0.000877
4,5,9,1,0|2|1|0|1,0|1|2|2|0,0,10,3.904046,0.000544,10,3.904134,0.000992
4,5,9,1,0|2|1|0|0,0|1|2|3|0,0,10,3.858252,0.000488,10,3.857785,0.000735
4,5,9,1,0|2|1|1|0,0|1|2|0|2,0,10,3.914225,0.000935,10,3.914657,0.000976
4,5,9,1,0|2|1|1|1,0|1|2|0|1,0,10,3.910684,0.001041,10,3.910575,0.000640
4,5,9,1,0|2|1|1|2,0|1|2|0|0,0,10,3.897956,0.000648,10,3.897179,0.000599
4,5,9,1,0|2|1|1|0,0|1|2|1|1,0,10,3.909860,0.000557,10,3.909181,0.000550
4,5,9,1,0|2|1|1|1,0|1|2|1|0,0,10,3.899130,0.000798,10,3.899766,0.000414
4,5,9,1,0|2|1|1|0,0|1|2|2|0,0,10,3.856994,0.000732,10,3.857264,0.000505
4,5,9,1,0|2|1|2|0,0|1|2|0|1,0,10,3.898498,0.000780,10,3.898597,0.000875
4,5,9,1,0|2|1|2|1,0|1|2|0|0,0,10,3.884089,0.000387,10,3.884504,0.000707
4,5,9,1,0|2|1|2|0,0|1|2|1|0,0,10,3.849810,0.000515,10,3.849757,0.000442
4,5,9,1,0|2|1|3|0,0|1|2|0|0,0,10,3.834620,0.000505,10,3.834805,0.000628
4,5,9,1,0|2|1|0|0,0|1|3|0|2,0,10,3.878646,0.000681,10,3.878547,0.000562
4,5,9,1,0|2|1|0|1,0|1|3|0|1,0,10,3.875631,0.000939,10,3.875465,0.000911
4,5,9,1,0|2|1|0|2,0|1|3|0|0,0,10,3.854874,0.000694,10,3.854822,0.000712
4,5,9,1,0|2|1|0|0,0|1|3|1|1,0,10,3.888540,0.001068,10,3.888677,0.000738
4,5,9,1,0|2|1|0|1,0|1|3|1|0,0,10,3.875792,0.000758,10,3.875822,0.000881
4,5,9,1,0|2|1|0|0,0|1|3|2|0,0,10,3.828043,0.000491,10,3.828290,0.000572
4,5,9,1,0|2|1|1|0,0|1|3|0|1,0,10,3.873935,0.000698,10,3.873980,0.000788
4,5,9,1,0|2|1|1|1,0|1|3|0|0,0,10,3.854741,0.000676,10,3.854541,0.000388
4,5,9,1,0|2|1|1|0,0|1|3|1|0,0,10,3.822659,0.000412,10,3.822568,0.000674
4,5,9,1,0|2|1|2|0,0|1|3|0|0,0,10,3.801299,0.000698,10,3.801314,0.000430
4,5,9,1,0|2|1|0|0,0|1|4|0|1,0,10,3.812062,0.000583,10,3.812251,0.000775
4,5,9,1,0|2|1|0|1,0|1|4|0|0,0,10,3.786622,0.000571,10,3.786144,0.000499
4,5,9,1,0|2|1|0|0,0|1|4|1|0,0,10,3.767553,0.000719,10,3.767703,0.000579
4,5,9,1,0|2|1|1|0,0|1|4|0|0,0,10,3.741381,0.000497,10,3.741232,0.000340
4,5,9,1,0|2|1|0|0,0|1|5|0|0,0,10,3.589091,0.000417,10,3.589195,0.000355
4,5,9,1,0|2|2|0|0,0|1|0|0|4,0,10,3.913887,0.001336,10,3.914355,0.000973
4,5,9,1,0|2|2|0|1,0|1|0|0|3,0,10,3.914730,0.000744,10,3.915286,0.000752
4,5,9,1,0|2|2|0|2,0|1|0|0|2,0,10,3.912589,0.000825,10,3.912320,0.001067
4,5,9,1,0|2|2|0|3,0|1|0|0|1,0,10,3.909319,0.000642,10,3.908814,0.000858
4,5,9,1,0|2|2|0|4,0|1|0|0|0,0,10,3.900615,0.000583,10,3.901106,0.000842
4,5,9,1,0|2|2|0|0,0|1|0|1|3,0,10,3.933324,0.000757,10,3.933258,0.000884
4,5,9,1,0|2|2|0|1,0|1|0|1|2,0,10,3.934222,0.000781,10,3.934217,0.000979
4,5,9,1,0|2|2|0|2,0|1|0|1|1,0,10,3.931389,0.001672,10,3.931640,0.000717
4,5,9,1,0|2|2|0|3,0|1|0|1|0,0,10,3.924808,0.000952,10,3.925157,0.000848
4,5,9,1,0|2|2|0|0,0|1|0|2|2,0,10,3.932458,0.001298,10,3.932330,0.001472
4,5,9,1,0|2|2|0|1,0|1|0|2|1,0,10,3.932497,0.000626,10,3.931759,0.000832
4,5,9,1,0|2|2|0|2,0|1|0|2|0,0,10,3.924372,0.000897,10,3.924534,0.000655
4,5,9,1,0|2|2|0|0,0|1|0|3|1,0,10,3.920630,0.000672,10,3.920369,0.000918
4,5,9,1,0|2|2|0|1,0|1|0|3|0,0,10,3.912333,0.000722,10,3.912322,0.000871
4,5,9,1,0|2|2|0|0,0|1|0|4|0,0,10,3.866469,0.000746,10,3.866711,0.000543
4,5,9,1,0|2|2|1|0,0|1|0|0|3,0,10,3.926445,0.001125,10,3.926601,0.000926
4,5,9,1,0|2|2|1|1,0|1|0|0|2,0,10,3.925569,0.000659,10,3.926004,0.000833
4,5,9,1,0|2|2|1|2,0|1|0|0|1,0,10,3.920968,0.000966,10,3.921799,0.000938
4,5,9,1,0|2|2|1|3,0|1|0|0|0,0,10,3.912719,0.000879,10,3.913022,0.001011
4,5,9,1,0|2|2|1|0,0|1|0|1|2,0,10,3.930644,0.000983,10,3.930995,0.000706
4,5,9,1,0|2|2|1|1,0|1|0|1|1,0,10,3.929174,0.000893,10,3.929643,0.000779
4,5,9,1,0|2|2|1|2,0|1|0|1|0,0,10,3.920218,0.001095,10,3.920724,0.000829
4,5,9,1,0|2|2|1|0,0|1|0|2|1,0,10,3.919028,0.000631,10,3.919098,0.000842
4,5,9,1,0|2|2|1|1,0|1|0|2|0,0,10,3.910487,0.000790,10,3.910821,0.000753
4,5,9,1,0|2|2|1|0,0|1|0|3|0,0,10,3.867657,0.000598,10,3.867325,0.000374
4,5,9,1,0|2|2|2|0,0|1|0|0|2,0,10,3.922022,0.001033,10,3.922496,0.000925
4,5,9,1,0|2|2|2|1,0|1|0|0|1,0,10,3.919531,0.000833,10,3.919370,0.000791
4,5,9,1,0|2|2|2|2,0|1|0|0|0,0,10,3.906585,0.000950,10,3.906886,0.000714
4,5,9,1,0|2|2|2|0,0|1|0|1|1,0,10,3.913844,0.001147,10,3.914118,0.000946
4,5,9,1,0|2|2|2|1,0|1|0|1|0,0,10,3.904375,0.000561,10,3.904094,0.000727
4,5,9,1,0|2|2|2|0,0|1|0|2|0,0,10,3.862256,0.000570,10,3.862132,0.000435
4,5,9,1,0|2|2|3|0,0|1|0|0|1,0,10,3.905276,0.000475,10,3.905175,0.000561
4,5,9,1,0|2|2|3|1,0|1|0|0|0,0,10,3.892614,0.000573,10,3.892754,0.000679
4,5,9,1,0|2|2|3|0,0|1|0|1|0,0,10,3.855942,0.000480,10,3.855991,0.000395
4,5,9,1,0|2|2|4|0,0|1|0|0|0,0,10,3.843445,0.000374,10,3.843994,0.000548
4,5,9,1,0|2|2|0|0,0|1|1|0|3,0,10,3.903598,0.000892,10,3.904400,0.000817
4,5,9,1,0|2|2|0|1,0|1|1|0|2,0,10,3.904767,0.000790,10,3.904339,0.000912
4,5,9,1,0|2|2|0|2,0|1|1|0|1,0,10,3.898771,0.000863,10,3.898538,0.001008
4,5,9,1,0|2|2|0|3,0|1|1|0|0,0,10,3.884893,0.001135,10,3.885191,0.000387
4,5,9,1,0|2|2|0|0,0|1|1|1|2,0,10,3.921623,0.000934,10,3.922459,0.000869
4,5,9,1,0|2|2|0|1,0|1|1|1|1,0,10,3.920728,0.001023,10,3.921075,0.000925
4,5,9,1,0|2|2|0|2,0|1|1|1|0,0,10,3.910543,0.000538,10,3.909801,0.000670
4,5,9,1,0|2|2|0|0,0|1|1|2|1,0,10,3.911178,0.000619,10,3.911752,0.000823
4,5,9,1,0|2|2|0|1,0|1|1|2|0,0,10,3.901846,0.000506,10,3.901892,0.000891
4,5,9,1,0|2|2|0|0,0|1|1|3|0,0,10,3.855200,0.000676,10,3.854911,0.000598
4,5,9,1,0|2|2|1|0,0|1|1|0|2,0,10,3.912769,0.001011,10,3.912195,0.000871
4,5,9,1,0|2|2|1|1,0|1|1|0|1,0,10,3.908301,0.000921,10,3.908458,0.000677
4,5,9,1,0|2|2|1|2,0|1|1|0|0,0,10,3.894087,0.000606,10,3.894385,0.001059
4,5,9,1,0|2|2|1|0,0|1|1|1|1,0,10,3.907548,0.000721,10,3.907714,0.000666
4,5,9,1,0|2|2|1|1,0|1|1|1|0,0,10,3.896487,0.000602,10,3.896746,0.000464
4,5,9,1,0|2|2|1|0,0|1|1|2|0,0,10,3.854454,0.000448,10,3.854297,0.000496
4,5,9,1,0|2|2|2|0,0|1|1|0|1,0,10,3.895361,0.000682,10,3.895323,0.001166
4,5,9,1,0|2|2|2|1,0|1|1|0|0,0,10,3.880460,0.000634,10,3.880167,0.000756
4,5,9,1,0|2|2|2|0,0|1|1|1|0,0,10,3.845844,0.000592,10,3.845910,0.000395
4,5,9,1,0|2|2|3|0,0|1|1|0|0,0,10,3.829343,0.000626,10,3.829564,0.000715
4,5,9,1,0|2|2|0|0,0|1|2|0|2,0,10,3.876845,0.000966,10,3.877062,0.001041
4,5,9,1,0|2|2|0|1,0|1|2|0|1,0,10,3.874224,0.000607,10,3.874610,0.000668
4,5,9,1,0|2|2|0|2,0|1|2|0|0,0,10,3.852060,0.000759,10,3.852555,0.000691
4,5,9,1,0|2|2|0|0,0|1|2|1|1,0,10,3.887255,0.000462,10,3.886855,0.000547
4,5,9,1,0|2|2|0|1,0|1|2|1|0,0,10,3.873756,0.000572,10,3.873884,0.000760
4,5,9,1,0|2|2|0|0,0|1|2|2|0,0,10,3.825937,0.000708,10,3.826274,0.000279
4,5,9,1,0|2|2|1|0,0|1|2|0|1,0,10,3.871521,0.000900,10,3.871788,0.000498
4,5,9,1,0|2|2|1|1,0|1|2|0|0,0,10,3.851932,0.000569,10,3.851719,0.000630
4,5,9,1,0|2|2|1|0,0|1|2|1|0,0,10,3.820686,0.000533,10,3.820825,0.000665
4,5,9,1,0|2|2|2|0,0|1|2|0|0,0,10,3.797441,0.000576,10,3.797568,0.000682
4,5,9,1,0|2|2|0|0,0|1|3|0|1,0,10,3.811743,0.000650,10,3.811341,0.000613
4,5,9,1,0|2|2|0|1,0|1|3|0|0,0,10,3.785007,0.000375,10,3.784844,0.000524
4,5,9,1,0|2|2|0|0,0|1|3|1|0,0,10,3.766896,0.000520,10,3.766781,0.000518
4,5,9,1,0|2|2|1|0,0|1|3|0|0,0,10,3.739297,0.000594,10,3.739078,0.000201
4,5,9,1,0|2|2|0|0,0|1|4|0|0,0,10,3.591771,0.000734,10,3.591780,0.000458
4,5,9,1,0|2|3|0|0,0|1|0|0|3,0,10,3.902342,0.001211,10,3.902666,0.000992
4,5,9,1,0|2|3|0|1,0|1|0|0|2,0,10,3.902840,0.001218,10,3.903806,0.000920
4,5,9,1,0|2|3|0|2,0|1|0|0|1,0,10,3.896852,0.000841,10,3.897138,0.001057
4,5,9,1,0|2|3|0|3,0|1|0|0|0,0,10,3.883092,0.000544,10,3.883075,0.000911
4,5,9,1,0|2|3|0|0,0|1|0|1|2,0,10,3.921018,0.001083,10,3.920364,0.000941
4,5,9,1,0|2|3|0|1,0|1|0|1|1,0,10,3.919731,0.000981,10,3.919698,0.001084
4,5,9,1,0|2|3|0|2,0|1|0|1|0,0,10,3.908385,0.000533,10,3.908379,0.000722
4,5,9,1,0|2|3|0|0,0|1|0|2|1,0,10,3.909638,0.000631,10,3.909261,0.000622
4,5,9,1,0|2|3|0|1,0|1|0|2|0,0,10,3.900302,0.000476,10,3.899774,0.000588
4,5,9,1,0|2|3|0|0,0|1|0|3|0,0,10,3.852255,0.000258,10,3.852077,0.000630
4,5,9,1,0|2|3|1|0,0|1|0|0|2,0,10,3.911462,0.000953,10,3.911023,0.000792
4,5,9,1,0|2|3|1|1,0|1|0|0|1,0,10,3.906875,0.000705,10,3.907090,0.000655
4,5,9,1,0|2|3|1|2,0|1|0|0|0,0,10,3.891371,0.001117,10,3.891631,0.000649
4,5,9,1,0|2|3|1|0,0|1|0|1|1,0,10,3.906022,0.001059,10,3.906639,0.001037
4,5,9,1,0|2|3|1|1,0|1|0|1|0,0,10,3.895286,0.000665,10,3.895369,0.000738
4,5,9,1,0|2|3|1|0,0|1|0|2|0,0,10,3.852371,0.000507,10,3.852059,0.000557
4,5,9,1,0|2|3|2|0,0|1|0|0|1,0,10,3.892959,0.000820,10,3.892980,0.000407
4,5,9,1,0|2|3|2|1,0|1|0|0|0,0,10,3.876582,0.000603,10,3.876711,0.000767
4,5,9,1,0|2|3|2|0,0|1|0|1|0,0,10,3.843070,0.000472,10,3.843028,0.000681
4,5,9,1,0|2|3|3|0,0|1|0|0|0,0,10,3.824715,0.000486,10,3.824820,0.000706
4,5,9,1,0|2|3|0|0,0|1|1|0|2,0,10,3.876469,0.000777,10,3.876811,0.000716
4,5,9,1,0|2|3|0|1,0|1|1|0|1,0,10,3.873218,0.000722,10,3.873951,0.001031
4,5,9,1,0|2|3|0|2,0|1|1|0|0,0,10,3.851032,0.000883,10,3.851178,0.000482
4,5,9,1,0|2|3|0|0,0|1|1|1|1,0,10,3.886459,0.000714,10,3.886267,0.000645
4,5,9,1,0|2|3|0|1,0|1|1|1|0,0,10,3.872909,0.000816,10,3.872502,0.000724
4,5,9,1,0|2|3|0|0,0|1|1|2|0,0,10,3.824967,0.000471,10,3.824360,0.000322
4,5,9,1,0|2|3|1|0,0|1|1|0|1,0,10,3.870566,0.000746,10,3.870759,0.000556
4,5,9,1,0|2|3|1|1,0|1|1|0|0,0,10,3.850325,0.000772,10,3.850269,0.000625
4,5,9,1,0|2|3|1|0,0|1|1|1|0,0,10,3.819974,0.000357,10,3.819558,0.000465
4,5,9,1,0|2|3|2|0,0|1|1|0|0,0,10,3.795439,0.000429,10,3.795542,0.000479
4,5,9,1,0|2|3|0|0,0|1|2|0|1,0,10,3.811162,0.000605,10,3.810960,0.000605
4,5,9,1,0|2|3|0|1,0|1|2|0|0,0,10,3.784712,0.000791,10,3.784692,0.000621
4,5,9,1,0|2|3|0|0,0|1|2|1|0,0,10,3.766386,0.000521,10,3.766313,0.000538
4,5,9,1,0|2|3|1|0,0|1|2|0|0,0,10,3.738461,0.000347,10,3.738355,0.000482
4,5,9,1,0|2|3|0|0,0|1|3|0|0,0,10,3.592821,0.000353,10,3.592845,0.000557
4,5,9,1,0|2|4|0|0,0|1|0|0|2,0,10,3.876052,0.000843,10,3.875902,0.000732
4,5,9,1,0|2|4|0|1,0|1|0|0|1,0,10,3.873210,0.000891,10,3.872943,0.000751
4,5,9,1,0|2|4|0|2,0|1|0|0|0,0,10,3.849754,0.000860,10,3.849912,0.000972
4,5,9,1,0|2|4|0|0,0|1|0|1|1,0,10,3.885949,0.000499,10,3.885786,0.000710
4,5,9,1,0|2|4|0|1,0|1|0|1|0,0,10,3.871919,0.000502,10,3.872117,0.000635
4,5,9,1,0|2|4|0|0,0|1|0|2|0,0,10,3.823815,0.000479,10,3.823745,0.000637
4,5,9,1,0|2|4|1|0,0|1|0|0|1,0,10,3.870003,0.000753,10,3.869650,0.000719
4,5,9,1,0|2|4|1|1,0|1|0|0|0,0,10,3.849367,0.000505,10,3.849386,0.000569
4,5,9,1,0|2|4|1|0,0|1|0|1|0,0,10,3.818664,0.000419,10,3.818715,0.000484
4,5,9,1,0|2|4|2|0,0|1|0|0|0,0,10,3.793751,0.000361,10,3.793919,0.000453
4,5,9,1,0|2|4|0|0,0|1|1|0|1,0,10,3.811018,0.000352,10,3.810832,0.000568
4,5,9,1,0|2|4|0|1,0|1|1|0|0,0,10,3.784373,0.000368,10,3.784618,0.000746
4,5,9,1,0|2|4|0|0,0|1|1|1|0,0,10,3.765780,0.000590,10,3.765575,0.000470
4,5,9,1,0|2|4|1|0,0|1|1|0|0,0,10,3.737976,0.000389,10,3.738299,0.000499
4,5,9,1,0|2|4|0|0,0|1|2|0|0,0,10,3.593365,0.000482,10,3.592839,0.000559
4,5,9,1,0|2|5|0|0,0|1|0|0|1,0,10,3.810125,0.000414,10,3.810808,0.000406
4,5,9,1,0|2|5|0|1,0|1|0|0|0,0,10,3.783670,0.000660,10,3.783975,0.000548
4,5,9,1,0|2|5|0|0,0|1|0|1|0,0,10,3.765309,0.000428,10,3.765615,0.000463
4,5,9,1,0|2|5|1|0,0|1|0|0|0,0,10,3.737617,0.000458,10,3.737622,0.000461
4,5,9,1,0|2|5|0|0,0|1|1|0|0,0,10,3.593109,0.000627,10,3.593108,0.000323
4,5,9,1,0|2|6|0|0,0|1|0|0|0,0,10,3.592932,0.000640,10,3.593036,0.000399
4,5,9,1,0|2|0|0|0,0|2|0|0|5,0,10,3.887102,0.000927,10,3.887287,0.001054
4,5,9,1,0|2|0|0|1,0|2|0|0|4,0,10,3.889407,0.000566,10,3.888694,0.000979
4,5,9,1,0|2|0|0|2,0|2|0|0|3,0,10,3.888018,0.000960,10,3.888768,0.000791
4,5,9,1,0|2|0|0|3,0|2|0|0|2,0,10,3.885443,0.000859,10,3.886535,0.001319
4,5,9,1,0|2|0|0|4,0|2|0|0|1,0,10,3.882672,0.001169,10,3.882825,0.000908
4,5,9,1,0|2|0|0|5,0|2|0|0|0,0,10,3.876636,0.001144,10,3.876411,0.000851
4,5,9,1,0|2|0|0|0,0|2|0|1|4,0,10,3.925907,0.001593,10,3.925781,0.001564
4,5,9,1,0|2|0|0|1,0|2|0|1|3,0,10,3.926860,0.000661,10,3.927755,0.000899
4,5,9,1,0|2|0|0|2,0|2|0|1|2,0,10,3.925564,0.001217,10,3.927120,0.001280
4,5,9,1,0|2|0|0|3,0|2|0|1|1,0,10,3.923369,0.001199,10,3.924092,0.001298
4,5,9,1,0|2|0|0|4,0|2|0|1|0,0,10,3.918752,0.001219,10,3.919249,0.000714
4,5,9,1,0|2|0|0|0,0|2|0|2|3,0,10,3.927231,0.000725,10,3.927579,0.000836
4,5,9,1,0|2|0|0|1,0|2|0|2|2,0,10,3.928055,0.001419,10,3.928854,0.000849
4,5,9,1,0|2|0|0|2,0|2|0|2|1,0,10,3.925021,0.000592,10,3.925687,0.001017
4,5,9,1,0|2|0|0|3,0|2|0|2|0,0,10,3.917899,0.001013,10,3.918827,0.000724
4,5,9,1,0|2|0|0|0,0|2|0|3|2,0,10,3.918411,0.000857,10,3.918421,0.001419
4,5,9,1,0|2|0|0|1,0|2|0|3|1,0,10,3.918275,0.000580,10,3.918112,0.000756
4,5,9,1,0|2|0|0|2,0|2|0|3|0,0,10,3.907258,0.001094,10,3.906523,0.000959
4,5,9,1,0|2|0|0|0,0|2|0|4|1,0,10,3.890796,0.000844,10,3.890915,0.000608
4,5,9,1,0|2|0|0|1,0|2|0|4|0,0,10,3.878282,0.000637,10,3.878663,0.000484
4,5,9,1,0|2|0|0|0,0|2|0|5|0,0,10,3.782414,0.000491,10,3.782615,0.000498
4,5,9,1,0|2|0|1|0,0|2|0|0|4,0,10,3.920645,0.001079,10,3.920708,0.001359
4,5,9,1,0|2|0|1|1,0|2|0|0|3,0,10,3.921367,0.000706,10,3.921405,0.000813
4,5,9,1,0|2|0|1|2,0|2|0|0|2,0,10,3.918379,0.001090,10,3.919902,0.000941
4,5,9,1,0|2|0|1|3,0|2|0|0|1,0,10,3.915275,0.001095,10,3.916180,0.000889
4,5,9,1,0|2|0|1|4,0|2|0|0|0,0,10,3.908879,0.001139,10,3.909018,0.001321
4,5,9,1,0|2|0|1|0,0|2|0|1|3,0,10,3.926423,0.000816,10,3.926447,0.000696
4,5,9,1,0|2|0|1|1,0|2|0|1|2,0,10,3.926938,0.000981,10,3.927857,0.001534
4,5,9,1,0|2|0|1|2,0|2|0|1|1,0,10,3.923720,0.001079,10,3.923783,0.000781
4,5,9,1,0|2|0|1|3,0|2|0|1|0,0,10,3.916132,0.001163,10,3.916523,0.000459
4,5,9,1,0|2|0|1|0,0|2|0|2|2,0,10,3.918250,0.000902,10,3.918611,0.000873
4,5,9,1,0|2|0|1|1,0|2|0|2|1,0,10,3.916776,0.001072,10,3.916820,0.001130
4,5,9,1,0|2|0|1|2,0|2|0|2|0,0,10,3.906019,0.000661,10,3.906041,0.001089
4,5,9,1,0|2|0|1|0,0|2|0|3|1,0,10,3.890532,0.000638,10,3.890541,0.000749
4,5,9,1,0|2|0|1|1,0|2|0|3|0,0,10,3.877458,0.000684,10,3.877031,0.000689
4,5,9,1,0|2|0|1|0,0|2|0|4|0,0,10,3.784207,0.000600,10,3.784211,0.000523
4,5,9,1,0|2|0|2|0,0|2|0|0|3,0,10,3.920717,0.000822,10,3.921445,0.001193
4,5,9,1,0|2|0|2|1,0|2|0|0|2,0,10,3.921197,0.001101,10,3.920954,0.000904
4,5,9,1,0|2|0|2|2,0|2|0|0|1,0,10,3.915286,0.000986,10,3.916372,0.000921
4,5,9,1,0|2|0|2|3,0|2|0|0|0,0,10,3.905011,0.000990,10,3.905445,0.000739
4,5,9,1,0|2|0|2|0,0|2|0|1|2,0,10,3.915278,0.001122,10,3.915205,0.000934
4,5,9,1,0|2|0|2|1,0|2|0|1|1,0,10,3.913341,0.001080,10,3.913851,0.000751
4,5,9,1,0|2|0|2|2,0|2|0|1|0,0,10,3.901015,0.000460,10,3.901599,0.001053
4,5,9,1,0|2|0|2|0,0|2|0|2|1,0,10,3.887668,0.000719,10,3.887837,0.000589
4,5,9,1,0|2|0|2|1,0|2|0|2|0,0,10,3.873667,0.000782,10,3.874239,0.000743
4,5,9,1,0|2|0|2|0,0|2|0|3|0,0,10,3.783226,0.000473,10,3.783475,0.000391
4,5,9,1,0|2|0|3|0,0|2|0|0|2,0,10,3.910454,0.000807,10,3.910491,0.000834
4,5,9,1,0|2|0|3|1,0|2|0|0|1,0,10,3.909110,0.000856,10,3.909299,0.000683
4,5,9,1,0|2|0|3|2,0|2|0|0|0,0,10,3.893535,0.000579,10,3.893223,0.000935
4,5,9,1,0|2|0|3|0,0|2|0|1|1,0,10,3.885078,0.000647,10,3.884951,0.000599
4,5,9,1,0|2|0|3|1,0|2|0|1|0,0,10,3.870579,0.000518,10,3.871034,0.000711
4,5,9,1,0|2|0|3|0,0|2|0|2|0,0,10,3.781618,0.000284,10,3.781535,0.000580
4,5,9,1,0|2|0|4|0,0|2|0|0|1,0,10,3.881110,0.000775,10,3.881106,0.000547
4,5,9,1,0|2|0|4|1,0|2|0|0|0,0,10,3.865591,0.000444,10,3.865364,0.000809
4,5,9,1,0|2|0|4|0,0|2|0|1|0,0,10,3.779240,0.000491,10,3.779028,0.000403
4,5,9,1,0|2|0|5|0,0|2|0|0|0,0,10,3.774364,0.000392,10,3.774210,0.000553
4,5,9,1,0|2|0|0|0,0|2|1|0|4,0,10,3.911419,0.001440,10,3.911032,0.000953
4,5,9,1,0|2|0|0|1,0|2|1|0|3,0,10,3.913346,0.001375,10,3.912584,0.001138
4,5,9,1,0|2|0|0|2,0|2|1|0|2,0,10,3.910732,0.001031,10,3.910807,0.001039
4,5,9,1,0|2|0|0|3,0|2|1|0|1,0,10,3.907666,0.000822,10,3.908144,0.001265
4,5,9,1,0|2|0|0|4,0|2|1|0|0,0,10,3.900784,0.000893,10,3.901544,0.000831
4,5,9,1,0|2|0|0|0,0|2|1|1|3,0,10,3.933442,0.001307,10,3.933997,0.001919
4,5,9,1,0|2|0|0|1,0|2|1|1|2,0,10,3.934626,0.000303,10,3.934756,0.001462
4,5,9,1,0|2|0|0|2,0|2|1|1|1,0,10,3.932363,0.000869,10,3.932117,0.001522
4,5,9,1,0|2|0|0|3,0|2|1|1|0,0,10,3.926433,0.001264,10,3.926717,0.000763
4,5,9,1,0|2|0|0|0,0|2|1|2|2,0,10,3.933033,0.001031,10,3.933268,0.001233
4,5,9,1,0|2|0|0|1,0|2|1|2|1,0,10,3.933213,0.001099,10,3.933377,0.001034
4,5,9,1,0|2|0|0|2,0|2|1|2|0,0,10,3.925379,0.001085,10,3.925816,0.000922
4,5,9,1,0|2|0|0|0,0|2|1|3|1,0,10,3.920605,0.000862,10,3.920181,0.001059
4,5,9,1,0|2|0|0|1,0|2|1|3|0,0,10,3.913262,0.000913,10,3.913509,0.001098
4,5,9,1,0|2|0|0|0,0|2|1|4|0,0,10,3.862803,0.000635,10,3.862631,0.000479
4,5,9,1,0|2|0|1|0,0|2|1|0|3,0,10,3.928021,0.001157,10,3.929098,0.000500
4,5,9,1,0|2|0|1|1,0|2|1|0|2,0,10,3.928398,0.001476,10,3.928179,0.001488
4,5,9,1,0|2|0|1|2,0|2|1|0|1,0,10,3.924411,0.000829,10,3.924644,0.000987
4,5,9,1,0|2|0|1|3,0|2|1|0|0,0,10,3.916783,0.001074,10,3.917207,0.000871
4,5,9,1,0|2|0|1|0,0|2|1|1|2,0,10,3.931692,0.001400,10,3.932161,0.000904
4,5,9,1,0|2|0|1|1,0|2|1|1|1,0,10,3.931086,0.000975,10,3.930371,0.000688
4,5,9,1,0|2|0|1|2,0|2|1|1|0,0,10,3.923174,0.001012,10,3.923902,0.000904
4,5,9,1,0|2|0|1|0,0|2|1|2|1,0,10,3.919905,0.000613,10,3.920098,0.000867
4,5,9,1,0|2|0|1|1,0|2|1|2|0,0,10,3.912242,0.000500,10,3.912121,0.000626
4,5,9,1,0|2|0|1|0,0|2|1|3|0,0,10,3.863687,0.000608,10,3.864091,0.000493
4,5,9,1,0|2|0|2|0,0|2|1|0|2,0,10,3.925243,0.001085,10,3.925058,0.000869
4,5,9,1,0|2|0|2|1,0|2|1|0|1,0,10,3.923715,0.000830,10,3.923576,0.001145
4,5,9,1,0|2|0|2|2,0|2|1|0|0,0,10,3.912166,0.000698,10,3.912409,0.000500
4,5,9,1,0|2|0|2|0,0|2|1|1|1,0,10,3.916487,0.000922,10,3.915840,0.001004
4,5,9,1,0|2|0|2|1,0|2|1|1|0,0,10,3.907420,0.000860,10,3.907372,0.000869
4,5,9,1,0|2|0|2|0,0|2|1|2|0,0,10,3.860495,0.000745,10,3.860588,0.000715
4,5,9,1,0|2|0|3|0,0|2|1|0|1,0,10,3.909530,0.000618,10,3.908877,0.000878
4,5,9,1,0|2|0|3|1,0|2|1|0|0,0,10,3.898110,0.000628,10,3.898375,0.000912
4,5,9,1,0|2|0|3|0,0|2|1|1|0,0,10,3.855749,0.000531,10,3.855753,0.000692
4,5,9,1,0|2|0|4|0,0|2|1|0|0,0,10,3.846173,0.000586,10,3.846381,0.000496
4,5,9,1,0|2|0|0|0,0|2|2|0|3,0,10,3.903109,0.000880,10,3.903582,0.000906
4,5,9,1,0|2|0|0|1,0|2|2|0|2,0,10,3.904213,0.001000,10,3.905110,0.000719
4,5,9,1,0|2|0|0|2,0|2|2|0|1,0,10,3.899330,0.001214,10,3.898776,0.001012
4,5,9,1,0|2|0|0|3,0|2|2|0|0,0,10,3.887495,0.000814,10,3.887976,0.001439
4,5,9,1,0|2|0|0|0,0|2|2|1|2,0,10,3.923619,0.000742,10,3.923668,0.000949
4,5,9,1,0|2|0|0|1,0|2|2|1|1,0,10,3.922538,0.001186,10,3.922611,0.001195
4,5,9,1,0|2|0|0|2,0|2|2|1|0,0,10,3.913403,0.000840,10,3.913356,0.000940
4,5,9,1,0|2|0|0|0,0|2|2|2|1,0,10,3.913252,0.000939,10,3.913236,0.000733
4,5,9,1,0|2|0|0|1,0|2|2|2|0,0,10,3.904553,0.000823,10,3.904666,0.000718
4,5,9,1,0|2|0|0|0,0|2|2|3|0,0,10,3.855954,0.000549,10,3.855958,0.000501
4,5,9,1,0|2|0|1|0,0|2|2|0|2,0,10,3.915139,0.000657,10,3.915208,0.000857
4,5,9,1,0|2|0|1|1,0|2|2|0|1,0,10,3.912514,0.000630,10,3.912485,0.000667
4,5,9,1,0|2|0|1|2,0|2|2|0|0,0,10,3.899564,0.000832,10,3.900002,0.000907
4,5,9,1,0|2|0|1|0,0|2|2|1|1,0,10,3.911371,0.001299,10,3.910904,0.000889
4,5,9,1,0|2|0|1|1,0|2|2|1|0,0,10,3.900607,0.000614,10,3.901617,0.000552
4,5,9,1,0|2|0|1|0,0|2|2|2|0,0,10,3.856385,0.000980,10,3.856610,0.000515
4,5,9,1,0|2|0|2|0,0|2|2|0|1,0,10,3.900645,0.000799,10,3.900411,0.000843
4,5,9,1,0|2|0|2|1,0|2|2|0|0,0,10,3.886898,0.000843,10,3.886672,0.000857
4,5,9,1,0|2|0|2|0,0|2|2|1|0,0,10,3.849459,0.000565,10,3.849602,0.000593
4,5,9,1,0|2|0|3|0,0|2|2|0|0,0,10,3.834876,0.000447,10,3.834870,0.000525
4,5,9,1,0|2|0|0|0,0|2|3|0|2,0,10,3.878070,0.000902,10,3.878127,0.000798
4,5,9,1,0|2|0|0|1,0|2|3|0|1,0,10,3.876127,0.000848,10,3.876787,0.000589
4,5,9,1,0|2|0|0|2,0|2|3|0|0,0,10,3.855969,0.000697,10,3.855937,0.000519
4,5,9,1,0|2|0|0|0,0|2|3|1|1,0,10,3.890188,0.000796,10,3.890102,0.000971
4,5,9,1,0|2|0|0|1,0|2|3|1|0,0,10,3.877858,0.000781,10,3.877466,0.000553
4,5,9,1,0|2|0|0|0,0|2|3|2|0,0,10,3.828233,0.000412,10,3.828268,0.000519
4,5,9,1,0|2|0|1|0,0|2|3|0|1,0,10,3.876902,0.000829,10,3.877245,0.000670
4,5,9,1,0|2|0|1|1,0|2|3|0|0,0,10,3.858680,0.000813,10,3.858806,0.000550
4,5,9,1,0|2|0|1|0,0|2|3|1|0,0,10,3.824825,0.000495,10,3.824801,0.000610
4,5,9,1,0|2|0|2|0,0|2|3|0|0,0,10,3.803768,0.000346,10,3.803768,0.000521
4,5,9,1,0|2|0|0|0,0|2|4|0|1,0,10,3.811893,0.000494,10,3.811920,0.000529
4,5,9,1,0|2|0|0|1,0|2|4|0|0,0,10,3.787646,0.000341,10,3.787524,0.000493
4,5,9,1,0|2|0|0|0,0|2|4|1|0,0,10,3.768064,0.000574,10,3.768089,0.000466
4,5,9,1,0|2|0|1|0,0|2|4|0|0,0,10,3.743673,0.000256,10,3.743577,0.000445
4,5,9,1,0|2|0|0|0,0|2|5|0|0,0,10,3.582947,0.000500,10,3.583135,0.000333
4,5,9,1,0|2|1|0|0,0|2|0|0|4,0,10,3.908205,0.000927,10,3.907377,0.001507
4,5,9,1,0|2|1|0|1,0|2|0|0|3,0,10,3.908617,0.000733,10,3.908276,0.001010
4,5,9,1,0|2|1|0|2,0|2|0|0|2,0,10,3.906943,0.001130,10,3.906341,0.000921
4,5,9,1,0|2|1|0|3,0|2|0|0|1,0,10,3.901765,0.000687,10,3.901966,0.001112
4,5,9,1,0|2|1|0|4,0|2|0|0|0,0,10,3.893924,0.001058,10,3.894107,0.000852
4,5,9,1,0|2|1|0|0,0|2|0|1|3,0,10,3.930456,0.000589,10,3.929828,0.001787
4,5,9,1,0|2|1|0|1,0|2|0|1|2,0,10,3.930577,0.000679,10,3.930856,0.000822
4,5,9,1,0|2|1|0|2,0|2|0|1|1,0,10,3.927749,0.000841,10,3.927247,0.001314
4,5,9,1,0|2|1|0|3,0|2|0|1|0,0,10,3.920913,0.001236,10,3.921659,0.001220
4,5,9,1,0|2|1|0|0,0|2|0|2|2,0,10,3.929158,0.000893,10,3.929001,0.000773
4,5,9,1,0|2|1|0|1,0|2|0|2|1,0,10,3.928534,0.000900,10,3.928237,0.001006
4,5,9,1,0|2|1|0|2,0|2|0|2|0,0,10,3.919105,0.000868,10,3.919718,0.000782
4,5,9,1,0|2|1|0|0,0|2|0|3|1,0,10,3.914424,0.000810,10,3.914283,0.000439
4,5,9,1,0|2|1|0|1,0|2|0|3|0,0,10,3.905329,0.000662,10,3.905101,0.000747
4,5,9,1,0|2|1|0|0,0|2|0|4|0,0,10,3.851213,0.000421,10,3.851408,0.000483
4,5,9,1,0|2|1|1|0,0|2|0|0|3,0,10,3.922960,0.000829,10,3.923381,0.001041
4,5,9,1,0|2|1|1|1,0|2|0|0|2,0,10,3.922189,0.001160,10,3.921831,0.001001
4,5,9,1,0|2|1|1|2,0|2|0|0|1,0,10,3.917594,0.000845,10,3.917754,0.000855
4,5,9,1,0|2|1|1|3,0|2|0|0|0,0,10,3.907026,0.000532,10,3.907044,0.000911
4,5,9,1,0|2|1|1|0,0|2|0|1|2,0,10,3.926916,0.001433,10,3.926515,0.001211
4,5,9,1,0|2|1|1|1,0|2|0|1|1,0,10,3.924440,0.001002,10,3.925165,0.000862
4,5,9,1,0|2|1|1|2,0|2|0|1|0,0,10,3.915669,0.001030,10,3.915307,0.000571
4,5,9,1,0|2|1|1|0,0|2|0|2|1,0,10,3.912228,0.000828,10,3.912648,0.000747
4,5,9,1,0|2|1|1|1,0|2|0|2|0,0,10,3.903135,0.000843,10,3.903397,0.001073
4,5,9,1,0|2|1|1|0,0|2|0|3|0,0,10,3.851495,0.000633,10,3.851892,0.000588
4,5,9,1,0|2|1|2|0,0|2|0|0|2,0,10,3.918375,0.001253,10,3.917984,0.001051
4,5,9,1,0|2|1|2|1,0|2|0|0|1,0,10,3.915130,0.000687,10,3.915607,0.001147
4,5,9,1,0|2|1|2|2,0|2|0|0|0,0,10,3.901609,0.000831,10,3.901551,0.001014
4,5,9,1,0|2|1|2|0,0|2|0|1|1,0,10,3.907847,0.000874,10,3.907803,0.000924
4,5,9,1,0|2|1|2|1,0|2|0|1|0,0,10,3.896974,0.000679,10,3.896668,0.000820
4,5,9,1,0|2|1|2|0,0|2|0|2|0,0,10,3.847581,0.000657,10,3.847874,0.000566
4,5,9,1,0|2|1|3|0,0|2|0|0|1,0,10,3.899057,0.000601,10,3.899425,0.000865
4,5,9,1,0|2|1|3|1,0|2|0|0|0,0,10,3.885923,0.000284,10,3.886003,0.000625
4,5,9,1,0|2|1|3|0,0|2|0|1|0,0,10,3.841944,0.000738,10,3.841699,0.000738
4,5,9,1,0|2|1|4|0,0|2|0|0|0,0,10,3.830449,0.000522,10,3.830703,0.000617
4,5,9,1,0|2|1|0|0,0|2|1|0|3,0,10,3.903020,0.000694,10,3.902928,0.001195
4,5,9,1,0|2|1|0|1,0|2|1|0|2,0,10,3.903820,0.001041,10,3.903770,0.000940
4,5,9,1,0|2|1|0|2,0|2|1|0|1,0,10,3.897765,0.000934,10,3.897626,0.001449
4,5,9,1,0|2|1|0|3,0|2|1|0|0,0,10,3.885222,0.000899,10,3.885132,0.000831
4,5,9,1,0|2|1|0|0,0|2|1|1|2,0,10,3.921496,0.001019,10,3.921489,0.000965
4,5,9,1,0|2|1|0|1,0|2|1|1|1,0,10,3.920225,0.000736,10,3.920265,0.000453
4,5,9,1,0|2|1|0|2,0|2|1|1|0,0,10,3.909942,0.000659,10,3.910817,0.000644
4,5,9,1,0|2|1|0|0,0|2|1|2|1,0,10,3.910719,0.000716,10,3.910741,0.000529
4,5,9,1,0|2|1|0|1,0|2|1|2|0,0,10,3.901768,0.000689,10,3.901661,0.000542
4,5,9,1,0|2|1|0|0,0|2|1|3|0,0,10,3.853543,0.000282,10,3.853789,0.000410
4,5,9,1,0|2|1|1|0,0|2|1|0|2,0,10,3.911885,0.000871,10,3.912108,0.000543
4,5,9,1,0|2|1|1|1,0|2|1|0|1,0,10,3.907990,0.000856,10,3.908268,0.000855
4,5,9,1,0|2|1|1|2,0|2|1|0|0,0,10,3.894101,0.000946,10,3.893964,0.000711
4,5,9,1,0|2|1|1|0,0|2|1|1|1,0,10,3.906918,0.000824,10,3.907442,0.001010
4,5,9,1,0|2|1|1|1,0|2|1|1|0,0,10,3.896561,0.000873,10,3.896347,0.001219
4,5,9,1,0|2|1|1|0,0|2|1|2|0,0,10,3.852625,0.000334,10,3.852354,0.000723
4,5,9,1,0|2|1|2|0,0|2|1|0|1,0,10,3.895899,0.000738,10,3.895392,0.000677
4,5,9,1,0|2|1|2|1,0|2|1|0|0,0,10,3.881206,0.000423,10,3.881211,0.000572
4,5,9,1,0|2|1|2|0,0|2|1|1|0,0,10,3.845014,0.000444,10,3.844861,0.000413
4,5,9,1,0|2|1|3|0,0|2|1|0|0,0,10,3.830131,0.000366,10,3.830309,0.000679
4,5,9,1,0|2|1|0|0,0|2|2|0|2,0,10,3.877977,0.001130,10,3.878181,0.000810
4,5,9,1,0|2|1|0|1,0|2|2|0|1,0,10,3.875059,0.000568,10,3.874724,0.000367
4,5,9,1,0|2|1|0|2,0|2|2|0|0,0,10,3.854079,0.000863,10,3.854334,0.000668
4,5,9,1,0|2|1|0|0,0|2|2|1|1,0,10,3.887658,0.000636,10,3.887607,0.000488
4,5,9,1,0|2|1|0|1,0|2|2|1|0,0,10,3.874553,0.000602,10,3.874496,0.000558
4,5,9,1,0|2|1|0|0,0|2|2|2|0,0,10,3.826822,0.000614,10,3.827088,0.000469
4,5,9,1,0|2|1|1|0,0|2|2|0|1,0,10,3.872560,0.000570,10,3.872779,0.000793
4,5,9,1,0|2|1|1|1,0|2|2|0|0,0,10,3.853255,0.000386,10,3.853249,0.000562
4,5,9,1,0|2|1|1|0,0|2|2|1|0,0,10,3.821357,0.000484,10,3.821425,0.000362
4,5,9,1,0|2|1|2|0,0|2|2|0|0,0,10,3.800017,0.000354,10,3.800226,0.000630
4,5,9,1,0|2|1|0|0,0|2|3|0|1,0,10,3.812000,0.000401,10,3.811671,0.000469
4,5,9,1,0|2|1|0|1,0|2|3|0|0,0,10,3.785726,0.000525,10,3.785742,0.000563
4,5,9,1,0|2|1|0|0,0|2|3|1|0,0,10,3.767311,0.000381,10,3.767170,0.000426
4,5,9,1,0|2|1|1|0,0|2|3|0|0,0,10,3.740575,0.000435,10,3.740573,0.000545
4,5,9,1,0|2|1|0|0,0|2|4|0|0,0,10,3.589105,0.000396,10,3.589185,0.000337
4,5,9,1,0|2|2|0|0,0|2|0|0|3,0,10,3.899971,0.000631,10,3.900225,0.001375
4,5,9,1,0|2|2|0|1,0|2|0|0|2,0,10,3.900581,0.001067,10,3.900338,0.001109
4,5,9,1,0|2|2|0|2,0|2|0|0|1,0,10,3.893835,0.000767,10,3.893812,0.000958
4,5,9,1,0|2|2|0|3,0|2|0|0|0,0,10,3.879487,0.000979,10,3.879686,0.000836
4,5,9,1,0|2|2|0|0,0|2|0|1|2,0,10,3.918684,0.001214,10,3.918180,0.000936
4,5,9,1,0|2|2|0|1,0|2|0|1|1,0,10,3.917379,0.001000,10,3.917865,0.001185
4,5,9,1,0|2|2|0|2,0|2|0|1|0,0,10,3.906171,0.000933,10,3.906164,0.000668
4,5,9,1,0|2|2|0|0,0|2|0|2|1,0,10,3.907233,0.000592,10,3.906836,0.000952
4,5,9,1,0|2|2|0|1,0|2|0|2|0,0,10,3.896830,0.000998,10,3.897016,0.000686
4,5,9,1,0|2|2|0|0,0|2|0|3|0,0,10,3.847134,0.000613,10,3.847807,0.000752
4,5,9,1,0|2|2|1|0,0|2|0|0|2,0,10,3.908021,0.000440,10,3.908428,0.000908
4,5,9,1,0|2|2|1|1,0|2|0|0|1,0,10,3.904385,0.000531,10,3.904083,0.000822
4,5,9,1,0|2|2|1|2,0|2|0|0|0,0,10,3.888151,0.000868,10,3.888573,0.001052
4,5,9,1,0|2|2|1|0,0|2|0|1|1,0,10,3.902773,0.000934,10,3.903210,0.000614
4,5,9,1,0|2|2|1|1,0|2|0|1|0,0,10,3.891447,0.000775,10,3.891374,0.000570
4,5,9,1,0|2|2|1|0,0|2|0|2|0,0,10,3.846729,0.000542,10,3.846710,0.000605
4,5,9,1,0|2|2|2|0,0|2|0|0|1,0,10,3.889612,0.000691,10,3.889548,0.000890
4,5,9,1,0|2|2|2|1,0|2|0|0|0,0,10,3.873108,0.000543,10,3.872976,0.000739
4,5,9,1,0|2|2|2|0,0|2|0|1|0,0,10,3.837186,0.000514,10,3.837283,0.000498
4,5,9,1,0|2|2|3|0,0|2|0|0|0,0,10,3.819758,0.000504,10,3.819697,0.000422
4,5,9,1,0|2|2|0|0,0|2|1|0|2,0,10,3.875470,0.001133,10,3.876470,0.001073
4,5,9,1,0|2|2|0|1,0|2|1|0|1,0,10,3.872769,0.000839,10,3.872641,0.000590
4,5,9,1,0|2|2|0|2,0|2|1|0|0,0,10,3.851367,0.000521,10,3.850824,0.000757
4,5,9,1,0|2|2|0|0,0|2|1|1|1,0,10,3.885508,0.000578,10,3.886107,0.000605
4,5,9,1,0|2|2|0|1,0|2|1|1|0,0,10,3.872342,0.000482,10,3.872145,0.000474
4,5,9,1,0|2|2|0|0,0|2|1|2|0,0,10,3.824189,0.000558,10,3.824065,0.000432
4,5,9,1,0|2|2|1|0,0|2|1|0|1,0,10,3.869541,0.000805,10,3.870216,0.000540
4,5,9,1,0|2|2|1|1,0|2|1|0|0,0,10,3.849371,0.000647,10,3.849787,0.000623
4,5,9,1,0|2|2|1|0,0|2|1|1|0,0,10,3.818175,0.000643,10,3.818493,0.000476
4,5,9,1,0|2|2|2|0,0|2|1|0|0,0,10,3.794856,0.000413,10,3.794882,0.000468
4,5,9,1,0|2|2|0|0,0|2|2|0|1,0,10,3.811027,0.000267,10,3.810608,0.000684
4,5,9,1,0|2|2|0|1,0|2|2|0|0,0,10,3.784552,0.000866,10,3.783808,0.000397
4,5,9,1,0|2|2|0|0,0|2|2|1|0,0,10,3.765965,0.000485,10,3.766083,0.000301
4,5,9,1,0|2|2|1|0,0|2|2|0|0,0,10,3.738362,0.000292,10,3.738191,0.000366
4,5,9,1,0|2|2|0|0,0|2|3|0|0,0,10,3.591622,0.000360,10,3.591619,0.000636
4,5,9,1,0|2|3|0|0,0|2|0|0|2,0,10,3.874050,0.000819,10,3.874626,0.000627
4,5,9,1,0|2|3|0|1,0|2|0|0|1,0,10,3.871247,0.000668,10,3.871583,0.000822
4,5,9,1,0|2|3|0|2,0|2|0|0|0,0,10,3.847927,0.000464,10,3.847819,0.000470
4,5,9,1,0|2|3|0|0,0|2|0|1|1,0,10,3.884351,0.000663,10,3.884652,0.000691
4,5,9,1,0|2|3|0|1,0|2|0|1|0,0,10,3.870256,0.000615,10,3.870224,0.000466
4,5,9,1,0|2|3|0|0,0|2|0|2|0,0,10,3.821208,0.000429,10,3.821174,0.000446
4,5,9,1,0|2|3|1|0,0|2|0|0|1,0,10,3.868084,0.000985,10,3.867669,0.000733
4,5,9,1,0|2|3|1|1,0|2|0|0|0,0,10,3.847129,0.000621,10,3.846844,0.000753
4,5,9,1,0|2|3|1|0,0|2|0|1|0,0,10,3.816162,0.000545,10,3.816231,0.000433
4,5,9,1,0|2|3|2|0,0|2|0|0|0,0,10,3.790856,0.000422,10,3.790591,0.000509
4,5,9,1,0|2|3|0|0,0|2|1|0|1,0,10,3.809915,0.000500,10,3.810035,0.000416
4,5,9,1,0|2|3|0|1,0|2|1|0|0,0,10,3.783484,0.000517,10,3.783734,0.000312
4,5,9,1,0|2|3|0|0,0|2|1|1|0,0,10,3.765156,0.000465,10,3.765331,0.000421
4,5,9,1,0|2|3|1|0,0|2|1|0|0,0,10,3.737422,0.000551,10,3.737226,0.000594
4,5,9,1,0|2|3|0|0,0|2|2|0|0,0,10,3.592330,0.000478,10,3.592507,0.000563
4,5,9,1,0|2|4|0|0,0|2|0|0|1,0,10,3.809124,0.000535,10,3.809897,0.000659
4,5,9,1,0|2|4|0|1,0|2|0|0|0,0,10,3.782501,0.000484,10,3.782474,0.000654
4,5,9,1,0|2|4|0|0,0|2|0|1|0,0,10,3.764204,0.000253,10,3.764373,0.000624
4,5,9,1,0|2|4|1|0,0|2|0|0|0,0,10,3.736345,0.000560,10,3.736251,0.000139
4,5,9,1,0|2|4|0|0,0|2|1|0|0,0,10,3.592555,0.000543,10,3.592415,0.000281
4,5,9,1,0|2|5|0|0,0|2|0|0|0,0,10,3.592113,0.000666,10,3.591840,0.000684
4,5,9,1,0|2|0|0|0,0|3|0|0|4,0,10,3.874659,0.001209,10,3.875268,0.000684
4,5,9,1,0|2|0|0|1,0|3|0|0|3,0,10,3.877855,0.001328,10,3.877307,0.000784
4,5,9,1,0|2|0|0|2,0|3|0|0|2,0,10,3.874601,0.000684,10,3.874466,0.001309
4,5,9,1,0|2|0|0|3,0|3|0|0|1,0,10,3.869781,0.000789,10,3.868572,0.000738
4,5,9,1,0|2|0|0|4,0|3|0|0|0,0,10,3.858719,0.000688,10,3.858205,0.000884
4,5,9,1,0|2|0|0|0,0|3|0|1|3,0,10,3.916180,0.001058,10,3.915812,0.000739
4,5,9,1,0|2|0|0|1,0|3|0|1|2,0,10,3.916671,0.001184,10,3.917577,0.000789
4,5,9,1,0|2|0|0|2,0|3|0|1|1,0,10,3.913318,0.001081,10,3.913286,0.000969
4,5,9,1,0|2|0|0|3,0|3|0|1|0,0,10,3.904227,0.000892,10,3.903877,0.001191
4,5,9,1,0|2|0|0|0,0|3|0|2|2,0,10,3.911196,0.001211,10,3.911505,0.001057
4,5,9,1,0|2|0|0|1,0|3|0|2|1,0,10,3.910573,0.000938,10,3.910655,0.000974
4,5,9,1,0|2|0|0|2,0|3|0|2|0,0,10,3.896985,0.001126,10,3.897382,0.000669
4,5,9,1,0|2|0|0|0,0|3|0|3|1,0,10,3.883826,0.000435,10,3.883893,0.000971
4,5,9,1,0|2|0|0|1,0|3|0|3|0,0,10,3.870004,0.000871,10,3.870247,0.000864
4,5,9,1,0|2|0|0|0,0|3|0|4|0,0,10,3.772895,0.000527,10,3.772715,0.000344
4,5,9,1,0|2|0|1|0,0|3|0|0|3,0,10,3.908887,0.001468,10,3.908173,0.000969
4,5,9,1,0|2|0|1|1,0|3|0|0|2,0,10,3.907929,0.000682,10,3.907866,0.000837
4,5,9,1,0|2|0|1|2,0|3|0|0|1,0,10,3.902085,0.000742,10,3.901959,0.001062
4,5,9,1,0|2|0|1|3,0|3|0|0|0,0,10,3.889982,0.001200,10,3.889858,0.001083
4,5,9,1,0|2|0|1|0,0|3|0|1|2,0,10,3.909305,0.001162,10,3.909551,0.000845
4,5,9,1,0|2|0|1|1,0|3|0|1|1,0,10,3.907579,0.000792,10,3.906406,0.000987
4,5,9,1,0|2|0|1|2,0|3|0|1|0,0,10,3.893985,0.000960,10,3.893973,0.000803
4,5,9,1,0|2|0|1|0,0|3|0|2|1,0,10,3.882827,0.000960,10,3.882666,0.000605
4,5,9,1,0|2|0|1|1,0|3|0|2|0,0,10,3.868109,0.000774,10,3.868190,0.000652
4,5,9,1,0|2|0|1|0,0|3|0|3|0,0,10,3.774459,0.000596,10,3.774734,0.000628
4,5,9,1,0|2|0|2|0,0|3|0|0|2,0,10,3.901119,0.000803,10,3.901351,0.001366
4,5,9,1,0|2|0|2|1,0|3|0|0|1,0,10,3.898449,0.000944,10,3.898317,0.000647
4,5,9,1,0|2|0|2|2,0|3|0|0|0,0,10,3.880384,0.001039,10,3.879952,0.000750
4,5,9,1,0|2|0|2|0,0|3|0|1|1,0,10,3.878655,0.000721,10,3.878414,0.000812
4,5,9,1,0|2|0|2|1,0|3|0|1|0,0,10,3.862285,0.000465,10,3.862040,0.000627
4,5,9,1,0|2|0|2|0,0|3|0|2|0,0,10,3.772419,0.000569,10,3.772383,0.000478
4,5,9,1,0|2|0|3|0,0|3|0|0|1,0,10,3.871280,0.000639,10,3.871157,0.000434
4,5,9,1,0|2|0|3|1,0|3|0|0|0,0,10,3.853027,0.000628,10,3.852723,0.000630
4,5,9,1,0|2|0|3|0,0|3|0|1|0,0,10,3.768476,0.000519,10,3.768546,0.000391
4,5,9,1,0|2|0|4|0,0|3|0|0|0,0,10,3.760412,0.000391,10,3.760489,0.000656
4,5,9,1,0|2|0|0|0,0|3|1|0|3,0,10,3.897719,0.001262,10,3.897421,0.001518
4,5,9,1,0|2|0|0|1,0|3|1|0|2,0,10,3.898314,0.001103,10,3.898152,0.001109
4,5,9,1,0|2|0|0|2,0|3|1|0|1,0,10,3.893035,0.001095,10,3.892979,0.000934
4,5,9,1,0|2|0|0|3,0|3|1|0|0,0,10,3.880234,0.001283,10,3.880440,0.000438
4,5,9,1,0|2|0|0|0,0|3|1|1|2,0,10,3.919007,0.000938,10,3.918978,0.000834
4,5,9,1,0|2|0|0|1,0|3|1|1|1,0,10,3.918283,0.000832,10,3.918272,0.000699
4,5,9,1,0|2|0|0|2,0|3|1|1|0,0,10,3.907397,0.000690,10,3.907728,0.000390
4,5,9,1,0|2|0|0|0,0|3|1|2|1,0,10,3.907480,0.000632,10,3.907517,0.001270
4,5,9,1,0|2|0|0|1,0|3|1|2|0,0,10,3.897790,0.000579,10,3.898638,0.000672
4,5,9,1,0|2|0|0|0,0|3|1|3|0,0,10,3.843823,0.000755,10,3.844108,0.000478
4,5,9,1,0|2|0|1|0,0|3|1|0|2,0,10,3.910645,0.001084,10,3.910415,0.000851
4,5,9,1,0|2|0|1|1,0|3|1|0|1,0,10,3.907092,0.000709,10,3.907535,0.000943
4,5,9,1,0|2|0|1|2,0|3|1|0|0,0,10,3.893312,0.000741,10,3.893138,0.000517
4,5,9,1,0|2|0|1|0,0|3|1|1|1,0,10,3.905188,0.000447,10,3.904719,0.000838
4,5,9,1,0|2|0|1|1,0|3|1|1|0,0,10,3.894134,0.000673,10,3.894221,0.000529
4,5,9,1,0|2|0|1|0,0|3|1|2|0,0,10,3.843914,0.000718,10,3.843828,0.000396
4,5,9,1,0|2|0|2|0,0|3|1|0|1,0,10,3.894061,0.001144,10,3.893881,0.000673
4,5,9,1,0|2|0|2|1,0|3|1|0|0,0,10,3.879112,0.000816,10,3.879123,0.000741
4,5,9,1,0|2|0|2|0,0|3|1|1|0,0,10,3.836934,0.000313,10,3.836900,0.000571
4,5,9,1,0|2|0|3|0,0|3|1|0|0,0,10,3.822806,0.000601,10,3.823001,0.000493
4,5,9,1,0|2|0|0|0,0|3|2|0|2,0,10,3.875422,0.000860,10,3.875544,0.000503
4,5,9,1,0|2|0|0|1,0|3|2|0|1,0,10,3.874231,0.000585,10,3.873735,0.000945
4,5,9,1,0|2|0|0|2,0|3|2|0|0,0,10,3.852915,0.000660,10,3.852788,0.000870
4,5,9,1,0|2|0|0|0,0|3|2|1|1,0,10,3.887751,0.000667,10,3.887810,0.000753
4,5,9,1,0|2|0|0|1,0|3|2|1|0,0,10,3.874908,0.000910,10,3.875254,0.000511
4,5,9,1,0|2|0|0|0,0|3|2|2|0,0,10,3.824465,0.000835,10,3.824661,0.000396
4,5,9,1,0|2|0|1|0,0|3|2|0|1,0,10,3.874229,0.000929,10,3.874283,0.000800
4,5,9,1,0|2|0|1|1,0|3|2|0|0,0,10,3.855828,0.000576,10,3.855792,0.000785
4,5,9,1,0|2|0|1|0,0|3|2|1|0,0,10,3.821143,0.000594,10,3.821125,0.000508
4,5,9,1,0|2|0|2|0,0|3|2|0|0,0,10,3.800187,0.000655,10,3.800347,0.000730
4,5,9,1,0|2|0|0|0,0|3|3|0|1,0,10,3.810739,0.000336,10,3.810734,0.000703
4,5,9,1,0|2|0|0|1,0|3|3|0|0,0,10,3.785941,0.000756,10,3.786092,0.000662
4,5,9,1,0|2|0|0|0,0|3|3|1|0,0,10,3.766811,0.000372,10,3.766944,0.000437
4,5,9,1,0|2|0|1|0,0|3|3|0|0,0,10,3.742318,0.000398,10,3.742013,0.000418
4,5,9,1,0|2|0|0|0,0|3|4|0|0,0,10,3.582451,0.000469,10,3.582326,0.000424
4,5,9,1,0|2|1|0|0,0|3|0|0|3,0,10,3.891699,0.001351,10,3.891734,0.000848
4,5,9,1,0|2|1|0|1,0|3|0|0|2,0,10,3.891970,0.000854,10,3.892696,0.000590
4,5,9,1,0|2|1|0|2,0|3|0|0|1,0,10,3.886055,0.000707,10,3.885435,0.000666
4,5,9,1,0|2|1|0|3,0|3|0|0|0,0,10,3.870617,0.000677,10,3.870696,0.000718
4,5,9,1,0|2|1|0|0,0|3|0|1|2,0,10,3.913247,0.000736,10,3.914114,0.001133
4,5,9,1,0|2|1|0|1,0|3|0|1|1,0,10,3.911804,0.000929,10,3.912097,0.000783
4,5,9,1,0|2|1|0|2,0|3|0|1|0,0,10,3.900028,0.000881,10,3.899744,0.000814
4,5,9,1,0|2|1|0|0,0|3|0|2|1,0,10,3.899961,0.000699,10,3.900067,0.000658
4,5,9,1,0|2|1|0|1,0|3|0|2|0,0,10,3.889200,0.000633,10,3.889110,0.000735
4,5,9,1,0|2|1|0|0,0|3|0|3|0,0,10,3.831485,0.000488,10,3.831911,0.000727
4,5,9,1,0|2|1|1|0,0|3|0|0|2,0,10,3.902434,0.000594,10,3.902179,0.000760
4,5,9,1,0|2|1|1|1,0|3|0|0|1,0,10,3.897031,0.001004,10,3.897194,0.000899
4,5,9,1,0|2|1|1|2,0|3|0|0|0,0,10,3.880816,0.000663,10,3.880602,0.000936
4,5,9,1,0|2|1|1|0,0|3|0|1|1,0,10,3.894600,0.000841,10,3.895733,0.000814
4,5,9,1,0|2|1|1|1,0|3|0|1|0,0,10,3.882402,0.000557,10,3.882728,0.000582
4,5,9,1,0|2|1|1|0,0|3|0|2|0,0,10,3.830856,0.000625,10,3.830353,0.000456
4,5,9,1,0|2|1|2|0,0|3|0|0|1,0,10,3.882361,0.000836,10,3.882355,0.001004
4,5,9,1,0|2|1|2|1,0|3|0|0|0,0,10,3.864412,0.000907,10,3.864983,0.001004
4,5,9,1,0|2|1|2|0,0|3|0|1|0,0,10,3.821941,0.000409,10,3.822305,0.000534
4,5,9,1,0|2|1|3|0,0|3|0|0|0,0,10,3.806091,0.000434,10,3.805911,0.000560
4,5,9,1,0|2|1|0|0,0|3|1|0|2,0,10,3.874286,0.000547,10,3.874299,0.000960
4,5,9,1,0|2|1|0|1,0|3|1|0|1,0,10,3.870615,0.001099,10,3.870763,0.000522
4,5,9,1,0|2|1|0|2,0|3|1|0|0,0,10,3.849847,0.000791,10,3.849459,0.000990
4,5,9,1,0|2|1|0|0,0|3|1|1|1,0,10,3.884307,0.000684,10,3.884387,0.000903
4,5,9,1,0|2|1|0|1,0|3|1|1|0,0,10,3.870971,0.000664,10,3.871101,0.000703
4,5,9,1,0|2|1|0|0,0|3|1|2|0,0,10,3.821758,0.000469,10,3.821850,0.000512
4,5,9,1,0|2|1|1|0,0|3|1|0|1,0,10,3.869138,0.000375,10,3.868493,0.000641
4,5,9,1,0|2|1|1|1,0|3|1|0|0,0,10,3.848760,0.000718,10,3.848815,0.000785
4,5,9,1,0|2|1|1|0,0|3|1|1|0,0,10,3.815894,0.000742,10,3.815791,0.000525
4,5,9,1,0|2|1|2|0,0|3|1|0|0,0,10,3.794323,0.000456,10,3.794355,0.000358
4,5,9,1,0|2|1|0|0,0|3|2|0|1,0,10,3.810026,0.000520,10,3.810151,0.000997
4,5,9,1,0|2|1|0|1,0|3|2|0|0,0,10,3.784328,0.000457,10,3.784333,0.000589
4,5,9,1,0|2|1|0|0,0|3|2|1|0,0,10,3.765463,0.000489,10,3.765578,0.000493
4,5,9,1,0|2|1|1|0,0|3|2|0|0,0,10,3.738394,0.000484,10,3.738366,0.000407
4,5,9,1,0|2|1|0|0,0|3|3|0|0,0,10,3.588385,0.000357,10,3.588364,0.000537
4,5,9,1,0|2|2|0|0,0|3|0|0|2,0,10,3.870307,0.000686,10,3.870055,0.000849
4,5,9,1,0|2|2|0|1,0|3|0|0|1,0,10,3.866823,0.001239,10,3.866758,0.000517
4,5,9,1,0|2|2|0|2,0|3|0|0|0,0,10,3.842816,0.000635,10,3.842613,0.000755
4,5,9,1,0|2|2|0|0,0|3|0|1|1,0,10,3.880065,0.000707,10,3.880617,0.000838
4,5,9,1,0|2|2|0|1,0|3|0|1|0,0,10,3.865583,0.000811,10,3.865806,0.000518
4,5,9,1,0|2|2|0|0,0|3|0|2|0,0,10,3.815328,0.000375,10,3.815259,0.000449
4,5,9,1,0|2|2|1|0,0|3|0|0|1,0,10,3.862999,0.000836,10,3.863188,0.000518
4,5,9,1,0|2|2|1|1,0|3|0|0|0,0,10,3.841287,0.000580,10,3.841240,0.000745
4,5,9,1,0|2|2|1|0,0|3|0|1|0,0,10,3.809229,0.000491,10,3.809107,0.000566
4,5,9,1,0|2|2|2|0,0|3|0|0|0,0,10,3.784327,0.000211,10,3.784280,0.000485
4,5,9,1,0|2|2|0|0,0|3|1|0|1,0,10,3.808474,0.000464,10,3.808627,0.000457
4,5,9,1,0|2|2|0|1,0|3|1|0|0,0,10,3.781670,0.000508,10,3.781615,0.000422
4,5,9,1,0|2|2|0|0,0|3|1|1|0,0,10,3.763620,0.000611,10,3.763163,0.000676
4,5,9,1,0|2|2|1|0,0|3|1|0|0,0,10,3.735256,0.000569,10,3.735229,0.000381
4,5,9,1,0|2|2|0|0,0|3|2|0|0,0,10,3.589974,0.000377,10,3.590199,0.000534
4,5,9,1,0|2|3|0|0,0|3|0|0|1,0,10,3.806789,0.000528,10,3.806573,0.000490
4,5,9,1,0|2|3|0|1,0|3|0|0|0,0,10,3.779145,0.000762,10,3.779268,0.000715
4,5,9,1,0|2|3|0|0,0|3|0|1|0,0,10,3.760488,0.000380,10,3.761575,0.000447
4,5,9,1,0|2|3|1|0,0|3|0|0|0,0,10,3.732333,0.000472,10,3.732490,0.000667
4,5,9,1,0|2|3|0|0,0|3|1|0|0,0,10,3.590689,0.000546,10,3.590684,0.000555
4,5,9,1,0|2|4|0|0,0|3|0|0|0,0,10,3.590001,0.000425,10,3.589956,0.000349
4,5,9,1,0|2|0|0|0,0|4|0|0|3,0,10,3.853485,0.000604,10,3.853430,0.001088
4,5,9,1,0|2|0|0|1,0|4|0|0|2,0,10,3.855454,0.000901,10,3.855523,0.001017
4,5,9,1,0|2|0|0|2,0|4|0|0|1,0,10,3.847464,0.000514,10,3.847415,0.000628
4,5,9,1,0|2|0|0|3,0|4|0|0|0,0,10,3.829272,0.000572,10,3.829165,0.000513
4,5,9,1,0|2|0|0|0,0|4|0|1|2,0,10,3.893757,0.000932,10,3.893585,0.000730
4,5,9,1,0|2|0|0|1,0|4|0|1|1,0,10,3.891411,0.000409,10,3.892227,0.000959
4,5,9,1,0|2|0|0|2,0|4|0|1|0,0,10,3.875166,0.000709,10,3.875106,0.000615
4,5,9,1,0|2|0|0|0,0|4|0|2|1,0,10,3.869321,0.000846,10,3.869709,0.000734
4,5,9,1,0|2|0|0|1,0|4|0|2|0,0,10,3.853961,0.000334,10,3.854162,0.000838
4,5,9,1,0|2|0|0|0,0|4|0|3|0,0,10,3.756418,0.000384,10,3.756053,0.000330
4,5,9,1,0|2|0|1|0,0|4|0|0|2,0,10,3.881456,0.001025,10,3.881836,0.001051
4,5,9,1,0|2|0|1|1,0|4|0|0|1,0,10,3.876947,0.000837,10,3.876824,0.000575
4,5,9,1,0|2|0|1|2,0|4|0|0|0,0,10,3.856227,0.000546,10,3.855613,0.000422
4,5,9,1,0|2|0|1|0,0|4|0|1|1,0,10,3.865836,0.000668,10,3.866048,0.000610
4,5,9,1,0|2|0|1|1,0|4|0|1|0,0,10,3.848542,0.000578,10,3.848256,0.000702
4,5,9,1,0|2|0|1|0,0|4|0|2|0,0,10,3.756958,0.000458,10,3.756825,0.000562
4,5,9,1,0|2|0|2|0,0|4|0|0|1,0,10,3.853670,0.000634,10,3.853717,0.000667
4,5,9,1,0|2|0|2|1,0|4|0|0|0,0,10,3.831802,0.000450,10,3.831679,0.000593
4,5,9,1,0|2|0|2|0,0|4|0|1|0,0,10,3.751384,0.000569,10,3.751237,0.000511
4,5,9,1,0|2|0|3|0,0|4|0|0|0,0,10,3.738721,0.000382,10,3.738291,0.000450
4,5,9,1,0|2|0|0|0,0|4|1|0|2,0,10,3.866544,0.000886,10,3.867383,0.000767
4,5,9,1,0|2|0|0|1,0|4|1|0|1,0,10,3.864724,0.000738,10,3.864492,0.000618
4,5,9,1,0|2|0|0|2,0|4|1|0|0,0,10,3.842695,0.000975,10,3.842622,0.000820
4,5,9,1,0|2|0|0|0,0|4|1|1|1,0,10,3.879626,0.000636,10,3.879822,0.000860
4,5,9,1,0|2|0|0|1,0|4|1|1|0,0,10,3.866137,0.000749,10,3.865729,0.000564
4,5,9,1,0|2|0|0|0,0|4|1|2|0,0,10,3.811058,0.000632,10,3.810943,0.000552
4,5,9,1,0|2|0|1|0,0|4|1|0|1,0,10,3.864898,0.001095,10,3.864710,0.000701
4,5,9,1,0|2|0|1|1,0|4|1|0|0,0,10,3.845160,0.000696,10,3.845266,0.000620
4,5,9,1,0|2|0|1|0,0|4|1|1|0,0,10,3.806618,0.000504,10,3.806822,0.000517
4,5,9,1,0|2|0|2|0,0|4|1|0|0,0,10,3.786107,0.000460,10,3.786108,0.000642
4,5,9,1,0|2|0|0|0,0|4|2|0|1,0,10,3.807118,0.000658,10,3.806589,0.000543
4,5,9,1,0|2|0|0|1,0|4|2|0|0,0,10,3.781320,0.000671,10,3.781523,0.000665
4,5,9,1,0|2|0|0|0,0|4|2|1|0,0,10,3.762022,0.000663,10,3.761714,0.000600
4,5,9,1,0|2|0|1|0,0|4|2|0|0,0,10,3.737266,0.000316,10,3.737125,0.000371
4,5,9,1,0|2|0|0|0,0|4|3|0|0,0,10,3.580106,0.000688,10,3.580157,0.000600
4,5,9,1,0|2|1|0|0,0|4|0|0|2,0,10,3.859642,0.000739,10,3.859048,0.001202
4,5,9,1,0|2|1|0|1,0|4|0|0|1,0,10,3.855084,0.000855,10,3.855013,0.000799
4,5,9,1,0|2|1|0|2,0|4|0|0|0,0,10,3.830551,0.000753,10,3.830279,0.000409
4,5,9,1,0|2|1|0|0,0|4|0|1|1,0,10,3.870713,0.000731,10,3.870792,0.000843
4,5,9,1,0|2|1|0|1,0|4|0|1|0,0,10,3.854257,0.000569,10,3.854773,0.000558
4,5,9,1,0|2|1|0|0,0|4|0|2|0,0,10,3.798127,0.000581,10,3.798062,0.000559
4,5,9,1,0|2|1|1|0,0|4|0|0|1,0,10,3.852297,0.000748,10,3.851877,0.000725
4,5,9,1,0|2|1|1|1,0|4|0|0|0,0,10,3.828190,0.000849,10,3.828327,0.000607
4,5,9,1,0|2|1|1|0,0|4|0|1|0,0,10,3.790908,0.000381,10,3.790878,0.000315
4,5,9,1,0|2|1|2|0,0|4|0|0|0,0,10,3.767682,0.000458,10,3.767366,0.000534
4,5,9,1,0|2|1|0|0,0|4|1|0|1,0,10,3.804539,0.000771,10,3.804539,0.000453
4,5,9,1,0|2|1|0|1,0|4|1|0|0,0,10,3.777561,0.000360,10,3.777860,0.000518
4,5,9,1,0|2|1|0|0,0|4|1|1|0,0,10,3.758861,0.000623,10,3.758886,0.000630
4,5,9,1,0|2|1|1|0,0|4|1|0|0,0,10,3.731388,0.000545,10,3.731267,0.000455
4,5,9,1,0|2|1|0|0,0|4|2|0|0,0,10,3.585828,0.000464,10,3.585671,0.000641
4,5,9,1,0|2|2|0|0,0|4|0|0|1,0,10,3.799639,0.000623,10,3.799607,0.000671
4,5,9,1,0|2|2|0|1,0|4|0|0|0,0,10,3.771353,0.000607,10,3.771323,0.000796
4,5,9,1,0|2|2|0|0,0|4|0|1|0,0,10,3.752805,0.000401,10,3.752512,0.000309
4,5,9,1,0|2|2|1|0,0|4|0|0|0,0,10,3.723312,0.000441,10,3.723480,0.000592
4,5,9,1,0|2|2|0|0,0|4|1|0|0,0,10,3.586395,0.000294,10,3.586151,0.000691
4,5,9,1,0|2|3|0|0,0|4|0|0|0,0,10,3.584467,0.000511,10,3.584521,0.000432
4,5,9,1,0|2|0|0|0,0|5|0|0|2,0,10,3.810473,0.000896,10,3.810292,0.000613
4,5,9,1,0|2|0|0|1,0|5|0|0|1,0,10,3.807574,0.000671,10,3.807504,0.000602
4,5,9,1,0|2|0|0|2,0|5|0|0|0,0,10,3.778695,0.000457,10,3.778306,0.000436
4,5,9,1,0|2|0|0|0,0|5|0|1|1,0,10,3.836635,0.000715,10,3.836337,0.000583
4,5,9,1,0|2|0|0|1,0|5|0|1|0,0,10,3.815771,0.000425,10,3.816082,0.000384
4,5,9,1,0|2|0|0|0,0|5|0|2|0,0,10,3.724223,0.000537,10,3.724141,0.000517
4,5,9,1,0|2|0|1|0,0|5|0|0|1,0,10,3.818463,0.000612,10,3.818203,0.000492
4,5,9,1,0|2|0|1|1,0|5|0|0|0,0,10,3.790549,0.000497,10,3.789905,0.000590
4,5,9,1,0|2|0|1|0,0|5|0|1|0,0,10,3.720418,0.000243,10,3.720350,0.000396
4,5,9,1,0|2|0|2|0,0|5|0|0|0,0,10,3.700018,0.000517,10,3.700457,0.000670
4,5,9,1,0|2|0|0|0,0|5|1|0|1,0,10,3.791623,0.000754,10,3.791870,0.000536
4,5,9,1,0|2|0|0|1,0|5|1|0|0,0,10,3.764955,0.000465,10,3.765003,0.000324
4,5,9,1,0|2|0|0|0,0|5|1|1|0,0,10,3.744262,0.000424,10,3.744274,0.000537
4,5,9,1,0|2|0|1|0,0|5|1|0|0,0,10,3.718790,0.000522,10,3.718476,0.000616
4,5,9,1,0|2|0|0|0,0|5|2|0|0,0,10,3.572612,0.000598,10,3.572483,0.000572
4,5,9,1,0|2|1|0|0,0|5|0|0|1,0,10,3.781001,0.000623,10,3.781223,0.000549
4,5,9,1,0|2|1|0|1,0|5|0|0|0,0,10,3.750013,0.000318,10,3.750294,0.000685
4,5,9,1,0|2|1|0|0,0|5|0|1|0,0,10,3.730576,0.000396,10,3.730552,0.000544
4,5,9,1,0|2|1|1|0,0|5|0|0|0,0,10,3.699773,0.000583,10,3.699510,0.000323
4,5,9,1,0|2|1|0|0,0|5|1|0|0,0,10,3.575966,0.000411,10,3.575498,0.000387
4,5,9,1,0|2|2|0|0,0|5|0|0|0,0,10,3.570592,0.000561,10,3.571241,0.000608
4,5,9,1,0|2|0|0|0,0|6|0|0|1,0,10,3.712343,0.000773,10,3.712563,0.000634
4,5,9,1,0|2|0|0|1,0|6|0|0|0,0,10,3.678939,0.000567,10,3.678596,0.000664
4,5,9,1,0|2|0|0|0,0|6|0|1|0,0,10,3.651284,0.000591,10,3.651529,0.000458
4,5,9,1,0|2|0|1|0,0|6|0|0|0,0,10,3.623063,0.000408,10,3.622968,0.000775
4,5,9,1,0|2|0|0|0,0|6|1|0|0,0,10,3.544152,0.000523,10,3.544504,0.000712
4,5,9,1,0|2|1|0|0,0|6|0|0|0,0,10,3.533410,0.000584,10,3.533354,0.000716
4,5,9,1,0|2|0|0|0,0|7|0|0|0,0,10,3.398689,0.000545,10,3.398546,0.000565
4,5,9,1,0|3|0|0|0,0|0|0|0|6,0,10,3.895179,0.001172,10,3.895219,0.000981
4,5,9,1,0|3|0|0|1,0|0|0|0|5,0,10,3.895821,0.001506,10,3.895723,0.001238
4,5,9,1,0|3|0|0|2,0|0|0|0|4,0,10,3.895505,0.001263,10,3.895614,0.000950
4,5,9,1,0|3|0|0|3,0|0|0|0|3,0,10,3.893803,0.000779,10,3.894575,0.001128
4,5,9,1,0|3|0|0|4,0|0|0|0|2,0,10,3.893068,0.000953,10,3.892878,0.001532
4,5,9,1,0|3|0|0|5,0|0|0|0|1,0,10,3.891356,0.000977,10,3.891560,0.000614
4,5,9,1,0|3|0|0|6,0|0|0|0|0,0,10,3.888447,0.001000,10,3.888353,0.001137
4,5,9,1,0|3|0|0|0,0|0|0|1|5,0,10,3.931203,0.001441,10,3.931361,0.000809
4,5,9,1,0|3|0|0|1,0|0|0|1|4,0,10,3.931974,0.001129,10,3.932790,0.001065
4,5,9,1,0|3|0|0|2,0|0|0|1|3,0,10,3.932408,0.000911,10,3.932563,0.000989
4,5,9,1,0|3|0|0|3,0|0|0|1|2,0,10,3.932054,0.001082,10,3.930914,0.001475
4,5,9,1,0|3|0|0|4,0|0|0|1|1,0,10,3.930100,0.001024,10,3.930854,0.001353
4,5,9,1,0|3|0|0|5,0|0|0|1|0,0,10,3.928156,0.000785,10,3.928035,0.001407
4,5,9,1,0|3|0|0|0,0|0|0|2|4,0,10,3.934615,0.001409,10,3.935438,0.001434
4,5,9,1,0|3|0|0|1,0|0|0|2|3,0,10,3.936092,0.000942,10,3.936061,0.000880
4,5,9,1,0|3|0|0|2,0|0|0|2|2,0,10,3.935187,0.001336,10,3.935047,0.001371
4,5,9,1,0|3|0|0|3,0|0|0|2|1,0,10,3.934310,0.000843,10,3.932842,0.001342
4,5,9,1,0|3|0|0|4,0|0|0|2|0,0,10,3.929182,0.000907,10,3.929560,0.001022
4,5,9,1,0|3|0|0|0,0|0|0|3|3,0,10,3.931687,0.001235,10,3.932674,0.000784
4,5,9,1,0|3|0|0|1,0|0|0|3|2,0,10,3.933746,0.001072,10,3.933933,0.000747
4,5,9,1,0|3|0|0|2,0|0|0|3|1,0,10,3.930843,0.001166,10,3.930213,0.000979
4,5,9,1,0|3|0|0|3,0|0|0|3|0,0,10,3.924577,0.000438,10,3.924524,0.000861
4,5,9,1,0|3|0|0|0,0|0|0|4|2,0,10,3.922337,0.001327,10,3.922109,0.001100
4,5,9,1,0|3|0|0|1,0|0|0|4|1,0,10,3.922270,0.000728,10,3.922448,0.001235
4,5,9,1,0|3|0|0|2,0|0|0|4|0,0,10,3.911664,0.000851,10,3.911104,0.000901
4,5,9,1,0|3|0|0|0,0|0|0|5|1,0,10,3.894564,0.000487,10,3.894632,0.000650
4,5,9,1,0|3|0|0|1,0|0|0|5|0,0,10,3.882997,0.000558,10,3.883275,0.000712
4,5,9,1,0|3|0|0|0,0|0|0|6|0,0,10,3.788309,0.000453,10,3.788151,0.000432
4,5,9,1,0|3|0|1|0,0|0|0|0|5,0,10,3.927598,0.001022,10,3.927096,0.001167
4,5,9,1,0|3|0|1|1,0|0|0|0|4,0,10,3.926919,0.001464,10,3.928399,0.000944
4,5,9,1,0|3|0|1|2,0|0|0|0|3,0,10,3.927404,0.001190,10,3.927073,0.001153
4,5,9,1,0|3|0|1|3,0|0|0|0|2,0,10,3.925368,0.001377,10,3.925800,0.001049
4,5,9,1,0|3|0|1|4,0|0|0|0|1,0,10,3.923899,0.000984,10,3.923775,0.001403
4,5,9,1,0|3|0|1|5,0|0|0|0|0,0,10,3.920680,0.000912,10,3.920325,0.001469
4,5,9,1,0|3|0|1|0,0|0|0|1|4,0,10,3.934728,0.000379,10,3.934910,0.000725
4,5,9,1,0|3|0|1|1,0|0|0|1|3,0,10,3.935469,0.001223,10,3.935352,0.000897
4,5,9,1,0|3|0|1|2,0|0|0|1|2,0,10,3.934132,0.000805,10,3.934212,0.001292
4,5,9,1,0|3|0|1|3,0|0|0|1|1,0,10,3.932473,0.000910,10,3.931892,0.000723
4,5,9,1,0|3|0|1|4,0|0|0|1|0,0,10,3.928909,0.000807,10,3.928582,0.000778
4,5,9,1,0|3|0|1|0,0|0|0|2|3,0,10,3.932146,0.001042,10,3.932120,0.001099
4,5,9,1,0|3|0|1|1,0|0|0|2|2,0,10,3.932842,0.001188,10,3.931939,0.001520
4,5,9,1,0|3|0|1|2,0|0|0|2|1,0,10,3.929795,0.001351,10,3.930034,0.000942
4,5,9,1,0|3|0|1|3,0|0|0|2|0,0,10,3.924551,0.001472,10,3.924013,0.000809
4,5,9,1,0|3|0|1|0,0|0|0|3|2,0,10,3.922886,0.000531,10,3.922330,0.000694
4,5,9,1,0|3|0|1|1,0|0|0|3|1,0,10,3.921421,0.001023,10,3.921304,0.001216
4,5,9,1,0|3|0|1|2,0|0|0|3|0,0,10,3.911671,0.000909,10,3.911757,0.001209
4,5,9,1,0|3|0|1|0,0|0|0|4|1,0,10,3.894172,0.000718,10,3.894459,0.000698
4,5,9,1,0|3|0|1|1,0|0|0|4|0,0,10,3.882936,0.000432,10,3.882031,0.000520
4,5,9,1,0|3|0|1|0,0|0|0|5|0,0,10,3.789556,0.000314,10,3.789474,0.000511
4,5,9,1,0|3|0|2|0,0|0|0|0|4,0,10,3.930784,0.000682,10,3.931188,0.001486
4,5,9,1,0|3|0|2|1,0|0|0|0|3,0,10,3.930810,0.001372,10,3.930861,0.000466
4,5,9,1,0|3|0|2|2,0|0|0|0|2,0,10,3.929081,0.001320,10,3.930045,0.000668
4,5,9,1,0|3|0|2|3,0|0|0|0|1,0,10,3.926434,0.001119,10,3.926646,0.001151
4,5,9,1,0|3|0|2|4,0|0|0|0|0,0,10,3.920016,0.001236,10,3.920598,0.000959
4,5,9,1,0|3|0|2|0,0|0|0|1|3,0,10,3.930327,0.000987,10,3.930166,0.001215
4,5,9,1,0|3|0|2|1,0|0|0|1|2,0,10,3.930666,0.000584,10,3.931070,0.001398
4,5,9,1,0|3|0|2|2,0|0|0|1|1,0,10,3.927315,0.001258,10,3.927389,0.001060
4,5,9,1,0|3|0|2|3,0|0|0|1|0,0,10,3.920180,0.001200,10,3.920674,0.001327
4,5,9,1,0|3|0|2|0,0|0|0|2|2,0,10,3.919780,0.000978,10,3.920678,0.001460
4,5,9,1,0|3|0|2|1,0|0|0|2|1,0,10,3.919334,0.000643,10,3.919473,0.000810
4,5,9,1,0|3|0|2|2,0|0|0|2|0,0,10,3.908768,0.001108,10,3.908708,0.000842
4,5,9,1,0|3|0|2|0,0|0|0|3|1,0,10,3.892675,0.000506,10,3.892862,0.001104
4,5,9,1,0|3|0|2|1,0|0|0|3|0,0,10,3.879883,0.000580,10,3.879875,0.000719
4,5,9,1,0|3|0|2|0,0|0|0|4|0,0,10,3.789556,0.000481,10,3.789716,0.000359
4,5,9,1,0|3|0|3|0,0|0|0|0|3,0,10,3.927015,0.001062,10,3.926578,0.000932
4,5,9,1,0|3|0|3|1,0|0|0|0|2,0,10,3.927714,0.001118,10,3.926970,0.000774
4,5,9,1,0|3|0|3|2,0|0|0|0|1,0,10,3.923151,0.001007,10,3.923017,0.001075
4,5,9,1,0|3|0|3|3,0|0|0|0|0,0,10,3.913766,0.001175,10,3.914164,0.000868
4,5,9,1,0|3|0|3|0,0|0|0|1|2,0,10,3.919030,0.000834,10,3.918761,0.000990
4,5,9,1,0|3|0|3|1,0|0|0|1|1,0,10,3.917543,0.001151,10,3.917386,0.000877
4,5,9,1,0|3|0|3|2,0|0|0|1|0,0,10,3.905693,0.000774,10,3.905548,0.000916
4,5,9,1,0|3|0|3|0,0|0|0|2|1,0,10,3.891201,0.000702,10,3.891074,0.000821
4,5,9,1,0|3|0|3|1,0|0|0|2|0,0,10,3.877580,0.000864,10,3.877779,0.000648
4,5,9,1,0|3|0|3|0,0|0|0|3|0,0,10,3.788650,0.000413,10,3.788632,0.000382
4,5,9,1,0|3|0|4|0,0|0|0|0|2,0,10,3.915254,0.000949,10,3.915435,0.000501
4,5,9,1,0|3|0|4|1,0|0|0|0|1,0,10,3.914608,0.000726,10,3.914642,0.000791
4,5,9,1,0|3|0|4|2,0|0|0|0|0,0,10,3.901189,0.000678,10,3.900893,0.000278
4,5,9,1,0|3|0|4|0,0|0|0|1|1,0,10,3.889588,0.000659,10,3.889525,0.000845
4,5,9,1,0|3|0|4|1,0|0|0|1|0,0,10,3.875588,0.000691,10,3.875732,0.000803
4,5,9,1,0|3|0|4|0,0|0|0|2|0,0,10,3.787329,0.000363,10,3.787430,0.000551
4,5,9,1,0|3|0|5|0,0|0|0|0|1,0,10,3.886986,0.000849,10,3.886817,0.000561
4,5,9,1,0|3|0|5|1,0|0|0|0|0,0,10,3.872500,0.000525,10,3.872825,0.000606
4,5,9,1,0|3|0|5|0,0|0|0|1|0,0,10,3.786002,0.000619,10,3.785442,0.000371
4,5,9,1,0|3|0|6|0,0|0|0|0|0,0,10,3.783003,0.000518,10,3.782642,0.000572
4,5,9,1,0|3|0|0|0,0|0|1|0|5,0,10,3.918871,0.001048,10,3.919125,0.001138
4,5,9,1,0|3|0|0|1,0|0|1|0|4,0,10,3.920477,0.000653,10,3.920181,0.000996
4,5,9,1,0|3|0|0|2,0|0|1|0|3,0,10,3.919387,0.002065,10,3.920064,0.001216
4,5,9,1,0|3|0|0|3,0|0|1|0|2,0,10,3.918451,0.000845,10,3.918330,0.001130
4,5,9,1,0|3|0|0|4,0|0|1|0|1,0,10,3.916054,0.001154,10,3.916164,0.001281
4,5,9,1,0|3|0|0|5,0|0|1|0|0,0,10,3.913091,0.001126,10,3.912955,0.000985
4,5,9,1,0|3|0|0|0,0|0|1|1|4,0,10,3.940793,0.001159,10,3.941178,0.001128
4,5,9,1,0|3|0|0|1,0|0|1|1|3,0,10,3.941040,0.001281,10,3.941906,0.001071
4,5,9,1,0|3|0|0|2,0|0|1|1|2,0,10,3.941226,0.001460,10,3.940389,0.001023
4,5,9,1,0|3|0|0|3,0|0|1|1|1,0,10,3.939352,0.001210,10,3.939740,0.000910
4,5,9,1,0|3|0|0|4,0|0|1|1|0,0,10,3.935998,0.000899,10,3.936389,0.000558
4,5,9,1,0|3|0|0|0,0|0|1|2|3,0,10,3.943706,0.001119,10,3.943147,0.001090
4,5,9,1,0|3|0|0|1,0|0|1|2|2,0,10,3.943850,0.001320,10,3.943698,0.000672
4,5,9,1,0|3|0|0|2,0|0|1|2|1,0,10,3.941853,0.000962,10,3.941836,0.001089
4,5,9,1,0|3|0|0|3,0|0|1|2|0,0,10,3.938483,0.000407,10,3.937616,0.001443
4,5,9,1,0|3|0|0|0,0|0|1|3|2,0,10,3.939563,0.001042,10,3.940096,0.001008
4,5,9,1,0|3|0|0|1,0|0|1|3|1,0,10,3.939795,0.001046,10,3.939781,0.000887
4,5,9,1,0|3|0|0|2,0|0|1|3|0,0,10,3.934514,0.001178,10,3.934173,0.001098
4,5,9,1,0|3|0|0|0,0|0|1|4|1,0,10,3.927398,0.000943,10,3.927521,0.000647
4,5,9,1,0|3|0|0|1,0|0|1|4|0,0,10,3.922025,0.000881,10,3.921526,0.000744
4,5,9,1,0|3|0|0|0,0|0|1|5|0,0,10,3.874402,0.000722,10,3.874493,0.000485
4,5,9,1,0|3|0|1|0,0|0|1|0|4,0,10,3.936879,0.001454,10,3.936674,0.001002
4,5,9,1,0|3|0|1|1,0|0|1|0|3,0,10,3.936674,0.000686,10,3.938063,0.001446
4,5,9,1,0|3|0|1|2,0|0|1|0|2,0,10,3.936435,0.000867,10,3.936047,0.001604
4,5,9,1,0|3|0|1|3,0|0|1|0|1,0,10,3.934029,0.001159,10,3.933684,0.000984
4,5,9,1,0|3|0|1|4,0|0|1|0|0,0,10,3.929535,0.001005,10,3.930041,0.000674
4,5,9,1,0|3|0|1|0,0|0|1|1|3,0,10,3.941743,0.001107,10,3.942372,0.001202
4,5,9,1,0|3|0|1|1,0|0|1|1|2,0,10,3.943161,0.001226,10,3.943034,0.000775
4,5,9,1,0|3|0|1|2,0|0|1|1|1,0,10,3.941464,0.001342,10,3.941700,0.001057
4,5,9,1,0|3|0|1|3,0|0|1|1|0,0,10,3.937611,0.000836,10,3.937078,0.001042
4,5,9,1,0|3|0|1|0,0|0|1|2|2,0,10,3.940211,0.001152,10,3.939053,0.000962
4,5,9,1,0|3|0|1|1,0|0|1|2|1,0,10,3.939328,0.001378,10,3.939121,0.001006
4,5,9,1,0|3|0|1|2,0|0|1|2|0,0,10,3.933505,0.001082,10,3.934214,0.001009
4,5,9,1,0|3|0|1|0,0|0|1|3|1,0,10,3.927883,0.000535,10,3.928126,0.000975
4,5,9,1,0|3|0|1|1,0|0|1|3|0,0,10,3.921295,0.000844,10,3.921927,0.000609
4,5,9,1,0|3|0|1|0,0|0|1|4|0,0,10,3.876203,0.000504,10,3.876040,0.000531
4,5,9,1,0|3|0|2|0,0|0|1|0|3,0,10,3.938120,0.001147,10,3.938322,0.000552
4,5,9,1,0|3|0|2|1,0|0|1|0|2,0,10,3.937730,0.001389,10,3.938160,0.001018
4,5,9,1,0|3|0|2|2,0|0|1|0|1,0,10,3.935176,0.000609,10,3.934508,0.000923
4,5,9,1,0|3|0|2|3,0|0|1|0|0,0,10,3.929934,0.000570,10,3.929119,0.000957
4,5,9,1,0|3|0|2|0,0|0|1|1|2,0,10,3.937898,0.001088,10,3.937778,0.000954
4,5,9,1,0|3|0|2|1,0|0|1|1|1,0,10,3.937022,0.000866,10,3.936543,0.001227
4,5,9,1,0|3|0|2|2,0|0|1|1|0,0,10,3.930563,0.000886,10,3.931099,0.000853
4,5,9,1,0|3|0|2|0,0|0|1|2|1,0,10,3.925623,0.000955,10,3.925516,0.000557
4,5,9,1,0|3|0|2|1,0|0|1|2|0,0,10,3.919290,0.000801,10,3.918793,0.001095
4,5,9,1,0|3|0|2|0,0|0|1|3|0,0,10,3.874032,0.000583,10,3.873938,0.000466
4,5,9,1,0|3|0|3|0,0|0|1|0|2,0,10,3.933583,0.000970,10,3.933534,0.000785
4,5,9,1,0|3|0|3|1,0|0|1|0|1,0,10,3.932316,0.000647,10,3.932796,0.001325
4,5,9,1,0|3|0|3|2,0|0|1|0|0,0,10,3.923059,0.000758,10,3.923712,0.001221
4,5,9,1,0|3|0|3|0,0|0|1|1|1,0,10,3.923345,0.000835,10,3.923295,0.000629
4,5,9,1,0|3|0|3|1,0|0|1|1|0,0,10,3.915816,0.000831,10,3.915472,0.000538
4,5,9,1,0|3|0|3|0,0|0|1|2|0,0,10,3.871481,0.000589,10,3.871838,0.000588
4,5,9,1,0|3|0|4|0,0|0|1|0|1,0,10,3.918736,0.000727,10,3.919070,0.001085
4,5,9,1,0|3|0|4|1,0|0|1|0|0,0,10,3.910296,0.000713,10,3.910365,0.000883
4,5,9,1,0|3|0|4|0,0|0|1|1|0,0,10,3.867865,0.000575,10,3.868216,0.000561
4,5,9,1,0|3|0|5|0,0|0|1|0|0,0,10,3.861895,0.000776,10,3.861928,0.000628
4,5,9,1,0|3|0|0|0,0|0|2|0|4,0,10,3.915987,0.001310,10,3.915891,0.000604
4,5,9,1,0|3|0|0|1,0|0|2|0|3,0,10,3.918396,0.001147,10,3.918107,0.001205
4,5,9,1,0|3|0|0|2,0|0|2|0|2,0,10,3.915793,0.001314,10,3.916432,0.001136
4,5,9,1,0|3|0|0|3,0|0|2|0|1,0,10,3.912793,0.000766,10,3.913020,0.000891
4,5,9,1,0|3|0|0|4,0|0|2|0|0,0,10,3.906862,0.001132,10,3.906464,0.000618
4,5,9,1,0|3|0|0|0,0|0|2|1|3,0,10,3.936637,0.001297,10,3.937068,0.001239
4,5,9,1,0|3|0|0|1,0|0|2|1|2,0,10,3.937915,0.000936,10,3.936926,0.001154
4,5,9,1,0|3|0|0|2,0|0|2|1|1,0,10,3.935069,0.001024,10,3.935839,0.001131
4,5,9,1,0|3|0|0|3,0|0|2|1|0,0,10,3.930672,0.000577,10,3.930229,0.000761
4,5,9,1,0|3|0|0|0,0|0|2|2|2,0,10,3.935961,0.001237,10,3.936114,0.000872
4,5,9,1,0|3|0|0|1,0|0|2|2|1,0,10,3.936166,0.000917,10,3.936128,0.001054
4,5,9,1,0|3|0|0|2,0|0|2|2|0,0,10,3.929996,0.000840,10,3.929864,0.000581
4,5,9,1,0|3|0|0|0,0|0|2|3|1,0,10,3.924956,0.000909,10,3.924835,0.000558
4,5,9,1,0|3|0|0|1,0|0|2|3|0,0,10,3.918781,0.001112,10,3.918728,0.000744
4,5,9,1,0|3|0|0|0,0|0|2|4|0,0,10,3.874128,0.000501,10,3.873969,0.000501
4,5,9,1,0|3|0|1|0,0|0|2|0|3,0,10,3.931622,0.001492,10,3.931874,0.001557
4,5,9,1,0|3|0|1|1,0|0|2|0|2,0,10,3.931922,0.000753,10,3.931684,0.000934
4,5,9,1,0|3|0|1|2,0|0|2|0|1,0,10,3.928412,0.000555,10,3.928026,0.001735
4,5,9,1,0|3|0|1|3,0|0|2|0|0,0,10,3.920928,0.001016,10,3.921313,0.001167
4,5,9,1,0|3|0|1|0,0|0|2|1|2,0,10,3.935112,0.001188,10,3.935652,0.000652
4,5,9,1,0|3|0|1|1,0|0|2|1|1,0,10,3.934715,0.000844,10,3.934493,0.000757
4,5,9,1,0|3|0|1|2,0|0|2|1|0,0,10,3.927898,0.000919,10,3.928165,0.000682
4,5,9,1,0|3|0|1|0,0|0|2|2|1,0,10,3.925001,0.000906,10,3.924779,0.000971
4,5,9,1,0|3|0|1|1,0|0|2|2|0,0,10,3.918265,0.000888,10,3.918461,0.000654
4,5,9,1,0|3|0|1|0,0|0|2|3|0,0,10,3.875644,0.000728,10,3.875242,0.000705
4,5,9,1,0|3|0|2|0,0|0|2|0|2,0,10,3.928482,0.001001,10,3.928743,0.000679
4,5,9,1,0|3|0|2|1,0|0|2|0|1,0,10,3.927161,0.001141,10,3.926762,0.001151
4,5,9,1,0|3|0|2|2,0|0|2|0|0,0,10,3.916795,0.000701,10,3.916799,0.000879
4,5,9,1,0|3|0|2|0,0|0|2|1|1,0,10,3.921365,0.000533,10,3.921761,0.000749
4,5,9,1,0|3|0|2|1,0|0|2|1|0,0,10,3.913498,0.000896,10,3.913441,0.000861
4,5,9,1,0|3|0|2|0,0|0|2|2|0,0,10,3.872555,0.000710,10,3.872047,0.000460
4,5,9,1,0|3|0|3|0,0|0|2|0|1,0,10,3.913915,0.000642,10,3.914025,0.000750
4,5,9,1,0|3|0|3|1,0|0|2|0|0,0,10,3.904432,0.000856,10,3.903991,0.000629
4,5,9,1,0|3|0|3|0,0|0|2|1|0,0,10,3.866783,0.000558,10,3.866653,0.000396
4,5,9,1,0|3|0|4|0,0|0|2|0|0,0,10,3.857189,0.000891,10,3.856958,0.000630
4,5,9,1,0|3|0|0|0,0|0|3|0|3,0,10,3.904602,0.000504,10,3.904754,0.001069
4,5,9,1,0|3|0|0|1,0|0|3|0|2,0,10,3.905957,0.001027,10,3.905615,0.001098
4,5,9,1,0|3|0|0|2,0|0|3|0|1,0,10,3.901030,0.001242,10,3.900790,0.000501
4,5,9,1,0|3|0|0|3,0|0|3|0|0,0,10,3.889083,0.000857,10,3.889024,0.001166
4,5,9,1,0|3|0|0|0,0|0|3|1|2,0,10,3.924894,0.000709,10,3.924752,0.001232
4,5,9,1,0|3|0|0|1,0|0|3|1|1,0,10,3.923487,0.000897,10,3.923851,0.000797
4,5,9,1,0|3|0|0|2,0|0|3|1|0,0,10,3.914315,0.000799,10,3.914887,0.001133
4,5,9,1,0|3|0|0|0,0|0|3|2|1,0,10,3.914613,0.000760,10,3.914600,0.000799
4,5,9,1,0|3|0|0|1,0|0|3|2|0,0,10,3.906182,0.000644,10,3.906326,0.000769
4,5,9,1,0|3|0|0|0,0|0|3|3|0,0,10,3.858629,0.000320,10,3.858570,0.000524
4,5,9,1,0|3|0|1|0,0|0|3|0|2,0,10,3.916579,0.000962,10,3.917219,0.001341
4,5,9,1,0|3|0|1|1,0|0|3|0|1,0,10,3.913970,0.000472,10,3.913712,0.001219
4,5,9,1,0|3|0|1|2,0|0|3|0|0,0,10,3.901577,0.000676,10,3.901057,0.000856
4,5,9,1,0|3|0|1|0,0|0|3|1|1,0,10,3.912265,0.000681,10,3.912709,0.000765
4,5,9,1,0|3|0|1|1,0|0|3|1|0,0,10,3.903416,0.000480,10,3.902931,0.000710
4,5,9,1,0|3|0|1|0,0|0|3|2|0,0,10,3.859571,0.000689,10,3.859556,0.000558
4,5,9,1,0|3|0|2|0,0|0|3|0|1,0,10,3.901849,0.000725,10,3.901919,0.000524
4,5,9,1,0|3|0|2|1,0|0|3|0|0,0,10,3.888466,0.000875,10,3.888574,0.001104
4,5,9,1,0|3|0|2|0,0|0|3|1|0,0,10,3.852081,0.000396,10,3.852097,0.000531
4,5,9,1,0|3|0|3|0,0|0|3|0|0,0,10,3.837832,0.000603,10,3.837730,0.000429
4,5,9,1,0|3|0|0|0,0|0|4|0|2,0,10,3.878946,0.000626,10,3.878552,0.001068
4,5,9,1,0|3|0|0|1,0|0|4|0|1,0,10,3.877152,0.000870,10,3.876782,0.000853
4,5,9,1,0|3|0|0|2,0|0|4|0|0,0,10,3.857113,0.000672,10,3.856707,0.000699
4,5,9,1,0|3|0|0|0,0|0|4|1|1,0,10,3.890696,0.000702,10,3.890646,0.000671
4,5,9,1,0|3|0|0|1,0|0|4|1|0,0,10,3.878485,0.000552,10,3.878691,0.000461
4,5,9,1,0|3|0|0|0,0|0|4|2|0,0,10,3.829125,0.000459,10,3.828909,0.000560
4,5,9,1,0|3|0|1|0,0|0|4|0|1,0,10,3.877210,0.000756,10,3.877973,0.000901
4,5,9,1,0|3|0|1|1,0|0|4|0|0,0,10,3.859584,0.000888,10,3.858877,0.000727
4,5,9,1,0|3|0|1|0,0|0|4|1|0,0,10,3.825823,0.000589,10,3.825712,0.000834
4,5,9,1,0|3|0|2|0,0|0|4|0|0,0,10,3.804954,0.000444,10,3.804954,0.000422
4,5,9,1,0|3|0|0|0,0|0|5|0|1,0,10,3.812343,0.000560,10,3.812595,0.000726
4,5,9,1,0|3|0|0|1,0|0|5|0|0,0,10,3.787656,0.000612,10,3.787689,0.000649
4,5,9,1,0|3|0|0|0,0|0|5|1|0,0,10,3.768488,0.000483,10,3.768599,0.000346
4,5,9,1,0|3|0|1|0,0|0|5|0|0,0,10,3.744254,0.000412,10,3.744097,0.000459
4,5,9,1,0|3|0|0|0,0|0|6|0|0,0,10,3.583335,0.000625,10,3.583378,0.000552
4,5,9,1,0|3|1|0|0,0|0|0|0|5,0,10,3.916436,0.001095,10,3.916506,0.001438
4,5,9,1,0|3|1|0|1,0|0|0|0|4,0,10,3.916863,0.001020,10,3.917012,0.001116
4,5,9,1,0|3|1|0|2,0|0|0|0|3,0,10,3.916550,0.001440,10,3.916350,0.000863
4,5,9,1,0|3|1|0|3,0|0|0|0|2,0,10,3.914689,0.001667,10,3.914325,0.001401
4,5,9,1,0|3|1|0|4,0|0|0|0|1,0,10,3.911813,0.000812,10,3.911731,0.001192
4,5,9,1,0|3|1|0|5,0|0|0|0|0,0,10,3.907686,0.000875,10,3.908222,0.001207
4,5,9,1,0|3|1|0|0,0|0|0|1|4,0,10,3.938070,0.001502,10,3.938523,0.001072
4,5,9,1,0|3|1|0|1,0|0|0|1|3,0,10,3.938721,0.001082,10,3.938169,0.001173
4,5,9,1,0|3|1|0|2,0|0|0|1|2,0,10,3.937240,0.000859,10,3.937373,0.001310
4,5,9,1,0|3|1|0|3,0|0|0|1|1,0,10,3.935935,0.001266,10,3.935253,0.001008
4,5,9,1,0|3|1|0|4,0|0|0|1|0,0,10,3.932603,0.000894,10,3.932580,0.001224
4,5,9,1,0|3|1|0|0,0|0|0|2|3,0,10,3.940522,0.001067,10,3.940687,0.001147
4,5,9,1,0|3|1|0|1,0|0|0|2|2,0,10,3.941148,0.001035,10,3.940713,0.000919
4,5,9,1,0|3|1|0|2,0|0|0|2|1,0,10,3.938638,0.001124,10,3.938115,0.001255
4,5,9,1,0|3|1|0|3,0|0|0|2|0,0,10,3.934133,0.000938,10,3.934310,0.000890
4,5,9,1,0|3|1|0|0,0|0|0|3|2,0,10,3.936197,0.001160,10,3.936156,0.000876
4,5,9,1,0|3|1|0|1,0|0|0|3|1,0,10,3.936133,0.001498,10,3.935947,0.000921
4,5,9,1,0|3|1|0|2,0|0|0|3|0,0,10,3.928767,0.000847,10,3.928911,0.000957
4,5,9,1,0|3|1|0|0,0|0|0|4|1,0,10,3.921836,0.000927,10,3.922437,0.000748
4,5,9,1,0|3|1|0|1,0|0|0|4|0,0,10,3.915087,0.000612,10,3.914970,0.000905
4,5,9,1,0|3|1|0|0,0|0|0|5|0,0,10,3.863443,0.000464,10,3.863677,0.000595
4,5,9,1,0|3|1|1|0,0|0|0|0|4,0,10,3.933652,0.001130,10,3.932657,0.000813
4,5,9,1,0|3|1|1|1,0|0|0|0|3,0,10,3.933032,0.001056,10,3.932982,0.001268
4,5,9,1,0|3|1|1|2,0|0|0|0|2,0,10,3.930585,0.001049,10,3.930944,0.001146
4,5,9,1,0|3|1|1|3,0|0|0|0|1,0,10,3.928045,0.000785,10,3.928191,0.000728
4,5,9,1,0|3|1|1|4,0|0|0|0|0,0,10,3.923552,0.001038,10,3.923655,0.000866
4,5,9,1,0|3|1|1|0,0|0|0|1|3,0,10,3.938686,0.000922,10,3.939051,0.001389
4,5,9,1,0|3|1|1|1,0|0|0|1|2,0,10,3.937822,0.001439,10,3.939249,0.001019
4,5,9,1,0|3|1|1|2,0|0|0|1|1,0,10,3.936308,0.001235,10,3.935897,0.000844
4,5,9,1,0|3|1|1|3,0|0|0|1|0,0,10,3.931198,0.000997,10,3.930918,0.001149
4,5,9,1,0|3|1|1|0,0|0|0|2|2,0,10,3.935531,0.001109,10,3.935646,0.001106
4,5,9,1,0|3|1|1|1,0|0|0|2|1,0,10,3.935039,0.001306,10,3.934614,0.000670
4,5,9,1,0|3|1|1|2,0|0|0|2|0,0,10,3.927582,0.000880,10,3.927832,0.000929
4,5,9,1,0|3|1|1|0,0|0|0|3|1,0,10,3.921480,0.000695,10,3.921757,0.000797
4,5,9,1,0|3|1|1|1,0|0|0|3|0,0,10,3.913913,0.000458,10,3.913741,0.000898
4,5,9,1,0|3|1|1|0,0|0|0|4|0,0,10,3.864872,0.000523,10,3.864684,0.000682
4,5,9,1,0|3|1|2|0,0|0|0|0|3,0,10,3.933156,0.001364,10,3.933917,0.001011
4,5,9,1,0|3|1|2|1,0|0|0|0|2,0,10,3.932595,0.000810,10,3.932881,0.000439
4,5,9,1,0|3|1|2|2,0|0|0|0|1,0,10,3.928827,0.001092,10,3.929587,0.000679
4,5,9,1,0|3|1|2|3,0|0|0|0|0,0,10,3.921034,0.001033,10,3.921143,0.001056
4,5,9,1,0|3|1|2|0,0|0|0|1|2,0,10,3.932577,0.000951,10,3.932481,0.000939
4,5,9,1,0|3|1|2|1,0|0|0|1|1,0,10,3.931551,0.000891,10,3.931437,0.000800
4,5,9,1,0|3|1|2|2,0|0|0|1|0,0,10,3.923512,0.001019,10,3.923225,0.001130
4,5,9,1,0|3|1|2|0,0|0|0|2|1,0,10,3.918159,0.000633,10,3.918465,0.000975
4,5,9,1,0|3|1|2|1,0|0|0|2|0,0,10,3.910162,0.000580,10,3.910451,0.000677
4,5,9,1,0|3|1|2|0,0|0|0|3|0,0,10,3.861896,0.000578,10,3.862040,0.000940
4,5,9,1,0|3|1|3|0,0|0|0|0|2,0,10,3.927337,0.001083,10,3.926983,0.001287
4,5,9,1,0|3|1|3|1,0|0|0|0|1,0,10,3.925571,0.000881,10,3.925881,0.001111
4,5,9,1,0|3|1|3|2,0|0|0|0|0,0,10,3.914497,0.000624,10,3.914514,0.000793
4,5,9,1,0|3|1|3|0,0|0|0|1|1,0,10,3.915534,0.001006,10,3.915726,0.000814
4,5,9,1,0|3|1|3|1,0|0|0|1|0,0,10,3.906057,0.000401,10,3.906263,0.000799
4,5,9,1,0|3|1|3|0,0|0|0|2|0,0,10,3.859069,0.000441,10,3.859269,0.000602
4,5,9,1,0|3|1|4|0,0|0|0|0|1,0,10,3.909782,0.000736,10,3.910188,0.000794
4,5,9,1,0|3|1|4|1,0|0|0|0|0,0,10,3.899082,0.000583,10,3.900108,0.000873
4,5,9,1,0|3|1|4|0,0|0|0|1|0,0,10,3.854969,0.000781,10,3.855367,0.000484
4,5,9,1,0|3|1|5|0,0|0|0|0|0,0,10,3.847466,0.000694,10,3.847523,0.000682
4,5,9,1,0|3|1|0|0,0|0|1|0|4,0,10,3.915621,0.001181,10,3.917129,0.001133
4,5,9,1,0|3|1|0|1,0|0|1|0|3,0,10,3.916638,0.001194,10,3.916892,0.001168
4,5,9,1,0|3|1|0|2,0|0|1|0|2,0,10,3.915171,0.001092,10,3.915104,0.001030
4,5,9,1,0|3|1|0|3,0|0|1|0|1,0,10,3.911894,0.000920,10,3.911628,0.000603
4,5,9,1,0|3|1|0|4,0|0|1|0|0,0,10,3.905014,0.001320,10,3.905285,0.000886
4,5,9,1,0|3|1|0|0,0|0|1|1|3,0,10,3.934500,0.001251,10,3.934983,0.000703
4,5,9,1,0|3|1|0|1,0|0|1|1|2,0,10,3.936023,0.001002,10,3.935626,0.000942
4,5,9,1,0|3|1|0|2,0|0|1|1|1,0,10,3.933762,0.000939,10,3.933687,0.000928
4,5,9,1,0|3|1|0|3,0|0|1|1|0,0,10,3.928951,0.001082,10,3.928057,0.000747
4,5,9,1,0|3|1|0|0,0|0|1|2|2,0,10,3.935148,0.000699,10,3.935742,0.000949
4,5,9,1,0|3|1|0|1,0|0|1|2|1,0,10,3.934769,0.001130,10,3.934481,0.001170
4,5,9,1,0|3|1|0|2,0|0|1|2|0,0,10,3.928117,0.000823,10,3.927904,0.001111
4,5,9,1,0|3|1|0|0,0|0|1|3|1,0,10,3.923458,0.000806,10,3.923582,0.001046
4,5,9,1,0|3|1|0|1,0|0|1|3|0,0,10,3.916307,0.000919,10,3.916750,0.001000
4,5,9,1,0|3|1|0|0,0|0|1|4|0,0,10,3.872021,0.000708,10,3.872114,0.000791
4,5,9,1,0|3|1|1|0,0|0|1|0|3,0,10,3.929444,0.000958,10,3.929915,0.000762
4,5,9,1,0|3|1|1|1,0|0|1|0|2,0,10,3.929328,0.001442,10,3.929446,0.000858
4,5,9,1,0|3|1|1|2,0|0|1|0|1,0,10,3.925459,0.000784,10,3.925537,0.000643
4,5,9,1,0|3|1|1|3,0|0|1|0|0,0,10,3.917246,0.000808,10,3.917443,0.000966
4,5,9,1,0|3|1|1|0,0|0|1|1|2,0,10,3.932699,0.001079,10,3.933356,0.000988
4,5,9,1,0|3|1|1|1,0|0|1|1|1,0,10,3.932372,0.001449,10,3.931816,0.000852
4,5,9,1,0|3|1|1|2,0|0|1|1|0,0,10,3.924825,0.000441,10,3.924379,0.000751
4,5,9,1,0|3|1|1|0,0|0|1|2|1,0,10,3.922279,0.000986,10,3.922158,0.001164
4,5,9,1,0|3|1|1|1,0|0|1|2|0,0,10,3.914836,0.000759,10,3.914182,0.001096
4,5,9,1,0|3|1|1|0,0|0|1|3|0,0,10,3.872629,0.000587,10,3.872566,0.000577
4,5,9,1,0|3|1|2|0,0|0|1|0|2,0,10,3.926260,0.000631,10,3.926235,0.000917
4,5,9,1,0|3|1|2|1,0|0|1|0|1,0,10,3.923667,0.000671,10,3.923177,0.000873
4,5,9,1,0|3|1|2|2,0|0|1|0|0,0,10,3.912492,0.000812,10,3.912635,0.000880
4,5,9,1,0|3|1|2|0,0|0|1|1|1,0,10,3.918212,0.000849,10,3.917959,0.000761
4,5,9,1,0|3|1|2|1,0|0|1|1|0,0,10,3.909239,0.000733,10,3.908914,0.000938
4,5,9,1,0|3|1|2|0,0|0|1|2|0,0,10,3.868935,0.000784,10,3.868936,0.000676
4,5,9,1,0|3|1|3|0,0|0|1|0|1,0,10,3.911070,0.000841,10,3.910522,0.000932
4,5,9,1,0|3|1|3|1,0|0|1|0|0,0,10,3.899907,0.000650,10,3.900172,0.000677
4,5,9,1,0|3|1|3|0,0|0|1|1|0,0,10,3.862907,0.000400,10,3.863211,0.000916
4,5,9,1,0|3|1|4|0,0|0|1|0|0,0,10,3.853042,0.000438,10,3.853347,0.000558
4,5,9,1,0|3|1|0|0,0|0|2|0|3,0,10,3.905139,0.000789,10,3.904977,0.001170
4,5,9,1,0|3|1|0|1,0|0|2|0|2,0,10,3.905207,0.000891,10,3.906002,0.001049
4,5,9,1,0|3|1|0|2,0|0|2|0|1,0,10,3.900795,0.000405,10,3.899650,0.001055
4,5,9,1,0|3|1|0|3,0|0|2|0|0,0,10,3.888067,0.000389,10,3.887954,0.000810
4,5,9,1,0|3|1|0|0,0|0|2|1|2,0,10,3.923374,0.001081,10,3.922734,0.000785
4,5,9,1,0|3|1|0|1,0|0|2|1|1,0,10,3.922331,0.000954,10,3.922172,0.000825
4,5,9,1,0|3|1|0|2,0|0|2|1|0,0,10,3.911972,0.000624,10,3.912287,0.000903
4,5,9,1,0|3|1|0|0,0|0|2|2|1,0,10,3.913107,0.000488,10,3.913018,0.000860
4,5,9,1,0|3|1|0|1,0|0|2|2|0,0,10,3.904277,0.001096,10,3.904168,0.000531
4,5,9,1,0|3|1|0|0,0|0|2|3|0,0,10,3.857808,0.000361,10,3.858020,0.000306
4,5,9,1,0|3|1|1|0,0|0|2|0|2,0,10,3.914373,0.000991,10,3.914516,0.000945
4,5,9,1,0|3|1|1|1,0|0|2|0|1,0,10,3.911037,0.001025,10,3.910961,0.000856
4,5,9,1,0|3|1|1|2,0|0|2|0|0,0,10,3.897651,0.000828,10,3.897453,0.000939
4,5,9,1,0|3|1|1|0,0|0|2|1|1,0,10,3.910013,0.000711,10,3.909931,0.000965
4,5,9,1,0|3|1|1|1,0|0|2|1|0,0,10,3.899323,0.000737,10,3.899432,0.000580
4,5,9,1,0|3|1|1|0,0|0|2|2|0,0,10,3.857059,0.000810,10,3.857030,0.000585
4,5,9,1,0|3|1|2|0,0|0|2|0|1,0,10,3.898302,0.000689,10,3.898428,0.000649
4,5,9,1,0|3|1|2|1,0|0|2|0|0,0,10,3.884290,0.000926,10,3.884473,0.000708
4,5,9,1,0|3|1|2|0,0|0|2|1|0,0,10,3.849244,0.000395,10,3.849542,0.000795
4,5,9,1,0|3|1|3|0,0|0|2|0|0,0,10,3.834514,0.000453,10,3.834532,0.000438
4,5,9,1,0|3|1|0|0,0|0|3|0|2,0,10,3.878646,0.000717,10,3.878601,0.000624
4,5,9,1,0|3|1|0|1,0|0|3|0|1,0,10,3.875113,0.000959,10,3.875546,0.001078
4,5,9,1,0|3|1|0|2,0|0|3|0|0,0,10,3.855088,0.000716,10,3.854921,0.000507
4,5,9,1,0|3|1|0|0,0|0|3|1|1,0,10,3.888405,0.000865,10,3.888808,0.000489
4,5,9,1,0|3|1|0|1,0|0|3|1|0,0,10,3.875685,0.000636,10,3.875700,0.000898
4,5,9,1,0|3|1|0|0,0|0|3|2|0,0,10,3.828006,0.000481,10,3.828095,0.000512
4,5,9,1,0|3|1|1|0,0|0|3|0|1,0,10,3.873782,0.000471,10,3.874026,0.000431
4,5,9,1,0|3|1|1|1,0|0|3|0|0,0,10,3.854772,0.000575,10,3.854193,0.000821
4,5,9,1,0|3|1|1|0,0|0|3|1|0,0,10,3.822645,0.000474,10,3.822898,0.000552
4,5,9,1,0|3|1|2|0,0|0|3|0|0,0,10,3.801448,0.000651,10,3.801380,0.000433
4,5,9,1,0|3|1|0|0,0|0|4|0|1,0,10,3.811975,0.000520,10,3.811965,0.000555
4,5,9,1,0|3|1|0|1,0|0|4|0|0,0,10,3.786267,0.000496,10,3.786392,0.000340
4,5,9,1,0|3|1|0|0,0|0|4|1|0,0,10,3.767841,0.000523,10,3.767496,0.000386
4,5,9,1,0|3|1|1|0,0|0|4|0|0,0,10,3.741256,0.000287,10,3.740902,0.000456
4,5,9,1,0|3|1|0|0,0|0|5|0|0,0,10,3.589262,0.000747,10,3.589421,0.000511
4,5,9,1,0|3|2|0|0,0|0|0|0|4,0,10,3.914828,0.000961,10,3.914115,0.001537
4,5,9,1,0|3|2|0|1,0|0|0|0|3,0,10,3.915199,0.000935,10,3.914995,0.001226
4,5,9,1,0|3|2|0|2,0|0|0|0|2,0,10,3.912440,0.001297,10,3.912106,0.001092
4,5,9,1,0|3|2|0|3,0|0|0|0|1,0,10,3.908668,0.001030,10,3.908103,0.001059
4,5,9,1,0|3|2|0|4,0|0|0|0|0,0,10,3.900381,0.000985,10,3.900044,0.001075
4,5,9,1,0|3|2|0|0,0|0|0|1|3,0,10,3.933385,0.001007,10,3.934534,0.000564
4,5,9,1,0|3|2|0|1,0|0|0|1|2,0,10,3.934611,0.001201,10,3.934386,0.001492
4,5,9,1,0|3|2|0|2,0|0|0|1|1,0,10,3.931309,0.000972,10,3.931417,0.001491
4,5,9,1,0|3|2|0|3,0|0|0|1|0,0,10,3.925520,0.000802,10,3.925436,0.001455
4,5,9,1,0|3|2|0|0,0|0|0|2|2,0,10,3.932512,0.001054,10,3.932613,0.001067
4,5,9,1,0|3|2|0|1,0|0|0|2|1,0,10,3.932218,0.000670,10,3.932046,0.000899
4,5,9,1,0|3|2|0|2,0|0|0|2|0,0,10,3.924618,0.000833,10,3.924204,0.001204
4,5,9,1,0|3|2|0|0,0|0|0|3|1,0,10,3.920152,0.001080,10,3.920473,0.001015
4,5,9,1,0|3|2|0|1,0|0|0|3|0,0,10,3.912501,0.000880,10,3.912618,0.000822
4,5,9,1,0|3|2|0|0,0|0|0|4|0,0,10,3.866547,0.000443,10,3.866516,0.000607
4,5,9,1,0|3|2|1|0,0|0|0|0|3,0,10,3.927139,0.001114,10,3.927031,0.001239
4,5,9,1,0|3|2|1|1,0|0|0|0|2,0,10,3.925721,0.001095,10,3.926047,0.001002
4,5,9,1,0|3|2|1|2,0|0|0|0|1,0,10,3.921433,0.001398,10,3.921334,0.000937
4,5,9,1,0|3|2|1|3,0|0|0|0|0,0,10,3.912652,0.000584,10,3.912482,0.001280
4,5,9,1,0|3|2|1|0,0|0|0|1|2,0,10,3.929859,0.000985,10,3.930464,0.001168
4,5,9,1,0|3|2|1|1,0|0|0|1|1,0,10,3.929154,0.000698,10,3.928502,0.000817
4,5,9,1,0|3|2|1|2,0|0|0|1|0,0,10,3.920188,0.000877,10,3.920510,0.000885
4,5,9,1,0|3|2|1|0,0|0|0|2|1,0,10,3.919326,0.000780,10,3.919323,0.000725
4,5,9,1,0|3|2|1|1,0|0|0|2|0,0,10,3.910836,0.000659,10,3.910704,0.000810
4,5,9,1,0|3|2|1|0,0|0|0|3|0,0,10,3.866936,0.000669,10,3.867035,0.000765
4,5,9,1,0|3|2|2|0,0|0|0|0|2,0,10,3.921785,0.000786,10,3.921710,0.001247
4,5,9,1,0|3|2|2|1,0|0|0|0|1,0,10,3.919864,0.000573,10,3.919373,0.000944
4,5,9,1,0|3|2|2|2,0|0|0|0|0,0,10,3.906362,0.000577,10,3.906613,0.001078
4,5,9,1,0|3|2|2|0,0|0|0|1|1,0,10,3.913339,0.000711,10,3.913848,0.000708
4,5,9,1,0|3|2|2|1,0|0|0|1|0,0,10,3.904093,0.000502,10,3.904309,0.000737
4,5,9,1,0|3|2|2|0,0|0|0|2|0,0,10,3.862510,0.000368,10,3.862064,0.000346
4,5,9,1,0|3|2|3|0,0|0|0|0|1,0,10,3.904955,0.000527,10,3.905082,0.000735
4,5,9,1,0|3|2|3|1,0|0|0|0|0,0,10,3.892599,0.000889,10,3.892431,0.000606
4,5,9,1,0|3|2|3|0,0|0|0|1|0,0,10,3.855636,0.000707,10,3.855644,0.000372
4,5,9,1,0|3|2|4|0,0|0|0|0|0,0,10,3.843178,0.000522,10,3.843675,0.000495
4,5,9,1,0|3|2|0|0,0|0|1|0|3,0,10,3.903814,0.000871,10,3.903947,0.001196
4,5,9,1,0|3|2|0|1,0|0|1|0|2,0,10,3.903987,0.000829,10,3.904118,0.001036
4,5,9,1,0|3|2|0|2,0|0|1|0|1,0,10,3.898455,0.000796,10,3.898335,0.001145
4,5,9,1,0|3|2|0|3,0|0|1|0|0,0,10,3.885066,0.000637,10,3.885370,0.000529
4,5,9,1,0|3|2|0|0,0|0|1|1|2,0,10,3.921725,0.000757,10,3.921747,0.000978
4,5,9,1,0|3|2|0|1,0|0|1|1|1,0,10,3.920403,0.000638,10,3.920362,0.001007
4,5,9,1,0|3|2|0|2,0|0|1|1|0,0,10,3.910346,0.000848,10,3.909906,0.000873
4,5,9,1,0|3|2|0|0,0|0|1|2|1,0,10,3.911100,0.000959,10,3.911067,0.000980
4,5,9,1,0|3|2|0|1,0|0|1|2|0,0,10,3.901992,0.000943,10,3.901915,0.000966
4,5,9,1,0|3|2|0|0,0|0|1|3|0,0,10,3.854789,0.000477,10,3.855061,0.000494
4,5,9,1,0|3|2|1|0,0|0|1|0|2,0,10,3.912401,0.001082,10,3.911933,0.001219
4,5,9,1,0|3|2|1|1,0|0|1|0|1,0,10,3.908348,0.001303,10,3.908314,0.001170
4,5,9,1,0|3|2|1|2,0|0|1|0|0,0,10,3.894116,0.000735,10,3.893679,0.001191
4,5,9,1,0|3|2|1|0,0|0|1|1|1,0,10,3.907437,0.000550,10,3.907609,0.000814
4,5,9,1,0|3|2|1|1,0|0|1|1|0,0,10,3.896759,0.000355,10,3.896582,0.000391
4,5,9,1,0|3|2|1|0,0|0|1|2|0,0,10,3.854158,0.000589,10,3.854478,0.000639
4,5,9,1,0|3|2|2|0,0|0|1|0|1,0,10,3.894860,0.000570,10,3.895283,0.000629
4,5,9,1,0|3|2|2|1,0|0|1|0|0,0,10,3.879954,0.000865,10,3.879557,0.000861
4,5,9,1,0|3|2|2|0,0|0|1|1|0,0,10,3.845405,0.000475,10,3.845909,0.000498
4,5,9,1,0|3|2|3|0,0|0|1|0|0,0,10,3.829433,0.000417,10,3.829356,0.000578
4,5,9,1,0|3|2|0|0,0|0|2|0|2,0,10,3.877184,0.000897,10,3.877895,0.000889
4,5,9,1,0|3|2|0|1,0|0|2|0|1,0,10,3.874431,0.000774,10,3.874187,0.001058
4,5,9,1,0|3|2|0|2,0|0|2|0|0,0,10,3.852234,0.000635,10,3.852539,0.000637
4,5,9,1,0|3|2|0|0,0|0|2|1|1,0,10,3.886874,0.000529,10,3.887369,0.000720
4,5,9,1,0|3|2|0|1,0|0|2|1|0,0,10,3.873987,0.000821,10,3.873582,0.000768
4,5,9,1,0|3|2|0|0,0|0|2|2|0,0,10,3.825646,0.000671,10,3.826056,0.000547
4,5,9,1,0|3|2|1|0,0|0|2|0|1,0,10,3.871752,0.000794,10,3.871637,0.000651
4,5,9,1,0|3|2|1|1,0|0|2|0|0,0,10,3.851501,0.000667,10,3.851258,0.000675
4,5,9,1,0|3|2|1|0,0|0|2|1|0,0,10,3.820641,0.000613,10,3.820738,0.000497
4,5,9,1,0|3|2|2|0,0|0|2|0|0,0,10,3.797595,0.000342,10,3.797180,0.000258
4,5,9,1,0|3|2|0|0,0|0|3|0|1,0,10,3.811415,0.000375,10,3.811428,0.000334
4,5,9,1,0|3|2|0|1,0|0|3|0|0,0,10,3.784892,0.000956,10,3.784950,0.000545
4,5,9,1,0|3|2|0|0,0|0|3|1|0,0,10,3.766749,0.000405,10,3.766702,0.000446
4,5,9,1,0|3|2|1|0,0|0|3|0|0,0,10,3.739079,0.000477,10,3.738946,0.000363
4,5,9,1,0|3|2|0|0,0|0|4|0|0,0,10,3.591761,0.000628,10,3.591842,0.000546
4,5,9,1,0|3|3|0|0,0|0|0|0|3,0,10,3.902681,0.001029,10,3.902468,0.001045
4,5,9,1,0|3|3|0|1,0|0|0|0|2,0,10,3.903169,0.001168,10,3.902910,0.000769
4,5,9,1,0|3|3|0|2,0|0|0|0|1,0,10,3.897121,0.000754,10,3.896579,0.000887
4,5,9,1,0|3|3|0|3,0|0|0|0|0,0,10,3.882373,0.000616,10,3.882360,0.000873
4,5,9,1,0|3|3|0|0,0|0|0|1|2,0,10,3.920567,0.001235,10,3.921162,0.001248
4,5,9,1,0|3|3|0|1,0|0|0|1|1,0,10,3.919094,0.001134,10,3.919535,0.001168
4,5,9,1,0|3|3|0|2,0|0|0|1|0,0,10,3.908410,0.000955,10,3.908286,0.001317
4,5,9,1,0|3|3|0|0,0|0|0|2|1,0,10,3.909483,0.000870,10,3.909851,0.000755
4,5,9,1,0|3|3|0|1,0|0|0|2|0,0,10,3.899870,0.000624,10,3.899738,0.000478
4,5,9,1,0|3|3|0|0,0|0|0|3|0,0,10,3.852187,0.000360,10,3.852284,0.000611
4,5,9,1,0|3|3|1|0,0|0|0|0|2,0,10,3.910755,0.001086,10,3.910595,0.000904
4,5,9,1,0|3|3|1|1,0|0|0|0|1,0,10,3.906580,0.000612,10,3.906634,0.000655
4,5,9,1,0|3|3|1|2,0|0|0|0|0,0,10,3.891258,0.000813,10,3.890963,0.000625
4,5,9,1,0|3|3|1|0,0|0|0|1|1,0,10,3.906208,0.001017,10,3.906115,0.000982
4,5,9,1,0|3|3|1|1,0|0|0|1|0,0,10,3.895030,0.000759,10,3.895502,0.000835
4,5,9,1,0|3|3|1|0,0|0|0|2|0,0,10,3.851884,0.000644,10,3.852355,0.000432
4,5,9,1,0|3|3|2|0,0|0|0|0|1,0,10,3.892572,0.000702,10,3.892820,0.000549
4,5,9,1,0|3|3|2|1,0|0|0|0|0,0,10,3.876822,0.000878,10,3.876962,0.000719
4,5,9,1,0|3|3|2|0,0|0|0|1|0,0,10,3.842848,0.000734,10,3.842997,0.000589
4,5,9,1,0|3|3|3|0,0|0|0|0|0,0,10,3.824275,0.000464,10,3.824641,0.000674
4,5,9,1,0|3|3|0|0,0|0|1|0|2,0,10,3.876676,0.000587,10,3.876738,0.001062
4,5,9,1,0|3|3|0|1,0|0|1|0|1,0,10,3.873811,0.000864,10,3.873757,0.000689
4,5,9,1,0|3|3|0|2,0|0|1|0|0,0,10,3.851150,0.000581,10,3.851197,0.000820
4,5,9,1,0|3|3|0|0,0|0|1|1|1,0,10,3.886435,0.000732,10,3.886069,0.000393
4,5,9,1,0|3|3|0|1,0|0|1|1|0,0,10,3.872890,0.000774,10,3.872782,0.000763
4,5,9,1,0|3|3|0|0,0|0|1|2|0,0,10,3.825199,0.000494,10,3.824516,0.000487
4,5,9,1,0|3|3|1|0,0|0|1|0|1,0,10,3.870708,0.000582,10,3.871047,0.000828
4,5,9,1,0|3|3|1|1,0|0|1|0|0,0,10,3.850114,0.000553,10,3.850458,0.000655
4,5,9,1,0|3|3|1|0,0|0|1|1|0,0,10,3.819802,0.000533,10,3.819389,0.000487
4,5,9,1,0|3|3|2|0,0|0|1|0|0,0,10,3.795336,0.000763,10,3.795131,0.000479
4,5,9,1,0|3|3|0|0,0|0|2|0|1,0,10,3.811074,0.000596,10,3.811237,0.000666
4,5,9,1,0|3|3|0|1,0|0|2|0|0,0,10,3.784435,0.000507,10,3.784613,0.000504
4,5,9,1,0|3|3|0|0,0|0|2|1|0,0,10,3.766398,0.000545,10,3.766135,0.000320
4,5,9,1,0|3|3|1|0,0|0|2|0|0,0,10,3.738708,0.000290,10,3.738543,0.000305
4,5,9,1,0|3|3|0|0,0|0|3|0|0,0,10,3.592528,0.000582,10,3.592848,0.000391
4,5,9,1,0|3|4|0|0,0|0|0|0|2,0,10,3.875525,0.000635,10,3.876063,0.000844
4,5,9,1,0|3|4|0|1,0|0|0|0|1,0,10,3.873405,0.000482,10,3.872532,0.000700
4,5,9,1,0|3|4|0|2,0|0|0|0|0,0,10,3.849682,0.000454,10,3.849606,0.000777
4,5,9,1,0|3|4|0|0,0|0|0|1|1,0,10,3.885934,0.000472,10,3.885217,0.000717
4,5,9,1,0|3|4|0|1,0|0|0|1|0,0,10,3.871812,0.000746,10,3.871863,0.000472
4,5,9,1,0|3|4|0|0,0|0|0|2|0,0,10,3.823457,0.000415,10,3.823494,0.000610
4,5,9,1,0|3|4|1|0,0|0|0|0|1,0,10,3.869922,0.000591,10,3.869734,0.000655
4,5,9,1,0|3|4|1|1,0|0|0|0|0,0,10,3.848873,0.000609,10,3.849045,0.000427
4,5,9,1,0|3|4|1|0,0|0|0|1|0,0,10,3.818705,0.000406,10,3.818783,0.000607
4,5,9,1,0|3|4|2|0,0|0|0|0|0,0,10,3.793587,0.000512,10,3.793386,0.000674
4,5,9,1,0|3|4|0|0,0|0|1|0|1,0,10,3.810886,0.000691,10,3.810915,0.000434
4,5,9,1,0|3|4|0|1,0|0|1|0|0,0,10,3.784360,0.000562,10,3.784272,0.000543
4,5,9,1,0|3|4|0|0,0|0|1|1|0,0,10,3.765841,0.000363,10,3.765562,0.000484
4,5,9,1,0|3|4|1|0,0|0|1|0|0,0,10,3.738028,0.000352,10,3.738023,0.000409
4,5,9,1,0|3|4|0|0,0|0|2|0|0,0,10,3.593341,0.000511,10,3.592935,0.000538
4,5,9,1,0|3|5|0|0,0|0|0|0|1,0,10,3.810562,0.000585,10,3.810517,0.000593
4,5,9,1,0|3|5|0|1,0|0|0|0|0,0,10,3.783585,0.000658,10,3.783512,0.000278
4,5,9,1,0|3|5|0|0,0|0|0|1|0,0,10,3.765204,0.000551,10,3.765432,0.000366
4,5,9,1,0|3|5|1|0,0|0|0|0|0,0,10,3.737670,0.000573,10,3.737568,0.000266
4,5,9,1,0|3|5|0|0,0|0|1|0|0,0,10,3.593231,0.000463,10,3.593268,0.000452
4,5,9,1,0|3|6|0|0,0|0|0|0|0,0,10,3.592766,0.000377,10,3.593082,0.000677
4,5,9,1,0|3|0|0|0,0|1|0|0|5,0,10,3.887163,0.001313,10,3.887066,0.000639
4,5,9,1,0|3|0|0|1,0|1|0|0|4,0,10,3.889517,0.001396,10,3.889546,0.001442
4,5,9,1,0|3|0|0|2,0|1|0|0|3,0,10,3.887438,0.001425,10,3.887732,0.001236
4,5,9,1,0|3|0|0|3,0|1|0|0|2,0,10,3.885791,0.000984,10,3.886188,0.000993
4,5,9,1,0|3|0|0|4,0|1|0|0|1,0,10,3.882350,0.001191,10,3.882407,0.001281
4,5,9,1,0|3|0|0|5,0|1|0|0|0,0,10,3.876832,0.001200,10,3.876865,0.000486
4,5,9,1,0|3|0|0|0,0|1|0|1|4,0,10,3.925753,0.001156,10,3.926481,0.001136
4,5,9,1,0|3|0|0|1,0|1|0|1|3,0,10,3.927708,0.000709,10,3.927247,0.000957
4,5,9,1,0|3|0|0|2,0|1|0|1|2,0,10,3.925892,0.001294,10,3.925740,0.000884
4,5,9,1,0|3|0|0|3,0|1|0|1|1,0,10,3.924345,0.000916,10,3.923626,0.001311
4,5,9,1,0|3|0|0|4,0|1|0|1|0,0,10,3.918385,0.001516,10,3.919072,0.001193
4,5,9,1,0|3|0|0|0,0|1|0|2|3,0,10,3.927216,0.001105,10,3.927150,0.000788
4,5,9,1,0|3|0|0|1,0|1|0|2|2,0,10,3.929040,0.000984,10,3.928623,0.000751
4,5,9,1,0|3|0|0|2,0|1|0|2|1,0,10,3.925545,0.000741,10,3.924839,0.000952
4,5,9,1,0|3|0|0|3,0|1|0|2|0,0,10,3.918534,0.001083,10,3.918572,0.001357
4,5,9,1,0|3|0|0|0,0|1|0|3|2,0,10,3.918396,0.001330,10,3.917706,0.001218
4,5,9,1,0|3|0|0|1,0|1|0|3|1,0,10,3.918690,0.001387,10,3.917716,0.000490
4,5,9,1,0|3|0|0|2,0|1|0|3|0,0,10,3.906775,0.000668,10,3.906691,0.000940
4,5,9,1,0|3|0|0|0,0|1|0|4|1,0,10,3.890559,0.000371,10,3.891148,0.000814
4,5,9,1,0|3|0|0|1,0|1|0|4|0,0,10,3.878519,0.000409,10,3.878177,0.000402
4,5,9,1,0|3|0|0|0,0|1|0|5|0,0,10,3.782677,0.000589,10,3.782540,0.000503
4,5,9,1,0|3|0|1|0,0|1|0|0|4,0,10,3.920488,0.001232,10,3.920765,0.001485
4,5,9,1,0|3|0|1|1,0|1|0|0|3,0,10,3.921994,0.001605,10,3.920925,0.000858
4,5,9,1,0|3|0|1|2,0|1|0|0|2,0,10,3.918798,0.001107,10,3.919332,0.000923
4,5,9,1,0|3|0|1|3,0|1|0|0|1,0,10,3.915386,0.000576,10,3.915201,0.001075
4,5,9,1,0|3|0|1|4,0|1|0|0|0,0,10,3.908811,0.001091,10,3.908921,0.001358
4,5,9,1,0|3|0|1|0,0|1|0|1|3,0,10,3.926570,0.000863,10,3.926648,0.000895
4,5,9,1,0|3|0|1|1,0|1|0|1|2,0,10,3.927190,0.001149,10,3.927253,0.000655
4,5,9,1,0|3|0|1|2,0|1|0|1|1,0,10,3.923730,0.000913,10,3.923722,0.000897
4,5,9,1,0|3|0|1|3,0|1|0|1|0,0,10,3.916406,0.001223,10,3.916466,0.000637
4,5,9,1,0|3|0|1|0,0|1|0|2|2,0,10,3.918164,0.000842,10,3.918275,0.000923
4,5,9,1,0|3|0|1|1,0|1|0|2|1,0,10,3.916994,0.000688,10,3.916861,0.000767
4,5,9,1,0|3|0|1|2,0|1|0|2|0,0,10,3.905972,0.001131,10,3.905858,0.000979
4,5,9,1,0|3|0|1|0,0|1|0|3|1,0,10,3.890168,0.000838,10,3.890774,0.000947
4,5,9,1,0|3|0|1|1,0|1|0|3|0,0,10,3.877757,0.000441,10,3.877884,0.000775
4,5,9,1,0|3|0|1|0,0|1|0|4|0,0,10,3.784273,0.000551,10,3.784385,0.000588
4,5,9,1,0|3|0|2|0,0|1|0|0|3,0,10,3.920745,0.000925,10,3.921017,0.000994
4,5,9,1,0|3|0|2|1,0|1|0|0|2,0,10,3.921410,0.000764,10,3.921136,0.001080
4,5,9,1,0|3|0|2|2,0|1|0|0|1,0,10,3.916187,0.001100,10,3.916189,0.000914
4,5,9,1,0|3|0|2|3,0|1|0|0|0,0,10,3.905243,0.001213,10,3.905403,0.000924
4,5,9,1,0|3|0|2|0,0|1|0|1|2,0,10,3.915367,0.001011,10,3.914898,0.000980
4,5,9,1,0|3|0|2|1,0|1|0|1|1,0,10,3.913508,0.001219,10,3.913652,0.000608
4,5,9,1,0|3|0|2|2,0|1|0|1|0,0,10,3.901315,0.001122,10,3.901183,0.000580
4,5,9,1,0|3|0|2|0,0|1|0|2|1,0,10,3.888021,0.000641,10,3.888168,0.000684
4,5,9,1,0|3|0|2|1,0|1|0|2|0,0,10,3.873838,0.000818,10,3.874383,0.000775
4,5,9,1,0|3|0|2|0,0|1|0|3|0,0,10,3.783211,0.000387,10,3.783086,0.000530
4,5,9,1,0|3|0|3|0,0|1|0|0|2,0,10,3.910706,0.001002,10,3.910331,0.001191
4,5,9,1,0|3|0|3|1,0|1|0|0|1,0,10,3.908830,0.001013,10,3.908436,0.000805
4,5,9,1,0|3|0|3|2,0|1|0|0|0,0,10,3.892784,0.001093,10,3.893050,0.000509
4,5,9,1,0|3|0|3|0,0|1|0|1|1,0,10,3.885080,0.000733,10,3.885322,0.000841
4,5,9,1,0|3|0|3|1,0|1|0|1|0,0,10,3.870613,0.000669,10,3.870342,0.000707
4,5,9,1,0|3|0|3|0,0|1|0|2|0,0,10,3.781458,0.000421,10,3.781424,0.000495
4,5,9,1,0|3|0|4|0,0|1|0|0|1,0,10,3.880723,0.000759,10,3.881003,0.000605
4,5,9,1,0|3|0|4|1,0|1|0|0|0,0,10,3.865440,0.000719,10,3.865248,0.000755
4,5,9,1,0|3|0|4|0,0|1|0|1|0,0,10,3.778982,0.000417,10,3.778784,0.000497
4,5,9,1,0|3|0|5|0,0|1|0|0|0,0,10,3.774034,0.000455,10,3.774015,0.000468
4,5,9,1,0|3|0|0|0,0|1|1|0|4,0,10,3.911637,0.000910,10,3.912219,0.001187
4,5,9,1,0|3|0|0|1,0|1|1|0|3,0,10,3.912833,0.001088,10,3.912997,0.000761
4,5,9,1,0|3|0|0|2,0|1|1|0|2,0,10,3.911463,0.001009,10,3.911406,0.000892
4,5,9,1,0|3|0|0|3,0|1|1|0|1,0,10,3.907703,0.000761,10,3.908024,0.001379
4,5,9,1,0|3|0|0|4,0|1|1|0|0,0,10,3.900908,0.001001,10,3.900426,0.000942
4,5,9,1,0|3|0|0|0,0|1|1|1|3,0,10,3.933461,0.000906,10,3.934691,0.001343
4,5,9,1,0|3|0|0|1,0|1|1|1|2,0,10,3.934486,0.001250,10,3.934742,0.000979
4,5,9,1,0|3|0|0|2,0|1|1|1|1,0,10,3.932215,0.000980,10,3.931799,0.000853
4,5,9,1,0|3|0|0|3,0|1|1|1|0,0,10,3.926633,0.001435,10,3.926563,0.000611
4,5,9,1,0|3|0|0|0,0|1|1|2|2,0,10,3.932894,0.000737,10,3.932919,0.000952
4,5,9,1,0|3|0|0|1,0|1|1|2|1,0,10,3.933446,0.000606,10,3.932884,0.000904
4,5,9,1,0|3|0|0|2,0|1|1|2|0,0,10,3.925569,0.001114,10,3.925720,0.001120
4,5,9,1,0|3|0|0|0,0|1|1|3|1,0,10,3.920640,0.000841,10,3.920870,0.001152
4,5,9,1,0|3|0|0|1,0|1|1|3|0,0,10,3.913132,0.000611,10,3.912873,0.000695
4,5,9,1,0|3|0|0|0,0|1|1|4|0,0,10,3.862737,0.000568,10,3.862600,0.000589
4,5,9,1,0|3|0|1|0,0|1|1|0|3,0,10,3.929095,0.001189,10,3.929264,0.001146
4,5,9,1,0|3|0|1|1,0|1|1|0|2,0,10,3.927902,0.000952,10,3.927951,0.001366
4,5,9,1,0|3|0|1|2,0|1|1|0|1,0,10,3.924513,0.001111,10,3.924390,0.001298
4,5,9,1,0|3|0|1|3,0|1|1|0|0,0,10,3.917408,0.000821,10,3.916299,0.000849
4,5,9,1,0|3|0|1|0,0|1|1|1|2,0,10,3.932154,0.000460,10,3.931331,0.000986
4,5,9,1,0|3|0|1|1,0|1|1|1|1,0,10,3.931161,0.000904,10,3.930620,0.000917
4,5,9,1,0|3|0|1|2,0|1|1|1|0,0,10,3.923897,0.000780,10,3.923229,0.000659
4,5,9,1,0|3|0|1|0,0|1|1|2|1,0,10,3.919933,0.000590,10,3.919625,0.000602
4,5,9,1,0|3|0|1|1,0|1|1|2|0,0,10,3.912665,0.000493,10,3.911940,0.000936
4,5,9,1,0|3|0|1|0,0|1|1|3|0,0,10,3.863779,0.000896,10,3.863788,0.000442
4,5,9,1,0|3|0|2|0,0|1|1|0|2,0,10,3.925529,0.000864,10,3.925272,0.001080
4,5,9,1,0|3|0|2|1,0|1|1|0|1,0,10,3.923975,0.000573,10,3.923373,0.000667
4,5,9,1,0|3|0|2|2,0|1|1|0|0,0,10,3.911765,0.000998,10,3.912010,0.000924
4,5,9,1,0|3|0|2|0,0|1|1|1|1,0,10,3.916048,0.000842,10,3.916172,0.000690
4,5,9,1,0|3|0|2|1,0|1|1|1|0,0,10,3.907251,0.000857,10,3.907294,0.000526
4,5,9,1,0|3|0|2|0,0|1|1|2|0,0,10,3.860778,0.000710,10,3.860482,0.000591
4,5,9,1,0|3|0|3|0,0|1|1|0|1,0,10,3.909011,0.000639,10,3.909401,0.000579
4,5,9,1,0|3|0|3|1,0|1|1|0|0,0,10,3.898412,0.000644,10,3.897903,0.000603
4,5,9,1,0|3|0|3|0,0|1|1|1|0,0,10,3.855870,0.000475,10,3.855750,0.000842
4,5,9,1,0|3|0|4|0,0|1|1|0|0,0,10,3.846441,0.000753,10,3.846007,0.000550
4,5,9,1,0|3|0|0|0,0|1|2|0|3,0,10,3.903617,0.001158,10,3.902881,0.001083
4,5,9,1,0|3|0|0|1,0|1|2|0|2,0,10,3.905179,0.001324,10,3.904716,0.001033
4,5,9,1,0|3|0|0|2,0|1|2|0|1,0,10,3.899686,0.000760,10,3.899118,0.000991
4,5,9,1,0|3|0|0|3,0|1|2|0|0,0,10,3.887505,0.001016,10,3.887644,0.000874
4,5,9,1,0|3|0|0|0,0|1|2|1|2,0,10,3.923454,0.000548,10,3.923538,0.000779
4,5,9,1,0|3|0|0|1,0|1|2|1|1,0,10,3.922904,0.000780,10,3.923280,0.000808
4,5,9,1,0|3|0|0|2,0|1|2|1|0,0,10,3.913279,0.000820,10,3.912862,0.000982
4,5,9,1,0|3|0|0|0,0|1|2|2|1,0,10,3.913373,0.000415,10,3.913317,0.000895
4,5,9,1,0|3|0|0|1,0|1|2|2|0,0,10,3.904514,0.000795,10,3.904453,0.000791
4,5,9,1,0|3|0|0|0,0|1|2|3|0,0,10,3.855553,0.000744,10,3.855585,0.000629
4,5,9,1,0|3|0|1|0,0|1|2|0|2,0,10,3.915031,0.000701,10,3.916585,0.000821
4,5,9,1,0|3|0|1|1,0|1|2|0|1,0,10,3.912555,0.000734,10,3.912755,0.000877
4,5,9,1,0|3|0|1|2,0|1|2|0|0,0,10,3.899698,0.000934,10,3.899551,0.000636
4,5,9,1,0|3|0|1|0,0|1|2|1|1,0,10,3.911214,0.000789,10,3.911188,0.001112
4,5,9,1,0|3|0|1|1,0|1|2|1|0,0,10,3.901516,0.000610,10,3.901366,0.000575
4,5,9,1,0|3|0|1|0,0|1|2|2|0,0,10,3.856754,0.000585,10,3.856310,0.000683
4,5,9,1,0|3|0|2|0,0|1|2|0|1,0,10,3.900175,0.000472,10,3.900187,0.000862
4,5,9,1,0|3|0|2|1,0|1|2|0|0,0,10,3.886559,0.000805,10,3.886830,0.000592
4,5,9,1,0|3|0|2|0,0|1|2|1|0,0,10,3.849447,0.000412,10,3.849073,0.000587
4,5,9,1,0|3|0|3|0,0|1|2|0|0,0,10,3.834251,0.000675,10,3.834794,0.000358
4,5,9,1,0|3|0|0|0,0|1|3|0|2,0,10,3.878215,0.000752,10,3.877625,0.000976
4,5,9,1,0|3|0|0|1,0|1|3|0|1,0,10,3.876283,0.000726,10,3.876105,0.000507
4,5,9,1,0|3|0|0|2,0|1|3|0|0,0,10,3.855767,0.000680,10,3.855910,0.000453
4,5,9,1,0|3|0|0|0,0|1|3|1|1,0,10,3.890117,0.001111,10,3.890191,0.000848
4,5,9,1,0|3|0|0|1,0|1|3|1|0,0,10,3.877880,0.000657,10,3.877729,0.000544
4,5,9,1,0|3|0|0|0,0|1|3|2|0,0,10,3.828303,0.000643,10,3.828250,0.000573
4,5,9,1,0|3|0|1|0,0|1|3|0|1,0,10,3.876589,0.000891,10,3.876411,0.001021
4,5,9,1,0|3|0|1|1,0|1|3|0|0,0,10,3.858658,0.000773,10,3.858891,0.000409
4,5,9,1,0|3|0|1|0,0|1|3|1|0,0,10,3.824801,0.000317,10,3.824586,0.000780
4,5,9,1,0|3|0|2|0,0|1|3|0|0,0,10,3.803594,0.000378,10,3.803596,0.000512
4,5,9,1,0|3|0|0|0,0|1|4|0|1,0,10,3.812081,0.000694,10,3.812010,0.000405
4,5,9,1,0|3|0|0|1,0|1|4|0|0,0,10,3.787021,0.000466,10,3.787407,0.000388
4,5,9,1,0|3|0|0|0,0|1|4|1|0,0,10,3.768008,0.000654,10,3.768130,0.000327
4,5,9,1,0|3|0|1|0,0|1|4|0|0,0,10,3.743672,0.000507,10,3.743398,0.000418
4,5,9,1,0|3|0|0|0,0|1|5|0|0,0,10,3.583126,0.000518,10,3.583434,0.000403
4,5,9,1,0|3|1|0|0,0|1|0|0|4,0,10,3.907593,0.001264,10,3.907131,0.000953
4,5,9,1,0|3|1|0|1,0|1|0|0|3,0,10,3.907900,0.000800,10,3.908951,0.000944
4,5,9,1,0|3|1|0|2,0|1|0|0|2,0,10,3.906004,0.000846,10,3.905747,0.001100
4,5,9,1,0|3|1|0|3,0|1|0|0|1,0,10,3.901919,0.000991,10,3.901348,0.001039
4,5,9,1,0|3|1|0|4,0|1|0|0|0,0,10,3.894090,0.001379,10,3.893199,0.000770
4,5,9,1,0|3|1|0|0,0|1|0|1|3,0,10,3.930758,0.001249,10,3.930130,0.001145
4,5,9,1,0|3|1|0|1,0|1|0|1|2,0,10,3.930536,0.001157,10,3.931238,0.000705
4,5,9,1,0|3|1|0|2,0|1|0|1|1,0,10,3.928127,0.000790,10,3.927674,0.001311
4,5,9,1,0|3|1|0|3,0|1|0|1|0,0,10,3.920995,0.000786,10,3.921207,0.001461
4,5,9,1,0|3|1|0|0,0|1|0|2|2,0,10,3.929245,0.001265,10,3.929157,0.000990
4,5,9,1,0|3|1|0|1,0|1|0|2|1,0,10,3.928189,0.001098,10,3.929111,0.001087
4,5,9,1,0|3|1|0|2,0|1|0|2|0,0,10,3.919231,0.001357,10,3.919824,0.000797
4,5,9,1,0|3|1|0|0,0|1|0|3|1,0,10,3.913745,0.000433,10,3.914155,0.000788
4,5,9,1,0|3|1|0|1,0|1|0|3|0,0,10,3.905162,0.000318,10,3.904925,0.000374
4,5,9,1,0|3|1|0|0,0|1|0|4|0,0,10,3.851501,0.000492,10,3.851295,0.000541
4,5,9,1,0|3|1|1|0,0|1|0|0|3,0,10,3.923403,0.000895,10,3.922908,0.001392
4,5,9,1,0|3|1|1|1,0|1|0|0|2,0,10,3.921533,0.000919,10,3.921770,0.000866
4,5,9,1,0|3|1|1|2,0|1|0|0|1,0,10,3.917514,0.000936,10,3.917391,0.000672
4,5,9,1,0|3|1|1|3,0|1|0|0|0,0,10,3.907343,0.000914,10,3.907363,0.000933
4,5,9,1,0|3|1|1|0,0|1|0|1|2,0,10,3.926186,0.001122,10,3.926655,0.000710
4,5,9,1,0|3|1|1|1,0|1|0|1|1,0,10,3.924522,0.000926,10,3.924391,0.001118
4,5,9,1,0|3|1|1|2,0|1|0|1|0,0,10,3.915710,0.000828,10,3.915576,0.000428
4,5,9,1,0|3|1|1|0,0|1|0|2|1,0,10,3.912566,0.000934,10,3.912324,0.000933
4,5,9,1,0|3|1|1|1,0|1|0|2|0,0,10,3.902954,0.000469,10,3.903103,0.000748
4,5,9,1,0|3|1|1|0,0|1|0|3|0,0,10,3.851878,0.000723,10,3.851642,0.000370
4,5,9,1,0|3|1|2|0,0|1|0|0|2,0,10,3.917879,0.000959,10,3.917931,0.000945
4,5,9,1,0|3|1|2|1,0|1|0|0|1,0,10,3.915617,0.001053,10,3.915276,0.001053
4,5,9,1,0|3|1|2|2,0|1|0|0|0,0,10,3.901404,0.000928,10,3.901962,0.000832
4,5,9,1,0|3|1|2|0,0|1|0|1|1,0,10,3.907392,0.000757,10,3.907404,0.000755
4,5,9,1,0|3|1|2|1,0|1|0|1|0,0,10,3.897040,0.000420,10,3.896833,0.000729
4,5,9,1,0|3|1|2|0,0|1|0|2|0,0,10,3.847691,0.000463,10,3.847450,0.000511
4,5,9,1,0|3|1|3|0,0|1|0|0|1,0,10,3.899607,0.000936,10,3.898986,0.000889
4,5,9,1,0|3|1|3|1,0|1|0|0|0,0,10,3.886056,0.000765,10,3.885782,0.000609
4,5,9,1,0|3|1|3|0,0|1|0|1|0,0,10,3.841834,0.000442,10,3.841825,0.000432
4,5,9,1,0|3|1|4|0,0|1|0|0|0,0,10,3.830206,0.000356,10,3.830813,0.000376
4,5,9,1,0|3|1|0|0,0|1|1|0|3,0,10,3.902562,0.000783,10,3.903076,0.001141
4,5,9,1,0|3|1|0|1,0|1|1|0|2,0,10,3.902956,0.000698,10,3.903318,0.001256
4,5,9,1,0|3|1|0|2,0|1|1|0|1,0,10,3.897794,0.000981,10,3.897550,0.001043
4,5,9,1,0|3|1|0|3,0|1|1|0|0,0,10,3.885269,0.000629,10,3.885350,0.000896
4,5,9,1,0|3|1|0|0,0|1|1|1|2,0,10,3.921565,0.001079,10,3.921537,0.000890
4,5,9,1,0|3|1|0|1,0|1|1|1|1,0,10,3.919789,0.001021,10,3.919880,0.001094
4,5,9,1,0|3|1|0|2,0|1|1|1|0,0,10,3.909964,0.000894,10,3.910119,0.000990
4,5,9,1,0|3|1|0|0,0|1|1|2|1,0,10,3.910786,0.000702,10,3.910800,0.000743
4,5,9,1,0|3|1|0|1,0|1|1|2|0,0,10,3.901602,0.001232,10,3.901585,0.000575
4,5,9,1,0|3|1|0|0,0|1|1|3|0,0,10,3.853516,0.000836,10,3.853735,0.000444
4,5,9,1,0|3|1|1|0,0|1|1|0|2,0,10,3.912698,0.000871,10,3.912141,0.000833
4,5,9,1,0|3|1|1|1,0|1|1|0|1,0,10,3.908038,0.000925,10,3.908669,0.000995
4,5,9,1,0|3|1|1|2,0|1|1|0|0,0,10,3.894501,0.000570,10,3.894353,0.000765
4,5,9,1,0|3|1|1|0,0|1|1|1|1,0,10,3.906793,0.000721,10,3.907751,0.000560
4,5,9,1,0|3|1|1|1,0|1|1|1|0,0,10,3.896549,0.000642,10,3.896391,0.000813
4,5,9,1,0|3|1|1|0,0|1|1|2|0,0,10,3.852834,0.000521,10,3.852998,0.000402
4,5,9,1,0|3|1|2|0,0|1|1|0|1,0,10,3.895976,0.000929,10,3.895542,0.000470
4,5,9,1,0|3|1|2|1,0|1|1|0|0,0,10,3.880812,0.000864,10,3.881176,0.000563
4,5,9,1,0|3|1|2|0,0|1|1|1|0,0,10,3.844969,0.000516,10,3.845078,0.000539
4,5,9,1,0|3|1|3|0,0|1|1|0|0,0,10,3.829789,0.000551,10,3.830107,0.000341
4,5,9,1,0|3|1|0|0,0|1|2|0|2,0,10,3.877907,0.000806,10,3.877630,0.000691
4,5,9,1,0|3|1|0|1,0|1|2|0|1,0,10,3.874530,0.000711,10,3.874510,0.000489
4,5,9,1,0|3|1|0|2,0|1|2|0|0,0,10,3.853991,0.000568,10,3.854379,0.000662
4,5,9,1,0|3|1|0|0,0|1|2|1|1,0,10,3.887897,0.000869,10,3.887778,0.000689
4,5,9,1,0|3|1|0|1,0|1|2|1|0,0,10,3.874454,0.000956,10,3.874239,0.000822
4,5,9,1,0|3|1|0|0,0|1|2|2|0,0,10,3.826799,0.000541,10,3.826915,0.000519
4,5,9,1,0|3|1|1|0,0|1|2|0|1,0,10,3.872850,0.000974,10,3.872603,0.000629
4,5,9,1,0|3|1|1|1,0|1|2|0|0,0,10,3.853200,0.000998,10,3.853092,0.000587
4,5,9,1,0|3|1|1|0,0|1|2|1|0,0,10,3.821432,0.000392,10,3.821116,0.000571
4,5,9,1,0|3|1|2|0,0|1|2|0|0,0,10,3.799793,0.000587,10,3.799862,0.000231
4,5,9,1,0|3|1|0|0,0|1|3|0|1,0,10,3.811699,0.000752,10,3.811618,0.000710
4,5,9,1,0|3|1|0|1,0|1|3|0|0,0,10,3.785875,0.000762,10,3.786020,0.000666
4,5,9,1,0|3|1|0|0,0|1|3|1|0,0,10,3.767338,0.000397,10,3.766999,0.000418
4,5,9,1,0|3|1|1|0,0|1|3|0|0,0,10,3.740549,0.000414,10,3.740379,0.000693
4,5,9,1,0|3|1|0|0,0|1|4|0|0,0,10,3.589250,0.000580,10,3.589382,0.000695
4,5,9,1,0|3|2|0|0,0|1|0|0|3,0,10,3.899862,0.000944,10,3.898980,0.000853
4,5,9,1,0|3|2|0|1,0|1|0|0|2,0,10,3.899970,0.000965,10,3.900462,0.001007
4,5,9,1,0|3|2|0|2,0|1|0|0|1,0,10,3.893104,0.001014,10,3.893691,0.000608
4,5,9,1,0|3|2|0|3,0|1|0|0|0,0,10,3.879471,0.000860,10,3.879421,0.001032
4,5,9,1,0|3|2|0|0,0|1|0|1|2,0,10,3.919060,0.001143,10,3.918372,0.000771
4,5,9,1,0|3|2|0|1,0|1|0|1|1,0,10,3.917657,0.001147,10,3.916597,0.000597
4,5,9,1,0|3|2|0|2,0|1|0|1|0,0,10,3.905692,0.000840,10,3.905747,0.000970
4,5,9,1,0|3|2|0|0,0|1|0|2|1,0,10,3.907165,0.000743,10,3.906800,0.000828
4,5,9,1,0|3|2|0|1,0|1|0|2|0,0,10,3.897047,0.000825,10,3.897241,0.000699
4,5,9,1,0|3|2|0|0,0|1|0|3|0,0,10,3.847270,0.000559,10,3.847194,0.000508
4,5,9,1,0|3|2|1|0,0|1|0|0|2,0,10,3.908145,0.000695,10,3.908098,0.001017
4,5,9,1,0|3|2|1|1,0|1|0|0|1,0,10,3.903252,0.000837,10,3.904034,0.000745
4,5,9,1,0|3|2|1|2,0|1|0|0|0,0,10,3.887748,0.000638,10,3.887779,0.000742
4,5,9,1,0|3|2|1|0,0|1|0|1|1,0,10,3.902965,0.000737,10,3.902694,0.000489
4,5,9,1,0|3|2|1|1,0|1|0|1|0,0,10,3.891764,0.000278,10,3.891463,0.000572
4,5,9,1,0|3|2|1|0,0|1|0|2|0,0,10,3.846488,0.000559,10,3.846303,0.000492
4,5,9,1,0|3|2|2|0,0|1|0|0|1,0,10,3.889593,0.000721,10,3.889680,0.000762
4,5,9,1,0|3|2|2|1,0|1|0|0|0,0,10,3.873076,0.000510,10,3.872676,0.000678
4,5,9,1,0|3|2|2|0,0|1|0|1|0,0,10,3.837495,0.000526,10,3.837304,0.000729
4,5,9,1,0|3|2|3|0,0|1|0|0|0,0,10,3.819957,0.000510,10,3.819594,0.000706
4,5,9,1,0|3|2|0|0,0|1|1|0|2,0,10,3.876200,0.000810,10,3.875783,0.000620
4,5,9,1,0|3|2|0|1,0|1|1|0|1,0,10,3.872836,0.000981,10,3.873059,0.000678
4,5,9,1,0|3|2|0|2,0|1|1|0|0,0,10,3.850621,0.000520,10,3.851310,0.000492
4,5,9,1,0|3|2|0|0,0|1|1|1|1,0,10,3.885820,0.000527,10,3.885652,0.000507
4,5,9,1,0|3|2|0|1,0|1|1|1|0,0,10,3.872120,0.000816,10,3.872026,0.000654
4,5,9,1,0|3|2|0|0,0|1|1|2|0,0,10,3.823866,0.000564,10,3.824102,0.000593
4,5,9,1,0|3|2|1|0,0|1|1|0|1,0,10,3.869822,0.000592,10,3.869907,0.000657
4,5,9,1,0|3|2|1|1,0|1|1|0|0,0,10,3.849854,0.000450,10,3.849479,0.000617
4,5,9,1,0|3|2|1|0,0|1|1|1|0,0,10,3.818166,0.000490,10,3.818476,0.000380
4,5,9,1,0|3|2|2|0,0|1|1|0|0,0,10,3.795092,0.000422,10,3.795129,0.000366
4,5,9,1,0|3|2|0|0,0|1|2|0|1,0,10,3.810865,0.000292,10,3.810841,0.000836
4,5,9,1,0|3|2|0|1,0|1|2|0|0,0,10,3.784371,0.000613,10,3.784292,0.000691
4,5,9,1,0|3|2|0|0,0|1|2|1|0,0,10,3.766046,0.000648,10,3.765807,0.000496
4,5,9,1,0|3|2|1|0,0|1|2|0|0,0,10,3.738440,0.000498,10,3.738257,0.000562
4,5,9,1,0|3|2|0|0,0|1|3|0|0,0,10,3.591376,0.000489,10,3.591359,0.000533
4,5,9,1,0|3|3|0|0,0|1|0|0|2,0,10,3.874396,0.000903,10,3.874523,0.000647
4,5,9,1,0|3|3|0|1,0|1|0|0|1,0,10,3.870884,0.000983,10,3.871267,0.000773
4,5,9,1,0|3|3|0|2,0|1|0|0|0,0,10,3.847429,0.000643,10,3.847832,0.000455
4,5,9,1,0|3|3|0|0,0|1|0|1|1,0,10,3.884010,0.000678,10,3.884067,0.001051
4,5,9,1,0|3|3|0|1,0|1|0|1|0,0,10,3.870113,0.000673,10,3.870203,0.000748
4,5,9,1,0|3|3|0|0,0|1|0|2|0,0,10,3.820946,0.000711,10,3.821060,0.000490
4,5,9,1,0|3|3|1|0,0|1|0|0|1,0,10,3.867943,0.000736,10,3.867966,0.000991
4,5,9,1,0|3|3|1|1,0|1|0|0|0,0,10,3.847143,0.000824,10,3.846646,0.000671
4,5,9,1,0|3|3|1|0,0|1|0|1|0,0,10,3.816042,0.000406,10,3.816013,0.000457
4,5,9,1,0|3|3|2|0,0|1|0|0|0,0,10,3.790482,0.000467,10,3.790327,0.000627
4,5,9,1,0|3|3|0|0,0|1|1|0|1,0,10,3.810363,0.000531,10,3.810035,0.000393
4,5,9,1,0|3|3|0|1,0|1|1|0|0,0,10,3.783686,0.000598,10,3.783621,0.000734
4,5,9,1,0|3|3|0|0,0|1|1|1|0,0,10,3.765218,0.000381,10,3.764959,0.000517
4,5,9,1,0|3|3|1|0,0|1|1|0|0,0,10,3.737313,0.000547,10,3.737234,0.000472
4,5,9,1,0|3|3|0|0,0|1|2|0|0,0,10,3.592310,0.000335,10,3.592217,0.000337
4,5,9,1,0|3|4|0|0,0|1|0|0|1,0,10,3.809392,0.000588,10,3.809323,0.000373
4,5,9,1,0|3|4|0|1,0|1|0|0|0,0,10,3.782696,0.000745,10,3.782633,0.000305
4,5,9,1,0|3|4|0|0,0|1|0|1|0,0,10,3.763988,0.000434,10,3.764197,0.000645
4,5,9,1,0|3|4|1|0,0|1|0|0|0,0,10,3.735760,0.000402,10,3.735918,0.000392
4,5,9,1,0|3|4|0|0,0|1|1|0|0,0,10,3.592577,0.000512,10,3.592495,0.000507
4,5,9,1,0|3|5|0|0,0|1|0|0|0,0,10,3.592385,0.000539,10,3.592210,0.000564
4,5,9,1,0|3|0|0|0,0|2|0|0|4,0,10,3.874827,0.000779,10,3.875248,0.000901
4,5,9,1,0|3|0|0|1,0|2|0|0|3,0,10,3.877386,0.000676,10,3.877452,0.000786
4,5,9,1,0|3|0|0|2,0|2|0|0|2,0,10,3.874449,0.000844,10,3.874822,0.000962
4,5,9,1,0|3|0|0|3,0|2|0|0|1,0,10,3.868977,0.000815,10,3.869472,0.001218
4,5,9,1,0|3|0|0|4,0|2|0|0|0,0,10,3.858089,0.000537,10,3.858385,0.000441
4,5,9,1,0|3|0|0|0,0|2|0|1|3,0,10,3.916366,0.001279,10,3.915411,0.001210
4,5,9,1,0|3|0|0|1,0|2|0|1|2,0,10,3.916987,0.000677,10,3.917242,0.001206
4,5,9,1,0|3|0|0|2,0|2|0|1|1,0,10,3.912593,0.000689,10,3.912258,0.001286
4,5,9,1,0|3|0|0|3,0|2|0|1|0,0,10,3.903720,0.000445,10,3.903504,0.001052
4,5,9,1,0|3|0|0|0,0|2|0|2|2,0,10,3.910842,0.000969,10,3.910929,0.000853
4,5,9,1,0|3|0|0|1,0|2|0|2|1,0,10,3.910420,0.001130,10,3.910717,0.001161
4,5,9,1,0|3|0|0|2,0|2|0|2|0,0,10,3.897730,0.000626,10,3.897212,0.000684
4,5,9,1,0|3|0|0|0,0|2|0|3|1,0,10,3.883797,0.000567,10,3.883724,0.000684
4,5,9,1,0|3|0|0|1,0|2|0|3|0,0,10,3.870366,0.000656,10,3.870348,0.000984
4,5,9,1,0|3|0|0|0,0|2|0|4|0,0,10,3.772700,0.000443,10,3.773134,0.000491
4,5,9,1,0|3|0|1|0,0|2|0|0|3,0,10,3.908005,0.000869,10,3.908849,0.001148
4,5,9,1,0|3|0|1|1,0|2|0|0|2,0,10,3.907662,0.000688,10,3.908010,0.001084
4,5,9,1,0|3|0|1|2,0|2|0|0|1,0,10,3.901866,0.001192,10,3.902472,0.000789
4,5,9,1,0|3|0|1|3,0|2|0|0|0,0,10,3.889461,0.001026,10,3.889628,0.001019
4,5,9,1,0|3|0|1|0,0|2|0|1|2,0,10,3.909381,0.001065,10,3.909473,0.001024
4,5,9,1,0|3|0|1|1,0|2|0|1|1,0,10,3.907242,0.000728,10,3.907367,0.001010
4,5,9,1,0|3|0|1|2,0|2|0|1|0,0,10,3.893995,0.000740,10,3.894205,0.000885
4,5,9,1,0|3|0|1|0,0|2|0|2|1,0,10,3.882743,0.001046,10,3.882744,0.000493
4,5,9,1,0|3|0|1|1,0|2|0|2|0,0,10,3.868218,0.000576,10,3.868005,0.000880
4,5,9,1,0|3|0|1|0,0|2|0|3|0,0,10,3.774714,0.000404,10,3.774754,0.000514
4,5,9,1,0|3|0|2|0,0|2|0|0|2,0,10,3.901334,0.000972,10,3.900671,0.000682
4,5,9,1,0|3|0|2|1,0|2|0|0|1,0,10,3.897573,0.001040,10,3.897976,0.000773
4,5,9,1,0|3|0|2|2,0|2|0|0|0,0,10,3.879985,0.000926,10,3.880115,0.000882
4,5,9,1,0|3|0|2|0,0|2|0|1|1,0,10,3.878495,0.000563,10,3.878357,0.000665
4,5,9,1,0|3|0|2|1,0|2|0|1|0,0,10,3.862190,0.000378,10,3.861967,0.001035
4,5,9,1,0|3|0|2|0,0|2|0|2|0,0,10,3.772383,0.000327,10,3.772318,0.000379
4,5,9,1,0|3|0|3|0,0|2|0|0|1,0,10,3.871466,0.000633,10,3.870530,0.000526
4,5,9,1,0|3|0|3|1,0|2|0|0|0,0,10,3.853064,0.000542,10,3.853027,0.000731
4,5,9,1,0|3|0|3|0,0|2|0|1|0,0,10,3.768379,0.000403,10,3.768462,0.000519
4,5,9,1,0|3|0|4|0,0|2|0|0|0,0,10,3.760461,0.000571,10,3.760383,0.000485
4,5,9,1,0|3|0|0|0,0|2|1|0|3,0,10,3.897692,0.000910,10,3.897877,0.001070
4,5,9,1,0|3|0|0|1,0|2|1|0|2,0,10,3.898183,0.000528,10,3.898886,0.000915
4,5,9,1,0|3|0|0|2,0|2|1|0|1,0,10,3.892688,0.001121,10,3.892673,0.000716
4,5,9,1,0|3|0|0|3,0|2|1|0|0,0,10,3.880123,0.001051,10,3.880456,0.000980
4,5,9,1,0|3|0|0|0,0|2|1|1|2,0,10,3.919110,0.000942,10,3.919458,0.000797
4,5,9,1,0|3|0|0|1,0|2|1|1|1,0,10,3.917813,0.000898,10,3.918489,0.000650
4,5,9,1,0|3|0|0|2,0|2|1|1|0,0,10,3.908023,0.000995,10,3.907473,0.000608
4,5,9,1,0|3|0|0|0,0|2|1|2|1,0,10,3.907680,0.000710,10,3.907316,0.000811
4,5,9,1,0|3|0|0|1,0|2|1|2|0,0,10,3.898039,0.000762,10,3.897884,0.000781
4,5,9,1,0|3|0|0|0,0|2|1|3|0,0,10,3.843698,0.000381,10,3.843566,0.000496
4,5,9,1,0|3|0|1|0,0|2|1|0|2,0,10,3.910585,0.000924,10,3.910140,0.000595
4,5,9,1,0|3|0|1|1,0|2|1|0|1,0,10,3.907569,0.000632,10,3.907393,0.000496
4,5,9,1,0|3|0|1|2,0|2|1|0|0,0,10,3.893065,0.000664,10,3.892569,0.000863
4,5,9,1,0|3|0|1|0,0|2|1|1|1,0,10,3.904699,0.001239,10,3.904984,0.000978
4,5,9,1,0|3|0|1|1,0|2|1|1|0,0,10,3.893767,0.000558,10,3.893769,0.000598
4,5,9,1,0|3|0|1|0,0|2|1|2|0,0,10,3.843848,0.000467,10,3.844174,0.000548
4,5,9,1,0|3|0|2|0,0|2|1|0|1,0,10,3.894302,0.000773,10,3.893791,0.000654
4,5,9,1,0|3|0|2|1,0|2|1|0|0,0,10,3.879060,0.000574,10,3.879507,0.000862
4,5,9,1,0|3|0|2|0,0|2|1|1|0,0,10,3.836982,0.000452,10,3.837179,0.000445
4,5,9,1,0|3|0|3|0,0|2|1|0|0,0,10,3.822464,0.000535,10,3.822946,0.000619
4,5,9,1,0|3|0|0|0,0|2|2|0|2,0,10,3.875689,0.000858,10,3.876055,0.000407
4,5,9,1,0|3|0|0|1,0|2|2|0|1,0,10,3.873603,0.000762,10,3.873524,0.000538
4,5,9,1,0|3|0|0|2,0|2|2|0|0,0,10,3.852507,0.000742,10,3.852845,0.000907
4,5,9,1,0|3|0|0|0,0|2|2|1|1,0,10,3.887908,0.000975,10,3.888123,0.001062
4,5,9,1,0|3|0|0|1,0|2|2|1|0,0,10,3.875285,0.000663,10,3.875012,0.000728
4,5,9,1,0|3|0|0|0,0|2|2|2|0,0,10,3.824339,0.000464,10,3.824691,0.000266
4,5,9,1,0|3|0|1|0,0|2|2|0|1,0,10,3.874552,0.000660,10,3.874641,0.000752
4,5,9,1,0|3|0|1|1,0|2|2|0|0,0,10,3.855711,0.000681,10,3.855254,0.000738
4,5,9,1,0|3|0|1|0,0|2|2|1|0,0,10,3.820788,0.000764,10,3.820588,0.000423
4,5,9,1,0|3|0|2|0,0|2|2|0|0,0,10,3.799706,0.000527,10,3.800028,0.000600
4,5,9,1,0|3|0|0|0,0|2|3|0|1,0,10,3.810779,0.000725,10,3.810657,0.000496
4,5,9,1,0|3|0|0|1,0|2|3|0|0,0,10,3.786043,0.000496,10,3.785959,0.000612
4,5,9,1,0|3|0|0|0,0|2|3|1|0,0,10,3.766713,0.000347,10,3.766435,0.000443
4,5,9,1,0|3|0|1|0,0|2|3|0|0,0,10,3.742222,0.000507,10,3.742178,0.000512
4,5,9,1,0|3|0|0|0,0|2|4|0|0,0,10,3.582339,0.000380,10,3.582499,0.000552
4,5,9,1,0|3|1|0|0,0|2|0|0|3,0,10,3.892318,0.000740,10,3.891560,0.000728
4,5,9,1,0|3|1|0|1,0|2|0|0|2,0,10,3.892880,0.000730,10,3.892862,0.000494
4,5,9,1,0|3|1|0|2,0|2|0|0|1,0,10,3.885261,0.001144,10,3.885442,0.000589
4,5,9,1,0|3|1|0|3,0|2|0|0|0,0,10,3.870566,0.000689,10,3.870740,0.000791
4,5,9,1,0|3|1|0|0,0|2|0|1|2,0,10,3.913224,0.001430,10,3.912982,0.001117
4,5,9,1,0|3|1|0|1,0|2|0|1|1,0,10,3.911225,0.000722,10,3.911636,0.001079
4,5,9,1,0|3|1|0|2,0|2|0|1|0,0,10,3.899280,0.001190,10,3.899584,0.000778
4,5,9,1,0|3|1|0|0,0|2|0|2|1,0,10,3.900292,0.000935,10,3.900070,0.000676
4,5,9,1,0|3|1|0|1,0|2|0|2|0,0,10,3.889102,0.000617,10,3.888804,0.000771
4,5,9,1,0|3|1|0|0,0|2|0|3|0,0,10,3.831614,0.000345,10,3.831744,0.000652
4,5,9,1,0|3|1|1|0,0|2|0|0|2,0,10,3.902259,0.001009,10,3.901698,0.000886
4,5,9,1,0|3|1|1|1,0|2|0|0|1,0,10,3.897383,0.000872,10,3.897738,0.001026
4,5,9,1,0|3|1|1|2,0|2|0|0|0,0,10,3.880682,0.000740,10,3.880662,0.000692
4,5,9,1,0|3|1|1|0,0|2|0|1|1,0,10,3.895778,0.000851,10,3.895496,0.000723
4,5,9,1,0|3|1|1|1,0|2|0|1|0,0,10,3.882344,0.000839,10,3.882525,0.000699
4,5,9,1,0|3|1|1|0,0|2|0|2|0,0,10,3.830126,0.000523,10,3.829888,0.000340
4,5,9,1,0|3|1|2|0,0|2|0|0|1,0,10,3.882473,0.000641,10,3.882359,0.000954
4,5,9,1,0|3|1|2|1,0|2|0|0|0,0,10,3.864671,0.000536,10,3.864693,0.000617
4,5,9,1,0|3|1|2|0,0|2|0|1|0,0,10,3.822261,0.000491,10,3.822342,0.000647
4,5,9,1,0|3|1|3|0,0|2|0|0|0,0,10,3.805910,0.000342,10,3.805831,0.000598
4,5,9,1,0|3|1|0|0,0|2|1|0|2,0,10,3.874421,0.000755,10,3.874181,0.000758
4,5,9,1,0|3|1|0|1,0|2|1|0|1,0,10,3.870781,0.000993,10,3.870308,0.000880
4,5,9,1,0|3|1|0|2,0|2|1|0|0,0,10,3.849641,0.000476,10,3.849763,0.000827
4,5,9,1,0|3|1|0|0,0|2|1|1|1,0,10,3.885064,0.000871,10,3.884618,0.000502
4,5,9,1,0|3|1|0|1,0|2|1|1|0,0,10,3.871040,0.000338,10,3.871070,0.000650
4,5,9,1,0|3|1|0|0,0|2|1|2|0,0,10,3.821986,0.000480,10,3.821938,0.000494
4,5,9,1,0|3|1|1|0,0|2|1|0|1,0,10,3.868731,0.000538,10,3.868779,0.000599
4,5,9,1,0|3|1|1|1,0|2|1|0|0,0,10,3.848917,0.000698,10,3.848488,0.000664
4,5,9,1,0|3|1|1|0,0|2|1|1|0,0,10,3.816000,0.000229,10,3.815969,0.000447
4,5,9,1,0|3|1|2|0,0|2|1|0|0,0,10,3.794655,0.000634,10,3.794540,0.000378
4,5,9,1,0|3|1|0|0,0|2|2|0|1,0,10,3.810200,0.000377,10,3.810215,0.000535
4,5,9,1,0|3|1|0|1,0|2|2|0|0,0,10,3.783826,0.000507,10,3.784257,0.000365
4,5,9,1,0|3|1|0|0,0|2|2|1|0,0,10,3.765497,0.000422,10,3.765528,0.000286
4,5,9,1,0|3|1|1|0,0|2|2|0|0,0,10,3.738699,0.000348,10,3.738442,0.000417
4,5,9,1,0|3|1|0|0,0|2|3|0|0,0,10,3.588012,0.000420,10,3.588354,0.000618
4,5,9,1,0|3|2|0|0,0|2|0|0|2,0,10,3.869896,0.000843,10,3.870205,0.000861
4,5,9,1,0|3|2|0|1,0|2|0|0|1,0,10,3.866781,0.000649,10,3.866914,0.000634
4,5,9,1,0|3|2|0|2,0|2|0|0|0,0,10,3.842487,0.000674,10,3.842582,0.000530
4,5,9,1,0|3|2|0|0,0|2|0|1|1,0,10,3.880568,0.001016,10,3.880893,0.000685
4,5,9,1,0|3|2|0|1,0|2|0|1|0,0,10,3.866114,0.000600,10,3.866079,0.000681
4,5,9,1,0|3|2|0|0,0|2|0|2|0,0,10,3.815322,0.000543,10,3.815206,0.000432
4,5,9,1,0|3|2|1|0,0|2|0|0|1,0,10,3.863372,0.000716,10,3.863105,0.001097
4,5,9,1,0|3|2|1|1,0|2|0|0|0,0,10,3.841295,0.000533,10,3.841414,0.000723
4,5,9,1,0|3|2|1|0,0|2|0|1|0,0,10,3.808813,0.000615,10,3.809064,0.000389
4,5,9,1,0|3|2|2|0,0|2|0|0|0,0,10,3.784184,0.000513,10,3.784122,0.000396
4,5,9,1,0|3|2|0|0,0|2|1|0|1,0,10,3.808416,0.000761,10,3.808690,0.000554
4,5,9,1,0|3|2|0|1,0|2|1|0|0,0,10,3.781615,0.000796,10,3.781653,0.000524
4,5,9,1,0|3|2|0|0,0|2|1|1|0,0,10,3.763371,0.000584,10,3.763144,0.000447
4,5,9,1,0|3|2|1|0,0|2|1|0|0,0,10,3.735656,0.000367,10,3.735216,0.000701
4,5,9,1,0|3|2|0|0,0|2|2|0|0,0,10,3.590101,0.000407,10,3.590233,0.000558
4,5,9,1,0|3|3|0|0,0|2|0|0|1,0,10,3.806372,0.000423,10,3.807021,0.000674
4,5,9,1,0|3|3|0|1,0|2|0|0|0,0,10,3.779372,0.000621,10,3.779136,0.000436
4,5,9,1,0|3|3|0|0,0|2|0|1|0,0,10,3.760849,0.000602,10,3.760911,0.000522
4,5,9,1,0|3|3|1|0,0|2|0|0|0,0,10,3.732276,0.000564,10,3.732283,0.000473
4,5,9,1,0|3|3|0|0,0|2|1|0|0,0,10,3.590643,0.000623,10,3.590605,0.000433
4,5,9,1,0|3|4|0|0,0|2|0|0|0,0,10,3.590065,0.000488,10,3.589711,0.000363
4,5,9,1,0|3|0|0|0,0|3|0|0|3,0,10,3.853340,0.001045,10,3.853021,0.000493
4,5,9,1,0|3|0|0|1,0|3|0|0|2,0,10,3.855151,0.000869,10,3.855398,0.000863
4,5,9,1,0|3|0|0|2,0|3|0|0|1,0,10,3.847454,0.000775,10,3.847313,0.000533
4,5,9,1,0|3|0|0|3,0|3|0|0|0,0,10,3.828644,0.000692,10,3.828836,0.000756
4,5,9,1,0|3|0|0|0,0|3|0|1|2,0,10,3.893198,0.000998,10,3.893049,0.001157
4,5,9,1,0|3|0|0|1,0|3|0|1|1,0,10,3.891445,0.000720,10,3.891399,0.000676
4,5,9,1,0|3|0|0|2,0|3|0|1|0,0,10,3.875318,0.000731,10,3.875399,0.000820
4,5,9,1,0|3|0|0|0,0|3|0|2|1,0,10,3.870043,0.000904,10,3.869951,0.000619
4,5,9,1,0|3|0|0|1,0|3|0|2|0,0,10,3.853815,0.000663,10,3.853933,0.000923
4,5,9,1,0|3|0|0|0,0|3|0|3|0,0,10,3.756220,0.000446,10,3.756001,0.000497
4,5,9,1,0|3|0|1|0,0|3|0|0|2,0,10,3.881711,0.000783,10,3.881815,0.000484
4,5,9,1,0|3|0|1|1,0|3|0|0|1,0,10,3.876609,0.000954,10,3.876487,0.001087
4,5,9,1,0|3|0|1|2,0|3|0|0|0,0,10,3.855618,0.000492,10,3.856149,0.000472
4,5,9,1,0|3|0|1|0,0|3|0|1|1,0,10,3.865472,0.000675,10,3.866075,0.000544
4,5,9,1,0|3|0|1|1,0|3|0|1|0,0,10,3.848526,0.000588,10,3.848162,0.000568
4,5,9,1,0|3|0|1|0,0|3|0|2|0,0,10,3.757087,0.000663,10,3.757186,0.000549
4,5,9,1,0|3|0|2|0,0|3|0|0|1,0,10,3.853610,0.000627,10,3.853611,0.000655
4,5,9,1,0|3|0|2|1,0|3|0|0|0,0,10,3.831313,0.000499,10,3.831811,0.000605
4,5,9,1,0|3|0|2|0,0|3|0|1|0,0,10,3.751088,0.000395,10,3.751295,0.000555
4,5,9,1,0|3|0|3|0,0|3|0|0|0,0,10,3.738207,0.000344,10,3.738688,0.000352
4,5,9,1,0|3|0|0|0,0|3|1|0|2,0,10,3.866578,0.000699,10,3.866967,0.001025
4,5,9,1,0|3|0|0|1,0|3|1|0|1,0,10,3.864416,0.000904,10,3.864663,0.001004
4,5,9,1,0|3|0|0|2,0|3|1|0|0,0,10,3.842290,0.001023,10,3.842797,0.000592
4,5,9,1,0|3|0|0|0,0|3|1|1|1,0,10,3.879612,0.000702,10,3.879814,0.000618
4,5,9,1,0|3|0|0|1,0|3|1|1|0,0,10,3.865597,0.000997,10,3.865943,0.000653
4,5,9,1,0|3|0|0|0,0|3|1|2|0,0,10,3.811330,0.000447,10,3.810736,0.000488
4,5,9,1,0|3|0|1|0,0|3|1|0|1,0,10,3.865615,0.000808,10,3.865058,0.000494
4,5,9,1,0|3|0|1|1,0|3|1|0|0,0,10,3.845112,0.000770,10,3.845029,0.000685
4,5,9,1,0|3|0|1|0,0|3|1|1|0,0,10,3.806199,0.000619,10,3.806794,0.000601
4,5,9,1,0|3|0|2|0,0|3|1|0|0,0,10,3.785875,0.000426,10,3.786187,0.000463
4,5,9,1,0|3|0|0|0,0|3|2|0|1,0,10,3.806933,0.000589,10,3.806571,0.000673
4,5,9,1,0|3|0|0|1,0|3|2|0|0,0,10,3.781741,0.000388,10,3.781463,0.000506
4,5,9,1,0|3|0|0|0,0|3|2|1|0,0,10,3.762093,0.000384,10,3.761842,0.000537
4,5,9,1,0|3|0|1|0,0|3|2|0|0,0,10,3.736886,0.000466,10,3.737128,0.000466
4,5,9,1,0|3|0|0|0,0|3|3|0|0,0,10,3.580560,0.000445,10,3.580352,0.000493
4,5,9,1,0|3|1|0|0,0|3|0|0|2,0,10,3.859021,0.000623,10,3.859193,0.000508
4,5,9,1,0|3|1|0|1,0|3|0|0|1,0,10,3.854839,0.000752,10,3.854810,0.000749
4,5,9,1,0|3|1|0|2,0|3|0|0|0,0,10,3.830326,0.000756,10,3.830420,0.000557
4,5,9,1,0|3|1|0|0,0|3|0|1|1,0,10,3.870844,0.000815,10,3.870672,0.000770
4,5,9,1,0|3|1|0|1,0|3|0|1|0,0,10,3.854383,0.000655,10,3.854560,0.000760
4,5,9,1,0|3|1|0|0,0|3|0|2|0,0,10,3.797973,0.000477,10,3.798085,0.000666
4,5,9,1,0|3|1|1|0,0|3|0|0|1,0,10,3.852473,0.000767,10,3.852198,0.000676
4,5,9,1,0|3|1|1|1,0|3|0|0|0,0,10,3.828557,0.000846,10,3.828853,0.000650
4,5,9,1,0|3|1|1|0,0|3|0|1|0,0,10,3.790888,0.000482,10,3.791016,0.000368
4,5,9,1,0|3|1|2|0,0|3|0|0|0,0,10,3.767229,0.000680,10,3.767594,0.000643
4,5,9,1,0|3|1|0|0,0|3|1|0|1,0,10,3.804778,0.000641,10,3.804512,0.000651
4,5,9,1,0|3|1|0|1,0|3|1|0|0,0,10,3.777596,0.000706,10,3.777743,0.000454
4,5,9,1,0|3|1|0|0,0|3|1|1|0,0,10,3.758916,0.000454,10,3.758902,0.000422
4,5,9,1,0|3|1|1|0,0|3|1|0|0,0,10,3.731290,0.000580,10,3.731612,0.000641
4,5,9,1,0|3|1|0|0,0|3|2|0|0,0,10,3.585588,0.000686,10,3.585745,0.000531
4,5,9,1,0|3|2|0|0,0|3|0|0|1,0,10,3.799660,0.000642,10,3.799789,0.000491
4,5,9,1,0|3|2|0|1,0|3|0|0|0,0,10,3.770746,0.000813,10,3.770816,0.000499
4,5,9,1,0|3|2|0|0,0|3|0|1|0,0,10,3.752712,0.000565,10,3.752297,0.000652
4,5,9,1,0|3|2|1|0,0|3|0|0|0,0,10,3.722811,0.000483,10,3.722978,0.000235
4,5,9,1,0|3|2|0|0,0|3|1|0|0,0,10,3.586118,0.000624,10,3.586525,0.000565
4,5,9,1,0|3|3|0|0,0|3|0|0|0,0,10,3.584278,0.000587,10,3.584579,0.000509
4,5,9,1,0|3|0|0|0,0|4|0|0|2,0,10,3.810444,0.000596,10,3.810020,0.000572
4,5,9,1,0|3|0|0|1,0|4|0|0|1,0,10,3.807696,0.000846,10,3.807507,0.000455
4,5,9,1,0|3|0|0|2,0|4|0|0|0,0,10,3.778652,0.000694,10,3.778244,0.000878
4,5,9,1,0|3|0|0|0,0|4|0|1|1,0,10,3.836764,0.000500,10,3.836850,0.000746
4,5,9,1,0|3|0|0|1,0|4|0|1|0,0,10,3.815767,0.000462,10,3.816208,0.000622
4,5,9,1,0|3|0|0|0,0|4|0|2|0,0,10,3.724306,0.000552,10,3.724309,0.000346
4,5,9,1,0|3|0|1|0,0|4|0|0|1,0,10,3.818286,0.000931,10,3.818476,0.000645
4,5,9,1,0|3|0|1|1,0|4|0|0|0,0,10,3.790300,0.000525,10,3.790178,0.000695
4,5,9,1,0|3|0|1|0,0|4|0|1|0,0,10,3.720619,0.000532,10,3.719966,0.000287
4,5,9,1,0|3|0|2|0,0|4|0|0|0,0,10,3.700600,0.000490,10,3.700241,0.000494
4,5,9,1,0|3|0|0|0,0|4|1|0|1,0,10,3.792225,0.000772,10,3.791935,0.000508
4,5,9,1,0|3|0|0|1,0|4|1|0|0,0,10,3.765155,0.000445,10,3.764976,0.000555
4,5,9,1,0|3|0|0|0,0|4|1|1|0,0,10,3.744301,0.000601,10,3.743836,0.000404
4,5,9,1,0|3|0|1|0,0|4|1|0|0,0,10,3.718246,0.000437,10,3.718259,0.000428
4,5,9,1,0|3|0|0|0,0|4|2|0|0,0,10,3.572756,0.000437,10,3.573061,0.000373
4,5,9,1,0|3|1|0|0,0|4|0|0|1,0,10,3.780929,0.000564,10,3.780694,0.000504
4,5,9,1,0|3|1|0|1,0|4|0|0|0,0,10,3.750737,0.000407,10,3.750353,0.000852
4,5,9,1,0|3|1|0|0,0|4|0|1|0,0,10,3.730357,0.000352,10,3.730392,0.000445
4,5,9,1,0|3|1|1|0,0|4|0|0|0,0,10,3.699620,0.000334,10,3.699621,0.000501
4,5,9,1,0|3|1|0|0,0|4|1|0|0,0,10,3.575928,0.000593,10,3.575734,0.000605
4,5,9,1,0|3|2|0|0,0|4|0|0|0,0,10,3.570729,0.000544,10,3.570837,0.000751
4,5,9,1,0|3|0|0|0,0|5|0|0|1,0,10,3.712639,0.000446,10,3.712824,0.000653
4,5,9,1,0|3|0|0|1,0|5|0|0|0,0,10,3.679098,0.000532,10,3.678360,0.000611
4,5,9,1,0|3|0|0|0,0|5|0|1|0,0,10,3.651539,0.000436,10,3.651465,0.000349
4,5,9,1,0|3|0|1|0,0|5|0|0|0,0,10,3.623195,0.000546,10,3.623343,0.000339
4,5,9,1,0|3|0|0|0,0|5|1|0|0,0,10,3.544360,0.000313,10,3.544247,0.000533
4,5,9,1,0|3|1|0|0,0|5|0|0|0,0,10,3.533212,0.000607,10,3.533681,0.000575
4,5,9,1,0|3|0|0|0,0|6|0|0|0,0,10,3.398255,0.000791,10,3.398670,0.000555
4,5,9,1,0|4|0|0|0,0|0|0|0|5,0,10,3.886804,0.000829,10,3.887319,0.000712
4,5,9,1,0|4|0|0|1,0|0|0|0|4,0,10,3.889634,0.001289,10,3.888724,0.000838
4,5,9,1,0|4|0|0|2,0|0|0|0|3,0,10,3.887850,0.001210,10,3.887940,0.000731
4,5,9,1,0|4|0|0|3,0|0|0|0|2,0,10,3.885244,0.001106,10,3.885172,0.001451
4,5,9,1,0|4|0|0|4,0|0|0|0|1,0,10,3.882482,0.001404,10,3.882103,0.001434
4,5,9,1,0|4|0|0|5,0|0|0|0|0,0,10,3.877070,0.000753,10,3.877303,0.001041
4,5,9,1,0|4|0|0|0,0|0|0|1|4,0,10,3.926274,0.001232,10,3.925450,0.000856
4,5,9,1,0|4|0|0|1,0|0|0|1|3,0,10,3.927769,0.001230,10,3.927302,0.000983
4,5,9,1,0|4|0|0|2,0|0|0|1|2,0,10,3.926238,0.001137,10,3.925641,0.001083
4,5,9,1,0|4|0|0|3,0|0|0|1|1,0,10,3.923617,0.001115,10,3.923792,0.001061
4,5,9,1,0|4|0|0|4,0|0|0|1|0,0,10,3.919529,0.000708,10,3.918737,0.000999
4,5,9,1,0|4|0|0|0,0|0|0|2|3,0,10,3.926792,0.001270,10,3.927817,0.000896
4,5,9,1,0|4|0|0|1,0|0|0|2|2,0,10,3.928610,0.001217,10,3.928782,0.001321
4,5,9,1,0|4|0|0|2,0|0|0|2|1,0,10,3.925376,0.001230,10,3.925219,0.000671
4,5,9,1,0|4|0|0|3,0|0|0|2|0,0,10,3.917768,0.000936,10,3.918101,0.000725
4,5,9,1,0|4|0|0|0,0|0|0|3|2,0,10,3.918326,0.000818,10,3.918428,0.000755
4,5,9,1,0|4|0|0|1,0|0|0|3|1,0,10,3.917917,0.001094,10,3.917894,0.000702
4,5,9,1,0|4|0|0|2,0|0|0|3|0,0,10,3.907162,0.000922,10,3.906903,0.000941
4,5,9,1,0|4|0|0|0,0|0|0|4|1,0,10,3.890778,0.000771,10,3.890765,0.000965
4,5,9,1,0|4|0|0|1,0|0|0|4|0,0,10,3.877863,0.000479,10,3.878453,0.000788
4,5,9,1,0|4|0|0|0,0|0|0|5|0,0,10,3.782568,0.000500,10,3.782560,0.000440
4,5,9,1,0|4|0|1|0,0|0|0|0|4,0,10,3.921660,0.001114,10,3.921465,0.001027
4,5,9,1,0|4|0|1|1,0|0|0|0|3,0,10,3.920787,0.000869,10,3.920944,0.001695
4,5,9,1,0|4|0|1|2,0|0|0|0|2,0,10,3.918705,0.000555,10,3.919902,0.000871
4,5,9,1,0|4|0|1|3,0|0|0|0|1,0,10,3.915328,0.000911,10,3.915514,0.000748
4,5,9,1,0|4|0|1|4,0|0|0|0|0,0,10,3.908584,0.001034,10,3.909420,0.000849
4,5,9,1,0|4|0|1|0,0|0|0|1|3,0,10,3.926082,0.000876,10,3.926575,0.001133
4,5,9,1,0|4|0|1|1,0|0|0|1|2,0,10,3.926279,0.001200,10,3.927246,0.001059
4,5,9,1,0|4|0|1|2,0|0|0|1|1,0,10,3.923586,0.000818,10,3.923182,0.000602
4,5,9,1,0|4|0|1|3,0|0|0|1|0,0,10,3.916119,0.000777,10,3.916960,0.000872
4,5,9,1,0|4|0|1|0,0|0|0|2|2,0,10,3.918572,0.000820,10,3.918226,0.000852
4,5,9,1,0|4|0|1|1,0|0|0|2|1,0,10,3.916839,0.000783,10,3.916919,0.000905
4,5,9,1,0|4|0|1|2,0|0|0|2|0,0,10,3.906406,0.000914,10,3.905879,0.000829
4,5,9,1,0|4|0|1|0,0|0|0|3|1,0,10,3.890551,0.000521,10,3.890541,0.000838
4,5,9,1,0|4|0|1|1,0|0|0|3|0,0,10,3.877553,0.000757,10,3.877696,0.000730
4,5,9,1,0|4|0|1|0,0|0|0|4|0,0,10,3.783855,0.000370,10,3.783986,0.000474
4,5,9,1,0|4|0|2|0,0|0|0|0|3,0,10,3.921308,0.000728,10,3.920876,0.000948
4,5,9,1,0|4|0|2|1,0|0|0|0|2,0,10,3.921146,0.001093,10,3.921395,0.001130
4,5,9,1,0|4|0|2|2,0|0|0|0|1,0,10,3.915577,0.000873,10,3.915354,0.001008
4,5,9,1,0|4|0|2|3,0|0|0|0|0,0,10,3.905309,0.001027,10,3.905377,0.000890
4,5,9,1,0|4|0|2|0,0|0|0|1|2,0,10,3.915238,0.001278,10,3.915068,0.001056
4,5,9,1,0|4|0|2|1,0|0|0|1|1,0,10,3.913679,0.000844,10,3.914325,0.000631
4,5,9,1,0|4|0|2|2,0|0|0|1|0,0,10,3.901228,0.000864,10,3.901562,0.000691
4,5,9,1,0|4|0|2|0,0|0|0|2|1,0,10,3.888222,0.000385,10,3.888127,0.000689
4,5,9,1,0|4|0|2|1,0|0|0|2|0,0,10,3.873947,0.000288,10,3.874262,0.000848
4,5,9,1,0|4|0|2|0,0|0|0|3|0,0,10,3.783068,0.000348,10,3.783475,0.000484
4,5,9,1,0|4|0|3|0,0|0|0|0|2,0,10,3.910710,0.000513,10,3.910737,0.000947
4,5,9,1,0|4|0|3|1,0|0|0|0|1,0,10,3.909245,0.000641,10,3.908817,0.000955
4,5,9,1,0|4|0|3|2,0|0|0|0|0,0,10,3.893342,0.000860,10,3.893080,0.000741
4,5,9,1,0|4|0|3|0,0|0|0|1|1,0,10,3.885085,0.000787,10,3.885240,0.000823
4,5,9,1,0|4|0|3|1,0|0|0|1|0,0,10,3.870527,0.000629,10,3.870556,0.000616
4,5,9,1,0|4|0|3|0,0|0|0|2|0,0,10,3.781785,0.000433,10,3.781296,0.000388
4,5,9,1,0|4|0|4|0,0|0|0|0|1,0,10,3.880939,0.000747,10,3.881298,0.000880
4,5,9,1,0|4|0|4|1,0|0|0|0|0,0,10,3.865247,0.000670,10,3.865112,0.000978
4,5,9,1,0|4|0|4|0,0|0|0|1|0,0,10,3.778809,0.000338,10,3.778566,0.000689
4,5,9,1,0|4|0|5|0,0|0|0|0|0,0,10,3.773951,0.000375,10,3.774227,0.000285
4,5,9,1,0|4|0|0|0,0|0|1|0|4,0,10,3.911385,0.000941,10,3.911761,0.000795
4,5,9,1,0|4|0|0|1,0|0|1|0|3,0,10,3.913059,0.001237,10,3.913239,0.000842
4,5,9,1,0|4|0|0|2,0|0|1|0|2,0,10,3.911471,0.001032,10,3.911655,0.001101
4,5,9,1,0|4|0|0|3,0|0|1|0|1,0,10,3.907158,0.000901,10,3.908187,0.001099
4,5,9,1,0|4|0|0|4,0|0|1|0|0,0,10,3.900522,0.001098,10,3.900812,0.001015
4,5,9,1,0|4|0|0|0,0|0|1|1|3,0,10,3.933846,0.001704,10,3.933508,0.000926
4,5,9,1,0|4|0|0|1,0|0|1|1|2,0,10,3.934351,0.001151,10,3.934546,0.001112
4,5,9,1,0|4|0|0|2,0|0|1|1|1,0,10,3.932250,0.000749,10,3.932365,0.001099
4,5,9,1,0|4|0|0|3,0|0|1|1|0,0,10,3.926493,0.000841,10,3.927482,0.001052
4,5,9,1,0|4|0|0|0,0|0|1|2|2,0,10,3.932852,0.000891,10,3.933743,0.001589
4,5,9,1,0|4|0|0|1,0|0|1|2|1,0,10,3.933623,0.000898,10,3.932891,0.000944
4,5,9,1,0|4|0|0|2,0|0|1|2|0,0,10,3.925473,0.000911,10,3.925686,0.000894
4,5,9,1,0|4|0|0|0,0|0|1|3|1,0,10,3.920266,0.000869,10,3.920141,0.000682
4,5,9,1,0|4|0|0|1,0|0|1|3|0,0,10,3.913264,0.000637,10,3.913184,0.000773
4,5,9,1,0|4|0|0|0,0|0|1|4|0,0,10,3.862779,0.000501,10,3.862454,0.000603
4,5,9,1,0|4|0|1|0,0|0|1|0|3,0,10,3.928602,0.001582,10,3.928995,0.000880
4,5,9,1,0|4|0|1|1,0|0|1|0|2,0,10,3.928222,0.000693,10,3.928322,0.001077
4,5,9,1,0|4|0|1|2,0|0|1|0|1,0,10,3.924863,0.000987,10,3.924030,0.001165
4,5,9,1,0|4|0|1|3,0|0|1|0|0,0,10,3.916452,0.000636,10,3.916901,0.001209
4,5,9,1,0|4|0|1|0,0|0|1|1|2,0,10,3.931982,0.000952,10,3.931692,0.001433
4,5,9,1,0|4|0|1|1,0|0|1|1|1,0,10,3.930923,0.001224,10,3.930542,0.000662
4,5,9,1,0|4|0|1|2,0|0|1|1|0,0,10,3.923137,0.001254,10,3.923224,0.000755
4,5,9,1,0|4|0|1|0,0|0|1|2|1,0,10,3.920089,0.001119,10,3.920173,0.000688
4,5,9,1,0|4|0|1|1,0|0|1|2|0,0,10,3.912258,0.001035,10,3.912231,0.000857
4,5,9,1,0|4|0|1|0,0|0|1|3|0,0,10,3.864054,0.000527,10,3.864024,0.000569
4,5,9,1,0|4|0|2|0,0|0|1|0|2,0,10,3.925335,0.000751,10,3.925518,0.000974
4,5,9,1,0|4|0|2|1,0|0|1|0|1,0,10,3.923665,0.000791,10,3.923178,0.000612
4,5,9,1,0|4|0|2|2,0|0|1|0|0,0,10,3.911707,0.000770,10,3.912402,0.000515
4,5,9,1,0|4|0|2|0,0|0|1|1|1,0,10,3.916317,0.000845,10,3.916234,0.000796
4,5,9,1,0|4|0|2|1,0|0|1|1|0,0,10,3.907130,0.000725,10,3.907254,0.000879
4,5,9,1,0|4|0|2|0,0|0|1|2|0,0,10,3.860548,0.000762,10,3.860546,0.000417
4,5,9,1,0|4|0|3|0,0|0|1|0|1,0,10,3.909309,0.000881,10,3.909150,0.000687
4,5,9,1,0|4|0|3|1,0|0|1|0|0,0,10,3.897627,0.000568,10,3.897658,0.000406
4,5,9,1,0|4|0|3|0,0|0|1|1|0,0,10,3.855495,0.000535,10,3.855414,0.000636
4,5,9,1,0|4|0|4|0,0|0|1|0|0,0,10,3.846160,0.000593,10,3.846363,0.000785
4,5,9,1,0|4|0|0|0,0|0|2|0|3,0,10,3.903775,0.000994,10,3.904057,0.000984
4,5,9,1,0|4|0|0|1,0|0|2|0|2,0,10,3.904747,0.000845,10,3.904376,0.000936
4,5,9,1,0|4|0|0|2,0|0|2|0|1,0,10,3.899853,0.001038,10,3.899916,0.000828
4,5,9,1,0|4|0|0|3,0|0|2|0|0,0,10,3.887415,0.000537,10,3.887068,0.000571
4,5,9,1,0|4|0|0|0,0|0|2|1|2,0,10,3.923878,0.000539,10,3.923189,0.001024
4,5,9,1,0|4|0|0|1,0|0|2|1|1,0,10,3.922810,0.000788,10,3.922442,0.000677
4,5,9,1,0|4|0|0|2,0|0|2|1|0,0,10,3.913114,0.001110,10,3.912935,0.000903
4,5,9,1,0|4|0|0|0,0|0|2|2|1,0,10,3.913335,0.000744,10,3.913432,0.000717
4,5,9,1,0|4|0|0|1,0|0|2|2|0,0,10,3.904516,0.000711,10,3.904974,0.000614
4,5,9,1,0|4|0|0|0,0|0|2|3|0,0,10,3.855770,0.000745,10,3.856000,0.000521
4,5,9,1,0|4|0|1|0,0|0|2|0|2,0,10,3.915785,0.000765,10,3.916085,0.000361
4,5,9,1,0|4|0|1|1,0|0|2|0|1,0,10,3.912546,0.001004,10,3.912570,0.001079
4,5,9,1,0|4|0|1|2,0|0|2|0|0,0,10,3.899862,0.000593,10,3.899365,0.001237
4,5,9,1,0|4|0|1|0,0|0|2|1|1,0,10,3.911247,0.000702,10,3.910882,0.000963
4,5,9,1,0|4|0|1|1,0|0|2|1|0,0,10,3.901298,0.000581,10,3.901634,0.000636
4,5,9,1,0|4|0|1|0,0|0|2|2|0,0,10,3.856335,0.000463,10,3.856528,0.000519
4,5,9,1,0|4|0|2|0,0|0|2|0|1,0,10,3.900330,0.000841,10,3.900140,0.000719
4,5,9,1,0|4|0|2|1,0|0|2|0|0,0,10,3.886625,0.001066,10,3.886374,0.000589
4,5,9,1,0|4|0|2|0,0|0|2|1|0,0,10,3.848852,0.000508,10,3.848906,0.000741
4,5,9,1,0|4|0|3|0,0|0|2|0|0,0,10,3.834767,0.000778,10,3.834672,0.000571
4,5,9,1,0|4|0|0|0,0|0|3|0|2,0,10,3.877689,0.001084,10,3.877621,0.000957
4,5,9,1,0|4|0|0|1,0|0|3|0|1,0,10,3.876498,0.001252,10,3.876846,0.000971
4,5,9,1,0|4|0|0|2,0|0|3|0|0,0,10,3.855497,0.000705,10,3.855830,0.000559
4,5,9,1,0|4|0|0|0,0|0|3|1|1,0,10,3.889929,0.000713,10,3.889878,0.000557
4,5,9,1,0|4|0|0|1,0|0|3|1|0,0,10,3.877604,0.000641,10,3.877430,0.000825
4,5,9,1,0|4|0|0|0,0|0|3|2|0,0,10,3.828489,0.000448,10,3.828119,0.000575
4,5,9,1,0|4|0|1|0,0|0|3|0|1,0,10,3.876772,0.000992,10,3.876360,0.000453
4,5,9,1,0|4|0|1|1,0|0|3|0|0,0,10,3.858613,0.000724,10,3.858478,0.000606
4,5,9,1,0|4|0|1|0,0|0|3|1|0,0,10,3.824795,0.000592,10,3.824612,0.000369
4,5,9,1,0|4|0|2|0,0|0|3|0|0,0,10,3.803620,0.000558,10,3.803522,0.000380
4,5,9,1,0|4|0|0|0,0|0|4|0|1,0,10,3.811726,0.000626,10,3.811833,0.000689
4,5,9,1,0|4|0|0|1,0|0|4|0|0,0,10,3.787205,0.000591,10,3.787363,0.000736
4,5,9,1,0|4|0|0|0,0|0|4|1|0,0,10,3.768477,0.000597,10,3.768116,0.000659
4,5,9,1,0|4|0|1|0,0|0|4|0|0,0,10,3.743388,0.000279,10,3.743370,0.000338
4,5,9,1,0|4|0|0|0,0|0|5|0|0,0,10,3.582885,0.000574,10,3.583290,0.000477
4,5,9,1,0|4|1|0|0,0|0|0|0|4,0,10,3.907938,0.001028,10,3.907020,0.000755
4,5,9,1,0|4|1|0|1,0|0|0|0|3,0,10,3.908943,0.001187,10,3.909139,0.001203
4,5,9,1,0|4|1|0|2,0|0|0|0|2,0,10,3.905606,0.001044,10,3.905974,0.001682
4,5,9,1,0|4|1|0|3,0|0|0|0|1,0,10,3.902614,0.001240,10,3.902346,0.001420
4,5,9,1,0|4|1|0|4,0|0|0|0|0,0,10,3.893808,0.000498,10,3.893856,0.000997
4,5,9,1,0|4|1|0|0,0|0|0|1|3,0,10,3.930336,0.000844,10,3.929887,0.000962
4,5,9,1,0|4|1|0|1,0|0|0|1|2,0,10,3.930704,0.000588,10,3.930823,0.000665
4,5,9,1,0|4|1|0|2,0|0|0|1|1,0,10,3.927621,0.000954,10,3.927982,0.000784
4,5,9,1,0|4|1|0|3,0|0|0|1|0,0,10,3.920945,0.000781,10,3.921227,0.000906
4,5,9,1,0|4|1|0|0,0|0|0|2|2,0,10,3.928436,0.000545,10,3.928711,0.001007
4,5,9,1,0|4|1|0|1,0|0|0|2|1,0,10,3.928000,0.000730,10,3.928090,0.001082
4,5,9,1,0|4|1|0|2,0|0|0|2|0,0,10,3.919847,0.000774,10,3.919255,0.001155
4,5,9,1,0|4|1|0|0,0|0|0|3|1,0,10,3.914106,0.000909,10,3.913968,0.000779
4,5,9,1,0|4|1|0|1,0|0|0|3|0,0,10,3.905441,0.000703,10,3.905005,0.000805
4,5,9,1,0|4|1|0|0,0|0|0|4|0,0,10,3.851087,0.000438,10,3.851622,0.000405
4,5,9,1,0|4|1|1|0,0|0|0|0|3,0,10,3.922893,0.000987,10,3.922937,0.000709
4,5,9,1,0|4|1|1|1,0|0|0|0|2,0,10,3.921663,0.001365,10,3.922504,0.001064
4,5,9,1,0|4|1|1|2,0|0|0|0|1,0,10,3.916961,0.001087,10,3.917338,0.000694
4,5,9,1,0|4|1|1|3,0|0|0|0|0,0,10,3.907533,0.001014,10,3.907828,0.001231
4,5,9,1,0|4|1|1|0,0|0|0|1|2,0,10,3.926807,0.000887,10,3.926568,0.000913
4,5,9,1,0|4|1|1|1,0|0|0|1|1,0,10,3.925189,0.000936,10,3.924189,0.000796
4,5,9,1,0|4|1|1|2,0|0|0|1|0,0,10,3.915287,0.000910,10,3.915480,0.000867
4,5,9,1,0|4|1|1|0,0|0|0|2|1,0,10,3.912738,0.000682,10,3.912311,0.000740
4,5,9,1,0|4|1|1|1,0|0|0|2|0,0,10,3.902708,0.000836,10,3.903179,0.000770
4,5,9,1,0|4|1|1|0,0|0|0|3|0,0,10,3.851440,0.000517,10,3.851439,0.000530
4,5,9,1,0|4|1|2|0,0|0|0|0|2,0,10,3.917926,0.001436,10,3.918634,0.001236
4,5,9,1,0|4|1|2|1,0|0|0|0|1,0,10,3.915111,0.000689,10,3.914736,0.000807
4,5,9,1,0|4|1|2|2,0|0|0|0|0,0,10,3.901172,0.000646,10,3.901431,0.000907
4,5,9,1,0|4|1|2|0,0|0|0|1|1,0,10,3.907297,0.000712,10,3.907799,0.001122
4,5,9,1,0|4|1|2|1,0|0|0|1|0,0,10,3.896564,0.000498,10,3.897061,0.000728
4,5,9,1,0|4|1|2|0,0|0|0|2|0,0,10,3.847984,0.000548,10,3.847642,0.000651
4,5,9,1,0|4|1|3|0,0|0|0|0|1,0,10,3.899550,0.001009,10,3.899402,0.001050
4,5,9,1,0|4|1|3|1,0|0|0|0|0,0,10,3.886193,0.000768,10,3.885592,0.000687
4,5,9,1,0|4|1|3|0,0|0|0|1|0,0,10,3.841364,0.000387,10,3.841763,0.000798
4,5,9,1,0|4|1|4|0,0|0|0|0|0,0,10,3.830910,0.000621,10,3.830833,0.000456
4,5,9,1,0|4|1|0|0,0|0|1|0|3,0,10,3.903322,0.000773,10,3.902795,0.001018
4,5,9,1,0|4|1|0|1,0|0|1|0|2,0,10,3.903482,0.000869,10,3.903452,0.000924
4,5,9,1,0|4|1|0|2,0|0|1|0|1,0,10,3.897799,0.000770,10,3.897430,0.000980
4,5,9,1,0|4|1|0|3,0|0|1|0|0,0,10,3.885186,0.000792,10,3.884722,0.000450
4,5,9,1,0|4|1|0|0,0|0|1|1|2,0,10,3.921919,0.000878,10,3.921295,0.000733
4,5,9,1,0|4|1|0|1,0|0|1|1|1,0,10,3.919967,0.001253,10,3.919720,0.001124
4,5,9,1,0|4|1|0|2,0|0|1|1|0,0,10,3.910022,0.001066,10,3.909929,0.000993
4,5,9,1,0|4|1|0|0,0|0|1|2|1,0,10,3.910839,0.001149,10,3.910973,0.000457
4,5,9,1,0|4|1|0|1,0|0|1|2|0,0,10,3.902125,0.000507,10,3.901560,0.000768
4,5,9,1,0|4|1|0|0,0|0|1|3|0,0,10,3.853468,0.000715,10,3.853584,0.000735
4,5,9,1,0|4|1|1|0,0|0|1|0|2,0,10,3.911882,0.000790,10,3.911954,0.001378
4,5,9,1,0|4|1|1|1,0|0|1|0|1,0,10,3.908359,0.001020,10,3.908662,0.001048
4,5,9,1,0|4|1|1|2,0|0|1|0|0,0,10,3.894339,0.000765,10,3.894584,0.000682
4,5,9,1,0|4|1|1|0,0|0|1|1|1,0,10,3.907249,0.000972,10,3.907255,0.000756
4,5,9,1,0|4|1|1|1,0|0|1|1|0,0,10,3.896376,0.000668,10,3.896414,0.000377
4,5,9,1,0|4|1|1|0,0|0|1|2|0,0,10,3.852378,0.000509,10,3.852516,0.000724
4,5,9,1,0|4|1|2|0,0|0|1|0|1,0,10,3.895358,0.000948,10,3.895660,0.000792
4,5,9,1,0|4|1|2|1,0|0|1|0|0,0,10,3.881004,0.000786,10,3.880839,0.000707
4,5,9,1,0|4|1|2|0,0|0|1|1|0,0,10,3.844863,0.000466,10,3.844679,0.000796
4,5,9,1,0|4|1|3|0,0|0|1|0|0,0,10,3.829949,0.000629,10,3.830044,0.000429
4,5,9,1,0|4|1|0|0,0|0|2|0|2,0,10,3.877695,0.000845,10,3.878117,0.000814
4,5,9,1,0|4|1|0|1,0|0|2|0|1,0,10,3.874620,0.000965,10,3.875055,0.000668
4,5,9,1,0|4|1|0|2,0|0|2|0|0,0,10,3.854341,0.000755,10,3.854112,0.000651
4,5,9,1,0|4|1|0|0,0|0|2|1|1,0,10,3.887499,0.000938,10,3.887704,0.000764
4,5,9,1,0|4|1|0|1,0|0|2|1|0,0,10,3.874435,0.000810,10,3.874997,0.000664
4,5,9,1,0|4|1|0|0,0|0|2|2|0,0,10,3.826810,0.000792,10,3.826558,0.000739
4,5,9,1,0|4|1|1|0,0|0|2|0|1,0,10,3.872533,0.000761,10,3.873014,0.000645
4,5,9,1,0|4|1|1|1,0|0|2|0|0,0,10,3.853381,0.000718,10,3.853343,0.000637
4,5,9,1,0|4|1|1|0,0|0|2|1|0,0,10,3.821404,0.000470,10,3.821195,0.000628
4,5,9,1,0|4|1|2|0,0|0|2|0|0,0,10,3.799913,0.000441,10,3.799636,0.000605
4,5,9,1,0|4|1|0|0,0|0|3|0|1,0,10,3.811545,0.000453,10,3.811608,0.000597
4,5,9,1,0|4|1|0|1,0|0|3|0|0,0,10,3.785811,0.000612,10,3.785990,0.000880
4,5,9,1,0|4|1|0|0,0|0|3|1|0,0,10,3.767203,0.000532,10,3.767406,0.000510
4,5,9,1,0|4|1|1|0,0|0|3|0|0,0,10,3.740576,0.000450,10,3.740617,0.000390
4,5,9,1,0|4|1|0|0,0|0|4|0|0,0,10,3.589260,0.000429,10,3.589233,0.000424
4,5,9,1,0|4|2|0|0,0|0|0|0|3,0,10,3.900068,0.000865,10,3.899876,0.000980
4,5,9,1,0|4|2|0|1,0|0|0|0|2,0,10,3.900666,0.001416,10,3.900564,0.000877
4,5,9,1,0|4|2|0|2,0|0|0|0|1,0,10,3.893880,0.000873,10,3.893616,0.001082
4,5,9,1,0|4|2|0|3,0|0|0|0|0,0,10,3.878987,0.001027,10,3.879476,0.001028
4,5,9,1,0|4|2|0|0,0|0|0|1|2,0,10,3.918435,0.000801,10,3.918268,0.001220
4,5,9,1,0|4|2|0|1,0|0|0|1|1,0,10,3.917161,0.000610,10,3.917350,0.000888
4,5,9,1,0|4|2|0|2,0|0|0|1|0,0,10,3.906085,0.000673,10,3.905945,0.000900
4,5,9,1,0|4|2|0|0,0|0|0|2|1,0,10,3.907240,0.000647,10,3.906495,0.000787
4,5,9,1,0|4|2|0|1,0|0|0|2|0,0,10,3.897064,0.000602,10,3.896864,0.000874
4,5,9,1,0|4|2|0|0,0|0|0|3|0,0,10,3.847408,0.000630,10,3.847370,0.000553
4,5,9,1,0|4|2|1|0,0|0|0|0|2,0,10,3.908097,0.001170,10,3.908283,0.001158
4,5,9,1,0|4|2|1|1,0|0|0|0|1,0,10,3.903801,0.001000,10,3.903466,0.001072
4,5,9,1,0|4|2|1|2,0|0|0|0|0,0,10,3.887377,0.000893,10,3.888246,0.000384
4,5,9,1,0|4|2|1|0,0|0|0|1|1,0,10,3.902693,0.000839,10,3.903114,0.000970
4,5,9,1,0|4|2|1|1,0|0|0|1|0,0,10,3.890791,0.000636,10,3.891227,0.000581
4,5,9,1,0|4|2|1|0,0|0|0|2|0,0,10,3.846630,0.000517,10,3.846604,0.000803
4,5,9,1,0|4|2|2|0,0|0|0|0|1,0,10,3.889378,0.000588,10,3.889821,0.000545
4,5,9,1,0|4|2|2|1,0|0|0|0|0,0,10,3.872778,0.000706,10,3.872988,0.000625
4,5,9,1,0|4|2|2|0,0|0|0|1|0,0,10,3.837506,0.000614,10,3.837151,0.000575
4,5,9,1,0|4|2|3|0,0|0|0|0|0,0,10,3.819596,0.000493,10,3.819682,0.000527
4,5,9,1,0|4|2|0|0,0|0|1|0|2,0,10,3.876279,0.001057,10,3.875736,0.000345
4,5,9,1,0|4|2|0|1,0|0|1|0|1,0,10,3.872532,0.000876,10,3.872890,0.001018
4,5,9,1,0|4|2|0|2,0|0|1|0|0,0,10,3.850596,0.000462,10,3.850911,0.000868
4,5,9,1,0|4|2|0|0,0|0|1|1|1,0,10,3.885865,0.000648,10,3.886036,0.000751
4,5,9,1,0|4|2|0|1,0|0|1|1|0,0,10,3.872248,0.000704,10,3.872075,0.000833
4,5,9,1,0|4|2|0|0,0|0|1|2|0,0,10,3.823930,0.000518,10,3.823891,0.000367
4,5,9,1,0|4|2|1|0,0|0|1|0|1,0,10,3.869684,0.000378,10,3.869848,0.000830
4,5,9,1,0|4|2|1|1,0|0|1|0|0,0,10,3.849646,0.000687,10,3.849974,0.000534
4,5,9,1,0|4|2|1|0,0|0|1|1|0,0,10,3.818413,0.000572,10,3.818471,0.000465
4,5,9,1,0|4|2|2|0,0|0|1|0|0,0,10,3.795192,0.000660,10,3.794788,0.000347
4,5,9,1,0|4|2|0|0,0|0|2|0|1,0,10,3.811090,0.000650,10,3.810869,0.000829
4,5,9,1,0|4|2|0|1,0|0|2|0|0,0,10,3.784022,0.000528,10,3.784248,0.000447
4,5,9,1,0|4|2|0|0,0|0|2|1|0,0,10,3.766223,0.000360,10,3.765935,0.000347
4,5,9,1,0|4|2|1|0,0|0|2|0|0,0,10,3.738148,0.000550,10,3.738396,0.000515
4,5,9,1,0|4|2|0|0,0|0|3|0|0,0,10,3.591530,0.000561,10,3.591512,0.000386
4,5,9,1,0|4|3|0|0,0|0|0|0|2,0,10,3.873967,0.000674,10,3.873857,0.000636
4,5,9,1,0|4|3|0|1,0|0|0|0|1,0,10,3.870821,0.000925,10,3.871193,0.000789
4,5,9,1,0|4|3|0|2,0|0|0|0|0,0,10,3.847639,0.000626,10,3.847874,0.000943
4,5,9,1,0|4|3|0|0,0|0|0|1|1,0,10,3.884064,0.000404,10,3.884319,0.000542
4,5,9,1,0|4|3|0|1,0|0|0|1|0,0,10,3.870143,0.000653,10,3.870142,0.000501
4,5,9,1,0|4|3|0|0,0|0|0|2|0,0,10,3.821253,0.000390,10,3.821233,0.000693
4,5,9,1,0|4|3|1|0,0|0|0|0|1,0,10,3.868054,0.000592,10,3.867690,0.000479
4,5,9,1,0|4|3|1|1,0|0|0|0|0,0,10,3.847109,0.000584,10,3.846745,0.000542
4,5,9,1,0|4|3|1|0,0|0|0|1|0,0,10,3.815758,0.000443,10,3.815808,0.000508
4,5,9,1,0|4|3|2|0,0|0|0|0|0,0,10,3.790379,0.000583,10,3.790684,0.000611
4,5,9,1,0|4|3|0|0,0|0|1|0|1,0,10,3.810032,0.000476,10,3.810369,0.000617
4,5,9,1,0|4|3|0|1,0|0|1|0|0,0,10,3.783268,0.000432,10,3.783532,0.000442
4,5,9,1,0|4|3|0|0,0|0|1|1|0,0,10,3.765265,0.000386,10,3.765068,0.000224
4,5,9,1,0|4|3|1|0,0|0|1|0|0,0,10,3.737321,0.000461,10,3.737283,0.000531
4,5,9,1,0|4|3|0|0,0|0|2|0|0,0,10,3.592366,0.000470,10,3.592274,0.000562
4,5,9,1,0|4|4|0|0,0|0|0|0|1,0,10,3.809688,0.000570,10,3.809730,0.000625
4,5,9,1,0|4|4|0|1,0|0|0|0|0,0,10,3.782347,0.000552,10,3.782112,0.000694
4,5,9,1,0|4|4|0|0,0|0|0|1|0,0,10,3.764208,0.000494,10,3.764124,0.000648
4,5,9,1,0|4|4|1|0,0|0|0|0|0,0,10,3.736172,0.000335,10,3.735869,0.000403
4,5,9,1,0|4|4|0|0,0|0|1|0|0,0,10,3.592767,0.000478,10,3.592389,0.000650
4,5,9,1,0|4|5|0|0,0|0|0|0|0,0,10,3.592251,0.000333,10,3.592064,0.000563
4,5,9,1,0|4|0|0|0,0|1|0|0|4,0,10,3.875141,0.001345,10,3.874988,0.000596
4,5,9,1,0|4|0|0|1,0|1|0|0|3,0,10,3.877330,0.000687,10,3.877465,0.001086
4,5,9,1,0|4|0|0|2,0|1|0|0|2,0,10,3.874686,0.001070,10,3.874089,0.000319
4,5,9,1,0|4|0|0|3,0|1|0|0|1,0,10,3.869169,0.001029,10,3.869007,0.000781
4,5,9,1,0|4|0|0|4,0|1|0|0|0,0,10,3.858755,0.000851,10,3.858528,0.000711
4,5,9,1,0|4|0|0|0,0|1|0|1|3,0,10,3.915549,0.001274,10,3.916146,0.000759
4,5,9,1,0|4|0|0|1,0|1|0|1|2,0,10,3.917505,0.001467,10,3.916668,0.000973
4,5,9,1,0|4|0|0|2,0|1|0|1|1,0,10,3.912460,0.001035,10,3.912680,0.000607
4,5,9,1,0|4|0|0|3,0|1|0|1|0,0,10,3.903375,0.001118,10,3.903564,0.000870
4,5,9,1,0|4|0|0|0,0|1|0|2|2,0,10,3.910941,0.000972,10,3.910553,0.000863
4,5,9,1,0|4|0|0|1,0|1|0|2|1,0,10,3.910455,0.001107,10,3.910316,0.000968
4,5,9,1,0|4|0|0|2,0|1|0|2|0,0,10,3.897298,0.000871,10,3.897944,0.000645
4,5,9,1,0|4|0|0|0,0|1|0|3|1,0,10,3.883728,0.000730,10,3.883620,0.000547
4,5,9,1,0|4|0|0|1,0|1|0|3|0,0,10,3.869775,0.000836,10,3.870094,0.000498
4,5,9,1,0|4|0|0|0,0|1|0|4|0,0,10,3.773113,0.000217,10,3.773141,0.000372
4,5,9,1,0|4|0|1|0,0|1|0|0|3,0,10,3.908579,0.000645,10,3.908211,0.000821
4,5,9,1,0|4|0|1|1,0|1|0|0|2,0,10,3.907677,0.001562,10,3.907597,0.001055
4,5,9,1,0|4|0|1|2,0|1|0|0|1,0,10,3.901776,0.000915,10,3.902327,0.000934
4,5,9,1,0|4|0|1|3,0|1|0|0|0,0,10,3.889733,0.000844,10,3.889321,0.000598
4,5,9,1,0|4|0|1|0,0|1|0|1|2,0,10,3.909159,0.000637,10,3.909209,0.000790
4,5,9,1,0|4|0|1|1,0|1|0|1|1,0,10,3.907048,0.000878,10,3.907125,0.000603
4,5,9,1,0|4|0|1|2,0|1|0|1|0,0,10,3.894154,0.001261,10,3.894177,0.001067
4,5,9,1,0|4|0|1|0,0|1|0|2|1,0,10,3.882788,0.000697,10,3.882803,0.000971
4,5,9,1,0|4|0|1|1,0|1|0|2|0,0,10,3.868070,0.000332,10,3.868184,0.000688
4,5,9,1,0|4|0|1|0,0|1|0|3|0,0,10,3.774518,0.000399,10,3.774442,0.000379
4,5,9,1,0|4|0|2|0,0|1|0|0|2,0,10,3.901338,0.000751,10,3.900833,0.000831
4,5,9,1,0|4|0|2|1,0|1|0|0|1,0,10,3.897803,0.000809,10,3.897817,0.000881
4,5,9,1,0|4|0|2|2,0|1|0|0|0,0,10,3.880157,0.001045,10,3.880144,0.000796
4,5,9,1,0|4|0|2|0,0|1|0|1|1,0,10,3.878430,0.000561,10,3.878217,0.000938
4,5,9,1,0|4|0|2|1,0|1|0|1|0,0,10,3.862740,0.000832,10,3.862039,0.000646
4,5,9,1,0|4|0|2|0,0|1|0|2|0,0,10,3.772493,0.000498,10,3.772290,0.000339
4,5,9,1,0|4|0|3|0,0|1|0|0|1,0,10,3.871474,0.000719,10,3.870896,0.000971
4,5,9,1,0|4|0|3|1,0|1|0|0|0,0,10,3.853064,0.000553,10,3.852813,0.000622
4,5,9,1,0|4|0|3|0,0|1|0|1|0,0,10,3.768578,0.000536,10,3.768573,0.000389
4,5,9,1,0|4|0|4|0,0|1|0|0|0,0,10,3.760691,0.000359,10,3.760488,0.000613
4,5,9,1,0|4|0|0|0,0|1|1|0|3,0,10,3.897651,0.000992,10,3.897519,0.000928
4,5,9,1,0|4|0|0|1,0|1|1|0|2,0,10,3.898316,0.001034,10,3.898489,0.000970
4,5,9,1,0|4|0|0|2,0|1|1|0|1,0,10,3.892848,0.000879,10,3.893297,0.001123
4,5,9,1,0|4|0|0|3,0|1|1|0|0,0,10,3.880100,0.001015,10,3.880615,0.000561
4,5,9,1,0|4|0|0|0,0|1|1|1|2,0,10,3.918878,0.000953,10,3.919060,0.000960
4,5,9,1,0|4|0|0|1,0|1|1|1|1,0,10,3.918203,0.001005,10,3.918273,0.001382
4,5,9,1,0|4|0|0|2,0|1|1|1|0,0,10,3.907547,0.000688,10,3.907555,0.000712
4,5,9,1,0|4|0|0|0,0|1|1|2|1,0,10,3.907330,0.000997,10,3.907545,0.001044
4,5,9,1,0|4|0|0|1,0|1|1|2|0,0,10,3.897840,0.000745,10,3.897991,0.000642
4,5,9,1,0|4|0|0|0,0|1|1|3|0,0,10,3.843619,0.000681,10,3.843468,0.000570
4,5,9,1,0|4|0|1|0,0|1|1|0|2,0,10,3.910945,0.000744,10,3.910802,0.000829
4,5,9,1,0|4|0|1|1,0|1|1|0|1,0,10,3.906841,0.000854,10,3.907066,0.000768
4,5,9,1,0|4|0|1|2,0|1|1|0|0,0,10,3.892941,0.000892,10,3.893033,0.001121
4,5,9,1,0|4|0|1|0,0|1|1|1|1,0,10,3.904924,0.000643,10,3.904636,0.000624
4,5,9,1,0|4|0|1|1,0|1|1|1|0,0,10,3.894110,0.000753,10,3.893933,0.000658
4,5,9,1,0|4|0|1|0,0|1|1|2|0,0,10,3.843554,0.000593,10,3.843895,0.000637
4,5,9,1,0|4|0|2|0,0|1|1|0|1,0,10,3.893942,0.000737,10,3.893846,0.000882
4,5,9,1,0|4|0|2|1,0|1|1|0|0,0,10,3.879113,0.000339,10,3.878862,0.000757
4,5,9,1,0|4|0|2|0,0|1|1|1|0,0,10,3.836937,0.000588,10,3.836776,0.000900
4,5,9,1,0|4|0|3|0,0|1|1|0|0,0,10,3.822467,0.000512,10,3.822874,0.000637
4,5,9,1,0|4|0|0|0,0|1|2|0|2,0,10,3.876005,0.000650,10,3.876192,0.000546
4,5,9,1,0|4|0|0|1,0|1|2|0|1,0,10,3.873888,0.000521,10,3.873497,0.000797
4,5,9,1,0|4|0|0|2,0|1|2|0|0,0,10,3.853102,0.000640,10,3.853417,0.000604
4,5,9,1,0|4|0|0|0,0|1|2|1|1,0,10,3.887633,0.000890,10,3.888000,0.001160
4,5,9,1,0|4|0|0|1,0|1|2|1|0,0,10,3.875343,0.000652,10,3.875132,0.000603
4,5,9,1,0|4|0|0|0,0|1|2|2|0,0,10,3.824396,0.000418,10,3.824760,0.000737
4,5,9,1,0|4|0|1|0,0|1|2|0|1,0,10,3.874464,0.000593,10,3.874262,0.000683
4,5,9,1,0|4|0|1|1,0|1|2|0|0,0,10,3.855548,0.000605,10,3.855440,0.000492
4,5,9,1,0|4|0|1|0,0|1|2|1|0,0,10,3.820874,0.000370,10,3.820621,0.000559
4,5,9,1,0|4|0|2|0,0|1|2|0|0,0,10,3.799824,0.000579,10,3.799681,0.000527
4,5,9,1,0|4|0|0|0,0|1|3|0|1,0,10,3.811100,0.000571,10,3.810725,0.000457
4,5,9,1,0|4|0|0|1,0|1|3|0|0,0,10,3.785730,0.000802,10,3.786410,0.000467
4,5,9,1,0|4|0|0|0,0|1|3|1|0,0,10,3.766563,0.000618,10,3.766931,0.000480
4,5,9,1,0|4|0|1|0,0|1|3|0|0,0,10,3.742310,0.000504,10,3.742445,0.000432
4,5,9,1,0|4|0|0|0,0|1|4|0|0,0,10,3.582537,0.000517,10,3.582486,0.000350
4,5,9,1,0|4|1|0|0,0|1|0|0|3,0,10,3.892088,0.001638,10,3.891542,0.000992
4,5,9,1,0|4|1|0|1,0|1|0|0|2,0,10,3.892422,0.000914,10,3.892353,0.001057
4,5,9,1,0|4|1|0|2,0|1|0|0|1,0,10,3.885426,0.000425,10,3.885346,0.001351
4,5,9,1,0|4|1|0|3,0|1|0|0|0,0,10,3.870951,0.000697,10,3.870481,0.000931
4,5,9,1,0|4|1|0|0,0|1|0|1|2,0,10,3.913713,0.000711,10,3.913689,0.000902
4,5,9,1,0|4|1|0|1,0|1|0|1|1,0,10,3.911921,0.000647,10,3.911472,0.000515
4,5,9,1,0|4|1|0|2,0|1|0|1|0,0,10,3.899488,0.000694,10,3.899212,0.001127
4,5,9,1,0|4|1|0|0,0|1|0|2|1,0,10,3.899701,0.000961,10,3.900337,0.000857
4,5,9,1,0|4|1|0|1,0|1|0|2|0,0,10,3.888578,0.000568,10,3.888863,0.000498
4,5,9,1,0|4|1|0|0,0|1|0|3|0,0,10,3.831398,0.000698,10,3.831816,0.000572
4,5,9,1,0|4|1|1|0,0|1|0|0|2,0,10,3.902055,0.000557,10,3.901852,0.000427
4,5,9,1,0|4|1|1|1,0|1|0|0|1,0,10,3.897017,0.000714,10,3.897238,0.000444
4,5,9,1,0|4|1|1|2,0|1|0|0|0,0,10,3.880725,0.000702,10,3.880589,0.000952
4,5,9,1,0|4|1|1|0,0|1|0|1|1,0,10,3.895204,0.000532,10,3.895705,0.000935
4,5,9,1,0|4|1|1|1,0|1|0|1|0,0,10,3.882199,0.000638,10,3.881768,0.000595
4,5,9,1,0|4|1|1|0,0|1|0|2|0,0,10,3.830431,0.000641,10,3.830285,0.000788
4,5,9,1,0|4|1|2|0,0|1|0|0|1,0,10,3.882246,0.000711,10,3.882393,0.000794
4,5,9,1,0|4|1|2|1,0|1|0|0|0,0,10,3.864608,0.001007,10,3.864656,0.000867
4,5,9,1,0|4|1|2|0,0|1|0|1|0,0,10,3.822395,0.000524,10,3.822105,0.000432
4,5,9,1,0|4|1|3|0,0|1|0|0|0,0,10,3.806086,0.000374,10,3.805876,0.000625
4,5,9,1,0|4|1|0|0,0|1|1|0|2,0,10,3.874129,0.000760,10,3.874348,0.000870
4,5,9,1,0|4|1|0|1,0|1|1|0|1,0,10,3.871494,0.000600,10,3.871231,0.000716
4,5,9,1,0|4|1|0|2,0|1|1|0|0,0,10,3.849920,0.000799,10,3.849795,0.000561
4,5,9,1,0|4|1|0|0,0|1|1|1|1,0,10,3.884520,0.000450,10,3.884752,0.000807
4,5,9,1,0|4|1|0|1,0|1|1|1|0,0,10,3.871058,0.000441,10,3.870605,0.000743
4,5,9,1,0|4|1|0|0,0|1|1|2|0,0,10,3.821583,0.000696,10,3.821901,0.000565
4,5,9,1,0|4|1|1|0,0|1|1|0|1,0,10,3.868723,0.000579,10,3.868655,0.000710
4,5,9,1,0|4|1|1|1,0|1|1|0|0,0,10,3.848238,0.000522,10,3.848566,0.000529
4,5,9,1,0|4|1|1|0,0|1|1|1|0,0,10,3.815775,0.000331,10,3.815777,0.000486
4,5,9,1,0|4|1|2|0,0|1|1|0|0,0,10,3.794460,0.000382,10,3.794452,0.000464
4,5,9,1,0|4|1|0|0,0|1|2|0|1,0,10,3.810014,0.000909,10,3.809894,0.000559
4,5,9,1,0|4|1|0|1,0|1|2|0|0,0,10,3.784058,0.000497,10,3.784329,0.000429
4,5,9,1,0|4|1|0|0,0|1|2|1|0,0,10,3.765523,0.000497,10,3.765528,0.000399
4,5,9,1,0|4|1|1|0,0|1|2|0|0,0,10,3.738836,0.000390,10,3.738272,0.000529
4,5,9,1,0|4|1|0|0,0|1|3|0|0,0,10,3.588285,0.000457,10,3.588420,0.000579
4,5,9,1,0|4|2|0|0,0|1|0|0|2,0,10,3.870061,0.001294,10,3.869988,0.000765
4,5,9,1,0|4|2|0|1,0|1|0|0|1,0,10,3.866818,0.001404,10,3.866707,0.000630
4,5,9,1,0|4|2|0|2,0|1|0|0|0,0,10,3.842519,0.000749,10,3.842638,0.000607
4,5,9,1,0|4|2|0|0,0|1|0|1|1,0,10,3.880471,0.000423,10,3.880716,0.000632
4,5,9,1,0|4|2|0|1,0|1|0|1|0,0,10,3.865801,0.000693,10,3.866143,0.000405
4,5,9,1,0|4|2|0|0,0|1|0|2|0,0,10,3.815107,0.000350,10,3.815499,0.000506
4,5,9,1,0|4|2|1|0,0|1|0|0|1,0,10,3.863047,0.000663,10,3.863088,0.000728
4,5,9,1,0|4|2|1|1,0|1|0|0|0,0,10,3.841545,0.000513,10,3.841104,0.000512
4,5,9,1,0|4|2|1|0,0|1|0|1|0,0,10,3.808955,0.000640,10,3.808942,0.000486
4,5,9,1,0|4|2|2|0,0|1|0|0|0,0,10,3.783873,0.000581,10,3.784136,0.000450
4,5,9,1,0|4|2|0|0,0|1|1|0|1,0,10,3.808715,0.000746,10,3.808124,0.000705
4,5,9,1,0|4|2|0|1,0|1|1|0|0,0,10,3.781587,0.000501,10,3.781643,0.000692
4,5,9,1,0|4|2|0|0,0|1|1|1|0,0,10,3.763217,0.000322,10,3.763309,0.000473
4,5,9,1,0|4|2|1|0,0|1|1|0|0,0,10,3.735324,0.000393,10,3.735631,0.000293
4,5,9,1,0|4|2|0|0,0|1|2|0|0,0,10,3.590380,0.000318,10,3.590364,0.000445
4,5,9,1,0|4|3|0|0,0|1|0|0|1,0,10,3.806850,0.000469,10,3.806439,0.000692
4,5,9,1,0|4|3|0|1,0|1|0|0|0,0,10,3.778961,0.000948,10,3.779347,0.000663
4,5,9,1,0|4|3|0|0,0|1|0|1|0,0,10,3.760879,0.000397,10,3.760670,0.000457
4,5,9,1,0|4|3|1|0,0|1|0|0|0,0,10,3.732088,0.000508,10,3.732249,0.000542
4,5,9,1,0|4|3|0|0,0|1|1|0|0,0,10,3.590596,0.000723,10,3.590575,0.000633
4,5,9,1,0|4|4|0|0,0|1|0|0|0,0,10,3.589849,0.000589,10,3.590148,0.000467
4,5,9,1,0|4|0|0|0,0|2|0|0|3,0,10,3.853186,0.000918,10,3.852838,0.000734
4,5,9,1,0|4|0|0|1,0|2|0|0|2,0,10,3.855562,0.001354,10,3.855536,0.001305
4,5,9,1,0|4|0|0|2,0|2|0|0|1,0,10,3.847401,0.000478,10,3.847269,0.000958
4,5,9,1,0|4|0|0|3,0|2|0|0|0,0,10,3.828885,0.000722,10,3.828991,0.001043
4,5,9,1,0|4|0|0|0,0|2|0|1|2,0,10,3.892777,0.000708,10,3.893540,0.001002
4,5,9,1,0|4|0|0|1,0|2|0|1|1,0,10,3.892156,0.000653,10,3.892019,0.000771
4,5,9,1,0|4|0|0|2,0|2|0|1|0,0,10,3.875525,0.000459,10,3.875417,0.000921
4,5,9,1,0|4|0|0|0,0|2|0|2|1,0,10,3.869540,0.000836,10,3.870178,0.000620
4,5,9,1,0|4|0|0|1,0|2|0|2|0,0,10,3.853764,0.000620,10,3.853885,0.000746
4,5,9,1,0|4|0|0|0,0|2|0|3|0,0,10,3.756028,0.000402,10,3.756238,0.000328
4,5,9,1,0|4|0|1|0,0|2|0|0|2,0,10,3.881460,0.000981,10,3.881910,0.000558
4,5,9,1,0|4|0|1|1,0|2|0|0|1,0,10,3.876919,0.000617,10,3.876378,0.000748
4,5,9,1,0|4|0|1|2,0|2|0|0|0,0,10,3.855735,0.000642,10,3.856318,0.000922
4,5,9,1,0|4|0|1|0,0|2|0|1|1,0,10,3.866183,0.000591,10,3.865938,0.000455
4,5,9,1,0|4|0|1|1,0|2|0|1|0,0,10,3.848424,0.000554,10,3.848237,0.000347
4,5,9,1,0|4|0|1|0,0|2|0|2|0,0,10,3.757086,0.000423,10,3.757280,0.000384
4,5,9,1,0|4|0|2|0,0|2|0|0|1,0,10,3.853934,0.000517,10,3.853575,0.000532
4,5,9,1,0|4|0|2|1,0|2|0|0|0,0,10,3.831485,0.000650,10,3.831566,0.000602
4,5,9,1,0|4|0|2|0,0|2|0|1|0,0,10,3.751162,0.000313,10,3.751262,0.000403
4,5,9,1,0|4|0|3|0,0|2|0|0|0,0,10,3.738608,0.000426,10,3.738633,0.000482
4,5,9,1,0|4|0|0|0,0|2|1|0|2,0,10,3.867158,0.000451,10,3.866765,0.000964
4,5,9,1,0|4|0|0|1,0|2|1|0|1,0,10,3.864444,0.000864,10,3.863752,0.000907
4,5,9,1,0|4|0|0|2,0|2|1|0|0,0,10,3.843275,0.000651,10,3.842898,0.000988
4,5,9,1,0|4|0|0|0,0|2|1|1|1,0,10,3.879513,0.000474,10,3.879269,0.000630
4,5,9,1,0|4|0|0|1,0|2|1|1|0,0,10,3.865860,0.000847,10,3.865583,0.000856
4,5,9,1,0|4|0|0|0,0|2|1|2|0,0,10,3.810595,0.000803,10,3.810833,0.000591
4,5,9,1,0|4|0|1|0,0|2|1|0|1,0,10,3.865372,0.000627,10,3.864680,0.000886
4,5,9,1,0|4|0|1|1,0|2|1|0|0,0,10,3.845084,0.000799,10,3.845145,0.000420
4,5,9,1,0|4|0|1|0,0|2|1|1|0,0,10,3.806431,0.000626,10,3.806911,0.000394
4,5,9,1,0|4|0|2|0,0|2|1|0|0,0,10,3.786147,0.000452,10,3.785725,0.000588
4,5,9,1,0|4|0|0|0,0|2|2|0|1,0,10,3.806752,0.000913,10,3.806887,0.000712
4,5,9,1,0|4|0|0|1,0|2|2|0|0,0,10,3.781540,0.000729,10,3.781171,0.000861
4,5,9,1,0|4|0|0|0,0|2|2|1|0,0,10,3.761858,0.000441,10,3.761950,0.000422
4,5,9,1,0|4|0|1|0,0|2|2|0|0,0,10,3.736569,0.000507,10,3.736897,0.000395
4,5,9,1,0|4|0|0|0,0|2|3|0|0,0,10,3.580216,0.000560,10,3.580283,0.000422
4,5,9,1,0|4|1|0|0,0|2|0|0|2,0,10,3.859280,0.000890,10,3.859227,0.000803
4,5,9,1,0|4|1|0|1,0|2|0|0|1,0,10,3.854741,0.000734,10,3.854729,0.000434
4,5,9,1,0|4|1|0|2,0|2|0|0|0,0,10,3.830262,0.001136,10,3.830236,0.000657
4,5,9,1,0|4|1|0|0,0|2|0|1|1,0,10,3.870854,0.000758,10,3.870806,0.000621
4,5,9,1,0|4|1|0|1,0|2|0|1|0,0,10,3.854607,0.000553,10,3.854379,0.000620
4,5,9,1,0|4|1|0|0,0|2|0|2|0,0,10,3.798190,0.000482,10,3.798167,0.000367
4,5,9,1,0|4|1|1|0,0|2|0|0|1,0,10,3.852327,0.000688,10,3.851831,0.000681
4,5,9,1,0|4|1|1|1,0|2|0|0|0,0,10,3.828278,0.000603,10,3.828480,0.000483
4,5,9,1,0|4|1|1|0,0|2|0|1|0,0,10,3.790886,0.000513,10,3.790950,0.000693
4,5,9,1,0|4|1|2|0,0|2|0|0|0,0,10,3.767346,0.000689,10,3.767584,0.000307
4,5,9,1,0|4|1|0|0,0|2|1|0|1,0,10,3.804793,0.000649,10,3.804629,0.000436
4,5,9,1,0|4|1|0|1,0|2|1|0|0,0,10,3.778047,0.000526,10,3.777794,0.000513
4,5,9,1,0|4|1|0|0,0|2|1|1|0,0,10,3.758907,0.000270,10,3.758993,0.000471
4,5,9,1,0|4|1|1|0,0|2|1|0|0,0,10,3.731338,0.000277,10,3.731037,0.000467
4,5,9,1,0|4|1|0|0,0|2|2|0|0,0,10,3.585707,0.000568,10,3.585722,0.000527
4,5,9,1,0|4|2|0|0,0|2|0|0|1,0,10,3.799740,0.000471,10,3.800070,0.000571
4,5,9,1,0|4|2|0|1,0|2|0|0|0,0,10,3.771012,0.000589,10,3.771046,0.000557
4,5,9,1,0|4|2|0|0,0|2|0|1|0,0,10,3.752735,0.000625,10,3.752701,0.000299
4,5,9,1,0|4|2|1|0,0|2|0|0|0,0,10,3.722821,0.000646,10,3.722994,0.000484
4,5,9,1,0|4|2|0|0,0|2|1|0|0,0,10,3.586553,0.000428,10,3.586546,0.000458
4,5,9,1,0|4|3|0|0,0|2|0|0|0,0,10,3.584519,0.000631,10,3.584403,0.000368
4,5,9,1,0|4|0|0|0,0|3|0|0|2,0,10,3.810612,0.000749,10,3.810045,0.000660
4,5,9,1,0|4|0|0|1,0|3|0|0|1,0,10,3.807224,0.001042,10,3.807797,0.000876
4,5,9,1,0|4|0|0|2,0|3|0|0|0,0,10,3.778832,0.000655,10,3.778082,0.000852
4,5,9,1,0|4|0|0|0,0|3|0|1|1,0,10,3.836675,0.000851,10,3.836298,0.000481
4,5,9,1,0|4|0|0|1,0|3|0|1|0,0,10,3.816012,0.000485,10,3.815480,0.000712
4,5,9,1,0|4|0|0|0,0|3|0|2|0,0,10,3.723976,0.000446,10,3.724408,0.000433
4,5,9,1,0|4|0|1|0,0|3|0|0|1,0,10,3.818165,0.000519,10,3.818214,0.000738
4,5,9,1,0|4|0|1|1,0|3|0|0|0,0,10,3.790175,0.000767,10,3.790376,0.000393
4,5,9,1,0|4|0|1|0,0|3|0|1|0,0,10,3.720410,0.000402,10,3.720403,0.000437
4,5,9,1,0|4|0|2|0,0|3|0|0|0,0,10,3.699589,0.000390,10,3.700168,0.000257
4,5,9,1,0|4|0|0|0,0|3|1|0|1,0,10,3.791816,0.000775,10,3.791785,0.000504
4,5,9,1,0|4|0|0|1,0|3|1|0|0,0,10,3.765428,0.000366,10,3.765010,0.000604
4,5,9,1,0|4|0|0|0,0|3|1|1|0,0,10,3.744063,0.000523,10,3.744131,0.000563
4,5,9,1,0|4|0|1|0,0|3|1|0|0,0,10,3.718434,0.000793,10,3.718458,0.000367
4,5,9,1,0|4|0|0|0,0|3|2|0|0,0,10,3.572527,0.000417,10,3.572660,0.000503
4,5,9,1,0|4|1|0|0,0|3|0|0|1,0,10,3.780771,0.000567,10,3.781186,0.000722
4,5,9,1,0|4|1|0|1,0|3|0|0|0,0,10,3.749981,0.000745,10,3.750166,0.000786
4,5,9,1,0|4|1|0|0,0|3|0|1|0,0,10,3.730312,0.000588,10,3.730413,0.000516
4,5,9,1,0|4|1|1|0,0|3|0|0|0,0,10,3.699715,0.000620,10,3.699667,0.000603
4,5,9,1,0|4|1|0|0,0|3|1|0|0,0,10,3.575596,0.000762,10,3.575947,0.000501
4,5,9,1,0|4|2|0|0,0|3|0|0|0,0,10,3.570785,0.000518,10,3.570470,0.000614
4,5,9,1,0|4|0|0|0,0|4|0|0|1,0,10,3.712678,0.000617,10,3.712564,0.000471
4,5,9,1,0|4|0|0|1,0|4|0|0|0,0,10,3.678915,0.000822,10,3.678909,0.000296
4,5,9,1,0|4|0|0|0,0|4|0|1|0,0,10,3.651254,0.000533,10,3.651545,0.000452
4,5,9,1,0|4|0|1|0,0|4|0|0|0,0,10,3.623326,0.000507,10,3.623119,0.000401
4,5,9,1,0|4|0|0|0,0|4|1|0|0,0,10,3.544533,0.000599,10,3.544119,0.000518
4,5,9,1,0|4|1|0|0,0|4|0|0|0,0,10,3.533804,0.000390,10,3.533659,0.000554
4,5,9,1,0|4|0|0|0,0|5|0|0|0,0,10,3.398680,0.000651,10,3.398775,0.000741
4,5,9,1,0|5|0|0|0,0|0|0|0|4,0,10,3.874742,0.000918,10,3.875186,0.000873
4,5,9,1,0|5|0|0|1,0|0|0|0|3,0,10,3.877143,0.001186,10,3.877424,0.000748
4,5,9,1,0|5|0|0|2,0|0|0|0|2,0,10,3.874284,0.000930,10,3.874279,0.000817
4,5,9,1,0|5|0|0|3,0|0|0|0|1,0,10,3.869542,0.000538,10,3.869315,0.001104
4,5,9,1,0|5|0|0|4,0|0|0|0|0,0,10,3.858677,0.000534,10,3.858097,0.001259
4,5,9,1,0|5|0|0|0,0|0|0|1|3,0,10,3.915612,0.001317,10,3.916384,0.001048
4,5,9,1,0|5|0|0|1,0|0|0|1|2,0,10,3.916901,0.000788,10,3.917150,0.001038
4,5,9,1,0|5|0|0|2,0|0|0|1|1,0,10,3.912870,0.001138,10,3.912937,0.000870
4,5,9,1,0|5|0|0|3,0|0|0|1|0,0,10,3.903549,0.000735,10,3.904080,0.000590
4,5,9,1,0|5|0|0|0,0|0|0|2|2,0,10,3.911319,0.000912,10,3.910491,0.000714
4,5,9,1,0|5|0|0|1,0|0|0|2|1,0,10,3.910392,0.000929,10,3.910574,0.000873
4,5,9,1,0|5|0|0|2,0|0|0|2|0,0,10,3.897476,0.000904,10,3.897686,0.000967
4,5,9,1,0|5|0|0|0,0|0|0|3|1,0,10,3.883282,0.000549,10,3.883653,0.000700
4,5,9,1,0|5|0|0|1,0|0|0|3|0,0,10,3.869860,0.000534,10,3.869894,0.001093
4,5,9,1,0|5|0|0|0,0|0|0|4|0,0,10,3.773035,0.000462,10,3.773250,0.000366
4,5,9,1,0|5|0|1|0,0|0|0|0|3,0,10,3.908621,0.000850,10,3.908760,0.000697
4,5,9,1,0|5|0|1|1,0|0|0|0|2,0,10,3.907501,0.001509,10,3.907387,0.000887
4,5,9,1,0|5|0|1|2,0|0|0|0|1,0,10,3.901368,0.001388,10,3.901886,0.001163
4,5,9,1,0|5|0|1|3,0|0|0|0|0,0,10,3.889265,0.000581,10,3.888895,0.000963
4,5,9,1,0|5|0|1|0,0|0|0|1|2,0,10,3.909509,0.000963,10,3.909358,0.001037
4,5,9,1,0|5|0|1|1,0|0|0|1|1,0,10,3.906946,0.001123,10,3.907495,0.000795
4,5,9,1,0|5|0|1|2,0|0|0|1|0,0,10,3.893765,0.000347,10,3.893849,0.000702
4,5,9,1,0|5|0|1|0,0|0|0|2|1,0,10,3.882883,0.000746,10,3.882675,0.000479
4,5,9,1,0|5|0|1|1,0|0|0|2|0,0,10,3.868440,0.000548,10,3.868127,0.000534
4,5,9,1,0|5|0|1|0,0|0|0|3|0,0,10,3.774548,0.000527,10,3.774736,0.000367
4,5,9,1,0|5|0|2|0,0|0|0|0|2,0,10,3.901364,0.000807,10,3.900934,0.000816
4,5,9,1,0|5|0|2|1,0|0|0|0|1,0,10,3.898107,0.001089,10,3.897688,0.001080
4,5,9,1,0|5|0|2|2,0|0|0|0|0,0,10,3.880187,0.000719,10,3.879980,0.000578
4,5,9,1,0|5|0|2|0,0|0|0|1|1,0,10,3.878589,0.000551,10,3.878228,0.000784
4,5,9,1,0|5|0|2|1,0|0|0|1|0,0,10,3.862333,0.000765,10,3.862750,0.000618
4,5,9,1,0|5|0|2|0,0|0|0|2|0,0,10,3.772337,0.000348,10,3.772433,0.000559
4,5,9,1,0|5|0|3|0,0|0|0|0|1,0,10,3.871260,0.000486,10,3.871011,0.000683
4,5,9,1,0|5|0|3|1,0|0|0|0|0,0,10,3.852650,0.000741,10,3.852971,0.000564
4,5,9,1,0|5|0|3|0,0|0|0|1|0,0,10,3.768382,0.000582,10,3.768646,0.000388
4,5,9,1,0|5|0|4|0,0|0|0|0|0,0,10,3.760332,0.000484,10,3.760217,0.000406
4,5,9,1,0|5|0|0|0,0|0|1|0|3,0,10,3.896991,0.000539,10,3.896999,0.001068
4,5,9,1,0|5|0|0|1,0|0|1|0|2,0,10,3.898909,0.001076,10,3.898845,0.001013
4,5,9,1,0|5|0|0|2,0|0|1|0|1,0,10,3.893402,0.000831,10,3.892941,0.001068
4,5,9,1,0|5|0|0|3,0|0|1|0|0,0,10,3.880769,0.000731,10,3.880007,0.000767
4,5,9,1,0|5|0|0|0,0|0|1|1|2,0,10,3.919417,0.001008,10,3.919350,0.000465
4,5,9,1,0|5|0|0|1,0|0|1|1|1,0,10,3.917906,0.000926,10,3.918473,0.001019
4,5,9,1,0|5|0|0|2,0|0|1|1|0,0,10,3.907909,0.000616,10,3.907734,0.000826
4,5,9,1,0|5|0|0|0,0|0|1|2|1,0,10,3.908053,0.000732,10,3.907655,0.000494
4,5,9,1,0|5|0|0|1,0|0|1|2|0,0,10,3.898196,0.000896,10,3.897650,0.000817
4,5,9,1,0|5|0|0|0,0|0|1|3|0,0,10,3.843725,0.000638,10,3.843735,0.000579
4,5,9,1,0|5|0|1|0,0|0|1|0|2,0,10,3.910589,0.001118,10,3.910496,0.000990
4,5,9,1,0|5|0|1|1,0|0|1|0|1,0,10,3.906649,0.000768,10,3.907083,0.001182
4,5,9,1,0|5|0|1|2,0|0|1|0|0,0,10,3.892657,0.000597,10,3.892968,0.000772
4,5,9,1,0|5|0|1|0,0|0|1|1|1,0,10,3.904575,0.000544,10,3.904473,0.000699
4,5,9,1,0|5|0|1|1,0|0|1|1|0,0,10,3.893837,0.000568,10,3.894069,0.000546
4,5,9,1,0|5|0|1|0,0|0|1|2|0,0,10,3.844094,0.000579,10,3.844125,0.000558
4,5,9,1,0|5|0|2|0,0|0|1|0|1,0,10,3.893697,0.000843,10,3.893621,0.001073
4,5,9,1,0|5|0|2|1,0|0|1|0|0,0,10,3.879112,0.000412,10,3.878681,0.000688
4,5,9,1,0|5|0|2|0,0|0|1|1|0,0,10,3.837173,0.000688,10,3.836781,0.000466
4,5,9,1,0|5|0|3|0,0|0|1|0|0,0,10,3.822761,0.000636,10,3.822869,0.000423
4,5,9,1,0|5|0|0|0,0|0|2|0|2,0,10,3.876118,0.000543,10,3.875597,0.000650
4,5,9,1,0|5|0|0|1,0|0|2|0|1,0,10,3.874149,0.000668,10,3.873608,0.000828
4,5,9,1,0|5|0|0|2,0|0|2|0|0,0,10,3.853127,0.000522,10,3.853145,0.000950
4,5,9,1,0|5|0|0|0,0|0|2|1|1,0,10,3.887759,0.000570,10,3.887829,0.000992
4,5,9,1,0|5|0|0|1,0|0|2|1|0,0,10,3.875364,0.000842,10,3.875508,0.000676
4,5,9,1,0|5|0|0|0,0|0|2|2|0,0,10,3.824552,0.000540,10,3.824411,0.000543
4,5,9,1,0|5|0|1|0,0|0|2|0|1,0,10,3.874436,0.000980,10,3.874328,0.000494
4,5,9,1,0|5|0|1|1,0|0|2|0|0,0,10,3.855724,0.000872,10,3.856029,0.000516
4,5,9,1,0|5|0|1|0,0|0|2|1|0,0,10,3.820723,0.000437,10,3.820845,0.000370
4,5,9,1,0|5|0|2|0,0|0|2|0|0,0,10,3.799906,0.000444,10,3.799730,0.000506
4,5,9,1,0|5|0|0|0,0|0|3|0|1,0,10,3.810764,0.000938,10,3.810832,0.000641
4,5,9,1,0|5|0|0|1,0|0|3|0|0,0,10,3.786089,0.000670,10,3.786090,0.000283
4,5,9,1,0|5|0|0|0,0|0|3|1|0,0,10,3.766641,0.000486,10,3.766614,0.000659
4,5,9,1,0|5|0|1|0,0|0|3|0|0,0,10,3.742184,0.000407,10,3.742098,0.000478
4,5,9,1,0|5|0|0|0,0|0|4|0|0,0,10,3.582450,0.000629,10,3.582635,0.000382
4,5,9,1,0|5|1|0|0,0|0|0|0|3,0,10,3.891810,0.000769,10,3.892028,0.000643
4,5,9,1,0|5|1|0|1,0|0|0|0|2,0,10,3.892141,0.000981,10,3.892374,0.000946
4,5,9,1,0|5|1|0|2,0|0|0|0|1,0,10,3.885710,0.000819,10,3.885051,0.001165
4,5,9,1,0|5|1|0|3,0|0|0|0|0,0,10,3.870629,0.000605,10,3.870290,0.001000
4,5,9,1,0|5|1|0|0,0|0|0|1|2,0,10,3.913619,0.000941,10,3.913538,0.001038
4,5,9,1,0|5|1|0|1,0|0|0|1|1,0,10,3.911693,0.000798,10,3.911513,0.000521
4,5,9,1,0|5|1|0|2,0|0|0|1|0,0,10,3.899832,0.000421,10,3.898819,0.000913
4,5,9,1,0|5|1|0|0,0|0|0|2|1,0,10,3.900368,0.000831,10,3.900362,0.000632
4,5,9,1,0|5|1|0|1,0|0|0|2|0,0,10,3.888846,0.000419,10,3.888887,0.000903
4,5,9,1,0|5|1|0|0,0|0|0|3|0,0,10,3.831478,0.000741,10,3.831630,0.000592
4,5,9,1,0|5|1|1|0,0|0|0|0|2,0,10,3.902614,0.001039,10,3.902024,0.001049
4,5,9,1,0|5|1|1|1,0|0|0|0|1,0,10,3.897352,0.000785,10,3.897423,0.000622
4,5,9,1,0|5|1|1|2,0|0|0|0|0,0,10,3.880526,0.000646,10,3.880354,0.000421
4,5,9,1,0|5|1|1|0,0|0|0|1|1,0,10,3.894894,0.000850,10,3.895375,0.000616
4,5,9,1,0|5|1|1|1,0|0|0|1|0,0,10,3.882219,0.000731,10,3.881774,0.000703
4,5,9,1,0|5|1|1|0,0|0|0|2|0,0,10,3.829996,0.000516,10,3.830172,0.000513
4,5,9,1,0|5|1|2|0,0|0|0|0|1,0,10,3.882052,0.000863,10,3.882560,0.000456
4,5,9,1,0|5|1|2|1,0|0|0|0|0,0,10,3.864295,0.000491,10,3.864338,0.000394
4,5,9,1,0|5|1|2|0,0|0|0|1|0,0,10,3.822198,0.000557,10,3.822187,0.000625
4,5,9,1,0|5|1|3|0,0|0|0|0|0,0,10,3.806097,0.000640,10,3.805977,0.000490
4,5,9,1,0|5|1|0|0,0|0|1|0|2,0,10,3.874372,0.000853,10,3.874754,0.000905
4,5,9,1,0|5|1|0|1,0|0|1|0|1,0,10,3.870907,0.000756,10,3.870738,0.000728
4,5,9,1,0|5|1|0|2,0|0|1|0|0,0,10,3.849788,0.000746,10,3.849498,0.000642
4,5,9,1,0|5|1|0|0,0|0|1|1|1,0,10,3.884599,0.000612,10,3.884905,0.000468
4,5,9,1,0|5|1|0|1,0|0|1|1|0,0,10,3.870654,0.000660,10,3.870845,0.000896
4,5,9,1,0|5|1|0|0,0|0|1|2|0,0,10,3.821997,0.000494,10,3.821987,0.000737
4,5,9,1,0|5|1|1|0,0|0|1|0|1,0,10,3.868966,0.000824,10,3.868901,0.000647
4,5,9,1,0|5|1|1|1,0|0|1|0|0,0,10,3.848623,0.000580,10,3.848638,0.000556
4,5,9,1,0|5|1|1|0,0|0|1|1|0,0,10,3.815852,0.000529,10,3.815850,0.000572
4,5,9,1,0|5|1|2|0,0|0|1|0|0,0,10,3.794316,0.000538,10,3.794183,0.000717
4,5,9,1,0|5|1|0|0,0|0|2|0|1,0,10,3.810397,0.000664,10,3.810260,0.000609
4,5,9,1,0|5|1|0|1,0|0|2|0|0,0,10,3.783915,0.000453,10,3.783906,0.000433
4,5,9,1,0|5|1|0|0,0|0|2|1|0,0,10,3.765352,0.000395,10,3.765595,0.000396
4,5,9,1,0|5|1|1|0,0|0|2|0|0,0,10,3.738492,0.000564,10,3.738803,0.000513
4,5,9,1,0|5|1|0|0,0|0|3|0|0,0,10,3.588478,0.000491,10,3.588479,0.000382
4,5,9,1,0|5|2|0|0,0|0|0|0|2,0,10,3.870012,0.000394,10,3.869872,0.001040
4,5,9,1,0|5|2|0|1,0|0|0|0|1,0,10,3.866920,0.000766,10,3.867064,0.000901
4,5,9,1,0|5|2|0|2,0|0|0|0|0,0,10,3.842852,0.000771,10,3.842471,0.000756
4,5,9,1,0|5|2|0|0,0|0|0|1|1,0,10,3.880335,0.000936,10,3.880216,0.000895
4,5,9,1,0|5|2|0|1,0|0|0|1|0,0,10,3.865752,0.000821,10,3.865703,0.000668
4,5,9,1,0|5|2|0|0,0|0|0|2|0,0,10,3.815186,0.000883,10,3.815170,0.000529
4,5,9,1,0|5|2|1|0,0|0|0|0|1,0,10,3.863394,0.000542,10,3.863015,0.000531
4,5,9,1,0|5|2|1|1,0|0|0|0|0,0,10,3.841442,0.000505,10,3.841185,0.000585
4,5,9,1,0|5|2|1|0,0|0|0|1|0,0,10,3.809467,0.000666,10,3.809261,0.000541
4,5,9,1,0|5|2|2|0,0|0|0|0|0,0,10,3.784065,0.000482,10,3.784023,0.000661
4,5,9,1,0|5|2|0|0,0|0|1|0|1,0,10,3.808609,0.000477,10,3.808425,0.000614
4,5,9,1,0|5|2|0|1,0|0|1|0|0,0,10,3.781488,0.000540,10,3.781647,0.000589
4,5,9,1,0|5|2|0|0,0|0|1|1|0,0,10,3.763162,0.000713,10,3.763392,0.000553
4,5,9,1,0|5|2|1|0,0|0|1|0|0,0,10,3.735237,0.000452,10,3.735184,0.000545
4,5,9,1,0|5|2|0|0,0|0|2|0|0,0,10,3.590259,0.000520,10,3.590426,0.000635
4,5,9,1,0|5|3|0|0,0|0|0|0|1,0,10,3.806851,0.000888,10,3.806810,0.000596
4,5,9,1,0|5|3|0|1,0|0|0|0|0,0,10,3.779285,0.000489,10,3.779060,0.000588
4,5,9,1,0|5|3|0|0,0|0|0|1|0,0,10,3.760602,0.000730,10,3.761026,0.000384
4,5,9,1,0|5|3|1|0,0|0|0|0|0,0,10,3.732288,0.000480,10,3.732239,0.000550
4,5,9,1,0|5|3|0|0,0|0|1|0|0,0,10,3.590785,0.000473,10,3.590846,0.000517
4,5,9,1,0|5|4|0|0,0|0|0|0|0,0,10,3.590075,0.000684,10,3.589823,0.000265
4,5,9,1,0|5|0|0|0,0|1|0|0|3,0,10,3.853305,0.000917,10,3.853064,0.000554
4,5,9,1,0|5|0|0|1,0|1|0|0|2,0,10,3.855612,0.000876,10,3.855806,0.000715
4,5,9,1,0|5|0|0|2,0|1|0|0|1,0,10,3.847553,0.000671,10,3.847236,0.000918
4,5,9,1,0|5|0|0|3,0|1|0|0|0,0,10,3.828795,0.000670,10,3.828791,0.000539
4,5,9,1,0|5|0|0|0,0|1|0|1|2,0,10,3.893397,0.000803,10,3.893244,0.000832
4,5,9,1,0|5|0|0|1,0|1|0|1|1,0,10,3.891682,0.000791,10,3.891167,0.000882
4,5,9,1,0|5|0|0|2,0|1|0|1|0,0,10,3.875192,0.000763,10,3.875709,0.000678
4,5,9,1,0|5|0|0|0,0|1|0|2|1,0,10,3.869504,0.000507,10,3.869426,0.000795
4,5,9,1,0|5|0|0|1,0|1|0|2|0,0,10,3.853747,0.000593,10,3.853537,0.000592
4,5,9,1,0|5|0|0|0,0|1|0|3|0,0,10,3.756282,0.000520,10,3.756273,0.000357
4,5,9,1,0|5|0|1|0,0|1|0|0|2,0,10,3.881993,0.000911,10,3.881729,0.000501
4,5,9,1,0|5|0|1|1,0|1|0|0|1,0,10,3.876986,0.000980,10,3.876794,0.000937
4,5,9,1,0|5|0|1|2,0|1|0|0|0,0,10,3.855855,0.001053,10,3.855728,0.000855
4,5,9,1,0|5|0|1|0,0|1|0|1|1,0,10,3.865955,0.000828,10,3.865746,0.000619
4,5,9,1,0|5|0|1|1,0|1|0|1|0,0,10,3.848396,0.000607,10,3.848327,0.000614
4,5,9,1,0|5|0|1|0,0|1|0|2|0,0,10,3.756972,0.000405,10,3.757196,0.000362
4,5,9,1,0|5|0|2|0,0|1|0|0|1,0,10,3.853744,0.000782,10,3.853751,0.000675
4,5,9,1,0|5|0|2|1,0|1|0|0|0,0,10,3.831593,0.000622,10,3.831603,0.000662
4,5,9,1,0|5|0|2|0,0|1|0|1|0,0,10,3.751136,0.000377,10,3.751472,0.000575
4,5,9,1,0|5|0|3|0,0|1|0|0|0,0,10,3.738539,0.000544,10,3.738668,0.000581
4,5,9,1,0|5|0|0|0,0|1|1|0|2,0,10,3.866902,0.000645,10,3.866942,0.000903
4,5,9,1,0|5|0|0|1,0|1|1|0|1,0,10,3.864620,0.000838,10,3.864178,0.000979
4,5,9,1,0|5|0|0|2,0|1|1|0|0,0,10,3.842558,0.000778,10,3.842604,0.000826
4,5,9,1,0|5|0|0|0,0|1|1|1|1,0,10,3.879354,0.000856,10,3.879744,0.000378
4,5,9,1,0|5|0|0|1,0|1|1|1|0,0,10,3.865909,0.000305,10,3.866021,0.000435
4,5,9,1,0|5|0|0|0,0|1|1|2|0,0,10,3.810730,0.000661,10,3.811190,0.000463
4,5,9,1,0|5|0|1|0,0|1|1|0|1,0,10,3.865011,0.000783,10,3.864982,0.000772
4,5,9,1,0|5|0|1|1,0|1|1|0|0,0,10,3.845129,0.000808,10,3.845121,0.000444
4,5,9,1,0|5|0|1|0,0|1|1|1|0,0,10,3.806791,0.000452,10,3.806910,0.000661
4,5,9,1,0|5|0|2|0,0|1|1|0|0,0,10,3.785966,0.000570,10,3.785572,0.000664
4,5,9,1,0|5|0|0|0,0|1|2|0|1,0,10,3.806683,0.000616,10,3.806539,0.000314
4,5,9,1,0|5|0|0|1,0|1|2|0|0,0,10,3.781612,0.000425,10,3.781623,0.000633
4,5,9,1,0|5|0|0|0,0|1|2|1|0,0,10,3.761555,0.000451,10,3.761972,0.000448
4,5,9,1,0|5|0|1|0,0|1|2|0|0,0,10,3.737153,0.000389,10,3.737122,0.000421
4,5,9,1,0|5|0|0|0,0|1|3|0|0,0,10,3.580075,0.000465,10,3.580098,0.000449
4,5,9,1,0|5|1|0|0,0|1|0|0|2,0,10,3.859399,0.000464,10,3.859251,0.000825
4,5,9,1,0|5|1|0|1,0|1|0|0|1,0,10,3.854440,0.001052,10,3.854756,0.000548
4,5,9,1,0|5|1|0|2,0|1|0|0|0,0,10,3.829824,0.000857,10,3.830124,0.000782
4,5,9,1,0|5|1|0|0,0|1|0|1|1,0,10,3.870645,0.000677,10,3.870909,0.000503
4,5,9,1,0|5|1|0|1,0|1|0|1|0,0,10,3.854505,0.000812,10,3.854383,0.000510
4,5,9,1,0|5|1|0|0,0|1|0|2|0,0,10,3.798191,0.000429,10,3.798177,0.000686
4,5,9,1,0|5|1|1|0,0|1|0|0|1,0,10,3.852160,0.000499,10,3.851912,0.000988
4,5,9,1,0|5|1|1|1,0|1|0|0|0,0,10,3.827999,0.000402,10,3.828200,0.000691
4,5,9,1,0|5|1|1|0,0|1|0|1|0,0,10,3.791128,0.000690,10,3.791219,0.000656
4,5,9,1,0|5|1|2|0,0|1|0|0|0,0,10,3.767527,0.000408,10,3.767171,0.000482
4,5,9,1,0|5|1|0|0,0|1|1|0|1,0,10,3.804812,0.000658,10,3.804541,0.000775
4,5,9,1,0|5|1|0|1,0|1|1|0|0,0,10,3.777640,0.000872,10,3.777701,0.000476
4,5,9,1,0|5|1|0|0,0|1|1|1|0,0,10,3.758898,0.000270,10,3.759027,0.000629
4,5,9,1,0|5|1|1|0,0|1|1|0|0,0,10,3.731163,0.000530,10,3.731230,0.000270
4,5,9,1,0|5|1|0|0,0|1|2|0|0,0,10,3.585851,0.000459,10,3.585598,0.000573
4,5,9,1,0|5|2|0|0,0|1|0|0|1,0,10,3.799272,0.000457,10,3.799760,0.000593
4,5,9,1,0|5|2|0|1,0|1|0|0|0,0,10,3.771108,0.000605,10,3.771022,0.000464
4,5,9,1,0|5|2|0|0,0|1|0|1|0,0,10,3.752370,0.000557,10,3.752654,0.000554
4,5,9,1,0|5|2|1|0,0|1|0|0|0,0,10,3.722692,0.000640,10,3.723035,0.000389
4,5,9,1,0|5|2|0|0,0|1|1|0|0,0,10,3.586355,0.000574,10,3.586563,0.000323
4,5,9,1,0|5|3|0|0,0|1|0|0|0,0,10,3.584675,0.000395,10,3.584401,0.000276
4,5,9,1,0|5|0|0|0,0|2|0|0|2,0,10,3.810240,0.000632,10,3.810361,0.001067
4,5,9,1,0|5|0|0|1,0|2|0|0|1,0,10,3.807990,0.000767,10,3.807432,0.000556
4,5,9,1,0|5|0|0|2,0|2|0|0|0,0,10,3.778590,0.000505,10,3.778437,0.000590
4,5,9,1,0|5|0|0|0,0|2|0|1|1,0,10,3.836551,0.000661,10,3.836191,0.000666
4,5,9,1,0|5|0|0|1,0|2|0|1|0,0,10,3.815976,0.000485,10,3.816492,0.000721
4,5,9,1,0|5|0|0|0,0|2|0|2|0,0,10,3.724541,0.000492,10,3.724320,0.000565
4,5,9,1,0|5|0|1|0,0|2|0|0|1,0,10,3.818094,0.000512,10,3.818033,0.000828
4,5,9,1,0|5|0|1|1,0|2|0|0|0,0,10,3.790132,0.000287,10,3.790163,0.000280
4,5,9,1,0|5|0|1|0,0|2|0|1|0,0,10,3.720564,0.000470,10,3.720597,0.000329
4,5,9,1,0|5|0|2|0,0|2|0|0|0,0,10,3.699956,0.000469,10,3.700027,0.000438
4,5,9,1,0|5|0|0|0,0|2|1|0|1,0,10,3.792054,0.000660,10,3.791734,0.000562
4,5,9,1,0|5|0|0|1,0|2|1|0|0,0,10,3.764680,0.000359,10,3.765217,0.000346
4,5,9,1,0|5|0|0|0,0|2|1|1|0,0,10,3.744310,0.000536,10,3.744124,0.000513
4,5,9,1,0|5|0|1|0,0|2|1|0|0,0,10,3.718327,0.000339,10,3.718278,0.000576
4,5,9,1,0|5|0|0|0,0|2|2|0|0,0,10,3.573021,0.000525,10,3.572976,0.000353
4,5,9,1,0|5|1|0|0,0|2|0|0|1,0,10,3.780919,0.000796,10,3.781287,0.000483
4,5,9,1,0|5|1|0|1,0|2|0|0|0,0,10,3.750417,0.000486,10,3.749805,0.000751
4,5,9,1,0|5|1|0|0,0|2|0|1|0,0,10,3.730438,0.000394,10,3.730216,0.000699
4,5,9,1,0|5|1|1|0,0|2|0|0|0,0,10,3.699106,0.000572,10,3.699530,0.000637
4,5,9,1,0|5|1|0|0,0|2|1|0|0,0,10,3.575707,0.000640,10,3.575810,0.000572
4,5,9,1,0|5|2|0|0,0|2|0|0|0,0,10,3.570979,0.000487,10,3.570600,0.000630
4,5,9,1,0|5|0|0|0,0|3|0|0|1,0,10,3.712713,0.000833,10,3.712718,0.000370
4,5,9,1,0|5|0|0|1,0|3|0|0|0,0,10,3.678875,0.000339,10,3.678759,0.000542
4,5,9,1,0|5|0|0|0,0|3|0|1|0,0,10,3.651520,0.000799,10,3.651288,0.000621
4,5,9,1,0|5|0|1|0,0|3|0|0|0,0,10,3.623239,0.000535,10,3.623197,0.000555
4,5,9,1,0|5|0|0|0,0|3|1|0|0,0,10,3.544342,0.000578,10,3.544288,0.000796
4,5,9,1,0|5|1|0|0,0|3|0|0|0,0,10,3.533330,0.000464,10,3.533649,0.000691
4,5,9,1,0|5|0|0|0,0|4|0|0|0,0,10,3.398397,0.000881,10,3.398290,0.000674
4,5,9,1,0|6|0|0|0,0|0|0|0|3,0,10,3.853268,0.001027,10,3.853011,0.000460
4,5,9,1,0|6|0|0|1,0|0|0|0|2,0,10,3.855035,0.001298,10,3.855317,0.000827
4,5,9,1,0|6|0|0|2,0|0|0|0|1,0,10,3.847530,0.000859,10,3.847488,0.000884
4,5,9,1,0|6|0|0|3,0|0|0|0|0,0,10,3.828859,0.000983,10,3.828619,0.000649
4,5,9,1,0|6|0|0|0,0|0|0|1|2,0,10,3.893135,0.000834,10,3.893450,0.000872
4,5,9,1,0|6|0|0|1,0|0|0|1|1,0,10,3.891936,0.000604,10,3.891289,0.000771
4,5,9,1,0|6|0|0|2,0|0|0|1|0,0,10,3.875659,0.000697,10,3.875459,0.000664
4,5,9,1,0|6|0|0|0,0|0|0|2|1,0,10,3.869274,0.000724,10,3.869944,0.000782
4,5,9,1,0|6|0|0|1,0|0|0|2|0,0,10,3.854191,0.000503,10,3.853663,0.000455
4,5,9,1,0|6|0|0|0,0|0|0|3|0,0,10,3.756504,0.000432,10,3.756243,0.000502
4,5,9,1,0|6|0|1|0,0|0|0|0|2,0,10,3.882204,0.000592,10,3.881681,0.000653
4,5,9,1,0|6|0|1|1,0|0|0|0|1,0,10,3.876542,0.000788,10,3.876666,0.000591
4,5,9,1,0|6|0|1|2,0|0|0|0|0,0,10,3.855584,0.000586,10,3.856067,0.001029
4,5,9,1,0|6|0|1|0,0|0|0|1|1,0,10,3.865920,0.001181,10,3.865469,0.000824
4,5,9,1,0|6|0|1|1,0|0|0|1|0,0,10,3.848596,0.000639,10,3.848594,0.000549
4,5,9,1,0|6|0|1|0,0|0|0|2|0,0,10,3.757228,0.000333,10,3.757011,0.000417
4,5,9,1,0|6|0|2|0,0|0|0|0|1,0,10,3.853810,0.000511,10,3.853359,0.000789
4,5,9,1,0|6|0|2|1,0|0|0|0|0,0,10,3.831257,0.000991,10,3.831599,0.000773
4,5,9,1,0|6|0|2|0,0|0|0|1|0,0,10,3.750889,0.000381,10,3.751405,0.000381
4,5,9,1,0|6|0|3|0,0|0|0|0|0,0,10,3.738644,0.000613,10,3.738386,0.000488
4,5,9,1,0|6|0|0|0,0|0|1|0|2,0,10,3.867684,0.000500,10,3.866730,0.000716
4,5,9,1,0|6|0|0|1,0|0|1|0|1,0,10,3.864802,0.000767,10,3.864261,0.000961
4,5,9,1,0|6|0|0|2,0|0|1|0|0,0,10,3.842819,0.000870,10,3.842791,0.000663
4,5,9,1,0|6|0|0|0,0|0|1|1|1,0,10,3.879662,0.000655,10,3.879704,0.000480
4,5,9,1,0|6|0|0|1,0|0|1|1|0,0,10,3.865564,0.000665,10,3.865486,0.000633
4,5,9,1,0|6|0|0|0,0|0|1|2|0,0,10,3.810966,0.000679,10,3.811117,0.000585
4,5,9,1,0|6|0|1|0,0|0|1|0|1,0,10,3.864560,0.000503,10,3.865242,0.000994
4,5,9,1,0|6|0|1|1,0|0|1|0|0,0,10,3.845297,0.000555,10,3.845041,0.000369
4,5,9,1,0|6|0|1|0,0|0|1|1|0,0,10,3.807032,0.000516,10,3.806608,0.000423
4,5,9,1,0|6|0|2|0,0|0|1|0|0,0,10,3.785867,0.000702,10,3.786042,0.000388
4,5,9,1,0|6|0|0|0,0|0|2|0|1,0,10,3.806673,0.000674,10,3.806633,0.000716
4,5,9,1,0|6|0|0|1,0|0|2|0|0,0,10,3.781540,0.000513,10,3.781625,0.000872
4,5,9,1,0|6|0|0|0,0|0|2|1|0,0,10,3.761917,0.000483,10,3.761834,0.000371
4,5,9,1,0|6|0|1|0,0|0|2|0|0,0,10,3.736980,0.000466,10,3.736770,0.000483
4,5,9,1,0|6|0|0|0,0|0|3|0|0,0,10,3.579859,0.000469,10,3.580203,0.000474
4,5,9,1,0|6|1|0|0,0|0|0|0|2,0,10,3.859220,0.000707,10,3.859287,0.000658
4,5,9,1,0|6|1|0|1,0|0|0|0|1,0,10,3.854604,0.000515,10,3.854653,0.000741
4,5,9,1,0|6|1|0|2,0|0|0|0|0,0,10,3.830298,0.000790,10,3.830128,0.000792
4,5,9,1,0|6|1|0|0,0|0|0|1|1,0,10,3.870598,0.000654,10,3.871049,0.000739
4,5,9,1,0|6|1|0|1,0|0|0|1|0,0,10,3.854331,0.000307,10,3.854475,0.000552
4,5,9,1,0|6|1|0|0,0|0|0|2|0,0,10,3.798269,0.000445,10,3.798203,0.000595
4,5,9,1,0|6|1|1|0,0|0|0|0|1,0,10,3.852356,0.000303,10,3.851914,0.000396
4,5,9,1,0|6|1|1|1,0|0|0|0|0,0,10,3.827919,0.000416,10,3.828527,0.000480
4,5,9,1,0|6|1|1|0,0|0|0|1|0,0,10,3.790942,0.000672,10,3.790863,0.000354
4,5,9,1,0|6|1|2|0,0|0|0|0|0,0,10,3.767402,0.000466,10,3.767505,0.000309
4,5,9,1,0|6|1|0|0,0|0|1|0|1,0,10,3.804623,0.000454,10,3.804629,0.000359
4,5,9,1,0|6|1|0|1,0|0|1|0|0,0,10,3.777530,0.000514,10,3.777912,0.000692
4,5,9,1,0|6|1|0|0,0|0|1|1|0,0,10,3.759079,0.000611,10,3.758609,0.000463
4,5,9,1,0|6|1|1|0,0|0|1|0|0,0,10,3.731174,0.000312,10,3.731327,0.000573
4,5,9,1,0|6|1|0|0,0|0|2|0|0,0,10,3.585886,0.000691,10,3.585754,0.000423
4,5,9,1,0|6|2|0|0,0|0|0|0|1,0,10,3.799656,0.000460,10,3.799650,0.000721
4,5,9,1,0|6|2|0|1,0|0|0|0|0,0,10,3.771148,0.000572,10,3.771048,0.000465
4,5,9,1,0|6|2|0|0,0|0|0|1|0,0,10,3.752775,0.000431,10,3.752857,0.000511
4,5,9,1,0|6|2|1|0,0|0|0|0|0,0,10,3.722560,0.000516,10,3.723102,0.000542
4,5,9,1,0|6|2|0|0,0|0|1|0|0,0,10,3.586550,0.000491,10,3.586685,0.000527
4,5,9,1,0|6|3|0|0,0|0|0|0|0,0,10,3.584262,0.000514,10,3.584757,0.000515
4,5,9,1,0|6|0|0|0,0|1|0|0|2,0,10,3.809993,0.000755,10,3.810131,0.000523
4,5,9,1,0|6|0|0|1,0|1|0|0|1,0,10,3.807606,0.000554,10,3.807546,0.000653
4,5,9,1,0|6|0|0|2,0|1|0|0|0,0,10,3.778431,0.000613,10,3.778159,0.000940
4,5,9,1,0|6|0|0|0,0|1|0|1|1,0,10,3.836464,0.000456,10,3.836339,0.000665
4,5,9,1,0|6|0|0|1,0|1|0|1|0,0,10,3.816038,0.000550,10,3.815996,0.000615
4,5,9,1,0|6|0|0|0,0|1|0|2|0,0,10,3.724214,0.000506,10,3.724205,0.000582
4,5,9,1,0|6|0|1|0,0|1|0|0|1,0,10,3.818121,0.000760,10,3.817951,0.000514
4,5,9,1,0|6|0|1|1,0|1|0|0|0,0,10,3.790620,0.000719,10,3.790316,0.000539
4,5,9,1,0|6|0|1|0,0|1|0|1|0,0,10,3.720507,0.000650,10,3.720257,0.000711
4,5,9,1,0|6|0|2|0,0|1|0|0|0,0,10,3.700257,0.000316,10,3.700065,0.000330
4,5,9,1,0|6|0|0|0,0|1|1|0|1,0,10,3.791757,0.000642,10,3.791714,0.000498
4,5,9,1,0|6|0|0|1,0|1|1|0|0,0,10,3.765212,0.000601,10,3.765201,0.000687
4,5,9,1,0|6|0|0|0,0|1|1|1|0,0,10,3.744190,0.000425,10,3.744158,0.000388
4,5,9,1,0|6|0|1|0,0|1|1|0|0,0,10,3.718522,0.000438,10,3.718600,0.000417
4,5,9,1,0|6|0|0|0,0|1|2|0|0,0,10,3.572752,0.000719,10,3.572504,0.000497
4,5,9,1,0|6|1|0|0,0|1|0|0|1,0,10,3.780910,0.000480,10,3.781319,0.000686
4,5,9,1,0|6|1|0|1,0|1|0|0|0,0,10,3.750151,0.000554,10,3.749931,0.000865
4,5,9,1,0|6|1|0|0,0|1|0|1|0,0,10,3.730660,0.000641,10,3.730458,0.000578
4,5,9,1,0|6|1|1|0,0|1|0|0|0,0,10,3.699567,0.000362,10,3.699767,0.000344
4,5,9,1,0|6|1|0|0,0|1|1|0|0,0,10,3.575766,0.000814,10,3.575727,0.000457
4,5,9,1,0|6|2|0|0,0|1|0|0|0,0,10,3.571180,0.000521,10,3.570987,0.000550
4,5,9,1,0|6|0|0|0,0|2|0|0|1,0,10,3.712580,0.000602,10,3.712913,0.000472
4,5,9,1,0|6|0|0|1,0|2|0|0|0,0,10,3.678529,0.000485,10,3.678899,0.000362
4,5,9,1,0|6|0|0|0,0|2|0|1|0,0,10,3.651491,0.000591,10,3.651284,0.000403
4,5,9,1,0|6|0|1|0,0|2|0|0|0,0,10,3.623439,0.000524,10,3.623118,0.000522
4,5,9,1,0|6|0|0|0,0|2|1|0|0,0,10,3.544302,0.000323,10,3.544474,0.000593
4,5,9,1,0|6|1|0|0,0|2|0|0|0,0,10,3.533770,0.000462,10,3.533591,0.000442
4,5,9,1,0|6|0|0|0,0|3|0|0|0,0,10,3.398849,0.000503,10,3.398587,0.000549
4,5,9,1,0|7|0|0|0,0|0|0|0|2,0,10,3.810630,0.000704,10,3.810078,0.000652
4,5,9,1,0|7|0|0|1,0|0|0|0|1,0,10,3.807789,0.000647,10,3.807732,0.000763
4,5,9,1,0|7|0|0|2,0|0|0|0|0,0,10,3.778770,0.000545,10,3.778335,0.000742
4,5,9,1,0|7|0|0|0,0|0|0|1|1,0,10,3.836158,0.000782,10,3.836480,0.000814
4,5,9,1,0|7|0|0|1,0|0|0|1|0,0,10,3.815525,0.000483,10,3.816205,0.000598
4,5,9,1,0|7|0|0|0,0|0|0|2|0,0,10,3.724280,0.000608,10,3.724451,0.000315
4,5,9,1,0|7|0|1|0,0|0|0|0|1,0,10,3.818223,0.000292,10,3.818326,0.000501
4,5,9,1,0|7|0|1|1,0|0|0|0|0,0,10,3.790196,0.000787,10,3.790191,0.000847
4,5,9,1,0|7|0|1|0,0|0|0|1|0,0,10,3.720284,0.000412,10,3.720643,0.001028
4,5,9,1,0|7|0|2|0,0|0|0|0|0,0,10,3.700047,0.000516,10,3.700407,0.000552
4,5,9,1,0|7|0|0|0,0|0|1|0|1,0,10,3.791685,0.000593,10,3.791891,0.000527
4,5,9,1,0|7|0|0|1,0|0|1|0|0,0,10,3.765213,0.000477,10,3.765234,0.000673
4,5,9,1,0|7|0|0|0,0|0|1|1|0,0,10,3.744217,0.000468,10,3.744168,0.000397
4,5,9,1,0|7|0|1|0,0|0|1|0|0,0,10,3.718211,0.000571,10,3.718453,0.000570
4,5,9,1,0|7|0|0|0,0|0|2|0|0,0,10,3.572563,0.000690,10,3.572552,0.000369
4,5,9,1,0|7|1|0|0,0|0|0|0|1,0,10,3.781117,0.000633,10,3.781014,0.000743
4,5,9,1,0|7|1|0|1,0|0|0|0|0,0,10,3.750330,0.000750,10,3.750276,0.000600
4,5,9,1,0|7|1|0|0,0|0|0|1|0,0,10,3.730765,0.000411,10,3.730358,0.000537
4,5,9,1,0|7|1|1|0,0|0|0|0|0,0,10,3.699233,0.000503,10,3.699730,0.000447
4,5,9,1,0|7|1|0|0,0|0|1|0|0,0,10,3.575520,0.000361,10,3.575755,0.000291
4,5,9,1,0|7|2|0|0,0|0|0|0|0,0,10,3.570748,0.000506,10,3.570801,0.000564
4,5,9,1,0|7|0|0|0,0|1|0|0|1,0,10,3.712577,0.000561,10,3.712488,0.000440
4,5,9,1,0|7|0|0|1,0|1|0|0|0,0,10,3.678976,0.000721,10,3.678817,0.000262
4,5,9,1,0|7|0|0|0,0|1|0|1|0,0,10,3.651450,0.000591,10,3.651380,0.000870
4,5,9,1,0|7|0|1|0,0|1|0|0|0,0,10,3.623274,0.000506,10,3.623467,0.000604
4,5,9,1,0|7|0|0|0,0|1|1|0|0,0,10,3.544367,0.000668,10,3.543955,0.000249
4,5,9,1,0|7|1|0|0,0|1|0|0|0,0,10,3.533647,0.000507,10,3.533662,0.000640
4,5,9,1,0|7|0|0|0,0|2|0|0|0,0,10,3.398458,0.000479,10,3.398685,0.000486
4,5,9,1,0|8|0|0|0,0|0|0|0|1,0,10,3.712877,0.000613,10,3.712672,0.000515
4,5,9,1,0|8|0|0|1,0|0|0|0|0,0,10,3.678862,0.000786,10,3.678493,0.000612
4,5,9,1,0|8|0|0|0,0|0|0|1|0,0,10,3.651082,0.000476,10,3.651445,0.000539
4,5,9,1,0|8|0|1|0,0|0|0|0|0,0,10,3.623405,0.000564,10,3.623029,0.000482
4,5,9,1,0|8|0|0|0,0|0|1|0|0,0,10,3.544271,0.000594,10,3.544302,0.000493
4,5,9,1,0|8|1|0|0,0|0|0|0|0,0,10,3.533432,0.000595,10,3.533461,0.000282
4,5,9,1,0|8|0|0|0,0|1|0|0|0,0,10,3.398560,0.000407,10,3.398817,0.000960
4,5,9,1,0|9|0|0|0,0|0|0|0|0,0,10,3.398435,0.000420,10,3.398076,0.000674
