n,m,B,dual,c_forward,c_backward,structured,r1,mean1,sd1,r3,mean3,sd3
4,4,10,1,0|0|0|0,0|0|0|10,1,30,3.567829,0.000451,0,,
4,4,10,1,0|0|0|1,0|0|0|9,0,10,3.567804,0.000290,10,3.568227,0.000393
4,4,10,1,0|0|0|2,0|0|0|8,0,10,3.567842,0.000435,10,3.568027,0.000403
4,4,10,1,0|0|0|3,0|0|0|7,0,10,3.567913,0.000358,10,3.567800,0.000613
4,4,10,1,0|0|0|4,0|0|0|6,0,10,3.567600,0.000538,10,3.567927,0.000507
4,4,10,1,0|0|0|5,0|0|0|5,0,10,3.567543,0.000417,10,3.567708,0.000300
4,4,10,1,0|0|0|6,0|0|0|4,0,10,3.567503,0.000408,10,3.567334,0.000487
4,4,10,1,0|0|0|7,0|0|0|3,0,10,3.567190,0.000525,10,3.567221,0.000333
4,4,10,1,0|0|0|8,0|0|0|2,0,10,3.567358,0.000371,10,3.567218,0.000590
4,4,10,1,0|0|0|9,0|0|0|1,0,10,3.567274,0.000433,10,3.567017,0.000489
4,4,10,1,0|0|0|10,0|0|0|0,0,10,3.566950,0.000315,10,3.566881,0.000519
4,4,10,1,0|0|0|0,0|0|1|9,1,30,3.789892,0.000807,0,,
4,4,10,1,0|0|0|1,0|0|1|8,0,10,3.790901,0.000736,10,3.791016,0.001079
4,4,10,1,0|0|0|2,0|0|1|7,0,10,3.790197,0.000741,10,3.790429,0.000595
4,4,10,1,0|0|0|3,0|0|1|6,0,10,3.789666,0.000666,10,3.789582,0.000800
4,4,10,1,0|0|0|4,0|0|1|5,0,10,3.788532,0.000596,10,3.788500,0.000758
4,4,10,1,0|0|0|5,0|0|1|4,0,10,3.787313,0.000739,10,3.787285,0.000468
4,4,10,1,0|0|0|6,0|0|1|3,0,10,3.786235,0.000652,10,3.786190,0.001029
4,4,10,1,0|0|0|7,0|0|1|2,0,10,3.785181,0.000651,10,3.785162,0.000797
4,4,10,1,0|0|0|8,0|0|1|1,0,10,3.784036,0.000862,10,3.783763,0.000547
4,4,10,1,0|0|0|9,0|0|1|0,0,10,3.782452,0.000812,10,3.782412,0.000829
4,4,10,1,0|0|0|0,0|0|2|8,1,30,3.805329,0.000828,0,,
4,4,10,1,0|0|0|1,0|0|2|7,0,10,3.807452,0.000776,10,3.807342,0.000611
4,4,10,1,0|0|0|2,0|0|2|6,0,10,3.806422,0.000786,10,3.806062,0.001035
4,4,10,1,0|0|0|3,0|0|2|5,0,10,3.805196,0.000974,10,3.805792,0.001071
4,4,10,1,0|0|0|4,0|0|2|4,0,10,3.803597,0.000765,10,3.803597,0.000550
4,4,10,1,0|0|0|5,0|0|2|3,0,10,3.801752,0.000826,10,3.801873,0.000774
4,4,10,1,0|0|0|6,0|0|2|2,0,10,3.800645,0.000846,10,3.800375,0.000423
4,4,10,1,0|0|0|7,0|0|2|1,0,10,3.798577,0.000813,10,3.798461,0.000779
4,4,10,1,0|0|0|8,0|0|2|0,0,10,3.795488,0.000812,10,3.795782,0.000899
4,4,10,1,0|0|0|0,0|0|3|7,1,30,3.800894,0.000636,0,,
4,4,10,1,0|0|0|1,0|0|3|6,0,10,3.803234,0.000484,10,3.803202,0.000881
4,4,10,1,0|0|0|2,0|0|3|5,0,10,3.802318,0.000735,10,3.802008,0.000905
4,4,10,1,0|0|0|3,0|0|3|4,0,10,3.800161,0.000644,10,3.800230,0.000781
4,4,10,1,0|0|0|4,0|0|3|3,0,10,3.797509,0.000862,10,3.797700,0.000731
4,4,10,1,0|0|0|5,0|0|3|2,0,10,3.795949,0.000665,10,3.795121,0.000573
4,4,10,1,0|0|0|6,0|0|3|1,0,10,3.792637,0.000396,10,3.792452,0.000740
4,4,10,1,0|0|0|7,0|0|3|0,0,10,3.788093,0.000715,10,3.788336,0.000645
4,4,10,1,0|0|0|0,0|0|4|6,1,30,3.791281,0.000666,0,,
4,4,10,1,0|0|0|1,0|0|4|5,0,10,3.794640,0.000769,10,3.794367,0.000899
4,4,10,1,0|0|0|2,0|0|4|4,0,10,3.792342,0.000424,10,3.792674,0.000704
4,4,10,1,0|0|0|3,0|0|4|3,0,10,3.789140,0.000753,10,3.788944,0.000916
4,4,10,1,0|0|0|4,0|0|4|2,0,10,3.785996,0.000424,10,3.785741,0.000560
4,4,10,1,0|0|0|5,0|0|4|1,0,10,3.781638,0.000676,10,3.781775,0.001030
4,4,10,1,0|0|0|6,0|0|4|0,0,10,3.774810,0.000741,10,3.774509,0.000869
4,4,10,1,0|0|0|0,0|0|5|5,1,30,3.778042,0.000628,0,,
4,4,10,1,0|0|0|1,0|0|5|4,0,10,3.781194,0.000689,10,3.781267,0.000670
4,4,10,1,0|0|0|2,0|0|5|3,0,10,3.777878,0.000643,10,3.777302,0.000438
4,4,10,1,0|0|0|3,0|0|5|2,0,10,3.773097,0.000691,10,3.773677,0.000861
4,4,10,1,0|0|0|4,0|0|5|1,0,10,3.767136,0.000588,10,3.767071,0.000845
4,4,10,1,0|0|0|5,0|0|5|0,0,10,3.756368,0.000413,10,3.756258,0.000766
4,4,10,1,0|0|0|0,0|0|6|4,0,10,3.758193,0.000895,10,3.758616,0.000539
4,4,10,1,0|0|0|1,0|0|6|3,0,10,3.761982,0.000700,10,3.761759,0.000908
4,4,10,1,0|0|0|2,0|0|6|2,0,10,3.756226,0.000507,10,3.756185,0.000678
4,4,10,1,0|0|0|3,0|0|6|1,0,10,3.747059,0.000689,10,3.747282,0.000617
4,4,10,1,0|0|0|4,0|0|6|0,0,10,3.731141,0.000351,10,3.731111,0.000582
4,4,10,1,0|0|0|0,0|0|7|3,0,10,3.728220,0.000574,10,3.728437,0.000458
4,4,10,1,0|0|0|1,0|0|7|2,0,10,3.730614,0.000391,10,3.730418,0.000729
4,4,10,1,0|0|0|2,0|0|7|1,0,10,3.718282,0.000533,10,3.718196,0.000549
4,4,10,1,0|0|0|3,0|0|7|0,0,10,3.694327,0.000565,10,3.694156,0.000450
4,4,10,1,0|0|0|0,0|0|8|2,0,10,3.676978,0.000758,10,3.676749,0.000431
4,4,10,1,0|0|0|1,0|0|8|1,0,10,3.672108,0.000613,10,3.672168,0.000732
4,4,10,1,0|0|0|2,0|0|8|0,0,10,3.636984,0.000457,10,3.637318,0.000417
4,4,10,1,0|0|0|0,0|0|9|1,0,10,3.575594,0.000503,10,3.575920,0.000527
4,4,10,1,0|0|0|1,0|0|9|0,0,10,3.535411,0.000257,10,3.535849,0.000497
4,4,10,1,0|0|0|0,0|0|10|0,0,10,3.288650,0.000630,10,3.288947,0.000564
4,4,10,1,0|0|1|0,0|0|0|9,0,10,3.771979,0.000646,10,3.771651,0.000599
4,4,10,1,0|0|1|1,0|0|0|8,0,10,3.772384,0.000376,10,3.772645,0.000490
4,4,10,1,0|0|1|2,0|0|0|7,0,10,3.772041,0.000590,10,3.771694,0.000960
4,4,10,1,0|0|1|3,0|0|0|6,0,10,3.770759,0.000707,10,3.770974,0.000584
4,4,10,1,0|0|1|4,0|0|0|5,0,10,3.769711,0.000703,10,3.770005,0.000793
4,4,10,1,0|0|1|5,0|0|0|4,0,10,3.768846,0.000791,10,3.768864,0.000542
4,4,10,1,0|0|1|6,0|0|0|3,0,10,3.767454,0.000531,10,3.767772,0.000672
4,4,10,1,0|0|1|7,0|0|0|2,0,10,3.766324,0.000660,10,3.766260,0.000691
4,4,10,1,0|0|1|8,0|0|0|1,0,10,3.765130,0.000767,10,3.764684,0.000408
4,4,10,1,0|0|1|9,0|0|0|0,0,10,3.763481,0.000703,10,3.763674,0.000604
4,4,10,1,0|0|1|0,0|0|1|8,0,10,3.803634,0.000492,10,3.803995,0.000911
4,4,10,1,0|0|1|1,0|0|1|7,0,10,3.805109,0.000939,10,3.804622,0.000812
4,4,10,1,0|0|1|2,0|0|1|6,0,10,3.803690,0.001155,10,3.803889,0.000778
4,4,10,1,0|0|1|3,0|0|1|5,0,10,3.802845,0.000565,10,3.802553,0.000711
4,4,10,1,0|0|1|4,0|0|1|4,0,10,3.801304,0.000601,10,3.800564,0.000666
4,4,10,1,0|0|1|5,0|0|1|3,0,10,3.799186,0.000770,10,3.799456,0.000585
4,4,10,1,0|0|1|6,0|0|1|2,0,10,3.797990,0.000620,10,3.797858,0.001146
4,4,10,1,0|0|1|7,0|0|1|1,0,10,3.795718,0.001221,10,3.795496,0.000758
4,4,10,1,0|0|1|8,0|0|1|0,0,10,3.792895,0.001277,10,3.792714,0.000817
4,4,10,1,0|0|1|0,0|0|2|7,0,10,3.800593,0.000650,10,3.800272,0.000953
4,4,10,1,0|0|1|1,0|0|2|6,0,10,3.801888,0.000726,10,3.801463,0.000715
4,4,10,1,0|0|1|2,0|0|2|5,0,10,3.800445,0.000859,10,3.800337,0.000738
4,4,10,1,0|0|1|3,0|0|2|4,0,10,3.798534,0.000702,10,3.798697,0.000635
4,4,10,1,0|0|1|4,0|0|2|3,0,10,3.796202,0.001063,10,3.796110,0.000758
4,4,10,1,0|0|1|5,0|0|2|2,0,10,3.794196,0.000525,10,3.794086,0.000831
4,4,10,1,0|0|1|6,0|0|2|1,0,10,3.790853,0.000632,10,3.791012,0.000747
4,4,10,1,0|0|1|7,0|0|2|0,0,10,3.786451,0.000785,10,3.786387,0.000851
4,4,10,1,0|0|1|0,0|0|3|6,0,10,3.791497,0.000555,10,3.790522,0.000676
4,4,10,1,0|0|1|1,0|0|3|5,0,10,3.792473,0.000828,10,3.793024,0.000690
4,4,10,1,0|0|1|2,0|0|3|4,0,10,3.790825,0.000623,10,3.790249,0.000621
4,4,10,1,0|0|1|3,0|0|3|3,0,10,3.788013,0.000807,10,3.787822,0.000632
4,4,10,1,0|0|1|4,0|0|3|2,0,10,3.784137,0.000879,10,3.784048,0.000541
4,4,10,1,0|0|1|5,0|0|3|1,0,10,3.780069,0.000734,10,3.779801,0.000726
4,4,10,1,0|0|1|6,0|0|3|0,0,10,3.772884,0.000470,10,3.772966,0.000638
4,4,10,1,0|0|1|0,0|0|4|5,0,10,3.777428,0.000849,10,3.777474,0.001004
4,4,10,1,0|0|1|1,0|0|4|4,0,10,3.779145,0.000500,10,3.778994,0.000974
4,4,10,1,0|0|1|2,0|0|4|3,0,10,3.775625,0.000463,10,3.776040,0.000720
4,4,10,1,0|0|1|3,0|0|4|2,0,10,3.770511,0.001066,10,3.770924,0.000611
4,4,10,1,0|0|1|4,0|0|4|1,0,10,3.764882,0.000767,10,3.764669,0.000673
4,4,10,1,0|0|1|5,0|0|4|0,0,10,3.753263,0.000758,10,3.754185,0.000750
4,4,10,1,0|0|1|0,0|0|5|4,0,10,3.757309,0.000679,10,3.757258,0.000729
4,4,10,1,0|0|1|1,0|0|5|3,0,10,3.758790,0.000482,10,3.758999,0.000677
4,4,10,1,0|0|1|2,0|0|5|2,0,10,3.752861,0.000639,10,3.752929,0.000575
4,4,10,1,0|0|1|3,0|0|5|1,0,10,3.743830,0.000374,10,3.744068,0.000433
4,4,10,1,0|0|1|4,0|0|5|0,0,10,3.727398,0.000469,10,3.727638,0.000787
4,4,10,1,0|0|1|0,0|0|6|3,0,10,3.726809,0.000613,10,3.726588,0.000699
4,4,10,1,0|0|1|1,0|0|6|2,0,10,3.726602,0.000595,10,3.726076,0.000566
4,4,10,1,0|0|1|2,0|0|6|1,0,10,3.714139,0.000712,10,3.713916,0.001046
4,4,10,1,0|0|1|3,0|0|6|0,0,10,3.689895,0.000701,10,3.689458,0.000518
4,4,10,1,0|0|1|0,0|0|7|2,0,10,3.674628,0.000431,10,3.674699,0.000344
4,4,10,1,0|0|1|1,0|0|7|1,0,10,3.666282,0.000461,10,3.666493,0.000567
4,4,10,1,0|0|1|2,0|0|7|0,0,10,3.631358,0.000558,10,3.631276,0.000597
4,4,10,1,0|0|1|0,0|0|8|1,0,10,3.573445,0.000414,10,3.573221,0.000407
4,4,10,1,0|0|1|1,0|0|8|0,0,10,3.529379,0.000497,10,3.529728,0.000487
4,4,10,1,0|0|1|0,0|0|9|0,0,10,3.294725,0.000720,10,3.294601,0.000443
4,4,10,1,0|0|2|0,0|0|0|8,0,10,3.797517,0.000804,10,3.797943,0.000444
4,4,10,1,0|0|2|1,0|0|0|7,0,10,3.799890,0.000815,10,3.799597,0.001256
4,4,10,1,0|0|2|2,0|0|0|6,0,10,3.797784,0.000431,10,3.797703,0.000653
4,4,10,1,0|0|2|3,0|0|0|5,0,10,3.796079,0.000896,10,3.796197,0.000792
4,4,10,1,0|0|2|4,0|0|0|4,0,10,3.794422,0.000678,10,3.794332,0.000932
4,4,10,1,0|0|2|5,0|0|0|3,0,10,3.792393,0.000907,10,3.792383,0.000848
4,4,10,1,0|0|2|6,0|0|0|2,0,10,3.790188,0.000895,10,3.790659,0.000553
4,4,10,1,0|0|2|7,0|0|0|1,0,10,3.787812,0.000800,10,3.787377,0.000698
4,4,10,1,0|0|2|8,0|0|0|0,0,10,3.784717,0.001091,10,3.784408,0.000766
4,4,10,1,0|0|2|0,0|0|1|7,0,10,3.798462,0.000827,10,3.798531,0.000547
4,4,10,1,0|0|2|1,0|0|1|6,0,10,3.800320,0.001259,10,3.800138,0.000552
4,4,10,1,0|0|2|2,0|0|1|5,0,10,3.798638,0.000905,10,3.797916,0.001128
4,4,10,1,0|0|2|3,0|0|1|4,0,10,3.795956,0.000803,10,3.795528,0.000697
4,4,10,1,0|0|2|4,0|0|1|3,0,10,3.793176,0.000941,10,3.793357,0.000592
4,4,10,1,0|0|2|5,0|0|1|2,0,10,3.790403,0.000495,10,3.790645,0.000676
4,4,10,1,0|0|2|6,0|0|1|1,0,10,3.787131,0.000657,10,3.786635,0.000904
4,4,10,1,0|0|2|7,0|0|1|0,0,10,3.781628,0.000503,10,3.781761,0.000612
4,4,10,1,0|0|2|0,0|0|2|6,0,10,3.789099,0.000750,10,3.788796,0.000641
4,4,10,1,0|0|2|1,0|0|2|5,0,10,3.791178,0.000867,10,3.791327,0.000944
4,4,10,1,0|0|2|2,0|0|2|4,0,10,3.788169,0.000885,10,3.788183,0.000992
4,4,10,1,0|0|2|3,0|0|2|3,0,10,3.784801,0.000537,10,3.784858,0.000630
4,4,10,1,0|0|2|4,0|0|2|2,0,10,3.781061,0.000861,10,3.781332,0.000647
4,4,10,1,0|0|2|5,0|0|2|1,0,10,3.776255,0.000443,10,3.776231,0.000880
4,4,10,1,0|0|2|6,0|0|2|0,0,10,3.768053,0.000627,10,3.767632,0.000663
4,4,10,1,0|0|2|0,0|0|3|5,0,10,3.775450,0.000409,10,3.775285,0.000533
4,4,10,1,0|0|2|1,0|0|3|4,0,10,3.777194,0.000783,10,3.777305,0.000416
4,4,10,1,0|0|2|2,0|0|3|3,0,10,3.772827,0.000542,10,3.773210,0.000649
4,4,10,1,0|0|2|3,0|0|3|2,0,10,3.767811,0.000705,10,3.767595,0.000400
4,4,10,1,0|0|2|4,0|0|3|1,0,10,3.760581,0.000736,10,3.760490,0.000719
4,4,10,1,0|0|2|5,0|0|3|0,0,10,3.748703,0.000613,10,3.747807,0.000742
4,4,10,1,0|0|2|0,0|0|4|4,0,10,3.754630,0.000506,10,3.754773,0.000933
4,4,10,1,0|0|2|1,0|0|4|3,0,10,3.756904,0.000768,10,3.756976,0.000651
4,4,10,1,0|0|2|2,0|0|4|2,0,10,3.749679,0.000721,10,3.749234,0.000487
4,4,10,1,0|0|2|3,0|0|4|1,0,10,3.739839,0.000594,10,3.739375,0.000656
4,4,10,1,0|0|2|4,0|0|4|0,0,10,3.721364,0.000438,10,3.721181,0.000526
4,4,10,1,0|0|2|0,0|0|5|3,0,10,3.723660,0.000578,10,3.723767,0.000689
4,4,10,1,0|0|2|1,0|0|5|2,0,10,3.723311,0.000867,10,3.723102,0.000488
4,4,10,1,0|0|2|2,0|0|5|1,0,10,3.709639,0.000790,10,3.709926,0.000651
4,4,10,1,0|0|2|3,0|0|5|0,0,10,3.683467,0.000584,10,3.683385,0.000321
4,4,10,1,0|0|2|0,0|0|6|2,0,10,3.671784,0.000607,10,3.671751,0.000564
4,4,10,1,0|0|2|1,0|0|6|1,0,10,3.663494,0.000438,10,3.663710,0.000617
4,4,10,1,0|0|2|2,0|0|6|0,0,10,3.625652,0.000478,10,3.625197,0.000377
4,4,10,1,0|0|2|0,0|0|7|1,0,10,3.571761,0.000465,10,3.571780,0.000537
4,4,10,1,0|0|2|1,0|0|7|0,0,10,3.526631,0.000388,10,3.526703,0.000305
4,4,10,1,0|0|2|0,0|0|8|0,0,10,3.297186,0.000397,10,3.297087,0.000320
4,4,10,1,0|0|3|0,0|0|0|7,0,10,3.795992,0.000835,10,3.796030,0.001282
4,4,10,1,0|0|3|1,0|0|0|6,0,10,3.798365,0.000583,10,3.798414,0.000934
4,4,10,1,0|0|3|2,0|0|0|5,0,10,3.795807,0.000952,10,3.796210,0.000617
4,4,10,1,0|0|3|3,0|0|0|4,0,10,3.793652,0.000616,10,3.793491,0.000600
4,4,10,1,0|0|3|4,0|0|0|3,0,10,3.790936,0.000683,10,3.790357,0.000809
4,4,10,1,0|0|3|5,0|0|0|2,0,10,3.787623,0.000833,10,3.787849,0.000918
4,4,10,1,0|0|3|6,0|0|0|1,0,10,3.783759,0.000551,10,3.783744,0.000882
4,4,10,1,0|0|3|7,0|0|0|0,0,10,3.777908,0.000734,10,3.777934,0.000593
4,4,10,1,0|0|3|0,0|0|1|6,0,10,3.787993,0.000743,10,3.787778,0.000616
4,4,10,1,0|0|3|1,0|0|1|5,0,10,3.789910,0.000612,10,3.790186,0.000674
4,4,10,1,0|0|3|2,0|0|1|4,0,10,3.786991,0.000752,10,3.787102,0.000529
4,4,10,1,0|0|3|3,0|0|1|3,0,10,3.783623,0.000793,10,3.783879,0.000811
4,4,10,1,0|0|3|4,0|0|1|2,0,10,3.779040,0.000629,10,3.779580,0.000888
4,4,10,1,0|0|3|5,0|0|1|1,0,10,3.773998,0.000672,10,3.773849,0.000861
4,4,10,1,0|0|3|6,0|0|1|0,0,10,3.764899,0.000778,10,3.765202,0.000549
4,4,10,1,0|0|3|0,0|0|2|5,0,10,3.773683,0.000601,10,3.773619,0.000543
4,4,10,1,0|0|3|1,0|0|2|4,0,10,3.776168,0.000549,10,3.776385,0.000627
4,4,10,1,0|0|3|2,0|0|2|3,0,10,3.772006,0.000681,10,3.772074,0.001127
4,4,10,1,0|0|3|3,0|0|2|2,0,10,3.766457,0.000598,10,3.765698,0.000370
4,4,10,1,0|0|3|4,0|0|2|1,0,10,3.758465,0.000588,10,3.758523,0.000552
4,4,10,1,0|0|3|5,0|0|2|0,0,10,3.745085,0.000774,10,3.745154,0.000465
4,4,10,1,0|0|3|0,0|0|3|4,0,10,3.753372,0.000785,10,3.753902,0.000482
4,4,10,1,0|0|3|1,0|0|3|3,0,10,3.755630,0.000790,10,3.755919,0.000800
4,4,10,1,0|0|3|2,0|0|3|2,0,10,3.748605,0.000526,10,3.748325,0.000740
4,4,10,1,0|0|3|3,0|0|3|1,0,10,3.737527,0.000604,10,3.737915,0.000727
4,4,10,1,0|0|3|4,0|0|3|0,0,10,3.718043,0.000516,10,3.718261,0.000472
4,4,10,1,0|0|3|0,0|0|4|3,0,10,3.722114,0.000831,10,3.722152,0.000550
4,4,10,1,0|0|3|1,0|0|4|2,0,10,3.722356,0.000580,10,3.722458,0.000480
4,4,10,1,0|0|3|2,0|0|4|1,0,10,3.708236,0.000495,10,3.708410,0.000429
4,4,10,1,0|0|3|3,0|0|4|0,0,10,3.680225,0.000569,10,3.680296,0.000631
4,4,10,1,0|0|3|0,0|0|5|2,0,10,3.670820,0.000555,10,3.670538,0.000413
4,4,10,1,0|0|3|1,0|0|5|1,0,10,3.663302,0.000467,10,3.662670,0.000580
4,4,10,1,0|0|3|2,0|0|5|0,0,10,3.623639,0.000441,10,3.623228,0.000527
4,4,10,1,0|0|3|0,0|0|6|1,0,10,3.571540,0.000618,10,3.571530,0.000297
4,4,10,1,0|0|3|1,0|0|6|0,0,10,3.526249,0.000723,10,3.526029,0.000535
4,4,10,1,0|0|3|0,0|0|7|0,0,10,3.297858,0.000342,10,3.297858,0.000393
4,4,10,1,0|0|4|0,0|0|0|6,0,10,3.787417,0.000759,10,3.787279,0.000728
4,4,10,1,0|0|4|1,0|0|0|5,0,10,3.789472,0.000867,10,3.789709,0.000660
4,4,10,1,0|0|4|2,0|0|0|4,0,10,3.786559,0.000764,10,3.786244,0.000746
4,4,10,1,0|0|4|3,0|0|0|3,0,10,3.782580,0.000686,10,3.782496,0.000804
4,4,10,1,0|0|4|4,0|0|0|2,0,10,3.778429,0.000750,10,3.778174,0.000827
4,4,10,1,0|0|4|5,0|0|0|1,0,10,3.773092,0.000583,10,3.772755,0.000494
4,4,10,1,0|0|4|6,0|0|0|0,0,10,3.763266,0.000469,10,3.763752,0.000812
4,4,10,1,0|0|4|0,0|0|1|5,0,10,3.772938,0.000733,10,3.772935,0.000856
4,4,10,1,0|0|4|1,0|0|1|4,0,10,3.776250,0.000581,10,3.775997,0.000512
4,4,10,1,0|0|4|2,0|0|1|3,0,10,3.770977,0.000704,10,3.771338,0.000706
4,4,10,1,0|0|4|3,0|0|1|2,0,10,3.765722,0.000523,10,3.765717,0.000777
4,4,10,1,0|0|4|4,0|0|1|1,0,10,3.757977,0.000783,10,3.757467,0.000793
4,4,10,1,0|0|4|5,0|0|1|0,0,10,3.744005,0.000731,10,3.743951,0.000704
4,4,10,1,0|0|4|0,0|0|2|4,0,10,3.752877,0.000711,10,3.753060,0.000634
4,4,10,1,0|0|4|1,0|0|2|3,0,10,3.755233,0.000897,10,3.755449,0.000631
4,4,10,1,0|0|4|2,0|0|2|2,0,10,3.747730,0.000630,10,3.747771,0.000534
4,4,10,1,0|0|4|3,0|0|2|1,0,10,3.737215,0.000383,10,3.736777,0.000672
4,4,10,1,0|0|4|4,0|0|2|0,0,10,3.716878,0.000557,10,3.717225,0.000500
4,4,10,1,0|0|4|0,0|0|3|3,0,10,3.721914,0.000374,10,3.721791,0.000763
4,4,10,1,0|0|4|1,0|0|3|2,0,10,3.722864,0.000304,10,3.722061,0.000624
4,4,10,1,0|0|4|2,0|0|3|1,0,10,3.708030,0.000436,10,3.707984,0.000462
4,4,10,1,0|0|4|3,0|0|3|0,0,10,3.679232,0.000818,10,3.679515,0.000506
4,4,10,1,0|0|4|0,0|0|4|2,0,10,3.670399,0.000525,10,3.670380,0.000423
4,4,10,1,0|0|4|1,0|0|4|1,0,10,3.663090,0.000413,10,3.662946,0.000374
4,4,10,1,0|0|4|2,0|0|4|0,0,10,3.622677,0.000752,10,3.622809,0.000591
4,4,10,1,0|0|4|0,0|0|5|1,0,10,3.571139,0.000264,10,3.571217,0.000536
4,4,10,1,0|0|4|1,0|0|5|0,0,10,3.525845,0.000480,10,3.525940,0.000519
4,4,10,1,0|0|4|0,0|0|6|0,0,10,3.298106,0.000441,10,3.298198,0.000416
4,4,10,1,0|0|5|0,0|0|0|5,0,10,3.772877,0.000619,10,3.772870,0.000960
4,4,10,1,0|0|5|1,0|0|0|4,0,10,3.775820,0.000608,10,3.775943,0.000705
4,4,10,1,0|0|5|2,0|0|0|3,0,10,3.770806,0.000485,10,3.771213,0.000668
4,4,10,1,0|0|5|3,0|0|0|2,0,10,3.765365,0.000732,10,3.765479,0.000820
4,4,10,1,0|0|5|4,0|0|0|1,0,10,3.757340,0.000690,10,3.757321,0.000684
4,4,10,1,0|0|5|5,0|0|0|0,0,10,3.743504,0.000732,10,3.743385,0.000793
4,4,10,1,0|0|5|0,0|0|1|4,0,10,3.752756,0.000674,10,3.752362,0.000437
4,4,10,1,0|0|5|1,0|0|1|3,0,10,3.755058,0.000621,10,3.755329,0.000342
4,4,10,1,0|0|5|2,0|0|1|2,0,10,3.747692,0.000512,10,3.747652,0.000771
4,4,10,1,0|0|5|3,0|0|1|1,0,10,3.737152,0.000661,10,3.737205,0.000861
4,4,10,1,0|0|5|4,0|0|1|0,0,10,3.716613,0.000404,10,3.716878,0.000790
4,4,10,1,0|0|5|0,0|0|2|3,0,10,3.721566,0.000739,10,3.721451,0.000566
4,4,10,1,0|0|5|1,0|0|2|2,0,10,3.722788,0.000601,10,3.722927,0.000508
4,4,10,1,0|0|5|2,0|0|2|1,0,10,3.707944,0.000217,10,3.708104,0.000603
4,4,10,1,0|0|5|3,0|0|2|0,0,10,3.678891,0.000682,10,3.679148,0.000507
4,4,10,1,0|0|5|0,0|0|3|2,0,10,3.670325,0.000622,10,3.670164,0.000597
4,4,10,1,0|0|5|1,0|0|3|1,0,10,3.662682,0.000841,10,3.662536,0.000538
4,4,10,1,0|0|5|2,0|0|3|0,0,10,3.622710,0.000473,10,3.622674,0.000606
4,4,10,1,0|0|5|0,0|0|4|1,0,10,3.571059,0.000345,10,3.571207,0.000400
4,4,10,1,0|0|5|1,0|0|4|0,0,10,3.525636,0.000610,10,3.525805,0.000623
4,4,10,1,0|0|5|0,0|0|5|0,0,10,3.298213,0.000368,10,3.298176,0.000558
4,4,10,1,0|0|6|0,0|0|0|4,0,10,3.752290,0.000700,10,3.752348,0.000646
4,4,10,1,0|0|6|1,0|0|0|3,0,10,3.755904,0.000505,10,3.755523,0.000954
4,4,10,1,0|0|6|2,0|0|0|2,0,10,3.747392,0.000677,10,3.747708,0.000526
4,4,10,1,0|0|6|3,0|0|0|1,0,10,3.736837,0.000963,10,3.737144,0.000461
4,4,10,1,0|0|6|4,0|0|0|0,0,10,3.716797,0.000758,10,3.716351,0.000682
4,4,10,1,0|0|6|0,0|0|1|3,0,10,3.721477,0.000494,10,3.721588,0.000835
4,4,10,1,0|0|6|1,0|0|1|2,0,10,3.722197,0.000877,10,3.722610,0.000578
4,4,10,1,0|0|6|2,0|0|1|1,0,10,3.707809,0.000710,10,3.708128,0.000821
4,4,10,1,0|0|6|3,0|0|1|0,0,10,3.678978,0.000389,10,3.679010,0.000643
4,4,10,1,0|0|6|0,0|0|2|2,0,10,3.670183,0.000721,10,3.669850,0.000442
4,4,10,1,0|0|6|1,0|0|2|1,0,10,3.662850,0.000554,10,3.662692,0.000328
4,4,10,1,0|0|6|2,0|0|2|0,0,10,3.622850,0.000565,10,3.622493,0.000478
4,4,10,1,0|0|6|0,0|0|3|1,0,10,3.571086,0.000529,10,3.571050,0.000456
4,4,10,1,0|0|6|1,0|0|3|0,0,10,3.525950,0.000496,10,3.525728,0.000603
4,4,10,1,0|0|6|0,0|0|4|0,0,10,3.297895,0.000515,10,3.298207,0.000432
4,4,10,1,0|0|7|0,0|0|0|3,0,10,3.721507,0.000899,10,3.721558,0.000516
4,4,10,1,0|0|7|1,0|0|0|2,0,10,3.722672,0.000483,10,3.722361,0.000621
4,4,10,1,0|0|7|2,0|0|0|1,0,10,3.708092,0.000351,10,3.707875,0.000263
4,4,10,1,0|0|7|3,0|0|0|0,0,10,3.679051,0.000767,10,3.679295,0.000678
4,4,10,1,0|0|7|0,0|0|1|2,0,10,3.669902,0.000563,10,3.670010,0.000569
4,4,10,1,0|0|7|1,0|0|1|1,0,10,3.662752,0.000326,10,3.662997,0.000538
4,4,10,1,0|0|7|2,0|0|1|0,0,10,3.622633,0.000334,10,3.622710,0.000433
4,4,10,1,0|0|7|0,0|0|2|1,0,10,3.571097,0.000460,10,3.571140,0.000385
4,4,10,1,0|0|7|1,0|0|2|0,0,10,3.526042,0.000525,10,3.525667,0.000324
4,4,10,1,0|0|7|0,0|0|3|0,0,10,3.298236,0.000496,10,3.298012,0.000371
4,4,10,1,0|0|8|0,0|0|0|2,0,10,3.669928,0.000538,10,3.670021,0.000518
4,4,10,1,0|0|8|1,0|0|0|1,0,10,3.663162,0.000621,10,3.662821,0.000547
4,4,10,1,0|0|8|2,0|0|0|0,0,10,3.622713,0.000475,10,3.622526,0.000350
4,4,10,1,0|0|8|0,0|0|1|1,0,10,3.571471,0.000477,10,3.571135,0.000634
4,4,10,1,0|0|8|1,0|0|1|0,0,10,3.525789,0.000428,10,3.525666,0.000431
4,4,10,1,0|0|8|0,0|0|2|0,0,10,3.298021,0.000527,10,3.298332,0.000386
4,4,10,1,0|0|9|0,0|0|0|1,0,10,3.570873,0.000611,10,3.571017,0.000568
4,4,10,1,0|0|9|1,0|0|0|0,0,10,3.525515,0.000700,10,3.525937,0.000523
4,4,10,1,0|0|9|0,0|0|1|0,0,10,3.298153,0.000612,10,3.298261,0.000445
4,4,10,1,0|0|10|0,0|0|0|0,0,10,3.298069,0.000421,10,3.298090,0.000454
4,4,10,1,0|0|0|0,0|1|0|9,0,10,3.656424,0.000600,10,3.656402,0.000551
4,4,10,1,0|0|0|1,0|1|0|8,0,10,3.657053,0.000410,10,3.657048,0.000510
4,4,10,1,0|0|0|2,0|1|0|7,0,10,3.656833,0.000268,10,3.656869,0.000371
4,4,10,1,0|0|0|3,0|1|0|6,0,10,3.656506,0.000436,10,3.656236,0.000500
4,4,10,1,0|0|0|4,0|1|0|5,0,10,3.656159,0.000381,10,3.656073,0.000304
4,4,10,1,0|0|0|5,0|1|0|4,0,10,3.655422,0.000268,10,3.655731,0.000330
4,4,10,1,0|0|0|6,0|1|0|3,0,10,3.654842,0.000246,10,3.654766,0.000350
4,4,10,1,0|0|0|7,0|1|0|2,0,10,3.654352,0.000339,10,3.654350,0.000460
4,4,10,1,0|0|0|8,0|1|0|1,0,10,3.653976,0.000420,10,3.653888,0.000284
4,4,10,1,0|0|0|9,0|1|0|0,0,10,3.653017,0.000445,10,3.653232,0.000550
4,4,10,1,0|0|0|0,0|1|1|8,1,30,3.829416,0.000944,0,,
4,4,10,1,0|0|0|1,0|1|1|7,0,10,3.831027,0.000628,10,3.831052,0.001380
4,4,10,1,0|0|0|2,0|1|1|6,0,10,3.830416,0.000564,10,3.829902,0.000932
4,4,10,1,0|0|0|3,0|1|1|5,0,10,3.829222,0.001210,10,3.829270,0.001230
4,4,10,1,0|0|0|4,0|1|1|4,0,10,3.827772,0.001033,10,3.827622,0.000925
4,4,10,1,0|0|0|5,0|1|1|3,0,10,3.826734,0.000978,10,3.826969,0.000703
4,4,10,1,0|0|0|6,0|1|1|2,0,10,3.825329,0.000741,10,3.825089,0.001292
4,4,10,1,0|0|0|7,0|1|1|1,0,10,3.823821,0.000927,10,3.824223,0.000715
4,4,10,1,0|0|0|8,0|1|1|0,0,10,3.821214,0.000899,10,3.821617,0.000687
4,4,10,1,0|0|0|0,0|1|2|7,1,30,3.840465,0.001123,500,3.840442,0.000927
4,4,10,1,0|0|0|1,0|1|2|6,0,10,3.842763,0.000724,10,3.842000,0.000788
4,4,10,1,0|0|0|2,0|1|2|5,0,10,3.840721,0.000987,10,3.841322,0.000661
4,4,10,1,0|0|0|3,0|1|2|4,0,10,3.838874,0.000784,10,3.839654,0.000888
4,4,10,1,0|0|0|4,0|1|2|3,0,10,3.838100,0.000948,10,3.837891,0.000860
4,4,10,1,0|0|0|5,0|1|2|2,0,10,3.835363,0.000752,10,3.835847,0.000909
4,4,10,1,0|0|0|6,0|1|2|1,0,10,3.832387,0.000953,10,3.832951,0.000530
4,4,10,1,0|0|0|7,0|1|2|0,0,10,3.829150,0.000544,10,3.829026,0.001286
4,4,10,1,0|0|0|0,0|1|3|6,1,30,3.834521,0.000686,0,,
4,4,10,1,0|0|0|1,0|1|3|5,0,10,3.836736,0.001070,10,3.837238,0.000791
4,4,10,1,0|0|0|2,0|1|3|4,0,10,3.834740,0.000660,10,3.835136,0.001239
4,4,10,1,0|0|0|3,0|1|3|3,0,10,3.832648,0.000658,10,3.832399,0.001150
4,4,10,1,0|0|0|4,0|1|3|2,0,10,3.829657,0.000993,10,3.829533,0.000805
4,4,10,1,0|0|0|5,0|1|3|1,0,10,3.825393,0.000914,10,3.825675,0.000623
4,4,10,1,0|0|0|6,0|1|3|0,0,10,3.819327,0.000924,10,3.819167,0.000763
4,4,10,1,0|0|0|0,0|1|4|5,1,30,3.822596,0.000877,0,,
4,4,10,1,0|0|0|1,0|1|4|4,0,10,3.825276,0.001023,10,3.825580,0.000830
4,4,10,1,0|0|0|2,0|1|4|3,0,10,3.822255,0.000694,10,3.822186,0.000769
4,4,10,1,0|0|0|3,0|1|4|2,0,10,3.817820,0.000659,10,3.818237,0.000815
4,4,10,1,0|0|0|4,0|1|4|1,0,10,3.811748,0.000531,10,3.812198,0.001016
4,4,10,1,0|0|0|5,0|1|4|0,0,10,3.801630,0.000960,10,3.801673,0.000857
4,4,10,1,0|0|0|0,0|1|5|4,0,10,3.804148,0.000555,10,3.804248,0.000835
4,4,10,1,0|0|0|1,0|1|5|3,0,10,3.806975,0.000625,10,3.807582,0.000751
4,4,10,1,0|0|0|2,0|1|5|2,0,10,3.802081,0.000868,10,3.801943,0.000771
4,4,10,1,0|0|0|3,0|1|5|1,0,10,3.792808,0.000619,10,3.793031,0.000878
4,4,10,1,0|0|0|4,0|1|5|0,0,10,3.777494,0.000541,10,3.777517,0.000605
4,4,10,1,0|0|0|0,0|1|6|3,0,10,3.775626,0.000625,10,3.775559,0.000645
4,4,10,1,0|0|0|1,0|1|6|2,0,10,3.777151,0.000537,10,3.777158,0.000615
4,4,10,1,0|0|0|2,0|1|6|1,0,10,3.765577,0.000598,10,3.765714,0.000679
4,4,10,1,0|0|0|3,0|1|6|0,0,10,3.742360,0.000524,10,3.742452,0.000549
4,4,10,1,0|0|0|0,0|1|7|2,0,10,3.726648,0.000583,10,3.726419,0.000561
4,4,10,1,0|0|0|1,0|1|7|1,0,10,3.721836,0.000392,10,3.721885,0.000730
4,4,10,1,0|0|0|2,0|1|7|0,0,10,3.687886,0.000719,10,3.687817,0.000498
4,4,10,1,0|0|0|0,0|1|8|1,0,10,3.630975,0.000273,10,3.630777,0.000421
4,4,10,1,0|0|0|1,0|1|8|0,0,10,3.593208,0.000451,10,3.593000,0.000615
4,4,10,1,0|0|0|0,0|1|9|0,0,10,3.366160,0.000416,10,3.366347,0.000412
4,4,10,1,0|0|1|0,0|1|0|8,0,10,3.814760,0.001229,10,3.815187,0.000427
4,4,10,1,0|0|1|1,0|1|0|7,0,10,3.816384,0.000890,10,3.816121,0.000830
4,4,10,1,0|0|1|2,0|1|0|6,0,10,3.815396,0.000669,10,3.815035,0.001066
4,4,10,1,0|0|1|3,0|1|0|5,0,10,3.813572,0.000753,10,3.813918,0.000825
4,4,10,1,0|0|1|4,0|1|0|4,0,10,3.812292,0.000980,10,3.811911,0.000776
4,4,10,1,0|0|1|5,0|1|0|3,0,10,3.810634,0.001052,10,3.810997,0.000589
4,4,10,1,0|0|1|6,0|1|0|2,0,10,3.808976,0.000800,10,3.809158,0.000723
4,4,10,1,0|0|1|7,0|1|0|1,0,10,3.807023,0.000849,10,3.807375,0.001012
4,4,10,1,0|0|1|8,0|1|0|0,0,10,3.804145,0.000561,10,3.803995,0.000910
4,4,10,1,0|0|1|0,0|1|1|7,0,10,3.838980,0.001100,10,3.838729,0.001268
4,4,10,1,0|0|1|1,0|1|1|6,0,10,3.840188,0.001097,10,3.840127,0.001186
4,4,10,1,0|0|1|2,0|1|1|5,0,10,3.838385,0.000649,10,3.838692,0.001344
4,4,10,1,0|0|1|3,0|1|1|4,0,10,3.836957,0.001127,10,3.837464,0.000803
4,4,10,1,0|0|1|4,0|1|1|3,0,10,3.835014,0.000776,10,3.835200,0.000999
4,4,10,1,0|0|1|5,0|1|1|2,0,10,3.833055,0.001467,10,3.832976,0.001012
4,4,10,1,0|0|1|6,0|1|1|1,0,10,3.830153,0.000961,10,3.829880,0.000959
4,4,10,1,0|0|1|7,0|1|1|0,0,10,3.826445,0.001355,10,3.825877,0.000809
4,4,10,1,0|0|1|0,0|1|2|6,0,10,3.833693,0.000706,10,3.833859,0.000783
4,4,10,1,0|0|1|1,0|1|2|5,0,10,3.836181,0.000790,10,3.835110,0.000898
4,4,10,1,0|0|1|2,0|1|2|4,0,10,3.833746,0.000716,10,3.833399,0.000556
4,4,10,1,0|0|1|3,0|1|2|3,0,10,3.831180,0.000736,10,3.830888,0.001000
4,4,10,1,0|0|1|4,0|1|2|2,0,10,3.828068,0.000692,10,3.827256,0.000638
4,4,10,1,0|0|1|5,0|1|2|1,0,10,3.823221,0.000819,10,3.823598,0.000650
4,4,10,1,0|0|1|6,0|1|2|0,0,10,3.817123,0.000697,10,3.817308,0.000660
4,4,10,1,0|0|1|0,0|1|3|5,0,10,3.821687,0.000930,10,3.822042,0.000955
4,4,10,1,0|0|1|1,0|1|3|4,0,10,3.823718,0.000940,10,3.824347,0.000612
4,4,10,1,0|0|1|2,0|1|3|3,0,10,3.820412,0.000937,10,3.820366,0.001071
4,4,10,1,0|0|1|3,0|1|3|2,0,10,3.816487,0.000696,10,3.816090,0.000662
4,4,10,1,0|0|1|4,0|1|3|1,0,10,3.810043,0.001098,10,3.810062,0.000733
4,4,10,1,0|0|1|5,0|1|3|0,0,10,3.799986,0.000639,10,3.799766,0.000556
4,4,10,1,0|0|1|0,0|1|4|4,0,10,3.803554,0.000906,10,3.803162,0.000697
4,4,10,1,0|0|1|1,0|1|4|3,0,10,3.804436,0.000525,10,3.805168,0.000839
4,4,10,1,0|0|1|2,0|1|4|2,0,10,3.798767,0.000693,10,3.799221,0.000425
4,4,10,1,0|0|1|3,0|1|4|1,0,10,3.791132,0.000499,10,3.790562,0.000715
4,4,10,1,0|0|1|4,0|1|4|0,0,10,3.774625,0.000620,10,3.774509,0.000742
4,4,10,1,0|0|1|0,0|1|5|3,0,10,3.774557,0.000632,10,3.774465,0.000697
4,4,10,1,0|0|1|1,0|1|5|2,0,10,3.773820,0.000711,10,3.773661,0.000571
4,4,10,1,0|0|1|2,0|1|5|1,0,10,3.762341,0.000496,10,3.762322,0.000636
4,4,10,1,0|0|1|3,0|1|5|0,0,10,3.738860,0.000432,10,3.738291,0.000417
4,4,10,1,0|0|1|0,0|1|6|2,0,10,3.724517,0.000568,10,3.724697,0.000402
4,4,10,1,0|0|1|1,0|1|6|1,0,10,3.716854,0.000707,10,3.717027,0.000644
4,4,10,1,0|0|1|2,0|1|6|0,0,10,3.682791,0.000447,10,3.683110,0.000652
4,4,10,1,0|0|1|0,0|1|7|1,0,10,3.628912,0.000328,10,3.628751,0.000563
4,4,10,1,0|0|1|1,0|1|7|0,0,10,3.587638,0.000457,10,3.587811,0.000415
4,4,10,1,0|0|1|0,0|1|8|0,0,10,3.371044,0.000336,10,3.371248,0.000325
4,4,10,1,0|0|2|0,0|1|0|7,0,10,3.833080,0.000941,10,3.832110,0.000677
4,4,10,1,0|0|2|1,0|1|0|6,0,10,3.834768,0.001203,10,3.833733,0.000712
4,4,10,1,0|0|2|2,0|1|0|5,0,10,3.832145,0.000814,10,3.832120,0.000946
4,4,10,1,0|0|2|3,0|1|0|4,0,10,3.829922,0.001026,10,3.830228,0.001019
4,4,10,1,0|0|2|4,0|1|0|3,0,10,3.827519,0.000675,10,3.827754,0.000741
4,4,10,1,0|0|2|5,0|1|0|2,0,10,3.824712,0.000766,10,3.825082,0.001110
4,4,10,1,0|0|2|6,0|1|0|1,0,10,3.821437,0.000562,10,3.821427,0.000825
4,4,10,1,0|0|2|7,0|1|0|0,0,10,3.816328,0.001116,10,3.816472,0.000953
4,4,10,1,0|0|2|0,0|1|1|6,0,10,3.831237,0.000519,10,3.831474,0.000859
4,4,10,1,0|0|2|1,0|1|1|5,0,10,3.833488,0.001530,10,3.833219,0.000998
4,4,10,1,0|0|2|2,0|1|1|4,0,10,3.830403,0.000964,10,3.830763,0.000780
4,4,10,1,0|0|2|3,0|1|1|3,0,10,3.828156,0.000637,10,3.828218,0.000925
4,4,10,1,0|0|2|4,0|1|1|2,0,10,3.824174,0.001064,10,3.823882,0.000717
4,4,10,1,0|0|2|5,0|1|1|1,0,10,3.818809,0.000864,10,3.819397,0.001015
4,4,10,1,0|0|2|6,0|1|1|0,0,10,3.811479,0.000513,10,3.811805,0.000797
4,4,10,1,0|0|2|0,0|1|2|5,0,10,3.819337,0.000971,10,3.819275,0.000972
4,4,10,1,0|0|2|1,0|1|2|4,0,10,3.821649,0.000903,10,3.821730,0.000823
4,4,10,1,0|0|2|2,0|1|2|3,0,10,3.817611,0.001047,10,3.817507,0.000907
4,4,10,1,0|0|2|3,0|1|2|2,0,10,3.813182,0.000807,10,3.812877,0.000738
4,4,10,1,0|0|2|4,0|1|2|1,0,10,3.805970,0.000577,10,3.805967,0.000810
4,4,10,1,0|0|2|5,0|1|2|0,0,10,3.794042,0.000515,10,3.794204,0.000371
4,4,10,1,0|0|2|0,0|1|3|4,0,10,3.800548,0.000384,10,3.800926,0.000618
4,4,10,1,0|0|2|1,0|1|3|3,0,10,3.802619,0.000995,10,3.803097,0.000847
4,4,10,1,0|0|2|2,0|1|3|2,0,10,3.795671,0.000915,10,3.795382,0.000736
4,4,10,1,0|0|2|3,0|1|3|1,0,10,3.786520,0.000570,10,3.786276,0.000519
4,4,10,1,0|0|2|4,0|1|3|0,0,10,3.768805,0.000803,10,3.768739,0.000599
4,4,10,1,0|0|2|0,0|1|4|3,0,10,3.771493,0.000713,10,3.771002,0.000695
4,4,10,1,0|0|2|1,0|1|4|2,0,10,3.770684,0.000662,10,3.770701,0.000505
4,4,10,1,0|0|2|2,0|1|4|1,0,10,3.757635,0.000332,10,3.757579,0.000675
4,4,10,1,0|0|2|3,0|1|4|0,0,10,3.731887,0.000627,10,3.732334,0.000665
4,4,10,1,0|0|2|0,0|1|5|2,0,10,3.721513,0.000518,10,3.721835,0.000425
4,4,10,1,0|0|2|1,0|1|5|1,0,10,3.713484,0.000462,10,3.713708,0.000639
4,4,10,1,0|0|2|2,0|1|5|0,0,10,3.677474,0.000665,10,3.677309,0.000322
4,4,10,1,0|0|2|0,0|1|6|1,0,10,3.626824,0.000522,10,3.626895,0.000500
4,4,10,1,0|0|2|1,0|1|6|0,0,10,3.584407,0.000453,10,3.584453,0.000403
4,4,10,1,0|0|2|0,0|1|7|0,0,10,3.372872,0.000547,10,3.372928,0.000353
4,4,10,1,0|0|3|0,0|1|0|6,0,10,3.828858,0.000855,10,3.828655,0.000742
4,4,10,1,0|0|3|1,0|1|0|5,0,10,3.830679,0.000652,10,3.830874,0.000429
4,4,10,1,0|0|3|2,0|1|0|4,0,10,3.827922,0.001370,10,3.827653,0.001204
4,4,10,1,0|0|3|3,0|1|0|3,0,10,3.824246,0.001023,10,3.824610,0.000967
4,4,10,1,0|0|3|4,0|1|0|2,0,10,3.820363,0.000926,10,3.820005,0.000668
4,4,10,1,0|0|3|5,0|1|0|1,0,10,3.815272,0.000795,10,3.815358,0.001268
4,4,10,1,0|0|3|6,0|1|0|0,0,10,3.806244,0.000751,10,3.806276,0.000838
4,4,10,1,0|0|3|0,0|1|1|5,0,10,3.817645,0.000491,10,3.817878,0.000928
4,4,10,1,0|0|3|1,0|1|1|4,0,10,3.820624,0.000672,10,3.820439,0.000647
4,4,10,1,0|0|3|2,0|1|1|3,0,10,3.816095,0.000713,10,3.816275,0.001023
4,4,10,1,0|0|3|3,0|1|1|2,0,10,3.810497,0.000587,10,3.810417,0.000686
4,4,10,1,0|0|3|4,0|1|1|1,0,10,3.803267,0.000682,10,3.803269,0.000861
4,4,10,1,0|0|3|5,0|1|1|0,0,10,3.790461,0.000799,10,3.790778,0.000818
4,4,10,1,0|0|3|0,0|1|2|4,0,10,3.798986,0.000749,10,3.799135,0.000719
4,4,10,1,0|0|3|1,0|1|2|3,0,10,3.801537,0.000915,10,3.801302,0.000640
4,4,10,1,0|0|3|2,0|1|2|2,0,10,3.793702,0.000664,10,3.794138,0.000639
4,4,10,1,0|0|3|3,0|1|2|1,0,10,3.784000,0.000693,10,3.783540,0.000875
4,4,10,1,0|0|3|4,0|1|2|0,0,10,3.765046,0.000591,10,3.765014,0.000555
4,4,10,1,0|0|3|0,0|1|3|3,0,10,3.769386,0.000611,10,3.769267,0.000604
4,4,10,1,0|0|3|1,0|1|3|2,0,10,3.769878,0.000908,10,3.769840,0.000618
4,4,10,1,0|0|3|2,0|1|3|1,0,10,3.756252,0.000727,10,3.755817,0.000605
4,4,10,1,0|0|3|3,0|1|3|0,0,10,3.728545,0.000561,10,3.728943,0.000487
4,4,10,1,0|0|3|0,0|1|4|2,0,10,3.720187,0.000666,10,3.720107,0.000604
4,4,10,1,0|0|3|1,0|1|4|1,0,10,3.712688,0.000575,10,3.712803,0.000514
4,4,10,1,0|0|3|2,0|1|4|0,0,10,3.674316,0.000364,10,3.674651,0.000458
4,4,10,1,0|0|3|0,0|1|5|1,0,10,3.626234,0.000369,10,3.626337,0.000596
4,4,10,1,0|0|3|1,0|1|5|0,0,10,3.583311,0.000553,10,3.583724,0.000394
4,4,10,1,0|0|3|0,0|1|6|0,0,10,3.373811,0.000316,10,3.373736,0.000429
4,4,10,1,0|0|4|0,0|1|0|5,0,10,3.816606,0.000587,10,3.816108,0.000694
4,4,10,1,0|0|4|1,0|1|0|4,0,10,3.819381,0.000906,10,3.819928,0.000763
4,4,10,1,0|0|4|2,0|1|0|3,0,10,3.815456,0.000830,10,3.814624,0.000594
4,4,10,1,0|0|4|3,0|1|0|2,0,10,3.809302,0.001012,10,3.809249,0.000689
4,4,10,1,0|0|4|4,0|1|0|1,0,10,3.801392,0.000791,10,3.801753,0.001376
4,4,10,1,0|0|4|5,0|1|0|0,0,10,3.788193,0.000824,10,3.787838,0.000648
4,4,10,1,0|0|4|0,0|1|1|4,0,10,3.797931,0.000738,10,3.797795,0.000762
4,4,10,1,0|0|4|1,0|1|1|3,0,10,3.801212,0.000784,10,3.800864,0.000590
4,4,10,1,0|0|4|2,0|1|1|2,0,10,3.793221,0.000613,10,3.793449,0.000914
4,4,10,1,0|0|4|3,0|1|1|1,0,10,3.782755,0.000795,10,3.782621,0.000522
4,4,10,1,0|0|4|4,0|1|1|0,0,10,3.763523,0.000617,10,3.763758,0.000470
4,4,10,1,0|0|4|0,0|1|2|3,0,10,3.768650,0.000422,10,3.768509,0.000607
4,4,10,1,0|0|4|1,0|1|2|2,0,10,3.769511,0.000561,10,3.769500,0.000736
4,4,10,1,0|0|4|2,0|1|2|1,0,10,3.755383,0.001074,10,3.755752,0.000703
4,4,10,1,0|0|4|3,0|1|2|0,0,10,3.727751,0.000677,10,3.727320,0.000468
4,4,10,1,0|0|4|0,0|1|3|2,0,10,3.719655,0.000545,10,3.719301,0.000456
4,4,10,1,0|0|4|1,0|1|3|1,0,10,3.712577,0.000751,10,3.712929,0.000493
4,4,10,1,0|0|4|2,0|1|3|0,0,10,3.673943,0.000486,10,3.673887,0.000550
4,4,10,1,0|0|4|0,0|1|4|1,0,10,3.626085,0.000243,10,3.625993,0.000463
4,4,10,1,0|0|4|1,0|1|4|0,0,10,3.583257,0.000534,10,3.583159,0.000451
4,4,10,1,0|0|4|0,0|1|5|0,0,10,3.374349,0.000398,10,3.374262,0.000520
4,4,10,1,0|0|5|0,0|1|0|4,0,10,3.797641,0.000785,10,3.797482,0.000823
4,4,10,1,0|0|5|1,0|1|0|3,0,10,3.800625,0.000602,10,3.800361,0.000762
4,4,10,1,0|0|5|2,0|1|0|2,0,10,3.792807,0.000809,10,3.793081,0.001172
4,4,10,1,0|0|5|3,0|1|0|1,0,10,3.782301,0.000993,10,3.782145,0.000409
4,4,10,1,0|0|5|4,0|1|0|0,0,10,3.762451,0.000650,10,3.762204,0.000867
4,4,10,1,0|0|5|0,0|1|1|3,0,10,3.768328,0.000721,10,3.768561,0.000617
4,4,10,1,0|0|5|1,0|1|1|2,0,10,3.769274,0.000731,10,3.768969,0.000789
4,4,10,1,0|0|5|2,0|1|1|1,0,10,3.755004,0.000680,10,3.755133,0.000469
4,4,10,1,0|0|5|3,0|1|1|0,0,10,3.727022,0.000508,10,3.726909,0.000807
4,4,10,1,0|0|5|0,0|1|2|2,0,10,3.719335,0.000493,10,3.719402,0.000445
4,4,10,1,0|0|5|1,0|1|2|1,0,10,3.712602,0.000473,10,3.712735,0.000585
4,4,10,1,0|0|5|2,0|1|2|0,0,10,3.673794,0.000434,10,3.673538,0.000626
4,4,10,1,0|0|5|0,0|1|3|1,0,10,3.625890,0.000488,10,3.625653,0.000424
4,4,10,1,0|0|5|1,0|1|3|0,0,10,3.583220,0.000340,10,3.583297,0.000405
4,4,10,1,0|0|5|0,0|1|4|0,0,10,3.374331,0.000398,10,3.374477,0.000348
4,4,10,1,0|0|6|0,0|1|0|3,0,10,3.767845,0.000653,10,3.768046,0.000524
4,4,10,1,0|0|6|1,0|1|0|2,0,10,3.769026,0.000561,10,3.769074,0.000603
4,4,10,1,0|0|6|2,0|1|0|1,0,10,3.754916,0.000639,10,3.754814,0.000475
4,4,10,1,0|0|6|3,0|1|0|0,0,10,3.726582,0.000571,10,3.726664,0.000491
4,4,10,1,0|0|6|0,0|1|1|2,0,10,3.719245,0.000743,10,3.719108,0.000468
4,4,10,1,0|0|6|1,0|1|1|1,0,10,3.712725,0.000488,10,3.712505,0.000387
4,4,10,1,0|0|6|2,0|1|1|0,0,10,3.673732,0.000366,10,3.673501,0.000544
4,4,10,1,0|0|6|0,0|1|2|1,0,10,3.625770,0.000294,10,3.625751,0.000433
4,4,10,1,0|0|6|1,0|1|2|0,0,10,3.583212,0.000396,10,3.583289,0.000410
4,4,10,1,0|0|6|0,0|1|3|0,0,10,3.374432,0.000257,10,3.374374,0.000386
4,4,10,1,0|0|7|0,0|1|0|2,0,10,3.719258,0.000642,10,3.718851,0.000532
4,4,10,1,0|0|7|1,0|1|0|1,0,10,3.712695,0.000431,10,3.712248,0.000680
4,4,10,1,0|0|7|2,0|1|0|0,0,10,3.673581,0.000469,10,3.673625,0.000553
4,4,10,1,0|0|7|0,0|1|1|1,0,10,3.625821,0.000452,10,3.625769,0.000332
4,4,10,1,0|0|7|1,0|1|1|0,0,10,3.583201,0.000552,10,3.583511,0.000578
4,4,10,1,0|0|7|0,0|1|2|0,0,10,3.374123,0.000324,10,3.374399,0.000233
4,4,10,1,0|0|8|0,0|1|0|1,0,10,3.625773,0.000325,10,3.625679,0.000322
4,4,10,1,0|0|8|1,0|1|0|0,0,10,3.583308,0.000342,10,3.583169,0.000319
4,4,10,1,0|0|8|0,0|1|1|0,0,10,3.374300,0.000221,10,3.374319,0.000329
4,4,10,1,0|0|9|0,0|1|0|0,0,10,3.374181,0.000261,10,3.374424,0.000343
4,4,10,1,0|0|0|0,0|2|0|8,0,10,3.657944,0.000303,10,3.658000,0.000504
4,4,10,1,0|0|0|1,0|2|0|7,0,10,3.658617,0.000420,10,3.658820,0.000377
4,4,10,1,0|0|0|2,0|2|0|6,0,10,3.658562,0.000519,10,3.658694,0.000585
4,4,10,1,0|0|0|3,0|2|0|5,0,10,3.658064,0.000334,10,3.657632,0.000388
4,4,10,1,0|0|0|4,0|2|0|4,0,10,3.657173,0.000508,10,3.657017,0.000351
4,4,10,1,0|0|0|5,0|2|0|3,0,10,3.656100,0.000454,10,3.656277,0.000369
4,4,10,1,0|0|0|6,0|2|0|2,0,10,3.655589,0.000544,10,3.655485,0.000461
4,4,10,1,0|0|0|7,0|2|0|1,0,10,3.654432,0.000478,10,3.654291,0.000300
4,4,10,1,0|0|0|8,0|2|0|0,0,10,3.653261,0.000458,10,3.653116,0.000357
4,4,10,1,0|0|0|0,0|2|1|7,0,10,3.823574,0.001228,10,3.823691,0.000664
4,4,10,1,0|0|0|1,0|2|1|6,0,10,3.825832,0.000847,10,3.825572,0.001093
4,4,10,1,0|0|0|2,0|2|1|5,0,10,3.824582,0.001030,10,3.824200,0.000889
4,4,10,1,0|0|0|3,0|2|1|4,0,10,3.822758,0.001177,10,3.822942,0.000838
4,4,10,1,0|0|0|4,0|2|1|3,0,10,3.821005,0.000603,10,3.820682,0.000716
4,4,10,1,0|0|0|5,0|2|1|2,0,10,3.819547,0.000734,10,3.818985,0.000954
4,4,10,1,0|0|0|6,0|2|1|1,0,10,3.816781,0.000917,10,3.816829,0.000934
4,4,10,1,0|0|0|7,0|2|1|0,0,10,3.812403,0.000447,10,3.813028,0.000756
4,4,10,1,0|0|0|0,0|2|2|6,1,30,3.832429,0.000905,0,,
4,4,10,1,0|0|0|1,0|2|2|5,0,10,3.834823,0.000903,10,3.834402,0.000564
4,4,10,1,0|0|0|2,0|2|2|4,0,10,3.832674,0.001047,10,3.832515,0.000528
4,4,10,1,0|0|0|3,0|2|2|3,0,10,3.830060,0.000752,10,3.830248,0.000742
4,4,10,1,0|0|0|4,0|2|2|2,0,10,3.826911,0.000839,10,3.827735,0.000684
4,4,10,1,0|0|0|5,0|2|2|1,0,10,3.823314,0.000703,10,3.823479,0.000787
4,4,10,1,0|0|0|6,0|2|2|0,0,10,3.816996,0.000491,10,3.817128,0.000668
4,4,10,1,0|0|0|0,0|2|3|5,1,30,3.823196,0.000835,0,,
4,4,10,1,0|0|0|1,0|2|3|4,0,10,3.826395,0.001151,10,3.826262,0.001000
4,4,10,1,0|0|0|2,0|2|3|3,0,10,3.822576,0.001252,10,3.822942,0.000832
4,4,10,1,0|0|0|3,0|2|3|2,0,10,3.818527,0.000867,10,3.818670,0.000615
4,4,10,1,0|0|0|4,0|2|3|1,0,10,3.812496,0.001105,10,3.812296,0.000791
4,4,10,1,0|0|0|5,0|2|3|0,0,10,3.802599,0.001080,10,3.802313,0.000496
4,4,10,1,0|0|0|0,0|2|4|4,1,30,3.805539,0.000726,0,,
4,4,10,1,0|0|0|1,0|2|4|3,0,10,3.808626,0.000833,10,3.808789,0.000949
4,4,10,1,0|0|0|2,0|2|4|2,0,10,3.803130,0.000810,10,3.802597,0.000568
4,4,10,1,0|0|0|3,0|2|4|1,0,10,3.794419,0.000717,10,3.794584,0.000894
4,4,10,1,0|0|0|4,0|2|4|0,0,10,3.778558,0.000603,10,3.778734,0.000718
4,4,10,1,0|0|0|0,0|2|5|3,0,10,3.777148,0.000725,10,3.776981,0.000575
4,4,10,1,0|0|0|1,0|2|5|2,0,10,3.779009,0.000759,10,3.778931,0.000426
4,4,10,1,0|0|0|2,0|2|5|1,0,10,3.767200,0.000697,10,3.767444,0.000710
4,4,10,1,0|0|0|3,0|2|5|0,0,10,3.744145,0.000635,10,3.744159,0.000466
4,4,10,1,0|0|0|0,0|2|6|2,0,10,3.728563,0.000455,10,3.728656,0.000267
4,4,10,1,0|0|0|1,0|2|6|1,0,10,3.723859,0.000452,10,3.723817,0.000565
4,4,10,1,0|0|0|2,0|2|6|0,0,10,3.690292,0.000775,10,3.690252,0.000700
4,4,10,1,0|0|0|0,0|2|7|1,0,10,3.633384,0.000386,10,3.633739,0.000476
4,4,10,1,0|0|0|1,0|2|7|0,0,10,3.595452,0.000446,10,3.595481,0.000499
4,4,10,1,0|0|0|0,0|2|8|0,0,10,3.369829,0.000214,10,3.369774,0.000300
4,4,10,1,0|0|1|0,0|2|0|7,0,10,3.809031,0.000876,10,3.809149,0.000721
4,4,10,1,0|0|1|1,0|2|0|6,0,10,3.810079,0.000570,10,3.810661,0.000674
4,4,10,1,0|0|1|2,0|2|0|5,0,10,3.808211,0.000849,10,3.808968,0.000819
4,4,10,1,0|0|1|3,0|2|0|4,0,10,3.806430,0.000874,10,3.807389,0.000895
4,4,10,1,0|0|1|4,0|2|0|3,0,10,3.805224,0.000391,10,3.805474,0.000806
4,4,10,1,0|0|1|5,0|2|0|2,0,10,3.802817,0.000742,10,3.802350,0.000680
4,4,10,1,0|0|1|6,0|2|0|1,0,10,3.800054,0.000979,10,3.799814,0.000775
4,4,10,1,0|0|1|7,0|2|0|0,0,10,3.794982,0.000609,10,3.794790,0.000750
4,4,10,1,0|0|1|0,0|2|1|6,0,10,3.830195,0.000726,10,3.830411,0.000890
4,4,10,1,0|0|1|1,0|2|1|5,0,10,3.832024,0.000492,10,3.831634,0.000574
4,4,10,1,0|0|1|2,0|2|1|4,0,10,3.829826,0.000719,10,3.829584,0.001026
4,4,10,1,0|0|1|3,0|2|1|3,0,10,3.827175,0.000911,10,3.827393,0.000809
4,4,10,1,0|0|1|4,0|2|1|2,0,10,3.823862,0.000741,10,3.824556,0.000990
4,4,10,1,0|0|1|5,0|2|1|1,0,10,3.820031,0.000808,10,3.820305,0.000690
4,4,10,1,0|0|1|6,0|2|1|0,0,10,3.813359,0.000485,10,3.813359,0.000655
4,4,10,1,0|0|1|0,0|2|2|5,0,10,3.822304,0.000529,10,3.821971,0.000688
4,4,10,1,0|0|1|1,0|2|2|4,0,10,3.824178,0.000789,10,3.824784,0.000481
4,4,10,1,0|0|1|2,0|2|2|3,0,10,3.820685,0.000839,10,3.820815,0.000850
4,4,10,1,0|0|1|3,0|2|2|2,0,10,3.816557,0.000515,10,3.816445,0.000629
4,4,10,1,0|0|1|4,0|2|2|1,0,10,3.810772,0.000913,10,3.810326,0.000849
4,4,10,1,0|0|1|5,0|2|2|0,0,10,3.799838,0.000587,10,3.800355,0.000644
4,4,10,1,0|0|1|0,0|2|3|4,0,10,3.804577,0.001041,10,3.804834,0.000949
4,4,10,1,0|0|1|1,0|2|3|3,0,10,3.806352,0.001028,10,3.806324,0.000807
4,4,10,1,0|0|1|2,0|2|3|2,0,10,3.800078,0.000789,10,3.800159,0.000934
4,4,10,1,0|0|1|3,0|2|3|1,0,10,3.792049,0.000396,10,3.791939,0.000740
4,4,10,1,0|0|1|4,0|2|3|0,0,10,3.776053,0.000952,10,3.775629,0.000587
4,4,10,1,0|0|1|0,0|2|4|3,0,10,3.775660,0.000483,10,3.776279,0.000812
4,4,10,1,0|0|1|1,0|2|4|2,0,10,3.775561,0.000733,10,3.775509,0.000537
4,4,10,1,0|0|1|2,0|2|4|1,0,10,3.763787,0.000815,10,3.763780,0.000480
4,4,10,1,0|0|1|3,0|2|4|0,0,10,3.740335,0.000456,10,3.740191,0.000599
4,4,10,1,0|0|1|0,0|2|5|2,0,10,3.726343,0.000359,10,3.726564,0.000511
4,4,10,1,0|0|1|1,0|2|5|1,0,10,3.718614,0.000736,10,3.718943,0.000637
4,4,10,1,0|0|1|2,0|2|5|0,0,10,3.685248,0.000505,10,3.685595,0.000383
4,4,10,1,0|0|1|0,0|2|6|1,0,10,3.631397,0.000450,10,3.631234,0.000662
4,4,10,1,0|0|1|1,0|2|6|0,0,10,3.590294,0.000428,10,3.590245,0.000377
4,4,10,1,0|0|1|0,0|2|7|0,0,10,3.374492,0.000344,10,3.374769,0.000331
4,4,10,1,0|0|2|0,0|2|0|6,0,10,3.823713,0.000652,10,3.824082,0.000901
4,4,10,1,0|0|2|1,0|2|0|5,0,10,3.826164,0.001009,10,3.825902,0.000515
4,4,10,1,0|0|2|2,0|2|0|4,0,10,3.822594,0.001041,10,3.822680,0.000970
4,4,10,1,0|0|2|3,0|2|0|3,0,10,3.819429,0.000810,10,3.819789,0.000478
4,4,10,1,0|0|2|4,0|2|0|2,0,10,3.815615,0.000974,10,3.815586,0.000882
4,4,10,1,0|0|2|5,0|2|0|1,0,10,3.811090,0.000983,10,3.810266,0.000526
4,4,10,1,0|0|2|6,0|2|0|0,0,10,3.802555,0.000723,10,3.802332,0.000651
4,4,10,1,0|0|2|0,0|2|1|5,0,10,3.818986,0.000951,10,3.819337,0.000840
4,4,10,1,0|0|2|1,0|2|1|4,0,10,3.821622,0.001096,10,3.821375,0.001178
4,4,10,1,0|0|2|2,0|2|1|3,0,10,3.817562,0.000808,10,3.817435,0.001076
4,4,10,1,0|0|2|3,0|2|1|2,0,10,3.812543,0.000702,10,3.811931,0.000249
4,4,10,1,0|0|2|4,0|2|1|1,0,10,3.805285,0.000854,10,3.805434,0.000852
4,4,10,1,0|0|2|5,0|2|1|0,0,10,3.793435,0.000977,10,3.793503,0.000520
4,4,10,1,0|0|2|0,0|2|2|4,0,10,3.802206,0.000464,10,3.802085,0.000821
4,4,10,1,0|0|2|1,0|2|2|3,0,10,3.803927,0.000554,10,3.803640,0.000658
4,4,10,1,0|0|2|2,0|2|2|2,0,10,3.796595,0.000890,10,3.796485,0.000640
4,4,10,1,0|0|2|3,0|2|2|1,0,10,3.787595,0.000694,10,3.787336,0.000670
4,4,10,1,0|0|2|4,0|2|2|0,0,10,3.770072,0.000653,10,3.770143,0.000572
4,4,10,1,0|0|2|0,0|2|3|3,0,10,3.772825,0.000724,10,3.772657,0.001112
4,4,10,1,0|0|2|1,0|2|3|2,0,10,3.772451,0.000524,10,3.772102,0.000861
4,4,10,1,0|0|2|2,0|2|3|1,0,10,3.759389,0.000449,10,3.759160,0.000521
4,4,10,1,0|0|2|3,0|2|3|0,0,10,3.733803,0.000773,10,3.733921,0.000576
4,4,10,1,0|0|2|0,0|2|4|2,0,10,3.723817,0.000513,10,3.723564,0.000482
4,4,10,1,0|0|2|1,0|2|4|1,0,10,3.715308,0.000688,10,3.715851,0.000413
4,4,10,1,0|0|2|2,0|2|4|0,0,10,3.679624,0.000537,10,3.679206,0.000561
4,4,10,1,0|0|2|0,0|2|5|1,0,10,3.629423,0.000509,10,3.629116,0.000547
4,4,10,1,0|0|2|1,0|2|5|0,0,10,3.587078,0.000494,10,3.587382,0.000357
4,4,10,1,0|0|2|0,0|2|6|0,0,10,3.376457,0.000298,10,3.376597,0.000378
4,4,10,1,0|0|3|0,0|2|0|5,0,10,3.816686,0.000744,10,3.815875,0.000827
4,4,10,1,0|0|3|1,0|2|0|4,0,10,3.819044,0.000995,10,3.818844,0.001094
4,4,10,1,0|0|3|2,0|2|0|3,0,10,3.813945,0.001350,10,3.814501,0.000662
4,4,10,1,0|0|3|3,0|2|0|2,0,10,3.808332,0.000777,10,3.807973,0.000815
4,4,10,1,0|0|3|4,0|2|0|1,0,10,3.800772,0.001156,10,3.800885,0.000867
4,4,10,1,0|0|3|5,0|2|0|0,0,10,3.787264,0.000841,10,3.787534,0.000728
4,4,10,1,0|0|3|0,0|2|1|4,0,10,3.800129,0.000647,10,3.799992,0.000495
4,4,10,1,0|0|3|1,0|2|1|3,0,10,3.802255,0.000593,10,3.802165,0.000764
4,4,10,1,0|0|3|2,0|2|1|2,0,10,3.794751,0.000403,10,3.795168,0.000928
4,4,10,1,0|0|3|3,0|2|1|1,0,10,3.785096,0.000870,10,3.784652,0.000585
4,4,10,1,0|0|3|4,0|2|1|0,0,10,3.765947,0.000620,10,3.765916,0.000719
4,4,10,1,0|0|3|0,0|2|2|3,0,10,3.771110,0.000485,10,3.770911,0.000502
4,4,10,1,0|0|3|1,0|2|2|2,0,10,3.771304,0.000386,10,3.771804,0.000485
4,4,10,1,0|0|3|2,0|2|2|1,0,10,3.757420,0.000609,10,3.757968,0.000377
4,4,10,1,0|0|3|3,0|2|2|0,0,10,3.730611,0.000584,10,3.730622,0.000348
4,4,10,1,0|0|3|0,0|2|3|2,0,10,3.721862,0.000548,10,3.722204,0.000472
4,4,10,1,0|0|3|1,0|2|3|1,0,10,3.714996,0.000786,10,3.714998,0.000544
4,4,10,1,0|0|3|2,0|2|3|0,0,10,3.676945,0.000773,10,3.676776,0.000554
4,4,10,1,0|0|3|0,0|2|4|1,0,10,3.629026,0.000236,10,3.628551,0.000469
4,4,10,1,0|0|3|1,0|2|4|0,0,10,3.586332,0.000370,10,3.586240,0.000408
4,4,10,1,0|0|3|0,0|2|5|0,0,10,3.377690,0.000152,10,3.377409,0.000257
4,4,10,1,0|0|4|0,0|2|0|4,0,10,3.798366,0.000931,10,3.798622,0.000909
4,4,10,1,0|0|4|1,0|2|0|3,0,10,3.801321,0.000417,10,3.801591,0.000791
4,4,10,1,0|0|4|2,0|2|0|2,0,10,3.793916,0.001170,10,3.793682,0.000702
4,4,10,1,0|0|4|3,0|2|0|1,0,10,3.783025,0.000551,10,3.782765,0.000825
4,4,10,1,0|0|4|4,0|2|0|0,0,10,3.762915,0.000684,10,3.763206,0.000574
4,4,10,1,0|0|4|0,0|2|1|3,0,10,3.770119,0.000414,10,3.769799,0.000712
4,4,10,1,0|0|4|1,0|2|1|2,0,10,3.770439,0.000523,10,3.771039,0.000620
4,4,10,1,0|0|4|2,0|2|1|1,0,10,3.756900,0.000719,10,3.756685,0.000446
4,4,10,1,0|0|4|3,0|2|1|0,0,10,3.728981,0.000368,10,3.728811,0.000431
4,4,10,1,0|0|4|0,0|2|2|2,0,10,3.721667,0.000539,10,3.721662,0.000700
4,4,10,1,0|0|4|1,0|2|2|1,0,10,3.714653,0.000485,10,3.714118,0.000541
4,4,10,1,0|0|4|2,0|2|2|0,0,10,3.675927,0.000497,10,3.676033,0.000763
4,4,10,1,0|0|4|0,0|2|3|1,0,10,3.628101,0.000511,10,3.628429,0.000327
4,4,10,1,0|0|4|1,0|2|3|0,0,10,3.586058,0.000308,10,3.586184,0.000371
4,4,10,1,0|0|4|0,0|2|4|0,0,10,3.377667,0.000221,10,3.378014,0.000493
4,4,10,1,0|0|5|0,0|2|0|3,0,10,3.769500,0.000546,10,3.769258,0.000493
4,4,10,1,0|0|5|1,0|2|0|2,0,10,3.770477,0.000486,10,3.770494,0.000583
4,4,10,1,0|0|5|2,0|2|0|1,0,10,3.756510,0.000791,10,3.756427,0.000604
4,4,10,1,0|0|5|3,0|2|0|0,0,10,3.727879,0.000606,10,3.727818,0.000632
4,4,10,1,0|0|5|0,0|2|1|2,0,10,3.721249,0.000661,10,3.721001,0.000547
4,4,10,1,0|0|5|1,0|2|1|1,0,10,3.714724,0.000304,10,3.714232,0.000539
4,4,10,1,0|0|5|2,0|2|1|0,0,10,3.675852,0.000466,10,3.675798,0.000549
4,4,10,1,0|0|5|0,0|2|2|1,0,10,3.628079,0.000335,10,3.628260,0.000444
4,4,10,1,0|0|5|1,0|2|2|0,0,10,3.585899,0.000321,10,3.585595,0.000471
4,4,10,1,0|0|5|0,0|2|3|0,0,10,3.377911,0.000396,10,3.378010,0.000527
4,4,10,1,0|0|6|0,0|2|0|2,0,10,3.720914,0.000704,10,3.720862,0.000463
4,4,10,1,0|0|6|1,0|2|0|1,0,10,3.714258,0.000568,10,3.714466,0.000533
4,4,10,1,0|0|6|2,0|2|0|0,0,10,3.675506,0.000452,10,3.675502,0.000536
4,4,10,1,0|0|6|0,0|2|1|1,0,10,3.628114,0.000453,10,3.628386,0.000297
4,4,10,1,0|0|6|1,0|2|1|0,0,10,3.586024,0.000382,10,3.585648,0.000736
4,4,10,1,0|0|6|0,0|2|2|0,0,10,3.377981,0.000477,10,3.377973,0.000265
4,4,10,1,0|0|7|0,0|2|0|1,0,10,3.628048,0.000325,10,3.628070,0.000458
4,4,10,1,0|0|7|1,0|2|0|0,0,10,3.585681,0.000343,10,3.585745,0.000454
4,4,10,1,0|0|7|0,0|2|1|0,0,10,3.377969,0.000578,10,3.377835,0.000366
4,4,10,1,0|0|8|0,0|2|0|0,0,10,3.377958,0.000406,10,3.377775,0.000256
4,4,10,1,0|0|0|0,0|3|0|7,0,10,3.654405,0.000410,10,3.654414,0.000382
4,4,10,1,0|0|0|1,0|3|0|6,0,10,3.655641,0.000430,10,3.655623,0.000282
4,4,10,1,0|0|0|2,0|3|0|5,0,10,3.655088,0.000531,10,3.655368,0.000445
4,4,10,1,0|0|0|3,0|3|0|4,0,10,3.654368,0.000444,10,3.654007,0.000381
4,4,10,1,0|0|0|4,0|3|0|3,0,10,3.652984,0.000381,10,3.653017,0.000536
4,4,10,1,0|0|0|5,0|3|0|2,0,10,3.651674,0.000484,10,3.651448,0.000495
4,4,10,1,0|0|0|6,0|3|0|1,0,10,3.650019,0.000359,10,3.649921,0.000528
4,4,10,1,0|0|0|7,0|3|0|0,0,10,3.648091,0.000471,10,3.647809,0.000468
4,4,10,1,0|0|0|0,0|3|1|6,0,10,3.814527,0.000905,10,3.814310,0.000647
4,4,10,1,0|0|0|1,0|3|1|5,0,10,3.816288,0.001257,10,3.816270,0.000678
4,4,10,1,0|0|0|2,0|3|1|4,0,10,3.813957,0.000748,10,3.814697,0.000921
4,4,10,1,0|0|0|3,0|3|1|3,0,10,3.811556,0.000936,10,3.811944,0.000838
4,4,10,1,0|0|0|4,0|3|1|2,0,10,3.808979,0.001169,10,3.809001,0.000796
4,4,10,1,0|0|0|5,0|3|1|1,0,10,3.805486,0.000629,10,3.804817,0.000889
4,4,10,1,0|0|0|6,0|3|1|0,0,10,3.799461,0.000533,10,3.799433,0.000866
4,4,10,1,0|0|0|0,0|3|2|5,0,10,3.819545,0.000610,10,3.819731,0.001163
4,4,10,1,0|0|0|1,0|3|2|4,0,10,3.821899,0.000528,10,3.821892,0.000924
4,4,10,1,0|0|0|2,0|3|2|3,0,10,3.819127,0.000863,10,3.819087,0.000817
4,4,10,1,0|0|0|3,0|3|2|2,0,10,3.814946,0.000757,10,3.815208,0.001031
4,4,10,1,0|0|0|4,0|3|2|1,0,10,3.809025,0.001036,10,3.809085,0.000536
4,4,10,1,0|0|0|5,0|3|2|0,0,10,3.798758,0.000680,10,3.798426,0.000661
4,4,10,1,0|0|0|0,0|3|3|4,1,30,3.804753,0.000913,0,,
4,4,10,1,0|0|0|1,0|3|3|3,0,10,3.807673,0.000738,10,3.808344,0.000740
4,4,10,1,0|0|0|2,0|3|3|2,0,10,3.802067,0.000732,10,3.801656,0.000941
4,4,10,1,0|0|0|3,0|3|3|1,0,10,3.793732,0.000701,10,3.793850,0.000779
4,4,10,1,0|0|0|4,0|3|3|0,0,10,3.777812,0.000991,10,3.777848,0.000472
4,4,10,1,0|0|0|0,0|3|4|3,0,10,3.776643,0.000488,10,3.776903,0.000668
4,4,10,1,0|0|0|1,0|3|4|2,0,10,3.779064,0.000646,10,3.778403,0.000552
4,4,10,1,0|0|0|2,0|3|4|1,0,10,3.767189,0.000603,10,3.767224,0.000763
4,4,10,1,0|0|0|3,0|3|4|0,0,10,3.743768,0.000391,10,3.743802,0.000583
4,4,10,1,0|0|0|0,0|3|5|2,0,10,3.728829,0.000440,10,3.728580,0.000952
4,4,10,1,0|0|0|1,0|3|5|1,0,10,3.723726,0.000419,10,3.723835,0.000452
4,4,10,1,0|0|0|2,0|3|5|0,0,10,3.690210,0.000521,10,3.690149,0.000516
4,4,10,1,0|0|0|0,0|3|6|1,0,10,3.633471,0.000428,10,3.633600,0.000324
4,4,10,1,0|0|0|1,0|3|6|0,0,10,3.595731,0.000359,10,3.595794,0.000452
4,4,10,1,0|0|0|0,0|3|7|0,0,10,3.369881,0.000304,10,3.369958,0.000421
4,4,10,1,0|0|1|0,0|3|0|6,0,10,3.799132,0.000666,10,3.799132,0.000766
4,4,10,1,0|0|1|1,0|3|0|5,0,10,3.800366,0.000771,10,3.800808,0.000744
4,4,10,1,0|0|1|2,0|3|0|4,0,10,3.798175,0.000551,10,3.798328,0.000873
4,4,10,1,0|0|1|3,0|3|0|3,0,10,3.795684,0.000841,10,3.795222,0.000644
4,4,10,1,0|0|1|4,0|3|0|2,0,10,3.792006,0.000670,10,3.792247,0.000971
4,4,10,1,0|0|1|5,0|3|0|1,0,10,3.787767,0.000504,10,3.787923,0.000558
4,4,10,1,0|0|1|6,0|3|0|0,0,10,3.780448,0.001391,10,3.780225,0.000963
4,4,10,1,0|0|1|0,0|3|1|5,0,10,3.817634,0.000771,10,3.817361,0.000698
4,4,10,1,0|0|1|1,0|3|1|4,0,10,3.818452,0.000685,10,3.818436,0.001071
4,4,10,1,0|0|1|2,0|3|1|3,0,10,3.815589,0.000776,10,3.815808,0.000685
4,4,10,1,0|0|1|3,0|3|1|2,0,10,3.811283,0.000882,10,3.811178,0.000703
4,4,10,1,0|0|1|4,0|3|1|1,0,10,3.805421,0.000466,10,3.805463,0.001025
4,4,10,1,0|0|1|5,0|3|1|0,0,10,3.794538,0.000579,10,3.794900,0.000911
4,4,10,1,0|0|1|0,0|3|2|4,0,10,3.803081,0.000378,10,3.803528,0.000574
4,4,10,1,0|0|1|1,0|3|2|3,0,10,3.804860,0.000890,10,3.804763,0.000768
4,4,10,1,0|0|1|2,0|3|2|2,0,10,3.799224,0.000500,10,3.799022,0.000881
4,4,10,1,0|0|1|3,0|3|2|1,0,10,3.790500,0.000629,10,3.790830,0.000765
4,4,10,1,0|0|1|4,0|3|2|0,0,10,3.774464,0.000484,10,3.774470,0.000683
4,4,10,1,0|0|1|0,0|3|3|3,0,10,3.775857,0.000746,10,3.775898,0.000534
4,4,10,1,0|0|1|1,0|3|3|2,0,10,3.775061,0.000453,10,3.774763,0.000499
4,4,10,1,0|0|1|2,0|3|3|1,0,10,3.763071,0.000463,10,3.763196,0.000508
4,4,10,1,0|0|1|3,0|3|3|0,0,10,3.739868,0.000701,10,3.739553,0.000513
4,4,10,1,0|0|1|0,0|3|4|2,0,10,3.726667,0.000388,10,3.726485,0.000522
4,4,10,1,0|0|1|1,0|3|4|1,0,10,3.718773,0.000560,10,3.718894,0.000594
4,4,10,1,0|0|1|2,0|3|4|0,0,10,3.684971,0.000499,10,3.685013,0.000391
4,4,10,1,0|0|1|0,0|3|5|1,0,10,3.631520,0.000491,10,3.631110,0.000388
4,4,10,1,0|0|1|1,0|3|5|0,0,10,3.590426,0.000351,10,3.590257,0.000340
4,4,10,1,0|0|1|0,0|3|6|0,0,10,3.374866,0.000336,10,3.374855,0.000422
4,4,10,1,0|0|2|0,0|3|0|5,0,10,3.809996,0.000880,10,3.809413,0.000717
4,4,10,1,0|0|2|1,0|3|0|4,0,10,3.812505,0.000838,10,3.811834,0.000937
4,4,10,1,0|0|2|2,0|3|0|3,0,10,3.807907,0.000955,10,3.807883,0.000920
4,4,10,1,0|0|2|3,0|3|0|2,0,10,3.802545,0.000714,10,3.802373,0.000536
4,4,10,1,0|0|2|4,0|3|0|1,0,10,3.795341,0.000745,10,3.795119,0.000567
4,4,10,1,0|0|2|5,0|3|0|0,0,10,3.782327,0.000548,10,3.782185,0.000396
4,4,10,1,0|0|2|0,0|3|1|4,0,10,3.800223,0.000608,10,3.800000,0.000666
4,4,10,1,0|0|2|1,0|3|1|3,0,10,3.801727,0.000633,10,3.801691,0.000662
4,4,10,1,0|0|2|2,0|3|1|2,0,10,3.794760,0.000467,10,3.794802,0.000796
4,4,10,1,0|0|2|3,0|3|1|1,0,10,3.785198,0.000976,10,3.785310,0.000359
4,4,10,1,0|0|2|4,0|3|1|0,0,10,3.767418,0.000858,10,3.767875,0.000795
4,4,10,1,0|0|2|0,0|3|2|3,0,10,3.772464,0.000526,10,3.772085,0.000643
4,4,10,1,0|0|2|1,0|3|2|2,0,10,3.771887,0.000491,10,3.772018,0.000547
4,4,10,1,0|0|2|2,0|3|2|1,0,10,3.758656,0.000544,10,3.758884,0.000697
4,4,10,1,0|0|2|3,0|3|2|0,0,10,3.733302,0.000538,10,3.733436,0.000431
4,4,10,1,0|0|2|0,0|3|3|2,0,10,3.723844,0.000556,10,3.723550,0.000518
4,4,10,1,0|0|2|1,0|3|3|1,0,10,3.715683,0.000368,10,3.715460,0.000573
4,4,10,1,0|0|2|2,0|3|3|0,0,10,3.679305,0.000614,10,3.679771,0.000629
4,4,10,1,0|0|2|0,0|3|4|1,0,10,3.629532,0.000441,10,3.629350,0.000385
4,4,10,1,0|0|2|1,0|3|4|0,0,10,3.587309,0.000290,10,3.587342,0.000462
4,4,10,1,0|0|2|0,0|3|5|0,0,10,3.376659,0.000597,10,3.376874,0.000523
4,4,10,1,0|0|3|0,0|3|0|4,0,10,3.796731,0.000639,10,3.796275,0.001091
4,4,10,1,0|0|3|1,0|3|0|3,0,10,3.799055,0.000671,10,3.798641,0.000597
4,4,10,1,0|0|3|2,0|3|0|2,0,10,3.791063,0.000667,10,3.791372,0.000879
4,4,10,1,0|0|3|3,0|3|0|1,0,10,3.780477,0.000685,10,3.780522,0.000817
4,4,10,1,0|0|3|4,0|3|0|0,0,10,3.761008,0.000985,10,3.760716,0.000775
4,4,10,1,0|0|3|0,0|3|1|3,0,10,3.770381,0.000704,10,3.770304,0.000710
4,4,10,1,0|0|3|1,0|3|1|2,0,10,3.770425,0.000885,10,3.770722,0.000557
4,4,10,1,0|0|3|2,0|3|1|1,0,10,3.756026,0.000521,10,3.756308,0.000854
4,4,10,1,0|0|3|3,0|3|1|0,0,10,3.729350,0.000405,10,3.729378,0.000513
4,4,10,1,0|0|3|0,0|3|2|2,0,10,3.722002,0.000586,10,3.721981,0.000615
4,4,10,1,0|0|3|1,0|3|2|1,0,10,3.714497,0.000592,10,3.714748,0.000410
4,4,10,1,0|0|3|2,0|3|2|0,0,10,3.676598,0.000892,10,3.676739,0.000487
4,4,10,1,0|0|3|0,0|3|3|1,0,10,3.628904,0.000544,10,3.628773,0.000447
4,4,10,1,0|0|3|1,0|3|3|0,0,10,3.586025,0.000374,10,3.586163,0.000236
4,4,10,1,0|0|3|0,0|3|4|0,0,10,3.377766,0.000421,10,3.377775,0.000314
4,4,10,1,0|0|4|0,0|3|0|3,0,10,3.768929,0.000727,10,3.768526,0.000694
4,4,10,1,0|0|4|1,0|3|0|2,0,10,3.769168,0.000809,10,3.770310,0.000638
4,4,10,1,0|0|4|2,0|3|0|1,0,10,3.755222,0.000568,10,3.755204,0.000746
4,4,10,1,0|0|4|3,0|3|0|0,0,10,3.726823,0.000555,10,3.726974,0.000932
4,4,10,1,0|0|4|0,0|3|1|2,0,10,3.721140,0.000597,10,3.721655,0.000507
4,4,10,1,0|0|4|1,0|3|1|1,0,10,3.714252,0.000432,10,3.714515,0.000496
4,4,10,1,0|0|4|2,0|3|1|0,0,10,3.675739,0.000669,10,3.675251,0.000372
4,4,10,1,0|0|4|0,0|3|2|1,0,10,3.628591,0.000589,10,3.628404,0.000422
4,4,10,1,0|0|4|1,0|3|2|0,0,10,3.586001,0.000361,10,3.586067,0.000432
4,4,10,1,0|0|4|0,0|3|3|0,0,10,3.378022,0.000369,10,3.377902,0.000391
4,4,10,1,0|0|5|0,0|3|0|2,0,10,3.720328,0.000634,10,3.720837,0.000502
4,4,10,1,0|0|5|1,0|3|0|1,0,10,3.714019,0.000498,10,3.713930,0.000636
4,4,10,1,0|0|5|2,0|3|0|0,0,10,3.674800,0.000583,10,3.674922,0.000364
4,4,10,1,0|0|5|0,0|3|1|1,0,10,3.628410,0.000485,10,3.628142,0.000626
4,4,10,1,0|0|5|1,0|3|1|0,0,10,3.585778,0.000455,10,3.585672,0.000507
4,4,10,1,0|0|5|0,0|3|2|0,0,10,3.377928,0.000379,10,3.378124,0.000477
4,4,10,1,0|0|6|0,0|3|0|1,0,10,3.628275,0.000308,10,3.628088,0.000523
4,4,10,1,0|0|6|1,0|3|0|0,0,10,3.585696,0.000358,10,3.585801,0.000399
4,4,10,1,0|0|6|0,0|3|1|0,0,10,3.378127,0.000360,10,3.377907,0.000481
4,4,10,1,0|0|7|0,0|3|0|0,0,10,3.377972,0.000346,10,3.377899,0.000478
4,4,10,1,0|0|0|0,0|4|0|6,0,10,3.649082,0.000344,10,3.649119,0.000465
4,4,10,1,0|0|0|1,0|4|0|5,0,10,3.650646,0.000548,10,3.650794,0.000323
4,4,10,1,0|0|0|2,0|4|0|4,0,10,3.649718,0.000633,10,3.649804,0.000418
4,4,10,1,0|0|0|3,0|4|0|3,0,10,3.648032,0.000432,10,3.648326,0.000465
4,4,10,1,0|0|0|4,0|4|0|2,0,10,3.646390,0.000501,10,3.646160,0.000402
4,4,10,1,0|0|0|5,0|4|0|1,0,10,3.643646,0.000328,10,3.643515,0.000423
4,4,10,1,0|0|0|6,0|4|0|0,0,10,3.639541,0.000373,10,3.639813,0.000653
4,4,10,1,0|0|0|0,0|4|1|5,0,10,3.800481,0.000704,10,3.800946,0.000844
4,4,10,1,0|0|0|1,0|4|1|4,0,10,3.803158,0.000536,10,3.803022,0.000647
4,4,10,1,0|0|0|2,0|4|1|3,0,10,3.800294,0.000909,10,3.800294,0.000618
4,4,10,1,0|0|0|3,0|4|1|2,0,10,3.796413,0.000578,10,3.796531,0.000638
4,4,10,1,0|0|0|4,0|4|1|1,0,10,3.790909,0.000764,10,3.790852,0.000639
4,4,10,1,0|0|0|5,0|4|1|0,0,10,3.781371,0.000604,10,3.781196,0.001075
4,4,10,1,0|0|0|0,0|4|2|4,0,10,3.800510,0.000468,10,3.800307,0.000559
4,4,10,1,0|0|0|1,0|4|2|3,0,10,3.803294,0.000760,10,3.803471,0.000616
4,4,10,1,0|0|0|2,0|4|2|2,0,10,3.797809,0.000761,10,3.797565,0.000675
4,4,10,1,0|0|0|3,0|4|2|1,0,10,3.789688,0.000825,10,3.789553,0.000683
4,4,10,1,0|0|0|4,0|4|2|0,0,10,3.774432,0.000675,10,3.774148,0.000779
4,4,10,1,0|0|0|0,0|4|3|3,0,10,3.775908,0.000597,10,3.775775,0.000806
4,4,10,1,0|0|0|1,0|4|3|2,0,10,3.777432,0.000752,10,3.777636,0.000798
4,4,10,1,0|0|0|2,0|4|3|1,0,10,3.765836,0.000547,10,3.765770,0.000603
4,4,10,1,0|0|0|3,0|4|3|0,0,10,3.742509,0.000658,10,3.742414,0.000467
4,4,10,1,0|0|0|0,0|4|4|2,0,10,3.728088,0.000684,10,3.728229,0.000404
4,4,10,1,0|0|0|1,0|4|4|1,0,10,3.723182,0.000551,10,3.723120,0.000704
4,4,10,1,0|0|0|2,0|4|4|0,0,10,3.689488,0.000376,10,3.689111,0.000417
4,4,10,1,0|0|0|0,0|4|5|1,0,10,3.633429,0.000456,10,3.633543,0.000462
4,4,10,1,0|0|0|1,0|4|5|0,0,10,3.595698,0.000398,10,3.595635,0.000435
4,4,10,1,0|0|0|0,0|4|6|0,0,10,3.370051,0.000388,10,3.369993,0.000348
4,4,10,1,0|0|1|0,0|4|0|5,0,10,3.785136,0.000587,10,3.785377,0.001108
4,4,10,1,0|0|1|1,0|4|0|4,0,10,3.786972,0.000550,10,3.786741,0.001131
4,4,10,1,0|0|1|2,0|4|0|3,0,10,3.783173,0.000875,10,3.783140,0.000875
4,4,10,1,0|0|1|3,0|4|0|2,0,10,3.778103,0.000798,10,3.778388,0.000275
4,4,10,1,0|0|1|4,0|4|0|1,0,10,3.772108,0.000527,10,3.771932,0.000950
4,4,10,1,0|0|1|5,0|4|0|0,0,10,3.760537,0.000637,10,3.760744,0.000816
4,4,10,1,0|0|1|0,0|4|1|4,0,10,3.798236,0.000621,10,3.797885,0.000770
4,4,10,1,0|0|1|1,0|4|1|3,0,10,3.799332,0.000708,10,3.799502,0.000999
4,4,10,1,0|0|1|2,0|4|1|2,0,10,3.792818,0.000754,10,3.793241,0.000589
4,4,10,1,0|0|1|3,0|4|1|1,0,10,3.784571,0.000576,10,3.784933,0.000500
4,4,10,1,0|0|1|4,0|4|1|0,0,10,3.768856,0.000587,10,3.768803,0.000581
4,4,10,1,0|0|1|0,0|4|2|3,0,10,3.774235,0.000452,10,3.773804,0.000522
4,4,10,1,0|0|1|1,0|4|2|2,0,10,3.773280,0.000834,10,3.772915,0.000534
4,4,10,1,0|0|1|2,0|4|2|1,0,10,3.761762,0.000704,10,3.761732,0.000696
4,4,10,1,0|0|1|3,0|4|2|0,0,10,3.738146,0.000502,10,3.738275,0.000602
4,4,10,1,0|0|1|0,0|4|3|2,0,10,3.726259,0.000612,10,3.726164,0.000797
4,4,10,1,0|0|1|1,0|4|3|1,0,10,3.717857,0.000472,10,3.718083,0.000310
4,4,10,1,0|0|1|2,0|4|3|0,0,10,3.684617,0.000639,10,3.684385,0.000465
4,4,10,1,0|0|1|0,0|4|4|1,0,10,3.631245,0.000479,10,3.631154,0.000347
4,4,10,1,0|0|1|1,0|4|4|0,0,10,3.590163,0.000315,10,3.590263,0.000240
4,4,10,1,0|0|1|0,0|4|5|0,0,10,3.374740,0.000412,10,3.374691,0.000326
4,4,10,1,0|0|2|0,0|4|0|4,0,10,3.789512,0.000911,10,3.790129,0.000897
4,4,10,1,0|0|2|1,0|4|0|3,0,10,3.791517,0.000565,10,3.791446,0.000638
4,4,10,1,0|0|2|2,0|4|0|2,0,10,3.783711,0.000686,10,3.784133,0.000504
4,4,10,1,0|0|2|3,0|4|0|1,0,10,3.774057,0.001054,10,3.774173,0.000786
4,4,10,1,0|0|2|4,0|4|0|0,0,10,3.754900,0.000466,10,3.754901,0.000960
4,4,10,1,0|0|2|0,0|4|1|3,0,10,3.770465,0.000655,10,3.769965,0.000694
4,4,10,1,0|0|2|1,0|4|1|2,0,10,3.769495,0.000576,10,3.769588,0.000490
4,4,10,1,0|0|2|2,0|4|1|1,0,10,3.756123,0.000747,10,3.755907,0.000674
4,4,10,1,0|0|2|3,0|4|1|0,0,10,3.730957,0.000505,10,3.730801,0.000580
4,4,10,1,0|0|2|0,0|4|2|2,0,10,3.723065,0.000636,10,3.722722,0.000694
4,4,10,1,0|0|2|1,0|4|2|1,0,10,3.714867,0.000481,10,3.715020,0.000493
4,4,10,1,0|0|2|2,0|4|2|0,0,10,3.678405,0.000469,10,3.678177,0.000436
4,4,10,1,0|0|2|0,0|4|3|1,0,10,3.628844,0.000549,10,3.629168,0.000521
4,4,10,1,0|0|2|1,0|4|3|0,0,10,3.587100,0.000349,10,3.586731,0.000486
4,4,10,1,0|0|2|0,0|4|4|0,0,10,3.376694,0.000605,10,3.376765,0.000544
4,4,10,1,0|0|3|0,0|4|0|3,0,10,3.766015,0.000787,10,3.766380,0.000528
4,4,10,1,0|0|3|1,0|4|0|2,0,10,3.766682,0.000714,10,3.766523,0.000720
4,4,10,1,0|0|3|2,0|4|0|1,0,10,3.752418,0.000609,10,3.752361,0.000510
4,4,10,1,0|0|3|3,0|4|0|0,0,10,3.724147,0.000531,10,3.724410,0.000796
4,4,10,1,0|0|3|0,0|4|1|2,0,10,3.720615,0.000692,10,3.720618,0.000703
4,4,10,1,0|0|3|1,0|4|1|1,0,10,3.713538,0.000642,10,3.713520,0.000891
4,4,10,1,0|0|3|2,0|4|1|0,0,10,3.675436,0.000448,10,3.675540,0.000722
4,4,10,1,0|0|3|0,0|4|2|1,0,10,3.628237,0.000378,10,3.628459,0.000299
4,4,10,1,0|0|3|1,0|4|2|0,0,10,3.585706,0.000310,10,3.586035,0.000389
4,4,10,1,0|0|3|0,0|4|3|0,0,10,3.377107,0.000383,10,3.377444,0.000272
4,4,10,1,0|0|4|0,0|4|0|2,0,10,3.719372,0.000378,10,3.719553,0.000278
4,4,10,1,0|0|4|1,0|4|0|1,0,10,3.712883,0.000381,10,3.712833,0.000737
4,4,10,1,0|0|4|2,0|4|0|0,0,10,3.673330,0.000385,10,3.673303,0.000466
4,4,10,1,0|0|4|0,0|4|1|1,0,10,3.627867,0.000377,10,3.627813,0.000430
4,4,10,1,0|0|4|1,0|4|1|0,0,10,3.585500,0.000249,10,3.585285,0.000464
4,4,10,1,0|0|4|0,0|4|2|0,0,10,3.377738,0.000447,10,3.377692,0.000354
4,4,10,1,0|0|5|0,0|4|0|1,0,10,3.627248,0.000307,10,3.627499,0.000416
4,4,10,1,0|0|5|1,0|4|0|0,0,10,3.584907,0.000404,10,3.584993,0.000522
4,4,10,1,0|0|5|0,0|4|1|0,0,10,3.377521,0.000346,10,3.377766,0.000328
4,4,10,1,0|0|6|0,0|4|0|0,0,10,3.377572,0.000471,10,3.377557,0.000312
4,4,10,1,0|0|0|0,0|5|0|5,0,10,3.640375,0.000585,10,3.640579,0.000355
4,4,10,1,0|0|0|1,0|5|0|4,0,10,3.642744,0.000336,10,3.642622,0.000621
4,4,10,1,0|0|0|2,0|5|0|3,0,10,3.641014,0.000471,10,3.641151,0.000346
4,4,10,1,0|0|0|3,0|5|0|2,0,10,3.638336,0.000480,10,3.637877,0.000497
4,4,10,1,0|0|0|4,0|5|0|1,0,10,3.634256,0.000396,10,3.634212,0.000271
4,4,10,1,0|0|0|5,0|5|0|0,0,10,3.627229,0.000371,10,3.627252,0.000561
4,4,10,1,0|0|0|0,0|5|1|4,0,10,3.782019,0.000551,10,3.781215,0.000759
4,4,10,1,0|0|0|1,0|5|1|3,0,10,3.784102,0.000363,10,3.784338,0.001179
4,4,10,1,0|0|0|2,0|5|1|2,0,10,3.778608,0.000624,10,3.778892,0.000868
4,4,10,1,0|0|0|3,0|5|1|1,0,10,3.771062,0.000459,10,3.771135,0.000548
4,4,10,1,0|0|0|4,0|5|1|0,0,10,3.755812,0.000740,10,3.755812,0.000661
4,4,10,1,0|0|0|0,0|5|2|3,0,10,3.771141,0.000493,10,3.771126,0.001280
4,4,10,1,0|0|0|1,0|5|2|2,0,10,3.772705,0.000660,10,3.772721,0.000582
4,4,10,1,0|0|0|2,0|5|2|1,0,10,3.761082,0.000568,10,3.761284,0.000527
4,4,10,1,0|0|0|3,0|5|2|0,0,10,3.738119,0.000798,10,3.738279,0.000646
4,4,10,1,0|0|0|0,0|5|3|2,0,10,3.726234,0.000761,10,3.726330,0.000673
4,4,10,1,0|0|0|1,0|5|3|1,0,10,3.721826,0.000761,10,3.721706,0.000536
4,4,10,1,0|0|0|2,0|5|3|0,0,10,3.688218,0.000730,10,3.688123,0.000494
4,4,10,1,0|0|0|0,0|5|4|1,0,10,3.632744,0.000391,10,3.632510,0.000370
4,4,10,1,0|0|0|1,0|5|4|0,0,10,3.594697,0.000496,10,3.594890,0.000167
4,4,10,1,0|0|0|0,0|5|5|0,0,10,3.369819,0.000375,10,3.369499,0.000251
4,4,10,1,0|0|1|0,0|5|0|4,0,10,3.765310,0.000492,10,3.765207,0.000555
4,4,10,1,0|0|1|1,0|5|0|3,0,10,3.766307,0.000782,10,3.766241,0.000582
4,4,10,1,0|0|1|2,0|5|0|2,0,10,3.760011,0.000405,10,3.759858,0.000837
4,4,10,1,0|0|1|3,0|5|0|1,0,10,3.751175,0.000511,10,3.750833,0.000734
4,4,10,1,0|0|1|4,0|5|0|0,0,10,3.733779,0.000501,10,3.733812,0.000459
4,4,10,1,0|0|1|0,0|5|1|3,0,10,3.768250,0.000770,10,3.768075,0.000666
4,4,10,1,0|0|1|1,0|5|1|2,0,10,3.766773,0.000531,10,3.767008,0.000595
4,4,10,1,0|0|1|2,0|5|1|1,0,10,3.754787,0.000875,10,3.755250,0.000652
4,4,10,1,0|0|1|3,0|5|1|0,0,10,3.731627,0.000532,10,3.731438,0.000397
4,4,10,1,0|0|1|0,0|5|2|2,0,10,3.724320,0.000841,10,3.724180,0.000405
4,4,10,1,0|0|1|1,0|5|2|1,0,10,3.716571,0.000682,10,3.715884,0.000781
4,4,10,1,0|0|1|2,0|5|2|0,0,10,3.682611,0.000727,10,3.682377,0.000347
4,4,10,1,0|0|1|0,0|5|3|1,0,10,3.630636,0.000545,10,3.630429,0.000524
4,4,10,1,0|0|1|1,0|5|3|0,0,10,3.589658,0.000285,10,3.589318,0.000413
4,4,10,1,0|0|1|0,0|5|4|0,0,10,3.374644,0.000428,10,3.374457,0.000356
4,4,10,1,0|0|2|0,0|5|0|3,0,10,3.759089,0.000914,10,3.759283,0.000949
4,4,10,1,0|0|2|1,0|5|0|2,0,10,3.758472,0.000632,10,3.758335,0.000987
4,4,10,1,0|0|2|2,0|5|0|1,0,10,3.744468,0.000579,10,3.744431,0.000626
4,4,10,1,0|0|2|3,0|5|0|0,0,10,3.716838,0.000322,10,3.717462,0.000680
4,4,10,1,0|0|2|0,0|5|1|2,0,10,3.720225,0.000676,10,3.720462,0.000530
4,4,10,1,0|0|2|1,0|5|1|1,0,10,3.711849,0.000793,10,3.712231,0.000473
4,4,10,1,0|0|2|2,0|5|1|0,0,10,3.674983,0.000444,10,3.675377,0.000487
4,4,10,1,0|0|2|0,0|5|2|1,0,10,3.628285,0.000602,10,3.628267,0.000685
4,4,10,1,0|0|2|1,0|5|2|0,0,10,3.585951,0.000299,10,3.586003,0.000498
4,4,10,1,0|0|2|0,0|5|3|0,0,10,3.376247,0.000306,10,3.376256,0.000320
4,4,10,1,0|0|3|0,0|5|0|2,0,10,3.716570,0.000485,10,3.716491,0.000671
4,4,10,1,0|0|3|1,0|5|0|1,0,10,3.708828,0.000703,10,3.708698,0.000566
4,4,10,1,0|0|3|2,0|5|0|0,0,10,3.670130,0.000530,10,3.669737,0.000767
4,4,10,1,0|0|3|0,0|5|1|1,0,10,3.627269,0.000367,10,3.627124,0.000574
4,4,10,1,0|0|3|1,0|5|1|0,0,10,3.584434,0.000366,10,3.584569,0.000455
4,4,10,1,0|0|3|0,0|5|2|0,0,10,3.377107,0.000274,10,3.376874,0.000306
4,4,10,1,0|0|4|0,0|5|0|1,0,10,3.626080,0.000304,10,3.625840,0.000356
4,4,10,1,0|0|4|1,0|5|0|0,0,10,3.583147,0.000540,10,3.583211,0.000315
4,4,10,1,0|0|4|0,0|5|1|0,0,10,3.377245,0.000242,10,3.377181,0.000402
4,4,10,1,0|0|5|0,0|5|0|0,0,10,3.376842,0.000299,10,3.376864,0.000450
4,4,10,1,0|0|0|0,0|6|0|4,0,10,3.626765,0.000468,10,3.626456,0.000285
4,4,10,1,0|0|0|1,0|6|0|3,0,10,3.629036,0.000750,10,3.628904,0.000666
4,4,10,1,0|0|0|2,0|6|0|2,0,10,3.625441,0.000295,10,3.625242,0.000466
4,4,10,1,0|0|0|3,0|6|0|1,0,10,3.619237,0.000486,10,3.618952,0.000703
4,4,10,1,0|0|0|4,0|6|0|0,0,10,3.607865,0.000415,10,3.607958,0.000625
4,4,10,1,0|0|0|0,0|6|1|3,0,10,3.751588,0.000856,10,3.751159,0.000878
4,4,10,1,0|0|0|1,0|6|1|2,0,10,3.752232,0.000574,10,3.752008,0.000862
4,4,10,1,0|0|0|2,0|6|1|1,0,10,3.741360,0.000638,10,3.741166,0.000567
4,4,10,1,0|0|0|3,0|6|1|0,0,10,3.718809,0.000879,10,3.719045,0.000630
4,4,10,1,0|0|0|0,0|6|2|2,0,10,3.721100,0.000763,10,3.721245,0.000659
4,4,10,1,0|0|0|1,0|6|2|1,0,10,3.715894,0.000279,10,3.716124,0.000624
4,4,10,1,0|0|0|2,0|6|2|0,0,10,3.682585,0.000506,10,3.682271,0.000573
4,4,10,1,0|0|0|0,0|6|3|1,0,10,3.631036,0.000457,10,3.630738,0.000423
4,4,10,1,0|0|0|1,0|6|3|0,0,10,3.592812,0.000302,10,3.593017,0.000303
4,4,10,1,0|0|0|0,0|6|4|0,0,10,3.368713,0.000368,10,3.368806,0.000596
4,4,10,1,0|0|1|0,0|6|0|3,0,10,3.733980,0.000876,10,3.733953,0.000594
4,4,10,1,0|0|1|1,0|6|0|2,0,10,3.732326,0.000765,10,3.732597,0.000556
4,4,10,1,0|0|1|2,0|6|0|1,0,10,3.719605,0.000686,10,3.719741,0.000512
4,4,10,1,0|0|1|3,0|6|0|0,0,10,3.694491,0.000726,10,3.694563,0.000695
4,4,10,1,0|0|1|0,0|6|1|2,0,10,3.716980,0.000446,10,3.717046,0.000634
4,4,10,1,0|0|1|1,0|6|1|1,0,10,3.708537,0.000575,10,3.708680,0.000669
4,4,10,1,0|0|1|2,0|6|1|0,0,10,3.674731,0.000489,10,3.674777,0.000479
4,4,10,1,0|0|1|0,0|6|2|1,0,10,3.628004,0.000407,10,3.628180,0.000437
4,4,10,1,0|0|1|1,0|6|2|0,0,10,3.587152,0.000413,10,3.586941,0.000379
4,4,10,1,0|0|1|0,0|6|3|0,0,10,3.373670,0.000268,10,3.373893,0.000444
4,4,10,1,0|0|2|0,0|6|0|2,0,10,3.707818,0.000546,10,3.707795,0.000533
4,4,10,1,0|0|2|1,0|6|0|1,0,10,3.699181,0.000365,10,3.698919,0.000518
4,4,10,1,0|0|2|2,0|6|0|0,0,10,3.660283,0.000521,10,3.660592,0.000408
4,4,10,1,0|0|2|0,0|6|1|1,0,10,3.624933,0.000629,10,3.624942,0.000459
4,4,10,1,0|0|2|1,0|6|1|0,0,10,3.582067,0.000583,10,3.581951,0.000392
4,4,10,1,0|0|2|0,0|6|2|0,0,10,3.375086,0.000322,10,3.375383,0.000445
4,4,10,1,0|0|3|0,0|6|0|1,0,10,3.622103,0.000585,10,3.622156,0.000503
4,4,10,1,0|0|3|1,0|6|0|0,0,10,3.578405,0.000478,10,3.578461,0.000496
4,4,10,1,0|0|3|0,0|6|1|0,0,10,3.375302,0.000395,10,3.375199,0.000557
4,4,10,1,0|0|4|0,0|6|0|0,0,10,3.374507,0.000327,10,3.374078,0.000408
4,4,10,1,0|0|0|0,0|7|0|3,0,10,3.601970,0.000357,10,3.602090,0.000378
4,4,10,1,0|0|0|1,0|7|0|2,0,10,3.603550,0.000424,10,3.603201,0.000767
4,4,10,1,0|0|0|2,0|7|0|1,0,10,3.594598,0.000423,10,3.594573,0.000566
4,4,10,1,0|0|0|3,0|7|0|0,0,10,3.575902,0.000514,10,3.575728,0.000393
4,4,10,1,0|0|0|0,0|7|1|2,0,10,3.699016,0.000553,10,3.699271,0.000868
4,4,10,1,0|0|0|1,0|7|1|1,0,10,3.693217,0.000811,10,3.693158,0.000786
4,4,10,1,0|0|0|2,0|7|1|0,0,10,3.660326,0.000487,10,3.660434,0.000289
4,4,10,1,0|0|0|0,0|7|2|1,0,10,3.623415,0.000416,10,3.623891,0.000762
4,4,10,1,0|0|0|1,0|7|2|0,0,10,3.585217,0.000611,10,3.585625,0.000521
4,4,10,1,0|0|0|0,0|7|3|0,0,10,3.365897,0.000363,10,3.365995,0.000343
4,4,10,1,0|0|1|0,0|7|0|2,0,10,3.680751,0.000570,10,3.681305,0.000524
4,4,10,1,0|0|1|1,0|7|0|1,0,10,3.670831,0.000578,10,3.670763,0.000445
4,4,10,1,0|0|1|2,0|7|0|0,0,10,3.634479,0.000440,10,3.634776,0.000479
4,4,10,1,0|0|1|0,0|7|1|1,0,10,3.618958,0.000615,10,3.619090,0.000536
4,4,10,1,0|0|1|1,0|7|1|0,0,10,3.576864,0.000409,10,3.577029,0.000372
4,4,10,1,0|0|1|0,0|7|2|0,0,10,3.370373,0.000286,10,3.370327,0.000218
4,4,10,1,0|0|2|0,0|7|0|1,0,10,3.610235,0.000452,10,3.610478,0.000599
4,4,10,1,0|0|2|1,0|7|0|0,0,10,3.565787,0.000517,10,3.565470,0.000546
4,4,10,1,0|0|2|0,0|7|1|0,0,10,3.370581,0.000488,10,3.370342,0.000482
4,4,10,1,0|0|3|0,0|7|0|0,0,10,3.368213,0.000398,10,3.368088,0.000397
4,4,10,1,0|0|0|0,0|8|0|2,0,10,3.554451,0.000589,10,3.554666,0.000458
4,4,10,1,0|0|0|1,0|8|0|1,0,10,3.550025,0.000483,10,3.550038,0.000431
4,4,10,1,0|0|0|2,0|8|0|0,0,10,3.519936,0.000340,10,3.519763,0.000486
4,4,10,1,0|0|0|0,0|8|1|1,0,10,3.596294,0.000265,10,3.596200,0.000557
4,4,10,1,0|0|0|1,0|8|1|0,0,10,3.557016,0.000517,10,3.556809,0.000553
4,4,10,1,0|0|0|0,0|8|2|0,0,10,3.355461,0.000407,10,3.355485,0.000457
4,4,10,1,0|0|1|0,0|8|0|1,0,10,3.576752,0.000598,10,3.576926,0.000528
4,4,10,1,0|0|1|1,0|8|0|0,0,10,3.530396,0.000419,10,3.530605,0.000557
4,4,10,1,0|0|1|0,0|8|1|0,0,10,3.357409,0.000368,10,3.357476,0.000362
4,4,10,1,0|0|2|0,0|8|0|0,0,10,3.350491,0.000387,10,3.350586,0.000358
4,4,10,1,0|0|0|0,0|9|0|1,0,10,3.448749,0.000653,10,3.449044,0.000503
4,4,10,1,0|0|0|1,0|9|0|0,0,10,3.408319,0.000446,10,3.408143,0.000557
4,4,10,1,0|0|0|0,0|9|1|0,0,10,3.315710,0.000415,10,3.315362,0.000499
4,4,10,1,0|0|1|0,0|9|0|0,0,10,3.299486,0.000257,10,3.299507,0.000385
4,4,10,1,0|0|0|0,0|10|0|0,0,10,3.109735,0.000451,10,3.109759,0.000500
4,4,10,1,0|1|0|0,0|0|0|9,0,10,3.662302,0.000448,10,3.662173,0.000372
4,4,10,1,0|1|0|1,0|0|0|8,0,10,3.662523,0.000283,10,3.662787,0.000353
4,4,10,1,0|1|0|2,0|0|0|7,0,10,3.662310,0.000328,10,3.662232,0.000547
4,4,10,1,0|1|0|3,0|0|0|6,0,10,3.662066,0.000578,10,3.662203,0.000421
4,4,10,1,0|1|0|4,0|0|0|5,0,10,3.661590,0.000377,10,3.661670,0.000394
4,4,10,1,0|1|0|5,0|0|0|4,0,10,3.660935,0.000257,10,3.661052,0.000434
4,4,10,1,0|1|0|6,0|0|0|3,0,10,3.660344,0.000580,10,3.660447,0.000532
4,4,10,1,0|1|0|7,0|0|0|2,0,10,3.659719,0.000454,10,3.660020,0.000417
4,4,10,1,0|1|0|8,0|0|0|1,0,10,3.658892,0.000290,10,3.659116,0.000389
4,4,10,1,0|1|0|9,0|0|0|0,0,10,3.658260,0.000449,10,3.658524,0.000370
4,4,10,1,0|1|0|0,0|0|1|8,0,10,3.826607,0.001239,10,3.826568,0.001171
4,4,10,1,0|1|0|1,0|0|1|7,0,10,3.827793,0.000832,10,3.827958,0.001153
4,4,10,1,0|1|0|2,0|0|1|6,0,10,3.826454,0.000921,10,3.826544,0.000783
4,4,10,1,0|1|0|3,0|0|1|5,0,10,3.825166,0.000826,10,3.825657,0.000770
4,4,10,1,0|1|0|4,0|0|1|4,0,10,3.824449,0.000754,10,3.823978,0.001063
4,4,10,1,0|1|0|5,0|0|1|3,0,10,3.823119,0.000883,10,3.823378,0.000765
4,4,10,1,0|1|0|6,0|0|1|2,0,10,3.821801,0.000864,10,3.821352,0.000678
4,4,10,1,0|1|0|7,0|0|1|1,0,10,3.819672,0.000608,10,3.818990,0.000829
4,4,10,1,0|1|0|8,0|0|1|0,0,10,3.816686,0.001037,10,3.817043,0.000615
4,4,10,1,0|1|0|0,0|0|2|7,0,10,3.837358,0.001096,10,3.837187,0.001128
4,4,10,1,0|1|0|1,0|0|2|6,0,10,3.838953,0.000626,10,3.838770,0.000612
4,4,10,1,0|1|0|2,0|0|2|5,0,10,3.837481,0.000429,10,3.837188,0.000758
4,4,10,1,0|1|0|3,0|0|2|4,0,10,3.835723,0.000612,10,3.835855,0.000840
4,4,10,1,0|1|0|4,0|0|2|3,0,10,3.833634,0.001119,10,3.833881,0.000844
4,4,10,1,0|1|0|5,0|0|2|2,0,10,3.831170,0.000943,10,3.831739,0.000374
4,4,10,1,0|1|0|6,0|0|2|1,0,10,3.828311,0.000690,10,3.828642,0.000822
4,4,10,1,0|1|0|7,0|0|2|0,0,10,3.824576,0.000926,10,3.824258,0.000616
4,4,10,1,0|1|0|0,0|0|3|6,0,10,3.831333,0.000764,10,3.831318,0.000930
4,4,10,1,0|1|0|1,0|0|3|5,0,10,3.833493,0.000618,10,3.833665,0.000945
4,4,10,1,0|1|0|2,0|0|3|4,0,10,3.830781,0.001039,10,3.831037,0.000796
4,4,10,1,0|1|0|3,0|0|3|3,0,10,3.828415,0.000890,10,3.828230,0.000784
4,4,10,1,0|1|0|4,0|0|3|2,0,10,3.824840,0.000807,10,3.824124,0.001223
4,4,10,1,0|1|0|5,0|0|3|1,0,10,3.821158,0.000916,10,3.820719,0.000698
4,4,10,1,0|1|0|6,0|0|3|0,0,10,3.813569,0.000923,10,3.813584,0.000903
4,4,10,1,0|1|0|0,0|0|4|5,0,10,3.818697,0.000466,10,3.818255,0.001297
4,4,10,1,0|1|0|1,0|0|4|4,0,10,3.822046,0.000890,10,3.821263,0.000706
4,4,10,1,0|1|0|2,0|0|4|3,0,10,3.818117,0.000814,10,3.818022,0.000729
4,4,10,1,0|1|0|3,0|0|4|2,0,10,3.813386,0.000673,10,3.813429,0.000922
4,4,10,1,0|1|0|4,0|0|4|1,0,10,3.806738,0.000681,10,3.806857,0.000591
4,4,10,1,0|1|0|5,0|0|4|0,0,10,3.796094,0.000552,10,3.795933,0.000891
4,4,10,1,0|1|0|0,0|0|5|4,0,10,3.799877,0.000713,10,3.799782,0.000641
4,4,10,1,0|1|0|1,0|0|5|3,0,10,3.802390,0.000651,10,3.801924,0.000623
4,4,10,1,0|1|0|2,0|0|5|2,0,10,3.796212,0.000816,10,3.796619,0.000798
4,4,10,1,0|1|0|3,0|0|5|1,0,10,3.787983,0.000592,10,3.787377,0.000780
4,4,10,1,0|1|0|4,0|0|5|0,0,10,3.771209,0.000658,10,3.770712,0.000619
4,4,10,1,0|1|0|0,0|0|6|3,0,10,3.770754,0.000715,10,3.770503,0.000579
4,4,10,1,0|1|0|1,0|0|6|2,0,10,3.771733,0.000601,10,3.771720,0.000824
4,4,10,1,0|1|0|2,0|0|6|1,0,10,3.759406,0.000395,10,3.759521,0.000821
4,4,10,1,0|1|0|3,0|0|6|0,0,10,3.735235,0.000635,10,3.735060,0.000782
4,4,10,1,0|1|0|0,0|0|7|2,0,10,3.721342,0.000374,10,3.721398,0.000504
4,4,10,1,0|1|0|1,0|0|7|1,0,10,3.715038,0.000438,10,3.715191,0.000506
4,4,10,1,0|1|0|2,0|0|7|0,0,10,3.680237,0.000422,10,3.679985,0.000605
4,4,10,1,0|1|0|0,0|0|8|1,0,10,3.625542,0.000361,10,3.625798,0.000511
4,4,10,1,0|1|0|1,0|0|8|0,0,10,3.585891,0.000591,10,3.585607,0.000588
4,4,10,1,0|1|0|0,0|0|9|0,0,10,3.364362,0.000268,10,3.364445,0.000371
4,4,10,1,0|1|1|0,0|0|0|8,0,10,3.808648,0.000744,10,3.808962,0.000915
4,4,10,1,0|1|1|1,0|0|0|7,0,10,3.809943,0.000618,10,3.810049,0.000766
4,4,10,1,0|1|1|2,0|0|0|6,0,10,3.808539,0.000818,10,3.808538,0.000857
4,4,10,1,0|1|1|3,0|0|0|5,0,10,3.807281,0.000656,10,3.806968,0.000739
4,4,10,1,0|1|1|4,0|0|0|4,0,10,3.805470,0.001183,10,3.805825,0.000875
4,4,10,1,0|1|1|5,0|0|0|3,0,10,3.803969,0.000882,10,3.804050,0.000656
4,4,10,1,0|1|1|6,0|0|0|2,0,10,3.801783,0.000819,10,3.802089,0.000894
4,4,10,1,0|1|1|7,0|0|0|1,0,10,3.799781,0.000815,10,3.799848,0.000920
4,4,10,1,0|1|1|8,0|0|0|0,0,10,3.796460,0.000864,10,3.796571,0.000553
4,4,10,1,0|1|1|0,0|0|1|7,0,10,3.834400,0.001031,10,3.834699,0.000954
4,4,10,1,0|1|1|1,0|0|1|6,0,10,3.835370,0.000528,10,3.836237,0.000955
4,4,10,1,0|1|1|2,0|0|1|5,0,10,3.833528,0.000559,10,3.833850,0.000797
4,4,10,1,0|1|1|3,0|0|1|4,0,10,3.832276,0.001061,10,3.832314,0.000849
4,4,10,1,0|1|1|4,0|0|1|3,0,10,3.830157,0.000958,10,3.829950,0.000537
4,4,10,1,0|1|1|5,0|0|1|2,0,10,3.827129,0.000917,10,3.827269,0.001106
4,4,10,1,0|1|1|6,0|0|1|1,0,10,3.824573,0.000999,10,3.824703,0.000632
4,4,10,1,0|1|1|7,0|0|1|0,0,10,3.819234,0.000758,10,3.819697,0.000734
4,4,10,1,0|1|1|0,0|0|2|6,0,10,3.829671,0.000630,10,3.829735,0.000986
4,4,10,1,0|1|1|1,0|0|2|5,0,10,3.831158,0.000789,10,3.831234,0.000730
4,4,10,1,0|1|1|2,0|0|2|4,0,10,3.829369,0.001177,10,3.828709,0.000989
4,4,10,1,0|1|1|3,0|0|2|3,0,10,3.826325,0.000725,10,3.826306,0.000744
4,4,10,1,0|1|1|4,0|0|2|2,0,10,3.822351,0.000914,10,3.822536,0.000734
4,4,10,1,0|1|1|5,0|0|2|1,0,10,3.818044,0.000797,10,3.818420,0.000733
4,4,10,1,0|1|1|6,0|0|2|0,0,10,3.810982,0.000569,10,3.810490,0.000897
4,4,10,1,0|1|1|0,0|0|3|5,0,10,3.817757,0.000574,10,3.817963,0.001107
4,4,10,1,0|1|1|1,0|0|3|4,0,10,3.819164,0.000514,10,3.819197,0.001278
4,4,10,1,0|1|1|2,0|0|3|3,0,10,3.815392,0.000710,10,3.815513,0.000909
4,4,10,1,0|1|1|3,0|0|3|2,0,10,3.810000,0.000777,10,3.810207,0.000749
4,4,10,1,0|1|1|4,0|0|3|1,0,10,3.804106,0.000631,10,3.803821,0.000536
4,4,10,1,0|1|1|5,0|0|3|0,0,10,3.792430,0.000867,10,3.792614,0.000561
4,4,10,1,0|1|1|0,0|0|4|4,0,10,3.798942,0.000725,10,3.798454,0.000814
4,4,10,1,0|1|1|1,0|0|4|3,0,10,3.799758,0.000454,10,3.799265,0.000751
4,4,10,1,0|1|1|2,0|0|4|2,0,10,3.792959,0.000515,10,3.793280,0.000559
4,4,10,1,0|1|1|3,0|0|4|1,0,10,3.783707,0.000770,10,3.784132,0.000699
4,4,10,1,0|1|1|4,0|0|4|0,0,10,3.766542,0.000404,10,3.766487,0.000446
4,4,10,1,0|1|1|0,0|0|5|3,0,10,3.768872,0.000730,10,3.768614,0.000649
4,4,10,1,0|1|1|1,0|0|5|2,0,10,3.767136,0.000545,10,3.767504,0.000668
4,4,10,1,0|1|1|2,0|0|5|1,0,10,3.754891,0.000614,10,3.754434,0.000613
4,4,10,1,0|1|1|3,0|0|5|0,0,10,3.729874,0.000714,10,3.729356,0.000979
4,4,10,1,0|1|1|0,0|0|6|2,0,10,3.719112,0.000446,10,3.718592,0.000564
4,4,10,1,0|1|1|1,0|0|6|1,0,10,3.709276,0.000473,10,3.709471,0.000289
4,4,10,1,0|1|1|2,0|0|6|0,0,10,3.673816,0.000303,10,3.673987,0.000817
4,4,10,1,0|1|1|0,0|0|7|1,0,10,3.623113,0.000388,10,3.622936,0.000508
4,4,10,1,0|1|1|1,0|0|7|0,0,10,3.579442,0.000466,10,3.579599,0.000533
4,4,10,1,0|1|1|0,0|0|8|0,0,10,3.369709,0.000346,10,3.369612,0.000366
4,4,10,1,0|1|2|0,0|0|0|7,0,10,3.827299,0.000753,10,3.827895,0.000698
4,4,10,1,0|1|2|1,0|0|0|6,0,10,3.828575,0.000795,10,3.829032,0.000790
4,4,10,1,0|1|2|2,0|0|0|5,0,10,3.826178,0.000980,10,3.826710,0.000700
4,4,10,1,0|1|2|3,0|0|0|4,0,10,3.823927,0.000973,10,3.823307,0.001174
4,4,10,1,0|1|2|4,0|0|0|3,0,10,3.821338,0.000320,10,3.821313,0.000745
4,4,10,1,0|1|2|5,0|0|0|2,0,10,3.818007,0.001173,10,3.818269,0.000666
4,4,10,1,0|1|2|6,0|0|0|1,0,10,3.814430,0.001135,10,3.814659,0.001070
4,4,10,1,0|1|2|7,0|0|0|0,0,10,3.808415,0.000899,10,3.808600,0.000819
4,4,10,1,0|1|2|0,0|0|1|6,0,10,3.827120,0.000688,10,3.826977,0.001023
4,4,10,1,0|1|2|1,0|0|1|5,0,10,3.828598,0.000517,10,3.828918,0.000920
4,4,10,1,0|1|2|2,0|0|1|4,0,10,3.825581,0.000734,10,3.825250,0.000797
4,4,10,1,0|1|2|3,0|0|1|3,0,10,3.822700,0.000522,10,3.822096,0.000489
4,4,10,1,0|1|2|4,0|0|1|2,0,10,3.817962,0.000644,10,3.818284,0.000583
4,4,10,1,0|1|2|5,0|0|1|1,0,10,3.812711,0.000857,10,3.812972,0.000675
4,4,10,1,0|1|2|6,0|0|1|0,0,10,3.804184,0.000928,10,3.804222,0.000780
4,4,10,1,0|1|2|0,0|0|2|5,0,10,3.815139,0.000895,10,3.815314,0.000886
4,4,10,1,0|1|2|1,0|0|2|4,0,10,3.817086,0.000742,10,3.817076,0.000459
4,4,10,1,0|1|2|2,0|0|2|3,0,10,3.812595,0.000871,10,3.812823,0.000456
4,4,10,1,0|1|2|3,0|0|2|2,0,10,3.806686,0.000706,10,3.806695,0.000969
4,4,10,1,0|1|2|4,0|0|2|1,0,10,3.799031,0.000418,10,3.799663,0.000564
4,4,10,1,0|1|2|5,0|0|2|0,0,10,3.786083,0.000717,10,3.785824,0.000762
4,4,10,1,0|1|2|0,0|0|3|4,0,10,3.796156,0.000678,10,3.796185,0.000693
4,4,10,1,0|1|2|1,0|0|3|3,0,10,3.796525,0.000674,10,3.796983,0.000895
4,4,10,1,0|1|2|2,0|0|3|2,0,10,3.789272,0.000752,10,3.789503,0.000633
4,4,10,1,0|1|2|3,0|0|3|1,0,10,3.778929,0.001015,10,3.778735,0.000801
4,4,10,1,0|1|2|4,0|0|3|0,0,10,3.759890,0.000450,10,3.759948,0.000624
4,4,10,1,0|1|2|0,0|0|4|3,0,10,3.765770,0.000654,10,3.765835,0.000858
4,4,10,1,0|1|2|1,0|0|4|2,0,10,3.764494,0.000714,10,3.764204,0.000666
4,4,10,1,0|1|2|2,0|0|4|1,0,10,3.750138,0.000791,10,3.750288,0.000824
4,4,10,1,0|1|2|3,0|0|4|0,0,10,3.722887,0.000632,10,3.722860,0.000512
4,4,10,1,0|1|2|0,0|0|5|2,0,10,3.715655,0.000506,10,3.715879,0.000391
4,4,10,1,0|1|2|1,0|0|5|1,0,10,3.706237,0.000735,10,3.706238,0.000650
4,4,10,1,0|1|2|2,0|0|5|0,0,10,3.667881,0.000604,10,3.667878,0.000540
4,4,10,1,0|1|2|0,0|0|6|1,0,10,3.621250,0.000472,10,3.621277,0.000496
4,4,10,1,0|1|2|1,0|0|6|0,0,10,3.576304,0.000327,10,3.576363,0.000477
4,4,10,1,0|1|2|0,0|0|7|0,0,10,3.371744,0.000441,10,3.372041,0.000352
4,4,10,1,0|1|3|0,0|0|0|6,0,10,3.823589,0.000696,10,3.824190,0.000833
4,4,10,1,0|1|3|1,0|0|0|5,0,10,3.825812,0.001069,10,3.826282,0.001142
4,4,10,1,0|1|3|2,0|0|0|4,0,10,3.822355,0.000688,10,3.822548,0.000894
4,4,10,1,0|1|3|3,0|0|0|3,0,10,3.818307,0.000861,10,3.818550,0.000748
4,4,10,1,0|1|3|4,0|0|0|2,0,10,3.814183,0.000913,10,3.814096,0.000775
4,4,10,1,0|1|3|5,0|0|0|1,0,10,3.807806,0.000698,10,3.808058,0.000972
4,4,10,1,0|1|3|6,0|0|0|0,0,10,3.797971,0.001113,10,3.797954,0.000788
4,4,10,1,0|1|3|0,0|0|1|5,0,10,3.813523,0.000713,10,3.813148,0.001008
4,4,10,1,0|1|3|1,0|0|1|4,0,10,3.815512,0.000811,10,3.815689,0.000764
4,4,10,1,0|1|3|2,0|0|1|3,0,10,3.810193,0.000960,10,3.810677,0.000470
4,4,10,1,0|1|3|3,0|0|1|2,0,10,3.804167,0.000912,10,3.804266,0.000914
4,4,10,1,0|1|3|4,0|0|1|1,0,10,3.796525,0.000902,10,3.796378,0.000813
4,4,10,1,0|1|3|5,0|0|1|0,0,10,3.782174,0.001126,10,3.782331,0.000603
4,4,10,1,0|1|3|0,0|0|2|4,0,10,3.793739,0.000786,10,3.794027,0.000760
4,4,10,1,0|1|3|1,0|0|2|3,0,10,3.795943,0.000746,10,3.795831,0.000994
4,4,10,1,0|1|3|2,0|0|2|2,0,10,3.787839,0.000706,10,3.787320,0.000760
4,4,10,1,0|1|3|3,0|0|2|1,0,10,3.776488,0.000530,10,3.776264,0.000597
4,4,10,1,0|1|3|4,0|0|2|0,0,10,3.755974,0.000663,10,3.755727,0.000550
4,4,10,1,0|1|3|0,0|0|3|3,0,10,3.763706,0.000755,10,3.763516,0.000507
4,4,10,1,0|1|3|1,0|0|3|2,0,10,3.763321,0.000599,10,3.763359,0.000400
4,4,10,1,0|1|3|2,0|0|3|1,0,10,3.748080,0.000778,10,3.748544,0.000437
4,4,10,1,0|1|3|3,0|0|3|0,0,10,3.719151,0.000500,10,3.719602,0.000728
4,4,10,1,0|1|3|0,0|0|4|2,0,10,3.714135,0.000534,10,3.714072,0.000474
4,4,10,1,0|1|3|1,0|0|4|1,0,10,3.705208,0.000766,10,3.705224,0.000575
4,4,10,1,0|1|3|2,0|0|4|0,0,10,3.664650,0.000255,10,3.665221,0.000471
4,4,10,1,0|1|3|0,0|0|5|1,0,10,3.620419,0.000477,10,3.620509,0.000355
4,4,10,1,0|1|3|1,0|0|5|0,0,10,3.575122,0.000415,10,3.575234,0.000373
4,4,10,1,0|1|3|0,0|0|6|0,0,10,3.372718,0.000324,10,3.372944,0.000323
4,4,10,1,0|1|4|0,0|0|0|5,0,10,3.811632,0.000751,10,3.811674,0.000866
4,4,10,1,0|1|4|1,0|0|0|4,0,10,3.814863,0.000899,10,3.814205,0.000604
4,4,10,1,0|1|4|2,0|0|0|3,0,10,3.809381,0.000706,10,3.808916,0.000536
4,4,10,1,0|1|4|3,0|0|0|2,0,10,3.802877,0.000950,10,3.802718,0.001077
4,4,10,1,0|1|4|4,0|0|0|1,0,10,3.794606,0.000790,10,3.794405,0.000963
4,4,10,1,0|1|4|5,0|0|0|0,0,10,3.778796,0.000697,10,3.778629,0.000807
4,4,10,1,0|1|4|0,0|0|1|4,0,10,3.792676,0.000689,10,3.793054,0.001034
4,4,10,1,0|1|4|1,0|0|1|3,0,10,3.795060,0.000697,10,3.795332,0.000819
4,4,10,1,0|1|4|2,0|0|1|2,0,10,3.787653,0.000521,10,3.787089,0.000770
4,4,10,1,0|1|4|3,0|0|1|1,0,10,3.775732,0.000640,10,3.775447,0.000553
4,4,10,1,0|1|4|4,0|0|1|0,0,10,3.754057,0.000741,10,3.753672,0.000667
4,4,10,1,0|1|4|0,0|0|2|3,0,10,3.763034,0.000959,10,3.762906,0.000819
4,4,10,1,0|1|4|1,0|0|2|2,0,10,3.763071,0.000494,10,3.762903,0.000834
4,4,10,1,0|1|4|2,0|0|2|1,0,10,3.747393,0.000610,10,3.747926,0.000561
4,4,10,1,0|1|4|3,0|0|2|0,0,10,3.717463,0.000737,10,3.717793,0.000560
4,4,10,1,0|1|4|0,0|0|3|2,0,10,3.713423,0.000758,10,3.713123,0.000538
4,4,10,1,0|1|4|1,0|0|3|1,0,10,3.704978,0.000615,10,3.704911,0.000826
4,4,10,1,0|1|4|2,0|0|3|0,0,10,3.663581,0.000637,10,3.664051,0.000446
4,4,10,1,0|1|4|0,0|0|4|1,0,10,3.620235,0.000511,10,3.620017,0.000543
4,4,10,1,0|1|4|1,0|0|4|0,0,10,3.575079,0.000323,10,3.574652,0.000649
4,4,10,1,0|1|4|0,0|0|5|0,0,10,3.373387,0.000377,10,3.373103,0.000366
4,4,10,1,0|1|5|0,0|0|0|4,0,10,3.791834,0.001102,10,3.792034,0.000478
4,4,10,1,0|1|5|1,0|0|0|3,0,10,3.794886,0.000559,10,3.794600,0.000705
4,4,10,1,0|1|5|2,0|0|0|2,0,10,3.786377,0.000470,10,3.786284,0.000798
4,4,10,1,0|1|5|3,0|0|0|1,0,10,3.774560,0.001068,10,3.774868,0.000964
4,4,10,1,0|1|5|4,0|0|0|0,0,10,3.752062,0.000885,10,3.752707,0.000668
4,4,10,1,0|1|5|0,0|0|1|3,0,10,3.762566,0.000615,10,3.762189,0.000567
4,4,10,1,0|1|5|1,0|0|1|2,0,10,3.762650,0.000462,10,3.762616,0.000438
4,4,10,1,0|1|5|2,0|0|1|1,0,10,3.747408,0.000800,10,3.747330,0.000492
4,4,10,1,0|1|5|3,0|0|1|0,0,10,3.717273,0.000761,10,3.716915,0.000574
4,4,10,1,0|1|5|0,0|0|2|2,0,10,3.713036,0.000456,10,3.712981,0.000478
4,4,10,1,0|1|5|1,0|0|2|1,0,10,3.705106,0.000707,10,3.705038,0.000424
4,4,10,1,0|1|5|2,0|0|2|0,0,10,3.663802,0.000379,10,3.663447,0.000289
4,4,10,1,0|1|5|0,0|0|3|1,0,10,3.620254,0.000410,10,3.620173,0.000428
4,4,10,1,0|1|5|1,0|0|3|0,0,10,3.574822,0.000371,10,3.574808,0.000529
4,4,10,1,0|1|5|0,0|0|4|0,0,10,3.373257,0.000559,10,3.373389,0.000411
4,4,10,1,0|1|6|0,0|0|0|3,0,10,3.762208,0.000760,10,3.761959,0.000776
4,4,10,1,0|1|6|1,0|0|0|2,0,10,3.762774,0.000592,10,3.762743,0.000731
4,4,10,1,0|1|6|2,0|0|0|1,0,10,3.747308,0.000611,10,3.747153,0.000555
4,4,10,1,0|1|6|3,0|0|0|0,0,10,3.716189,0.000652,10,3.716751,0.000539
4,4,10,1,0|1|6|0,0|0|1|2,0,10,3.712508,0.000272,10,3.712851,0.000708
4,4,10,1,0|1|6|1,0|0|1|1,0,10,3.705345,0.000594,10,3.704869,0.000474
4,4,10,1,0|1|6|2,0|0|1|0,0,10,3.663407,0.000578,10,3.663611,0.000478
4,4,10,1,0|1|6|0,0|0|2|1,0,10,3.620021,0.000566,10,3.620037,0.000290
4,4,10,1,0|1|6|1,0|0|2|0,0,10,3.574835,0.000294,10,3.575093,0.000484
4,4,10,1,0|1|6|0,0|0|3|0,0,10,3.373455,0.000382,10,3.373384,0.000492
4,4,10,1,0|1|7|0,0|0|0|2,0,10,3.712627,0.000560,10,3.712839,0.000404
4,4,10,1,0|1|7|1,0|0|0|1,0,10,3.705103,0.000730,10,3.704957,0.000530
4,4,10,1,0|1|7|2,0|0|0|0,0,10,3.663390,0.000698,10,3.663382,0.000581
4,4,10,1,0|1|7|0,0|0|1|1,0,10,3.619964,0.000555,10,3.619683,0.000480
4,4,10,1,0|1|7|1,0|0|1|0,0,10,3.574653,0.000209,10,3.574489,0.000576
4,4,10,1,0|1|7|0,0|0|2|0,0,10,3.373573,0.000425,10,3.373566,0.000360
4,4,10,1,0|1|8|0,0|0|0|1,0,10,3.620060,0.000317,10,3.619981,0.000397
4,4,10,1,0|1|8|1,0|0|0|0,0,10,3.574696,0.000540,10,3.574560,0.000483
4,4,10,1,0|1|8|0,0|0|1|0,0,10,3.373456,0.000364,10,3.373298,0.000342
4,4,10,1,0|1|9|0,0|0|0|0,0,10,3.373475,0.000366,10,3.373462,0.000362
4,4,10,1,0|1|0|0,0|1|0|8,0,10,3.667888,0.000342,10,3.667947,0.000404
4,4,10,1,0|1|0|1,0|1|0|7,0,10,3.668754,0.000418,10,3.668549,0.000357
4,4,10,1,0|1|0|2,0|1|0|6,0,10,3.668145,0.000330,10,3.668085,0.000316
4,4,10,1,0|1|0|3,0|1|0|5,0,10,3.667427,0.000399,10,3.667271,0.000330
4,4,10,1,0|1|0|4,0|1|0|4,0,10,3.666808,0.000417,10,3.666511,0.000227
4,4,10,1,0|1|0|5,0|1|0|3,0,10,3.665705,0.000597,10,3.665768,0.000483
4,4,10,1,0|1|0|6,0|1|0|2,0,10,3.664858,0.000404,10,3.664886,0.000384
4,4,10,1,0|1|0|7,0|1|0|1,0,10,3.663530,0.000574,10,3.663344,0.000464
4,4,10,1,0|1|0|8,0|1|0|0,0,10,3.662022,0.000474,10,3.662093,0.000537
4,4,10,1,0|1|0|0,0|1|1|7,0,10,3.822955,0.000742,10,3.822458,0.000864
4,4,10,1,0|1|0|1,0|1|1|6,0,10,3.824153,0.000851,10,3.824347,0.000792
4,4,10,1,0|1|0|2,0|1|1|5,0,10,3.823080,0.001064,10,3.822764,0.001040
4,4,10,1,0|1|0|3,0|1|1|4,0,10,3.820920,0.001009,10,3.821468,0.000987
4,4,10,1,0|1|0|4,0|1|1|3,0,10,3.818805,0.000859,10,3.819448,0.000801
4,4,10,1,0|1|0|5,0|1|1|2,0,10,3.816745,0.000725,10,3.817189,0.000833
4,4,10,1,0|1|0|6,0|1|1|1,0,10,3.814514,0.000670,10,3.814292,0.000778
4,4,10,1,0|1|0|7,0|1|1|0,0,10,3.810319,0.000875,10,3.810445,0.000741
4,4,10,1,0|1|0|0,0|1|2|6,0,10,3.830946,0.001011,10,3.830665,0.000904
4,4,10,1,0|1|0|1,0|1|2|5,0,10,3.832895,0.001136,10,3.834049,0.000990
4,4,10,1,0|1|0|2,0|1|2|4,0,10,3.830393,0.000896,10,3.830832,0.001013
4,4,10,1,0|1|0|3,0|1|2|3,0,10,3.828193,0.000758,10,3.828345,0.000679
4,4,10,1,0|1|0|4,0|1|2|2,0,10,3.825043,0.000957,10,3.825373,0.001070
4,4,10,1,0|1|0|5,0|1|2|1,0,10,3.821418,0.000748,10,3.820693,0.000724
4,4,10,1,0|1|0|6,0|1|2|0,0,10,3.814338,0.000589,10,3.814222,0.000719
4,4,10,1,0|1|0|0,0|1|3|5,0,10,3.822193,0.000799,10,3.821645,0.001028
4,4,10,1,0|1|0|1,0|1|3|4,0,10,3.824427,0.000442,10,3.824741,0.000858
4,4,10,1,0|1|0|2,0|1|3|3,0,10,3.820751,0.000765,10,3.821315,0.000801
4,4,10,1,0|1|0|3,0|1|3|2,0,10,3.815962,0.000898,10,3.816449,0.000695
4,4,10,1,0|1|0|4,0|1|3|1,0,10,3.810049,0.001014,10,3.810156,0.000851
4,4,10,1,0|1|0|5,0|1|3|0,0,10,3.799043,0.000742,10,3.799424,0.000752
4,4,10,1,0|1|0|0,0|1|4|4,0,10,3.803891,0.000648,10,3.804199,0.000646
4,4,10,1,0|1|0|1,0|1|4|3,0,10,3.806922,0.000647,10,3.806709,0.000625
4,4,10,1,0|1|0|2,0|1|4|2,0,10,3.800472,0.000800,10,3.800341,0.000907
4,4,10,1,0|1|0|3,0|1|4|1,0,10,3.791718,0.001022,10,3.791523,0.000473
4,4,10,1,0|1|0|4,0|1|4|0,0,10,3.774836,0.000600,10,3.775168,0.000650
4,4,10,1,0|1|0|0,0|1|5|3,0,10,3.775155,0.000376,10,3.775404,0.000771
4,4,10,1,0|1|0|1,0|1|5|2,0,10,3.776349,0.000422,10,3.776453,0.000611
4,4,10,1,0|1|0|2,0|1|5|1,0,10,3.764217,0.000501,10,3.764448,0.000490
4,4,10,1,0|1|0|3,0|1|5|0,0,10,3.739940,0.000609,10,3.740260,0.000746
4,4,10,1,0|1|0|0,0|1|6|2,0,10,3.726228,0.000387,10,3.726165,0.000622
4,4,10,1,0|1|0|1,0|1|6|1,0,10,3.720429,0.000456,10,3.720599,0.000699
4,4,10,1,0|1|0|2,0|1|6|0,0,10,3.685732,0.000572,10,3.685858,0.000377
4,4,10,1,0|1|0|0,0|1|7|1,0,10,3.631607,0.000340,10,3.631817,0.000409
4,4,10,1,0|1|0|1,0|1|7|0,0,10,3.592293,0.000300,10,3.592184,0.000406
4,4,10,1,0|1|0|0,0|1|8|0,0,10,3.372894,0.000322,10,3.372642,0.000380
4,4,10,1,0|1|1|0,0|1|0|7,0,10,3.805617,0.000698,10,3.805507,0.000799
4,4,10,1,0|1|1|1,0|1|0|6,0,10,3.806728,0.000870,10,3.806153,0.000936
4,4,10,1,0|1|1|2,0|1|0|5,0,10,3.805138,0.000745,10,3.804388,0.000780
4,4,10,1,0|1|1|3,0|1|0|4,0,10,3.802471,0.000735,10,3.803064,0.001040
4,4,10,1,0|1|1|4,0|1|0|3,0,10,3.800556,0.000643,10,3.800670,0.000865
4,4,10,1,0|1|1|5,0|1|0|2,0,10,3.797902,0.000992,10,3.798213,0.000742
4,4,10,1,0|1|1|6,0|1|0|1,0,10,3.794051,0.000828,10,3.794659,0.000949
4,4,10,1,0|1|1|7,0|1|0|0,0,10,3.789376,0.000581,10,3.789570,0.000723
4,4,10,1,0|1|1|0,0|1|1|6,0,10,3.828182,0.000870,10,3.827875,0.000574
4,4,10,1,0|1|1|1,0|1|1|5,0,10,3.829600,0.000858,10,3.829318,0.001015
4,4,10,1,0|1|1|2,0|1|1|4,0,10,3.827286,0.000849,10,3.827186,0.001029
4,4,10,1,0|1|1|3,0|1|1|3,0,10,3.824434,0.000772,10,3.824379,0.001058
4,4,10,1,0|1|1|4,0|1|1|2,0,10,3.820421,0.001297,10,3.820804,0.000767
4,4,10,1,0|1|1|5,0|1|1|1,0,10,3.816029,0.000797,10,3.816276,0.000798
4,4,10,1,0|1|1|6,0|1|1|0,0,10,3.809237,0.000553,10,3.809233,0.000756
4,4,10,1,0|1|1|0,0|1|2|5,0,10,3.820207,0.000597,10,3.820275,0.000672
4,4,10,1,0|1|1|1,0|1|2|4,0,10,3.821766,0.000716,10,3.821919,0.000859
4,4,10,1,0|1|1|2,0|1|2|3,0,10,3.818016,0.000678,10,3.818015,0.000814
4,4,10,1,0|1|1|3,0|1|2|2,0,10,3.813203,0.000960,10,3.813148,0.000522
4,4,10,1,0|1|1|4,0|1|2|1,0,10,3.806991,0.001282,10,3.807028,0.000650
4,4,10,1,0|1|1|5,0|1|2|0,0,10,3.795377,0.000755,10,3.795296,0.000405
4,4,10,1,0|1|1|0,0|1|3|4,0,10,3.802638,0.000748,10,3.802895,0.000514
4,4,10,1,0|1|1|1,0|1|3|3,0,10,3.803346,0.000748,10,3.803810,0.000808
4,4,10,1,0|1|1|2,0|1|3|2,0,10,3.797372,0.000885,10,3.797086,0.000568
4,4,10,1,0|1|1|3,0|1|3|1,0,10,3.787815,0.000870,10,3.788271,0.000451
4,4,10,1,0|1|1|4,0|1|3|0,0,10,3.770808,0.000376,10,3.770785,0.000822
4,4,10,1,0|1|1|0,0|1|4|3,0,10,3.773437,0.000646,10,3.773332,0.000811
4,4,10,1,0|1|1|1,0|1|4|2,0,10,3.771445,0.000539,10,3.772043,0.000332
4,4,10,1,0|1|1|2,0|1|4|1,0,10,3.759253,0.000574,10,3.759341,0.000415
4,4,10,1,0|1|1|3,0|1|4|0,0,10,3.734418,0.000558,10,3.734751,0.000602
4,4,10,1,0|1|1|0,0|1|5|2,0,10,3.723757,0.000569,10,3.724252,0.000608
4,4,10,1,0|1|1|1,0|1|5|1,0,10,3.714646,0.000387,10,3.714762,0.000438
4,4,10,1,0|1|1|2,0|1|5|0,0,10,3.679362,0.000419,10,3.679675,0.000402
4,4,10,1,0|1|1|0,0|1|6|1,0,10,3.629143,0.000670,10,3.629097,0.000488
4,4,10,1,0|1|1|1,0|1|6|0,0,10,3.586064,0.000563,10,3.586063,0.000504
4,4,10,1,0|1|1|0,0|1|7|0,0,10,3.378081,0.000288,10,3.378002,0.000436
4,4,10,1,0|1|2|0,0|1|0|6,0,10,3.820852,0.001092,10,3.820655,0.000709
4,4,10,1,0|1|2|1,0|1|0|5,0,10,3.822212,0.000791,10,3.822245,0.000944
4,4,10,1,0|1|2|2,0|1|0|4,0,10,3.819011,0.000875,10,3.819261,0.000889
4,4,10,1,0|1|2|3,0|1|0|3,0,10,3.815379,0.000588,10,3.815219,0.000624
4,4,10,1,0|1|2|4,0|1|0|2,0,10,3.810936,0.000854,10,3.810792,0.000512
4,4,10,1,0|1|2|5,0|1|0|1,0,10,3.805500,0.000938,10,3.805173,0.000817
4,4,10,1,0|1|2|6,0|1|0|0,0,10,3.796404,0.000643,10,3.796306,0.000688
4,4,10,1,0|1|2|0,0|1|1|5,0,10,3.816999,0.000671,10,3.817004,0.001137
4,4,10,1,0|1|2|1,0|1|1|4,0,10,3.818371,0.000723,10,3.818816,0.000932
4,4,10,1,0|1|2|2,0|1|1|3,0,10,3.814360,0.000791,10,3.814075,0.000652
4,4,10,1,0|1|2|3,0|1|1|2,0,10,3.808748,0.000711,10,3.808542,0.000854
4,4,10,1,0|1|2|4,0|1|1|1,0,10,3.801367,0.001037,10,3.801593,0.000784
4,4,10,1,0|1|2|5,0|1|1|0,0,10,3.788528,0.000765,10,3.788220,0.000465
4,4,10,1,0|1|2|0,0|1|2|4,0,10,3.800218,0.000626,10,3.799939,0.000783
4,4,10,1,0|1|2|1,0|1|2|3,0,10,3.800751,0.000889,10,3.800191,0.001074
4,4,10,1,0|1|2|2,0|1|2|2,0,10,3.793442,0.000793,10,3.793046,0.001028
4,4,10,1,0|1|2|3,0|1|2|1,0,10,3.783263,0.000986,10,3.783041,0.000682
4,4,10,1,0|1|2|4,0|1|2|0,0,10,3.764149,0.000499,10,3.764022,0.000675
4,4,10,1,0|1|2|0,0|1|3|3,0,10,3.769789,0.000691,10,3.770377,0.000952
4,4,10,1,0|1|2|1,0|1|3|2,0,10,3.768591,0.000592,10,3.768755,0.000881
4,4,10,1,0|1|2|2,0|1|3|1,0,10,3.754822,0.000726,10,3.754710,0.000961
4,4,10,1,0|1|2|3,0|1|3|0,0,10,3.727847,0.000618,10,3.728011,0.000495
4,4,10,1,0|1|2|0,0|1|4|2,0,10,3.720609,0.000711,10,3.720585,0.000616
4,4,10,1,0|1|2|1,0|1|4|1,0,10,3.711627,0.000570,10,3.711157,0.000551
4,4,10,1,0|1|2|2,0|1|4|0,0,10,3.673766,0.000377,10,3.673190,0.000263
4,4,10,1,0|1|2|0,0|1|5|1,0,10,3.627263,0.000262,10,3.627019,0.000358
4,4,10,1,0|1|2|1,0|1|5|0,0,10,3.582668,0.000533,10,3.582697,0.000640
4,4,10,1,0|1|2|0,0|1|6|0,0,10,3.380109,0.000194,10,3.380017,0.000195
4,4,10,1,0|1|3|0,0|1|0|5,0,10,3.813376,0.000836,10,3.813592,0.000933
4,4,10,1,0|1|3|1,0|1|0|4,0,10,3.815790,0.000691,10,3.815613,0.000887
4,4,10,1,0|1|3|2,0|1|0|3,0,10,3.810518,0.000938,10,3.810429,0.000898
4,4,10,1,0|1|3|3,0|1|0|2,0,10,3.804260,0.000849,10,3.804080,0.000533
4,4,10,1,0|1|3|4,0|1|0|1,0,10,3.796502,0.000785,10,3.796286,0.000802
4,4,10,1,0|1|3|5,0|1|0|0,0,10,3.781432,0.000794,10,3.780987,0.000425
4,4,10,1,0|1|3|0,0|1|1|4,0,10,3.797362,0.000885,10,3.797584,0.000465
4,4,10,1,0|1|3|1,0|1|1|3,0,10,3.798955,0.000569,10,3.799603,0.000500
4,4,10,1,0|1|3|2,0|1|1|2,0,10,3.790911,0.000883,10,3.790766,0.001020
4,4,10,1,0|1|3|3,0|1|1|1,0,10,3.779853,0.000991,10,3.780350,0.000740
4,4,10,1,0|1|3|4,0|1|1|0,0,10,3.759822,0.000728,10,3.759738,0.000507
4,4,10,1,0|1|3|0,0|1|2|3,0,10,3.767863,0.000992,10,3.768049,0.000582
4,4,10,1,0|1|3|1,0|1|2|2,0,10,3.767584,0.000822,10,3.767518,0.000550
4,4,10,1,0|1|3|2,0|1|2|1,0,10,3.752956,0.000587,10,3.752777,0.000465
4,4,10,1,0|1|3|3,0|1|2|0,0,10,3.723740,0.000771,10,3.723855,0.000552
4,4,10,1,0|1|3|0,0|1|3|2,0,10,3.719581,0.000514,10,3.718918,0.000833
4,4,10,1,0|1|3|1,0|1|3|1,0,10,3.710819,0.000557,10,3.710663,0.000515
4,4,10,1,0|1|3|2,0|1|3|0,0,10,3.670719,0.000718,10,3.670675,0.000319
4,4,10,1,0|1|3|0,0|1|4|1,0,10,3.626459,0.000365,10,3.626325,0.000335
4,4,10,1,0|1|3|1,0|1|4|0,0,10,3.581567,0.000544,10,3.581754,0.000341
4,4,10,1,0|1|3|0,0|1|5|0,0,10,3.380980,0.000293,10,3.380856,0.000433
4,4,10,1,0|1|4|0,0|1|0|4,0,10,3.795373,0.000474,10,3.795476,0.000829
4,4,10,1,0|1|4|1,0|1|0|3,0,10,3.798071,0.000789,10,3.797738,0.000831
4,4,10,1,0|1|4|2,0|1|0|2,0,10,3.789584,0.000713,10,3.789545,0.000660
4,4,10,1,0|1|4|3,0|1|0|1,0,10,3.778154,0.000731,10,3.778071,0.000528
4,4,10,1,0|1|4|4,0|1|0|0,0,10,3.756112,0.000605,10,3.756690,0.000652
4,4,10,1,0|1|4|0,0|1|1|3,0,10,3.766830,0.000395,10,3.767306,0.000725
4,4,10,1,0|1|4|1,0|1|1|2,0,10,3.767144,0.000775,10,3.767174,0.001303
4,4,10,1,0|1|4|2,0|1|1|1,0,10,3.752083,0.000585,10,3.752096,0.000688
4,4,10,1,0|1|4|3,0|1|1|0,0,10,3.722253,0.000494,10,3.721997,0.000738
4,4,10,1,0|1|4|0,0|1|2|2,0,10,3.718024,0.000529,10,3.718382,0.000409
4,4,10,1,0|1|4|1,0|1|2|1,0,10,3.710250,0.000624,10,3.710160,0.000554
4,4,10,1,0|1|4|2,0|1|2|0,0,10,3.669719,0.000428,10,3.669541,0.000679
4,4,10,1,0|1|4|0,0|1|3|1,0,10,3.625940,0.000533,10,3.625926,0.000708
4,4,10,1,0|1|4|1,0|1|3|0,0,10,3.581154,0.000417,10,3.581176,0.000505
4,4,10,1,0|1|4|0,0|1|4|0,0,10,3.381444,0.000359,10,3.381698,0.000292
4,4,10,1,0|1|5|0,0|1|0|3,0,10,3.766039,0.000763,10,3.766617,0.000636
4,4,10,1,0|1|5|1,0|1|0|2,0,10,3.766510,0.000447,10,3.766501,0.000721
4,4,10,1,0|1|5|2,0|1|0|1,0,10,3.751456,0.000434,10,3.751406,0.000483
4,4,10,1,0|1|5|3,0|1|0|0,0,10,3.720953,0.000213,10,3.721087,0.000669
4,4,10,1,0|1|5|0,0|1|1|2,0,10,3.717815,0.000590,10,3.717860,0.000502
4,4,10,1,0|1|5|1,0|1|1|1,0,10,3.710041,0.000453,10,3.709804,0.000653
4,4,10,1,0|1|5|2,0|1|1|0,0,10,3.668993,0.000610,10,3.669096,0.000413
4,4,10,1,0|1|5|0,0|1|2|1,0,10,3.625823,0.000526,10,3.625745,0.000387
4,4,10,1,0|1|5|1,0|1|2|0,0,10,3.581275,0.000406,10,3.581051,0.000522
4,4,10,1,0|1|5|0,0|1|3|0,0,10,3.381655,0.000316,10,3.381299,0.000291
4,4,10,1,0|1|6|0,0|1|0|2,0,10,3.717644,0.000538,10,3.717530,0.000606
4,4,10,1,0|1|6|1,0|1|0|1,0,10,3.709974,0.000526,10,3.709830,0.000358
4,4,10,1,0|1|6|2,0|1|0|0,0,10,3.668430,0.000645,10,3.668879,0.000326
4,4,10,1,0|1|6|0,0|1|1|1,0,10,3.626035,0.000549,10,3.625616,0.000508
4,4,10,1,0|1|6|1,0|1|1|0,0,10,3.581252,0.000320,10,3.581204,0.000623
4,4,10,1,0|1|6|0,0|1|2|0,0,10,3.381608,0.000260,10,3.381520,0.000459
4,4,10,1,0|1|7|0,0|1|0|1,0,10,3.625800,0.000442,10,3.625349,0.000503
4,4,10,1,0|1|7|1,0|1|0|0,0,10,3.581034,0.000284,10,3.581071,0.000616
4,4,10,1,0|1|7|0,0|1|1|0,0,10,3.381516,0.000427,10,3.381771,0.000363
4,4,10,1,0|1|8|0,0|1|0|0,0,10,3.381461,0.000286,10,3.381608,0.000363
4,4,10,1,0|1|0|0,0|2|0|7,0,10,3.664099,0.000279,10,3.664057,0.000533
4,4,10,1,0|1|0|1,0|2|0|6,0,10,3.665280,0.000689,10,3.665324,0.000456
4,4,10,1,0|1|0|2,0|2|0|5,0,10,3.664665,0.000482,10,3.664616,0.000438
4,4,10,1,0|1|0|3,0|2|0|4,0,10,3.663628,0.000417,10,3.663503,0.000459
4,4,10,1,0|1|0|4,0|2|0|3,0,10,3.662370,0.000437,10,3.662189,0.000508
4,4,10,1,0|1|0|5,0|2|0|2,0,10,3.660776,0.000363,10,3.660543,0.000340
4,4,10,1,0|1|0|6,0|2|0|1,0,10,3.658946,0.000363,10,3.659047,0.000349
4,4,10,1,0|1|0|7,0|2|0|0,0,10,3.656203,0.000459,10,3.656356,0.000446
4,4,10,1,0|1|0|0,0|2|1|6,0,10,3.812762,0.001070,10,3.812575,0.000586
4,4,10,1,0|1|0|1,0|2|1|5,0,10,3.814649,0.000803,10,3.814823,0.001038
4,4,10,1,0|1|0|2,0|2|1|4,0,10,3.813033,0.000643,10,3.812972,0.000968
4,4,10,1,0|1|0|3,0|2|1|3,0,10,3.810090,0.000928,10,3.810353,0.001037
4,4,10,1,0|1|0|4,0|2|1|2,0,10,3.806818,0.000604,10,3.806881,0.000715
4,4,10,1,0|1|0|5,0|2|1|1,0,10,3.803114,0.000811,10,3.803164,0.000748
4,4,10,1,0|1|0|6,0|2|1|0,0,10,3.796534,0.000792,10,3.796112,0.000684
4,4,10,1,0|1|0|0,0|2|2|5,0,10,3.818214,0.000831,10,3.818153,0.001024
4,4,10,1,0|1|0|1,0|2|2|4,0,10,3.820228,0.000853,10,3.819903,0.001041
4,4,10,1,0|1|0|2,0|2|2|3,0,10,3.817028,0.000957,10,3.817006,0.000630
4,4,10,1,0|1|0|3,0|2|2|2,0,10,3.812156,0.000643,10,3.812570,0.000672
4,4,10,1,0|1|0|4,0|2|2|1,0,10,3.806665,0.000715,10,3.806337,0.000517
4,4,10,1,0|1|0|5,0|2|2|0,0,10,3.795738,0.000791,10,3.795326,0.000488
4,4,10,1,0|1|0|0,0|2|3|4,0,10,3.802577,0.000612,10,3.802783,0.000847
4,4,10,1,0|1|0|1,0|2|3|3,0,10,3.805936,0.000758,10,3.806049,0.000669
4,4,10,1,0|1|0|2,0|2|3|2,0,10,3.799405,0.001081,10,3.799494,0.000945
4,4,10,1,0|1|0|3,0|2|3|1,0,10,3.790855,0.000463,10,3.790767,0.000513
4,4,10,1,0|1|0|4,0|2|3|0,0,10,3.774220,0.000883,10,3.774277,0.000882
4,4,10,1,0|1|0|0,0|2|4|3,0,10,3.774809,0.000612,10,3.775273,0.000496
4,4,10,1,0|1|0|1,0|2|4|2,0,10,3.775638,0.000614,10,3.776056,0.000962
4,4,10,1,0|1|0|2,0|2|4|1,0,10,3.764012,0.000583,10,3.764156,0.000712
4,4,10,1,0|1|0|3,0|2|4|0,0,10,3.739565,0.000795,10,3.739448,0.000791
4,4,10,1,0|1|0|0,0|2|5|2,0,10,3.726106,0.000278,10,3.726791,0.000590
4,4,10,1,0|1|0|1,0|2|5|1,0,10,3.720717,0.000616,10,3.720475,0.000552
4,4,10,1,0|1|0|2,0|2|5|0,0,10,3.686274,0.000528,10,3.686226,0.000573
4,4,10,1,0|1|0|0,0|2|6|1,0,10,3.632155,0.000218,10,3.631818,0.000431
4,4,10,1,0|1|0|1,0|2|6|0,0,10,3.592618,0.000553,10,3.592195,0.000483
4,4,10,1,0|1|0|0,0|2|7|0,0,10,3.373108,0.000366,10,3.372871,0.000315
4,4,10,1,0|1|1|0,0|2|0|6,0,10,3.795303,0.000858,10,3.795364,0.000836
4,4,10,1,0|1|1|1,0|2|0|5,0,10,3.797116,0.000669,10,3.796410,0.000563
4,4,10,1,0|1|1|2,0|2|0|4,0,10,3.794074,0.000993,10,3.794229,0.000669
4,4,10,1,0|1|1|3,0|2|0|3,0,10,3.790874,0.000646,10,3.790996,0.000741
4,4,10,1,0|1|1|4,0|2|0|2,0,10,3.786798,0.000755,10,3.787582,0.000717
4,4,10,1,0|1|1|5,0|2|0|1,0,10,3.782428,0.000607,10,3.782455,0.000624
4,4,10,1,0|1|1|6,0|2|0|0,0,10,3.774337,0.000680,10,3.774746,0.000806
4,4,10,1,0|1|1|0,0|2|1|5,0,10,3.814800,0.000830,10,3.814897,0.000729
4,4,10,1,0|1|1|1,0|2|1|4,0,10,3.816207,0.000709,10,3.815460,0.001009
4,4,10,1,0|1|1|2,0|2|1|3,0,10,3.811627,0.000920,10,3.811627,0.001085
4,4,10,1,0|1|1|3,0|2|1|2,0,10,3.807856,0.000783,10,3.807159,0.000990
4,4,10,1,0|1|1|4,0|2|1|1,0,10,3.800977,0.000582,10,3.801092,0.000873
4,4,10,1,0|1|1|5,0|2|1|0,0,10,3.789432,0.000908,10,3.789476,0.000649
4,4,10,1,0|1|1|0,0|2|2|4,0,10,3.800913,0.000922,10,3.801107,0.000774
4,4,10,1,0|1|1|1,0|2|2|3,0,10,3.801672,0.000448,10,3.801950,0.000804
4,4,10,1,0|1|1|2,0|2|2|2,0,10,3.795589,0.000639,10,3.795545,0.000568
4,4,10,1,0|1|1|3,0|2|2|1,0,10,3.786649,0.000640,10,3.786164,0.000795
4,4,10,1,0|1|1|4,0|2|2|0,0,10,3.769754,0.000472,10,3.769713,0.000504
4,4,10,1,0|1|1|0,0|2|3|3,0,10,3.772901,0.000454,10,3.773202,0.000806
4,4,10,1,0|1|1|1,0|2|3|2,0,10,3.771917,0.000676,10,3.771404,0.000595
4,4,10,1,0|1|1|2,0|2|3|1,0,10,3.759239,0.000676,10,3.759466,0.000605
4,4,10,1,0|1|1|3,0|2|3|0,0,10,3.734171,0.000563,10,3.734589,0.000582
4,4,10,1,0|1|1|0,0|2|4|2,0,10,3.724060,0.000672,10,3.723892,0.000726
4,4,10,1,0|1|1|1,0|2|4|1,0,10,3.715131,0.000665,10,3.714838,0.000521
4,4,10,1,0|1|1|2,0|2|4|0,0,10,3.679565,0.000548,10,3.679602,0.000319
4,4,10,1,0|1|1|0,0|2|5|1,0,10,3.629280,0.000488,10,3.629746,0.000481
4,4,10,1,0|1|1|1,0|2|5|0,0,10,3.585993,0.000442,10,3.586235,0.000610
4,4,10,1,0|1|1|0,0|2|6|0,0,10,3.378482,0.000431,10,3.378436,0.000345
4,4,10,1,0|1|2|0,0|2|0|5,0,10,3.806639,0.000551,10,3.806490,0.000806
4,4,10,1,0|1|2|1,0|2|0|4,0,10,3.807655,0.000687,10,3.808035,0.000804
4,4,10,1,0|1|2|2,0|2|0|3,0,10,3.803202,0.000766,10,3.803060,0.001097
4,4,10,1,0|1|2|3,0|2|0|2,0,10,3.797049,0.000678,10,3.797492,0.000958
4,4,10,1,0|1|2|4,0|2|0|1,0,10,3.789274,0.000705,10,3.789272,0.000981
4,4,10,1,0|1|2|5,0|2|0|0,0,10,3.775564,0.001153,10,3.775057,0.000926
4,4,10,1,0|1|2|0,0|2|1|4,0,10,3.797450,0.000507,10,3.797199,0.000713
4,4,10,1,0|1|2|1,0|2|1|3,0,10,3.798673,0.000930,10,3.798296,0.000529
4,4,10,1,0|1|2|2,0|2|1|2,0,10,3.790760,0.000679,10,3.790854,0.000668
4,4,10,1,0|1|2|3,0|2|1|1,0,10,3.780274,0.000673,10,3.780623,0.000677
4,4,10,1,0|1|2|4,0|2|1|0,0,10,3.761369,0.000548,10,3.761742,0.000679
4,4,10,1,0|1|2|0,0|2|2|3,0,10,3.769855,0.000589,10,3.769701,0.000390
4,4,10,1,0|1|2|1,0|2|2|2,0,10,3.768447,0.000658,10,3.768558,0.000686
4,4,10,1,0|1|2|2,0|2|2|1,0,10,3.754054,0.000566,10,3.754088,0.000582
4,4,10,1,0|1|2|3,0|2|2|0,0,10,3.727390,0.000479,10,3.727072,0.000721
4,4,10,1,0|1|2|0,0|2|3|2,0,10,3.720495,0.000625,10,3.720320,0.000430
4,4,10,1,0|1|2|1,0|2|3|1,0,10,3.711580,0.000479,10,3.711555,0.000508
4,4,10,1,0|1|2|2,0|2|3|0,0,10,3.673537,0.000565,10,3.673487,0.000631
4,4,10,1,0|1|2|0,0|2|4|1,0,10,3.627367,0.000471,10,3.627215,0.000553
4,4,10,1,0|1|2|1,0|2|4|0,0,10,3.582735,0.000475,10,3.582897,0.000245
4,4,10,1,0|1|2|0,0|2|5|0,0,10,3.380435,0.000338,10,3.380548,0.000392
4,4,10,1,0|1|3|0,0|2|0|4,0,10,3.793389,0.000612,10,3.793205,0.000670
4,4,10,1,0|1|3|1,0|2|0|3,0,10,3.795135,0.000933,10,3.795065,0.000813
4,4,10,1,0|1|3|2,0|2|0|2,0,10,3.786464,0.000592,10,3.786628,0.000408
4,4,10,1,0|1|3|3,0|2|0|1,0,10,3.775205,0.000870,10,3.775447,0.000839
4,4,10,1,0|1|3|4,0|2|0|0,0,10,3.753610,0.000575,10,3.753753,0.000516
4,4,10,1,0|1|3|0,0|2|1|3,0,10,3.767112,0.000415,10,3.767325,0.000799
4,4,10,1,0|1|3|1,0|2|1|2,0,10,3.766618,0.000668,10,3.766565,0.000382
4,4,10,1,0|1|3|2,0|2|1|1,0,10,3.751476,0.000793,10,3.751549,0.000689
4,4,10,1,0|1|3|3,0|2|1|0,0,10,3.723132,0.000400,10,3.722571,0.000584
4,4,10,1,0|1|3|0,0|2|2|2,0,10,3.718696,0.000450,10,3.718803,0.000500
4,4,10,1,0|1|3|1,0|2|2|1,0,10,3.710233,0.000678,10,3.710591,0.000423
4,4,10,1,0|1|3|2,0|2|2|0,0,10,3.670673,0.000330,10,3.670667,0.000442
4,4,10,1,0|1|3|0,0|2|3|1,0,10,3.626542,0.000470,10,3.626494,0.000387
4,4,10,1,0|1|3|1,0|2|3|0,0,10,3.581859,0.000488,10,3.581478,0.000397
4,4,10,1,0|1|3|0,0|2|4|0,0,10,3.381503,0.000417,10,3.381371,0.000454
4,4,10,1,0|1|4|0,0|2|0|3,0,10,3.765169,0.000648,10,3.765225,0.000603
4,4,10,1,0|1|4|1,0|2|0|2,0,10,3.765522,0.001066,10,3.765758,0.000826
4,4,10,1,0|1|4|2,0|2|0|1,0,10,3.749902,0.000663,10,3.749843,0.000509
4,4,10,1,0|1|4|3,0|2|0|0,0,10,3.719908,0.000570,10,3.719782,0.000601
4,4,10,1,0|1|4|0,0|2|1|2,0,10,3.718088,0.000492,10,3.717938,0.000885
4,4,10,1,0|1|4|1,0|2|1|1,0,10,3.709755,0.000544,10,3.709938,0.000365
4,4,10,1,0|1|4|2,0|2|1|0,0,10,3.669048,0.000364,10,3.669425,0.000690
4,4,10,1,0|1|4|0,0|2|2|1,0,10,3.625923,0.000377,10,3.625919,0.000341
4,4,10,1,0|1|4|1,0|2|2|0,0,10,3.581281,0.000316,10,3.581478,0.000310
4,4,10,1,0|1|4|0,0|2|3|0,0,10,3.381769,0.000260,10,3.381680,0.000321
4,4,10,1,0|1|5|0,0|2|0|2,0,10,3.717045,0.000536,10,3.717217,0.000663
4,4,10,1,0|1|5|1,0|2|0|1,0,10,3.709530,0.000742,10,3.709515,0.000573
4,4,10,1,0|1|5|2,0|2|0|0,0,10,3.668327,0.000577,10,3.668675,0.000410
4,4,10,1,0|1|5|0,0|2|1|1,0,10,3.625837,0.000363,10,3.625825,0.000462
4,4,10,1,0|1|5|1,0|2|1|0,0,10,3.581147,0.000532,10,3.581382,0.000563
4,4,10,1,0|1|5|0,0|2|2|0,0,10,3.381770,0.000498,10,3.382042,0.000279
4,4,10,1,0|1|6|0,0|2|0|1,0,10,3.625565,0.000432,10,3.625348,0.000465
4,4,10,1,0|1|6|1,0|2|0|0,0,10,3.580898,0.000207,10,3.581085,0.000575
4,4,10,1,0|1|6|0,0|2|1|0,0,10,3.381727,0.000382,10,3.381838,0.000454
4,4,10,1,0|1|7|0,0|2|0|0,0,10,3.381885,0.000346,10,3.381693,0.000321
4,4,10,1,0|1|0|0,0|3|0|6,0,10,3.658086,0.000425,10,3.658349,0.000404
4,4,10,1,0|1|0|1,0|3|0|5,0,10,3.659763,0.000360,10,3.659656,0.000490
4,4,10,1,0|1|0|2,0|3|0|4,0,10,3.658678,0.000586,10,3.658561,0.000595
4,4,10,1,0|1|0|3,0|3|0|3,0,10,3.657165,0.000700,10,3.656781,0.000333
4,4,10,1,0|1|0|4,0|3|0|2,0,10,3.654620,0.000608,10,3.655084,0.000333
4,4,10,1,0|1|0|5,0|3|0|1,0,10,3.651682,0.000526,10,3.651828,0.000322
4,4,10,1,0|1|0|6,0|3|0|0,0,10,3.647777,0.000522,10,3.647354,0.000494
4,4,10,1,0|1|0|0,0|3|1|5,0,10,3.799646,0.001037,10,3.799308,0.000787
4,4,10,1,0|1|0|1,0|3|1|4,0,10,3.802078,0.000701,10,3.801915,0.000656
4,4,10,1,0|1|0|2,0|3|1|3,0,10,3.798458,0.000835,10,3.798555,0.000884
4,4,10,1,0|1|0|3,0|3|1|2,0,10,3.793873,0.001001,10,3.794160,0.000713
4,4,10,1,0|1|0|4,0|3|1|1,0,10,3.788484,0.000554,10,3.788285,0.000757
4,4,10,1,0|1|0|5,0|3|1|0,0,10,3.777723,0.000540,10,3.778070,0.000737
4,4,10,1,0|1|0|0,0|3|2|4,0,10,3.798520,0.000931,10,3.798503,0.000807
4,4,10,1,0|1|0|1,0|3|2|3,0,10,3.801437,0.000626,10,3.800939,0.000623
4,4,10,1,0|1|0|2,0|3|2|2,0,10,3.794752,0.000730,10,3.795075,0.000752
4,4,10,1,0|1|0|3,0|3|2|1,0,10,3.786676,0.000538,10,3.786463,0.000563
4,4,10,1,0|1|0|4,0|3|2|0,0,10,3.770509,0.000711,10,3.770057,0.000457
4,4,10,1,0|1|0|0,0|3|3|3,0,10,3.773751,0.000701,10,3.773302,0.000862
4,4,10,1,0|1|0|1,0|3|3|2,0,10,3.774933,0.000727,10,3.774526,0.000731
4,4,10,1,0|1|0|2,0|3|3|1,0,10,3.762348,0.000574,10,3.762427,0.000582
4,4,10,1,0|1|0|3,0|3|3|0,0,10,3.738285,0.000684,10,3.738499,0.000721
4,4,10,1,0|1|0|0,0|3|4|2,0,10,3.726075,0.000467,10,3.726017,0.000532
4,4,10,1,0|1|0|1,0|3|4|1,0,10,3.719915,0.000647,10,3.719760,0.000625
4,4,10,1,0|1|0|2,0|3|4|0,0,10,3.685323,0.000730,10,3.685618,0.000571
4,4,10,1,0|1|0|0,0|3|5|1,0,10,3.631999,0.000512,10,3.632031,0.000367
4,4,10,1,0|1|0|1,0|3|5|0,0,10,3.592191,0.000286,10,3.591927,0.000522
4,4,10,1,0|1|0|0,0|3|6|0,0,10,3.372881,0.000371,10,3.372918,0.000538
4,4,10,1,0|1|1|0,0|3|0|5,0,10,3.781571,0.000764,10,3.781107,0.000740
4,4,10,1,0|1|1|1,0|3|0|4,0,10,3.782214,0.000504,10,3.781986,0.000508
4,4,10,1,0|1|1|2,0|3|0|3,0,10,3.777846,0.000602,10,3.778104,0.001084
4,4,10,1,0|1|1|3,0|3|0|2,0,10,3.773280,0.000604,10,3.772952,0.000873
4,4,10,1,0|1|1|4,0|3|0|1,0,10,3.765609,0.000768,10,3.766581,0.000759
4,4,10,1,0|1|1|5,0|3|0|0,0,10,3.754119,0.000536,10,3.754125,0.000722
4,4,10,1,0|1|1|0,0|3|1|4,0,10,3.794947,0.000753,10,3.795586,0.000502
4,4,10,1,0|1|1|1,0|3|1|3,0,10,3.795411,0.000809,10,3.795661,0.000577
4,4,10,1,0|1|1|2,0|3|1|2,0,10,3.788780,0.000603,10,3.788990,0.001056
4,4,10,1,0|1|1|3,0|3|1|1,0,10,3.780052,0.000728,10,3.779680,0.000567
4,4,10,1,0|1|1|4,0|3|1|0,0,10,3.762968,0.000922,10,3.762680,0.000877
4,4,10,1,0|1|1|0,0|3|2|3,0,10,3.771145,0.000959,10,3.771499,0.000840
4,4,10,1,0|1|1|1,0|3|2|2,0,10,3.769892,0.000984,10,3.769680,0.000745
4,4,10,1,0|1|1|2,0|3|2|1,0,10,3.756672,0.000647,10,3.756735,0.000749
4,4,10,1,0|1|1|3,0|3|2|0,0,10,3.732574,0.000441,10,3.732427,0.000388
4,4,10,1,0|1|1|0,0|3|3|2,0,10,3.723440,0.000632,10,3.723620,0.000593
4,4,10,1,0|1|1|1,0|3|3|1,0,10,3.714372,0.000593,10,3.713908,0.000385
4,4,10,1,0|1|1|2,0|3|3|0,0,10,3.679099,0.000432,10,3.678718,0.000542
4,4,10,1,0|1|1|0,0|3|4|1,0,10,3.629130,0.000400,10,3.629287,0.000488
4,4,10,1,0|1|1|1,0|3|4|0,0,10,3.585793,0.000676,10,3.586211,0.000471
4,4,10,1,0|1|1|0,0|3|5|0,0,10,3.378208,0.000268,10,3.378342,0.000358
4,4,10,1,0|1|2|0,0|3|0|4,0,10,3.785878,0.000680,10,3.785881,0.000673
4,4,10,1,0|1|2|1,0|3|0|3,0,10,3.786368,0.000549,10,3.786799,0.000563
4,4,10,1,0|1|2|2,0|3|0|2,0,10,3.778944,0.000825,10,3.778998,0.000744
4,4,10,1,0|1|2|3,0|3|0|1,0,10,3.768102,0.000964,10,3.767692,0.000953
4,4,10,1,0|1|2|4,0|3|0|0,0,10,3.747401,0.000531,10,3.747283,0.000748
4,4,10,1,0|1|2|0,0|3|1|3,0,10,3.767077,0.000845,10,3.767099,0.000680
4,4,10,1,0|1|2|1,0|3|1|2,0,10,3.765424,0.000425,10,3.765549,0.000607
4,4,10,1,0|1|2|2,0|3|1|1,0,10,3.751721,0.000506,10,3.751592,0.000577
4,4,10,1,0|1|2|3,0|3|1|0,0,10,3.724220,0.000429,10,3.724145,0.000775
4,4,10,1,0|1|2|0,0|3|2|2,0,10,3.720029,0.000545,10,3.719860,0.000790
4,4,10,1,0|1|2|1,0|3|2|1,0,10,3.710537,0.000602,10,3.710425,0.000333
4,4,10,1,0|1|2|2,0|3|2|0,0,10,3.672690,0.000461,10,3.672422,0.000513
4,4,10,1,0|1|2|0,0|3|3|1,0,10,3.627035,0.000588,10,3.626956,0.000397
4,4,10,1,0|1|2|1,0|3|3|0,0,10,3.582584,0.000489,10,3.582666,0.000313
4,4,10,1,0|1|2|0,0|3|4|0,0,10,3.380281,0.000467,10,3.380340,0.000278
4,4,10,1,0|1|3|0,0|3|0|3,0,10,3.762668,0.000719,10,3.762377,0.000856
4,4,10,1,0|1|3|1,0|3|0|2,0,10,3.761630,0.000790,10,3.761831,0.000669
4,4,10,1,0|1|3|2,0|3|0|1,0,10,3.746226,0.000515,10,3.746390,0.000461
4,4,10,1,0|1|3|3,0|3|0|0,0,10,3.716810,0.000404,10,3.716889,0.000653
4,4,10,1,0|1|3|0,0|3|1|2,0,10,3.717811,0.000617,10,3.717517,0.000821
4,4,10,1,0|1|3|1,0|3|1|1,0,10,3.708869,0.000569,10,3.708992,0.000951
4,4,10,1,0|1|3|2,0|3|1|0,0,10,3.668946,0.000676,10,3.669213,0.000454
4,4,10,1,0|1|3|0,0|3|2|1,0,10,3.626165,0.000462,10,3.626237,0.000394
4,4,10,1,0|1|3|1,0|3|2|0,0,10,3.581344,0.000475,10,3.581564,0.000400
4,4,10,1,0|1|3|0,0|3|3|0,0,10,3.381234,0.000208,10,3.381186,0.000462
4,4,10,1,0|1|4|0,0|3|0|2,0,10,3.715969,0.000679,10,3.716124,0.000474
4,4,10,1,0|1|4|1,0|3|0|1,0,10,3.707313,0.000649,10,3.708017,0.000468
4,4,10,1,0|1|4|2,0|3|0|0,0,10,3.666876,0.000551,10,3.666859,0.000557
4,4,10,1,0|1|4|0,0|3|1|1,0,10,3.625539,0.000380,10,3.625921,0.000484
4,4,10,1,0|1|4|1,0|3|1|0,0,10,3.580595,0.000500,10,3.580712,0.000301
4,4,10,1,0|1|4|0,0|3|2|0,0,10,3.381413,0.000389,10,3.381420,0.000338
4,4,10,1,0|1|5|0,0|3|0|1,0,10,3.624852,0.000415,10,3.624653,0.000563
4,4,10,1,0|1|5|1,0|3|0|0,0,10,3.579970,0.000433,10,3.580144,0.000460
4,4,10,1,0|1|5|0,0|3|1|0,0,10,3.381292,0.000335,10,3.381456,0.000377
4,4,10,1,0|1|6|0,0|3|0|0,0,10,3.381274,0.000351,10,3.381464,0.000318
4,4,10,1,0|1|0|0,0|4|0|5,0,10,3.649080,0.000449,10,3.649397,0.000402
4,4,10,1,0|1|0|1,0|4|0|4,0,10,3.651148,0.000494,10,3.651055,0.000680
4,4,10,1,0|1|0|2,0|4|0|3,0,10,3.648865,0.000540,10,3.649062,0.000393
4,4,10,1,0|1|0|3,0|4|0|2,0,10,3.645982,0.000699,10,3.645754,0.000336
4,4,10,1,0|1|0|4,0|4|0|1,0,10,3.641530,0.000649,10,3.641597,0.000535
4,4,10,1,0|1|0|5,0|4|0|0,0,10,3.634050,0.000519,10,3.633983,0.000480
4,4,10,1,0|1|0|0,0|4|1|4,0,10,3.779679,0.000530,10,3.780049,0.000563
4,4,10,1,0|1|0|1,0|4|1|3,0,10,3.782036,0.000978,10,3.782046,0.000554
4,4,10,1,0|1|0|2,0|4|1|2,0,10,3.776426,0.000573,10,3.775950,0.001151
4,4,10,1,0|1|0|3,0|4|1|1,0,10,3.767840,0.000531,10,3.768073,0.000650
4,4,10,1,0|1|0|4,0|4|1|0,0,10,3.752149,0.000423,10,3.752051,0.000569
4,4,10,1,0|1|0|0,0|4|2|3,0,10,3.768969,0.000946,10,3.769068,0.000834
4,4,10,1,0|1|0|1,0|4|2|2,0,10,3.769703,0.000564,10,3.769663,0.000712
4,4,10,1,0|1|0|2,0|4|2|1,0,10,3.757393,0.000936,10,3.757860,0.000638
4,4,10,1,0|1|0|3,0|4|2|0,0,10,3.733677,0.000517,10,3.733730,0.000797
4,4,10,1,0|1|0|0,0|4|3|2,0,10,3.724307,0.000629,10,3.723941,0.000515
4,4,10,1,0|1|0|1,0|4|3|1,0,10,3.718438,0.000324,10,3.718133,0.000546
4,4,10,1,0|1|0|2,0|4|3|0,0,10,3.684034,0.000455,10,3.684033,0.000391
4,4,10,1,0|1|0|0,0|4|4|1,0,10,3.631030,0.000429,10,3.631097,0.000340
4,4,10,1,0|1|0|1,0|4|4|0,0,10,3.591561,0.000633,10,3.591619,0.000381
4,4,10,1,0|1|0|0,0|4|5|0,0,10,3.372814,0.000414,10,3.372722,0.000364
4,4,10,1,0|1|1|0,0|4|0|4,0,10,3.760501,0.000510,10,3.760738,0.000531
4,4,10,1,0|1|1|1,0|4|0|3,0,10,3.761250,0.000845,10,3.761408,0.000675
4,4,10,1,0|1|1|2,0|4|0|2,0,10,3.753972,0.000365,10,3.754107,0.000585
4,4,10,1,0|1|1|3,0|4|0|1,0,10,3.744338,0.000986,10,3.744291,0.000726
4,4,10,1,0|1|1|4,0|4|0|0,0,10,3.726250,0.000806,10,3.725976,0.000862
4,4,10,1,0|1|1|0,0|4|1|3,0,10,3.764698,0.000827,10,3.764507,0.000365
4,4,10,1,0|1|1|1,0|4|1|2,0,10,3.762319,0.000816,10,3.762578,0.000780
4,4,10,1,0|1|1|2,0|4|1|1,0,10,3.749625,0.000573,10,3.749896,0.000913
4,4,10,1,0|1|1|3,0|4|1|0,0,10,3.725123,0.000648,10,3.724957,0.000476
4,4,10,1,0|1|1|0,0|4|2|2,0,10,3.721326,0.000527,10,3.721076,0.000914
4,4,10,1,0|1|1|1,0|4|2|1,0,10,3.711564,0.000403,10,3.712014,0.000512
4,4,10,1,0|1|1|2,0|4|2|0,0,10,3.676838,0.000580,10,3.676653,0.000373
4,4,10,1,0|1|1|0,0|4|3|1,0,10,3.628311,0.000569,10,3.628118,0.000389
4,4,10,1,0|1|1|1,0|4|3|0,0,10,3.585073,0.000287,10,3.585337,0.000577
4,4,10,1,0|1|1|0,0|4|4|0,0,10,3.378039,0.000370,10,3.377882,0.000358
4,4,10,1,0|1|2|0,0|4|0|3,0,10,3.754692,0.000642,10,3.754391,0.000590
4,4,10,1,0|1|2|1,0|4|0|2,0,10,3.752982,0.000667,10,3.752576,0.000790
4,4,10,1,0|1|2|2,0|4|0|1,0,10,3.737853,0.000695,10,3.738147,0.000554
4,4,10,1,0|1|2|3,0|4|0|0,0,10,3.708754,0.000801,10,3.708535,0.000895
4,4,10,1,0|1|2|0,0|4|1|2,0,10,3.716809,0.000576,10,3.716369,0.000600
4,4,10,1,0|1|2|1,0|4|1|1,0,10,3.706916,0.000520,10,3.706838,0.000591
4,4,10,1,0|1|2|2,0|4|1|0,0,10,3.668904,0.000897,10,3.668830,0.000437
4,4,10,1,0|1|2|0,0|4|2|1,0,10,3.625800,0.000378,10,3.625684,0.000387
4,4,10,1,0|1|2|1,0|4|2|0,0,10,3.581497,0.000712,10,3.581172,0.000476
4,4,10,1,0|1|2|0,0|4|3|0,0,10,3.379981,0.000438,10,3.379754,0.000212
4,4,10,1,0|1|3|0,0|4|0|2,0,10,3.712431,0.000531,10,3.712258,0.000385
4,4,10,1,0|1|3|1,0|4|0|1,0,10,3.703791,0.000614,10,3.703258,0.000630
4,4,10,1,0|1|3|2,0|4|0|0,0,10,3.662257,0.000769,10,3.662514,0.000647
4,4,10,1,0|1|3|0,0|4|1|1,0,10,3.624659,0.000665,10,3.624546,0.000617
4,4,10,1,0|1|3|1,0|4|1|0,0,10,3.579513,0.000241,10,3.579767,0.000320
4,4,10,1,0|1|3|0,0|4|2|0,0,10,3.380696,0.000309,10,3.380840,0.000361
4,4,10,1,0|1|4|0,0|4|0|1,0,10,3.622932,0.000546,10,3.622964,0.000560
4,4,10,1,0|1|4|1,0|4|0|0,0,10,3.577929,0.000530,10,3.577916,0.000513
4,4,10,1,0|1|4|0,0|4|1|0,0,10,3.380572,0.000440,10,3.380601,0.000385
4,4,10,1,0|1|5|0,0|4|0|0,0,10,3.380184,0.000235,10,3.379936,0.000352
4,4,10,1,0|1|0|0,0|5|0|4,0,10,3.634452,0.000381,10,3.634508,0.000437
4,4,10,1,0|1|0|1,0|5|0|3,0,10,3.636812,0.000640,10,3.636378,0.000352
4,4,10,1,0|1|0|2,0|5|0|2,0,10,3.632140,0.000381,10,3.632359,0.000526
4,4,10,1,0|1|0|3,0|5|0|1,0,10,3.625524,0.000579,10,3.625966,0.000271
4,4,10,1,0|1|0|4,0|5|0|0,0,10,3.613052,0.000450,10,3.613069,0.000606
4,4,10,1,0|1|0|0,0|5|1|3,0,10,3.749294,0.000781,10,3.749112,0.000576
4,4,10,1,0|1|0|1,0|5|1|2,0,10,3.749349,0.000818,10,3.749111,0.000850
4,4,10,1,0|1|0|2,0|5|1|1,0,10,3.737705,0.000610,10,3.737516,0.000542
4,4,10,1,0|1|0|3,0|5|1|0,0,10,3.714379,0.000469,10,3.714285,0.000738
4,4,10,1,0|1|0|0,0|5|2|2,0,10,3.718948,0.000626,10,3.718741,0.000642
4,4,10,1,0|1|0|1,0|5|2|1,0,10,3.712068,0.000855,10,3.712292,0.000640
4,4,10,1,0|1|0|2,0|5|2|0,0,10,3.677897,0.000407,10,3.677580,0.000645
4,4,10,1,0|1|0|0,0|5|3|1,0,10,3.629060,0.000493,10,3.628948,0.000467
4,4,10,1,0|1|0|1,0|5|3|0,0,10,3.589261,0.000438,10,3.589214,0.000400
4,4,10,1,0|1|0|0,0|5|4|0,0,10,3.371845,0.000368,10,3.372103,0.000467
4,4,10,1,0|1|1|0,0|5|0|3,0,10,3.729238,0.000520,10,3.729262,0.000701
4,4,10,1,0|1|1|1,0|5|0|2,0,10,3.726015,0.000623,10,3.726606,0.000613
4,4,10,1,0|1|1|2,0|5|0|1,0,10,3.712654,0.000659,10,3.712751,0.000419
4,4,10,1,0|1|1|3,0|5|0|0,0,10,3.686652,0.000700,10,3.686468,0.000613
4,4,10,1,0|1|1|0,0|5|1|2,0,10,3.713459,0.000517,10,3.713069,0.000693
4,4,10,1,0|1|1|1,0|5|1|1,0,10,3.703046,0.000505,10,3.703317,0.000630
4,4,10,1,0|1|1|2,0|5|1|0,0,10,3.667715,0.000590,10,3.667864,0.000660
4,4,10,1,0|1|1|0,0|5|2|1,0,10,3.625542,0.000654,10,3.625608,0.000546
4,4,10,1,0|1|1|1,0|5|2|0,0,10,3.582340,0.000577,10,3.582205,0.000302
4,4,10,1,0|1|1|0,0|5|3|0,0,10,3.376927,0.000298,10,3.377280,0.000225
4,4,10,1,0|1|2|0,0|5|0|2,0,10,3.703377,0.000546,10,3.703005,0.000590
4,4,10,1,0|1|2|1,0|5|0|1,0,10,3.692705,0.000587,10,3.692260,0.000591
4,4,10,1,0|1|2|2,0|5|0|0,0,10,3.651822,0.000515,10,3.652055,0.000616
4,4,10,1,0|1|2|0,0|5|1|1,0,10,3.622034,0.000480,10,3.622118,0.000666
4,4,10,1,0|1|2|1,0|5|1|0,0,10,3.577073,0.000615,10,3.576918,0.000451
4,4,10,1,0|1|2|0,0|5|2|0,0,10,3.378200,0.000399,10,3.378683,0.000469
4,4,10,1,0|1|3|0,0|5|0|1,0,10,3.618436,0.000714,10,3.618240,0.000370
4,4,10,1,0|1|3|1,0|5|0|0,0,10,3.572263,0.000522,10,3.572330,0.000528
4,4,10,1,0|1|3|0,0|5|1|0,0,10,3.378479,0.000203,10,3.378583,0.000283
4,4,10,1,0|1|4|0,0|5|0|0,0,10,3.377445,0.000317,10,3.377184,0.000517
4,4,10,1,0|1|0|0,0|6|0|3,0,10,3.608984,0.000489,10,3.609047,0.000427
4,4,10,1,0|1|0|1,0|6|0|2,0,10,3.609742,0.000397,10,3.609606,0.000361
4,4,10,1,0|1|0|2,0|6|0|1,0,10,3.599831,0.000559,10,3.599958,0.000682
4,4,10,1,0|1|0|3,0|6|0|0,0,10,3.580183,0.000646,10,3.579521,0.000454
4,4,10,1,0|1|0|0,0|6|1|2,0,10,3.696747,0.000460,10,3.696789,0.000512
4,4,10,1,0|1|0|1,0|6|1|1,0,10,3.689515,0.000833,10,3.689247,0.000889
4,4,10,1,0|1|0|2,0|6|1|0,0,10,3.655590,0.000416,10,3.655612,0.000630
4,4,10,1,0|1|0|0,0|6|2|1,0,10,3.621506,0.000451,10,3.621555,0.000470
4,4,10,1,0|1|0|1,0|6|2|0,0,10,3.581497,0.000343,10,3.581389,0.000464
4,4,10,1,0|1|0|0,0|6|3|0,0,10,3.368698,0.000405,10,3.368566,0.000515
4,4,10,1,0|1|1|0,0|6|0|2,0,10,3.675589,0.000631,10,3.675803,0.000378
4,4,10,1,0|1|1|1,0|6|0|1,0,10,3.663561,0.000652,10,3.663640,0.000698
4,4,10,1,0|1|1|2,0|6|0|0,0,10,3.625568,0.000389,10,3.625708,0.000438
4,4,10,1,0|1|1|0,0|6|1|1,0,10,3.615781,0.000394,10,3.615727,0.000363
4,4,10,1,0|1|1|1,0|6|1|0,0,10,3.571433,0.000588,10,3.571365,0.000476
4,4,10,1,0|1|1|0,0|6|2|0,0,10,3.373496,0.000357,10,3.373282,0.000356
4,4,10,1,0|1|2|0,0|6|0|1,0,10,3.605940,0.000378,10,3.605929,0.000755
4,4,10,1,0|1|2|1,0|6|0|0,0,10,3.558496,0.000304,10,3.558684,0.000327
4,4,10,1,0|1|2|0,0|6|1|0,0,10,3.373049,0.000304,10,3.373237,0.000239
4,4,10,1,0|1|3|0,0|6|0|0,0,10,3.370231,0.000334,10,3.370169,0.000415
4,4,10,1,0|1|0|0,0|7|0|2,0,10,3.560732,0.000455,10,3.560807,0.000425
4,4,10,1,0|1|0|1,0|7|0|1,0,10,3.553794,0.000458,10,3.554076,0.000383
4,4,10,1,0|1|0|2,0|7|0|0,0,10,3.522183,0.000575,10,3.522443,0.000487
4,4,10,1,0|1|0|0,0|7|1|1,0,10,3.594701,0.000564,10,3.594414,0.000448
4,4,10,1,0|1|0|1,0|7|1|0,0,10,3.553168,0.000499,10,3.553083,0.000486
4,4,10,1,0|1|0|0,0|7|2|0,0,10,3.357967,0.000410,10,3.358336,0.000381
4,4,10,1,0|1|1|0,0|7|0|1,0,10,3.572536,0.000642,10,3.572042,0.000428
4,4,10,1,0|1|1|1,0|7|0|0,0,10,3.522945,0.000473,10,3.523122,0.000652
4,4,10,1,0|1|1|0,0|7|1|0,0,10,3.359237,0.000328,10,3.359248,0.000355
4,4,10,1,0|1|2|0,0|7|0|0,0,10,3.351574,0.000417,10,3.351294,0.000401
4,4,10,1,0|1|0|0,0|8|0|1,0,10,3.455057,0.000599,10,3.455172,0.000463
4,4,10,1,0|1|0|1,0|8|0|0,0,10,3.411335,0.000727,10,3.411235,0.000476
4,4,10,1,0|1|0|0,0|8|1|0,0,10,3.318807,0.000460,10,3.318581,0.000445
4,4,10,1,0|1|1|0,0|8|0|0,0,10,3.299799,0.000406,10,3.299937,0.000464
4,4,10,1,0|1|0|0,0|9|0|0,0,10,3.124978,0.000536,10,3.124928,0.000453
4,4,10,1,0|2|0|0,0|0|0|8,0,10,3.668522,0.000580,10,3.668384,0.000680
4,4,10,1,0|2|0|1,0|0|0|7,0,10,3.669382,0.000333,10,3.669136,0.000526
4,4,10,1,0|2|0|2,0|0|0|6,0,10,3.668854,0.000467,10,3.668757,0.000379
4,4,10,1,0|2|0|3,0|0|0|5,0,10,3.667993,0.000392,10,3.668144,0.000635
4,4,10,1,0|2|0|4,0|0|0|4,0,10,3.667363,0.000403,10,3.667434,0.000632
4,4,10,1,0|2|0|5,0|0|0|3,0,10,3.666208,0.000554,10,3.666211,0.000480
4,4,10,1,0|2|0|6,0|0|0|2,0,10,3.665291,0.000459,10,3.665344,0.000497
4,4,10,1,0|2|0|7,0|0|0|1,0,10,3.663880,0.000379,10,3.664220,0.000654
4,4,10,1,0|2|0|8,0|0|0|0,0,10,3.662529,0.000463,10,3.662389,0.000487
4,4,10,1,0|2|0|0,0|0|1|7,0,10,3.821860,0.001030,10,3.821645,0.000638
4,4,10,1,0|2|0|1,0|0|1|6,0,10,3.823489,0.001099,10,3.823481,0.001036
4,4,10,1,0|2|0|2,0|0|1|5,0,10,3.822265,0.000865,10,3.822613,0.000963
4,4,10,1,0|2|0|3,0|0|1|4,0,10,3.820112,0.000831,10,3.820563,0.000878
4,4,10,1,0|2|0|4,0|0|1|3,0,10,3.818409,0.001025,10,3.818692,0.001166
4,4,10,1,0|2|0|5,0|0|1|2,0,10,3.816469,0.000714,10,3.816393,0.000675
4,4,10,1,0|2|0|6,0|0|1|1,0,10,3.813244,0.000773,10,3.812959,0.001051
4,4,10,1,0|2|0|7,0|0|1|0,0,10,3.808664,0.000800,10,3.809146,0.000416
4,4,10,1,0|2|0|0,0|0|2|6,0,10,3.830461,0.001088,10,3.830274,0.000875
4,4,10,1,0|2|0|1,0|0|2|5,0,10,3.832157,0.000885,10,3.832786,0.000847
4,4,10,1,0|2|0|2,0|0|2|4,0,10,3.829589,0.000833,10,3.830204,0.000800
4,4,10,1,0|2|0|3,0|0|2|3,0,10,3.827586,0.000901,10,3.827461,0.000596
4,4,10,1,0|2|0|4,0|0|2|2,0,10,3.824040,0.000663,10,3.824228,0.000797
4,4,10,1,0|2|0|5,0|0|2|1,0,10,3.819974,0.000594,10,3.820064,0.001004
4,4,10,1,0|2|0|6,0|0|2|0,0,10,3.812723,0.000685,10,3.812587,0.000855
4,4,10,1,0|2|0|0,0|0|3|5,0,10,3.820969,0.000862,10,3.820392,0.001019
4,4,10,1,0|2|0|1,0|0|3|4,0,10,3.823667,0.000904,10,3.823785,0.001084
4,4,10,1,0|2|0|2,0|0|3|3,0,10,3.819909,0.000596,10,3.820048,0.000911
4,4,10,1,0|2|0|3,0|0|3|2,0,10,3.815359,0.000939,10,3.815444,0.000952
4,4,10,1,0|2|0|4,0|0|3|1,0,10,3.808833,0.000945,10,3.809009,0.000714
4,4,10,1,0|2|0|5,0|0|3|0,0,10,3.797612,0.000649,10,3.797716,0.000526
4,4,10,1,0|2|0|0,0|0|4|4,0,10,3.802846,0.000710,10,3.802519,0.000728
4,4,10,1,0|2|0|1,0|0|4|3,0,10,3.805789,0.000943,10,3.805668,0.000565
4,4,10,1,0|2|0|2,0|0|4|2,0,10,3.799682,0.001044,10,3.799172,0.000719
4,4,10,1,0|2|0|3,0|0|4|1,0,10,3.790424,0.000596,10,3.790095,0.000787
4,4,10,1,0|2|0|4,0|0|4|0,0,10,3.773031,0.000320,10,3.773344,0.000604
4,4,10,1,0|2|0|0,0|0|5|3,0,10,3.774169,0.000510,10,3.773914,0.000680
4,4,10,1,0|2|0|1,0|0|5|2,0,10,3.775099,0.000745,10,3.775378,0.000869
4,4,10,1,0|2|0|2,0|0|5|1,0,10,3.763077,0.000818,10,3.762725,0.000640
4,4,10,1,0|2|0|3,0|0|5|0,0,10,3.738084,0.000979,10,3.738090,0.000476
4,4,10,1,0|2|0|0,0|0|6|2,0,10,3.725390,0.000438,10,3.725521,0.000627
4,4,10,1,0|2|0|1,0|0|6|1,0,10,3.719342,0.000612,10,3.719787,0.000770
4,4,10,1,0|2|0|2,0|0|6|0,0,10,3.684352,0.000515,10,3.684252,0.000560
4,4,10,1,0|2|0|0,0|0|7|1,0,10,3.631195,0.000537,10,3.630986,0.000488
4,4,10,1,0|2|0|1,0|0|7|0,0,10,3.591020,0.000553,10,3.591212,0.000356
4,4,10,1,0|2|0|0,0|0|8|0,0,10,3.372383,0.000436,10,3.372649,0.000391
4,4,10,1,0|2|1|0,0|0|0|7,0,10,3.804871,0.000713,10,3.804513,0.000563
4,4,10,1,0|2|1|1,0|0|0|6,0,10,3.805445,0.000743,10,3.805556,0.000723
4,4,10,1,0|2|1|2,0|0|0|5,0,10,3.803505,0.000536,10,3.803323,0.001047
4,4,10,1,0|2|1|3,0|0|0|4,0,10,3.801414,0.000761,10,3.802076,0.000655
4,4,10,1,0|2|1|4,0|0|0|3,0,10,3.799143,0.000935,10,3.798939,0.000596
4,4,10,1,0|2|1|5,0|0|0|2,0,10,3.796341,0.001164,10,3.796842,0.000407
4,4,10,1,0|2|1|6,0|0|0|1,0,10,3.792618,0.000724,10,3.793201,0.000774
4,4,10,1,0|2|1|7,0|0|0|0,0,10,3.788129,0.001109,10,3.787579,0.000530
4,4,10,1,0|2|1|0,0|0|1|6,0,10,3.827823,0.001021,10,3.827588,0.000696
4,4,10,1,0|2|1|1,0|0|1|5,0,10,3.828714,0.000593,10,3.828370,0.000776
4,4,10,1,0|2|1|2,0|0|1|4,0,10,3.826454,0.000611,10,3.825832,0.000896
4,4,10,1,0|2|1|3,0|0|1|3,0,10,3.823596,0.000771,10,3.822964,0.000706
4,4,10,1,0|2|1|4,0|0|1|2,0,10,3.819981,0.000596,10,3.819935,0.000617
4,4,10,1,0|2|1|5,0|0|1|1,0,10,3.815047,0.000771,10,3.814992,0.001164
4,4,10,1,0|2|1|6,0|0|1|0,0,10,3.807436,0.000941,10,3.806893,0.000713
4,4,10,1,0|2|1|0,0|0|2|5,0,10,3.819846,0.000388,10,3.820075,0.000654
4,4,10,1,0|2|1|1,0|0|2|4,0,10,3.821090,0.000753,10,3.821037,0.000814
4,4,10,1,0|2|1|2,0|0|2|3,0,10,3.816683,0.000789,10,3.817732,0.000643
4,4,10,1,0|2|1|3,0|0|2|2,0,10,3.812219,0.000780,10,3.812275,0.000576
4,4,10,1,0|2|1|4,0|0|2|1,0,10,3.805171,0.000528,10,3.805790,0.000895
4,4,10,1,0|2|1|5,0|0|2|0,0,10,3.793950,0.000877,10,3.793729,0.000658
4,4,10,1,0|2|1|0,0|0|3|4,0,10,3.801817,0.000442,10,3.801868,0.000982
4,4,10,1,0|2|1|1,0|0|3|3,0,10,3.802439,0.000589,10,3.802293,0.000532
4,4,10,1,0|2|1|2,0|0|3|2,0,10,3.795799,0.000919,10,3.795709,0.000841
4,4,10,1,0|2|1|3,0|0|3|1,0,10,3.786781,0.000724,10,3.786847,0.000478
4,4,10,1,0|2|1|4,0|0|3|0,0,10,3.768884,0.000577,10,3.769277,0.000514
4,4,10,1,0|2|1|0,0|0|4|3,0,10,3.772195,0.000764,10,3.771892,0.000731
4,4,10,1,0|2|1|1,0|0|4|2,0,10,3.770856,0.000723,10,3.771105,0.000370
4,4,10,1,0|2|1|2,0|0|4|1,0,10,3.757937,0.000870,10,3.758126,0.000618
4,4,10,1,0|2|1|3,0|0|4|0,0,10,3.733509,0.000746,10,3.732586,0.000557
4,4,10,1,0|2|1|0,0|0|5|2,0,10,3.723237,0.000466,10,3.722912,0.000509
4,4,10,1,0|2|1|1,0|0|5|1,0,10,3.713481,0.000471,10,3.713883,0.000469
4,4,10,1,0|2|1|2,0|0|5|0,0,10,3.678132,0.000679,10,3.678064,0.000311
4,4,10,1,0|2|1|0,0|0|6|1,0,10,3.628557,0.000251,10,3.628214,0.000546
4,4,10,1,0|2|1|1,0|0|6|0,0,10,3.585072,0.000423,10,3.585135,0.000318
4,4,10,1,0|2|1|0,0|0|7|0,0,10,3.377796,0.000407,10,3.377886,0.000339
4,4,10,1,0|2|2|0,0|0|0|6,0,10,3.819394,0.000895,10,3.819318,0.000979
4,4,10,1,0|2|2|1,0|0|0|5,0,10,3.820459,0.000500,10,3.821428,0.001027
4,4,10,1,0|2|2|2,0|0|0|4,0,10,3.817124,0.001385,10,3.817662,0.000739
4,4,10,1,0|2|2|3,0|0|0|3,0,10,3.813597,0.000860,10,3.813797,0.000695
4,4,10,1,0|2|2|4,0|0|0|2,0,10,3.808843,0.000413,10,3.809387,0.000606
4,4,10,1,0|2|2|5,0|0|0|1,0,10,3.803875,0.001105,10,3.803799,0.000712
4,4,10,1,0|2|2|6,0|0|0|0,0,10,3.794168,0.000727,10,3.793858,0.000694
4,4,10,1,0|2|2|0,0|0|1|5,0,10,3.815931,0.001013,10,3.815897,0.000995
4,4,10,1,0|2|2|1,0|0|1|4,0,10,3.817625,0.000887,10,3.817758,0.000797
4,4,10,1,0|2|2|2,0|0|1|3,0,10,3.813239,0.000577,10,3.812908,0.000697
4,4,10,1,0|2|2|3,0|0|1|2,0,10,3.807287,0.000786,10,3.807478,0.000814
4,4,10,1,0|2|2|4,0|0|1|1,0,10,3.799546,0.000994,10,3.799879,0.000605
4,4,10,1,0|2|2|5,0|0|1|0,0,10,3.786157,0.000845,10,3.786358,0.000626
4,4,10,1,0|2|2|0,0|0|2|4,0,10,3.798610,0.000553,10,3.798844,0.000869
4,4,10,1,0|2|2|1,0|0|2|3,0,10,3.799907,0.000565,10,3.799469,0.000593
4,4,10,1,0|2|2|2,0|0|2|2,0,10,3.791826,0.000829,10,3.792365,0.000903
4,4,10,1,0|2|2|3,0|0|2|1,0,10,3.781142,0.000577,10,3.780924,0.000700
4,4,10,1,0|2|2|4,0|0|2|0,0,10,3.761997,0.000530,10,3.761976,0.000336
4,4,10,1,0|2|2|0,0|0|3|3,0,10,3.769213,0.000594,10,3.769126,0.000733
4,4,10,1,0|2|2|1,0|0|3|2,0,10,3.768006,0.000481,10,3.768124,0.000776
4,4,10,1,0|2|2|2,0|0|3|1,0,10,3.753760,0.000603,10,3.753022,0.000719
4,4,10,1,0|2|2|3,0|0|3|0,0,10,3.726048,0.000641,10,3.725821,0.000814
4,4,10,1,0|2|2|0,0|0|4|2,0,10,3.719359,0.000459,10,3.719585,0.000356
4,4,10,1,0|2|2|1,0|0|4|1,0,10,3.710181,0.000612,10,3.710227,0.000460
4,4,10,1,0|2|2|2,0|0|4|0,0,10,3.671955,0.000531,10,3.671874,0.000200
4,4,10,1,0|2|2|0,0|0|5|1,0,10,3.626227,0.000426,10,3.626157,0.000402
4,4,10,1,0|2|2|1,0|0|5|0,0,10,3.581726,0.000610,10,3.581450,0.000431
4,4,10,1,0|2|2|0,0|0|6|0,0,10,3.380209,0.000260,10,3.380069,0.000355
4,4,10,1,0|2|3|0,0|0|0|5,0,10,3.812091,0.000715,10,3.811610,0.000917
4,4,10,1,0|2|3|1,0|0|0|4,0,10,3.814535,0.000597,10,3.814255,0.000906
4,4,10,1,0|2|3|2,0|0|0|3,0,10,3.808676,0.000712,10,3.808737,0.000860
4,4,10,1,0|2|3|3,0|0|0|2,0,10,3.802618,0.000647,10,3.802650,0.001085
4,4,10,1,0|2|3|4,0|0|0|1,0,10,3.793778,0.000804,10,3.794405,0.000765
4,4,10,1,0|2|3|5,0|0|0|0,0,10,3.778649,0.000955,10,3.778524,0.000514
4,4,10,1,0|2|3|0,0|0|1|4,0,10,3.795997,0.000776,10,3.796156,0.000649
4,4,10,1,0|2|3|1,0|0|1|3,0,10,3.798006,0.000882,10,3.798197,0.000609
4,4,10,1,0|2|3|2,0|0|1|2,0,10,3.789789,0.000517,10,3.789807,0.000789
4,4,10,1,0|2|3|3,0|0|1|1,0,10,3.778651,0.000591,10,3.778253,0.000605
4,4,10,1,0|2|3|4,0|0|1|0,0,10,3.757164,0.000799,10,3.757461,0.000624
4,4,10,1,0|2|3|0,0|0|2|3,0,10,3.766910,0.000776,10,3.766951,0.000642
4,4,10,1,0|2|3|1,0|0|2|2,0,10,3.766333,0.000567,10,3.766662,0.000522
4,4,10,1,0|2|3|2,0|0|2|1,0,10,3.751093,0.000919,10,3.751609,0.000610
4,4,10,1,0|2|3|3,0|0|2|0,0,10,3.721796,0.000433,10,3.722095,0.000636
4,4,10,1,0|2|3|0,0|0|3|2,0,10,3.718019,0.000441,10,3.718209,0.000474
4,4,10,1,0|2|3|1,0|0|3|1,0,10,3.709347,0.000559,10,3.709512,0.000617
4,4,10,1,0|2|3|2,0|0|3|0,0,10,3.668745,0.000732,10,3.668911,0.000416
4,4,10,1,0|2|3|0,0|0|4|1,0,10,3.625450,0.000546,10,3.625730,0.000338
4,4,10,1,0|2|3|1,0|0|4|0,0,10,3.580703,0.000247,10,3.580246,0.000496
4,4,10,1,0|2|3|0,0|0|5|0,0,10,3.381091,0.000433,10,3.381177,0.000266
4,4,10,1,0|2|4|0,0|0|0|4,0,10,3.794134,0.000720,10,3.794217,0.000581
4,4,10,1,0|2|4|1,0|0|0|3,0,10,3.796754,0.001076,10,3.796578,0.000544
4,4,10,1,0|2|4|2,0|0|0|2,0,10,3.788227,0.000848,10,3.787810,0.000966
4,4,10,1,0|2|4|3,0|0|0|1,0,10,3.776076,0.000392,10,3.776055,0.000635
4,4,10,1,0|2|4|4,0|0|0|0,0,10,3.753435,0.000800,10,3.753323,0.000418
4,4,10,1,0|2|4|0,0|0|1|3,0,10,3.765682,0.000706,10,3.765617,0.000661
4,4,10,1,0|2|4|1,0|0|1|2,0,10,3.765873,0.000357,10,3.766132,0.000641
4,4,10,1,0|2|4|2,0|0|1|1,0,10,3.750242,0.000784,10,3.750446,0.000540
4,4,10,1,0|2|4|3,0|0|1|0,0,10,3.719701,0.000788,10,3.719916,0.000834
4,4,10,1,0|2|4|0,0|0|2|2,0,10,3.716738,0.000572,10,3.717014,0.000642
4,4,10,1,0|2|4|1,0|0|2|1,0,10,3.709008,0.000501,10,3.708690,0.000316
4,4,10,1,0|2|4|2,0|0|2|0,0,10,3.667458,0.000402,10,3.667715,0.000456
4,4,10,1,0|2|4|0,0|0|3|1,0,10,3.625108,0.000343,10,3.625105,0.000384
4,4,10,1,0|2|4|1,0|0|3|0,0,10,3.580272,0.000552,10,3.580242,0.000427
4,4,10,1,0|2|4|0,0|0|4|0,0,10,3.381318,0.000346,10,3.381625,0.000286
4,4,10,1,0|2|5|0,0|0|0|3,0,10,3.764544,0.000611,10,3.764942,0.000871
4,4,10,1,0|2|5|1,0|0|0|2,0,10,3.765396,0.000705,10,3.765548,0.000610
4,4,10,1,0|2|5|2,0|0|0|1,0,10,3.749935,0.000540,10,3.749501,0.000350
4,4,10,1,0|2|5|3,0|0|0|0,0,10,3.718572,0.000562,10,3.718538,0.000736
4,4,10,1,0|2|5|0,0|0|1|2,0,10,3.716327,0.000733,10,3.716678,0.000595
4,4,10,1,0|2|5|1,0|0|1|1,0,10,3.708785,0.000266,10,3.708810,0.000796
4,4,10,1,0|2|5|2,0|0|1|0,0,10,3.667201,0.000663,10,3.666996,0.000575
4,4,10,1,0|2|5|0,0|0|2|1,0,10,3.624865,0.000436,10,3.625218,0.000374
4,4,10,1,0|2|5|1,0|0|2|0,0,10,3.580114,0.000383,10,3.580009,0.000457
4,4,10,1,0|2|5|0,0|0|3|0,0,10,3.381515,0.000432,10,3.381501,0.000478
4,4,10,1,0|2|6|0,0|0|0|2,0,10,3.716110,0.000493,10,3.715990,0.000609
4,4,10,1,0|2|6|1,0|0|0|1,0,10,3.708747,0.000604,10,3.708574,0.000415
4,4,10,1,0|2|6|2,0|0|0|0,0,10,3.666517,0.000526,10,3.666514,0.000484
4,4,10,1,0|2|6|0,0|0|1|1,0,10,3.624646,0.000227,10,3.624780,0.000519
4,4,10,1,0|2|6|1,0|0|1|0,0,10,3.579727,0.000599,10,3.579780,0.000468
4,4,10,1,0|2|6|0,0|0|2|0,0,10,3.381716,0.000221,10,3.381754,0.000345
4,4,10,1,0|2|7|0,0|0|0|1,0,10,3.624603,0.000462,10,3.624541,0.000672
4,4,10,1,0|2|7|1,0|0|0|0,0,10,3.579797,0.000367,10,3.579662,0.000346
4,4,10,1,0|2|7|0,0|0|1|0,0,10,3.381750,0.000344,10,3.381641,0.000332
4,4,10,1,0|2|8|0,0|0|0|0,0,10,3.381426,0.000472,10,3.381698,0.000293
4,4,10,1,0|2|0|0,0|1|0|7,0,10,3.665353,0.000613,10,3.665105,0.000338
4,4,10,1,0|2|0|1,0|1|0|6,0,10,3.666532,0.000460,10,3.666457,0.000607
4,4,10,1,0|2|0|2,0|1|0|5,0,10,3.665799,0.000405,10,3.665326,0.000390
4,4,10,1,0|2|0|3,0|1|0|4,0,10,3.664700,0.000378,10,3.664558,0.000434
4,4,10,1,0|2|0|4,0|1|0|3,0,10,3.663595,0.000316,10,3.663404,0.000260
4,4,10,1,0|2|0|5,0|1|0|2,0,10,3.661562,0.000366,10,3.661572,0.000288
4,4,10,1,0|2|0|6,0|1|0|1,0,10,3.659788,0.000695,10,3.659767,0.000534
4,4,10,1,0|2|0|7,0|1|0|0,0,10,3.657084,0.000495,10,3.656648,0.000323
4,4,10,1,0|2|0|0,0|1|1|6,0,10,3.812707,0.000920,10,3.812393,0.000725
4,4,10,1,0|2|0|1,0|1|1|5,0,10,3.814647,0.000941,10,3.814451,0.001220
4,4,10,1,0|2|0|2,0|1|1|4,0,10,3.812222,0.000894,10,3.812733,0.000886
4,4,10,1,0|2|0|3,0|1|1|3,0,10,3.809929,0.000887,10,3.809479,0.000888
4,4,10,1,0|2|0|4,0|1|1|2,0,10,3.806289,0.000532,10,3.806026,0.000713
4,4,10,1,0|2|0|5,0|1|1|1,0,10,3.802635,0.000767,10,3.802497,0.001014
4,4,10,1,0|2|0|6,0|1|1|0,0,10,3.795579,0.000977,10,3.795301,0.001032
4,4,10,1,0|2|0|0,0|1|2|5,0,10,3.817038,0.000734,10,3.817575,0.000817
4,4,10,1,0|2|0|1,0|1|2|4,0,10,3.819977,0.001163,10,3.819788,0.000878
4,4,10,1,0|2|0|2,0|1|2|3,0,10,3.816076,0.000936,10,3.816297,0.000669
4,4,10,1,0|2|0|3,0|1|2|2,0,10,3.811292,0.000723,10,3.811751,0.000630
4,4,10,1,0|2|0|4,0|1|2|1,0,10,3.805839,0.001317,10,3.805578,0.000579
4,4,10,1,0|2|0|5,0|1|2|0,0,10,3.794546,0.000591,10,3.794144,0.000802
4,4,10,1,0|2|0|0,0|1|3|4,0,10,3.802583,0.000948,10,3.802527,0.000716
4,4,10,1,0|2|0|1,0|1|3|3,0,10,3.804691,0.000584,10,3.805044,0.000686
4,4,10,1,0|2|0|2,0|1|3|2,0,10,3.798840,0.000756,10,3.798352,0.000728
4,4,10,1,0|2|0|3,0|1|3|1,0,10,3.789910,0.000871,10,3.789645,0.000673
4,4,10,1,0|2|0|4,0|1|3|0,0,10,3.772818,0.000496,10,3.772714,0.000448
4,4,10,1,0|2|0|0,0|1|4|3,0,10,3.774221,0.000675,10,3.774301,0.000539
4,4,10,1,0|2|0|1,0|1|4|2,0,10,3.775821,0.000940,10,3.775485,0.000702
4,4,10,1,0|2|0|2,0|1|4|1,0,10,3.762992,0.000307,10,3.762823,0.000750
4,4,10,1,0|2|0|3,0|1|4|0,0,10,3.738109,0.000494,10,3.738274,0.000427
4,4,10,1,0|2|0|0,0|1|5|2,0,10,3.725761,0.000321,10,3.725578,0.000651
4,4,10,1,0|2|0|1,0|1|5|1,0,10,3.719778,0.000302,10,3.719862,0.000342
4,4,10,1,0|2|0|2,0|1|5|0,0,10,3.684746,0.000506,10,3.684766,0.000602
4,4,10,1,0|2|0|0,0|1|6|1,0,10,3.631536,0.000371,10,3.631464,0.000368
4,4,10,1,0|2|0|1,0|1|6|0,0,10,3.591741,0.000481,10,3.591413,0.000396
4,4,10,1,0|2|0|0,0|1|7|0,0,10,3.373412,0.000386,10,3.373358,0.000405
4,4,10,1,0|2|1|0,0|1|0|6,0,10,3.794408,0.000900,10,3.794701,0.000829
4,4,10,1,0|2|1|1,0|1|0|5,0,10,3.795848,0.000679,10,3.795932,0.000832
4,4,10,1,0|2|1|2,0|1|0|4,0,10,3.792992,0.000767,10,3.793219,0.000767
4,4,10,1,0|2|1|3,0|1|0|3,0,10,3.789827,0.000987,10,3.789982,0.000571
4,4,10,1,0|2|1|4,0|1|0|2,0,10,3.786353,0.000706,10,3.786160,0.001084
4,4,10,1,0|2|1|5,0|1|0|1,0,10,3.781198,0.000931,10,3.780724,0.000722
4,4,10,1,0|2|1|6,0|1|0|0,0,10,3.772934,0.000879,10,3.772204,0.000456
4,4,10,1,0|2|1|0,0|1|1|5,0,10,3.814552,0.000889,10,3.814107,0.000866
4,4,10,1,0|2|1|1,0|1|1|4,0,10,3.815056,0.000574,10,3.815378,0.000564
4,4,10,1,0|2|1|2,0|1|1|3,0,10,3.811276,0.000759,10,3.811133,0.000992
4,4,10,1,0|2|1|3,0|1|1|2,0,10,3.806785,0.000662,10,3.806487,0.000552
4,4,10,1,0|2|1|4,0|1|1|1,0,10,3.799641,0.001121,10,3.800030,0.000820
4,4,10,1,0|2|1|5,0|1|1|0,0,10,3.788365,0.000916,10,3.788210,0.000673
4,4,10,1,0|2|1|0,0|1|2|4,0,10,3.800492,0.000664,10,3.800516,0.000436
4,4,10,1,0|2|1|1,0|1|2|3,0,10,3.801360,0.000690,10,3.801170,0.000939
4,4,10,1,0|2|1|2,0|1|2|2,0,10,3.793900,0.000617,10,3.794199,0.001057
4,4,10,1,0|2|1|3,0|1|2|1,0,10,3.785517,0.000734,10,3.785494,0.000682
4,4,10,1,0|2|1|4,0|1|2|0,0,10,3.768206,0.000566,10,3.767866,0.000595
4,4,10,1,0|2|1|0,0|1|3|3,0,10,3.772098,0.000664,10,3.772821,0.000656
4,4,10,1,0|2|1|1,0|1|3|2,0,10,3.770831,0.000608,10,3.770498,0.000861
4,4,10,1,0|2|1|2,0|1|3|1,0,10,3.758413,0.000723,10,3.758015,0.001019
4,4,10,1,0|2|1|3,0|1|3|0,0,10,3.733184,0.000607,10,3.732856,0.000749
4,4,10,1,0|2|1|0,0|1|4|2,0,10,3.723140,0.000457,10,3.723172,0.000465
4,4,10,1,0|2|1|1,0|1|4|1,0,10,3.713718,0.000523,10,3.714011,0.000623
4,4,10,1,0|2|1|2,0|1|4|0,0,10,3.678373,0.000425,10,3.678557,0.000544
4,4,10,1,0|2|1|0,0|1|5|1,0,10,3.628957,0.000368,10,3.628884,0.000433
4,4,10,1,0|2|1|1,0|1|5|0,0,10,3.585510,0.000430,10,3.585729,0.000260
4,4,10,1,0|2|1|0,0|1|6|0,0,10,3.378617,0.000428,10,3.378789,0.000359
4,4,10,1,0|2|2|0,0|1|0|5,0,10,3.805239,0.000876,10,3.805071,0.000603
4,4,10,1,0|2|2|1,0|1|0|4,0,10,3.806496,0.001062,10,3.806982,0.000812
4,4,10,1,0|2|2|2,0|1|0|3,0,10,3.801504,0.000760,10,3.802078,0.000828
4,4,10,1,0|2|2|3,0|1|0|2,0,10,3.795740,0.000694,10,3.795308,0.000582
4,4,10,1,0|2|2|4,0|1|0|1,0,10,3.787296,0.000728,10,3.787322,0.000532
4,4,10,1,0|2|2|5,0|1|0|0,0,10,3.773343,0.000832,10,3.772796,0.001005
4,4,10,1,0|2|2|0,0|1|1|4,0,10,3.796604,0.000616,10,3.796068,0.001173
4,4,10,1,0|2|2|1,0|1|1|3,0,10,3.797553,0.000879,10,3.797219,0.000856
4,4,10,1,0|2|2|2,0|1|1|2,0,10,3.789705,0.000808,10,3.789647,0.000679
4,4,10,1,0|2|2|3,0|1|1|1,0,10,3.779336,0.000672,10,3.779334,0.000619
4,4,10,1,0|2|2|4,0|1|1|0,0,10,3.759870,0.000786,10,3.759832,0.000498
4,4,10,1,0|2|2|0,0|1|2|3,0,10,3.768694,0.000360,10,3.768649,0.000652
4,4,10,1,0|2|2|1,0|1|2|2,0,10,3.767873,0.000488,10,3.767863,0.000438
4,4,10,1,0|2|2|2,0|1|2|1,0,10,3.753260,0.000520,10,3.752845,0.000579
4,4,10,1,0|2|2|3,0|1|2|0,0,10,3.725336,0.000533,10,3.725669,0.000518
4,4,10,1,0|2|2|0,0|1|3|2,0,10,3.719579,0.000388,10,3.720087,0.000619
4,4,10,1,0|2|2|1,0|1|3|1,0,10,3.710558,0.000628,10,3.710430,0.000696
4,4,10,1,0|2|2|2,0|1|3|0,0,10,3.672189,0.000322,10,3.672205,0.000609
4,4,10,1,0|2|2|0,0|1|4|1,0,10,3.626849,0.000399,10,3.627076,0.000522
4,4,10,1,0|2|2|1,0|1|4|0,0,10,3.582236,0.000430,10,3.582232,0.000442
4,4,10,1,0|2|2|0,0|1|5|0,0,10,3.380947,0.000308,10,3.381182,0.000352
4,4,10,1,0|2|3|0,0|1|0|4,0,10,3.791770,0.000864,10,3.791762,0.000479
4,4,10,1,0|2|3|1,0|1|0|3,0,10,3.793629,0.000742,10,3.793558,0.000539
4,4,10,1,0|2|3|2,0|1|0|2,0,10,3.785099,0.000762,10,3.785295,0.000915
4,4,10,1,0|2|3|3,0|1|0|1,0,10,3.773290,0.000707,10,3.773382,0.000484
4,4,10,1,0|2|3|4,0|1|0|0,0,10,3.751222,0.000435,10,3.751428,0.000676
4,4,10,1,0|2|3|0,0|1|1|3,0,10,3.766378,0.000582,10,3.765796,0.000931
4,4,10,1,0|2|3|1,0|1|1|2,0,10,3.765975,0.000473,10,3.765815,0.000823
4,4,10,1,0|2|3|2,0|1|1|1,0,10,3.750008,0.000608,10,3.750582,0.000824
4,4,10,1,0|2|3|3,0|1|1|0,0,10,3.721019,0.000765,10,3.721142,0.000575
4,4,10,1,0|2|3|0,0|1|2|2,0,10,3.717682,0.000483,10,3.718203,0.000775
4,4,10,1,0|2|3|1,0|1|2|1,0,10,3.709712,0.000364,10,3.709583,0.000458
4,4,10,1,0|2|3|2,0|1|2|0,0,10,3.668977,0.000397,10,3.668969,0.000457
4,4,10,1,0|2|3|0,0|1|3|1,0,10,3.626063,0.000437,10,3.626091,0.000458
4,4,10,1,0|2|3|1,0|1|3|0,0,10,3.581010,0.000288,10,3.580844,0.000429
4,4,10,1,0|2|3|0,0|1|4|0,0,10,3.381980,0.000162,10,3.381914,0.000517
4,4,10,1,0|2|4|0,0|1|0|3,0,10,3.764029,0.000479,10,3.764511,0.000904
4,4,10,1,0|2|4|1,0|1|0|2,0,10,3.764492,0.000715,10,3.764300,0.000928
4,4,10,1,0|2|4|2,0|1|0|1,0,10,3.748669,0.000674,10,3.748080,0.000515
4,4,10,1,0|2|4|3,0|1|0|0,0,10,3.717686,0.000836,10,3.717807,0.000220
4,4,10,1,0|2|4|0,0|1|1|2,0,10,3.716518,0.000383,10,3.717011,0.000365
4,4,10,1,0|2|4|1,0|1|1|1,0,10,3.708905,0.000477,10,3.708896,0.000580
4,4,10,1,0|2|4|2,0|1|1|0,0,10,3.667381,0.000576,10,3.667715,0.000296
4,4,10,1,0|2|4|0,0|1|2|1,0,10,3.625593,0.000381,10,3.625569,0.000359
4,4,10,1,0|2|4|1,0|1|2|0,0,10,3.580407,0.000589,10,3.580539,0.000350
4,4,10,1,0|2|4|0,0|1|3|0,0,10,3.382355,0.000503,10,3.382411,0.000483
4,4,10,1,0|2|5|0,0|1|0|2,0,10,3.716021,0.000628,10,3.715625,0.000476
4,4,10,1,0|2|5|1,0|1|0|1,0,10,3.708732,0.000456,10,3.708474,0.000601
4,4,10,1,0|2|5|2,0|1|0|0,0,10,3.666593,0.000703,10,3.666316,0.000714
4,4,10,1,0|2|5|0,0|1|1|1,0,10,3.625294,0.000455,10,3.625646,0.000466
4,4,10,1,0|2|5|1,0|1|1|0,0,10,3.580302,0.000432,10,3.580504,0.000534
4,4,10,1,0|2|5|0,0|1|2|0,0,10,3.382496,0.000287,10,3.382459,0.000339
4,4,10,1,0|2|6|0,0|1|0|1,0,10,3.624906,0.000382,10,3.624769,0.000423
4,4,10,1,0|2|6|1,0|1|0|0,0,10,3.580053,0.000291,10,3.579778,0.000536
4,4,10,1,0|2|6|0,0|1|1|0,0,10,3.382424,0.000352,10,3.382214,0.000424
4,4,10,1,0|2|7|0,0|1|0|0,0,10,3.382346,0.000453,10,3.382236,0.000290
4,4,10,1,0|2|0|0,0|2|0|6,0,10,3.659312,0.000351,10,3.659172,0.000553
4,4,10,1,0|2|0|1,0|2|0|5,0,10,3.660529,0.000463,10,3.660730,0.000355
4,4,10,1,0|2|0|2,0|2|0|4,0,10,3.659523,0.000339,10,3.659519,0.000560
4,4,10,1,0|2|0|3,0|2|0|3,0,10,3.657771,0.000523,10,3.657682,0.000791
4,4,10,1,0|2|0|4,0|2|0|2,0,10,3.655403,0.000329,10,3.655007,0.000678
4,4,10,1,0|2|0|5,0|2|0|1,0,10,3.652336,0.000676,10,3.652859,0.000741
4,4,10,1,0|2|0|6,0|2|0|0,0,10,3.647735,0.000314,10,3.647718,0.000555
4,4,10,1,0|2|0|0,0|2|1|5,0,10,3.798632,0.000804,10,3.798709,0.001119
4,4,10,1,0|2|0|1,0|2|1|4,0,10,3.801475,0.001036,10,3.801058,0.000592
4,4,10,1,0|2|0|2,0|2|1|3,0,10,3.797995,0.000626,10,3.797907,0.000529
4,4,10,1,0|2|0|3,0|2|1|2,0,10,3.793239,0.001237,10,3.793775,0.000651
4,4,10,1,0|2|0|4,0|2|1|1,0,10,3.787437,0.000736,10,3.787146,0.000628
4,4,10,1,0|2|0|5,0|2|1|0,0,10,3.776693,0.000577,10,3.776587,0.000561
4,4,10,1,0|2|0|0,0|2|2|4,0,10,3.797884,0.001020,10,3.797970,0.000398
4,4,10,1,0|2|0|1,0|2|2|3,0,10,3.800859,0.000757,10,3.800156,0.000847
4,4,10,1,0|2|0|2,0|2|2|2,0,10,3.794213,0.000843,10,3.794141,0.000712
4,4,10,1,0|2|0|3,0|2|2|1,0,10,3.784981,0.000804,10,3.785462,0.000708
4,4,10,1,0|2|0|4,0|2|2|0,0,10,3.768514,0.000770,10,3.768917,0.000652
4,4,10,1,0|2|0|0,0|2|3|3,0,10,3.772843,0.000534,10,3.773282,0.000422
4,4,10,1,0|2|0|1,0|2|3|2,0,10,3.773759,0.000580,10,3.773412,0.000369
4,4,10,1,0|2|0|2,0|2|3|1,0,10,3.761459,0.000421,10,3.761697,0.000442
4,4,10,1,0|2|0|3,0|2|3|0,0,10,3.736920,0.000459,10,3.737058,0.000711
4,4,10,1,0|2|0|0,0|2|4|2,0,10,3.725347,0.000426,10,3.725155,0.000635
4,4,10,1,0|2|0|1,0|2|4|1,0,10,3.719458,0.000418,10,3.719114,0.000461
4,4,10,1,0|2|0|2,0|2|4|0,0,10,3.684041,0.000408,10,3.684263,0.000409
4,4,10,1,0|2|0|0,0|2|5|1,0,10,3.631435,0.000421,10,3.631344,0.000385
4,4,10,1,0|2|0|1,0|2|5|0,0,10,3.591190,0.000431,10,3.591441,0.000401
4,4,10,1,0|2|0|0,0|2|6|0,0,10,3.373367,0.000407,10,3.373334,0.000398
4,4,10,1,0|2|1|0,0|2|0|5,0,10,3.780147,0.000528,10,3.780449,0.000526
4,4,10,1,0|2|1|1,0|2|0|4,0,10,3.781334,0.000730,10,3.781356,0.000621
4,4,10,1,0|2|1|2,0|2|0|3,0,10,3.777180,0.001152,10,3.777243,0.000729
4,4,10,1,0|2|1|3,0|2|0|2,0,10,3.771928,0.000544,10,3.771969,0.000424
4,4,10,1,0|2|1|4,0|2|0|1,0,10,3.764791,0.000822,10,3.764764,0.000835
4,4,10,1,0|2|1|5,0|2|0|0,0,10,3.752275,0.000719,10,3.752455,0.000567
4,4,10,1,0|2|1|0,0|2|1|4,0,10,3.794287,0.000840,10,3.794774,0.000976
4,4,10,1,0|2|1|1,0|2|1|3,0,10,3.795024,0.000599,10,3.794474,0.000766
4,4,10,1,0|2|1|2,0|2|1|2,0,10,3.787945,0.000632,10,3.788038,0.000782
4,4,10,1,0|2|1|3,0|2|1|1,0,10,3.778844,0.001012,10,3.778967,0.000607
4,4,10,1,0|2|1|4,0|2|1|0,0,10,3.761454,0.000863,10,3.761355,0.000238
4,4,10,1,0|2|1|0,0|2|2|3,0,10,3.770763,0.000714,10,3.770240,0.000794
4,4,10,1,0|2|1|1,0|2|2|2,0,10,3.769039,0.000531,10,3.768933,0.000631
4,4,10,1,0|2|1|2,0|2|2|1,0,10,3.756168,0.000565,10,3.756159,0.000660
4,4,10,1,0|2|1|3,0|2|2|0,0,10,3.730871,0.000672,10,3.730966,0.000636
4,4,10,1,0|2|1|0,0|2|3|2,0,10,3.722615,0.000574,10,3.722720,0.000552
4,4,10,1,0|2|1|1,0|2|3|1,0,10,3.713544,0.000649,10,3.713418,0.000497
4,4,10,1,0|2|1|2,0|2|3|0,0,10,3.677866,0.000595,10,3.677977,0.000381
4,4,10,1,0|2|1|0,0|2|4|1,0,10,3.628903,0.000361,10,3.628774,0.000488
4,4,10,1,0|2|1|1,0|2|4|0,0,10,3.585458,0.000324,10,3.585609,0.000520
4,4,10,1,0|2|1|0,0|2|5|0,0,10,3.378625,0.000230,10,3.378612,0.000378
4,4,10,1,0|2|2|0,0|2|0|4,0,10,3.784782,0.000576,10,3.784530,0.001002
4,4,10,1,0|2|2|1,0|2|0|3,0,10,3.785343,0.000802,10,3.785652,0.000527
4,4,10,1,0|2|2|2,0|2|0|2,0,10,3.777150,0.000974,10,3.777132,0.000668
4,4,10,1,0|2|2|3,0|2|0|1,0,10,3.765578,0.000683,10,3.765713,0.000555
4,4,10,1,0|2|2|4,0|2|0|0,0,10,3.744638,0.000819,10,3.745034,0.000683
4,4,10,1,0|2|2|0,0|2|1|3,0,10,3.765721,0.000326,10,3.766115,0.000723
4,4,10,1,0|2|2|1,0|2|1|2,0,10,3.764725,0.000823,10,3.764392,0.000330
4,4,10,1,0|2|2|2,0|2|1|1,0,10,3.749878,0.000659,10,3.749895,0.000645
4,4,10,1,0|2|2|3,0|2|1|0,0,10,3.722322,0.000634,10,3.722134,0.000653
4,4,10,1,0|2|2|0,0|2|2|2,0,10,3.719076,0.000593,10,3.718851,0.000635
4,4,10,1,0|2|2|1,0|2|2|1,0,10,3.709701,0.000477,10,3.709524,0.000245
4,4,10,1,0|2|2|2,0|2|2|0,0,10,3.671019,0.000566,10,3.671284,0.000361
4,4,10,1,0|2|2|0,0|2|3|1,0,10,3.626351,0.000537,10,3.626455,0.000460
4,4,10,1,0|2|2|1,0|2|3|0,0,10,3.581706,0.000453,10,3.582141,0.000322
4,4,10,1,0|2|2|0,0|2|4|0,0,10,3.380780,0.000304,10,3.380792,0.000300
4,4,10,1,0|2|3|0,0|2|0|3,0,10,3.761212,0.000805,10,3.760698,0.000661
4,4,10,1,0|2|3|1,0|2|0|2,0,10,3.760583,0.000775,10,3.760807,0.000646
4,4,10,1,0|2|3|2,0|2|0|1,0,10,3.744967,0.000893,10,3.744477,0.000670
4,4,10,1,0|2|3|3,0|2|0|0,0,10,3.714013,0.000623,10,3.713842,0.000734
4,4,10,1,0|2|3|0,0|2|1|2,0,10,3.716576,0.000448,10,3.716417,0.000348
4,4,10,1,0|2|3|1,0|2|1|1,0,10,3.708450,0.000768,10,3.707815,0.000633
4,4,10,1,0|2|3|2,0|2|1|0,0,10,3.667265,0.000748,10,3.666983,0.000472
4,4,10,1,0|2|3|0,0|2|2|1,0,10,3.625777,0.000326,10,3.625368,0.000556
4,4,10,1,0|2|3|1,0|2|2|0,0,10,3.580467,0.000361,10,3.580626,0.000470
4,4,10,1,0|2|3|0,0|2|3|0,0,10,3.381600,0.000420,10,3.381847,0.000385
4,4,10,1,0|2|4|0,0|2|0|2,0,10,3.714432,0.000435,10,3.714570,0.000606
4,4,10,1,0|2|4|1,0|2|0|1,0,10,3.706652,0.000463,10,3.706796,0.000387
4,4,10,1,0|2|4|2,0|2|0|0,0,10,3.663963,0.000430,10,3.664496,0.000311
4,4,10,1,0|2|4|0,0|2|1|1,0,10,3.624813,0.000547,10,3.624941,0.000438
4,4,10,1,0|2|4|1,0|2|1|0,0,10,3.579727,0.000424,10,3.579895,0.000417
4,4,10,1,0|2|4|0,0|2|2|0,0,10,3.381994,0.000497,10,3.382131,0.000365
4,4,10,1,0|2|5|0,0|2|0|1,0,10,3.624273,0.000436,10,3.623987,0.000427
4,4,10,1,0|2|5|1,0|2|0|0,0,10,3.579153,0.000336,10,3.578901,0.000442
4,4,10,1,0|2|5|0,0|2|1|0,0,10,3.382040,0.000479,10,3.382009,0.000369
4,4,10,1,0|2|6|0,0|2|0|0,0,10,3.381771,0.000302,10,3.381719,0.000304
4,4,10,1,0|2|0|0,0|3|0|5,0,10,3.650078,0.000570,10,3.650048,0.000360
4,4,10,1,0|2|0|1,0|3|0|4,0,10,3.651936,0.000555,10,3.652017,0.000274
4,4,10,1,0|2|0|2,0|3|0|3,0,10,3.649677,0.000707,10,3.649620,0.000445
4,4,10,1,0|2|0|3,0|3|0|2,0,10,3.646485,0.000421,10,3.646464,0.000585
4,4,10,1,0|2|0|4,0|3|0|1,0,10,3.641769,0.000590,10,3.641614,0.000410
4,4,10,1,0|2|0|5,0|3|0|0,0,10,3.634088,0.000292,10,3.634062,0.000357
4,4,10,1,0|2|0|0,0|3|1|4,0,10,3.779171,0.000795,10,3.780043,0.000687
4,4,10,1,0|2|0|1,0|3|1|3,0,10,3.781576,0.000827,10,3.781082,0.000391
4,4,10,1,0|2|0|2,0|3|1|2,0,10,3.775304,0.001145,10,3.775290,0.000620
4,4,10,1,0|2|0|3,0|3|1|1,0,10,3.766736,0.000572,10,3.766705,0.000920
4,4,10,1,0|2|0|4,0|3|1|0,0,10,3.750008,0.000686,10,3.750629,0.000520
4,4,10,1,0|2|0|0,0|3|2|3,0,10,3.768444,0.000522,10,3.768559,0.000494
4,4,10,1,0|2|0|1,0|3|2|2,0,10,3.768572,0.000735,10,3.769222,0.000743
4,4,10,1,0|2|0|2,0|3|2|1,0,10,3.756698,0.000883,10,3.756647,0.000560
4,4,10,1,0|2|0|3,0|3|2|0,0,10,3.732044,0.000517,10,3.732014,0.000461
4,4,10,1,0|2|0|0,0|3|3|2,0,10,3.723703,0.000525,10,3.723718,0.000490
4,4,10,1,0|2|0|1,0|3|3|1,0,10,3.717635,0.000571,10,3.717604,0.000719
4,4,10,1,0|2|0|2,0|3|3|0,0,10,3.682218,0.000486,10,3.682195,0.000589
4,4,10,1,0|2|0|0,0|3|4|1,0,10,3.630716,0.000425,10,3.630792,0.000548
4,4,10,1,0|2|0|1,0|3|4|0,0,10,3.590693,0.000503,10,3.590577,0.000484
4,4,10,1,0|2|0|0,0|3|5|0,0,10,3.373057,0.000383,10,3.373176,0.000432
4,4,10,1,0|2|1|0,0|3|0|4,0,10,3.759645,0.000483,10,3.759923,0.000777
4,4,10,1,0|2|1|1,0|3|0|3,0,10,3.759805,0.000594,10,3.759977,0.000825
4,4,10,1,0|2|1|2,0|3|0|2,0,10,3.752733,0.000488,10,3.752991,0.000302
4,4,10,1,0|2|1|3,0|3|0|1,0,10,3.742767,0.000715,10,3.743087,0.000483
4,4,10,1,0|2|1|4,0|3|0|0,0,10,3.724210,0.000421,10,3.724010,0.000571
4,4,10,1,0|2|1|0,0|3|1|3,0,10,3.763612,0.000868,10,3.763509,0.000742
4,4,10,1,0|2|1|1,0|3|1|2,0,10,3.761453,0.000843,10,3.761772,0.000832
4,4,10,1,0|2|1|2,0|3|1|1,0,10,3.748691,0.000577,10,3.748708,0.000717
4,4,10,1,0|2|1|3,0|3|1|0,0,10,3.723152,0.000181,10,3.723979,0.000466
4,4,10,1,0|2|1|0,0|3|2|2,0,10,3.720601,0.000729,10,3.720594,0.000444
4,4,10,1,0|2|1|1,0|3|2|1,0,10,3.711263,0.000714,10,3.710977,0.000752
4,4,10,1,0|2|1|2,0|3|2|0,0,10,3.675490,0.000571,10,3.675525,0.000489
4,4,10,1,0|2|1|0,0|3|3|1,0,10,3.627745,0.000414,10,3.628003,0.000452
4,4,10,1,0|2|1|1,0|3|3|0,0,10,3.584491,0.000437,10,3.584418,0.000481
4,4,10,1,0|2|1|0,0|3|4|0,0,10,3.378374,0.000407,10,3.378326,0.000351
4,4,10,1,0|2|2|0,0|3|0|3,0,10,3.753211,0.000651,10,3.753460,0.000449
4,4,10,1,0|2|2|1,0|3|0|2,0,10,3.751030,0.000814,10,3.751098,0.000622
4,4,10,1,0|2|2|2,0|3|0|1,0,10,3.735774,0.000760,10,3.735776,0.000543
4,4,10,1,0|2|2|3,0|3|0|0,0,10,3.706541,0.000612,10,3.706207,0.000596
4,4,10,1,0|2|2|0,0|3|1|2,0,10,3.715647,0.000450,10,3.715363,0.000559
4,4,10,1,0|2|2|1,0|3|1|1,0,10,3.705982,0.000560,10,3.705812,0.000487
4,4,10,1,0|2|2|2,0|3|1|0,0,10,3.667042,0.000397,10,3.667033,0.000608
4,4,10,1,0|2|2|0,0|3|2|1,0,10,3.625381,0.000336,10,3.625423,0.000509
4,4,10,1,0|2|2|1,0|3|2|0,0,10,3.580379,0.000378,10,3.580398,0.000513
4,4,10,1,0|2|2|0,0|3|3|0,0,10,3.380296,0.000585,10,3.380447,0.000262
4,4,10,1,0|2|3|0,0|3|0|2,0,10,3.710850,0.000606,10,3.710790,0.000414
4,4,10,1,0|2|3|1,0|3|0|1,0,10,3.701941,0.000579,10,3.701939,0.000562
4,4,10,1,0|2|3|2,0|3|0|0,0,10,3.660120,0.000578,10,3.659930,0.000543
4,4,10,1,0|2|3|0,0|3|1|1,0,10,3.623553,0.000633,10,3.623953,0.000349
4,4,10,1,0|2|3|1,0|3|1|0,0,10,3.578724,0.000400,10,3.578781,0.000300
4,4,10,1,0|2|3|0,0|3|2|0,0,10,3.380978,0.000220,10,3.380943,0.000335
4,4,10,1,0|2|4|0,0|3|0|1,0,10,3.621861,0.000488,10,3.622114,0.000369
4,4,10,1,0|2|4|1,0|3|0|0,0,10,3.576751,0.000357,10,3.576646,0.000599
4,4,10,1,0|2|4|0,0|3|1|0,0,10,3.381112,0.000336,10,3.380981,0.000528
4,4,10,1,0|2|5|0,0|3|0|0,0,10,3.380477,0.000352,10,3.380440,0.000333
4,4,10,1,0|2|0|0,0|4|0|4,0,10,3.635247,0.000368,10,3.634934,0.000389
4,4,10,1,0|2|0|1,0|4|0|3,0,10,3.637131,0.000590,10,3.637087,0.000433
4,4,10,1,0|2|0|2,0|4|0|2,0,10,3.632419,0.000572,10,3.632617,0.000400
4,4,10,1,0|2|0|3,0|4|0|1,0,10,3.625834,0.000350,10,3.625921,0.000410
4,4,10,1,0|2|0|4,0|4|0|0,0,10,3.612566,0.000423,10,3.612652,0.000387
4,4,10,1,0|2|0|0,0|4|1|3,0,10,3.748247,0.000736,10,3.748489,0.000614
4,4,10,1,0|2|0|1,0|4|1|2,0,10,3.748470,0.000433,10,3.748607,0.000680
4,4,10,1,0|2|0|2,0|4|1|1,0,10,3.737005,0.000611,10,3.736531,0.000602
4,4,10,1,0|2|0|3,0|4|1|0,0,10,3.712560,0.000819,10,3.712944,0.000507
4,4,10,1,0|2|0|0,0|4|2|2,0,10,3.718062,0.000549,10,3.718115,0.000551
4,4,10,1,0|2|0|1,0|4|2|1,0,10,3.711293,0.000633,10,3.711127,0.000511
4,4,10,1,0|2|0|2,0|4|2|0,0,10,3.676353,0.000664,10,3.676788,0.000509
4,4,10,1,0|2|0|0,0|4|3|1,0,10,3.628437,0.000595,10,3.628353,0.000489
4,4,10,1,0|2|0|1,0|4|3|0,0,10,3.588461,0.000478,10,3.588525,0.000472
4,4,10,1,0|2|0|0,0|4|4|0,0,10,3.372142,0.000343,10,3.372025,0.000610
4,4,10,1,0|2|1|0,0|4|0|3,0,10,3.728134,0.000541,10,3.727948,0.000725
4,4,10,1,0|2|1|1,0|4|0|2,0,10,3.725128,0.000790,10,3.725348,0.000450
4,4,10,1,0|2|1|2,0|4|0|1,0,10,3.711400,0.000546,10,3.711541,0.000446
4,4,10,1,0|2|1|3,0|4|0|0,0,10,3.684268,0.000676,10,3.684403,0.000655
4,4,10,1,0|2|1|0,0|4|1|2,0,10,3.712676,0.000355,10,3.712424,0.000597
4,4,10,1,0|2|1|1,0|4|1|1,0,10,3.702181,0.000737,10,3.702577,0.000599
4,4,10,1,0|2|1|2,0|4|1|0,0,10,3.666456,0.000573,10,3.666686,0.000540
4,4,10,1,0|2|1|0,0|4|2|1,0,10,3.625224,0.000363,10,3.625231,0.000740
4,4,10,1,0|2|1|1,0|4|2|0,0,10,3.581664,0.000382,10,3.581538,0.000593
4,4,10,1,0|2|1|0,0|4|3|0,0,10,3.377405,0.000446,10,3.377191,0.000224
4,4,10,1,0|2|2|0,0|4|0|2,0,10,3.701535,0.000738,10,3.701658,0.000460
4,4,10,1,0|2|2|1,0|4|0|1,0,10,3.690899,0.000402,10,3.691406,0.000724
4,4,10,1,0|2|2|2,0|4|0|0,0,10,3.649843,0.000860,10,3.649397,0.000616
4,4,10,1,0|2|2|0,0|4|1|1,0,10,3.621337,0.000504,10,3.621056,0.000644
4,4,10,1,0|2|2|1,0|4|1|0,0,10,3.575804,0.000437,10,3.576015,0.000693
4,4,10,1,0|2|2|0,0|4|2|0,0,10,3.378955,0.000296,10,3.378919,0.000247
4,4,10,1,0|2|3|0,0|4|0|1,0,10,3.617338,0.000494,10,3.617220,0.000477
4,4,10,1,0|2|3|1,0|4|0|0,0,10,3.570604,0.000490,10,3.570765,0.000558
4,4,10,1,0|2|3|0,0|4|1|0,0,10,3.378774,0.000456,10,3.378653,0.000358
4,4,10,1,0|2|4|0,0|4|0|0,0,10,3.377078,0.000309,10,3.377412,0.000333
4,4,10,1,0|2|0|0,0|5|0|3,0,10,3.609303,0.000403,10,3.609653,0.000431
4,4,10,1,0|2|0|1,0|5|0|2,0,10,3.609927,0.000323,10,3.609651,0.000594
4,4,10,1,0|2|0|2,0|5|0|1,0,10,3.599857,0.000376,10,3.599840,0.000393
4,4,10,1,0|2|0|3,0|5|0|0,0,10,3.578925,0.000559,10,3.579153,0.000370
4,4,10,1,0|2|0|0,0|5|1|2,0,10,3.696416,0.000622,10,3.696134,0.000467
4,4,10,1,0|2|0|1,0|5|1|1,0,10,3.689012,0.000459,10,3.688520,0.000649
4,4,10,1,0|2|0|2,0|5|1|0,0,10,3.654313,0.000640,10,3.654255,0.000435
4,4,10,1,0|2|0|0,0|5|2|1,0,10,3.620988,0.000681,10,3.620906,0.000667
4,4,10,1,0|2|0|1,0|5|2|0,0,10,3.580588,0.000345,10,3.580660,0.000319
4,4,10,1,0|2|0|0,0|5|3|0,0,10,3.369069,0.000313,10,3.368980,0.000226
4,4,10,1,0|2|1|0,0|5|0|2,0,10,3.674485,0.000536,10,3.674528,0.000469
4,4,10,1,0|2|1|1,0|5|0|1,0,10,3.662409,0.000466,10,3.662588,0.000611
4,4,10,1,0|2|1|2,0|5|0|0,0,10,3.623646,0.000544,10,3.624003,0.000702
4,4,10,1,0|2|1|0,0|5|1|1,0,10,3.615016,0.000527,10,3.615213,0.000447
4,4,10,1,0|2|1|1,0|5|1|0,0,10,3.570585,0.000541,10,3.570236,0.000732
4,4,10,1,0|2|1|0,0|5|2|0,0,10,3.373671,0.000486,10,3.373489,0.000548
4,4,10,1,0|2|2|0,0|5|0|1,0,10,3.604680,0.000354,10,3.604836,0.000289
4,4,10,1,0|2|2|1,0|5|0|0,0,10,3.556859,0.000571,10,3.556656,0.000609
4,4,10,1,0|2|2|0,0|5|1|0,0,10,3.373113,0.000330,10,3.373164,0.000257
4,4,10,1,0|2|3|0,0|5|0|0,0,10,3.369742,0.000564,10,3.369660,0.000474
4,4,10,1,0|2|0|0,0|6|0|2,0,10,3.561314,0.000382,10,3.561186,0.000676
4,4,10,1,0|2|0|1,0|6|0|1,0,10,3.554357,0.000763,10,3.554345,0.000679
4,4,10,1,0|2|0|2,0|6|0|0,0,10,3.521431,0.000586,10,3.521732,0.000463
4,4,10,1,0|2|0|0,0|6|1|1,0,10,3.594242,0.000385,10,3.594010,0.000380
4,4,10,1,0|2|0|1,0|6|1|0,0,10,3.552534,0.000291,10,3.552771,0.000509
4,4,10,1,0|2|0|0,0|6|2|0,0,10,3.358286,0.000433,10,3.358448,0.000456
4,4,10,1,0|2|1|0,0|6|0|1,0,10,3.571249,0.000589,10,3.571512,0.000495
4,4,10,1,0|2|1|1,0|6|0|0,0,10,3.521945,0.000606,10,3.521956,0.000491
4,4,10,1,0|2|1|0,0|6|1|0,0,10,3.359561,0.000386,10,3.359421,0.000325
4,4,10,1,0|2|2|0,0|6|0|0,0,10,3.350567,0.000344,10,3.350541,0.000337
4,4,10,1,0|2|0|0,0|7|0|1,0,10,3.455924,0.000526,10,3.455999,0.000369
4,4,10,1,0|2|0|1,0|7|0|0,0,10,3.411612,0.000263,10,3.411333,0.000532
4,4,10,1,0|2|0|0,0|7|1|0,0,10,3.319350,0.000364,10,3.319449,0.000531
4,4,10,1,0|2|1|0,0|7|0|0,0,10,3.299963,0.000557,10,3.299880,0.000420
4,4,10,1,0|2|0|0,0|8|0|0,0,10,3.126752,0.000321,10,3.127180,0.000626
4,4,10,1,0|3|0|0,0|0|0|7,0,10,3.665591,0.000513,10,3.665193,0.000541
4,4,10,1,0|3|0|1,0|0|0|6,0,10,3.666916,0.000324,10,3.666398,0.000357
4,4,10,1,0|3|0|2,0|0|0|5,0,10,3.665846,0.000515,10,3.665636,0.000451
4,4,10,1,0|3|0|3,0|0|0|4,0,10,3.664561,0.000463,10,3.664732,0.000345
4,4,10,1,0|3|0|4,0|0|0|3,0,10,3.663071,0.000418,10,3.663302,0.000505
4,4,10,1,0|3|0|5,0|0|0|2,0,10,3.661519,0.000511,10,3.661620,0.000637
4,4,10,1,0|3|0|6,0|0|0|1,0,10,3.659882,0.000360,10,3.659723,0.000463
4,4,10,1,0|3|0|7,0|0|0|0,0,10,3.656665,0.000427,10,3.656922,0.000445
4,4,10,1,0|3|0|0,0|0|1|6,0,10,3.812213,0.001065,10,3.812248,0.000754
4,4,10,1,0|3|0|1,0|0|1|5,0,10,3.814639,0.001183,10,3.813936,0.000818
4,4,10,1,0|3|0|2,0|0|1|4,0,10,3.812242,0.000813,10,3.811932,0.000861
4,4,10,1,0|3|0|3,0|0|1|3,0,10,3.809593,0.000851,10,3.809948,0.001062
4,4,10,1,0|3|0|4,0|0|1|2,0,10,3.805928,0.000869,10,3.806422,0.000444
4,4,10,1,0|3|0|5,0|0|1|1,0,10,3.802344,0.000914,10,3.802553,0.000644
4,4,10,1,0|3|0|6,0|0|1|0,0,10,3.795519,0.000993,10,3.795370,0.000962
4,4,10,1,0|3|0|0,0|0|2|5,0,10,3.816926,0.001017,10,3.816634,0.000732
4,4,10,1,0|3|0|1,0|0|2|4,0,10,3.819475,0.001125,10,3.819674,0.001085
4,4,10,1,0|3|0|2,0|0|2|3,0,10,3.815819,0.000762,10,3.816380,0.000603
4,4,10,1,0|3|0|3,0|0|2|2,0,10,3.811242,0.000671,10,3.811411,0.001075
4,4,10,1,0|3|0|4,0|0|2|1,0,10,3.805153,0.000781,10,3.805128,0.000714
4,4,10,1,0|3|0|5,0|0|2|0,0,10,3.793932,0.000772,10,3.793691,0.001168
4,4,10,1,0|3|0|0,0|0|3|4,0,10,3.802262,0.000723,10,3.802110,0.000771
4,4,10,1,0|3|0|1,0|0|3|3,0,10,3.805245,0.000788,10,3.805060,0.000875
4,4,10,1,0|3|0|2,0|0|3|2,0,10,3.798646,0.001018,10,3.798080,0.000663
4,4,10,1,0|3|0|3,0|0|3|1,0,10,3.789621,0.000809,10,3.789502,0.000807
4,4,10,1,0|3|0|4,0|0|3|0,0,10,3.772343,0.000560,10,3.772782,0.000825
4,4,10,1,0|3|0|0,0|0|4|3,0,10,3.773713,0.000472,10,3.774197,0.000827
4,4,10,1,0|3|0|1,0|0|4|2,0,10,3.774925,0.000796,10,3.775289,0.000638
4,4,10,1,0|3|0|2,0|0|4|1,0,10,3.763099,0.000573,10,3.762697,0.000662
4,4,10,1,0|3|0|3,0|0|4|0,0,10,3.738043,0.000525,10,3.737919,0.000490
4,4,10,1,0|3|0|0,0|0|5|2,0,10,3.725514,0.000772,10,3.725757,0.000568
4,4,10,1,0|3|0|1,0|0|5|1,0,10,3.720008,0.000401,10,3.719769,0.000560
4,4,10,1,0|3|0|2,0|0|5|0,0,10,3.684443,0.000783,10,3.684272,0.000745
4,4,10,1,0|3|0|0,0|0|6|1,0,10,3.631465,0.000496,10,3.631558,0.000379
4,4,10,1,0|3|0|1,0|0|6|0,0,10,3.591591,0.000428,10,3.591648,0.000296
4,4,10,1,0|3|0|0,0|0|7|0,0,10,3.373671,0.000450,10,3.373340,0.000322
4,4,10,1,0|3|1|0,0|0|0|6,0,10,3.794507,0.000846,10,3.794558,0.000683
4,4,10,1,0|3|1|1,0|0|0|5,0,10,3.796084,0.000774,10,3.795640,0.001091
4,4,10,1,0|3|1|2,0|0|0|4,0,10,3.793159,0.000605,10,3.792994,0.000352
4,4,10,1,0|3|1|3,0|0|0|3,0,10,3.789931,0.000742,10,3.789666,0.000714
4,4,10,1,0|3|1|4,0|0|0|2,0,10,3.786042,0.000698,10,3.785609,0.001101
4,4,10,1,0|3|1|5,0|0|0|1,0,10,3.780872,0.000934,10,3.780950,0.000595
4,4,10,1,0|3|1|6,0|0|0|0,0,10,3.772489,0.000905,10,3.772152,0.001201
4,4,10,1,0|3|1|0,0|0|1|5,0,10,3.813501,0.000632,10,3.813892,0.001015
4,4,10,1,0|3|1|1,0|0|1|4,0,10,3.815128,0.000974,10,3.815440,0.000400
4,4,10,1,0|3|1|2,0|0|1|3,0,10,3.811379,0.000774,10,3.810844,0.001041
4,4,10,1,0|3|1|3,0|0|1|2,0,10,3.806496,0.000634,10,3.806303,0.000671
4,4,10,1,0|3|1|4,0|0|1|1,0,10,3.799593,0.000506,10,3.799874,0.000422
4,4,10,1,0|3|1|5,0|0|1|0,0,10,3.787645,0.000818,10,3.787619,0.000910
4,4,10,1,0|3|1|0,0|0|2|4,0,10,3.800533,0.000743,10,3.800266,0.000616
4,4,10,1,0|3|1|1,0|0|2|3,0,10,3.801425,0.000837,10,3.801548,0.000709
4,4,10,1,0|3|1|2,0|0|2|2,0,10,3.794769,0.000653,10,3.794873,0.000471
4,4,10,1,0|3|1|3,0|0|2|1,0,10,3.785058,0.000736,10,3.785241,0.000950
4,4,10,1,0|3|1|4,0|0|2|0,0,10,3.767867,0.000655,10,3.767829,0.000646
4,4,10,1,0|3|1|0,0|0|3|3,0,10,3.772170,0.000740,10,3.772325,0.000536
4,4,10,1,0|3|1|1,0|0|3|2,0,10,3.770801,0.000555,10,3.770755,0.000780
4,4,10,1,0|3|1|2,0|0|3|1,0,10,3.757950,0.000584,10,3.757863,0.000640
4,4,10,1,0|3|1|3,0|0|3|0,0,10,3.732588,0.000894,10,3.732820,0.000728
4,4,10,1,0|3|1|0,0|0|4|2,0,10,3.722847,0.000396,10,3.723217,0.000655
4,4,10,1,0|3|1|1,0|0|4|1,0,10,3.713901,0.000588,10,3.714036,0.000612
4,4,10,1,0|3|1|2,0|0|4|0,0,10,3.678268,0.000391,10,3.678289,0.000570
4,4,10,1,0|3|1|0,0|0|5|1,0,10,3.628794,0.000489,10,3.628854,0.000378
4,4,10,1,0|3|1|1,0|0|5|0,0,10,3.585533,0.000400,10,3.585672,0.000353
4,4,10,1,0|3|1|0,0|0|6|0,0,10,3.379011,0.000309,10,3.378765,0.000512
4,4,10,1,0|3|2|0,0|0|0|5,0,10,3.804970,0.000940,10,3.805016,0.000827
4,4,10,1,0|3|2|1,0|0|0|4,0,10,3.806822,0.000776,10,3.806709,0.000988
4,4,10,1,0|3|2|2,0|0|0|3,0,10,3.801829,0.000778,10,3.801644,0.000777
4,4,10,1,0|3|2|3,0|0|0|2,0,10,3.795260,0.000663,10,3.795692,0.000961
4,4,10,1,0|3|2|4,0|0|0|1,0,10,3.787380,0.000519,10,3.787546,0.000611
4,4,10,1,0|3|2|5,0|0|0|0,0,10,3.772647,0.000769,10,3.773171,0.000577
4,4,10,1,0|3|2|0,0|0|1|4,0,10,3.796820,0.000495,10,3.796102,0.000798
4,4,10,1,0|3|2|1,0|0|1|3,0,10,3.796994,0.000655,10,3.796958,0.000590
4,4,10,1,0|3|2|2,0|0|1|2,0,10,3.789430,0.000657,10,3.789639,0.000606
4,4,10,1,0|3|2|3,0|0|1|1,0,10,3.778853,0.000558,10,3.778781,0.000647
4,4,10,1,0|3|2|4,0|0|1|0,0,10,3.759175,0.000717,10,3.759395,0.000777
4,4,10,1,0|3|2|0,0|0|2|3,0,10,3.768489,0.000668,10,3.768660,0.000583
4,4,10,1,0|3|2|1,0|0|2|2,0,10,3.767595,0.000635,10,3.767537,0.000724
4,4,10,1,0|3|2|2,0|0|2|1,0,10,3.753036,0.000558,10,3.753153,0.000742
4,4,10,1,0|3|2|3,0|0|2|0,0,10,3.725714,0.000359,10,3.725225,0.000580
4,4,10,1,0|3|2|0,0|0|3|2,0,10,3.719813,0.000569,10,3.719855,0.001053
4,4,10,1,0|3|2|1,0|0|3|1,0,10,3.710951,0.000485,10,3.710497,0.000444
4,4,10,1,0|3|2|2,0|0|3|0,0,10,3.671644,0.000390,10,3.672088,0.000558
4,4,10,1,0|3|2|0,0|0|4|1,0,10,3.626637,0.000419,10,3.626540,0.000474
4,4,10,1,0|3|2|1,0|0|4|0,0,10,3.581876,0.000647,10,3.582082,0.000455
4,4,10,1,0|3|2|0,0|0|5|0,0,10,3.380888,0.000292,10,3.380860,0.000413
4,4,10,1,0|3|3|0,0|0|0|4,0,10,3.791721,0.000928,10,3.791654,0.000777
4,4,10,1,0|3|3|1,0|0|0|3,0,10,3.793753,0.000696,10,3.793723,0.000778
4,4,10,1,0|3|3|2,0|0|0|2,0,10,3.784825,0.001006,10,3.785154,0.000453
4,4,10,1,0|3|3|3,0|0|0|1,0,10,3.772964,0.001115,10,3.773521,0.000336
4,4,10,1,0|3|3|4,0|0|0|0,0,10,3.751060,0.000636,10,3.751024,0.000670
4,4,10,1,0|3|3|0,0|0|1|3,0,10,3.765992,0.000413,10,3.766085,0.000946
4,4,10,1,0|3|3|1,0|0|1|2,0,10,3.765394,0.000939,10,3.765553,0.000807
4,4,10,1,0|3|3|2,0|0|1|1,0,10,3.750258,0.000661,10,3.750236,0.000484
4,4,10,1,0|3|3|3,0|0|1|0,0,10,3.720459,0.000696,10,3.720565,0.000616
4,4,10,1,0|3|3|0,0|0|2|2,0,10,3.717827,0.000558,10,3.717633,0.000288
4,4,10,1,0|3|3|1,0|0|2|1,0,10,3.709377,0.000573,10,3.709737,0.000722
4,4,10,1,0|3|3|2,0|0|2|0,0,10,3.668830,0.000469,10,3.668606,0.000419
4,4,10,1,0|3|3|0,0|0|3|1,0,10,3.625609,0.000465,10,3.625917,0.000283
4,4,10,1,0|3|3|1,0|0|3|0,0,10,3.580752,0.000484,10,3.581015,0.000501
4,4,10,1,0|3|3|0,0|0|4|0,0,10,3.381928,0.000341,10,3.381970,0.000338
4,4,10,1,0|3|4|0,0|0|0|3,0,10,3.763781,0.000522,10,3.763745,0.000556
4,4,10,1,0|3|4|1,0|0|0|2,0,10,3.764054,0.000696,10,3.763969,0.000596
4,4,10,1,0|3|4|2,0|0|0|1,0,10,3.748134,0.000746,10,3.747993,0.000818
4,4,10,1,0|3|4|3,0|0|0|0,0,10,3.717396,0.000489,10,3.717050,0.000417
4,4,10,1,0|3|4|0,0|0|1|2,0,10,3.716711,0.000501,10,3.716941,0.000618
4,4,10,1,0|3|4|1,0|0|1|1,0,10,3.708905,0.000623,10,3.708779,0.000453
4,4,10,1,0|3|4|2,0|0|1|0,0,10,3.667681,0.000777,10,3.667260,0.000754
4,4,10,1,0|3|4|0,0|0|2|1,0,10,3.625592,0.000552,10,3.625436,0.000450
4,4,10,1,0|3|4|1,0|0|2|0,0,10,3.580192,0.000643,10,3.580612,0.000391
4,4,10,1,0|3|4|0,0|0|3|0,0,10,3.382278,0.000277,10,3.382202,0.000395
4,4,10,1,0|3|5|0,0|0|0|2,0,10,3.715958,0.000222,10,3.716085,0.000528
4,4,10,1,0|3|5|1,0|0|0|1,0,10,3.708121,0.000331,10,3.708296,0.000572
4,4,10,1,0|3|5|2,0|0|0|0,0,10,3.665932,0.000661,10,3.665628,0.000511
4,4,10,1,0|3|5|0,0|0|1|1,0,10,3.625013,0.000435,10,3.624767,0.000462
4,4,10,1,0|3|5|1,0|0|1|0,0,10,3.580046,0.000500,10,3.580350,0.000438
4,4,10,1,0|3|5|0,0|0|2|0,0,10,3.382372,0.000287,10,3.382432,0.000276
4,4,10,1,0|3|6|0,0|0|0|1,0,10,3.624420,0.000425,10,3.624974,0.000453
4,4,10,1,0|3|6|1,0|0|0|0,0,10,3.579742,0.000425,10,3.579714,0.000337
4,4,10,1,0|3|6|0,0|0|1|0,0,10,3.382391,0.000390,10,3.382358,0.000263
4,4,10,1,0|3|7|0,0|0|0|0,0,10,3.382113,0.000535,10,3.382219,0.000326
4,4,10,1,0|3|0|0,0|1|0|6,0,10,3.659456,0.000531,10,3.659285,0.000449
4,4,10,1,0|3|0|1,0|1|0|5,0,10,3.660759,0.000525,10,3.660721,0.000487
4,4,10,1,0|3|0|2,0|1|0|4,0,10,3.659905,0.000427,10,3.659682,0.000310
4,4,10,1,0|3|0|3,0|1|0|3,0,10,3.657661,0.000485,10,3.657758,0.000342
4,4,10,1,0|3|0|4,0|1|0|2,0,10,3.655356,0.000530,10,3.655615,0.000547
4,4,10,1,0|3|0|5,0|1|0|1,0,10,3.652540,0.000345,10,3.652095,0.000201
4,4,10,1,0|3|0|6,0|1|0|0,0,10,3.647455,0.000476,10,3.647704,0.000311
4,4,10,1,0|3|0|0,0|1|1|5,0,10,3.798723,0.000921,10,3.798767,0.000986
4,4,10,1,0|3|0|1,0|1|1|4,0,10,3.801247,0.000896,10,3.801500,0.000808
4,4,10,1,0|3|0|2,0|1|1|3,0,10,3.797672,0.001107,10,3.797675,0.000853
4,4,10,1,0|3|0|3,0|1|1|2,0,10,3.793242,0.000949,10,3.793428,0.000645
4,4,10,1,0|3|0|4,0|1|1|1,0,10,3.787343,0.000635,10,3.786584,0.000726
4,4,10,1,0|3|0|5,0|1|1|0,0,10,3.776286,0.001021,10,3.776409,0.001086
4,4,10,1,0|3|0|0,0|1|2|4,0,10,3.797649,0.000826,10,3.797989,0.000557
4,4,10,1,0|3|0|1,0|1|2|3,0,10,3.800274,0.001170,10,3.800487,0.000435
4,4,10,1,0|3|0|2,0|1|2|2,0,10,3.794094,0.001174,10,3.794240,0.000482
4,4,10,1,0|3|0|3,0|1|2|1,0,10,3.785168,0.000451,10,3.785345,0.000771
4,4,10,1,0|3|0|4,0|1|2|0,0,10,3.768623,0.000567,10,3.768707,0.000563
4,4,10,1,0|3|0|0,0|1|3|3,0,10,3.772888,0.000414,10,3.772827,0.000518
4,4,10,1,0|3|0|1,0|1|3|2,0,10,3.773492,0.000594,10,3.774103,0.000540
4,4,10,1,0|3|0|2,0|1|3|1,0,10,3.761099,0.000769,10,3.761171,0.000535
4,4,10,1,0|3|0|3,0|1|3|0,0,10,3.736838,0.000634,10,3.736264,0.000612
4,4,10,1,0|3|0|0,0|1|4|2,0,10,3.725371,0.000521,10,3.725268,0.000574
4,4,10,1,0|3|0|1,0|1|4|1,0,10,3.719100,0.000491,10,3.719079,0.000811
4,4,10,1,0|3|0|2,0|1|4|0,0,10,3.683839,0.000264,10,3.683987,0.000521
4,4,10,1,0|3|0|0,0|1|5|1,0,10,3.631608,0.000500,10,3.631574,0.000535
4,4,10,1,0|3|0|1,0|1|5|0,0,10,3.591183,0.000375,10,3.591348,0.000246
4,4,10,1,0|3|0|0,0|1|6|0,0,10,3.373435,0.000337,10,3.373325,0.000231
4,4,10,1,0|3|1|0,0|1|0|5,0,10,3.780265,0.000702,10,3.780181,0.000522
4,4,10,1,0|3|1|1,0|1|0|4,0,10,3.781223,0.000952,10,3.781801,0.000532
4,4,10,1,0|3|1|2,0|1|0|3,0,10,3.776678,0.000803,10,3.777180,0.000501
4,4,10,1,0|3|1|3,0|1|0|2,0,10,3.771835,0.000388,10,3.771847,0.000833
4,4,10,1,0|3|1|4,0|1|0|1,0,10,3.764780,0.000780,10,3.765174,0.000846
4,4,10,1,0|3|1|5,0|1|0|0,0,10,3.752237,0.000658,10,3.751966,0.000460
4,4,10,1,0|3|1|0,0|1|1|4,0,10,3.794063,0.000633,10,3.794221,0.000523
4,4,10,1,0|3|1|1,0|1|1|3,0,10,3.795138,0.000762,10,3.794661,0.000780
4,4,10,1,0|3|1|2,0|1|1|2,0,10,3.787906,0.000918,10,3.788193,0.000753
4,4,10,1,0|3|1|3,0|1|1|1,0,10,3.778392,0.000388,10,3.778573,0.000947
4,4,10,1,0|3|1|4,0|1|1|0,0,10,3.761294,0.000594,10,3.761311,0.001129
4,4,10,1,0|3|1|0,0|1|2|3,0,10,3.770399,0.000371,10,3.770243,0.000548
4,4,10,1,0|3|1|1,0|1|2|2,0,10,3.769221,0.000697,10,3.769121,0.000746
4,4,10,1,0|3|1|2,0|1|2|1,0,10,3.755994,0.000630,10,3.756227,0.000574
4,4,10,1,0|3|1|3,0|1|2|0,0,10,3.730646,0.000863,10,3.730889,0.000391
4,4,10,1,0|3|1|0,0|1|3|2,0,10,3.722591,0.000295,10,3.722975,0.000567
4,4,10,1,0|3|1|1,0|1|3|1,0,10,3.713416,0.000385,10,3.713297,0.000496
4,4,10,1,0|3|1|2,0|1|3|0,0,10,3.677378,0.000650,10,3.677686,0.000447
4,4,10,1,0|3|1|0,0|1|4|1,0,10,3.628725,0.000345,10,3.628722,0.000469
4,4,10,1,0|3|1|1,0|1|4|0,0,10,3.585295,0.000585,10,3.585214,0.000552
4,4,10,1,0|3|1|0,0|1|5|0,0,10,3.378940,0.000300,10,3.378753,0.000329
4,4,10,1,0|3|2|0,0|1|0|4,0,10,3.784560,0.000467,10,3.784366,0.001004
4,4,10,1,0|3|2|1,0|1|0|3,0,10,3.785517,0.000763,10,3.785648,0.000463
4,4,10,1,0|3|2|2,0|1|0|2,0,10,3.777142,0.000948,10,3.776816,0.001063
4,4,10,1,0|3|2|3,0|1|0|1,0,10,3.765587,0.000658,10,3.765586,0.000494
4,4,10,1,0|3|2|4,0|1|0|0,0,10,3.744336,0.000732,10,3.744383,0.000757
4,4,10,1,0|3|2|0,0|1|1|3,0,10,3.765734,0.000834,10,3.766181,0.000623
4,4,10,1,0|3|2|1,0|1|1|2,0,10,3.764341,0.000734,10,3.764181,0.000831
4,4,10,1,0|3|2|2,0|1|1|1,0,10,3.749695,0.000882,10,3.749755,0.000321
4,4,10,1,0|3|2|3,0|1|1|0,0,10,3.721964,0.000691,10,3.721940,0.000517
4,4,10,1,0|3|2|0,0|1|2|2,0,10,3.718734,0.000710,10,3.718937,0.000337
4,4,10,1,0|3|2|1,0|1|2|1,0,10,3.709621,0.000733,10,3.709454,0.000453
4,4,10,1,0|3|2|2,0|1|2|0,0,10,3.670948,0.000360,10,3.670800,0.000654
4,4,10,1,0|3|2|0,0|1|3|1,0,10,3.626544,0.000604,10,3.626610,0.000628
4,4,10,1,0|3|2|1,0|1|3|0,0,10,3.581796,0.000182,10,3.581571,0.000582
4,4,10,1,0|3|2|0,0|1|4|0,0,10,3.381051,0.000350,10,3.380995,0.000383
4,4,10,1,0|3|3|0,0|1|0|3,0,10,3.760437,0.000563,10,3.760566,0.000625
4,4,10,1,0|3|3|1,0|1|0|2,0,10,3.760330,0.000619,10,3.760978,0.000527
4,4,10,1,0|3|3|2,0|1|0|1,0,10,3.744221,0.000630,10,3.744370,0.000682
4,4,10,1,0|3|3|3,0|1|0|0,0,10,3.713725,0.000504,10,3.713767,0.000995
4,4,10,1,0|3|3|0,0|1|1|2,0,10,3.716694,0.000533,10,3.716771,0.000349
4,4,10,1,0|3|3|1,0|1|1|1,0,10,3.707821,0.000623,10,3.707598,0.000678
4,4,10,1,0|3|3|2,0|1|1|0,0,10,3.666899,0.000677,10,3.667235,0.000404
4,4,10,1,0|3|3|0,0|1|2|1,0,10,3.625528,0.000378,10,3.625109,0.000559
4,4,10,1,0|3|3|1,0|1|2|0,0,10,3.580144,0.000254,10,3.580633,0.000581
4,4,10,1,0|3|3|0,0|1|3|0,0,10,3.381706,0.000314,10,3.381792,0.000298
4,4,10,1,0|3|4|0,0|1|0|2,0,10,3.714195,0.000620,10,3.714283,0.000447
4,4,10,1,0|3|4|1,0|1|0|1,0,10,3.706388,0.000824,10,3.706476,0.000488
4,4,10,1,0|3|4|2,0|1|0|0,0,10,3.664044,0.000809,10,3.664261,0.000600
4,4,10,1,0|3|4|0,0|1|1|1,0,10,3.624674,0.000448,10,3.624692,0.000444
4,4,10,1,0|3|4|1,0|1|1|0,0,10,3.579810,0.000535,10,3.579627,0.000299
4,4,10,1,0|3|4|0,0|1|2|0,0,10,3.381990,0.000356,10,3.382007,0.000462
4,4,10,1,0|3|5|0,0|1|0|1,0,10,3.623556,0.000418,10,3.623899,0.000355
4,4,10,1,0|3|5|1,0|1|0|0,0,10,3.578950,0.000400,10,3.578871,0.000515
4,4,10,1,0|3|5|0,0|1|1|0,0,10,3.382115,0.000373,10,3.381886,0.000330
4,4,10,1,0|3|6|0,0|1|0|0,0,10,3.381725,0.000241,10,3.381648,0.000274
4,4,10,1,0|3|0|0,0|2|0|5,0,10,3.649969,0.000639,10,3.650182,0.000502
4,4,10,1,0|3|0|1,0|2|0|4,0,10,3.651817,0.000723,10,3.652057,0.000417
4,4,10,1,0|3|0|2,0|2|0|3,0,10,3.649680,0.000398,10,3.649840,0.000333
4,4,10,1,0|3|0|3,0|2|0|2,0,10,3.646568,0.000603,10,3.646287,0.000522
4,4,10,1,0|3|0|4,0|2|0|1,0,10,3.641772,0.000563,10,3.641561,0.000491
4,4,10,1,0|3|0|5,0|2|0|0,0,10,3.633695,0.000443,10,3.633649,0.000486
4,4,10,1,0|3|0|0,0|2|1|4,0,10,3.778924,0.000651,10,3.779268,0.000468
4,4,10,1,0|3|0|1,0|2|1|3,0,10,3.781236,0.000753,10,3.781438,0.000916
4,4,10,1,0|3|0|2,0|2|1|2,0,10,3.774979,0.000433,10,3.775234,0.000805
4,4,10,1,0|3|0|3,0|2|1|1,0,10,3.766347,0.000404,10,3.766566,0.000572
4,4,10,1,0|3|0|4,0|2|1|0,0,10,3.750510,0.000522,10,3.750233,0.000566
4,4,10,1,0|3|0|0,0|2|2|3,0,10,3.767800,0.000767,10,3.768415,0.000609
4,4,10,1,0|3|0|1,0|2|2|2,0,10,3.768624,0.000678,10,3.768806,0.000668
4,4,10,1,0|3|0|2,0|2|2|1,0,10,3.756446,0.000653,10,3.756227,0.000973
4,4,10,1,0|3|0|3,0|2|2|0,0,10,3.731376,0.000572,10,3.731937,0.000589
4,4,10,1,0|3|0|0,0|2|3|2,0,10,3.723512,0.000621,10,3.723610,0.000677
4,4,10,1,0|3|0|1,0|2|3|1,0,10,3.717392,0.000682,10,3.717309,0.000313
4,4,10,1,0|3|0|2,0|2|3|0,0,10,3.682132,0.000621,10,3.681966,0.000744
4,4,10,1,0|3|0|0,0|2|4|1,0,10,3.630550,0.000443,10,3.630915,0.000598
4,4,10,1,0|3|0|1,0|2|4|0,0,10,3.590897,0.000490,10,3.590576,0.000428
4,4,10,1,0|3|0|0,0|2|5|0,0,10,3.373209,0.000417,10,3.373042,0.000438
4,4,10,1,0|3|1|0,0|2|0|4,0,10,3.759381,0.000323,10,3.759987,0.000822
4,4,10,1,0|3|1|1,0|2|0|3,0,10,3.759998,0.000774,10,3.760101,0.000915
4,4,10,1,0|3|1|2,0|2|0|2,0,10,3.752953,0.000675,10,3.752958,0.000649
4,4,10,1,0|3|1|3,0|2|0|1,0,10,3.742980,0.000840,10,3.742808,0.000596
4,4,10,1,0|3|1|4,0|2|0|0,0,10,3.723803,0.000677,10,3.724155,0.001000
4,4,10,1,0|3|1|0,0|2|1|3,0,10,3.764004,0.000613,10,3.764279,0.000639
4,4,10,1,0|3|1|1,0|2|1|2,0,10,3.761421,0.000817,10,3.761649,0.000597
4,4,10,1,0|3|1|2,0|2|1|1,0,10,3.748506,0.000723,10,3.748561,0.000390
4,4,10,1,0|3|1|3,0|2|1|0,0,10,3.723518,0.000615,10,3.722695,0.000840
4,4,10,1,0|3|1|0,0|2|2|2,0,10,3.720236,0.000686,10,3.720696,0.000539
4,4,10,1,0|3|1|1,0|2|2|1,0,10,3.710992,0.000567,10,3.710920,0.000524
4,4,10,1,0|3|1|2,0|2|2|0,0,10,3.674902,0.000443,10,3.675132,0.000704
4,4,10,1,0|3|1|0,0|2|3|1,0,10,3.627859,0.000506,10,3.628169,0.000555
4,4,10,1,0|3|1|1,0|2|3|0,0,10,3.584400,0.000360,10,3.584608,0.000459
4,4,10,1,0|3|1|0,0|2|4|0,0,10,3.378502,0.000318,10,3.378403,0.000298
4,4,10,1,0|3|2|0,0|2|0|3,0,10,3.752915,0.000798,10,3.753284,0.000790
4,4,10,1,0|3|2|1,0|2|0|2,0,10,3.751192,0.001080,10,3.751162,0.000802
4,4,10,1,0|3|2|2,0|2|0|1,0,10,3.735467,0.000520,10,3.736160,0.000574
4,4,10,1,0|3|2|3,0|2|0|0,0,10,3.705922,0.000791,10,3.705889,0.000504
4,4,10,1,0|3|2|0,0|2|1|2,0,10,3.715368,0.000510,10,3.715944,0.000773
4,4,10,1,0|3|2|1,0|2|1|1,0,10,3.706055,0.000522,10,3.705943,0.000724
4,4,10,1,0|3|2|2,0|2|1|0,0,10,3.666811,0.000707,10,3.666895,0.000322
4,4,10,1,0|3|2|0,0|2|2|1,0,10,3.625278,0.000507,10,3.625300,0.000430
4,4,10,1,0|3|2|1,0|2|2|0,0,10,3.580274,0.000352,10,3.580434,0.000409
4,4,10,1,0|3|2|0,0|2|3|0,0,10,3.380404,0.000263,10,3.380394,0.000366
4,4,10,1,0|3|3|0,0|2|0|2,0,10,3.710408,0.000421,10,3.710533,0.000631
4,4,10,1,0|3|3|1,0|2|0|1,0,10,3.701984,0.000506,10,3.701791,0.000815
4,4,10,1,0|3|3|2,0|2|0|0,0,10,3.659959,0.000686,10,3.659686,0.000549
4,4,10,1,0|3|3|0,0|2|1|1,0,10,3.623795,0.000321,10,3.624092,0.000530
4,4,10,1,0|3|3|1,0|2|1|0,0,10,3.578588,0.000244,10,3.578584,0.000653
4,4,10,1,0|3|3|0,0|2|2|0,0,10,3.380964,0.000304,10,3.381199,0.000554
4,4,10,1,0|3|4|0,0|2|0|1,0,10,3.621982,0.000457,10,3.622155,0.000351
4,4,10,1,0|3|4|1,0|2|0|0,0,10,3.576545,0.000485,10,3.576655,0.000460
4,4,10,1,0|3|4|0,0|2|1|0,0,10,3.380998,0.000430,10,3.380856,0.000379
4,4,10,1,0|3|5|0,0|2|0|0,0,10,3.380382,0.000266,10,3.380568,0.000336
4,4,10,1,0|3|0|0,0|3|0|4,0,10,3.635129,0.000570,10,3.635335,0.000486
4,4,10,1,0|3|0|1,0|3|0|3,0,10,3.637165,0.000443,10,3.637153,0.000387
4,4,10,1,0|3|0|2,0|3|0|2,0,10,3.632594,0.000694,10,3.632824,0.000628
4,4,10,1,0|3|0|3,0|3|0|1,0,10,3.625961,0.000533,10,3.625754,0.000542
4,4,10,1,0|3|0|4,0|3|0|0,0,10,3.612348,0.000587,10,3.612466,0.000545
4,4,10,1,0|3|0|0,0|3|1|3,0,10,3.748389,0.000867,10,3.748072,0.000627
4,4,10,1,0|3|0|1,0|3|1|2,0,10,3.748445,0.000917,10,3.748362,0.000912
4,4,10,1,0|3|0|2,0|3|1|1,0,10,3.736356,0.000349,10,3.736487,0.000667
4,4,10,1,0|3|0|3,0|3|1|0,0,10,3.712501,0.000737,10,3.712871,0.000617
4,4,10,1,0|3|0|0,0|3|2|2,0,10,3.717775,0.000516,10,3.717678,0.000562
4,4,10,1,0|3|0|1,0|3|2|1,0,10,3.711150,0.000454,10,3.711510,0.000542
4,4,10,1,0|3|0|2,0|3|2|0,0,10,3.676238,0.000428,10,3.676010,0.000520
4,4,10,1,0|3|0|0,0|3|3|1,0,10,3.628487,0.000347,10,3.628297,0.000567
4,4,10,1,0|3|0|1,0|3|3|0,0,10,3.588388,0.000491,10,3.588330,0.000471
4,4,10,1,0|3|0|0,0|3|4|0,0,10,3.372053,0.000336,10,3.372369,0.000375
4,4,10,1,0|3|1|0,0|3|0|3,0,10,3.728202,0.000793,10,3.727943,0.000609
4,4,10,1,0|3|1|1,0|3|0|2,0,10,3.725108,0.000754,10,3.725212,0.000612
4,4,10,1,0|3|1|2,0|3|0|1,0,10,3.711171,0.000442,10,3.710982,0.000846
4,4,10,1,0|3|1|3,0|3|0|0,0,10,3.684161,0.000781,10,3.684083,0.000843
4,4,10,1,0|3|1|0,0|3|1|2,0,10,3.712562,0.000555,10,3.712456,0.000501
4,4,10,1,0|3|1|1,0|3|1|1,0,10,3.702360,0.000409,10,3.702383,0.000615
4,4,10,1,0|3|1|2,0|3|1|0,0,10,3.666330,0.000599,10,3.666327,0.000721
4,4,10,1,0|3|1|0,0|3|2|1,0,10,3.624676,0.000313,10,3.625182,0.000352
4,4,10,1,0|3|1|1,0|3|2|0,0,10,3.581392,0.000372,10,3.581648,0.000349
4,4,10,1,0|3|1|0,0|3|3|0,0,10,3.377348,0.000558,10,3.377369,0.000454
4,4,10,1,0|3|2|0,0|3|0|2,0,10,3.701623,0.000761,10,3.701186,0.000497
4,4,10,1,0|3|2|1,0|3|0|1,0,10,3.690673,0.000763,10,3.691051,0.000449
4,4,10,1,0|3|2|2,0|3|0|0,0,10,3.649310,0.000480,10,3.649076,0.000534
4,4,10,1,0|3|2|0,0|3|1|1,0,10,3.621369,0.000332,10,3.620935,0.000476
4,4,10,1,0|3|2|1,0|3|1|0,0,10,3.575801,0.000589,10,3.575848,0.000512
4,4,10,1,0|3|2|0,0|3|2|0,0,10,3.378794,0.000503,10,3.378777,0.000305
4,4,10,1,0|3|3|0,0|3|0|1,0,10,3.617091,0.000486,10,3.616973,0.000462
4,4,10,1,0|3|3|1,0|3|0|0,0,10,3.570407,0.000361,10,3.570819,0.000452
4,4,10,1,0|3|3|0,0|3|1|0,0,10,3.378790,0.000566,10,3.378655,0.000332
4,4,10,1,0|3|4|0,0|3|0|0,0,10,3.377251,0.000398,10,3.377189,0.000420
4,4,10,1,0|3|0|0,0|4|0|3,0,10,3.609496,0.000541,10,3.609431,0.000337
4,4,10,1,0|3|0|1,0|4|0|2,0,10,3.609825,0.000477,10,3.610046,0.000625
4,4,10,1,0|3|0|2,0|4|0|1,0,10,3.599909,0.000613,10,3.599761,0.000558
4,4,10,1,0|3|0|3,0|4|0|0,0,10,3.578978,0.000480,10,3.578827,0.000516
4,4,10,1,0|3|0|0,0|4|1|2,0,10,3.696224,0.000632,10,3.695904,0.000402
4,4,10,1,0|3|0|1,0|4|1|1,0,10,3.688685,0.000658,10,3.688821,0.000516
4,4,10,1,0|3|0|2,0|4|1|0,0,10,3.654032,0.000673,10,3.653865,0.000458
4,4,10,1,0|3|0|0,0|4|2|1,0,10,3.620920,0.000224,10,3.620991,0.000493
4,4,10,1,0|3|0|1,0|4|2|0,0,10,3.580599,0.000640,10,3.580567,0.000427
4,4,10,1,0|3|0|0,0|4|3|0,0,10,3.369257,0.000283,10,3.368911,0.000203
4,4,10,1,0|3|1|0,0|4|0|2,0,10,3.674352,0.000356,10,3.674640,0.000420
4,4,10,1,0|3|1|1,0|4|0|1,0,10,3.662809,0.000522,10,3.662436,0.000607
4,4,10,1,0|3|1|2,0|4|0|0,0,10,3.623532,0.000538,10,3.623170,0.000450
4,4,10,1,0|3|1|0,0|4|1|1,0,10,3.615314,0.000576,10,3.615209,0.000612
4,4,10,1,0|3|1|1,0|4|1|0,0,10,3.570456,0.000224,10,3.570284,0.000349
4,4,10,1,0|3|1|0,0|4|2|0,0,10,3.373638,0.000295,10,3.373454,0.000296
4,4,10,1,0|3|2|0,0|4|0|1,0,10,3.604686,0.000380,10,3.604431,0.000574
4,4,10,1,0|3|2|1,0|4|0|0,0,10,3.556800,0.000531,10,3.556900,0.000363
4,4,10,1,0|3|2|0,0|4|1|0,0,10,3.373263,0.000469,10,3.373263,0.000178
4,4,10,1,0|3|3|0,0|4|0|0,0,10,3.369375,0.000509,10,3.369792,0.000385
4,4,10,1,0|3|0|0,0|5|0|2,0,10,3.561230,0.000434,10,3.561058,0.000479
4,4,10,1,0|3|0|1,0|5|0|1,0,10,3.554442,0.000544,10,3.554274,0.000381
4,4,10,1,0|3|0|2,0|5|0|0,0,10,3.521625,0.000482,10,3.521678,0.000616
4,4,10,1,0|3|0|0,0|5|1|1,0,10,3.593757,0.000437,10,3.593882,0.000571
4,4,10,1,0|3|0|1,0|5|1|0,0,10,3.552692,0.000613,10,3.552561,0.000474
4,4,10,1,0|3|0|0,0|5|2|0,0,10,3.358307,0.000481,10,3.358546,0.000455
4,4,10,1,0|3|1|0,0|5|0|1,0,10,3.571630,0.000561,10,3.571584,0.000356
4,4,10,1,0|3|1|1,0|5|0|0,0,10,3.522235,0.000668,10,3.521845,0.000480
4,4,10,1,0|3|1|0,0|5|1|0,0,10,3.359395,0.000505,10,3.359510,0.000407
4,4,10,1,0|3|2|0,0|5|0|0,0,10,3.350600,0.000569,10,3.350612,0.000304
4,4,10,1,0|3|0|0,0|6|0|1,0,10,3.455967,0.000546,10,3.456104,0.000217
4,4,10,1,0|3|0|1,0|6|0|0,0,10,3.411459,0.000314,10,3.411323,0.000480
4,4,10,1,0|3|0|0,0|6|1|0,0,10,3.319391,0.000683,10,3.319411,0.000633
4,4,10,1,0|3|1|0,0|6|0|0,0,10,3.300046,0.000491,10,3.299933,0.000291
4,4,10,1,0|3|0|0,0|7|0|0,0,10,3.127201,0.000477,10,3.127351,0.000592
4,4,10,1,0|4|0|0,0|0|0|6,0,10,3.659314,0.000448,10,3.659110,0.000279
4,4,10,1,0|4|0|1,0|0|0|5,0,10,3.660957,0.000349,10,3.660947,0.000537
4,4,10,1,0|4|0|2,0|0|0|4,0,10,3.659649,0.000291,10,3.659686,0.000365
4,4,10,1,0|4|0|3,0|0|0|3,0,10,3.657730,0.000392,10,3.657821,0.000545
4,4,10,1,0|4|0|4,0|0|0|2,0,10,3.655090,0.000502,10,3.655547,0.000609
4,4,10,1,0|4|0|5,0|0|0|1,0,10,3.652347,0.000520,10,3.652321,0.000503
4,4,10,1,0|4|0|6,0|0|0|0,0,10,3.647330,0.000491,10,3.647519,0.000475
4,4,10,1,0|4|0|0,0|0|1|5,0,10,3.798254,0.000774,10,3.798779,0.000603
4,4,10,1,0|4|0|1,0|0|1|4,0,10,3.800629,0.000645,10,3.801025,0.000964
4,4,10,1,0|4|0|2,0|0|1|3,0,10,3.798002,0.000287,10,3.797368,0.000919
4,4,10,1,0|4|0|3,0|0|1|2,0,10,3.793148,0.000890,10,3.793002,0.000816
4,4,10,1,0|4|0|4,0|0|1|1,0,10,3.787513,0.000874,10,3.787176,0.000670
4,4,10,1,0|4|0|5,0|0|1|0,0,10,3.776461,0.000662,10,3.776291,0.001002
4,4,10,1,0|4|0|0,0|0|2|4,0,10,3.797923,0.000365,10,3.797596,0.000824
4,4,10,1,0|4|0|1,0|0|2|3,0,10,3.799829,0.000625,10,3.800490,0.001001
4,4,10,1,0|4|0|2,0|0|2|2,0,10,3.794238,0.000502,10,3.794073,0.000772
4,4,10,1,0|4|0|3,0|0|2|1,0,10,3.785351,0.000966,10,3.785415,0.000330
4,4,10,1,0|4|0|4,0|0|2|0,0,10,3.768578,0.000565,10,3.767998,0.000711
4,4,10,1,0|4|0|0,0|0|3|3,0,10,3.772369,0.000441,10,3.772880,0.000781
4,4,10,1,0|4|0|1,0|0|3|2,0,10,3.773428,0.000902,10,3.773665,0.000713
4,4,10,1,0|4|0|2,0|0|3|1,0,10,3.760808,0.000729,10,3.761365,0.000488
4,4,10,1,0|4|0|3,0|0|3|0,0,10,3.736526,0.000531,10,3.736438,0.000608
4,4,10,1,0|4|0|0,0|0|4|2,0,10,3.725149,0.000516,10,3.725324,0.000459
4,4,10,1,0|4|0|1,0|0|4|1,0,10,3.719269,0.000560,10,3.719163,0.000339
4,4,10,1,0|4|0|2,0|0|4|0,0,10,3.683809,0.000605,10,3.683749,0.000442
4,4,10,1,0|4|0|0,0|0|5|1,0,10,3.631412,0.000565,10,3.630975,0.000554
4,4,10,1,0|4|0|1,0|0|5|0,0,10,3.591378,0.000401,10,3.591324,0.000301
4,4,10,1,0|4|0|0,0|0|6|0,0,10,3.373391,0.000281,10,3.373584,0.000376
4,4,10,1,0|4|1|0,0|0|0|5,0,10,3.780161,0.000520,10,3.779841,0.000626
4,4,10,1,0|4|1|1,0|0|0|4,0,10,3.781149,0.000631,10,3.781839,0.000782
4,4,10,1,0|4|1|2,0|0|0|3,0,10,3.777047,0.000800,10,3.777247,0.000590
4,4,10,1,0|4|1|3,0|0|0|2,0,10,3.771976,0.000865,10,3.771627,0.000779
4,4,10,1,0|4|1|4,0|0|0|1,0,10,3.764885,0.000534,10,3.764616,0.000842
4,4,10,1,0|4|1|5,0|0|0|0,0,10,3.751334,0.000632,10,3.751631,0.000508
4,4,10,1,0|4|1|0,0|0|1|4,0,10,3.794177,0.000652,10,3.793939,0.000575
4,4,10,1,0|4|1|1,0|0|1|3,0,10,3.794838,0.000778,10,3.794732,0.000764
4,4,10,1,0|4|1|2,0|0|1|2,0,10,3.787893,0.000471,10,3.787791,0.001116
4,4,10,1,0|4|1|3,0|0|1|1,0,10,3.778716,0.000963,10,3.778848,0.000807
4,4,10,1,0|4|1|4,0|0|1|0,0,10,3.760958,0.000462,10,3.761349,0.000367
4,4,10,1,0|4|1|0,0|0|2|3,0,10,3.770667,0.000611,10,3.770540,0.000756
4,4,10,1,0|4|1|1,0|0|2|2,0,10,3.768980,0.000299,10,3.768776,0.000669
4,4,10,1,0|4|1|2,0|0|2|1,0,10,3.756021,0.000846,10,3.756008,0.000675
4,4,10,1,0|4|1|3,0|0|2|0,0,10,3.730716,0.000378,10,3.730881,0.000558
4,4,10,1,0|4|1|0,0|0|3|2,0,10,3.722497,0.000548,10,3.722674,0.000427
4,4,10,1,0|4|1|1,0|0|3|1,0,10,3.713404,0.000399,10,3.713507,0.000297
4,4,10,1,0|4|1|2,0|0|3|0,0,10,3.677631,0.000406,10,3.677190,0.000486
4,4,10,1,0|4|1|0,0|0|4|1,0,10,3.628825,0.000438,10,3.628568,0.000279
4,4,10,1,0|4|1|1,0|0|4|0,0,10,3.585209,0.000562,10,3.585311,0.000596
4,4,10,1,0|4|1|0,0|0|5|0,0,10,3.378819,0.000341,10,3.378831,0.000477
4,4,10,1,0|4|2|0,0|0|0|4,0,10,3.784197,0.000677,10,3.784190,0.000989
4,4,10,1,0|4|2|1,0|0|0|3,0,10,3.785675,0.000841,10,3.785627,0.001085
4,4,10,1,0|4|2|2,0|0|0|2,0,10,3.776772,0.000882,10,3.777164,0.000648
4,4,10,1,0|4|2|3,0|0|0|1,0,10,3.765164,0.000443,10,3.765421,0.000863
4,4,10,1,0|4|2|4,0|0|0|0,0,10,3.744769,0.000878,10,3.744575,0.000614
4,4,10,1,0|4|2|0,0|0|1|3,0,10,3.765892,0.000669,10,3.766158,0.000642
4,4,10,1,0|4|2|1,0|0|1|2,0,10,3.764904,0.000695,10,3.764621,0.000505
4,4,10,1,0|4|2|2,0|0|1|1,0,10,3.749561,0.000606,10,3.749546,0.000433
4,4,10,1,0|4|2|3,0|0|1|0,0,10,3.721451,0.000584,10,3.721958,0.000561
4,4,10,1,0|4|2|0,0|0|2|2,0,10,3.718858,0.000364,10,3.719105,0.000369
4,4,10,1,0|4|2|1,0|0|2|1,0,10,3.709742,0.000413,10,3.709510,0.000770
4,4,10,1,0|4|2|2,0|0|2|0,0,10,3.670459,0.000394,10,3.671073,0.000294
4,4,10,1,0|4|2|0,0|0|3|1,0,10,3.626659,0.000408,10,3.626418,0.000288
4,4,10,1,0|4|2|1,0|0|3|0,0,10,3.581803,0.000241,10,3.581925,0.000669
4,4,10,1,0|4|2|0,0|0|4|0,0,10,3.380911,0.000255,10,3.381103,0.000394
4,4,10,1,0|4|3|0,0|0|0|3,0,10,3.760643,0.000546,10,3.761023,0.000639
4,4,10,1,0|4|3|1,0|0|0|2,0,10,3.760673,0.000609,10,3.760831,0.000481
4,4,10,1,0|4|3|2,0|0|0|1,0,10,3.744395,0.000800,10,3.744396,0.000736
4,4,10,1,0|4|3|3,0|0|0|0,0,10,3.713983,0.000590,10,3.713717,0.000824
4,4,10,1,0|4|3|0,0|0|1|2,0,10,3.716518,0.000729,10,3.716431,0.000719
4,4,10,1,0|4|3|1,0|0|1|1,0,10,3.707836,0.000484,10,3.707587,0.000623
4,4,10,1,0|4|3|2,0|0|1|0,0,10,3.667217,0.000578,10,3.666791,0.000520
4,4,10,1,0|4|3|0,0|0|2|1,0,10,3.625216,0.000375,10,3.625564,0.000412
4,4,10,1,0|4|3|1,0|0|2|0,0,10,3.580536,0.000381,10,3.580432,0.000251
4,4,10,1,0|4|3|0,0|0|3|0,0,10,3.381881,0.000351,10,3.381944,0.000399
4,4,10,1,0|4|4|0,0|0|0|2,0,10,3.714596,0.000596,10,3.714437,0.000419
4,4,10,1,0|4|4|1,0|0|0|1,0,10,3.706710,0.000365,10,3.706387,0.000413
4,4,10,1,0|4|4|2,0|0|0|0,0,10,3.664225,0.000649,10,3.663551,0.000383
4,4,10,1,0|4|4|0,0|0|1|1,0,10,3.624955,0.000371,10,3.624608,0.000542
4,4,10,1,0|4|4|1,0|0|1|0,0,10,3.579721,0.000222,10,3.579898,0.000599
4,4,10,1,0|4|4|0,0|0|2|0,0,10,3.381913,0.000302,10,3.382004,0.000377
4,4,10,1,0|4|5|0,0|0|0|1,0,10,3.624136,0.000338,10,3.624180,0.000642
4,4,10,1,0|4|5|1,0|0|0|0,0,10,3.578836,0.000632,10,3.578748,0.000598
4,4,10,1,0|4|5|0,0|0|1|0,0,10,3.382338,0.000359,10,3.382194,0.000452
4,4,10,1,0|4|6|0,0|0|0|0,0,10,3.381510,0.000395,10,3.381692,0.000262
4,4,10,1,0|4|0|0,0|1|0|5,0,10,3.649957,0.000528,10,3.650007,0.000447
4,4,10,1,0|4|0|1,0|1|0|4,0,10,3.652135,0.000292,10,3.652023,0.000550
4,4,10,1,0|4|0|2,0|1|0|3,0,10,3.649597,0.000512,10,3.649725,0.000396
4,4,10,1,0|4|0|3,0|1|0|2,0,10,3.646436,0.000391,10,3.646370,0.000454
4,4,10,1,0|4|0|4,0|1|0|1,0,10,3.641754,0.000490,10,3.641545,0.000547
4,4,10,1,0|4|0|5,0|1|0|0,0,10,3.633531,0.000757,10,3.633363,0.000456
4,4,10,1,0|4|0|0,0|1|1|4,0,10,3.779196,0.000888,10,3.778959,0.001045
4,4,10,1,0|4|0|1,0|1|1|3,0,10,3.781079,0.000525,10,3.781143,0.000571
4,4,10,1,0|4|0|2,0|1|1|2,0,10,3.775157,0.000499,10,3.775072,0.000874
4,4,10,1,0|4|0|3,0|1|1|1,0,10,3.766705,0.000616,10,3.766738,0.000445
4,4,10,1,0|4|0|4,0|1|1|0,0,10,3.750163,0.000711,10,3.750545,0.000507
4,4,10,1,0|4|0|0,0|1|2|3,0,10,3.767761,0.000758,10,3.767831,0.000751
4,4,10,1,0|4|0|1,0|1|2|2,0,10,3.768744,0.000814,10,3.769200,0.000806
4,4,10,1,0|4|0|2,0|1|2|1,0,10,3.756532,0.000775,10,3.755894,0.000411
4,4,10,1,0|4|0|3,0|1|2|0,0,10,3.731826,0.000710,10,3.731768,0.000595
4,4,10,1,0|4|0|0,0|1|3|2,0,10,3.723414,0.000539,10,3.723247,0.000822
4,4,10,1,0|4|0|1,0|1|3|1,0,10,3.717404,0.000603,10,3.717364,0.000448
4,4,10,1,0|4|0|2,0|1|3|0,0,10,3.682286,0.000379,10,3.681753,0.000440
4,4,10,1,0|4|0|0,0|1|4|1,0,10,3.630621,0.000542,10,3.630576,0.000458
4,4,10,1,0|4|0|1,0|1|4|0,0,10,3.590511,0.000423,10,3.590641,0.000427
4,4,10,1,0|4|0|0,0|1|5|0,0,10,3.373265,0.000348,10,3.373198,0.000442
4,4,10,1,0|4|1|0,0|1|0|4,0,10,3.759728,0.000643,10,3.759985,0.000719
4,4,10,1,0|4|1|1,0|1|0|3,0,10,3.760309,0.000466,10,3.759862,0.000702
4,4,10,1,0|4|1|2,0|1|0|2,0,10,3.752894,0.000676,10,3.752822,0.000783
4,4,10,1,0|4|1|3,0|1|0|1,0,10,3.742510,0.000622,10,3.742557,0.000608
4,4,10,1,0|4|1|4,0|1|0|0,0,10,3.723744,0.000886,10,3.723791,0.000780
4,4,10,1,0|4|1|0,0|1|1|3,0,10,3.763804,0.000918,10,3.763432,0.000557
4,4,10,1,0|4|1|1,0|1|1|2,0,10,3.761443,0.000554,10,3.761767,0.000658
4,4,10,1,0|4|1|2,0|1|1|1,0,10,3.748518,0.000608,10,3.748563,0.000466
4,4,10,1,0|4|1|3,0|1|1|0,0,10,3.722983,0.000747,10,3.723171,0.000535
4,4,10,1,0|4|1|0,0|1|2|2,0,10,3.720364,0.000672,10,3.720445,0.000677
4,4,10,1,0|4|1|1,0|1|2|1,0,10,3.711076,0.000586,10,3.711234,0.000501
4,4,10,1,0|4|1|2,0|1|2|0,0,10,3.675147,0.000532,10,3.675038,0.000387
4,4,10,1,0|4|1|0,0|1|3|1,0,10,3.627929,0.000478,10,3.628175,0.000465
4,4,10,1,0|4|1|1,0|1|3|0,0,10,3.584664,0.000481,10,3.584427,0.000407
4,4,10,1,0|4|1|0,0|1|4|0,0,10,3.378327,0.000407,10,3.378649,0.000274
4,4,10,1,0|4|2|0,0|1|0|3,0,10,3.752949,0.000511,10,3.752962,0.000756
4,4,10,1,0|4|2|1,0|1|0|2,0,10,3.751259,0.000606,10,3.750962,0.000495
4,4,10,1,0|4|2|2,0|1|0|1,0,10,3.735733,0.000482,10,3.735618,0.000450
4,4,10,1,0|4|2|3,0|1|0|0,0,10,3.705857,0.000506,10,3.705808,0.000354
4,4,10,1,0|4|2|0,0|1|1|2,0,10,3.715611,0.000423,10,3.715330,0.000353
4,4,10,1,0|4|2|1,0|1|1|1,0,10,3.706037,0.000427,10,3.705424,0.000726
4,4,10,1,0|4|2|2,0|1|1|0,0,10,3.667136,0.000423,10,3.666706,0.000553
4,4,10,1,0|4|2|0,0|1|2|1,0,10,3.625295,0.000379,10,3.625484,0.000519
4,4,10,1,0|4|2|1,0|1|2|0,0,10,3.580356,0.000417,10,3.580503,0.000445
4,4,10,1,0|4|2|0,0|1|3|0,0,10,3.380503,0.000346,10,3.380514,0.000308
4,4,10,1,0|4|3|0,0|1|0|2,0,10,3.710801,0.000647,10,3.710818,0.000453
4,4,10,1,0|4|3|1,0|1|0|1,0,10,3.701901,0.000875,10,3.701609,0.000454
4,4,10,1,0|4|3|2,0|1|0|0,0,10,3.659565,0.000446,10,3.659222,0.000455
4,4,10,1,0|4|3|0,0|1|1|1,0,10,3.623674,0.000553,10,3.623655,0.000354
4,4,10,1,0|4|3|1,0|1|1|0,0,10,3.578234,0.000549,10,3.578407,0.000455
4,4,10,1,0|4|3|0,0|1|2|0,0,10,3.381141,0.000240,10,3.381210,0.000297
4,4,10,1,0|4|4|0,0|1|0|1,0,10,3.621927,0.000383,10,3.621766,0.000656
4,4,10,1,0|4|4|1,0|1|0|0,0,10,3.576322,0.000303,10,3.576596,0.000450
4,4,10,1,0|4|4|0,0|1|1|0,0,10,3.381242,0.000446,10,3.381109,0.000420
4,4,10,1,0|4|5|0,0|1|0|0,0,10,3.380407,0.000350,10,3.380182,0.000397
4,4,10,1,0|4|0|0,0|2|0|4,0,10,3.634902,0.000476,10,3.635287,0.000508
4,4,10,1,0|4|0|1,0|2|0|3,0,10,3.637114,0.000531,10,3.637096,0.000548
4,4,10,1,0|4|0|2,0|2|0|2,0,10,3.632796,0.000393,10,3.632820,0.000227
4,4,10,1,0|4|0|3,0|2|0|1,0,10,3.625734,0.000515,10,3.625477,0.000471
4,4,10,1,0|4|0|4,0|2|0|0,0,10,3.612595,0.000675,10,3.612666,0.000357
4,4,10,1,0|4|0|0,0|2|1|3,0,10,3.748749,0.000553,10,3.748602,0.000441
4,4,10,1,0|4|0|1,0|2|1|2,0,10,3.748834,0.000502,10,3.748511,0.000370
4,4,10,1,0|4|0|2,0|2|1|1,0,10,3.736610,0.000802,10,3.736439,0.000587
4,4,10,1,0|4|0|3,0|2|1|0,0,10,3.712759,0.000755,10,3.712464,0.000751
4,4,10,1,0|4|0|0,0|2|2|2,0,10,3.717749,0.000571,10,3.717888,0.000320
4,4,10,1,0|4|0|1,0|2|2|1,0,10,3.711556,0.000513,10,3.711595,0.000705
4,4,10,1,0|4|0|2,0|2|2|0,0,10,3.676154,0.000715,10,3.676437,0.000607
4,4,10,1,0|4|0|0,0|2|3|1,0,10,3.628205,0.000634,10,3.628516,0.000373
4,4,10,1,0|4|0|1,0|2|3|0,0,10,3.588397,0.000217,10,3.588102,0.000360
4,4,10,1,0|4|0|0,0|2|4|0,0,10,3.372347,0.000255,10,3.371960,0.000261
4,4,10,1,0|4|1|0,0|2|0|3,0,10,3.728142,0.000673,10,3.727866,0.000778
4,4,10,1,0|4|1|1,0|2|0|2,0,10,3.725683,0.000465,10,3.725300,0.000761
4,4,10,1,0|4|1|2,0|2|0|1,0,10,3.711004,0.000394,10,3.711158,0.000774
4,4,10,1,0|4|1|3,0|2|0|0,0,10,3.684250,0.000530,10,3.683955,0.000729
4,4,10,1,0|4|1|0,0|2|1|2,0,10,3.712176,0.000454,10,3.712672,0.000500
4,4,10,1,0|4|1|1,0|2|1|1,0,10,3.702200,0.000522,10,3.702285,0.000332
4,4,10,1,0|4|1|2,0|2|1|0,0,10,3.666452,0.000209,10,3.666028,0.000433
4,4,10,1,0|4|1|0,0|2|2|1,0,10,3.625183,0.000408,10,3.625002,0.000599
4,4,10,1,0|4|1|1,0|2|2|0,0,10,3.581466,0.000309,10,3.581430,0.000541
4,4,10,1,0|4|1|0,0|2|3|0,0,10,3.377729,0.000612,10,3.377252,0.000315
4,4,10,1,0|4|2|0,0|2|0|2,0,10,3.701208,0.000510,10,3.701545,0.000622
4,4,10,1,0|4|2|1,0|2|0|1,0,10,3.690928,0.000407,10,3.690445,0.000643
4,4,10,1,0|4|2|2,0|2|0|0,0,10,3.649527,0.000553,10,3.649121,0.000342
4,4,10,1,0|4|2|0,0|2|1|1,0,10,3.621067,0.000569,10,3.621230,0.000576
4,4,10,1,0|4|2|1,0|2|1|0,0,10,3.575629,0.000364,10,3.576048,0.000360
4,4,10,1,0|4|2|0,0|2|2|0,0,10,3.378785,0.000350,10,3.378610,0.000334
4,4,10,1,0|4|3|0,0|2|0|1,0,10,3.616912,0.000297,10,3.616921,0.000424
4,4,10,1,0|4|3|1,0|2|0|0,0,10,3.570617,0.000295,10,3.570509,0.000445
4,4,10,1,0|4|3|0,0|2|1|0,0,10,3.378672,0.000239,10,3.378725,0.000488
4,4,10,1,0|4|4|0,0|2|0|0,0,10,3.376970,0.000381,10,3.377148,0.000409
4,4,10,1,0|4|0|0,0|3|0|3,0,10,3.609568,0.000515,10,3.609422,0.000481
4,4,10,1,0|4|0|1,0|3|0|2,0,10,3.609916,0.000416,10,3.609905,0.000585
4,4,10,1,0|4|0|2,0|3|0|1,0,10,3.599785,0.000425,10,3.599768,0.000339
4,4,10,1,0|4|0|3,0|3|0|0,0,10,3.578849,0.000537,10,3.579081,0.000385
4,4,10,1,0|4|0|0,0|3|1|2,0,10,3.696242,0.000567,10,3.695904,0.000456
4,4,10,1,0|4|0|1,0|3|1|1,0,10,3.688735,0.000677,10,3.688532,0.000612
4,4,10,1,0|4|0|2,0|3|1|0,0,10,3.654135,0.000474,10,3.654413,0.000757
4,4,10,1,0|4|0|0,0|3|2|1,0,10,3.621081,0.000431,10,3.620994,0.000252
4,4,10,1,0|4|0|1,0|3|2|0,0,10,3.580656,0.000584,10,3.580918,0.000560
4,4,10,1,0|4|0|0,0|3|3|0,0,10,3.368992,0.000356,10,3.369026,0.000406
4,4,10,1,0|4|1|0,0|3|0|2,0,10,3.674536,0.000577,10,3.674682,0.000576
4,4,10,1,0|4|1|1,0|3|0|1,0,10,3.662283,0.000343,10,3.662680,0.000581
4,4,10,1,0|4|1|2,0|3|0|0,0,10,3.623527,0.000377,10,3.623696,0.000438
4,4,10,1,0|4|1|0,0|3|1|1,0,10,3.615049,0.000434,10,3.615308,0.000427
4,4,10,1,0|4|1|1,0|3|1|0,0,10,3.570385,0.000530,10,3.570504,0.000342
4,4,10,1,0|4|1|0,0|3|2|0,0,10,3.373637,0.000360,10,3.373529,0.000394
4,4,10,1,0|4|2|0,0|3|0|1,0,10,3.604415,0.000623,10,3.604694,0.000510
4,4,10,1,0|4|2|1,0|3|0|0,0,10,3.556748,0.000694,10,3.556810,0.000664
4,4,10,1,0|4|2|0,0|3|1|0,0,10,3.373187,0.000360,10,3.373238,0.000375
4,4,10,1,0|4|3|0,0|3|0|0,0,10,3.369405,0.000443,10,3.369682,0.000351
4,4,10,1,0|4|0|0,0|4|0|2,0,10,3.561259,0.000700,10,3.561187,0.000551
4,4,10,1,0|4|0|1,0|4|0|1,0,10,3.554374,0.000490,10,3.554387,0.000536
4,4,10,1,0|4|0|2,0|4|0|0,0,10,3.521590,0.000519,10,3.521495,0.000464
4,4,10,1,0|4|0|0,0|4|1|1,0,10,3.594046,0.000367,10,3.593969,0.000497
4,4,10,1,0|4|0|1,0|4|1|0,0,10,3.552485,0.000419,10,3.552371,0.000361
4,4,10,1,0|4|0|0,0|4|2|0,0,10,3.358449,0.000487,10,3.358417,0.000440
4,4,10,1,0|4|1|0,0|4|0|1,0,10,3.571724,0.000477,10,3.571536,0.000502
4,4,10,1,0|4|1|1,0|4|0|0,0,10,3.521819,0.000473,10,3.522149,0.000674
4,4,10,1,0|4|1|0,0|4|1|0,0,10,3.359593,0.000398,10,3.359610,0.000622
4,4,10,1,0|4|2|0,0|4|0|0,0,10,3.350643,0.000388,10,3.350507,0.000436
4,4,10,1,0|4|0|0,0|5|0|1,0,10,3.455732,0.000829,10,3.455831,0.000164
4,4,10,1,0|4|0|1,0|5|0|0,0,10,3.411696,0.000423,10,3.411512,0.000596
4,4,10,1,0|4|0|0,0|5|1|0,0,10,3.319586,0.000198,10,3.319448,0.000368
4,4,10,1,0|4|1|0,0|5|0|0,0,10,3.300167,0.000592,10,3.300293,0.000494
4,4,10,1,0|4|0|0,0|6|0|0,0,10,3.127623,0.000489,10,3.127214,0.000458
4,4,10,1,0|5|0|0,0|0|0|5,0,10,3.650078,0.000288,10,3.650132,0.000542
4,4,10,1,0|5|0|1,0|0|0|4,0,10,3.652279,0.000371,10,3.651915,0.000298
4,4,10,1,0|5|0|2,0|0|0|3,0,10,3.649847,0.000462,10,3.649669,0.000624
4,4,10,1,0|5|0|3,0|0|0|2,0,10,3.646412,0.000357,10,3.646282,0.000446
4,4,10,1,0|5|0|4,0|0|0|1,0,10,3.641712,0.000450,10,3.641901,0.000685
4,4,10,1,0|5|0|5,0|0|0|0,0,10,3.633754,0.000583,10,3.633604,0.000558
4,4,10,1,0|5|0|0,0|0|1|4,0,10,3.779158,0.000619,10,3.779461,0.000559
4,4,10,1,0|5|0|1,0|0|1|3,0,10,3.781191,0.000601,10,3.780958,0.001044
4,4,10,1,0|5|0|2,0|0|1|2,0,10,3.775409,0.000891,10,3.775346,0.000692
4,4,10,1,0|5|0|3,0|0|1|1,0,10,3.766602,0.000509,10,3.766470,0.000554
4,4,10,1,0|5|0|4,0|0|1|0,0,10,3.750308,0.000515,10,3.750591,0.000765
4,4,10,1,0|5|0|0,0|0|2|3,0,10,3.768037,0.000536,10,3.767949,0.000449
4,4,10,1,0|5|0|1,0|0|2|2,0,10,3.768627,0.000821,10,3.768457,0.000863
4,4,10,1,0|5|0|2,0|0|2|1,0,10,3.756371,0.000707,10,3.756423,0.000658
4,4,10,1,0|5|0|3,0|0|2|0,0,10,3.731890,0.000875,10,3.732090,0.000677
4,4,10,1,0|5|0|0,0|0|3|2,0,10,3.723527,0.000425,10,3.723594,0.000645
4,4,10,1,0|5|0|1,0|0|3|1,0,10,3.717320,0.000497,10,3.717539,0.000644
4,4,10,1,0|5|0|2,0|0|3|0,0,10,3.682121,0.000533,10,3.682081,0.000577
4,4,10,1,0|5|0|0,0|0|4|1,0,10,3.630307,0.000400,10,3.630606,0.000567
4,4,10,1,0|5|0|1,0|0|4|0,0,10,3.590601,0.000440,10,3.590748,0.000442
4,4,10,1,0|5|0|0,0|0|5|0,0,10,3.373262,0.000311,10,3.373265,0.000405
4,4,10,1,0|5|1|0,0|0|0|4,0,10,3.759654,0.000672,10,3.759673,0.000877
4,4,10,1,0|5|1|1,0|0|0|3,0,10,3.759523,0.000514,10,3.759961,0.000524
4,4,10,1,0|5|1|2,0|0|0|2,0,10,3.752443,0.000670,10,3.752932,0.000486
4,4,10,1,0|5|1|3,0|0|0|1,0,10,3.742543,0.000757,10,3.742686,0.000520
4,4,10,1,0|5|1|4,0|0|0|0,0,10,3.723837,0.000562,10,3.723899,0.000588
4,4,10,1,0|5|1|0,0|0|1|3,0,10,3.763607,0.000562,10,3.763756,0.000452
4,4,10,1,0|5|1|1,0|0|1|2,0,10,3.761702,0.000678,10,3.761820,0.000495
4,4,10,1,0|5|1|2,0|0|1|1,0,10,3.748813,0.000658,10,3.748531,0.000845
4,4,10,1,0|5|1|3,0|0|1|0,0,10,3.723310,0.000316,10,3.723071,0.000637
4,4,10,1,0|5|1|0,0|0|2|2,0,10,3.720479,0.000490,10,3.720322,0.000755
4,4,10,1,0|5|1|1,0|0|2|1,0,10,3.710747,0.000769,10,3.711035,0.000478
4,4,10,1,0|5|1|2,0|0|2|0,0,10,3.675065,0.000659,10,3.675183,0.000448
4,4,10,1,0|5|1|0,0|0|3|1,0,10,3.627736,0.000380,10,3.627793,0.000395
4,4,10,1,0|5|1|1,0|0|3|0,0,10,3.584581,0.000344,10,3.584102,0.000517
4,4,10,1,0|5|1|0,0|0|4|0,0,10,3.378510,0.000332,10,3.378687,0.000412
4,4,10,1,0|5|2|0,0|0|0|3,0,10,3.753016,0.000878,10,3.753000,0.000676
4,4,10,1,0|5|2|1,0|0|0|2,0,10,3.751045,0.000421,10,3.751315,0.000636
4,4,10,1,0|5|2|2,0|0|0|1,0,10,3.735500,0.000469,10,3.735517,0.000923
4,4,10,1,0|5|2|3,0|0|0|0,0,10,3.705407,0.000541,10,3.705727,0.000641
4,4,10,1,0|5|2|0,0|0|1|2,0,10,3.715972,0.000491,10,3.715831,0.000639
4,4,10,1,0|5|2|1,0|0|1|1,0,10,3.705977,0.000402,10,3.706136,0.000454
4,4,10,1,0|5|2|2,0|0|1|0,0,10,3.666885,0.000475,10,3.666799,0.000758
4,4,10,1,0|5|2|0,0|0|2|1,0,10,3.625157,0.000263,10,3.625354,0.000544
4,4,10,1,0|5|2|1,0|0|2|0,0,10,3.580240,0.000406,10,3.580268,0.000377
4,4,10,1,0|5|2|0,0|0|3|0,0,10,3.380425,0.000330,10,3.380371,0.000505
4,4,10,1,0|5|3|0,0|0|0|2,0,10,3.710583,0.000930,10,3.710827,0.000687
4,4,10,1,0|5|3|1,0|0|0|1,0,10,3.701890,0.000472,10,3.701664,0.000529
4,4,10,1,0|5|3|2,0|0|0|0,0,10,3.659549,0.000741,10,3.659800,0.000742
4,4,10,1,0|5|3|0,0|0|1|1,0,10,3.623420,0.000490,10,3.623729,0.000407
4,4,10,1,0|5|3|1,0|0|1|0,0,10,3.578484,0.000301,10,3.578656,0.000636
4,4,10,1,0|5|3|0,0|0|2|0,0,10,3.380903,0.000151,10,3.381023,0.000474
4,4,10,1,0|5|4|0,0|0|0|1,0,10,3.621679,0.000301,10,3.622001,0.000515
4,4,10,1,0|5|4|1,0|0|0|0,0,10,3.576428,0.000295,10,3.576406,0.000416
4,4,10,1,0|5|4|0,0|0|1|0,0,10,3.380831,0.000462,10,3.381042,0.000386
4,4,10,1,0|5|5|0,0|0|0|0,0,10,3.380248,0.000391,10,3.380387,0.000353
4,4,10,1,0|5|0|0,0|1|0|4,0,10,3.634796,0.000502,10,3.635174,0.000587
4,4,10,1,0|5|0|1,0|1|0|3,0,10,3.637476,0.000591,10,3.636924,0.000353
4,4,10,1,0|5|0|2,0|1|0|2,0,10,3.632497,0.000572,10,3.632679,0.000466
4,4,10,1,0|5|0|3,0|1|0|1,0,10,3.625929,0.000528,10,3.625768,0.000305
4,4,10,1,0|5|0|4,0|1|0|0,0,10,3.612549,0.000295,10,3.612594,0.000596
4,4,10,1,0|5|0|0,0|1|1|3,0,10,3.748521,0.000661,10,3.748465,0.000889
4,4,10,1,0|5|0|1,0|1|1|2,0,10,3.748616,0.000840,10,3.748489,0.000659
4,4,10,1,0|5|0|2,0|1|1|1,0,10,3.736529,0.000498,10,3.736628,0.000333
4,4,10,1,0|5|0|3,0|1|1|0,0,10,3.712549,0.000570,10,3.712459,0.000398
4,4,10,1,0|5|0|0,0|1|2|2,0,10,3.718060,0.000443,10,3.717956,0.000691
4,4,10,1,0|5|0|1,0|1|2|1,0,10,3.711330,0.000420,10,3.711438,0.000243
4,4,10,1,0|5|0|2,0|1|2|0,0,10,3.676302,0.000744,10,3.676329,0.000318
4,4,10,1,0|5|0|0,0|1|3|1,0,10,3.628590,0.000521,10,3.628162,0.000325
4,4,10,1,0|5|0|1,0|1|3|0,0,10,3.588377,0.000346,10,3.588363,0.000456
4,4,10,1,0|5|0|0,0|1|4|0,0,10,3.372318,0.000431,10,3.372095,0.000402
4,4,10,1,0|5|1|0,0|1|0|3,0,10,3.727678,0.000556,10,3.727798,0.000602
4,4,10,1,0|5|1|1,0|1|0|2,0,10,3.724888,0.000541,10,3.725498,0.000501
4,4,10,1,0|5|1|2,0|1|0|1,0,10,3.710889,0.000465,10,3.711279,0.000491
4,4,10,1,0|5|1|3,0|1|0|0,0,10,3.684024,0.000669,10,3.683999,0.000435
4,4,10,1,0|5|1|0,0|1|1|2,0,10,3.712505,0.000465,10,3.712763,0.000518
4,4,10,1,0|5|1|1,0|1|1|1,0,10,3.701983,0.000405,10,3.702153,0.000599
4,4,10,1,0|5|1|2,0|1|1|0,0,10,3.666169,0.000437,10,3.666336,0.000915
4,4,10,1,0|5|1|0,0|1|2|1,0,10,3.624914,0.000528,10,3.625045,0.000534
4,4,10,1,0|5|1|1,0|1|2|0,0,10,3.581516,0.000446,10,3.581703,0.000484
4,4,10,1,0|5|1|0,0|1|3|0,0,10,3.377360,0.000459,10,3.377319,0.000308
4,4,10,1,0|5|2|0,0|1|0|2,0,10,3.701257,0.000572,10,3.701502,0.000500
4,4,10,1,0|5|2|1,0|1|0|1,0,10,3.691042,0.000351,10,3.690993,0.000449
4,4,10,1,0|5|2|2,0|1|0|0,0,10,3.649552,0.000492,10,3.649530,0.000330
4,4,10,1,0|5|2|0,0|1|1|1,0,10,3.621285,0.000402,10,3.621423,0.000525
4,4,10,1,0|5|2|1,0|1|1|0,0,10,3.575481,0.000512,10,3.575914,0.000555
4,4,10,1,0|5|2|0,0|1|2|0,0,10,3.378787,0.000354,10,3.378995,0.000396
4,4,10,1,0|5|3|0,0|1|0|1,0,10,3.616773,0.000605,10,3.617040,0.000421
4,4,10,1,0|5|3|1,0|1|0|0,0,10,3.571077,0.000695,10,3.570700,0.000443
4,4,10,1,0|5|3|0,0|1|1|0,0,10,3.378626,0.000297,10,3.378601,0.000431
4,4,10,1,0|5|4|0,0|1|0|0,0,10,3.376906,0.000518,10,3.377368,0.000341
4,4,10,1,0|5|0|0,0|2|0|3,0,10,3.609608,0.000508,10,3.609544,0.000600
4,4,10,1,0|5|0|1,0|2|0|2,0,10,3.609631,0.000695,10,3.610004,0.000468
4,4,10,1,0|5|0|2,0|2|0|1,0,10,3.600048,0.000297,10,3.600067,0.000456
4,4,10,1,0|5|0|3,0|2|0|0,0,10,3.578784,0.000378,10,3.579011,0.000385
4,4,10,1,0|5|0|0,0|2|1|2,0,10,3.696129,0.000507,10,3.696048,0.000449
4,4,10,1,0|5|0|1,0|2|1|1,0,10,3.688545,0.000495,10,3.688380,0.000346
4,4,10,1,0|5|0|2,0|2|1|0,0,10,3.654211,0.000530,10,3.654178,0.000610
4,4,10,1,0|5|0|0,0|2|2|1,0,10,3.621060,0.000340,10,3.620791,0.000401
4,4,10,1,0|5|0|1,0|2|2|0,0,10,3.580671,0.000368,10,3.580488,0.000447
4,4,10,1,0|5|0|0,0|2|3|0,0,10,3.369182,0.000449,10,3.369250,0.000355
4,4,10,1,0|5|1|0,0|2|0|2,0,10,3.674393,0.000518,10,3.674658,0.000578
4,4,10,1,0|5|1|1,0|2|0|1,0,10,3.662420,0.000367,10,3.662390,0.000387
4,4,10,1,0|5|1|2,0|2|0|0,0,10,3.623716,0.000479,10,3.623600,0.000703
4,4,10,1,0|5|1|0,0|2|1|1,0,10,3.615352,0.000659,10,3.615175,0.000273
4,4,10,1,0|5|1|1,0|2|1|0,0,10,3.570491,0.000520,10,3.570420,0.000395
4,4,10,1,0|5|1|0,0|2|2|0,0,10,3.373502,0.000316,10,3.373693,0.000224
4,4,10,1,0|5|2|0,0|2|0|1,0,10,3.604658,0.000495,10,3.604444,0.000491
4,4,10,1,0|5|2|1,0|2|0|0,0,10,3.556787,0.000525,10,3.556805,0.000456
4,4,10,1,0|5|2|0,0|2|1|0,0,10,3.373293,0.000355,10,3.373355,0.000424
4,4,10,1,0|5|3|0,0|2|0|0,0,10,3.369580,0.000465,10,3.369714,0.000483
4,4,10,1,0|5|0|0,0|3|0|2,0,10,3.561156,0.000579,10,3.561111,0.000504
4,4,10,1,0|5|0|1,0|3|0|1,0,10,3.554396,0.000493,10,3.554623,0.000551
4,4,10,1,0|5|0|2,0|3|0|0,0,10,3.521621,0.000329,10,3.521278,0.000421
4,4,10,1,0|5|0|0,0|3|1|1,0,10,3.593972,0.000464,10,3.594076,0.000687
4,4,10,1,0|5|0|1,0|3|1|0,0,10,3.552576,0.000321,10,3.552274,0.000426
4,4,10,1,0|5|0|0,0|3|2|0,0,10,3.358507,0.000382,10,3.358573,0.000472
4,4,10,1,0|5|1|0,0|3|0|1,0,10,3.571274,0.000378,10,3.571568,0.000541
4,4,10,1,0|5|1|1,0|3|0|0,0,10,3.522048,0.000604,10,3.522175,0.000565
4,4,10,1,0|5|1|0,0|3|1|0,0,10,3.359760,0.000417,10,3.359448,0.000426
4,4,10,1,0|5|2|0,0|3|0|0,0,10,3.350551,0.000467,10,3.350681,0.000553
4,4,10,1,0|5|0|0,0|4|0|1,0,10,3.455951,0.000647,10,3.455889,0.000388
4,4,10,1,0|5|0|1,0|4|0|0,0,10,3.411762,0.000421,10,3.411604,0.000466
4,4,10,1,0|5|0|0,0|4|1|0,0,10,3.319296,0.000485,10,3.319411,0.000303
4,4,10,1,0|5|1|0,0|4|0|0,0,10,3.300099,0.000505,10,3.299969,0.000512
4,4,10,1,0|5|0|0,0|5|0|0,0,10,3.127481,0.000539,10,3.127270,0.000668
4,4,10,1,0|6|0|0,0|0|0|4,0,10,3.635200,0.000371,10,3.635135,0.000463
4,4,10,1,0|6|0|1,0|0|0|3,0,10,3.637251,0.000567,10,3.636894,0.000791
4,4,10,1,0|6|0|2,0|0|0|2,0,10,3.632582,0.000459,10,3.632591,0.000553
4,4,10,1,0|6|0|3,0|0|0|1,0,10,3.625598,0.000395,10,3.625864,0.000631
4,4,10,1,0|6|0|4,0|0|0|0,0,10,3.612155,0.000437,10,3.612677,0.000598
4,4,10,1,0|6|0|0,0|0|1|3,0,10,3.748333,0.000933,10,3.748484,0.000689
4,4,10,1,0|6|0|1,0|0|1|2,0,10,3.748557,0.000622,10,3.748467,0.000655
4,4,10,1,0|6|0|2,0|0|1|1,0,10,3.736489,0.000574,10,3.736234,0.000590
4,4,10,1,0|6|0|3,0|0|1|0,0,10,3.712623,0.000723,10,3.712271,0.000560
4,4,10,1,0|6|0|0,0|0|2|2,0,10,3.717786,0.000484,10,3.717957,0.000519
4,4,10,1,0|6|0|1,0|0|2|1,0,10,3.711084,0.000568,10,3.711141,0.000484
4,4,10,1,0|6|0|2,0|0|2|0,0,10,3.676472,0.000904,10,3.676118,0.000632
4,4,10,1,0|6|0|0,0|0|3|1,0,10,3.628559,0.000286,10,3.628307,0.000584
4,4,10,1,0|6|0|1,0|0|3|0,0,10,3.588137,0.000547,10,3.588379,0.000345
4,4,10,1,0|6|0|0,0|0|4|0,0,10,3.372156,0.000287,10,3.372103,0.000406
4,4,10,1,0|6|1|0,0|0|0|3,0,10,3.727846,0.000645,10,3.728092,0.000837
4,4,10,1,0|6|1|1,0|0|0|2,0,10,3.725651,0.000507,10,3.725426,0.000400
4,4,10,1,0|6|1|2,0|0|0|1,0,10,3.711116,0.000792,10,3.710991,0.000651
4,4,10,1,0|6|1|3,0|0|0|0,0,10,3.683913,0.000587,10,3.683789,0.000632
4,4,10,1,0|6|1|0,0|0|1|2,0,10,3.712398,0.000524,10,3.712596,0.000419
4,4,10,1,0|6|1|1,0|0|1|1,0,10,3.702207,0.000581,10,3.702258,0.000520
4,4,10,1,0|6|1|2,0|0|1|0,0,10,3.666467,0.000436,10,3.666436,0.000427
4,4,10,1,0|6|1|0,0|0|2|1,0,10,3.624895,0.000534,10,3.625138,0.000600
4,4,10,1,0|6|1|1,0|0|2|0,0,10,3.581520,0.000355,10,3.581489,0.000323
4,4,10,1,0|6|1|0,0|0|3|0,0,10,3.377306,0.000322,10,3.377545,0.000275
4,4,10,1,0|6|2|0,0|0|0|2,0,10,3.701698,0.000690,10,3.701444,0.000593
4,4,10,1,0|6|2|1,0|0|0|1,0,10,3.690701,0.000666,10,3.691012,0.000443
4,4,10,1,0|6|2|2,0|0|0|0,0,10,3.649462,0.000435,10,3.649132,0.000868
4,4,10,1,0|6|2|0,0|0|1|1,0,10,3.621080,0.000419,10,3.621315,0.000362
4,4,10,1,0|6|2|1,0|0|1|0,0,10,3.575810,0.000567,10,3.575851,0.000442
4,4,10,1,0|6|2|0,0|0|2|0,0,10,3.378799,0.000212,10,3.378921,0.000255
4,4,10,1,0|6|3|0,0|0|0|1,0,10,3.617014,0.000461,10,3.617185,0.000526
4,4,10,1,0|6|3|1,0|0|0|0,0,10,3.570858,0.000275,10,3.570699,0.000494
4,4,10,1,0|6|3|0,0|0|1|0,0,10,3.378856,0.000254,10,3.378581,0.000357
4,4,10,1,0|6|4|0,0|0|0|0,0,10,3.377215,0.000298,10,3.377203,0.000453
4,4,10,1,0|6|0|0,0|1|0|3,0,10,3.609551,0.000286,10,3.609228,0.000253
4,4,10,1,0|6|0|1,0|1|0|2,0,10,3.610105,0.000555,10,3.609810,0.000404
4,4,10,1,0|6|0|2,0|1|0|1,0,10,3.599802,0.000628,10,3.599922,0.000215
4,4,10,1,0|6|0|3,0|1|0|0,0,10,3.579018,0.000309,10,3.578853,0.000325
4,4,10,1,0|6|0|0,0|1|1|2,0,10,3.695936,0.000656,10,3.695728,0.000436
4,4,10,1,0|6|0|1,0|1|1|1,0,10,3.688800,0.000448,10,3.688657,0.000686
4,4,10,1,0|6|0|2,0|1|1|0,0,10,3.654130,0.000509,10,3.654190,0.000595
4,4,10,1,0|6|0|0,0|1|2|1,0,10,3.621205,0.000293,10,3.620951,0.000430
4,4,10,1,0|6|0|1,0|1|2|0,0,10,3.580669,0.000503,10,3.580873,0.000390
4,4,10,1,0|6|0|0,0|1|3|0,0,10,3.369061,0.000266,10,3.369341,0.000305
4,4,10,1,0|6|1|0,0|1|0|2,0,10,3.674311,0.000454,10,3.674364,0.000558
4,4,10,1,0|6|1|1,0|1|0|1,0,10,3.662428,0.000455,10,3.662280,0.000415
4,4,10,1,0|6|1|2,0|1|0|0,0,10,3.623796,0.000499,10,3.623500,0.000268
4,4,10,1,0|6|1|0,0|1|1|1,0,10,3.615221,0.000731,10,3.614928,0.000577
4,4,10,1,0|6|1|1,0|1|1|0,0,10,3.570416,0.000511,10,3.570419,0.000469
4,4,10,1,0|6|1|0,0|1|2|0,0,10,3.373537,0.000337,10,3.373638,0.000228
4,4,10,1,0|6|2|0,0|1|0|1,0,10,3.604833,0.000715,10,3.604505,0.000485
4,4,10,1,0|6|2|1,0|1|0|0,0,10,3.557065,0.000448,10,3.556753,0.000343
4,4,10,1,0|6|2|0,0|1|1|0,0,10,3.373267,0.000474,10,3.373265,0.000316
4,4,10,1,0|6|3|0,0|1|0|0,0,10,3.369452,0.000460,10,3.369662,0.000273
4,4,10,1,0|6|0|0,0|2|0|2,0,10,3.561077,0.000546,10,3.561117,0.000508
4,4,10,1,0|6|0|1,0|2|0|1,0,10,3.554303,0.000476,10,3.554308,0.000523
4,4,10,1,0|6|0|2,0|2|0|0,0,10,3.521414,0.000400,10,3.521226,0.000509
4,4,10,1,0|6|0|0,0|2|1|1,0,10,3.593953,0.000517,10,3.594222,0.000441
4,4,10,1,0|6|0|1,0|2|1|0,0,10,3.552338,0.000448,10,3.552706,0.000437
4,4,10,1,0|6|0|0,0|2|2|0,0,10,3.358667,0.000481,10,3.358528,0.000209
4,4,10,1,0|6|1|0,0|2|0|1,0,10,3.571384,0.000780,10,3.571724,0.000342
4,4,10,1,0|6|1|1,0|2|0|0,0,10,3.522073,0.000332,10,3.521859,0.000640
4,4,10,1,0|6|1|0,0|2|1|0,0,10,3.359791,0.000387,10,3.359509,0.000340
4,4,10,1,0|6|2|0,0|2|0|0,0,10,3.350569,0.000311,10,3.350516,0.000267
4,4,10,1,0|6|0|0,0|3|0|1,0,10,3.456100,0.000618,10,3.456014,0.000653
4,4,10,1,0|6|0|1,0|3|0|0,0,10,3.411688,0.000637,10,3.411734,0.000361
4,4,10,1,0|6|0|0,0|3|1|0,0,10,3.319482,0.000352,10,3.319542,0.000325
4,4,10,1,0|6|1|0,0|3|0|0,0,10,3.300002,0.000465,10,3.300036,0.000388
4,4,10,1,0|6|0|0,0|4|0|0,0,10,3.127358,0.000395,10,3.127451,0.000360
4,4,10,1,0|7|0|0,0|0|0|3,0,10,3.609393,0.000603,10,3.609142,0.000549
4,4,10,1,0|7|0|1,0|0|0|2,0,10,3.609707,0.000366,10,3.610233,0.000462
4,4,10,1,0|7|0|2,0|0|0|1,0,10,3.599949,0.000521,10,3.599834,0.000638
4,4,10,1,0|7|0|3,0|0|0|0,0,10,3.578846,0.000345,10,3.578925,0.000408
4,4,10,1,0|7|0|0,0|0|1|2,0,10,3.696343,0.000517,10,3.696088,0.000650
4,4,10,1,0|7|0|1,0|0|1|1,0,10,3.688573,0.000539,10,3.688570,0.000326
4,4,10,1,0|7|0|2,0|0|1|0,0,10,3.654182,0.000397,10,3.653990,0.000322
4,4,10,1,0|7|0|0,0|0|2|1,0,10,3.621185,0.000426,10,3.621148,0.000467
4,4,10,1,0|7|0|1,0|0|2|0,0,10,3.580588,0.000488,10,3.580276,0.000432
4,4,10,1,0|7|0|0,0|0|3|0,0,10,3.368990,0.000437,10,3.369244,0.000446
4,4,10,1,0|7|1|0,0|0|0|2,0,10,3.674373,0.000715,10,3.674622,0.000463
4,4,10,1,0|7|1|1,0|0|0|1,0,10,3.662412,0.000611,10,3.662319,0.000824
4,4,10,1,0|7|1|2,0|0|0|0,0,10,3.623266,0.000680,10,3.623414,0.000479
4,4,10,1,0|7|1|0,0|0|1|1,0,10,3.615129,0.000204,10,3.614824,0.000471
4,4,10,1,0|7|1|1,0|0|1|0,0,10,3.570428,0.000480,10,3.570348,0.000308
4,4,10,1,0|7|1|0,0|0|2|0,0,10,3.373445,0.000466,10,3.373635,0.000555
4,4,10,1,0|7|2|0,0|0|0|1,0,10,3.604669,0.000378,10,3.604862,0.000542
4,4,10,1,0|7|2|1,0|0|0|0,0,10,3.556480,0.000304,10,3.556594,0.000297
4,4,10,1,0|7|2|0,0|0|1|0,0,10,3.373218,0.000543,10,3.373007,0.000418
4,4,10,1,0|7|3|0,0|0|0|0,0,10,3.369358,0.000244,10,3.369482,0.000430
4,4,10,1,0|7|0|0,0|1|0|2,0,10,3.561015,0.000478,10,3.561206,0.000439
4,4,10,1,0|7|0|1,0|1|0|1,0,10,3.554498,0.000352,10,3.554274,0.000447
4,4,10,1,0|7|0|2,0|1|0|0,0,10,3.521401,0.000627,10,3.521495,0.000632
4,4,10,1,0|7|0|0,0|1|1|1,0,10,3.594488,0.000315,10,3.594124,0.000423
4,4,10,1,0|7|0|1,0|1|1|0,0,10,3.552276,0.000366,10,3.552638,0.000503
4,4,10,1,0|7|0|0,0|1|2|0,0,10,3.358652,0.000473,10,3.358277,0.000455
4,4,10,1,0|7|1|0,0|1|0|1,0,10,3.571491,0.000430,10,3.571574,0.000413
4,4,10,1,0|7|1|1,0|1|0|0,0,10,3.522225,0.000546,10,3.521920,0.000579
4,4,10,1,0|7|1|0,0|1|1|0,0,10,3.359409,0.000327,10,3.359697,0.000355
4,4,10,1,0|7|2|0,0|1|0|0,0,10,3.350733,0.000453,10,3.350663,0.000471
4,4,10,1,0|7|0|0,0|2|0|1,0,10,3.456083,0.000530,10,3.455934,0.000607
4,4,10,1,0|7|0|1,0|2|0|0,0,10,3.411350,0.000328,10,3.411743,0.000383
4,4,10,1,0|7|0|0,0|2|1|0,0,10,3.319376,0.000400,10,3.319465,0.000439
4,4,10,1,0|7|1|0,0|2|0|0,0,10,3.300231,0.000396,10,3.300137,0.000577
4,4,10,1,0|7|0|0,0|3|0|0,0,10,3.127651,0.000731,10,3.127506,0.000815
4,4,10,1,0|8|0|0,0|0|0|2,0,10,3.561114,0.000516,10,3.561257,0.000405
4,4,10,1,0|8|0|1,0|0|0|1,0,10,3.554351,0.000420,10,3.554301,0.000636
4,4,10,1,0|8|0|2,0|0|0|0,0,10,3.521509,0.000532,10,3.521577,0.000477
4,4,10,1,0|8|0|0,0|0|1|1,0,10,3.594230,0.000405,10,3.594129,0.000530
4,4,10,1,0|8|0|1,0|0|1|0,0,10,3.552395,0.000754,10,3.552623,0.000692
4,4,10,1,0|8|0|0,0|0|2|0,0,10,3.358380,0.000382,10,3.358323,0.000305
4,4,10,1,0|8|1|0,0|0|0|1,0,10,3.571623,0.000521,10,3.571738,0.000298
4,4,10,1,0|8|1|1,0|0|0|0,0,10,3.522196,0.000334,10,3.521831,0.000364
4,4,10,1,0|8|1|0,0|0|1|0,0,10,3.359596,0.000339,10,3.359673,0.000410
4,4,10,1,0|8|2|0,0|0|0|0,0,10,3.350616,0.000570,10,3.350493,0.000353
4,4,10,1,0|8|0|0,0|1|0|1,0,10,3.456182,0.000398,10,3.455765,0.000459
4,4,10,1,0|8|0|1,0|1|0|0,0,10,3.411130,0.000470,10,3.411514,0.000493
4,4,10,1,0|8|0|0,0|1|1|0,0,10,3.319407,0.000348,10,3.319323,0.000481
4,4,10,1,0|8|1|0,0|1|0|0,0,10,3.300059,0.000391,10,3.299810,0.000349
4,4,10,1,0|8|0|0,0|2|0|0,0,10,3.127410,0.000482,10,3.127237,0.000473
4,4,10,1,0|9|0|0,0|0|0|1,0,10,3.455972,0.000648,10,3.455941,0.000598
4,4,10,1,0|9|0|1,0|0|0|0,0,10,3.411595,0.000415,10,3.411571,0.000497
4,4,10,1,0|9|0|0,0|0|1|0,0,10,3.319526,0.000519,10,3.319379,0.000306
4,4,10,1,0|9|1|0,0|0|0|0,0,10,3.299959,0.000390,10,3.300307,0.000377
4,4,10,1,0|9|0|0,0|1|0|0,0,10,3.127148,0.000328,10,3.127805,0.000456
4,4,10,1,0|10|0|0,0|0|0|0,0,10,3.127542,0.000448,10,3.127388,0.000488
