n,m,B,dual,c_forward,c_backward,structured,r1,mean1,sd1,r3,mean3,sd3
4,5,8,1,0|0|0|0|0,0|0|0|0|8,1,30,3.882878,0.001216,0,,
4,5,8,1,0|0|0|0|1,0|0|0|0|7,0,10,3.883915,0.001730,10,3.883291,0.001048
4,5,8,1,0|0|0|0|2,0|0|0|0|6,0,10,3.883243,0.001368,10,3.884009,0.001262
4,5,8,1,0|0|0|0|3,0|0|0|0|5,0,10,3.883758,0.001128,10,3.883127,0.000524
4,5,8,1,0|0|0|0|4,0|0|0|0|4,0,10,3.882722,0.000738,10,3.883232,0.001205
4,5,8,1,0|0|0|0|5,0|0|0|0|3,0,10,3.882897,0.001298,10,3.882746,0.001177
4,5,8,1,0|0|0|0|6,0|0|0|0|2,0,10,3.882197,0.000591,10,3.881336,0.001127
4,5,8,1,0|0|0|0|7,0|0|0|0|1,0,10,3.880891,0.001348,10,3.881330,0.001262
4,5,8,1,0|0|0|0|8,0|0|0|0|0,0,10,3.879898,0.001847,10,3.880166,0.001446
4,5,8,1,0|0|0|0|0,0|0|0|1|7,1,30,3.930654,0.000902,0,,
4,5,8,1,0|0|0|0|1,0|0|0|1|6,0,10,3.931227,0.001389,10,3.931401,0.001469
4,5,8,1,0|0|0|0|2,0|0|0|1|5,0,10,3.932277,0.001250,10,3.931615,0.000593
4,5,8,1,0|0|0|0|3,0|0|0|1|4,0,10,3.931393,0.001160,10,3.931911,0.001310
4,5,8,1,0|0|0|0|4,0|0|0|1|3,0,10,3.931116,0.001252,10,3.931764,0.001369
4,5,8,1,0|0|0|0|5,0|0|0|1|2,0,10,3.930615,0.001283,10,3.931358,0.001513
4,5,8,1,0|0|0|0|6,0|0|0|1|1,0,10,3.931199,0.000775,10,3.931039,0.001305
4,5,8,1,0|0|0|0|7,0|0|0|1|0,0,10,3.930437,0.001426,10,3.929994,0.001537
4,5,8,1,0|0|0|0|0,0|0|0|2|6,1,30,3.935747,0.001261,0,,
4,5,8,1,0|0|0|0|1,0|0|0|2|5,0,10,3.936489,0.000968,10,3.936985,0.001057
4,5,8,1,0|0|0|0|2,0|0|0|2|4,0,10,3.936705,0.000903,10,3.935890,0.001450
4,5,8,1,0|0|0|0|3,0|0|0|2|3,0,10,3.935797,0.000823,10,3.936386,0.001275
4,5,8,1,0|0|0|0|4,0|0|0|2|2,0,10,3.936231,0.001526,10,3.936076,0.000760
4,5,8,1,0|0|0|0|5,0|0|0|2|1,0,10,3.934886,0.001143,10,3.935839,0.001299
4,5,8,1,0|0|0|0|6,0|0|0|2|0,0,10,3.933977,0.001099,10,3.933608,0.000876
4,5,8,1,0|0|0|0|0,0|0|0|3|5,1,30,3.935234,0.000903,0,,
4,5,8,1,0|0|0|0|1,0|0|0|3|4,0,10,3.936205,0.000597,10,3.936509,0.001159
4,5,8,1,0|0|0|0|2,0|0|0|3|3,0,10,3.935975,0.001184,10,3.935969,0.000997
4,5,8,1,0|0|0|0|3,0|0|0|3|2,0,10,3.935335,0.000901,10,3.935352,0.000812
4,5,8,1,0|0|0|0|4,0|0|0|3|1,0,10,3.934551,0.001477,10,3.933883,0.001176
4,5,8,1,0|0|0|0|5,0|0|0|3|0,0,10,3.931554,0.000878,10,3.932134,0.001059
4,5,8,1,0|0|0|0|0,0|0|0|4|4,1,30,3.932021,0.001548,0,,
4,5,8,1,0|0|0|0|1,0|0|0|4|3,0,10,3.933790,0.001331,10,3.933381,0.001190
4,5,8,1,0|0|0|0|2,0|0|0|4|2,0,10,3.932495,0.000839,10,3.932114,0.001607
4,5,8,1,0|0|0|0|3,0|0|0|4|1,0,10,3.931307,0.001272,10,3.930373,0.001533
4,5,8,1,0|0|0|0|4,0|0|0|4|0,0,10,3.925934,0.000946,10,3.926399,0.001048
4,5,8,1,0|0|0|0|0,0|0|0|5|3,0,10,3.925022,0.001151,10,3.925328,0.001418
4,5,8,1,0|0|0|0|1,0|0|0|5|2,0,10,3.927253,0.001326,10,3.927601,0.001190
4,5,8,1,0|0|0|0|2,0|0|0|5|1,0,10,3.922978,0.000812,10,3.923876,0.000927
4,5,8,1,0|0|0|0|3,0|0|0|5|0,0,10,3.916287,0.000664,10,3.915670,0.000699
4,5,8,1,0|0|0|0|0,0|0|0|6|2,0,10,3.910295,0.001143,10,3.910031,0.000991
4,5,8,1,0|0|0|0|1,0|0|0|6|1,0,10,3.910334,0.001133,10,3.910027,0.000610
4,5,8,1,0|0|0|0|2,0|0|0|6|0,0,10,3.896961,0.000833,10,3.896961,0.000482
4,5,8,1,0|0|0|0|0,0|0|0|7|1,0,10,3.871304,0.000667,10,3.871321,0.000460
4,5,8,1,0|0|0|0|1,0|0|0|7|0,0,10,3.856697,0.000500,10,3.856079,0.000502
4,5,8,1,0|0|0|0|0,0|0|0|8|0,0,10,3.727128,0.000372,10,3.727474,0.000397
4,5,8,1,0|0|0|1|0,0|0|0|0|7,0,10,3.927620,0.000927,10,3.927424,0.001142
4,5,8,1,0|0|0|1|1,0|0|0|0|6,0,10,3.927574,0.000902,10,3.927242,0.001070
4,5,8,1,0|0|0|1|2,0|0|0|0|5,0,10,3.928108,0.001583,10,3.927579,0.001435
4,5,8,1,0|0|0|1|3,0|0|0|0|4,0,10,3.927230,0.001513,10,3.928694,0.001215
4,5,8,1,0|0|0|1|4,0|0|0|0|3,0,10,3.927511,0.001321,10,3.927363,0.001558
4,5,8,1,0|0|0|1|5,0|0|0|0|2,0,10,3.926768,0.000789,10,3.927592,0.001197
4,5,8,1,0|0|0|1|6,0|0|0|0|1,0,10,3.926243,0.000582,10,3.926158,0.001105
4,5,8,1,0|0|0|1|7,0|0|0|0|0,0,10,3.925918,0.000866,10,3.925708,0.001566
4,5,8,1,0|0|0|1|0,0|0|0|1|6,0,10,3.935534,0.001303,10,3.935752,0.000661
4,5,8,1,0|0|0|1|1,0|0|0|1|5,0,10,3.936137,0.001223,10,3.936628,0.001426
4,5,8,1,0|0|0|1|2,0|0|0|1|4,0,10,3.936229,0.000867,10,3.936162,0.001273
4,5,8,1,0|0|0|1|3,0|0|0|1|3,0,10,3.936760,0.001221,10,3.936291,0.001002
4,5,8,1,0|0|0|1|4,0|0|0|1|2,0,10,3.935341,0.001262,10,3.935909,0.000884
4,5,8,1,0|0|0|1|5,0|0|0|1|1,0,10,3.934703,0.001143,10,3.934892,0.001257
4,5,8,1,0|0|0|1|6,0|0|0|1|0,0,10,3.934123,0.001689,10,3.933493,0.001261
4,5,8,1,0|0|0|1|0,0|0|0|2|5,0,10,3.935760,0.002198,10,3.935495,0.001149
4,5,8,1,0|0|0|1|1,0|0|0|2|4,0,10,3.936273,0.001356,10,3.937044,0.001260
4,5,8,1,0|0|0|1|2,0|0|0|2|3,0,10,3.936346,0.001023,10,3.936381,0.001090
4,5,8,1,0|0|0|1|3,0|0|0|2|2,0,10,3.935894,0.000831,10,3.935648,0.000604
4,5,8,1,0|0|0|1|4,0|0|0|2|1,0,10,3.934231,0.001434,10,3.934231,0.000992
4,5,8,1,0|0|0|1|5,0|0|0|2|0,0,10,3.931984,0.001327,10,3.932438,0.000945
4,5,8,1,0|0|0|1|0,0|0|0|3|4,0,10,3.933029,0.000715,10,3.931780,0.001157
4,5,8,1,0|0|0|1|1,0|0|0|3|3,0,10,3.933704,0.001173,10,3.933236,0.001430
4,5,8,1,0|0|0|1|2,0|0|0|3|2,0,10,3.931791,0.001142,10,3.932878,0.001592
4,5,8,1,0|0|0|1|3,0|0|0|3|1,0,10,3.930466,0.001645,10,3.930611,0.001396
4,5,8,1,0|0|0|1|4,0|0|0|3|0,0,10,3.926372,0.000760,10,3.926978,0.001073
4,5,8,1,0|0|0|1|0,0|0|0|4|3,0,10,3.925536,0.000734,10,3.925239,0.001094
4,5,8,1,0|0|0|1|1,0|0|0|4|2,0,10,3.927254,0.000908,10,3.926727,0.000803
4,5,8,1,0|0|0|1|2,0|0|0|4|1,0,10,3.923491,0.000585,10,3.922977,0.000980
4,5,8,1,0|0|0|1|3,0|0|0|4|0,0,10,3.916177,0.001173,10,3.916561,0.000943
4,5,8,1,0|0|0|1|0,0|0|0|5|2,0,10,3.910796,0.001129,10,3.910337,0.000545
4,5,8,1,0|0|0|1|1,0|0|0|5|1,0,10,3.909338,0.000895,10,3.910080,0.000856
4,5,8,1,0|0|0|1|2,0|0|0|5|0,0,10,3.896827,0.001205,10,3.896729,0.000661
4,5,8,1,0|0|0|1|0,0|0|0|6|1,0,10,3.870332,0.000721,10,3.870310,0.000978
4,5,8,1,0|0|0|1|1,0|0|0|6|0,0,10,3.854487,0.000899,10,3.854710,0.000999
4,5,8,1,0|0|0|1|0,0|0|0|7|0,0,10,3.728712,0.000386,10,3.728450,0.000613
4,5,8,1,0|0|0|2|0,0|0|0|0|6,0,10,3.933259,0.000760,10,3.932234,0.001361
4,5,8,1,0|0|0|2|1,0|0|0|0|5,0,10,3.934673,0.001548,10,3.933460,0.001081
4,5,8,1,0|0|0|2|2,0|0|0|0|4,0,10,3.934229,0.001446,10,3.933524,0.001087
4,5,8,1,0|0|0|2|3,0|0|0|0|3,0,10,3.932725,0.000883,10,3.932758,0.001001
4,5,8,1,0|0|0|2|4,0|0|0|0|2,0,10,3.931782,0.001116,10,3.931120,0.001476
4,5,8,1,0|0|0|2|5,0|0|0|0|1,0,10,3.930901,0.000829,10,3.931287,0.001097
4,5,8,1,0|0|0|2|6,0|0|0|0|0,0,10,3.929074,0.001141,10,3.929309,0.000824
4,5,8,1,0|0|0|2|0,0|0|0|1|5,0,10,3.934147,0.001000,10,3.934190,0.000841
4,5,8,1,0|0|0|2|1,0|0|0|1|4,0,10,3.935286,0.001411,10,3.935637,0.001689
4,5,8,1,0|0|0|2|2,0|0|0|1|3,0,10,3.934855,0.001658,10,3.935374,0.001189
4,5,8,1,0|0|0|2|3,0|0|0|1|2,0,10,3.934208,0.001452,10,3.934622,0.000877
4,5,8,1,0|0|0|2|4,0|0|0|1|1,0,10,3.932892,0.001833,10,3.933201,0.001116
4,5,8,1,0|0|0|2|5,0|0|0|1|0,0,10,3.930009,0.001109,10,3.930346,0.001035
4,5,8,1,0|0|0|2|0,0|0|0|2|4,0,10,3.931736,0.001021,10,3.931361,0.001332
4,5,8,1,0|0|0|2|1,0|0|0|2|3,0,10,3.932809,0.000783,10,3.932817,0.001469
4,5,8,1,0|0|0|2|2,0|0|0|2|2,0,10,3.931331,0.000911,10,3.931695,0.000946
4,5,8,1,0|0|0|2|3,0|0|0|2|1,0,10,3.929153,0.000961,10,3.929599,0.001162
4,5,8,1,0|0|0|2|4,0|0|0|2|0,0,10,3.924914,0.000787,10,3.924825,0.001446
4,5,8,1,0|0|0|2|0,0|0|0|3|3,0,10,3.924394,0.001173,10,3.924976,0.001017
4,5,8,1,0|0|0|2|1,0|0|0|3|2,0,10,3.925959,0.001691,10,3.925642,0.000963
4,5,8,1,0|0|0|2|2,0|0|0|3|1,0,10,3.921857,0.000965,10,3.922228,0.000917
4,5,8,1,0|0|0|2|3,0|0|0|3|0,0,10,3.914370,0.000917,10,3.914584,0.000804
4,5,8,1,0|0|0|2|0,0|0|0|4|2,0,10,3.908977,0.001082,10,3.909190,0.000698
4,5,8,1,0|0|0|2|1,0|0|0|4|1,0,10,3.907976,0.001027,10,3.907815,0.000970
4,5,8,1,0|0|0|2|2,0|0|0|4|0,0,10,3.894491,0.000491,10,3.894448,0.000787
4,5,8,1,0|0|0|2|0,0|0|0|5|1,0,10,3.869303,0.000501,10,3.869058,0.000906
4,5,8,1,0|0|0|2|1,0|0|0|5|0,0,10,3.852272,0.000618,10,3.852190,0.000665
4,5,8,1,0|0|0|2|0,0|0|0|6|0,0,10,3.729411,0.000668,10,3.729208,0.000526
4,5,8,1,0|0|0|3|0,0|0|0|0|5,0,10,3.933589,0.001173,10,3.932464,0.001141
4,5,8,1,0|0|0|3|1,0|0|0|0|4,0,10,3.934302,0.000851,10,3.934189,0.001208
4,5,8,1,0|0|0|3|2,0|0|0|0|3,0,10,3.933848,0.000706,10,3.932138,0.001384
4,5,8,1,0|0|0|3|3,0|0|0|0|2,0,10,3.931452,0.000964,10,3.932252,0.001089
4,5,8,1,0|0|0|3|4,0|0|0|0|1,0,10,3.930102,0.000538,10,3.929799,0.001194
4,5,8,1,0|0|0|3|5,0|0|0|0|0,0,10,3.926175,0.001225,10,3.926463,0.001115
4,5,8,1,0|0|0|3|0,0|0|0|1|4,0,10,3.930472,0.000626,10,3.931120,0.000864
4,5,8,1,0|0|0|3|1,0|0|0|1|3,0,10,3.931935,0.001245,10,3.931822,0.000908
4,5,8,1,0|0|0|3|2,0|0|0|1|2,0,10,3.930285,0.001983,10,3.930537,0.000837
4,5,8,1,0|0|0|3|3,0|0|0|1|1,0,10,3.928663,0.001690,10,3.927807,0.000953
4,5,8,1,0|0|0|3|4,0|0|0|1|0,0,10,3.922490,0.000858,10,3.922872,0.001323
4,5,8,1,0|0|0|3|0,0|0|0|2|3,0,10,3.923749,0.001012,10,3.923580,0.001215
4,5,8,1,0|0|0|3|1,0|0|0|2|2,0,10,3.924584,0.001180,10,3.924432,0.001150
4,5,8,1,0|0|0|3|2,0|0|0|2|1,0,10,3.921005,0.001097,10,3.921879,0.001043
4,5,8,1,0|0|0|3|3,0|0|0|2|0,0,10,3.911820,0.000910,10,3.911996,0.000764
4,5,8,1,0|0|0|3|0,0|0|0|3|2,0,10,3.908082,0.001297,10,3.907927,0.000808
4,5,8,1,0|0|0|3|1,0|0|0|3|1,0,10,3.906900,0.000782,10,3.907389,0.000890
4,5,8,1,0|0|0|3|2,0|0|0|3|0,0,10,3.892353,0.000719,10,3.893010,0.000744
4,5,8,1,0|0|0|3|0,0|0|0|4|1,0,10,3.868381,0.000330,10,3.868299,0.000559
4,5,8,1,0|0|0|3|1,0|0|0|4|0,0,10,3.851208,0.000592,10,3.851279,0.000573
4,5,8,1,0|0|0|3|0,0|0|0|5|0,0,10,3.729699,0.000541,10,3.729621,0.000425
4,5,8,1,0|0|0|4|0,0|0|0|0|4,0,10,3.929959,0.001373,10,3.929943,0.001564
4,5,8,1,0|0|0|4|1,0|0|0|0|3,0,10,3.930415,0.001222,10,3.930978,0.001267
4,5,8,1,0|0|0|4|2,0|0|0|0|2,0,10,3.928780,0.001445,10,3.929399,0.000666
4,5,8,1,0|0|0|4|3,0|0|0|0|1,0,10,3.926209,0.001201,10,3.926008,0.000760
4,5,8,1,0|0|0|4|4,0|0|0|0|0,0,10,3.920452,0.001586,10,3.919958,0.001007
4,5,8,1,0|0|0|4|0,0|0|0|1|3,0,10,3.922913,0.001023,10,3.923359,0.001032
4,5,8,1,0|0|0|4|1,0|0|0|1|2,0,10,3.924694,0.001182,10,3.923540,0.001481
4,5,8,1,0|0|0|4|2,0|0|0|1|1,0,10,3.920369,0.001069,10,3.920061,0.001298
4,5,8,1,0|0|0|4|3,0|0|0|1|0,0,10,3.910455,0.001043,10,3.911098,0.001265
4,5,8,1,0|0|0|4|0,0|0|0|2|2,0,10,3.907355,0.000525,10,3.907528,0.000816
4,5,8,1,0|0|0|4|1,0|0|0|2|1,0,10,3.906068,0.000706,10,3.906572,0.000954
4,5,8,1,0|0|0|4|2,0|0|0|2|0,0,10,3.891645,0.000381,10,3.891556,0.000843
4,5,8,1,0|0|0|4|0,0|0|0|3|1,0,10,3.867695,0.000808,10,3.867866,0.000644
4,5,8,1,0|0|0|4|1,0|0|0|3|0,0,10,3.850887,0.000501,10,3.850592,0.000587
4,5,8,1,0|0|0|4|0,0|0|0|4|0,0,10,3.729701,0.000399,10,3.729569,0.000605
4,5,8,1,0|0|0|5|0,0|0|0|0|3,0,10,3.921672,0.001030,10,3.921568,0.001126
4,5,8,1,0|0|0|5|1,0|0|0|0|2,0,10,3.923235,0.000851,10,3.923878,0.000917
4,5,8,1,0|0|0|5|2,0|0|0|0|1,0,10,3.919152,0.000909,10,3.919283,0.001146
4,5,8,1,0|0|0|5|3,0|0|0|0|0,0,10,3.909481,0.000673,10,3.909111,0.000752
4,5,8,1,0|0|0|5|0,0|0|0|1|2,0,10,3.906549,0.000719,10,3.906642,0.000834
4,5,8,1,0|0|0|5|1,0|0|0|1|1,0,10,3.906520,0.000814,10,3.905857,0.000898
4,5,8,1,0|0|0|5|2,0|0|0|1|0,0,10,3.890870,0.000779,10,3.891021,0.000531
4,5,8,1,0|0|0|5|0,0|0|0|2|1,0,10,3.867182,0.000699,10,3.867394,0.000552
4,5,8,1,0|0|0|5|1,0|0|0|2|0,0,10,3.850237,0.000844,10,3.850629,0.000639
4,5,8,1,0|0|0|5|0,0|0|0|3|0,0,10,3.729597,0.000403,10,3.729487,0.000503
4,5,8,1,0|0|0|6|0,0|0|0|0|2,0,10,3.905951,0.000904,10,3.906168,0.000612
4,5,8,1,0|0|0|6|1,0|0|0|0|1,0,10,3.905020,0.001168,10,3.905464,0.000908
4,5,8,1,0|0|0|6|2,0|0|0|0|0,0,10,3.889969,0.000719,10,3.890040,0.000792
4,5,8,1,0|0|0|6|0,0|0|0|1|1,0,10,3.867273,0.000885,10,3.866592,0.000547
4,5,8,1,0|0|0|6|1,0|0|0|1|0,0,10,3.850292,0.000495,10,3.849878,0.000584
4,5,8,1,0|0|0|6|0,0|0|0|2|0,0,10,3.729264,0.000401,10,3.729199,0.000515
4,5,8,1,0|0|0|7|0,0|0|0|0|1,0,10,3.866635,0.000580,10,3.866840,0.000439
4,5,8,1,0|0|0|7|1,0|0|0|0|0,0,10,3.849204,0.000499,10,3.849357,0.000676
4,5,8,1,0|0|0|7|0,0|0|0|1|0,0,10,3.729065,0.000372,10,3.728990,0.000455
4,5,8,1,0|0|0|8|0,0|0|0|0|0,0,10,3.728477,0.000376,10,3.728743,0.000576
4,5,8,1,0|0|0|0|0,0|0|1|0|7,0,10,3.918045,0.000971,10,3.918324,0.001471
4,5,8,1,0|0|0|0|1,0|0|1|0|6,0,10,3.919585,0.001097,10,3.919255,0.002477
4,5,8,1,0|0|0|0|2,0|0|1|0|5,0,10,3.919138,0.001336,10,3.918732,0.001149
4,5,8,1,0|0|0|0|3,0|0|1|0|4,0,10,3.918510,0.000803,10,3.919225,0.001568
4,5,8,1,0|0|0|0|4,0|0|1|0|3,0,10,3.918465,0.001292,10,3.918655,0.001811
4,5,8,1,0|0|0|0|5,0|0|1|0|2,0,10,3.917603,0.001216,10,3.917955,0.001324
4,5,8,1,0|0|0|0|6,0|0|1|0|1,0,10,3.917561,0.001885,10,3.917025,0.001582
4,5,8,1,0|0|0|0|7,0|0|1|0|0,0,10,3.915665,0.000858,10,3.916887,0.001477
4,5,8,1,0|0|0|0|0,0|0|1|1|6,1,30,3.942536,0.001307,0,,
4,5,8,1,0|0|0|0|1,0|0|1|1|5,0,10,3.943013,0.001416,10,3.942720,0.001314
4,5,8,1,0|0|0|0|2,0|0|1|1|4,0,10,3.943022,0.000942,10,3.943555,0.000914
4,5,8,1,0|0|0|0|3,0|0|1|1|3,0,10,3.943071,0.000979,10,3.942618,0.000923
4,5,8,1,0|0|0|0|4,0|0|1|1|2,0,10,3.942963,0.001569,10,3.942181,0.001088
4,5,8,1,0|0|0|0|5,0|0|1|1|1,0,10,3.941971,0.001430,10,3.942809,0.001433
4,5,8,1,0|0|0|0|6,0|0|1|1|0,0,10,3.942102,0.001285,10,3.941547,0.001335
4,5,8,1,0|0|0|0|0,0|0|1|2|5,1,30,3.946833,0.001192,0,,
4,5,8,1,0|0|0|0|1,0|0|1|2|4,0,10,3.946889,0.001390,10,3.947120,0.001947
4,5,8,1,0|0|0|0|2,0|0|1|2|3,0,10,3.947197,0.001271,10,3.946986,0.000882
4,5,8,1,0|0|0|0|3,0|0|1|2|2,0,10,3.946509,0.001285,10,3.946511,0.001242
4,5,8,1,0|0|0|0|4,0|0|1|2|1,0,10,3.946275,0.001206,10,3.946560,0.001161
4,5,8,1,0|0|0|0|5,0|0|1|2|0,0,10,3.944435,0.001355,10,3.944952,0.001250
4,5,8,1,0|0|0|0|0,0|0|1|3|4,1,30,3.946693,0.001140,0,,
4,5,8,1,0|0|0|0|1,0|0|1|3|3,0,10,3.947614,0.001461,10,3.947797,0.001170
4,5,8,1,0|0|0|0|2,0|0|1|3|2,0,10,3.947032,0.001462,10,3.947212,0.001299
4,5,8,1,0|0|0|0|3,0|0|1|3|1,0,10,3.946096,0.001561,10,3.946845,0.001232
4,5,8,1,0|0|0|0|4,0|0|1|3|0,0,10,3.944379,0.001374,10,3.944272,0.000931
4,5,8,1,0|0|0|0|0,0|0|1|4|3,0,10,3.944771,0.001166,10,3.944752,0.001728
4,5,8,1,0|0|0|0|1,0|0|1|4|2,0,10,3.945761,0.000971,10,3.946242,0.001129
4,5,8,1,0|0|0|0|2,0|0|1|4|1,0,10,3.944559,0.000924,10,3.945072,0.001220
4,5,8,1,0|0|0|0|3,0|0|1|4|0,0,10,3.941411,0.001379,10,3.941949,0.000858
4,5,8,1,0|0|0|0|0,0|0|1|5|2,0,10,3.940356,0.000788,10,3.940292,0.000878
4,5,8,1,0|0|0|0|1,0|0|1|5|1,0,10,3.939965,0.001278,10,3.940228,0.001158
4,5,8,1,0|0|0|0|2,0|0|1|5|0,0,10,3.934727,0.000869,10,3.934063,0.000519
4,5,8,1,0|0|0|0|0,0|0|1|6|1,0,10,3.925310,0.000674,10,3.924375,0.000937
4,5,8,1,0|0|0|0|1,0|0|1|6|0,0,10,3.918295,0.000835,10,3.918703,0.000276
4,5,8,1,0|0|0|0|0,0|0|1|7|0,0,10,3.860621,0.000366,10,3.860710,0.000471
4,5,8,1,0|0|0|1|0,0|0|1|0|6,0,10,3.939616,0.001561,10,3.940294,0.000802
4,5,8,1,0|0|0|1|1,0|0|1|0|5,0,10,3.939788,0.001089,10,3.940148,0.000969
4,5,8,1,0|0|0|1|2,0|0|1|0|4,0,10,3.940290,0.001546,10,3.939873,0.000877
4,5,8,1,0|0|0|1|3,0|0|1|0|3,0,10,3.940330,0.001314,10,3.939825,0.000855
4,5,8,1,0|0|0|1|4,0|0|1|0|2,0,10,3.939634,0.001663,10,3.939073,0.001046
4,5,8,1,0|0|0|1|5,0|0|1|0|1,0,10,3.938657,0.000802,10,3.939371,0.001452
4,5,8,1,0|0|0|1|6,0|0|1|0|0,0,10,3.938248,0.000965,10,3.938339,0.000949
4,5,8,1,0|0|0|1|0,0|0|1|1|5,0,10,3.946523,0.001371,10,3.946633,0.000918
4,5,8,1,0|0|0|1|1,0|0|1|1|4,0,10,3.946570,0.001232,10,3.947268,0.001559
4,5,8,1,0|0|0|1|2,0|0|1|1|3,0,10,3.945974,0.001141,10,3.947183,0.001581
4,5,8,1,0|0|0|1|3,0|0|1|1|2,0,10,3.947056,0.000678,10,3.945999,0.001224
4,5,8,1,0|0|0|1|4,0|0|1|1|1,0,10,3.946597,0.001634,10,3.945352,0.001617
4,5,8,1,0|0|0|1|5,0|0|1|1|0,0,10,3.945218,0.001205,10,3.944032,0.000847
4,5,8,1,0|0|0|1|0,0|0|1|2|4,0,10,3.947968,0.001289,10,3.946939,0.001325
4,5,8,1,0|0|0|1|1,0|0|1|2|3,0,10,3.947694,0.001367,10,3.948411,0.001096
4,5,8,1,0|0|0|1|2,0|0|1|2|2,0,10,3.947531,0.001110,10,3.947548,0.001137
4,5,8,1,0|0|0|1|3,0|0|1|2|1,0,10,3.946581,0.001390,10,3.946237,0.001597
4,5,8,1,0|0|0|1|4,0|0|1|2|0,0,10,3.945655,0.001129,10,3.945102,0.000906
4,5,8,1,0|0|0|1|0,0|0|1|3|3,0,10,3.945571,0.001506,10,3.945542,0.001181
4,5,8,1,0|0|0|1|1,0|0|1|3|2,0,10,3.946214,0.001424,10,3.946732,0.000726
4,5,8,1,0|0|0|1|2,0|0|1|3|1,0,10,3.945102,0.001107,10,3.944378,0.000764
4,5,8,1,0|0|0|1|3,0|0|1|3|0,0,10,3.941615,0.001152,10,3.942747,0.001060
4,5,8,1,0|0|0|1|0,0|0|1|4|2,0,10,3.940442,0.000951,10,3.939959,0.001102
4,5,8,1,0|0|0|1|1,0|0|1|4|1,0,10,3.940154,0.000785,10,3.940128,0.000825
4,5,8,1,0|0|0|1|2,0|0|1|4|0,0,10,3.934914,0.000787,10,3.935198,0.000929
4,5,8,1,0|0|0|1|0,0|0|1|5|1,0,10,3.925017,0.000907,10,3.924867,0.001326
4,5,8,1,0|0|0|1|1,0|0|1|5|0,0,10,3.918845,0.000721,10,3.918858,0.000669
4,5,8,1,0|0|0|1|0,0|0|1|6|0,0,10,3.862356,0.000273,10,3.861771,0.000489
4,5,8,1,0|0|0|2|0,0|0|1|0|5,0,10,3.944478,0.001244,10,3.944050,0.001026
4,5,8,1,0|0|0|2|1,0|0|1|0|4,0,10,3.945241,0.001225,10,3.943691,0.001400
4,5,8,1,0|0|0|2|2,0|0|1|0|3,0,10,3.944386,0.001508,10,3.944765,0.001822
4,5,8,1,0|0|0|2|3,0|0|1|0|2,0,10,3.943621,0.001410,10,3.943698,0.001489
4,5,8,1,0|0|0|2|4,0|0|1|0|1,0,10,3.942424,0.001056,10,3.942841,0.000945
4,5,8,1,0|0|0|2|5,0|0|1|0|0,0,10,3.940010,0.001161,10,3.940795,0.001268
4,5,8,1,0|0|0|2|0,0|0|1|1|4,0,10,3.946443,0.001045,10,3.946284,0.000840
4,5,8,1,0|0|0|2|1,0|0|1|1|3,0,10,3.946950,0.000924,10,3.946874,0.001508
4,5,8,1,0|0|0|2|2,0|0|1|1|2,0,10,3.946298,0.001134,10,3.946173,0.001889
4,5,8,1,0|0|0|2|3,0|0|1|1|1,0,10,3.945315,0.001090,10,3.945593,0.000990
4,5,8,1,0|0|0|2|4,0|0|1|1|0,0,10,3.942363,0.001574,10,3.943281,0.001139
4,5,8,1,0|0|0|2|0,0|0|1|2|3,0,10,3.944617,0.001237,10,3.944824,0.001067
4,5,8,1,0|0|0|2|1,0|0|1|2|2,0,10,3.945465,0.001099,10,3.946128,0.001210
4,5,8,1,0|0|0|2|2,0|0|1|2|1,0,10,3.944081,0.000941,10,3.943548,0.001048
4,5,8,1,0|0|0|2|3,0|0|1|2|0,0,10,3.940744,0.000690,10,3.940384,0.000698
4,5,8,1,0|0|0|2|0,0|0|1|3|2,0,10,3.939237,0.000906,10,3.939015,0.001159
4,5,8,1,0|0|0|2|1,0|0|1|3|1,0,10,3.939608,0.001036,10,3.939382,0.001118
4,5,8,1,0|0|0|2|2,0|0|1|3|0,0,10,3.933626,0.001183,10,3.933726,0.001085
4,5,8,1,0|0|0|2|0,0|0|1|4|1,0,10,3.924039,0.001031,10,3.924440,0.000768
4,5,8,1,0|0|0|2|1,0|0|1|4|0,0,10,3.916632,0.001103,10,3.916864,0.000728
4,5,8,1,0|0|0|2|0,0|0|1|5|0,0,10,3.861310,0.000643,10,3.861379,0.000513
4,5,8,1,0|0|0|3|0,0|0|1|0|4,0,10,3.943964,0.001038,10,3.944158,0.001205
4,5,8,1,0|0|0|3|1,0|0|1|0|3,0,10,3.944523,0.001225,10,3.945922,0.001065
4,5,8,1,0|0|0|3|2,0|0|1|0|2,0,10,3.944453,0.001453,10,3.944402,0.001224
4,5,8,1,0|0|0|3|3,0|0|1|0|1,0,10,3.942254,0.001545,10,3.943191,0.001352
4,5,8,1,0|0|0|3|4,0|0|1|0|0,0,10,3.939842,0.000895,10,3.938548,0.001245
4,5,8,1,0|0|0|3|0,0|0|1|1|3,0,10,3.944542,0.000809,10,3.943356,0.001134
4,5,8,1,0|0|0|3|1,0|0|1|1|2,0,10,3.944735,0.001170,10,3.945297,0.001527
4,5,8,1,0|0|0|3|2,0|0|1|1|1,0,10,3.942588,0.001554,10,3.943502,0.001236
4,5,8,1,0|0|0|3|3,0|0|1|1|0,0,10,3.939045,0.000885,10,3.938750,0.001019
4,5,8,1,0|0|0|3|0,0|0|1|2|2,0,10,3.938823,0.001135,10,3.938818,0.001097
4,5,8,1,0|0|0|3|1,0|0|1|2|1,0,10,3.937679,0.001196,10,3.938352,0.000840
4,5,8,1,0|0|0|3|2,0|0|1|2|0,0,10,3.932066,0.000784,10,3.932173,0.001077
4,5,8,1,0|0|0|3|0,0|0|1|3|1,0,10,3.923176,0.001060,10,3.923020,0.000809
4,5,8,1,0|0|0|3|1,0|0|1|3|0,0,10,3.915867,0.000883,10,3.916094,0.000833
4,5,8,1,0|0|0|3|0,0|0|1|4|0,0,10,3.860578,0.000448,10,3.860584,0.000523
4,5,8,1,0|0|0|4|0,0|0|1|0|3,0,10,3.942039,0.001113,10,3.941795,0.001587
4,5,8,1,0|0|0|4|1,0|0|1|0|2,0,10,3.942568,0.001241,10,3.943233,0.001101
4,5,8,1,0|0|0|4|2,0|0|1|0|1,0,10,3.940743,0.001318,10,3.940390,0.001284
4,5,8,1,0|0|0|4|3,0|0|1|0|0,0,10,3.934721,0.001623,10,3.936115,0.001021
4,5,8,1,0|0|0|4|0,0|0|1|1|2,0,10,3.937526,0.001063,10,3.937532,0.001353
4,5,8,1,0|0|0|4|1,0|0|1|1|1,0,10,3.937140,0.000962,10,3.937757,0.001169
4,5,8,1,0|0|0|4|2,0|0|1|1|0,0,10,3.930699,0.001252,10,3.931023,0.001231
4,5,8,1,0|0|0|4|0,0|0|1|2|1,0,10,3.921765,0.001420,10,3.921882,0.001227
4,5,8,1,0|0|0|4|1,0|0|1|2|0,0,10,3.914499,0.000699,10,3.915011,0.000845
4,5,8,1,0|0|0|4|0,0|0|1|3|0,0,10,3.859881,0.000566,10,3.859466,0.000694
4,5,8,1,0|0|0|5|0,0|0|1|0|2,0,10,3.935638,0.001005,10,3.935757,0.000767
4,5,8,1,0|0|0|5|1,0|0|1|0|1,0,10,3.936088,0.000942,10,3.936085,0.001052
4,5,8,1,0|0|0|5|2,0|0|1|0|0,0,10,3.928626,0.000764,10,3.928652,0.000807
4,5,8,1,0|0|0|5|0,0|0|1|1|1,0,10,3.920823,0.001073,10,3.920778,0.000855
4,5,8,1,0|0|0|5|1,0|0|1|1|0,0,10,3.913339,0.000603,10,3.913557,0.000839
4,5,8,1,0|0|0|5|0,0|0|1|2|0,0,10,3.858754,0.000486,10,3.858589,0.000444
4,5,8,1,0|0|0|6|0,0|0|1|0|1,0,10,3.919027,0.000662,10,3.919763,0.000647
4,5,8,1,0|0|0|6|1,0|0|1|0|0,0,10,3.911289,0.000516,10,3.911145,0.000755
4,5,8,1,0|0|0|6|0,0|0|1|1|0,0,10,3.856797,0.000571,10,3.857135,0.000540
4,5,8,1,0|0|0|7|0,0|0|1|0|0,0,10,3.854785,0.000529,10,3.854669,0.000360
4,5,8,1,0|0|0|0|0,0|0|2|0|6,0,10,3.918204,0.001537,10,3.918248,0.000829
4,5,8,1,0|0|0|0|1,0|0|2|0|5,0,10,3.919473,0.001427,10,3.918908,0.001359
4,5,8,1,0|0|0|0|2,0|0|2|0|4,0,10,3.918828,0.001486,10,3.919310,0.001585
4,5,8,1,0|0|0|0|3,0|0|2|0|3,0,10,3.918678,0.000961,10,3.918698,0.001611
4,5,8,1,0|0|0|0|4,0|0|2|0|2,0,10,3.917688,0.000924,10,3.917734,0.000756
4,5,8,1,0|0|0|0|5,0|0|2|0|1,0,10,3.917951,0.001252,10,3.917309,0.000510
4,5,8,1,0|0|0|0|6,0|0|2|0|0,0,10,3.914820,0.001453,10,3.914999,0.001376
4,5,8,1,0|0|0|0|0,0|0|2|1|5,0,10,3.941640,0.001457,10,3.941718,0.001591
4,5,8,1,0|0|0|0|1,0|0|2|1|4,0,10,3.942336,0.001541,10,3.942545,0.001238
4,5,8,1,0|0|0|0|2,0|0|2|1|3,0,10,3.942853,0.001150,10,3.942612,0.001354
4,5,8,1,0|0|0|0|3,0|0|2|1|2,0,10,3.941942,0.001216,10,3.942408,0.000945
4,5,8,1,0|0|0|0|4,0|0|2|1|1,0,10,3.941636,0.001284,10,3.942009,0.001444
4,5,8,1,0|0|0|0|5,0|0|2|1|0,0,10,3.940295,0.000852,10,3.939390,0.001534
4,5,8,1,0|0|0|0|0,0|0|2|2|4,1,30,3.945575,0.001517,0,,
4,5,8,1,0|0|0|0|1,0|0|2|2|3,0,10,3.946526,0.001253,10,3.945767,0.001753
4,5,8,1,0|0|0|0|2,0|0|2|2|2,0,10,3.944963,0.001329,10,3.945956,0.001169
4,5,8,1,0|0|0|0|3,0|0|2|2|1,0,10,3.944186,0.001152,10,3.944805,0.001705
4,5,8,1,0|0|0|0|4,0|0|2|2|0,0,10,3.942289,0.001021,10,3.942741,0.000976
4,5,8,1,0|0|0|0|0,0|0|2|3|3,1,30,3.944938,0.001136,0,,
4,5,8,1,0|0|0|0|1,0|0|2|3|2,0,10,3.945963,0.001404,10,3.945521,0.001211
4,5,8,1,0|0|0|0|2,0|0|2|3|1,0,10,3.944536,0.000929,10,3.944321,0.001293
4,5,8,1,0|0|0|0|3,0|0|2|3|0,0,10,3.940735,0.001081,10,3.941018,0.001086
4,5,8,1,0|0|0|0|0,0|0|2|4|2,0,10,3.939573,0.000679,10,3.939825,0.000405
4,5,8,1,0|0|0|0|1,0|0|2|4|1,0,10,3.939675,0.001042,10,3.940501,0.001419
4,5,8,1,0|0|0|0|2,0|0|2|4|0,0,10,3.934634,0.001210,10,3.935399,0.000869
4,5,8,1,0|0|0|0|0,0|0|2|5|1,0,10,3.926686,0.000887,10,3.926615,0.000811
4,5,8,1,0|0|0|0|1,0|0|2|5|0,0,10,3.920626,0.000881,10,3.920709,0.000636
4,5,8,1,0|0|0|0|0,0|0|2|6|0,0,10,3.867663,0.000486,10,3.867480,0.000487
4,5,8,1,0|0|0|1|0,0|0|2|0|5,0,10,3.939209,0.001201,10,3.939378,0.001083
4,5,8,1,0|0|0|1|1,0|0|2|0|4,0,10,3.938650,0.001343,10,3.939668,0.001178
4,5,8,1,0|0|0|1|2,0|0|2|0|3,0,10,3.939537,0.000813,10,3.938594,0.001095
4,5,8,1,0|0|0|1|3,0|0|2|0|2,0,10,3.937929,0.001147,10,3.938875,0.001334
4,5,8,1,0|0|0|1|4,0|0|2|0|1,0,10,3.937475,0.000895,10,3.936832,0.000652
4,5,8,1,0|0|0|1|5,0|0|2|0|0,0,10,3.935368,0.000829,10,3.935841,0.000845
4,5,8,1,0|0|0|1|0,0|0|2|1|4,0,10,3.945496,0.001655,10,3.945149,0.001178
4,5,8,1,0|0|0|1|1,0|0|2|1|3,0,10,3.946362,0.001831,10,3.945640,0.001451
4,5,8,1,0|0|0|1|2,0|0|2|1|2,0,10,3.945207,0.001332,10,3.945630,0.000887
4,5,8,1,0|0|0|1|3,0|0|2|1|1,0,10,3.943729,0.000826,10,3.944658,0.001135
4,5,8,1,0|0|0|1|4,0|0|2|1|0,0,10,3.942207,0.001291,10,3.942305,0.001471
4,5,8,1,0|0|0|1|0,0|0|2|2|3,0,10,3.945469,0.001196,10,3.945201,0.000650
4,5,8,1,0|0|0|1|1,0|0|2|2|2,0,10,3.945916,0.000868,10,3.945212,0.000960
4,5,8,1,0|0|0|1|2,0|0|2|2|1,0,10,3.943550,0.001190,10,3.944033,0.001579
4,5,8,1,0|0|0|1|3,0|0|2|2|0,0,10,3.941186,0.000924,10,3.940986,0.001433
4,5,8,1,0|0|0|1|0,0|0|2|3|2,0,10,3.940679,0.001202,10,3.940872,0.000878
4,5,8,1,0|0|0|1|1,0|0|2|3|1,0,10,3.940228,0.000733,10,3.940783,0.001185
4,5,8,1,0|0|0|1|2,0|0|2|3|0,0,10,3.935553,0.001121,10,3.935261,0.000894
4,5,8,1,0|0|0|1|0,0|0|2|4|1,0,10,3.926921,0.000805,10,3.926745,0.000751
4,5,8,1,0|0|0|1|1,0|0|2|4|0,0,10,3.921137,0.000604,10,3.921322,0.000493
4,5,8,1,0|0|0|1|0,0|0|2|5|0,0,10,3.869114,0.000764,10,3.868999,0.000632
4,5,8,1,0|0|0|2|0,0|0|2|0|4,0,10,3.942904,0.000985,10,3.941632,0.001869
4,5,8,1,0|0|0|2|1,0|0|2|0|3,0,10,3.942496,0.000772,10,3.942832,0.001383
4,5,8,1,0|0|0|2|2,0|0|2|0|2,0,10,3.941058,0.000954,10,3.941723,0.001357
4,5,8,1,0|0|0|2|3,0|0|2|0|1,0,10,3.939019,0.001050,10,3.939964,0.000958
4,5,8,1,0|0|0|2|4,0|0|2|0|0,0,10,3.935841,0.000983,10,3.936570,0.000878
4,5,8,1,0|0|0|2|0,0|0|2|1|3,0,10,3.944115,0.000952,10,3.943481,0.001408
4,5,8,1,0|0|0|2|1,0|0|2|1|2,0,10,3.943719,0.000934,10,3.944465,0.001081
4,5,8,1,0|0|0|2|2,0|0|2|1|1,0,10,3.942522,0.000995,10,3.942366,0.001277
4,5,8,1,0|0|0|2|3,0|0|2|1|0,0,10,3.938787,0.000746,10,3.938679,0.001419
4,5,8,1,0|0|0|2|0,0|0|2|2|2,0,10,3.939059,0.001227,10,3.939533,0.000981
4,5,8,1,0|0|0|2|1,0|0|2|2|1,0,10,3.939502,0.000564,10,3.939308,0.000891
4,5,8,1,0|0|0|2|2,0|0|2|2|0,0,10,3.933845,0.000859,10,3.933779,0.000776
4,5,8,1,0|0|0|2|0,0|0|2|3|1,0,10,3.925341,0.000996,10,3.925688,0.001135
4,5,8,1,0|0|0|2|1,0|0|2|3|0,0,10,3.918878,0.000593,10,3.918964,0.000702
4,5,8,1,0|0|0|2|0,0|0|2|4|0,0,10,3.868345,0.000720,10,3.867994,0.000645
4,5,8,1,0|0|0|3|0,0|0|2|0|3,0,10,3.940329,0.001329,10,3.940974,0.001134
4,5,8,1,0|0|0|3|1,0|0|2|0|2,0,10,3.941593,0.001001,10,3.940835,0.001067
4,5,8,1,0|0|0|3|2,0|0|2|0|1,0,10,3.939203,0.000888,10,3.938369,0.000764
4,5,8,1,0|0|0|3|3,0|0|2|0|0,0,10,3.933390,0.001136,10,3.933521,0.001061
4,5,8,1,0|0|0|3|0,0|0|2|1|2,0,10,3.937652,0.000974,10,3.937996,0.000821
4,5,8,1,0|0|0|3|1,0|0|2|1|1,0,10,3.937577,0.000563,10,3.937840,0.000803
4,5,8,1,0|0|0|3|2,0|0|2|1|0,0,10,3.931183,0.001036,10,3.931116,0.000824
4,5,8,1,0|0|0|3|0,0|0|2|2|1,0,10,3.923640,0.000992,10,3.923542,0.000946
4,5,8,1,0|0|0|3|1,0|0|2|2|0,0,10,3.917360,0.000719,10,3.917252,0.000630
4,5,8,1,0|0|0|3|0,0|0|2|3|0,0,10,3.866767,0.000503,10,3.866721,0.000617
4,5,8,1,0|0|0|4|0,0|0|2|0|2,0,10,3.934966,0.000814,10,3.934669,0.000810
4,5,8,1,0|0|0|4|1,0|0|2|0|1,0,10,3.934879,0.001227,10,3.934903,0.000796
4,5,8,1,0|0|0|4|2,0|0|2|0|0,0,10,3.927316,0.001071,10,3.927152,0.001237
4,5,8,1,0|0|0|4|0,0|0|2|1|1,0,10,3.922052,0.000816,10,3.922398,0.000740
4,5,8,1,0|0|0|4|1,0|0|2|1|0,0,10,3.915151,0.000478,10,3.915299,0.000723
4,5,8,1,0|0|0|4|0,0|0|2|2|0,0,10,3.864943,0.000704,10,3.864820,0.000334
4,5,8,1,0|0|0|5|0,0|0|2|0|1,0,10,3.919638,0.000700,10,3.920028,0.000724
4,5,8,1,0|0|0|5|1,0|0|2|0|0,0,10,3.912065,0.000960,10,3.912076,0.000685
4,5,8,1,0|0|0|5|0,0|0|2|1|0,0,10,3.863008,0.000614,10,3.862801,0.000446
4,5,8,1,0|0|0|6|0,0|0|2|0|0,0,10,3.858650,0.000650,10,3.858691,0.000439
4,5,8,1,0|0|0|0|0,0|0|3|0|5,0,10,3.914336,0.001128,10,3.914929,0.000929
4,5,8,1,0|0|0|0|1,0|0|3|0|4,0,10,3.915340,0.001249,10,3.915093,0.000757
4,5,8,1,0|0|0|0|2,0|0|3|0|3,0,10,3.915084,0.001284,10,3.915136,0.001080
4,5,8,1,0|0|0|0|3,0|0|3|0|2,0,10,3.913455,0.001185,10,3.913011,0.001139
4,5,8,1,0|0|0|0|4,0|0|3|0|1,0,10,3.912358,0.001221,10,3.911342,0.001019
4,5,8,1,0|0|0|0|5,0|0|3|0|0,0,10,3.908053,0.001137,10,3.908427,0.000995
4,5,8,1,0|0|0|0|0,0|0|3|1|4,0,10,3.938366,0.001411,10,3.938486,0.000801
4,5,8,1,0|0|0|0|1,0|0|3|1|3,0,10,3.939540,0.001175,10,3.939108,0.000847
4,5,8,1,0|0|0|0|2,0|0|3|1|2,0,10,3.938483,0.001326,10,3.938774,0.001164
4,5,8,1,0|0|0|0|3,0|0|3|1|1,0,10,3.937581,0.001632,10,3.936778,0.001393
4,5,8,1,0|0|0|0|4,0|0|3|1|0,0,10,3.934576,0.000760,10,3.934176,0.000887
4,5,8,1,0|0|0|0|0,0|0|3|2|3,0,10,3.941405,0.001183,10,3.940826,0.001465
4,5,8,1,0|0|0|0|1,0|0|3|2|2,0,10,3.942000,0.001001,10,3.942309,0.001465
4,5,8,1,0|0|0|0|2,0|0|3|2|1,0,10,3.939977,0.000835,10,3.940096,0.001222
4,5,8,1,0|0|0|0|3,0|0|3|2|0,0,10,3.935729,0.001087,10,3.936111,0.001341
4,5,8,1,0|0|0|0|0,0|0|3|3|2,0,10,3.936612,0.001022,10,3.936483,0.001031
4,5,8,1,0|0|0|0|1,0|0|3|3|1,0,10,3.937221,0.001143,10,3.937410,0.001236
4,5,8,1,0|0|0|0|2,0|0|3|3|0,0,10,3.930593,0.001084,10,3.930670,0.001012
4,5,8,1,0|0|0|0|0,0|0|3|4|1,0,10,3.923068,0.000868,10,3.922256,0.000598
4,5,8,1,0|0|0|0|1,0|0|3|4|0,0,10,3.915782,0.000759,10,3.916015,0.000791
4,5,8,1,0|0|0|0|0,0|0|3|5|0,0,10,3.861316,0.000509,10,3.861315,0.000814
4,5,8,1,0|0|0|1|0,0|0|3|0|4,0,10,3.935095,0.000933,10,3.934947,0.001243
4,5,8,1,0|0|0|1|1,0|0|3|0|3,0,10,3.935473,0.001170,10,3.935802,0.001123
4,5,8,1,0|0|0|1|2,0|0|3|0|2,0,10,3.934277,0.000633,10,3.934260,0.001087
4,5,8,1,0|0|0|1|3,0|0|3|0|1,0,10,3.931954,0.001597,10,3.932694,0.001245
4,5,8,1,0|0|0|1|4,0|0|3|0|0,0,10,3.927270,0.000654,10,3.927548,0.001150
4,5,8,1,0|0|0|1|0,0|0|3|1|3,0,10,3.941194,0.000954,10,3.940518,0.000896
4,5,8,1,0|0|0|1|1,0|0|3|1|2,0,10,3.940386,0.001047,10,3.940939,0.001023
4,5,8,1,0|0|0|1|2,0|0|3|1|1,0,10,3.939774,0.000842,10,3.938859,0.001464
4,5,8,1,0|0|0|1|3,0|0|3|1|0,0,10,3.934892,0.000822,10,3.934756,0.001142
4,5,8,1,0|0|0|1|0,0|0|3|2|2,0,10,3.937454,0.000843,10,3.936780,0.001227
4,5,8,1,0|0|0|1|1,0|0|3|2|1,0,10,3.936331,0.001197,10,3.936502,0.001185
4,5,8,1,0|0|0|1|2,0|0|3|2|0,0,10,3.930812,0.001308,10,3.930640,0.000602
4,5,8,1,0|0|0|1|0,0|0|3|3|1,0,10,3.923433,0.001226,10,3.923885,0.000970
4,5,8,1,0|0|0|1|1,0|0|3|3|0,0,10,3.916483,0.000676,10,3.916806,0.000778
4,5,8,1,0|0|0|1|0,0|0|3|4|0,0,10,3.863642,0.000483,10,3.863511,0.000494
4,5,8,1,0|0|0|2|0,0|0|3|0|3,0,10,3.935694,0.000762,10,3.935922,0.001387
4,5,8,1,0|0|0|2|1,0|0|3|0|2,0,10,3.936142,0.001086,10,3.936251,0.000900
4,5,8,1,0|0|0|2|2,0|0|3|0|1,0,10,3.932868,0.001014,10,3.933097,0.001328
4,5,8,1,0|0|0|2|3,0|0|3|0|0,0,10,3.926605,0.000873,10,3.926998,0.000900
4,5,8,1,0|0|0|2|0,0|0|3|1|2,0,10,3.935682,0.000851,10,3.934888,0.000387
4,5,8,1,0|0|0|2|1,0|0|3|1|1,0,10,3.934455,0.000861,10,3.934176,0.000704
4,5,8,1,0|0|0|2|2,0|0|3|1|0,0,10,3.927248,0.001262,10,3.927311,0.001212
4,5,8,1,0|0|0|2|0,0|0|3|2|1,0,10,3.921125,0.000916,10,3.921551,0.000717
4,5,8,1,0|0|0|2|1,0|0|3|2|0,0,10,3.913779,0.000553,10,3.913387,0.000649
4,5,8,1,0|0|0|2|0,0|0|3|3|0,0,10,3.860900,0.000721,10,3.861710,0.000364
4,5,8,1,0|0|0|3|0,0|0|3|0|2,0,10,3.931179,0.001039,10,3.929929,0.001193
4,5,8,1,0|0|0|3|1,0|0|3|0|1,0,10,3.929657,0.000867,10,3.929858,0.000614
4,5,8,1,0|0|0|3|2,0|0|3|0|0,0,10,3.919917,0.000635,10,3.920181,0.001008
4,5,8,1,0|0|0|3|0,0|0|3|1|1,0,10,3.918653,0.000770,10,3.918160,0.000684
4,5,8,1,0|0|0|3|1,0|0|3|1|0,0,10,3.910253,0.000730,10,3.910679,0.000504
4,5,8,1,0|0|0|3|0,0|0|3|2|0,0,10,3.859447,0.000644,10,3.859067,0.000690
4,5,8,1,0|0|0|4|0,0|0|3|0|1,0,10,3.914085,0.000508,10,3.914253,0.001079
4,5,8,1,0|0|0|4|1,0|0|3|0|0,0,10,3.904532,0.000412,10,3.904582,0.000512
4,5,8,1,0|0|0|4|0,0|0|3|1|0,0,10,3.855291,0.000484,10,3.855429,0.000755
4,5,8,1,0|0|0|5|0,0|0|3|0|0,0,10,3.849039,0.000514,10,3.848844,0.000651
4,5,8,1,0|0|0|0|0,0|0|4|0|4,0,10,3.906397,0.001085,10,3.906267,0.001396
4,5,8,1,0|0|0|0|1,0|0|4|0|3,0,10,3.908258,0.001186,10,3.908172,0.001246
4,5,8,1,0|0|0|0|2,0|0|4|0|2,0,10,3.905995,0.001207,10,3.905320,0.001236
4,5,8,1,0|0|0|0|3,0|0|4|0|1,0,10,3.902922,0.000848,10,3.902415,0.000811
4,5,8,1,0|0|0|0|4,0|0|4|0|0,0,10,3.894983,0.001041,10,3.894993,0.001226
4,5,8,1,0|0|0|0|0,0|0|4|1|3,0,10,3.931651,0.000732,10,3.931732,0.001323
4,5,8,1,0|0|0|0|1,0|0|4|1|2,0,10,3.932309,0.001271,10,3.933179,0.000733
4,5,8,1,0|0|0|0|2,0|0|4|1|1,0,10,3.930354,0.001347,10,3.929971,0.000894
4,5,8,1,0|0|0|0|3,0|0|4|1|0,0,10,3.924886,0.001404,10,3.924379,0.001212
4,5,8,1,0|0|0|0|0,0|0|4|2|2,0,10,3.930184,0.000667,10,3.930768,0.001018
4,5,8,1,0|0|0|0|1,0|0|4|2|1,0,10,3.930440,0.000858,10,3.930290,0.000983
4,5,8,1,0|0|0|0|2,0|0|4|2|0,0,10,3.922703,0.000980,10,3.922455,0.000770
4,5,8,1,0|0|0|0|0,0|0|4|3|1,0,10,3.915963,0.000773,10,3.915308,0.000980
4,5,8,1,0|0|0|0|1,0|0|4|3|0,0,10,3.906897,0.000742,10,3.908170,0.000826
4,5,8,1,0|0|0|0|0,0|0|4|4|0,0,10,3.849620,0.000656,10,3.850064,0.000665
4,5,8,1,0|0|0|1|0,0|0|4|0|3,0,10,3.926563,0.000729,10,3.926514,0.001298
4,5,8,1,0|0|0|1|1,0|0|4|0|2,0,10,3.926745,0.000800,10,3.926288,0.001026
4,5,8,1,0|0|0|1|2,0|0|4|0|1,0,10,3.922460,0.000920,10,3.922275,0.000849
4,5,8,1,0|0|0|1|3,0|0|4|0|0,0,10,3.914744,0.000839,10,3.914603,0.001312
4,5,8,1,0|0|0|1|0,0|0|4|1|2,0,10,3.930094,0.001000,10,3.930571,0.001622
4,5,8,1,0|0|0|1|1,0|0|4|1|1,0,10,3.929058,0.000748,10,3.928977,0.000726
4,5,8,1,0|0|0|1|2,0|0|4|1|0,0,10,3.920217,0.001082,10,3.920840,0.001113
4,5,8,1,0|0|0|1|0,0|0|4|2|1,0,10,3.915866,0.000711,10,3.915709,0.001100
4,5,8,1,0|0|0|1|1,0|0|4|2|0,0,10,3.907426,0.000768,10,3.907559,0.001076
4,5,8,1,0|0|0|1|0,0|0|4|3|0,0,10,3.852058,0.000558,10,3.851953,0.000598
4,5,8,1,0|0|0|2|0,0|0|4|0|2,0,10,3.922886,0.001016,10,3.922996,0.000687
4,5,8,1,0|0|0|2|1,0|0|4|0|1,0,10,3.920933,0.000946,10,3.920945,0.000718
4,5,8,1,0|0|0|2|2,0|0|4|0|0,0,10,3.909862,0.000808,10,3.909443,0.000863
4,5,8,1,0|0|0|2|0,0|0|4|1|1,0,10,3.912321,0.000570,10,3.912110,0.000756
4,5,8,1,0|0|0|2|1,0|0|4|1|0,0,10,3.902568,0.001045,10,3.902782,0.000721
4,5,8,1,0|0|0|2|0,0|0|4|2|0,0,10,3.849023,0.000447,10,3.848609,0.000752
4,5,8,1,0|0|0|3|0,0|0|4|0|1,0,10,3.904785,0.001140,10,3.904991,0.000880
4,5,8,1,0|0|0|3|1,0|0|4|0|0,0,10,3.893108,0.000687,10,3.893604,0.000688
4,5,8,1,0|0|0|3|0,0|0|4|1|0,0,10,3.843721,0.000399,10,3.843611,0.000789
4,5,8,1,0|0|0|4|0,0|0|4|0|0,0,10,3.834198,0.000689,10,3.834016,0.000377
4,5,8,1,0|0|0|0|0,0|0|5|0|3,0,10,3.891180,0.000670,10,3.890987,0.000959
4,5,8,1,0|0|0|0|1,0|0|5|0|2,0,10,3.892649,0.000949,10,3.892997,0.001195
4,5,8,1,0|0|0|0|2,0|0|5|0|1,0,10,3.887553,0.001452,10,3.887475,0.000790
4,5,8,1,0|0|0|0|3,0|0|5|0|0,0,10,3.873861,0.000498,10,3.873850,0.000609
4,5,8,1,0|0|0|0|0,0|0|5|1|2,0,10,3.916405,0.000896,10,3.916335,0.000859
4,5,8,1,0|0|0|0|1,0|0|5|1|1,0,10,3.915957,0.000599,10,3.916255,0.001230
4,5,8,1,0|0|0|0|2,0|0|5|1|0,0,10,3.904562,0.000704,10,3.904785,0.000665
4,5,8,1,0|0|0|0|0,0|0|5|2|1,0,10,3.903109,0.000818,10,3.903050,0.001125
4,5,8,1,0|0|0|0|1,0|0|5|2|0,0,10,3.893042,0.000640,10,3.892953,0.000919
4,5,8,1,0|0|0|0|0,0|0|5|3|0,0,10,3.830717,0.000579,10,3.831365,0.000580
4,5,8,1,0|0|0|1|0,0|0|5|0|2,0,10,3.908371,0.000571,10,3.907801,0.001268
4,5,8,1,0|0|0|1|1,0|0|5|0|1,0,10,3.905060,0.000910,10,3.904584,0.000835
4,5,8,1,0|0|0|1|2,0|0|5|0|0,0,10,3.890825,0.000374,10,3.890757,0.000781
4,5,8,1,0|0|0|1|0,0|0|5|1|1,0,10,3.901068,0.000820,10,3.901245,0.000767
4,5,8,1,0|0|0|1|1,0|0|5|1|0,0,10,3.889785,0.000597,10,3.889518,0.000874
4,5,8,1,0|0|0|1|0,0|0|5|2|0,0,10,3.832656,0.000687,10,3.832780,0.000513
4,5,8,1,0|0|0|2|0,0|0|5|0|1,0,10,3.890496,0.000442,10,3.890035,0.000732
4,5,8,1,0|0|0|2|1,0|0|5|0|0,0,10,3.875032,0.000395,10,3.874593,0.000626
4,5,8,1,0|0|0|2|0,0|0|5|1|0,0,10,3.825754,0.000530,10,3.826158,0.000716
4,5,8,1,0|0|0|3|0,0|0|5|0|0,0,10,3.811308,0.000611,10,3.811338,0.000341
4,5,8,1,0|0|0|0|0,0|0|6|0|2,0,10,3.859319,0.000839,10,3.859470,0.000932
4,5,8,1,0|0|0|0|1,0|0|6|0|1,0,10,3.857944,0.000535,10,3.858217,0.000492
4,5,8,1,0|0|0|0|2,0|0|6|0|0,0,10,3.835046,0.000878,10,3.835043,0.000796
4,5,8,1,0|0|0|0|0,0|0|6|1|1,0,10,3.875782,0.000483,10,3.875793,0.000729
4,5,8,1,0|0|0|0|1,0|0|6|1|0,0,10,3.861327,0.000658,10,3.861652,0.000526
4,5,8,1,0|0|0|0|0,0|0|6|2|0,0,10,3.798537,0.000529,10,3.798733,0.000554
4,5,8,1,0|0|0|1|0,0|0|6|0|1,0,10,3.861020,0.000856,10,3.861499,0.000677
4,5,8,1,0|0|0|1|1,0|0|6|0|0,0,10,3.840886,0.000626,10,3.841431,0.000716
4,5,8,1,0|0|0|1|0,0|0|6|1|0,0,10,3.796246,0.000533,10,3.796237,0.000522
4,5,8,1,0|0|0|2|0,0|0|6|0|0,0,10,3.774871,0.000450,10,3.775078,0.000502
4,5,8,1,0|0|0|0|0,0|0|7|0|1,0,10,3.781878,0.000655,10,3.781911,0.000854
4,5,8,1,0|0|0|0|1,0|0|7|0|0,0,10,3.754946,0.000409,10,3.754810,0.000474
4,5,8,1,0|0|0|0|0,0|0|7|1|0,0,10,3.731678,0.000345,10,3.731857,0.000708
4,5,8,1,0|0|0|1|0,0|0|7|0|0,0,10,3.707288,0.000430,10,3.707135,0.000703
4,5,8,1,0|0|0|0|0,0|0|8|0|0,0,10,3.521062,0.000733,10,3.520987,0.000280
4,5,8,1,0|0|1|0|0,0|0|0|0|7,0,10,3.915585,0.001116,10,3.915899,0.000785
4,5,8,1,0|0|1|0|1,0|0|0|0|6,0,10,3.916139,0.001447,10,3.916902,0.000975
4,5,8,1,0|0|1|0|2,0|0|0|0|5,0,10,3.917260,0.001479,10,3.916984,0.000714
4,5,8,1,0|0|1|0|3,0|0|0|0|4,0,10,3.916410,0.001218,10,3.917206,0.001404
4,5,8,1,0|0|1|0|4,0|0|0|0|3,0,10,3.917000,0.000958,10,3.916118,0.000960
4,5,8,1,0|0|1|0|5,0|0|0|0|2,0,10,3.916325,0.001694,10,3.916318,0.000552
4,5,8,1,0|0|1|0|6,0|0|0|0|1,0,10,3.915034,0.001294,10,3.915262,0.001517
4,5,8,1,0|0|1|0|7,0|0|0|0|0,0,10,3.914026,0.000776,10,3.914075,0.001602
4,5,8,1,0|0|1|0|0,0|0|0|1|6,0,10,3.940766,0.001258,10,3.941058,0.001465
4,5,8,1,0|0|1|0|1,0|0|0|1|5,0,10,3.941530,0.001097,10,3.941843,0.001366
4,5,8,1,0|0|1|0|2,0|0|0|1|4,0,10,3.941464,0.001119,10,3.941454,0.001377
4,5,8,1,0|0|1|0|3,0|0|0|1|3,0,10,3.941110,0.001220,10,3.942242,0.001097
4,5,8,1,0|0|1|0|4,0|0|0|1|2,0,10,3.940852,0.001291,10,3.940768,0.000914
4,5,8,1,0|0|1|0|5,0|0|0|1|1,0,10,3.939738,0.001236,10,3.940336,0.001182
4,5,8,1,0|0|1|0|6,0|0|0|1|0,0,10,3.939515,0.001276,10,3.939870,0.001082
4,5,8,1,0|0|1|0|0,0|0|0|2|5,0,10,3.944641,0.000969,10,3.945314,0.001534
4,5,8,1,0|0|1|0|1,0|0|0|2|4,0,10,3.946536,0.000948,10,3.945730,0.001209
4,5,8,1,0|0|1|0|2,0|0|0|2|3,0,10,3.945846,0.001253,10,3.945870,0.001219
4,5,8,1,0|0|1|0|3,0|0|0|2|2,0,10,3.944720,0.001005,10,3.945013,0.001360
4,5,8,1,0|0|1|0|4,0|0|0|2|1,0,10,3.943976,0.000941,10,3.944270,0.001588
4,5,8,1,0|0|1|0|5,0|0|0|2|0,0,10,3.942471,0.002041,10,3.942679,0.001197
4,5,8,1,0|0|1|0|0,0|0|0|3|4,0,10,3.945075,0.001340,10,3.945579,0.000741
4,5,8,1,0|0|1|0|1,0|0|0|3|3,0,10,3.946740,0.001352,10,3.946446,0.000882
4,5,8,1,0|0|1|0|2,0|0|0|3|2,0,10,3.945311,0.000790,10,3.945689,0.001220
4,5,8,1,0|0|1|0|3,0|0|0|3|1,0,10,3.944152,0.000894,10,3.944303,0.000876
4,5,8,1,0|0|1|0|4,0|0|0|3|0,0,10,3.941149,0.000688,10,3.942051,0.000949
4,5,8,1,0|0|1|0|0,0|0|0|4|3,0,10,3.943210,0.001221,10,3.943077,0.001303
4,5,8,1,0|0|1|0|1,0|0|0|4|2,0,10,3.944488,0.001884,10,3.944110,0.001392
4,5,8,1,0|0|1|0|2,0|0|0|4|1,0,10,3.942412,0.001239,10,3.941609,0.001222
4,5,8,1,0|0|1|0|3,0|0|0|4|0,0,10,3.938964,0.001135,10,3.937883,0.001207
4,5,8,1,0|0|1|0|0,0|0|0|5|2,0,10,3.937378,0.001069,10,3.937121,0.000693
4,5,8,1,0|0|1|0|1,0|0|0|5|1,0,10,3.936829,0.000748,10,3.937047,0.001205
4,5,8,1,0|0|1|0|2,0|0|0|5|0,0,10,3.930562,0.001079,10,3.930435,0.001012
4,5,8,1,0|0|1|0|0,0|0|0|6|1,0,10,3.919639,0.001033,10,3.919075,0.001120
4,5,8,1,0|0|1|0|1,0|0|0|6|0,0,10,3.912412,0.000918,10,3.912386,0.000615
4,5,8,1,0|0|1|0|0,0|0|0|7|0,0,10,3.850623,0.000556,10,3.850649,0.000554
4,5,8,1,0|0|1|1|0,0|0|0|0|6,0,10,3.937602,0.001384,10,3.937688,0.001020
4,5,8,1,0|0|1|1|1,0|0|0|0|5,0,10,3.937933,0.001086,10,3.937478,0.001426
4,5,8,1,0|0|1|1|2,0|0|0|0|4,0,10,3.937736,0.001085,10,3.937336,0.001425
4,5,8,1,0|0|1|1|3,0|0|0|0|3,0,10,3.937364,0.001215,10,3.936410,0.001189
4,5,8,1,0|0|1|1|4,0|0|0|0|2,0,10,3.937070,0.001160,10,3.936884,0.001180
4,5,8,1,0|0|1|1|5,0|0|0|0|1,0,10,3.936699,0.001336,10,3.936096,0.001378
4,5,8,1,0|0|1|1|6,0|0|0|0|0,0,10,3.934864,0.001198,10,3.934683,0.001024
4,5,8,1,0|0|1|1|0,0|0|0|1|5,0,10,3.944380,0.001070,10,3.944385,0.001351
4,5,8,1,0|0|1|1|1,0|0|0|1|4,0,10,3.945300,0.000990,10,3.945190,0.001054
4,5,8,1,0|0|1|1|2,0|0|0|1|3,0,10,3.944900,0.002031,10,3.944781,0.000789
4,5,8,1,0|0|1|1|3,0|0|0|1|2,0,10,3.945005,0.000822,10,3.944116,0.001052
4,5,8,1,0|0|1|1|4,0|0|0|1|1,0,10,3.943283,0.001363,10,3.943933,0.001054
4,5,8,1,0|0|1|1|5,0|0|0|1|0,0,10,3.942151,0.000732,10,3.942444,0.001224
4,5,8,1,0|0|1|1|0,0|0|0|2|4,0,10,3.945344,0.001060,10,3.944595,0.001348
4,5,8,1,0|0|1|1|1,0|0|0|2|3,0,10,3.945712,0.001328,10,3.945934,0.001263
4,5,8,1,0|0|1|1|2,0|0|0|2|2,0,10,3.945376,0.000945,10,3.945850,0.001706
4,5,8,1,0|0|1|1|3,0|0|0|2|1,0,10,3.944210,0.001182,10,3.944277,0.001052
4,5,8,1,0|0|1|1|4,0|0|0|2|0,0,10,3.941476,0.000761,10,3.941734,0.000963
4,5,8,1,0|0|1|1|0,0|0|0|3|3,0,10,3.942912,0.001037,10,3.943195,0.000590
4,5,8,1,0|0|1|1|1,0|0|0|3|2,0,10,3.944116,0.001233,10,3.943779,0.001255
4,5,8,1,0|0|1|1|2,0|0|0|3|1,0,10,3.942451,0.001414,10,3.942518,0.001239
4,5,8,1,0|0|1|1|3,0|0|0|3|0,0,10,3.938666,0.001640,10,3.938894,0.001131
4,5,8,1,0|0|1|1|0,0|0|0|4|2,0,10,3.937011,0.001305,10,3.937016,0.001007
4,5,8,1,0|0|1|1|1,0|0|0|4|1,0,10,3.936642,0.001429,10,3.936267,0.000969
4,5,8,1,0|0|1|1|2,0|0|0|4|0,0,10,3.930679,0.001356,10,3.930342,0.000648
4,5,8,1,0|0|1|1|0,0|0|0|5|1,0,10,3.919582,0.000898,10,3.919273,0.000551
4,5,8,1,0|0|1|1|1,0|0|0|5|0,0,10,3.912064,0.000662,10,3.912108,0.000874
4,5,8,1,0|0|1|1|0,0|0|0|6|0,0,10,3.851233,0.000556,10,3.851707,0.000884
4,5,8,1,0|0|1|2|0,0|0|0|0|5,0,10,3.941835,0.001736,10,3.941512,0.001046
4,5,8,1,0|0|1|2|1,0|0|0|0|4,0,10,3.942834,0.001180,10,3.942150,0.000993
4,5,8,1,0|0|1|2|2,0|0|0|0|3,0,10,3.941426,0.001391,10,3.941399,0.000830
4,5,8,1,0|0|1|2|3,0|0|0|0|2,0,10,3.939862,0.001212,10,3.940536,0.001825
4,5,8,1,0|0|1|2|4,0|0|0|0|1,0,10,3.939096,0.000790,10,3.939680,0.001616
4,5,8,1,0|0|1|2|5,0|0|0|0|0,0,10,3.936913,0.001038,10,3.936927,0.001242
4,5,8,1,0|0|1|2|0,0|0|0|1|4,0,10,3.944015,0.001773,10,3.943341,0.000960
4,5,8,1,0|0|1|2|1,0|0|0|1|3,0,10,3.944604,0.000579,10,3.944720,0.001300
4,5,8,1,0|0|1|2|2,0|0|0|1|2,0,10,3.943352,0.001331,10,3.943886,0.001129
4,5,8,1,0|0|1|2|3,0|0|0|1|1,0,10,3.942376,0.000835,10,3.942263,0.001039
4,5,8,1,0|0|1|2|4,0|0|0|1|0,0,10,3.939864,0.001246,10,3.939359,0.000851
4,5,8,1,0|0|1|2|0,0|0|0|2|3,0,10,3.942903,0.001155,10,3.942882,0.001303
4,5,8,1,0|0|1|2|1,0|0|0|2|2,0,10,3.942925,0.001339,10,3.943300,0.000833
4,5,8,1,0|0|1|2|2,0|0|0|2|1,0,10,3.940681,0.000893,10,3.941153,0.000779
4,5,8,1,0|0|1|2|3,0|0|0|2|0,0,10,3.937065,0.001157,10,3.936520,0.001635
4,5,8,1,0|0|1|2|0,0|0|0|3|2,0,10,3.936254,0.000844,10,3.936072,0.000993
4,5,8,1,0|0|1|2|1,0|0|0|3|1,0,10,3.935990,0.000879,10,3.935078,0.000802
4,5,8,1,0|0|1|2|2,0|0|0|3|0,0,10,3.929161,0.000611,10,3.928643,0.001100
4,5,8,1,0|0|1|2|0,0|0|0|4|1,0,10,3.918931,0.000651,10,3.918522,0.000843
4,5,8,1,0|0|1|2|1,0|0|0|4|0,0,10,3.910388,0.000846,10,3.910381,0.000898
4,5,8,1,0|0|1|2|0,0|0|0|5|0,0,10,3.850682,0.000626,10,3.851204,0.000522
4,5,8,1,0|0|1|3|0,0|0|0|0|4,0,10,3.942550,0.000813,10,3.941611,0.001117
4,5,8,1,0|0|1|3|1,0|0|0|0|3,0,10,3.942649,0.001298,10,3.942818,0.000998
4,5,8,1,0|0|1|3|2,0|0|0|0|2,0,10,3.941517,0.001411,10,3.940980,0.001038
4,5,8,1,0|0|1|3|3,0|0|0|0|1,0,10,3.938705,0.001023,10,3.939293,0.000782
4,5,8,1,0|0|1|3|4,0|0|0|0|0,0,10,3.934821,0.001096,10,3.934675,0.000835
4,5,8,1,0|0|1|3|0,0|0|0|1|3,0,10,3.941217,0.001645,10,3.940721,0.001425
4,5,8,1,0|0|1|3|1,0|0|0|1|2,0,10,3.941285,0.000358,10,3.941162,0.001053
4,5,8,1,0|0|1|3|2,0|0|0|1|1,0,10,3.939087,0.001307,10,3.939250,0.000933
4,5,8,1,0|0|1|3|3,0|0|0|1|0,0,10,3.934584,0.001190,10,3.934370,0.001221
4,5,8,1,0|0|1|3|0,0|0|0|2|2,0,10,3.934703,0.000994,10,3.934239,0.000980
4,5,8,1,0|0|1|3|1,0|0|0|2|1,0,10,3.934339,0.001213,10,3.934306,0.000549
4,5,8,1,0|0|1|3|2,0|0|0|2|0,0,10,3.926867,0.000800,10,3.927457,0.001065
4,5,8,1,0|0|1|3|0,0|0|0|3|1,0,10,3.917166,0.000873,10,3.916631,0.000555
4,5,8,1,0|0|1|3|1,0|0|0|3|0,0,10,3.908929,0.000685,10,3.908711,0.000765
4,5,8,1,0|0|1|3|0,0|0|0|4|0,0,10,3.850215,0.000351,10,3.850062,0.000462
4,5,8,1,0|0|1|4|0,0|0|0|0|3,0,10,3.938879,0.001350,10,3.938975,0.000953
4,5,8,1,0|0|1|4|1,0|0|0|0|2,0,10,3.939911,0.001238,10,3.939136,0.001039
4,5,8,1,0|0|1|4|2,0|0|0|0|1,0,10,3.936809,0.000844,10,3.936446,0.001040
4,5,8,1,0|0|1|4|3,0|0|0|0|0,0,10,3.930488,0.001350,10,3.931084,0.000763
4,5,8,1,0|0|1|4|0,0|0|0|1|2,0,10,3.933619,0.001105,10,3.933374,0.000771
4,5,8,1,0|0|1|4|1,0|0|0|1|1,0,10,3.933299,0.000634,10,3.932985,0.000884
4,5,8,1,0|0|1|4|2,0|0|0|1|0,0,10,3.925213,0.000882,10,3.924978,0.001038
4,5,8,1,0|0|1|4|0,0|0|0|2|1,0,10,3.915867,0.000673,10,3.915745,0.000689
4,5,8,1,0|0|1|4|1,0|0|0|2|0,0,10,3.907496,0.000502,10,3.907425,0.000739
4,5,8,1,0|0|1|4|0,0|0|0|3|0,0,10,3.849223,0.000550,10,3.849037,0.000509
4,5,8,1,0|0|1|5|0,0|0|0|0|2,0,10,3.931928,0.000816,10,3.931470,0.000755
4,5,8,1,0|0|1|5|1,0|0|0|0|1,0,10,3.931206,0.000934,10,3.930902,0.000965
4,5,8,1,0|0|1|5|2,0|0|0|0|0,0,10,3.922066,0.000978,10,3.922185,0.000938
4,5,8,1,0|0|1|5|0,0|0|0|1|1,0,10,3.914931,0.000814,10,3.914378,0.000779
4,5,8,1,0|0|1|5|1,0|0|0|1|0,0,10,3.905660,0.000565,10,3.906149,0.000936
4,5,8,1,0|0|1|5|0,0|0|0|2|0,0,10,3.847620,0.000565,10,3.848095,0.000288
4,5,8,1,0|0|1|6|0,0|0|0|0|1,0,10,3.912932,0.000722,10,3.912655,0.000718
4,5,8,1,0|0|1|6|1,0|0|0|0|0,0,10,3.903692,0.000711,10,3.903507,0.000740
4,5,8,1,0|0|1|6|0,0|0|0|1|0,0,10,3.845788,0.000504,10,3.846216,0.000605
4,5,8,1,0|0|1|7|0,0|0|0|0|0,0,10,3.843443,0.000525,10,3.843707,0.000468
4,5,8,1,0|0|1|0|0,0|0|1|0|6,0,10,3.919342,0.001663,10,3.918755,0.001112
4,5,8,1,0|0|1|0|1,0|0|1|0|5,0,10,3.919838,0.001175,10,3.919686,0.001194
4,5,8,1,0|0|1|0|2,0|0|1|0|4,0,10,3.919128,0.000874,10,3.919653,0.002057
4,5,8,1,0|0|1|0|3,0|0|1|0|3,0,10,3.919907,0.001140,10,3.919046,0.001185
4,5,8,1,0|0|1|0|4,0|0|1|0|2,0,10,3.918012,0.001288,10,3.918449,0.001090
4,5,8,1,0|0|1|0|5,0|0|1|0|1,0,10,3.916971,0.001229,10,3.917071,0.000670
4,5,8,1,0|0|1|0|6,0|0|1|0|0,0,10,3.914891,0.001505,10,3.915488,0.001404
4,5,8,1,0|0|1|0|0,0|0|1|1|5,0,10,3.941851,0.000836,10,3.941330,0.001128
4,5,8,1,0|0|1|0|1,0|0|1|1|4,0,10,3.941996,0.001389,10,3.942826,0.001075
4,5,8,1,0|0|1|0|2,0|0|1|1|3,0,10,3.942803,0.001218,10,3.941499,0.000816
4,5,8,1,0|0|1|0|3,0|0|1|1|2,0,10,3.941760,0.001969,10,3.941705,0.001366
4,5,8,1,0|0|1|0|4,0|0|1|1|1,0,10,3.940922,0.001074,10,3.940148,0.001048
4,5,8,1,0|0|1|0|5,0|0|1|1|0,0,10,3.939105,0.001003,10,3.939060,0.000988
4,5,8,1,0|0|1|0|0,0|0|1|2|4,0,10,3.945202,0.001297,10,3.945217,0.001031
4,5,8,1,0|0|1|0|1,0|0|1|2|3,0,10,3.946035,0.001451,10,3.945077,0.000918
4,5,8,1,0|0|1|0|2,0|0|1|2|2,0,10,3.944754,0.001204,10,3.945644,0.001614
4,5,8,1,0|0|1|0|3,0|0|1|2|1,0,10,3.943899,0.000834,10,3.944106,0.001330
4,5,8,1,0|0|1|0|4,0|0|1|2|0,0,10,3.942529,0.000856,10,3.941459,0.001538
4,5,8,1,0|0|1|0|0,0|0|1|3|3,0,10,3.944123,0.001584,10,3.944880,0.001063
4,5,8,1,0|0|1|0|1,0|0|1|3|2,0,10,3.944807,0.001402,10,3.944963,0.000645
4,5,8,1,0|0|1|0|2,0|0|1|3|1,0,10,3.943196,0.001168,10,3.943135,0.001458
4,5,8,1,0|0|1|0|3,0|0|1|3|0,0,10,3.939821,0.000876,10,3.939987,0.001299
4,5,8,1,0|0|1|0|0,0|0|1|4|2,0,10,3.940168,0.001225,10,3.939380,0.001712
4,5,8,1,0|0|1|0|1,0|0|1|4|1,0,10,3.940101,0.001508,10,3.939455,0.001335
4,5,8,1,0|0|1|0|2,0|0|1|4|0,0,10,3.934188,0.001230,10,3.934272,0.000686
4,5,8,1,0|0|1|0|0,0|0|1|5|1,0,10,3.925148,0.000790,10,3.925081,0.000567
4,5,8,1,0|0|1|0|1,0|0|1|5|0,0,10,3.918952,0.001037,10,3.919254,0.000842
4,5,8,1,0|0|1|0|0,0|0|1|6|0,0,10,3.866629,0.000716,10,3.866732,0.000791
4,5,8,1,0|0|1|1|0,0|0|1|0|5,0,10,3.937985,0.000661,10,3.938027,0.001462
4,5,8,1,0|0|1|1|1,0|0|1|0|4,0,10,3.938752,0.001888,10,3.938248,0.001393
4,5,8,1,0|0|1|1|2,0|0|1|0|3,0,10,3.937576,0.001251,10,3.937946,0.001074
4,5,8,1,0|0|1|1|3,0|0|1|0|2,0,10,3.937346,0.000940,10,3.937360,0.002315
4,5,8,1,0|0|1|1|4,0|0|1|0|1,0,10,3.935947,0.000977,10,3.935440,0.000677
4,5,8,1,0|0|1|1|5,0|0|1|0|0,0,10,3.933113,0.001200,10,3.933505,0.000746
4,5,8,1,0|0|1|1|0,0|0|1|1|4,0,10,3.944167,0.001232,10,3.944232,0.001382
4,5,8,1,0|0|1|1|1,0|0|1|1|3,0,10,3.944697,0.001480,10,3.945009,0.001217
4,5,8,1,0|0|1|1|2,0|0|1|1|2,0,10,3.944275,0.001128,10,3.943722,0.000987
4,5,8,1,0|0|1|1|3,0|0|1|1|1,0,10,3.942699,0.001078,10,3.942972,0.000745
4,5,8,1,0|0|1|1|4,0|0|1|1|0,0,10,3.940770,0.001496,10,3.941056,0.001053
4,5,8,1,0|0|1|1|0,0|0|1|2|3,0,10,3.944388,0.001253,10,3.943703,0.000948
4,5,8,1,0|0|1|1|1,0|0|1|2|2,0,10,3.944553,0.001246,10,3.945075,0.001411
4,5,8,1,0|0|1|1|2,0|0|1|2|1,0,10,3.943279,0.000731,10,3.942319,0.001265
4,5,8,1,0|0|1|1|3,0|0|1|2|0,0,10,3.939166,0.001223,10,3.940262,0.000848
4,5,8,1,0|0|1|1|0,0|0|1|3|2,0,10,3.939426,0.000782,10,3.939283,0.001013
4,5,8,1,0|0|1|1|1,0|0|1|3|1,0,10,3.939448,0.001294,10,3.940053,0.000780
4,5,8,1,0|0|1|1|2,0|0|1|3|0,0,10,3.934317,0.000930,10,3.933983,0.000973
4,5,8,1,0|0|1|1|0,0|0|1|4|1,0,10,3.925467,0.000817,10,3.925922,0.000980
4,5,8,1,0|0|1|1|1,0|0|1|4|0,0,10,3.919034,0.000971,10,3.919083,0.000632
4,5,8,1,0|0|1|1|0,0|0|1|5|0,0,10,3.867932,0.000466,10,3.867885,0.000529
4,5,8,1,0|0|1|2|0,0|0|1|0|4,0,10,3.940909,0.001448,10,3.940490,0.002151
4,5,8,1,0|0|1|2|1,0|0|1|0|3,0,10,3.942241,0.000863,10,3.941145,0.000691
4,5,8,1,0|0|1|2|2,0|0|1|0|2,0,10,3.940357,0.001075,10,3.939948,0.001099
4,5,8,1,0|0|1|2|3,0|0|1|0|1,0,10,3.937888,0.001484,10,3.938078,0.001379
4,5,8,1,0|0|1|2|4,0|0|1|0|0,0,10,3.934630,0.000937,10,3.933916,0.000889
4,5,8,1,0|0|1|2|0,0|0|1|1|3,0,10,3.943310,0.001043,10,3.942694,0.001068
4,5,8,1,0|0|1|2|1,0|0|1|1|2,0,10,3.943134,0.001350,10,3.942706,0.000950
4,5,8,1,0|0|1|2|2,0|0|1|1|1,0,10,3.941531,0.001213,10,3.940581,0.000987
4,5,8,1,0|0|1|2|3,0|0|1|1|0,0,10,3.937027,0.001099,10,3.936865,0.000816
4,5,8,1,0|0|1|2|0,0|0|1|2|2,0,10,3.938647,0.001014,10,3.938142,0.001023
4,5,8,1,0|0|1|2|1,0|0|1|2|1,0,10,3.937810,0.000958,10,3.937445,0.000730
4,5,8,1,0|0|1|2|2,0|0|1|2|0,0,10,3.931244,0.001061,10,3.931806,0.001001
4,5,8,1,0|0|1|2|0,0|0|1|3|1,0,10,3.923730,0.000534,10,3.923716,0.001022
4,5,8,1,0|0|1|2|1,0|0|1|3|0,0,10,3.916772,0.000774,10,3.916618,0.000649
4,5,8,1,0|0|1|2|0,0|0|1|4|0,0,10,3.866879,0.000535,10,3.866785,0.000689
4,5,8,1,0|0|1|3|0,0|0|1|0|3,0,10,3.939781,0.000931,10,3.939462,0.001069
4,5,8,1,0|0|1|3|1,0|0|1|0|2,0,10,3.939415,0.001081,10,3.940148,0.001090
4,5,8,1,0|0|1|3|2,0|0|1|0|1,0,10,3.937394,0.000799,10,3.937318,0.001009
4,5,8,1,0|0|1|3|3,0|0|1|0|0,0,10,3.930814,0.000941,10,3.931649,0.000984
4,5,8,1,0|0|1|3|0,0|0|1|1|2,0,10,3.936236,0.001065,10,3.936923,0.001255
4,5,8,1,0|0|1|3|1,0|0|1|1|1,0,10,3.935974,0.001001,10,3.936408,0.001150
4,5,8,1,0|0|1|3|2,0|0|1|1|0,0,10,3.929129,0.000561,10,3.928703,0.000499
4,5,8,1,0|0|1|3|0,0|0|1|2|1,0,10,3.923016,0.000722,10,3.922799,0.000827
4,5,8,1,0|0|1|3|1,0|0|1|2|0,0,10,3.915040,0.000968,10,3.914744,0.000572
4,5,8,1,0|0|1|3|0,0|0|1|3|0,0,10,3.865339,0.000862,10,3.865627,0.000638
4,5,8,1,0|0|1|4|0,0|0|1|0|2,0,10,3.933644,0.000681,10,3.933652,0.000543
4,5,8,1,0|0|1|4|1,0|0|1|0|1,0,10,3.932648,0.001032,10,3.933279,0.001083
4,5,8,1,0|0|1|4|2,0|0|1|0|0,0,10,3.923568,0.000566,10,3.924410,0.000901
4,5,8,1,0|0|1|4|0,0|0|1|1|1,0,10,3.920876,0.000776,10,3.920645,0.000784
4,5,8,1,0|0|1|4|1,0|0|1|1|0,0,10,3.912462,0.000683,10,3.913202,0.000842
4,5,8,1,0|0|1|4|0,0|0|1|2|0,0,10,3.863686,0.000664,10,3.863247,0.000519
4,5,8,1,0|0|1|5|0,0|0|1|0|1,0,10,3.917666,0.000915,10,3.917633,0.001031
4,5,8,1,0|0|1|5|1,0|0|1|0|0,0,10,3.909242,0.001207,10,3.909030,0.000612
4,5,8,1,0|0|1|5|0,0|0|1|1|0,0,10,3.860952,0.000617,10,3.861222,0.000382
4,5,8,1,0|0|1|6|0,0|0|1|0|0,0,10,3.856988,0.000724,10,3.856961,0.000697
4,5,8,1,0|0|1|0|0,0|0|2|0|5,0,10,3.913967,0.001096,10,3.915087,0.000831
4,5,8,1,0|0|1|0|1,0|0|2|0|4,0,10,3.915841,0.001153,10,3.915904,0.001252
4,5,8,1,0|0|1|0|2,0|0|2|0|3,0,10,3.914983,0.001285,10,3.915265,0.001085
4,5,8,1,0|0|1|0|3,0|0|2|0|2,0,10,3.913488,0.000833,10,3.913654,0.000936
4,5,8,1,0|0|1|0|4,0|0|2|0|1,0,10,3.912249,0.001014,10,3.911653,0.001026
4,5,8,1,0|0|1|0|5,0|0|2|0|0,0,10,3.907468,0.001518,10,3.908340,0.001240
4,5,8,1,0|0|1|0|0,0|0|2|1|4,0,10,3.938916,0.001151,10,3.937550,0.001060
4,5,8,1,0|0|1|0|1,0|0|2|1|3,0,10,3.938987,0.001381,10,3.939165,0.001010
4,5,8,1,0|0|1|0|2,0|0|2|1|2,0,10,3.938107,0.000694,10,3.937813,0.001069
4,5,8,1,0|0|1|0|3,0|0|2|1|1,0,10,3.936767,0.000999,10,3.936942,0.001252
4,5,8,1,0|0|1|0|4,0|0|2|1|0,0,10,3.933371,0.001510,10,3.934011,0.001193
4,5,8,1,0|0|1|0|0,0|0|2|2|3,0,10,3.940842,0.000715,10,3.940059,0.001350
4,5,8,1,0|0|1|0|1,0|0|2|2|2,0,10,3.941488,0.000675,10,3.940749,0.000798
4,5,8,1,0|0|1|0|2,0|0|2|2|1,0,10,3.939147,0.000505,10,3.939472,0.001787
4,5,8,1,0|0|1|0|3,0|0|2|2|0,0,10,3.934683,0.000755,10,3.934214,0.000731
4,5,8,1,0|0|1|0|0,0|0|2|3|2,0,10,3.936419,0.000818,10,3.936223,0.000679
4,5,8,1,0|0|1|0|1,0|0|2|3|1,0,10,3.936143,0.001367,10,3.936233,0.001026
4,5,8,1,0|0|1|0|2,0|0|2|3|0,0,10,3.930078,0.000918,10,3.930274,0.000596
4,5,8,1,0|0|1|0|0,0|0|2|4|1,0,10,3.922042,0.000732,10,3.922150,0.000885
4,5,8,1,0|0|1|0|1,0|0|2|4|0,0,10,3.914462,0.000697,10,3.914686,0.000723
4,5,8,1,0|0|1|0|0,0|0|2|5|0,0,10,3.861005,0.000466,10,3.861284,0.000997
4,5,8,1,0|0|1|1|0,0|0|2|0|4,0,10,3.934314,0.001062,10,3.934200,0.001320
4,5,8,1,0|0|1|1|1,0|0|2|0|3,0,10,3.933840,0.001001,10,3.933499,0.001651
4,5,8,1,0|0|1|1|2,0|0|2|0|2,0,10,3.932495,0.001001,10,3.932744,0.001309
4,5,8,1,0|0|1|1|3,0|0|2|0|1,0,10,3.930292,0.000964,10,3.930102,0.001414
4,5,8,1,0|0|1|1|4,0|0|2|0|0,0,10,3.925688,0.001016,10,3.925873,0.001065
4,5,8,1,0|0|1|1|0,0|0|2|1|3,0,10,3.939525,0.000693,10,3.939441,0.001091
4,5,8,1,0|0|1|1|1,0|0|2|1|2,0,10,3.940419,0.001078,10,3.939649,0.000815
4,5,8,1,0|0|1|1|2,0|0|2|1|1,0,10,3.937989,0.000892,10,3.937752,0.000981
4,5,8,1,0|0|1|1|3,0|0|2|1|0,0,10,3.932864,0.001546,10,3.932612,0.001182
4,5,8,1,0|0|1|1|0,0|0|2|2|2,0,10,3.935651,0.000596,10,3.935993,0.000635
4,5,8,1,0|0|1|1|1,0|0|2|2|1,0,10,3.934872,0.001413,10,3.936062,0.001284
4,5,8,1,0|0|1|1|2,0|0|2|2|0,0,10,3.928886,0.000626,10,3.928701,0.001160
4,5,8,1,0|0|1|1|0,0|0|2|3|1,0,10,3.922002,0.001100,10,3.921287,0.000967
4,5,8,1,0|0|1|1|1,0|0|2|3|0,0,10,3.914460,0.001001,10,3.914481,0.000852
4,5,8,1,0|0|1|1|0,0|0|2|4|0,0,10,3.862619,0.000696,10,3.862836,0.000400
4,5,8,1,0|0|1|2|0,0|0|2|0|3,0,10,3.935032,0.000873,10,3.934904,0.000585
4,5,8,1,0|0|1|2|1,0|0|2|0|2,0,10,3.934329,0.000974,10,3.935420,0.001311
4,5,8,1,0|0|1|2|2,0|0|2|0|1,0,10,3.930766,0.001519,10,3.930941,0.000854
4,5,8,1,0|0|1|2|3,0|0|2|0|0,0,10,3.923987,0.000828,10,3.924184,0.001137
4,5,8,1,0|0|1|2|0,0|0|2|1|2,0,10,3.933749,0.000821,10,3.933746,0.000835
4,5,8,1,0|0|1|2|1,0|0|2|1|1,0,10,3.933084,0.000707,10,3.932384,0.000851
4,5,8,1,0|0|1|2|2,0|0|2|1|0,0,10,3.924918,0.001005,10,3.925271,0.000698
4,5,8,1,0|0|1|2|0,0|0|2|2|1,0,10,3.919567,0.001041,10,3.919379,0.000689
4,5,8,1,0|0|1|2|1,0|0|2|2|0,0,10,3.911653,0.000735,10,3.911373,0.000633
4,5,8,1,0|0|1|2|0,0|0|2|3|0,0,10,3.860799,0.000536,10,3.860566,0.000637
4,5,8,1,0|0|1|3|0,0|0|2|0|2,0,10,3.929115,0.000765,10,3.929269,0.001145
4,5,8,1,0|0|1|3|1,0|0|2|0|1,0,10,3.928089,0.000644,10,3.928070,0.001076
4,5,8,1,0|0|1|3|2,0|0|2|0|0,0,10,3.917765,0.000958,10,3.917382,0.000544
4,5,8,1,0|0|1|3|0,0|0|2|1|1,0,10,3.916883,0.000762,10,3.916862,0.000841
4,5,8,1,0|0|1|3|1,0|0|2|1|0,0,10,3.908102,0.001060,10,3.908574,0.000767
4,5,8,1,0|0|1|3|0,0|0|2|2|0,0,10,3.857983,0.000772,10,3.858350,0.000622
4,5,8,1,0|0|1|4|0,0|0|2|0|1,0,10,3.912479,0.001155,10,3.912258,0.000942
4,5,8,1,0|0|1|4|1,0|0|2|0|0,0,10,3.902397,0.000538,10,3.902136,0.000956
4,5,8,1,0|0|1|4|0,0|0|2|1|0,0,10,3.854635,0.000686,10,3.854466,0.000520
4,5,8,1,0|0|1|5|0,0|0|2|0|0,0,10,3.848194,0.000524,10,3.848124,0.000541
4,5,8,1,0|0|1|0|0,0|0|3|0|4,0,10,3.906698,0.000820,10,3.906960,0.001320
4,5,8,1,0|0|1|0|1,0|0|3|0|3,0,10,3.908103,0.001478,10,3.908499,0.000925
4,5,8,1,0|0|1|0|2,0|0|3|0|2,0,10,3.905248,0.000878,10,3.906208,0.000626
4,5,8,1,0|0|1|0|3,0|0|3|0|1,0,10,3.902278,0.001231,10,3.902603,0.001099
4,5,8,1,0|0|1|0|4,0|0|3|0|0,0,10,3.894504,0.000887,10,3.895211,0.000824
4,5,8,1,0|0|1|0|0,0|0|3|1|3,0,10,3.930340,0.001024,10,3.931434,0.001389
4,5,8,1,0|0|1|0|1,0|0|3|1|2,0,10,3.930690,0.000816,10,3.932075,0.001278
4,5,8,1,0|0|1|0|2,0|0|3|1|1,0,10,3.928647,0.001313,10,3.928607,0.001113
4,5,8,1,0|0|1|0|3,0|0|3|1|0,0,10,3.923220,0.001099,10,3.922728,0.000988
4,5,8,1,0|0|1|0|0,0|0|3|2|2,0,10,3.929908,0.000878,10,3.929670,0.000751
4,5,8,1,0|0|1|0|1,0|0|3|2|1,0,10,3.929972,0.000954,10,3.929585,0.000885
4,5,8,1,0|0|1|0|2,0|0|3|2|0,0,10,3.920468,0.000756,10,3.920887,0.000837
4,5,8,1,0|0|1|0|0,0|0|3|3|1,0,10,3.914399,0.000491,10,3.914411,0.000848
4,5,8,1,0|0|1|0|1,0|0|3|3|0,0,10,3.905863,0.000852,10,3.906422,0.000656
4,5,8,1,0|0|1|0|0,0|0|3|4|0,0,10,3.849132,0.000748,10,3.849356,0.000405
4,5,8,1,0|0|1|1|0,0|0|3|0|3,0,10,3.925353,0.000828,10,3.924615,0.001140
4,5,8,1,0|0|1|1|1,0|0|3|0|2,0,10,3.924459,0.001056,10,3.924555,0.000778
4,5,8,1,0|0|1|1|2,0|0|3|0|1,0,10,3.920900,0.000643,10,3.920916,0.000949
4,5,8,1,0|0|1|1|3,0|0|3|0|0,0,10,3.911765,0.001233,10,3.911931,0.000727
4,5,8,1,0|0|1|1|0,0|0|3|1|2,0,10,3.928218,0.001560,10,3.928785,0.000906
4,5,8,1,0|0|1|1|1,0|0|3|1|1,0,10,3.926460,0.000860,10,3.926879,0.000846
4,5,8,1,0|0|1|1|2,0|0|3|1|0,0,10,3.917631,0.001048,10,3.917888,0.000369
4,5,8,1,0|0|1|1|0,0|0|3|2|1,0,10,3.914117,0.000367,10,3.913222,0.000557
4,5,8,1,0|0|1|1|1,0|0|3|2|0,0,10,3.904712,0.000744,10,3.905042,0.000849
4,5,8,1,0|0|1|1|0,0|0|3|3|0,0,10,3.850956,0.000501,10,3.850608,0.000507
4,5,8,1,0|0|1|2|0,0|0|3|0|2,0,10,3.921000,0.000589,10,3.921000,0.001104
4,5,8,1,0|0|1|2|1,0|0|3|0|1,0,10,3.918667,0.000893,10,3.918689,0.000902
4,5,8,1,0|0|1|2|2,0|0|3|0|0,0,10,3.906210,0.000825,10,3.906407,0.000640
4,5,8,1,0|0|1|2|0,0|0|3|1|1,0,10,3.909676,0.000677,10,3.909577,0.000708
4,5,8,1,0|0|1|2|1,0|0|3|1|0,0,10,3.900113,0.000951,10,3.899354,0.000674
4,5,8,1,0|0|1|2|0,0|0|3|2|0,0,10,3.847359,0.000433,10,3.847276,0.000545
4,5,8,1,0|0|1|3|0,0|0|3|0|1,0,10,3.902420,0.000739,10,3.902398,0.000723
4,5,8,1,0|0|1|3|1,0|0|3|0|0,0,10,3.890376,0.000568,10,3.890186,0.000698
4,5,8,1,0|0|1|3|0,0|0|3|1|0,0,10,3.842306,0.000701,10,3.842100,0.000590
4,5,8,1,0|0|1|4|0,0|0|3|0|0,0,10,3.832430,0.000641,10,3.832545,0.000577
4,5,8,1,0|0|1|0|0,0|0|4|0|3,0,10,3.890785,0.001011,10,3.890985,0.000953
4,5,8,1,0|0|1|0|1,0|0|4|0|2,0,10,3.892782,0.000755,10,3.892497,0.000663
4,5,8,1,0|0|1|0|2,0|0|4|0|1,0,10,3.886289,0.000660,10,3.887341,0.000655
4,5,8,1,0|0|1|0|3,0|0|4|0|0,0,10,3.872801,0.001066,10,3.872800,0.000655
4,5,8,1,0|0|1|0|0,0|0|4|1|2,0,10,3.914862,0.000773,10,3.915344,0.000822
4,5,8,1,0|0|1|0|1,0|0|4|1|1,0,10,3.913580,0.001016,10,3.913998,0.000906
4,5,8,1,0|0|1|0|2,0|0|4|1|0,0,10,3.902619,0.000858,10,3.902416,0.000850
4,5,8,1,0|0|1|0|0,0|0|4|2|1,0,10,3.901477,0.000891,10,3.901560,0.000806
4,5,8,1,0|0|1|0|1,0|0|4|2|0,0,10,3.891212,0.000322,10,3.890876,0.001114
4,5,8,1,0|0|1|0|0,0|0|4|3|0,0,10,3.830829,0.000486,10,3.830766,0.000518
4,5,8,1,0|0|1|1|0,0|0|4|0|2,0,10,3.905845,0.000772,10,3.906001,0.001116
4,5,8,1,0|0|1|1|1,0|0|4|0|1,0,10,3.901838,0.000791,10,3.901715,0.000674
4,5,8,1,0|0|1|1|2,0|0|4|0|0,0,10,3.886675,0.000808,10,3.886081,0.000578
4,5,8,1,0|0|1|1|0,0|0|4|1|1,0,10,3.898671,0.000974,10,3.898210,0.000548
4,5,8,1,0|0|1|1|1,0|0|4|1|0,0,10,3.886056,0.000595,10,3.886566,0.000475
4,5,8,1,0|0|1|1|0,0|0|4|2|0,0,10,3.830783,0.000470,10,3.830698,0.000566
4,5,8,1,0|0|1|2|0,0|0|4|0|1,0,10,3.887107,0.000343,10,3.886922,0.000752
4,5,8,1,0|0|1|2|1,0|0|4|0|0,0,10,3.870451,0.000394,10,3.870868,0.000908
4,5,8,1,0|0|1|2|0,0|0|4|1|0,0,10,3.823974,0.000404,10,3.823825,0.000602
4,5,8,1,0|0|1|3|0,0|0|4|0|0,0,10,3.808940,0.000465,10,3.809186,0.000855
4,5,8,1,0|0|1|0|0,0|0|5|0|2,0,10,3.859583,0.000814,10,3.859975,0.000497
4,5,8,1,0|0|1|0|1,0|0|5|0|1,0,10,3.856430,0.001055,10,3.856923,0.001026
4,5,8,1,0|0|1|0|2,0|0|5|0|0,0,10,3.833591,0.000885,10,3.833563,0.000924
4,5,8,1,0|0|1|0|0,0|0|5|1|1,0,10,3.873259,0.000623,10,3.873379,0.000760
4,5,8,1,0|0|1|0|1,0|0|5|1|0,0,10,3.857893,0.001002,10,3.858259,0.000816
4,5,8,1,0|0|1|0|0,0|0|5|2|0,0,10,3.798008,0.000626,10,3.797562,0.000469
4,5,8,1,0|0|1|1|0,0|0|5|0|1,0,10,3.857533,0.000708,10,3.858054,0.000697
4,5,8,1,0|0|1|1|1,0|0|5|0|0,0,10,3.836103,0.000601,10,3.835708,0.000555
4,5,8,1,0|0|1|1|0,0|0|5|1|0,0,10,3.793239,0.000525,10,3.793159,0.000448
4,5,8,1,0|0|1|2|0,0|0|5|0|0,0,10,3.771940,0.000631,10,3.772061,0.000628
4,5,8,1,0|0|1|0|0,0|0|6|0|1,0,10,3.782444,0.000526,10,3.782086,0.000669
4,5,8,1,0|0|1|0|1,0|0|6|0|0,0,10,3.753589,0.000623,10,3.753885,0.000334
4,5,8,1,0|0|1|0|0,0|0|6|1|0,0,10,3.731220,0.000525,10,3.731190,0.000492
4,5,8,1,0|0|1|1|0,0|0|6|0|0,0,10,3.704314,0.000351,10,3.704251,0.000638
4,5,8,1,0|0|1|0|0,0|0|7|0|0,0,10,3.527820,0.000561,10,3.527901,0.000403
4,5,8,1,0|0|2|0|0,0|0|0|0|6,0,10,3.918000,0.001053,10,3.918238,0.001263
4,5,8,1,0|0|2|0|1,0|0|0|0|5,0,10,3.919206,0.000854,10,3.918922,0.001305
4,5,8,1,0|0|2|0|2,0|0|0|0|4,0,10,3.918257,0.000811,10,3.918324,0.001196
4,5,8,1,0|0|2|0|3,0|0|0|0|3,0,10,3.917366,0.001133,10,3.918206,0.001588
4,5,8,1,0|0|2|0|4,0|0|0|0|2,0,10,3.917298,0.000683,10,3.916794,0.001448
4,5,8,1,0|0|2|0|5,0|0|0|0|1,0,10,3.915466,0.000825,10,3.915817,0.001194
4,5,8,1,0|0|2|0|6,0|0|0|0|0,0,10,3.912590,0.001265,10,3.913017,0.000987
4,5,8,1,0|0|2|0|0,0|0|0|1|5,0,10,3.941481,0.001241,10,3.941124,0.001143
4,5,8,1,0|0|2|0|1,0|0|0|1|4,0,10,3.940433,0.001216,10,3.941964,0.001267
4,5,8,1,0|0|2|0|2,0|0|0|1|3,0,10,3.941078,0.001169,10,3.941138,0.001326
4,5,8,1,0|0|2|0|3,0|0|0|1|2,0,10,3.940571,0.001525,10,3.940802,0.000938
4,5,8,1,0|0|2|0|4,0|0|0|1|1,0,10,3.940026,0.001524,10,3.939531,0.002085
4,5,8,1,0|0|2|0|5,0|0|0|1|0,0,10,3.937394,0.000985,10,3.936996,0.000760
4,5,8,1,0|0|2|0|0,0|0|0|2|4,0,10,3.944207,0.001440,10,3.944153,0.000930
4,5,8,1,0|0|2|0|1,0|0|0|2|3,0,10,3.944998,0.001261,10,3.945451,0.001374
4,5,8,1,0|0|2|0|2,0|0|0|2|2,0,10,3.944203,0.001516,10,3.944667,0.001254
4,5,8,1,0|0|2|0|3,0|0|0|2|1,0,10,3.943128,0.001549,10,3.942750,0.000688
4,5,8,1,0|0|2|0|4,0|0|0|2|0,0,10,3.940848,0.000975,10,3.940059,0.001142
4,5,8,1,0|0|2|0|0,0|0|0|3|3,0,10,3.943886,0.001227,10,3.943607,0.001417
4,5,8,1,0|0|2|0|1,0|0|0|3|2,0,10,3.944036,0.000535,10,3.943667,0.000985
4,5,8,1,0|0|2|0|2,0|0|0|3|1,0,10,3.942266,0.001044,10,3.941735,0.001073
4,5,8,1,0|0|2|0|3,0|0|0|3|0,0,10,3.938588,0.001019,10,3.938600,0.000696
4,5,8,1,0|0|2|0|0,0|0|0|4|2,0,10,3.937498,0.001052,10,3.937994,0.000933
4,5,8,1,0|0|2|0|1,0|0|0|4|1,0,10,3.938551,0.001178,10,3.938094,0.001100
4,5,8,1,0|0|2|0|2,0|0|0|4|0,0,10,3.932097,0.001287,10,3.931623,0.000941
4,5,8,1,0|0|2|0|0,0|0|0|5|1,0,10,3.923422,0.000788,10,3.923382,0.000682
4,5,8,1,0|0|2|0|1,0|0|0|5|0,0,10,3.916325,0.000840,10,3.916254,0.000705
4,5,8,1,0|0|2|0|0,0|0|0|6|0,0,10,3.863002,0.000397,10,3.862953,0.000745
4,5,8,1,0|0|2|1|0,0|0|0|0|5,0,10,3.936906,0.001087,10,3.937223,0.001088
4,5,8,1,0|0|2|1|1,0|0|0|0|4,0,10,3.937990,0.000745,10,3.937388,0.000836
4,5,8,1,0|0|2|1|2,0|0|0|0|3,0,10,3.936448,0.001091,10,3.936763,0.000702
4,5,8,1,0|0|2|1|3,0|0|0|0|2,0,10,3.935749,0.001713,10,3.935946,0.000794
4,5,8,1,0|0|2|1|4,0|0|0|0|1,0,10,3.934786,0.001009,10,3.934102,0.001109
4,5,8,1,0|0|2|1|5,0|0|0|0|0,0,10,3.931586,0.000770,10,3.932073,0.001504
4,5,8,1,0|0|2|1|0,0|0|0|1|4,0,10,3.943375,0.000633,10,3.943704,0.001090
4,5,8,1,0|0|2|1|1,0|0|0|1|3,0,10,3.943966,0.001382,10,3.944121,0.000854
4,5,8,1,0|0|2|1|2,0|0|0|1|2,0,10,3.942931,0.001143,10,3.942937,0.001070
4,5,8,1,0|0|2|1|3,0|0|0|1|1,0,10,3.941846,0.001133,10,3.941779,0.001393
4,5,8,1,0|0|2|1|4,0|0|0|1|0,0,10,3.938955,0.000797,10,3.938760,0.001079
4,5,8,1,0|0|2|1|0,0|0|0|2|3,0,10,3.942727,0.001036,10,3.943038,0.001243
4,5,8,1,0|0|2|1|1,0|0|0|2|2,0,10,3.943422,0.001004,10,3.943369,0.001780
4,5,8,1,0|0|2|1|2,0|0|0|2|1,0,10,3.941951,0.000855,10,3.941390,0.001039
4,5,8,1,0|0|2|1|3,0|0|0|2|0,0,10,3.937275,0.000705,10,3.937698,0.001015
4,5,8,1,0|0|2|1|0,0|0|0|3|2,0,10,3.938389,0.000965,10,3.937865,0.000719
4,5,8,1,0|0|2|1|1,0|0|0|3|1,0,10,3.937876,0.000960,10,3.937920,0.001298
4,5,8,1,0|0|2|1|2,0|0|0|3|0,0,10,3.931353,0.001114,10,3.932160,0.001051
4,5,8,1,0|0|2|1|0,0|0|0|4|1,0,10,3.923363,0.001009,10,3.923187,0.000755
4,5,8,1,0|0|2|1|1,0|0|0|4|0,0,10,3.916681,0.000626,10,3.916404,0.000921
4,5,8,1,0|0|2|1|0,0|0|0|5|0,0,10,3.864589,0.000830,10,3.864546,0.000601
4,5,8,1,0|0|2|2|0,0|0|0|0|4,0,10,3.939208,0.001137,10,3.939705,0.000876
4,5,8,1,0|0|2|2|1,0|0|0|0|3,0,10,3.939488,0.000679,10,3.939502,0.001402
4,5,8,1,0|0|2|2|2,0|0|0|0|2,0,10,3.938218,0.001088,10,3.938462,0.001257
4,5,8,1,0|0|2|2|3,0|0|0|0|1,0,10,3.936385,0.001026,10,3.935403,0.001447
4,5,8,1,0|0|2|2|4,0|0|0|0|0,0,10,3.931158,0.001146,10,3.931769,0.001515
4,5,8,1,0|0|2|2|0,0|0|0|1|3,0,10,3.941421,0.001265,10,3.941058,0.001188
4,5,8,1,0|0|2|2|1,0|0|0|1|2,0,10,3.941127,0.000949,10,3.942075,0.000647
4,5,8,1,0|0|2|2|2,0|0|0|1|1,0,10,3.939389,0.000964,10,3.939412,0.000923
4,5,8,1,0|0|2|2|3,0|0|0|1|0,0,10,3.934901,0.001069,10,3.934913,0.000896
4,5,8,1,0|0|2|2|0,0|0|0|2|2,0,10,3.936514,0.000815,10,3.936496,0.000876
4,5,8,1,0|0|2|2|1,0|0|0|2|1,0,10,3.936349,0.000758,10,3.936182,0.000741
4,5,8,1,0|0|2|2|2,0|0|0|2|0,0,10,3.929080,0.000780,10,3.929298,0.001345
4,5,8,1,0|0|2|2|0,0|0|0|3|1,0,10,3.921096,0.000910,10,3.921451,0.000996
4,5,8,1,0|0|2|2|1,0|0|0|3|0,0,10,3.913975,0.000842,10,3.914251,0.000389
4,5,8,1,0|0|2|2|0,0|0|0|4|0,0,10,3.862690,0.000480,10,3.863040,0.000534
4,5,8,1,0|0|2|3|0,0|0|0|0|3,0,10,3.937535,0.001016,10,3.937532,0.001197
4,5,8,1,0|0|2|3|1,0|0|0|0|2,0,10,3.937782,0.000897,10,3.937323,0.000974
4,5,8,1,0|0|2|3|2,0|0|0|0|1,0,10,3.934383,0.001173,10,3.934946,0.001518
4,5,8,1,0|0|2|3|3,0|0|0|0|0,0,10,3.927872,0.001161,10,3.928030,0.001008
4,5,8,1,0|0|2|3|0,0|0|0|1|2,0,10,3.934678,0.001166,10,3.934072,0.001073
4,5,8,1,0|0|2|3|1,0|0|0|1|1,0,10,3.933327,0.001109,10,3.933879,0.001059
4,5,8,1,0|0|2|3|2,0|0|0|1|0,0,10,3.926349,0.001019,10,3.926283,0.000911
4,5,8,1,0|0|2|3|0,0|0|0|2|1,0,10,3.919505,0.000855,10,3.919744,0.000719
4,5,8,1,0|0|2|3|1,0|0|0|2|0,0,10,3.911868,0.000843,10,3.911463,0.000517
4,5,8,1,0|0|2|3|0,0|0|0|3|0,0,10,3.861226,0.000448,10,3.860782,0.000635
4,5,8,1,0|0|2|4|0,0|0|0|0|2,0,10,3.931490,0.000874,10,3.931257,0.001153
4,5,8,1,0|0|2|4|1,0|0|0|0|1,0,10,3.930499,0.000782,10,3.930967,0.000793
4,5,8,1,0|0|2|4|2,0|0|0|0|0,0,10,3.920626,0.000549,10,3.920326,0.000756
4,5,8,1,0|0|2|4|0,0|0|0|1|1,0,10,3.916813,0.001043,10,3.917319,0.000927
4,5,8,1,0|0|2|4|1,0|0|0|1|0,0,10,3.909217,0.000756,10,3.908860,0.000594
4,5,8,1,0|0|2|4|0,0|0|0|2|0,0,10,3.858875,0.000531,10,3.858793,0.000934
4,5,8,1,0|0|2|5|0,0|0|0|0|1,0,10,3.914164,0.000717,10,3.913973,0.000834
4,5,8,1,0|0|2|5|1,0|0|0|0|0,0,10,3.904397,0.000744,10,3.904179,0.000958
4,5,8,1,0|0|2|5|0,0|0|0|1|0,0,10,3.856099,0.000682,10,3.855929,0.000752
4,5,8,1,0|0|2|6|0,0|0|0|0|0,0,10,3.851210,0.000470,10,3.850838,0.000422
4,5,8,1,0|0|2|0|0,0|0|1|0|5,0,10,3.914048,0.001079,10,3.913886,0.000869
4,5,8,1,0|0|2|0|1,0|0|1|0|4,0,10,3.915783,0.000862,10,3.915090,0.001498
4,5,8,1,0|0|2|0|2,0|0|1|0|3,0,10,3.914395,0.001289,10,3.914810,0.001256
4,5,8,1,0|0|2|0|3,0|0|1|0|2,0,10,3.913548,0.000888,10,3.913214,0.000596
4,5,8,1,0|0|2|0|4,0|0|1|0|1,0,10,3.910475,0.001055,10,3.910761,0.001046
4,5,8,1,0|0|2|0|5,0|0|1|0|0,0,10,3.906912,0.000928,10,3.906846,0.001116
4,5,8,1,0|0|2|0|0,0|0|1|1|4,0,10,3.937562,0.001103,10,3.937444,0.000923
4,5,8,1,0|0|2|0|1,0|0|1|1|3,0,10,3.938658,0.001148,10,3.938781,0.001488
4,5,8,1,0|0|2|0|2,0|0|1|1|2,0,10,3.936937,0.001021,10,3.937238,0.001256
4,5,8,1,0|0|2|0|3,0|0|1|1|1,0,10,3.935771,0.001273,10,3.935724,0.001400
4,5,8,1,0|0|2|0|4,0|0|1|1|0,0,10,3.932559,0.000940,10,3.932396,0.000824
4,5,8,1,0|0|2|0|0,0|0|1|2|3,0,10,3.939839,0.000947,10,3.939531,0.000903
4,5,8,1,0|0|2|0|1,0|0|1|2|2,0,10,3.940629,0.001164,10,3.939930,0.001114
4,5,8,1,0|0|2|0|2,0|0|1|2|1,0,10,3.938420,0.000785,10,3.938516,0.001176
4,5,8,1,0|0|2|0|3,0|0|1|2|0,0,10,3.933410,0.000861,10,3.933414,0.001046
4,5,8,1,0|0|2|0|0,0|0|1|3|2,0,10,3.935333,0.001036,10,3.935193,0.001142
4,5,8,1,0|0|2|0|1,0|0|1|3|1,0,10,3.935739,0.000996,10,3.934878,0.001190
4,5,8,1,0|0|2|0|2,0|0|1|3|0,0,10,3.928104,0.000998,10,3.927924,0.000650
4,5,8,1,0|0|2|0|0,0|0|1|4|1,0,10,3.920456,0.000821,10,3.921137,0.000732
4,5,8,1,0|0|2|0|1,0|0|1|4|0,0,10,3.913435,0.001110,10,3.913615,0.000645
4,5,8,1,0|0|2|0|0,0|0|1|5|0,0,10,3.859774,0.000478,10,3.859420,0.000797
4,5,8,1,0|0|2|1|0,0|0|1|0|4,0,10,3.932717,0.001003,10,3.933509,0.001580
4,5,8,1,0|0|2|1|1,0|0|1|0|3,0,10,3.933068,0.001266,10,3.933229,0.000762
4,5,8,1,0|0|2|1|2,0|0|1|0|2,0,10,3.931413,0.000573,10,3.930962,0.001161
4,5,8,1,0|0|2|1|3,0|0|1|0|1,0,10,3.929116,0.001008,10,3.929078,0.000697
4,5,8,1,0|0|2|1|4,0|0|1|0|0,0,10,3.924228,0.001087,10,3.923879,0.001733
4,5,8,1,0|0|2|1|0,0|0|1|1|3,0,10,3.938676,0.000881,10,3.938957,0.001326
4,5,8,1,0|0|2|1|1,0|0|1|1|2,0,10,3.939239,0.001005,10,3.939082,0.001036
4,5,8,1,0|0|2|1|2,0|0|1|1|1,0,10,3.936766,0.000887,10,3.936533,0.000817
4,5,8,1,0|0|2|1|3,0|0|1|1|0,0,10,3.931775,0.000629,10,3.932021,0.000982
4,5,8,1,0|0|2|1|0,0|0|1|2|2,0,10,3.935346,0.001129,10,3.934455,0.000895
4,5,8,1,0|0|2|1|1,0|0|1|2|1,0,10,3.934653,0.000766,10,3.934159,0.000702
4,5,8,1,0|0|2|1|2,0|0|1|2|0,0,10,3.927598,0.000889,10,3.927634,0.001000
4,5,8,1,0|0|2|1|0,0|0|1|3|1,0,10,3.920712,0.000999,10,3.920492,0.000667
4,5,8,1,0|0|2|1|1,0|0|1|3|0,0,10,3.913212,0.000803,10,3.912853,0.000809
4,5,8,1,0|0|2|1|0,0|0|1|4|0,0,10,3.860997,0.000767,10,3.861311,0.000466
4,5,8,1,0|0|2|2|0,0|0|1|0|3,0,10,3.933516,0.000653,10,3.933337,0.001326
4,5,8,1,0|0|2|2|1,0|0|1|0|2,0,10,3.933257,0.001012,10,3.933448,0.000855
4,5,8,1,0|0|2|2|2,0|0|1|0|1,0,10,3.929327,0.001041,10,3.929247,0.000560
4,5,8,1,0|0|2|2|3,0|0|1|0|0,0,10,3.921414,0.000835,10,3.922203,0.001180
4,5,8,1,0|0|2|2|0,0|0|1|1|2,0,10,3.932046,0.000830,10,3.932425,0.000914
4,5,8,1,0|0|2|2|1,0|0|1|1|1,0,10,3.931542,0.001175,10,3.931219,0.000925
4,5,8,1,0|0|2|2|2,0|0|1|1|0,0,10,3.923340,0.000889,10,3.923982,0.000771
4,5,8,1,0|0|2|2|0,0|0|1|2|1,0,10,3.918242,0.001062,10,3.918409,0.000859
4,5,8,1,0|0|2|2|1,0|0|1|2|0,0,10,3.909897,0.001003,10,3.909255,0.000684
4,5,8,1,0|0|2|2|0,0|0|1|3|0,0,10,3.858976,0.000458,10,3.859363,0.000820
4,5,8,1,0|0|2|3|0,0|0|1|0|2,0,10,3.927110,0.001060,10,3.927813,0.000761
4,5,8,1,0|0|2|3|1,0|0|1|0|1,0,10,3.926191,0.000966,10,3.926298,0.000635
4,5,8,1,0|0|2|3|2,0|0|1|0|0,0,10,3.915447,0.000386,10,3.914983,0.000699
4,5,8,1,0|0|2|3|0,0|0|1|1|1,0,10,3.914974,0.000558,10,3.914506,0.000756
4,5,8,1,0|0|2|3|1,0|0|1|1|0,0,10,3.905756,0.001050,10,3.905807,0.000797
4,5,8,1,0|0|2|3|0,0|0|1|2|0,0,10,3.855536,0.000689,10,3.855937,0.000336
4,5,8,1,0|0|2|4|0,0|0|1|0|1,0,10,3.909533,0.000657,10,3.909485,0.000669
4,5,8,1,0|0|2|4|1,0|0|1|0|0,0,10,3.899419,0.000735,10,3.899220,0.000941
4,5,8,1,0|0|2|4|0,0|0|1|1|0,0,10,3.851735,0.000576,10,3.851912,0.000558
4,5,8,1,0|0|2|5|0,0|0|1|0|0,0,10,3.844272,0.000799,10,3.844211,0.000713
4,5,8,1,0|0|2|0|0,0|0|2|0|4,0,10,3.906245,0.001007,10,3.906631,0.001041
4,5,8,1,0|0|2|0|1,0|0|2|0|3,0,10,3.907481,0.001196,10,3.907967,0.001319
4,5,8,1,0|0|2|0|2,0|0|2|0|2,0,10,3.905330,0.001349,10,3.905257,0.001017
4,5,8,1,0|0|2|0|3,0|0|2|0|1,0,10,3.901005,0.000680,10,3.901648,0.000904
4,5,8,1,0|0|2|0|4,0|0|2|0|0,0,10,3.893172,0.001078,10,3.893201,0.000598
4,5,8,1,0|0|2|0|0,0|0|2|1|3,0,10,3.931100,0.001086,10,3.930304,0.000833
4,5,8,1,0|0|2|0|1,0|0|2|1|2,0,10,3.930734,0.001176,10,3.931107,0.001330
4,5,8,1,0|0|2|0|2,0|0|2|1|1,0,10,3.928139,0.001020,10,3.927778,0.000554
4,5,8,1,0|0|2|0|3,0|0|2|1|0,0,10,3.921374,0.000885,10,3.921370,0.000584
4,5,8,1,0|0|2|0|0,0|0|2|2|2,0,10,3.928762,0.000919,10,3.928269,0.000936
4,5,8,1,0|0|2|0|1,0|0|2|2|1,0,10,3.927802,0.001010,10,3.928044,0.001240
4,5,8,1,0|0|2|0|2,0|0|2|2|0,0,10,3.919485,0.000396,10,3.919715,0.000955
4,5,8,1,0|0|2|0|0,0|0|2|3|1,0,10,3.913478,0.000589,10,3.913242,0.000484
4,5,8,1,0|0|2|0|1,0|0|2|3|0,0,10,3.904485,0.000515,10,3.904696,0.000862
4,5,8,1,0|0|2|0|0,0|0|2|4|0,0,10,3.848277,0.000505,10,3.847684,0.000422
4,5,8,1,0|0|2|1|0,0|0|2|0|3,0,10,3.923521,0.000832,10,3.923995,0.001033
4,5,8,1,0|0|2|1|1,0|0|2|0|2,0,10,3.923420,0.000936,10,3.923593,0.000969
4,5,8,1,0|0|2|1|2,0|0|2|0|1,0,10,3.918937,0.000875,10,3.919343,0.001176
4,5,8,1,0|0|2|1|3,0|0|2|0|0,0,10,3.909604,0.000751,10,3.909880,0.000686
4,5,8,1,0|0|2|1|0,0|0|2|1|2,0,10,3.927562,0.000577,10,3.927034,0.000860
4,5,8,1,0|0|2|1|1,0|0|2|1|1,0,10,3.925768,0.000634,10,3.925107,0.001119
4,5,8,1,0|0|2|1|2,0|0|2|1|0,0,10,3.916510,0.001187,10,3.916801,0.001060
4,5,8,1,0|0|2|1|0,0|0|2|2|1,0,10,3.912800,0.001022,10,3.912754,0.000578
4,5,8,1,0|0|2|1|1,0|0|2|2|0,0,10,3.903167,0.000470,10,3.903311,0.000931
4,5,8,1,0|0|2|1|0,0|0|2|3|0,0,10,3.849488,0.000447,10,3.849436,0.000602
4,5,8,1,0|0|2|2|0,0|0|2|0|2,0,10,3.918801,0.001371,10,3.918602,0.000662
4,5,8,1,0|0|2|2|1,0|0|2|0|1,0,10,3.916484,0.001096,10,3.916460,0.000971
4,5,8,1,0|0|2|2|2,0|0|2|0|0,0,10,3.903010,0.000928,10,3.903550,0.000927
4,5,8,1,0|0|2|2|0,0|0|2|1|1,0,10,3.907935,0.000848,10,3.908273,0.000693
4,5,8,1,0|0|2|2|1,0|0|2|1|0,0,10,3.897493,0.000645,10,3.897621,0.000677
4,5,8,1,0|0|2|2|0,0|0|2|2|0,0,10,3.845329,0.000670,10,3.845502,0.000429
4,5,8,1,0|0|2|3|0,0|0|2|0|1,0,10,3.899855,0.000779,10,3.899917,0.000781
4,5,8,1,0|0|2|3|1,0|0|2|0|0,0,10,3.887438,0.000468,10,3.886837,0.000700
4,5,8,1,0|0|2|3|0,0|0|2|1|0,0,10,3.839890,0.000510,10,3.839702,0.000511
4,5,8,1,0|0|2|4|0,0|0|2|0|0,0,10,3.829037,0.000357,10,3.828774,0.000658
4,5,8,1,0|0|2|0|0,0|0|3|0|3,0,10,3.891220,0.000505,10,3.890647,0.000794
4,5,8,1,0|0|2|0|1,0|0|3|0|2,0,10,3.891863,0.000710,10,3.891600,0.001235
4,5,8,1,0|0|2|0|2,0|0|3|0|1,0,10,3.885546,0.000745,10,3.885719,0.000796
4,5,8,1,0|0|2|0|3,0|0|3|0|0,0,10,3.871131,0.000678,10,3.870580,0.000883
4,5,8,1,0|0|2|0|0,0|0|3|1|2,0,10,3.914416,0.000689,10,3.914346,0.001020
4,5,8,1,0|0|2|0|1,0|0|3|1|1,0,10,3.913285,0.001042,10,3.912710,0.000974
4,5,8,1,0|0|2|0|2,0|0|3|1|0,0,10,3.900704,0.000983,10,3.901027,0.001118
4,5,8,1,0|0|2|0|0,0|0|3|2|1,0,10,3.899968,0.000343,10,3.900357,0.000927
4,5,8,1,0|0|2|0|1,0|0|3|2|0,0,10,3.889286,0.000607,10,3.889023,0.000434
4,5,8,1,0|0|2|0|0,0|0|3|3|0,0,10,3.829133,0.000603,10,3.829170,0.000387
4,5,8,1,0|0|2|1|0,0|0|3|0|2,0,10,3.904373,0.000931,10,3.904226,0.001330
4,5,8,1,0|0|2|1|1,0|0|3|0|1,0,10,3.900557,0.000553,10,3.899937,0.001153
4,5,8,1,0|0|2|1|2,0|0|3|0|0,0,10,3.883826,0.000619,10,3.883546,0.000630
4,5,8,1,0|0|2|1|0,0|0|3|1|1,0,10,3.896721,0.000571,10,3.896980,0.000809
4,5,8,1,0|0|2|1|1,0|0|3|1|0,0,10,3.884088,0.001096,10,3.884206,0.000652
4,5,8,1,0|0|2|1|0,0|0|3|2|0,0,10,3.829152,0.000205,10,3.829060,0.000519
4,5,8,1,0|0|2|2|0,0|0|3|0|1,0,10,3.884227,0.000506,10,3.884648,0.000824
4,5,8,1,0|0|2|2|1,0|0|3|0|0,0,10,3.867642,0.000473,10,3.867758,0.000863
4,5,8,1,0|0|2|2|0,0|0|3|1|0,0,10,3.821340,0.000570,10,3.820876,0.000652
4,5,8,1,0|0|2|3|0,0|0|3|0|0,0,10,3.805233,0.000348,10,3.805166,0.000488
4,5,8,1,0|0|2|0|0,0|0|4|0|2,0,10,3.859239,0.000586,10,3.858804,0.000725
4,5,8,1,0|0|2|0|1,0|0|4|0|1,0,10,3.856260,0.000583,10,3.855583,0.000584
4,5,8,1,0|0|2|0|2,0|0|4|0|0,0,10,3.831616,0.000285,10,3.831379,0.000642
4,5,8,1,0|0|2|0|0,0|0|4|1|1,0,10,3.872426,0.000767,10,3.872337,0.000774
4,5,8,1,0|0|2|0|1,0|0|4|1|0,0,10,3.856976,0.000614,10,3.856819,0.000795
4,5,8,1,0|0|2|0|0,0|0|4|2|0,0,10,3.796572,0.000566,10,3.796444,0.000310
4,5,8,1,0|0|2|1|0,0|0|4|0|1,0,10,3.855618,0.000398,10,3.856162,0.000667
4,5,8,1,0|0|2|1|1,0|0|4|0|0,0,10,3.833639,0.000480,10,3.833414,0.000588
4,5,8,1,0|0|2|1|0,0|0|4|1|0,0,10,3.791692,0.000570,10,3.791740,0.000590
4,5,8,1,0|0|2|2|0,0|0|4|0|0,0,10,3.768852,0.000570,10,3.768474,0.000385
4,5,8,1,0|0|2|0|0,0|0|5|0|1,0,10,3.781724,0.000493,10,3.781739,0.000397
4,5,8,1,0|0|2|0|1,0|0|5|0|0,0,10,3.752908,0.000699,10,3.752960,0.000698
4,5,8,1,0|0|2|0|0,0|0|5|1|0,0,10,3.730758,0.000473,10,3.730629,0.000534
4,5,8,1,0|0|2|1|0,0|0|5|0|0,0,10,3.702862,0.000588,10,3.702753,0.000441
4,5,8,1,0|0|2|0|0,0|0|6|0|0,0,10,3.530637,0.000677,10,3.530635,0.000574
4,5,8,1,0|0|3|0|0,0|0|0|0|5,0,10,3.913254,0.001474,10,3.914159,0.001210
4,5,8,1,0|0|3|0|1,0|0|0|0|4,0,10,3.915022,0.001442,10,3.915123,0.000876
4,5,8,1,0|0|3|0|2,0|0|0|0|3,0,10,3.914541,0.000643,10,3.914557,0.001227
4,5,8,1,0|0|3|0|3,0|0|0|0|2,0,10,3.912471,0.001211,10,3.912995,0.001085
4,5,8,1,0|0|3|0|4,0|0|0|0|1,0,10,3.909927,0.001068,10,3.910843,0.000588
4,5,8,1,0|0|3|0|5,0|0|0|0|0,0,10,3.905800,0.001141,10,3.905364,0.000956
4,5,8,1,0|0|3|0|0,0|0|0|1|4,0,10,3.937517,0.001134,10,3.937164,0.001277
4,5,8,1,0|0|3|0|1,0|0|0|1|3,0,10,3.938414,0.001727,10,3.937669,0.001179
4,5,8,1,0|0|3|0|2,0|0|0|1|2,0,10,3.937245,0.000972,10,3.936497,0.000606
4,5,8,1,0|0|3|0|3,0|0|0|1|1,0,10,3.935913,0.001044,10,3.935526,0.001072
4,5,8,1,0|0|3|0|4,0|0|0|1|0,0,10,3.931995,0.001667,10,3.931617,0.000882
4,5,8,1,0|0|3|0|0,0|0|0|2|3,0,10,3.939215,0.001515,10,3.939200,0.001447
4,5,8,1,0|0|3|0|1,0|0|0|2|2,0,10,3.940313,0.000949,10,3.939984,0.000997
4,5,8,1,0|0|3|0|2,0|0|0|2|1,0,10,3.937365,0.001182,10,3.937852,0.000809
4,5,8,1,0|0|3|0|3,0|0|0|2|0,0,10,3.932745,0.000783,10,3.933296,0.001210
4,5,8,1,0|0|3|0|0,0|0|0|3|2,0,10,3.934551,0.001071,10,3.934554,0.001309
4,5,8,1,0|0|3|0|1,0|0|0|3|1,0,10,3.934976,0.000787,10,3.934200,0.001306
4,5,8,1,0|0|3|0|2,0|0|0|3|0,0,10,3.927636,0.000717,10,3.927487,0.000472
4,5,8,1,0|0|3|0|0,0|0|0|4|1,0,10,3.920072,0.000846,10,3.920129,0.001033
4,5,8,1,0|0|3|0|1,0|0|0|4|0,0,10,3.912200,0.000754,10,3.912620,0.000507
4,5,8,1,0|0|3|0|0,0|0|0|5|0,0,10,3.858049,0.000646,10,3.858352,0.000282
4,5,8,1,0|0|3|1|0,0|0|0|0|4,0,10,3.932626,0.001627,10,3.932896,0.001577
4,5,8,1,0|0|3|1|1,0|0|0|0|3,0,10,3.932425,0.001836,10,3.933244,0.000857
4,5,8,1,0|0|3|1|2,0|0|0|0|2,0,10,3.931143,0.000986,10,3.930471,0.001220
4,5,8,1,0|0|3|1|3,0|0|0|0|1,0,10,3.928459,0.001463,10,3.928456,0.001226
4,5,8,1,0|0|3|1|4,0|0|0|0|0,0,10,3.923509,0.001359,10,3.922690,0.000918
4,5,8,1,0|0|3|1|0,0|0|0|1|3,0,10,3.938692,0.001265,10,3.939320,0.000539
4,5,8,1,0|0|3|1|1,0|0|0|1|2,0,10,3.939124,0.001274,10,3.938636,0.000756
4,5,8,1,0|0|3|1|2,0|0|0|1|1,0,10,3.935920,0.001082,10,3.936261,0.000873
4,5,8,1,0|0|3|1|3,0|0|0|1|0,0,10,3.930989,0.000885,10,3.931857,0.001045
4,5,8,1,0|0|3|1|0,0|0|0|2|2,0,10,3.934729,0.000944,10,3.934778,0.000755
4,5,8,1,0|0|3|1|1,0|0|0|2|1,0,10,3.933529,0.000819,10,3.933831,0.000840
4,5,8,1,0|0|3|1|2,0|0|0|2|0,0,10,3.925806,0.000978,10,3.927015,0.000728
4,5,8,1,0|0|3|1|0,0|0|0|3|1,0,10,3.920495,0.001007,10,3.919911,0.001089
4,5,8,1,0|0|3|1|1,0|0|0|3|0,0,10,3.911928,0.000811,10,3.912345,0.000703
4,5,8,1,0|0|3|1|0,0|0|0|4|0,0,10,3.860175,0.000616,10,3.859982,0.000599
4,5,8,1,0|0|3|2|0,0|0|0|0|3,0,10,3.932783,0.000813,10,3.932456,0.002014
4,5,8,1,0|0|3|2|1,0|0|0|0|2,0,10,3.932185,0.000806,10,3.932431,0.001214
4,5,8,1,0|0|3|2|2,0|0|0|0|1,0,10,3.928922,0.001089,10,3.928986,0.000533
4,5,8,1,0|0|3|2|3,0|0|0|0|0,0,10,3.920712,0.001112,10,3.920362,0.000826
4,5,8,1,0|0|3|2|0,0|0|0|1|2,0,10,3.932038,0.001334,10,3.931449,0.000944
4,5,8,1,0|0|3|2|1,0|0|0|1|1,0,10,3.931133,0.000626,10,3.931221,0.001069
4,5,8,1,0|0|3|2|2,0|0|0|1|0,0,10,3.921917,0.000421,10,3.922164,0.000788
4,5,8,1,0|0|3|2|0,0|0|0|2|1,0,10,3.917466,0.000684,10,3.917053,0.000463
4,5,8,1,0|0|3|2|1,0|0|0|2|0,0,10,3.908970,0.000607,10,3.908460,0.000920
4,5,8,1,0|0|3|2|0,0|0|0|3|0,0,10,3.857303,0.000727,10,3.857414,0.000409
4,5,8,1,0|0|3|3|0,0|0|0|0|2,0,10,3.926390,0.001480,10,3.926475,0.001041
4,5,8,1,0|0|3|3|1,0|0|0|0|1,0,10,3.924977,0.000539,10,3.924751,0.001213
4,5,8,1,0|0|3|3|2,0|0|0|0|0,0,10,3.913576,0.000833,10,3.913153,0.000742
4,5,8,1,0|0|3|3|0,0|0|0|1|1,0,10,3.913513,0.000739,10,3.913719,0.000906
4,5,8,1,0|0|3|3|1,0|0|0|1|0,0,10,3.904474,0.000715,10,3.904388,0.000503
4,5,8,1,0|0|3|3|0,0|0|0|2|0,0,10,3.854148,0.000447,10,3.853994,0.000594
4,5,8,1,0|0|3|4|0,0|0|0|0|1,0,10,3.908648,0.000734,10,3.907931,0.000785
4,5,8,1,0|0|3|4|1,0|0|0|0|0,0,10,3.897539,0.000710,10,3.897417,0.000620
4,5,8,1,0|0|3|4|0,0|0|0|1|0,0,10,3.849750,0.000923,10,3.849763,0.000625
4,5,8,1,0|0|3|5|0,0|0|0|0|0,0,10,3.841817,0.000572,10,3.841494,0.000516
4,5,8,1,0|0|3|0|0,0|0|1|0|4,0,10,3.906085,0.001065,10,3.906581,0.001131
4,5,8,1,0|0|3|0|1,0|0|1|0|3,0,10,3.907779,0.001317,10,3.907813,0.001009
4,5,8,1,0|0|3|0|2,0|0|1|0|2,0,10,3.904945,0.001248,10,3.904843,0.001157
4,5,8,1,0|0|3|0|3,0|0|1|0|1,0,10,3.900557,0.001162,10,3.900810,0.001169
4,5,8,1,0|0|3|0|4,0|0|1|0|0,0,10,3.891743,0.001159,10,3.892056,0.001008
4,5,8,1,0|0|3|0|0,0|0|1|1|3,0,10,3.929506,0.000551,10,3.930152,0.001340
4,5,8,1,0|0|3|0|1,0|0|1|1|2,0,10,3.930551,0.000898,10,3.931028,0.001083
4,5,8,1,0|0|3|0|2,0|0|1|1|1,0,10,3.927327,0.001553,10,3.927591,0.000828
4,5,8,1,0|0|3|0|3,0|0|1|1|0,0,10,3.921147,0.001161,10,3.920429,0.000789
4,5,8,1,0|0|3|0|0,0|0|1|2|2,0,10,3.928190,0.000881,10,3.928247,0.000668
4,5,8,1,0|0|3|0|1,0|0|1|2|1,0,10,3.927796,0.001006,10,3.927690,0.001267
4,5,8,1,0|0|3|0|2,0|0|1|2|0,0,10,3.919115,0.000425,10,3.918907,0.000886
4,5,8,1,0|0|3|0|0,0|0|1|3|1,0,10,3.912923,0.000916,10,3.913055,0.000665
4,5,8,1,0|0|3|0|1,0|0|1|3|0,0,10,3.904096,0.001006,10,3.903822,0.000731
4,5,8,1,0|0|3|0|0,0|0|1|4|0,0,10,3.847205,0.000470,10,3.846761,0.000696
4,5,8,1,0|0|3|1|0,0|0|1|0|3,0,10,3.923286,0.000894,10,3.923364,0.001351
4,5,8,1,0|0|3|1|1,0|0|1|0|2,0,10,3.922895,0.001045,10,3.922751,0.000912
4,5,8,1,0|0|3|1|2,0|0|1|0|1,0,10,3.918242,0.001162,10,3.917915,0.000695
4,5,8,1,0|0|3|1|3,0|0|1|0|0,0,10,3.908185,0.001124,10,3.908837,0.000683
4,5,8,1,0|0|3|1|0,0|0|1|1|2,0,10,3.926860,0.001210,10,3.927252,0.001103
4,5,8,1,0|0|3|1|1,0|0|1|1|1,0,10,3.925456,0.000844,10,3.925229,0.000796
4,5,8,1,0|0|3|1|2,0|0|1|1|0,0,10,3.916248,0.000985,10,3.915515,0.001255
4,5,8,1,0|0|3|1|0,0|0|1|2|1,0,10,3.911645,0.001050,10,3.912522,0.000468
4,5,8,1,0|0|3|1|1,0|0|1|2|0,0,10,3.902636,0.000856,10,3.903041,0.000735
4,5,8,1,0|0|3|1|0,0|0|1|3|0,0,10,3.849141,0.000409,10,3.848973,0.000508
4,5,8,1,0|0|3|2|0,0|0|1|0|2,0,10,3.918572,0.000780,10,3.918789,0.001061
4,5,8,1,0|0|3|2|1,0|0|1|0|1,0,10,3.915590,0.000793,10,3.916287,0.000439
4,5,8,1,0|0|3|2|2,0|0|1|0|0,0,10,3.902062,0.000773,10,3.902250,0.000666
4,5,8,1,0|0|3|2|0,0|0|1|1|1,0,10,3.907361,0.001069,10,3.907382,0.000871
4,5,8,1,0|0|3|2|1,0|0|1|1|0,0,10,3.897016,0.000763,10,3.896842,0.001010
4,5,8,1,0|0|3|2|0,0|0|1|2|0,0,10,3.844612,0.000538,10,3.844748,0.000390
4,5,8,1,0|0|3|3|0,0|0|1|0|1,0,10,3.899311,0.000583,10,3.899110,0.000537
4,5,8,1,0|0|3|3|1,0|0|1|0|0,0,10,3.885406,0.000671,10,3.885290,0.000775
4,5,8,1,0|0|3|3|0,0|0|1|1|0,0,10,3.838559,0.000250,10,3.838371,0.000396
4,5,8,1,0|0|3|4|0,0|0|1|0|0,0,10,3.826874,0.000788,10,3.826429,0.000453
4,5,8,1,0|0|3|0|0,0|0|2|0|3,0,10,3.890294,0.000517,10,3.890608,0.000752
4,5,8,1,0|0|3|0|1,0|0|2|0|2,0,10,3.892012,0.001416,10,3.891752,0.000867
4,5,8,1,0|0|3|0|2,0|0|2|0|1,0,10,3.885128,0.000852,10,3.885039,0.000675
4,5,8,1,0|0|3|0|3,0|0|2|0|0,0,10,3.869860,0.001011,10,3.869431,0.000753
4,5,8,1,0|0|3|0|0,0|0|2|1|2,0,10,3.913886,0.001117,10,3.913878,0.000843
4,5,8,1,0|0|3|0|1,0|0|2|1|1,0,10,3.912877,0.001000,10,3.912771,0.000888
4,5,8,1,0|0|3|0|2,0|0|2|1|0,0,10,3.900464,0.001115,10,3.900541,0.000933
4,5,8,1,0|0|3|0|0,0|0|2|2|1,0,10,3.899965,0.000822,10,3.899979,0.000854
4,5,8,1,0|0|3|0|1,0|0|2|2|0,0,10,3.888950,0.000839,10,3.888956,0.000703
4,5,8,1,0|0|3|0|0,0|0|2|3|0,0,10,3.828236,0.000288,10,3.828533,0.000349
4,5,8,1,0|0|3|1|0,0|0|2|0|2,0,10,3.904117,0.001220,10,3.903784,0.001045
4,5,8,1,0|0|3|1|1,0|0|2|0|1,0,10,3.899617,0.000712,10,3.899703,0.000926
4,5,8,1,0|0|3|1|2,0|0|2|0|0,0,10,3.883509,0.000446,10,3.882574,0.000461
4,5,8,1,0|0|3|1|0,0|0|2|1|1,0,10,3.896438,0.000794,10,3.896323,0.000828
4,5,8,1,0|0|3|1|1,0|0|2|1|0,0,10,3.883712,0.000654,10,3.884332,0.000933
4,5,8,1,0|0|3|1|0,0|0|2|2|0,0,10,3.828880,0.000668,10,3.828781,0.000583
4,5,8,1,0|0|3|2|0,0|0|2|0|1,0,10,3.883811,0.000838,10,3.883230,0.000590
4,5,8,1,0|0|3|2|1,0|0|2|0|0,0,10,3.866311,0.000417,10,3.865966,0.000946
4,5,8,1,0|0|3|2|0,0|0|2|1|0,0,10,3.820484,0.000756,10,3.820431,0.000448
4,5,8,1,0|0|3|3|0,0|0|2|0|0,0,10,3.803661,0.000362,10,3.803626,0.000570
4,5,8,1,0|0|3|0|0,0|0|3|0|2,0,10,3.857994,0.001320,10,3.858294,0.000719
4,5,8,1,0|0|3|0|1,0|0|3|0|1,0,10,3.855633,0.000632,10,3.855624,0.000863
4,5,8,1,0|0|3|0|2,0|0|3|0|0,0,10,3.830607,0.000671,10,3.830629,0.000747
4,5,8,1,0|0|3|0|0,0|0|3|1|1,0,10,3.872055,0.000645,10,3.872320,0.000925
4,5,8,1,0|0|3|0|1,0|0|3|1|0,0,10,3.856168,0.000452,10,3.856684,0.000728
4,5,8,1,0|0|3|0|0,0|0|3|2|0,0,10,3.795744,0.000501,10,3.796019,0.000535
4,5,8,1,0|0|3|1|0,0|0|3|0|1,0,10,3.855276,0.000543,10,3.855875,0.000761
4,5,8,1,0|0|3|1|1,0|0|3|0|0,0,10,3.832697,0.000362,10,3.832392,0.000363
4,5,8,1,0|0|3|1|0,0|0|3|1|0,0,10,3.791454,0.000528,10,3.791111,0.000372
4,5,8,1,0|0|3|2|0,0|0|3|0|0,0,10,3.767283,0.000515,10,3.767066,0.000352
4,5,8,1,0|0|3|0|0,0|0|4|0|1,0,10,3.781875,0.000593,10,3.781898,0.000689
4,5,8,1,0|0|3|0|1,0|0|4|0|0,0,10,3.752711,0.000268,10,3.752546,0.000303
4,5,8,1,0|0|3|0|0,0|0|4|1|0,0,10,3.730733,0.000448,10,3.730694,0.000487
4,5,8,1,0|0|3|1|0,0|0|4|0|0,0,10,3.702457,0.000307,10,3.702605,0.000362
4,5,8,1,0|0|3|0|0,0|0|5|0|0,0,10,3.531885,0.000568,10,3.531494,0.000477
4,5,8,1,0|0|4|0|0,0|0|0|0|4,0,10,3.905034,0.000783,10,3.905951,0.001361
4,5,8,1,0|0|4|0|1,0|0|0|0|3,0,10,3.907534,0.001162,10,3.907016,0.000962
4,5,8,1,0|0|4|0|2,0|0|0|0|2,0,10,3.904703,0.001273,10,3.904943,0.000921
4,5,8,1,0|0|4|0|3,0|0|0|0|1,0,10,3.900037,0.000559,10,3.900664,0.001124
4,5,8,1,0|0|4|0|4,0|0|0|0|0,0,10,3.891686,0.000489,10,3.892070,0.000891
4,5,8,1,0|0|4|0|0,0|0|0|1|3,0,10,3.929516,0.000945,10,3.929802,0.000695
4,5,8,1,0|0|4|0|1,0|0|0|1|2,0,10,3.930742,0.001716,10,3.930556,0.001309
4,5,8,1,0|0|4|0|2,0|0|0|1|1,0,10,3.927686,0.001196,10,3.927036,0.000891
4,5,8,1,0|0|4|0|3,0|0|0|1|0,0,10,3.920988,0.000819,10,3.920252,0.000981
4,5,8,1,0|0|4|0|0,0|0|0|2|2,0,10,3.927609,0.000979,10,3.927719,0.000794
4,5,8,1,0|0|4|0|1,0|0|0|2|1,0,10,3.927332,0.001240,10,3.927220,0.000739
4,5,8,1,0|0|4|0|2,0|0|0|2|0,0,10,3.918873,0.000750,10,3.918109,0.000824
4,5,8,1,0|0|4|0|0,0|0|0|3|1,0,10,3.912708,0.000431,10,3.912491,0.001005
4,5,8,1,0|0|4|0|1,0|0|0|3|0,0,10,3.904203,0.000472,10,3.903762,0.000403
4,5,8,1,0|0|4|0|0,0|0|0|4|0,0,10,3.846813,0.000658,10,3.846475,0.000767
4,5,8,1,0|0|4|1|0,0|0|0|0|3,0,10,3.923077,0.001313,10,3.923142,0.000604
4,5,8,1,0|0|4|1|1,0|0|0|0|2,0,10,3.922895,0.001037,10,3.922438,0.001259
4,5,8,1,0|0|4|1|2,0|0|0|0|1,0,10,3.917539,0.001269,10,3.917699,0.001522
4,5,8,1,0|0|4|1|3,0|0|0|0|0,0,10,3.908489,0.000973,10,3.908349,0.000708
4,5,8,1,0|0|4|1|0,0|0|0|1|2,0,10,3.926992,0.001300,10,3.926239,0.001076
4,5,8,1,0|0|4|1|1,0|0|0|1|1,0,10,3.924613,0.001051,10,3.925246,0.000908
4,5,8,1,0|0|4|1|2,0|0|0|1|0,0,10,3.915992,0.000709,10,3.915656,0.001275
4,5,8,1,0|0|4|1|0,0|0|0|2|1,0,10,3.912157,0.000867,10,3.912332,0.000548
4,5,8,1,0|0|4|1|1,0|0|0|2|0,0,10,3.902682,0.000712,10,3.902907,0.000731
4,5,8,1,0|0|4|1|0,0|0|0|3|0,0,10,3.848441,0.000599,10,3.848587,0.000518
4,5,8,1,0|0|4|2|0,0|0|0|0|2,0,10,3.918134,0.001112,10,3.917997,0.000638
4,5,8,1,0|0|4|2|1,0|0|0|0|1,0,10,3.915257,0.001001,10,3.915870,0.000792
4,5,8,1,0|0|4|2|2,0|0|0|0|0,0,10,3.901846,0.000585,10,3.901859,0.001086
4,5,8,1,0|0|4|2|0,0|0|0|1|1,0,10,3.907330,0.000437,10,3.907293,0.000709
4,5,8,1,0|0|4|2|1,0|0|0|1|0,0,10,3.895871,0.000956,10,3.896209,0.000953
4,5,8,1,0|0|4|2|0,0|0|0|2|0,0,10,3.844428,0.000475,10,3.844364,0.000678
4,5,8,1,0|0|4|3|0,0|0|0|0|1,0,10,3.898158,0.000835,10,3.898532,0.000502
4,5,8,1,0|0|4|3|1,0|0|0|0|0,0,10,3.884561,0.000663,10,3.884665,0.000664
4,5,8,1,0|0|4|3|0,0|0|0|1|0,0,10,3.838034,0.000297,10,3.837815,0.000528
4,5,8,1,0|0|4|4|0,0|0|0|0|0,0,10,3.826085,0.000525,10,3.825899,0.000622
4,5,8,1,0|0|4|0|0,0|0|1|0|3,0,10,3.890439,0.000910,10,3.890404,0.000731
4,5,8,1,0|0|4|0|1,0|0|1|0|2,0,10,3.891587,0.001117,10,3.891312,0.000836
4,5,8,1,0|0|4|0|2,0|0|1|0|1,0,10,3.884836,0.000958,10,3.885089,0.000763
4,5,8,1,0|0|4|0|3,0|0|1|0|0,0,10,3.869405,0.000786,10,3.868878,0.000802
4,5,8,1,0|0|4|0|0,0|0|1|1|2,0,10,3.913469,0.000683,10,3.913466,0.000673
4,5,8,1,0|0|4|0|1,0|0|1|1|1,0,10,3.912024,0.000563,10,3.912303,0.000913
4,5,8,1,0|0|4|0|2,0|0|1|1|0,0,10,3.899723,0.000623,10,3.900440,0.001537
4,5,8,1,0|0|4|0|0,0|0|1|2|1,0,10,3.899807,0.000709,10,3.899637,0.000536
4,5,8,1,0|0|4|0|1,0|0|1|2|0,0,10,3.888470,0.001005,10,3.888156,0.000752
4,5,8,1,0|0|4|0|0,0|0|1|3|0,0,10,3.828026,0.000780,10,3.827910,0.000427
4,5,8,1,0|0|4|1|0,0|0|1|0|2,0,10,3.903346,0.000643,10,3.903294,0.000994
4,5,8,1,0|0|4|1|1,0|0|1|0|1,0,10,3.900060,0.001048,10,3.899452,0.000757
4,5,8,1,0|0|4|1|2,0|0|1|0|0,0,10,3.882901,0.000653,10,3.882709,0.001050
4,5,8,1,0|0|4|1|0,0|0|1|1|1,0,10,3.896421,0.000562,10,3.896542,0.000426
4,5,8,1,0|0|4|1|1,0|0|1|1|0,0,10,3.884217,0.000705,10,3.883621,0.000669
4,5,8,1,0|0|4|1|0,0|0|1|2|0,0,10,3.828601,0.000456,10,3.828612,0.000424
4,5,8,1,0|0|4|2|0,0|0|1|0|1,0,10,3.883478,0.000666,10,3.883279,0.000739
4,5,8,1,0|0|4|2|1,0|0|1|0|0,0,10,3.866276,0.000573,10,3.865750,0.000869
4,5,8,1,0|0|4|2|0,0|0|1|1|0,0,10,3.820124,0.000393,10,3.819991,0.000551
4,5,8,1,0|0|4|3|0,0|0|1|0|0,0,10,3.803171,0.000407,10,3.802863,0.000722
4,5,8,1,0|0|4|0|0,0|0|2|0|2,0,10,3.858413,0.000926,10,3.858024,0.000721
4,5,8,1,0|0|4|0|1,0|0|2|0|1,0,10,3.855928,0.001110,10,3.855402,0.000769
4,5,8,1,0|0|4|0|2,0|0|2|0|0,0,10,3.830164,0.000621,10,3.830343,0.000512
4,5,8,1,0|0|4|0|0,0|0|2|1|1,0,10,3.871777,0.000251,10,3.872224,0.000558
4,5,8,1,0|0|4|0|1,0|0|2|1|0,0,10,3.856250,0.000652,10,3.856008,0.000752
4,5,8,1,0|0|4|0|0,0|0|2|2|0,0,10,3.795488,0.000442,10,3.795293,0.000593
4,5,8,1,0|0|4|1|0,0|0|2|0|1,0,10,3.855567,0.000684,10,3.855288,0.000929
4,5,8,1,0|0|4|1|1,0|0|2|0|0,0,10,3.832853,0.000423,10,3.832388,0.000650
4,5,8,1,0|0|4|1|0,0|0|2|1|0,0,10,3.791271,0.000419,10,3.791448,0.000420
4,5,8,1,0|0|4|2|0,0|0|2|0|0,0,10,3.767045,0.000399,10,3.766950,0.000592
4,5,8,1,0|0|4|0|0,0|0|3|0|1,0,10,3.782016,0.000483,10,3.781705,0.000426
4,5,8,1,0|0|4|0|1,0|0|3|0|0,0,10,3.752763,0.000509,10,3.752709,0.000456
4,5,8,1,0|0|4|0|0,0|0|3|1|0,0,10,3.730815,0.000428,10,3.730646,0.000406
4,5,8,1,0|0|4|1|0,0|0|3|0|0,0,10,3.702187,0.000663,10,3.702483,0.000462
4,5,8,1,0|0|4|0|0,0|0|4|0|0,0,10,3.532180,0.000562,10,3.532398,0.000516
4,5,8,1,0|0|5|0|0,0|0|0|0|3,0,10,3.889743,0.001017,10,3.890184,0.001149
4,5,8,1,0|0|5|0|1,0|0|0|0|2,0,10,3.891708,0.000685,10,3.891671,0.000672
4,5,8,1,0|0|5|0|2,0|0|0|0|1,0,10,3.884221,0.001200,10,3.884743,0.000854
4,5,8,1,0|0|5|0|3,0|0|0|0|0,0,10,3.869182,0.000776,10,3.869105,0.001085
4,5,8,1,0|0|5|0|0,0|0|0|1|2,0,10,3.913386,0.001030,10,3.913768,0.001018
4,5,8,1,0|0|5|0|1,0|0|0|1|1,0,10,3.912160,0.000725,10,3.912397,0.000778
4,5,8,1,0|0|5|0|2,0|0|0|1|0,0,10,3.900056,0.000602,10,3.900170,0.000833
4,5,8,1,0|0|5|0|0,0|0|0|2|1,0,10,3.899971,0.000674,10,3.899635,0.000802
4,5,8,1,0|0|5|0|1,0|0|0|2|0,0,10,3.887982,0.000985,10,3.888563,0.000823
4,5,8,1,0|0|5|0|0,0|0|0|3|0,0,10,3.827508,0.000660,10,3.827603,0.000449
4,5,8,1,0|0|5|1|0,0|0|0|0|2,0,10,3.903938,0.000943,10,3.903657,0.000958
4,5,8,1,0|0|5|1|1,0|0|0|0|1,0,10,3.899125,0.000711,10,3.899807,0.000621
4,5,8,1,0|0|5|1|2,0|0|0|0|0,0,10,3.882887,0.001052,10,3.882850,0.000707
4,5,8,1,0|0|5|1|0,0|0|0|1|1,0,10,3.896209,0.000571,10,3.896368,0.000808
4,5,8,1,0|0|5|1|1,0|0|0|1|0,0,10,3.883689,0.000569,10,3.883437,0.000807
4,5,8,1,0|0|5|1|0,0|0|0|2|0,0,10,3.828538,0.000539,10,3.828764,0.000616
4,5,8,1,0|0|5|2|0,0|0|0|0|1,0,10,3.882843,0.000819,10,3.882849,0.000795
4,5,8,1,0|0|5|2|1,0|0|0|0|0,0,10,3.865809,0.000554,10,3.865818,0.000590
4,5,8,1,0|0|5|2|0,0|0|0|1|0,0,10,3.820016,0.000329,10,3.820062,0.000660
4,5,8,1,0|0|5|3|0,0|0|0|0|0,0,10,3.802691,0.000419,10,3.802918,0.000505
4,5,8,1,0|0|5|0|0,0|0|1|0|2,0,10,3.858088,0.000617,10,3.858047,0.000698
4,5,8,1,0|0|5|0|1,0|0|1|0|1,0,10,3.855416,0.000894,10,3.855605,0.000718
4,5,8,1,0|0|5|0|2,0|0|1|0|0,0,10,3.830545,0.000718,10,3.830210,0.000745
4,5,8,1,0|0|5|0|0,0|0|1|1|1,0,10,3.871902,0.000808,10,3.871863,0.000919
4,5,8,1,0|0|5|0|1,0|0|1|1|0,0,10,3.856174,0.000546,10,3.855918,0.000596
4,5,8,1,0|0|5|0|0,0|0|1|2|0,0,10,3.795414,0.000494,10,3.795548,0.000450
4,5,8,1,0|0|5|1|0,0|0|1|0|1,0,10,3.855404,0.000509,10,3.855111,0.000566
4,5,8,1,0|0|5|1|1,0|0|1|0|0,0,10,3.832564,0.000653,10,3.832967,0.000467
4,5,8,1,0|0|5|1|0,0|0|1|1|0,0,10,3.791558,0.000472,10,3.791524,0.000597
4,5,8,1,0|0|5|2|0,0|0|1|0|0,0,10,3.766924,0.000404,10,3.767022,0.000371
4,5,8,1,0|0|5|0|0,0|0|2|0|1,0,10,3.781828,0.000652,10,3.781661,0.000508
4,5,8,1,0|0|5|0|1,0|0|2|0|0,0,10,3.752506,0.000378,10,3.752786,0.000757
4,5,8,1,0|0|5|0|0,0|0|2|1|0,0,10,3.730410,0.000401,10,3.730643,0.000381
4,5,8,1,0|0|5|1|0,0|0|2|0|0,0,10,3.702674,0.000494,10,3.702255,0.000483
4,5,8,1,0|0|5|0|0,0|0|3|0|0,0,10,3.531906,0.000697,10,3.532047,0.000581
4,5,8,1,0|0|6|0|0,0|0|0|0|2,0,10,3.858267,0.000767,10,3.858178,0.001014
4,5,8,1,0|0|6|0|1,0|0|0|0|1,0,10,3.855619,0.000788,10,3.855153,0.001076
4,5,8,1,0|0|6|0|2,0|0|0|0|0,0,10,3.830205,0.000995,10,3.830136,0.000544
4,5,8,1,0|0|6|0|0,0|0|0|1|1,0,10,3.871612,0.000902,10,3.871868,0.000883
4,5,8,1,0|0|6|0|1,0|0|0|1|0,0,10,3.855975,0.000515,10,3.856416,0.000451
4,5,8,1,0|0|6|0|0,0|0|0|2|0,0,10,3.795490,0.000412,10,3.795499,0.000218
4,5,8,1,0|0|6|1|0,0|0|0|0|1,0,10,3.855342,0.001000,10,3.855479,0.000882
4,5,8,1,0|0|6|1|1,0|0|0|0|0,0,10,3.832396,0.000789,10,3.832565,0.000722
4,5,8,1,0|0|6|1|0,0|0|0|1|0,0,10,3.791625,0.000530,10,3.791236,0.000463
4,5,8,1,0|0|6|2|0,0|0|0|0|0,0,10,3.766794,0.000409,10,3.767209,0.000647
4,5,8,1,0|0|6|0|0,0|0|1|0|1,0,10,3.781683,0.000509,10,3.782079,0.000799
4,5,8,1,0|0|6|0|1,0|0|1|0|0,0,10,3.752792,0.000720,10,3.752871,0.000646
4,5,8,1,0|0|6|0|0,0|0|1|1|0,0,10,3.730649,0.000464,10,3.730570,0.000369
4,5,8,1,0|0|6|1|0,0|0|1|0|0,0,10,3.702553,0.000650,10,3.702413,0.000357
4,5,8,1,0|0|6|0|0,0|0|2|0|0,0,10,3.531984,0.000292,10,3.531960,0.000181
4,5,8,1,0|0|7|0|0,0|0|0|0|1,0,10,3.781813,0.000767,10,3.781722,0.000464
4,5,8,1,0|0|7|0|1,0|0|0|0|0,0,10,3.752686,0.000297,10,3.752682,0.000613
4,5,8,1,0|0|7|0|0,0|0|0|1|0,0,10,3.730382,0.000540,10,3.730474,0.000621
4,5,8,1,0|0|7|1|0,0|0|0|0|0,0,10,3.702252,0.000418,10,3.702401,0.000757
4,5,8,1,0|0|7|0|0,0|0|1|0|0,0,10,3.532084,0.000482,10,3.532210,0.000475
4,5,8,1,0|0|8|0|0,0|0|0|0|0,0,10,3.532065,0.000533,10,3.531892,0.000525
4,5,8,1,0|0|0|0|0,0|1|0|0|7,0,10,3.896102,0.000804,10,3.896324,0.001262
4,5,8,1,0|0|0|0|1,0|1|0|0|6,0,10,3.896704,0.001138,10,3.897462,0.001390
4,5,8,1,0|0|0|0|2,0|1|0|0|5,0,10,3.897814,0.001401,10,3.897135,0.000948
4,5,8,1,0|0|0|0|3,0|1|0|0|4,0,10,3.897124,0.001033,10,3.896599,0.000714
4,5,8,1,0|0|0|0|4,0|1|0|0|3,0,10,3.896923,0.000872,10,3.895950,0.000584
4,5,8,1,0|0|0|0|5,0|1|0|0|2,0,10,3.896576,0.000864,10,3.895581,0.001564
4,5,8,1,0|0|0|0|6,0|1|0|0|1,0,10,3.894189,0.000576,10,3.895047,0.001263
4,5,8,1,0|0|0|0|7,0|1|0|0|0,0,10,3.892763,0.000828,10,3.893257,0.001558
4,5,8,1,0|0|0|0|0,0|1|0|1|6,0,10,3.934539,0.001379,10,3.934595,0.001318
4,5,8,1,0|0|0|0|1,0|1|0|1|5,0,10,3.934972,0.001270,10,3.934778,0.000769
4,5,8,1,0|0|0|0|2,0|1|0|1|4,0,10,3.935054,0.000985,10,3.935336,0.001201
4,5,8,1,0|0|0|0|3,0|1|0|1|3,0,10,3.934588,0.001830,10,3.935439,0.001178
4,5,8,1,0|0|0|0|4,0|1|0|1|2,0,10,3.934225,0.001322,10,3.934305,0.001160
4,5,8,1,0|0|0|0|5,0|1|0|1|1,0,10,3.933639,0.001915,10,3.933669,0.001514
4,5,8,1,0|0|0|0|6,0|1|0|1|0,0,10,3.932743,0.001279,10,3.933103,0.001494
4,5,8,1,0|0|0|0|0,0|1|0|2|5,0,10,3.939378,0.001261,10,3.938904,0.001355
4,5,8,1,0|0|0|0|1,0|1|0|2|4,0,10,3.939459,0.001289,10,3.939304,0.001428
4,5,8,1,0|0|0|0|2,0|1|0|2|3,0,10,3.939634,0.000712,10,3.939466,0.001864
4,5,8,1,0|0|0|0|3,0|1|0|2|2,0,10,3.939119,0.001026,10,3.939102,0.001031
4,5,8,1,0|0|0|0|4,0|1|0|2|1,0,10,3.937726,0.001787,10,3.938190,0.000775
4,5,8,1,0|0|0|0|5,0|1|0|2|0,0,10,3.935999,0.001330,10,3.936165,0.001311
4,5,8,1,0|0|0|0|0,0|1|0|3|4,0,10,3.937110,0.001007,10,3.938157,0.001510
4,5,8,1,0|0|0|0|1,0|1|0|3|3,0,10,3.938535,0.001361,10,3.940251,0.001276
4,5,8,1,0|0|0|0|2,0|1|0|3|2,0,10,3.938401,0.001024,10,3.938182,0.001345
4,5,8,1,0|0|0|0|3,0|1|0|3|1,0,10,3.936296,0.000860,10,3.937285,0.000827
4,5,8,1,0|0|0|0|4,0|1|0|3|0,0,10,3.933783,0.001516,10,3.932959,0.001013
4,5,8,1,0|0|0|0|0,0|1|0|4|3,0,10,3.933226,0.000829,10,3.933645,0.000934
4,5,8,1,0|0|0|0|1,0|1|0|4|2,0,10,3.935335,0.000932,10,3.934837,0.001743
4,5,8,1,0|0|0|0|2,0|1|0|4|1,0,10,3.932690,0.001324,10,3.932435,0.001536
4,5,8,1,0|0|0|0|3,0|1|0|4|0,0,10,3.926772,0.001238,10,3.926774,0.001320
4,5,8,1,0|0|0|0|0,0|1|0|5|2,0,10,3.923043,0.001364,10,3.923244,0.001029
4,5,8,1,0|0|0|0|1,0|1|0|5|1,0,10,3.923042,0.001250,10,3.922956,0.000712
4,5,8,1,0|0|0|0|2,0|1|0|5|0,0,10,3.913147,0.000872,10,3.913413,0.000857
4,5,8,1,0|0|0|0|0,0|1|0|6|1,0,10,3.894121,0.000846,10,3.894257,0.000400
4,5,8,1,0|0|0|0|1,0|1|0|6|0,0,10,3.882898,0.000712,10,3.883108,0.000741
4,5,8,1,0|0|0|0|0,0|1|0|7|0,0,10,3.782066,0.000551,10,3.782083,0.000440
4,5,8,1,0|0|0|1|0,0|1|0|0|6,0,10,3.930039,0.001060,10,3.930321,0.000846
4,5,8,1,0|0|0|1|1,0|1|0|0|5,0,10,3.932438,0.001353,10,3.931508,0.000858
4,5,8,1,0|0|0|1|2,0|1|0|0|4,0,10,3.931297,0.001123,10,3.931390,0.001165
4,5,8,1,0|0|0|1|3,0|1|0|0|3,0,10,3.931311,0.000764,10,3.930796,0.001133
4,5,8,1,0|0|0|1|4,0|1|0|0|2,0,10,3.930639,0.000947,10,3.930535,0.001033
4,5,8,1,0|0|0|1|5,0|1|0|0|1,0,10,3.929161,0.001350,10,3.929296,0.001028
4,5,8,1,0|0|0|1|6,0|1|0|0|0,0,10,3.927997,0.000855,10,3.927756,0.001250
4,5,8,1,0|0|0|1|0,0|1|0|1|5,0,10,3.937816,0.000862,10,3.938021,0.001418
4,5,8,1,0|0|0|1|1,0|1|0|1|4,0,10,3.938521,0.001336,10,3.940367,0.000746
4,5,8,1,0|0|0|1|2,0|1|0|1|3,0,10,3.938657,0.000935,10,3.938809,0.001499
4,5,8,1,0|0|0|1|3,0|1|0|1|2,0,10,3.938379,0.001290,10,3.938542,0.001403
4,5,8,1,0|0|0|1|4,0|1|0|1|1,0,10,3.937946,0.000993,10,3.936554,0.000962
4,5,8,1,0|0|0|1|5,0|1|0|1|0,0,10,3.935592,0.001366,10,3.935530,0.002003
4,5,8,1,0|0|0|1|0,0|1|0|2|4,0,10,3.938157,0.001219,10,3.938050,0.001146
4,5,8,1,0|0|0|1|1,0|1|0|2|3,0,10,3.939213,0.001308,10,3.939414,0.001309
4,5,8,1,0|0|0|1|2,0|1|0|2|2,0,10,3.938523,0.001000,10,3.937992,0.000799
4,5,8,1,0|0|0|1|3,0|1|0|2|1,0,10,3.936736,0.001303,10,3.936954,0.001323
4,5,8,1,0|0|0|1|4,0|1|0|2|0,0,10,3.933636,0.001337,10,3.934016,0.001356
4,5,8,1,0|0|0|1|0,0|1|0|3|3,0,10,3.934023,0.001085,10,3.934168,0.001209
4,5,8,1,0|0|0|1|1,0|1|0|3|2,0,10,3.935018,0.000654,10,3.934125,0.001447
4,5,8,1,0|0|0|1|2,0|1|0|3|1,0,10,3.932609,0.001075,10,3.932633,0.000904
4,5,8,1,0|0|0|1|3,0|1|0|3|0,0,10,3.926554,0.000822,10,3.927230,0.001327
4,5,8,1,0|0|0|1|0,0|1|0|4|2,0,10,3.922989,0.000515,10,3.922995,0.001020
4,5,8,1,0|0|0|1|1,0|1|0|4|1,0,10,3.922760,0.001007,10,3.922713,0.001186
4,5,8,1,0|0|0|1|2,0|1|0|4|0,0,10,3.913927,0.000872,10,3.913388,0.000614
4,5,8,1,0|0|0|1|0,0|1|0|5|1,0,10,3.894078,0.000822,10,3.893874,0.000767
4,5,8,1,0|0|0|1|1,0|1|0|5|0,0,10,3.882351,0.000709,10,3.882263,0.000574
4,5,8,1,0|0|0|1|0,0|1|0|6|0,0,10,3.783357,0.000502,10,3.783428,0.000546
4,5,8,1,0|0|0|2|0,0|1|0|0|5,0,10,3.935736,0.001144,10,3.935778,0.001256
4,5,8,1,0|0|0|2|1,0|1|0|0|4,0,10,3.936666,0.001432,10,3.936778,0.001424
4,5,8,1,0|0|0|2|2,0|1|0|0|3,0,10,3.936097,0.001016,10,3.936188,0.000686
4,5,8,1,0|0|0|2|3,0|1|0|0|2,0,10,3.934419,0.001405,10,3.934776,0.001196
4,5,8,1,0|0|0|2|4,0|1|0|0|1,0,10,3.933134,0.001131,10,3.934172,0.001378
4,5,8,1,0|0|0|2|5,0|1|0|0|0,0,10,3.930326,0.001141,10,3.930219,0.001251
4,5,8,1,0|0|0|2|0,0|1|0|1|4,0,10,3.937104,0.000893,10,3.937106,0.001261
4,5,8,1,0|0|0|2|1,0|1|0|1|3,0,10,3.937996,0.001167,10,3.937919,0.001123
4,5,8,1,0|0|0|2|2,0|1|0|1|2,0,10,3.936223,0.001170,10,3.936531,0.000862
4,5,8,1,0|0|0|2|3,0|1|0|1|1,0,10,3.934834,0.001391,10,3.935210,0.001526
4,5,8,1,0|0|0|2|4,0|1|0|1|0,0,10,3.931843,0.000666,10,3.930741,0.000932
4,5,8,1,0|0|0|2|0,0|1|0|2|3,0,10,3.932761,0.001103,10,3.932606,0.000760
4,5,8,1,0|0|0|2|1,0|1|0|2|2,0,10,3.934140,0.000993,10,3.933861,0.001304
4,5,8,1,0|0|0|2|2,0|1|0|2|1,0,10,3.931104,0.001191,10,3.931146,0.001052
4,5,8,1,0|0|0|2|3,0|1|0|2|0,0,10,3.924734,0.000885,10,3.925527,0.000914
4,5,8,1,0|0|0|2|0,0|1|0|3|2,0,10,3.921982,0.001066,10,3.922080,0.001039
4,5,8,1,0|0|0|2|1,0|1|0|3|1,0,10,3.921664,0.000904,10,3.921466,0.000609
4,5,8,1,0|0|0|2|2,0|1|0|3|0,0,10,3.911205,0.000645,10,3.911086,0.000727
4,5,8,1,0|0|0|2|0,0|1|0|4|1,0,10,3.892631,0.000740,10,3.892599,0.000696
4,5,8,1,0|0|0|2|1,0|1|0|4|0,0,10,3.879850,0.000575,10,3.880172,0.000396
4,5,8,1,0|0|0|2|0,0|1|0|5|0,0,10,3.783592,0.000592,10,3.783532,0.000321
4,5,8,1,0|0|0|3|0,0|1|0|0|4,0,10,3.934868,0.001117,10,3.934575,0.001688
4,5,8,1,0|0|0|3|1,0|1|0|0|3,0,10,3.936259,0.001008,10,3.935586,0.000852
4,5,8,1,0|0|0|3|2,0|1|0|0|2,0,10,3.933712,0.000679,10,3.933668,0.001003
4,5,8,1,0|0|0|3|3,0|1|0|0|1,0,10,3.931254,0.001106,10,3.931741,0.001092
4,5,8,1,0|0|0|3|4,0|1|0|0|0,0,10,3.927138,0.000955,10,3.926409,0.001194
4,5,8,1,0|0|0|3|0,0|1|0|1|3,0,10,3.931774,0.000922,10,3.931827,0.001230
4,5,8,1,0|0|0|3|1,0|1|0|1|2,0,10,3.932161,0.001085,10,3.933051,0.000987
4,5,8,1,0|0|0|3|2,0|1|0|1|1,0,10,3.929259,0.001240,10,3.929675,0.000824
4,5,8,1,0|0|0|3|3,0|1|0|1|0,0,10,3.922970,0.001186,10,3.922601,0.001336
4,5,8,1,0|0|0|3|0,0|1|0|2|2,0,10,3.920832,0.000472,10,3.920725,0.001486
4,5,8,1,0|0|0|3|1,0|1|0|2|1,0,10,3.920668,0.000979,10,3.920260,0.001126
4,5,8,1,0|0|0|3|2,0|1|0|2|0,0,10,3.909284,0.000839,10,3.909678,0.000901
4,5,8,1,0|0|0|3|0,0|1|0|3|1,0,10,3.891479,0.000685,10,3.891773,0.000539
4,5,8,1,0|0|0|3|1,0|1|0|3|0,0,10,3.878685,0.000758,10,3.878971,0.000477
4,5,8,1,0|0|0|3|0,0|1|0|4|0,0,10,3.783414,0.000315,10,3.783132,0.000606
4,5,8,1,0|0|0|4|0,0|1|0|0|3,0,10,3.929766,0.001078,10,3.930049,0.001192
4,5,8,1,0|0|0|4|1,0|1|0|0|2,0,10,3.931135,0.001125,10,3.931569,0.001208
4,5,8,1,0|0|0|4|2,0|1|0|0|1,0,10,3.927929,0.000990,10,3.927258,0.001076
4,5,8,1,0|0|0|4|3,0|1|0|0|0,0,10,3.919529,0.000702,10,3.919336,0.001327
4,5,8,1,0|0|0|4|0,0|1|0|1|2,0,10,3.920541,0.000947,10,3.919932,0.000832
4,5,8,1,0|0|0|4|1,0|1|0|1|1,0,10,3.919433,0.000832,10,3.919266,0.001405
4,5,8,1,0|0|0|4|2,0|1|0|1|0,0,10,3.907288,0.001208,10,3.907379,0.000531
4,5,8,1,0|0|0|4|0,0|1|0|2|1,0,10,3.890517,0.000585,10,3.890628,0.000517
4,5,8,1,0|0|0|4|1,0|1|0|2|0,0,10,3.877618,0.000442,10,3.878024,0.000616
4,5,8,1,0|0|0|4|0,0|1|0|3|0,0,10,3.782965,0.000695,10,3.783112,0.000318
4,5,8,1,0|0|0|5|0,0|1|0|0|2,0,10,3.918418,0.000748,10,3.918586,0.001016
4,5,8,1,0|0|0|5|1,0|1|0|0|1,0,10,3.917245,0.001208,10,3.917601,0.000886
4,5,8,1,0|0|0|5|2,0|1|0|0|0,0,10,3.905912,0.000933,10,3.905376,0.000763
4,5,8,1,0|0|0|5|0,0|1|0|1|1,0,10,3.889731,0.000856,10,3.890237,0.000684
4,5,8,1,0|0|0|5|1,0|1|0|1|0,0,10,3.876591,0.000840,10,3.876730,0.000784
4,5,8,1,0|0|0|5|0,0|1|0|2|0,0,10,3.782096,0.000395,10,3.782326,0.000404
4,5,8,1,0|0|0|6|0,0|1|0|0|1,0,10,3.888801,0.000736,10,3.888605,0.000808
4,5,8,1,0|0|0|6|1,0|1|0|0|0,0,10,3.875233,0.000792,10,3.875267,0.000533
4,5,8,1,0|0|0|6|0,0|1|0|1|0,0,10,3.781360,0.000502,10,3.781221,0.000545
4,5,8,1,0|0|0|7|0,0|1|0|0|0,0,10,3.779956,0.000314,10,3.779984,0.000360
4,5,8,1,0|0|0|0|0,0|1|1|0|6,0,10,3.922999,0.000789,10,3.922821,0.001019
4,5,8,1,0|0|0|0|1,0|1|1|0|5,0,10,3.924134,0.001283,10,3.924187,0.000771
4,5,8,1,0|0|0|0|2,0|1|1|0|4,0,10,3.923930,0.001082,10,3.924067,0.001266
4,5,8,1,0|0|0|0|3,0|1|1|0|3,0,10,3.923056,0.001258,10,3.923677,0.001472
4,5,8,1,0|0|0|0|4,0|1|1|0|2,0,10,3.922668,0.001286,10,3.923195,0.000669
4,5,8,1,0|0|0|0|5,0|1|1|0|1,0,10,3.922461,0.000997,10,3.922440,0.000940
4,5,8,1,0|0|0|0|6,0|1|1|0|0,0,10,3.920180,0.001146,10,3.921081,0.001157
4,5,8,1,0|0|0|0|0,0|1|1|1|5,1,30,3.944537,0.000854,0,,
4,5,8,1,0|0|0|0|1,0|1|1|1|4,0,10,3.944939,0.001209,10,3.944807,0.001024
4,5,8,1,0|0|0|0|2,0|1|1|1|3,0,10,3.944673,0.000998,10,3.945018,0.000558
4,5,8,1,0|0|0|0|3,0|1|1|1|2,0,10,3.944200,0.001183,10,3.944572,0.001122
4,5,8,1,0|0|0|0|4,0|1|1|1|1,0,10,3.944578,0.000902,10,3.944017,0.000872
4,5,8,1,0|0|0|0|5,0|1|1|1|0,0,10,3.942583,0.001130,10,3.942698,0.000976
4,5,8,1,0|0|0|0|0,0|1|1|2|4,1,30,3.947590,0.001401,500,3.947872,0.001188
4,5,8,1,0|0|0|0|1,0|1|1|2|3,0,10,3.948928,0.000926,10,3.948472,0.001328
4,5,8,1,0|0|0|0|2,0|1|1|2|2,0,10,3.948115,0.001726,10,3.947793,0.001598
4,5,8,1,0|0|0|0|3,0|1|1|2|1,0,10,3.948207,0.000694,10,3.947527,0.001505
4,5,8,1,0|0|0|0|4,0|1|1|2|0,0,10,3.945170,0.000725,10,3.945493,0.000712
4,5,8,1,0|0|0|0|0,0|1|1|3|3,1,30,3.947411,0.001203,0,,
4,5,8,1,0|0|0|0|1,0|1|1|3|2,0,10,3.948869,0.001536,10,3.947891,0.001188
4,5,8,1,0|0|0|0|2,0|1|1|3|1,0,10,3.947286,0.000510,10,3.946833,0.001070
4,5,8,1,0|0|0|0|3,0|1|1|3|0,0,10,3.944210,0.000824,10,3.944728,0.000736
4,5,8,1,0|0|0|0|0,0|1|1|4|2,0,10,3.944796,0.001036,10,3.943753,0.001082
4,5,8,1,0|0|0|0|1,0|1|1|4|1,0,10,3.944616,0.000963,10,3.944546,0.000962
4,5,8,1,0|0|0|0|2,0|1|1|4|0,0,10,3.939773,0.000982,10,3.939870,0.001349
4,5,8,1,0|0|0|0|0,0|1|1|5|1,0,10,3.932739,0.000604,10,3.932435,0.000594
4,5,8,1,0|0|0|0|1,0|1|1|5|0,0,10,3.926949,0.001186,10,3.927649,0.000854
4,5,8,1,0|0|0|0|0,0|1|1|6|0,0,10,3.882604,0.000682,10,3.882045,0.001044
4,5,8,1,0|0|0|1|0,0|1|1|0|5,0,10,3.941315,0.001408,10,3.941494,0.001794
4,5,8,1,0|0|0|1|1,0|1|1|0|4,0,10,3.941475,0.000899,10,3.942896,0.001387
4,5,8,1,0|0|0|1|2,0|1|1|0|3,0,10,3.941708,0.000904,10,3.942489,0.001036
4,5,8,1,0|0|0|1|3,0|1|1|0|2,0,10,3.941002,0.001263,10,3.940477,0.001150
4,5,8,1,0|0|0|1|4,0|1|1|0|1,0,10,3.940879,0.001252,10,3.939076,0.001144
4,5,8,1,0|0|0|1|5,0|1|1|0|0,0,10,3.938523,0.001593,10,3.937910,0.001940
4,5,8,1,0|0|0|1|0,0|1|1|1|4,0,10,3.948346,0.001124,10,3.946954,0.000878
4,5,8,1,0|0|0|1|1,0|1|1|1|3,0,10,3.947582,0.001160,10,3.948276,0.001173
4,5,8,1,0|0|0|1|2,0|1|1|1|2,0,10,3.947930,0.001782,10,3.947182,0.001668
4,5,8,1,0|0|0|1|3,0|1|1|1|1,0,10,3.946833,0.001783,10,3.946645,0.001140
4,5,8,1,0|0|0|1|4,0|1|1|1|0,0,10,3.945671,0.001160,10,3.944918,0.001064
4,5,8,1,0|0|0|1|0,0|1|1|2|3,0,10,3.948000,0.001214,10,3.948278,0.001168
4,5,8,1,0|0|0|1|1,0|1|1|2|2,0,10,3.948391,0.001150,10,3.948197,0.001379
4,5,8,1,0|0|0|1|2,0|1|1|2|1,0,10,3.946652,0.001335,10,3.947222,0.001129
4,5,8,1,0|0|0|1|3,0|1|1|2|0,0,10,3.944826,0.001123,10,3.944387,0.000950
4,5,8,1,0|0|0|1|0,0|1|1|3|2,0,10,3.944314,0.001028,10,3.945042,0.001171
4,5,8,1,0|0|0|1|1,0|1|1|3|1,0,10,3.943554,0.001464,10,3.944060,0.001612
4,5,8,1,0|0|0|1|2,0|1|1|3|0,0,10,3.939942,0.001269,10,3.939588,0.000971
4,5,8,1,0|0|0|1|0,0|1|1|4|1,0,10,3.932966,0.001136,10,3.933479,0.000793
4,5,8,1,0|0|0|1|1,0|1|1|4|0,0,10,3.927718,0.000682,10,3.927491,0.000536
4,5,8,1,0|0|0|1|0,0|1|1|5|0,0,10,3.883963,0.000860,10,3.883400,0.000819
4,5,8,1,0|0|0|2|0,0|1|1|0|4,0,10,3.944524,0.001274,10,3.945179,0.000687
4,5,8,1,0|0|0|2|1,0|1|1|0|3,0,10,3.945081,0.001280,10,3.945634,0.001506
4,5,8,1,0|0|0|2|2,0|1|1|0|2,0,10,3.944085,0.001080,10,3.944155,0.000925
4,5,8,1,0|0|0|2|3,0|1|1|0|1,0,10,3.943308,0.001416,10,3.943193,0.001440
4,5,8,1,0|0|0|2|4,0|1|1|0|0,0,10,3.939821,0.001290,10,3.940420,0.001221
4,5,8,1,0|0|0|2|0,0|1|1|1|3,0,10,3.946718,0.000773,10,3.946990,0.001686
4,5,8,1,0|0|0|2|1,0|1|1|1|2,0,10,3.946655,0.000804,10,3.947767,0.000461
4,5,8,1,0|0|0|2|2,0|1|1|1|1,0,10,3.945803,0.000927,10,3.946312,0.000817
4,5,8,1,0|0|0|2|3,0|1|1|1|0,0,10,3.942826,0.001093,10,3.942984,0.001359
4,5,8,1,0|0|0|2|0,0|1|1|2|2,0,10,3.942907,0.000845,10,3.943032,0.001102
4,5,8,1,0|0|0|2|1,0|1|1|2|1,0,10,3.943263,0.001343,10,3.943386,0.001295
4,5,8,1,0|0|0|2|2,0|1|1|2|0,0,10,3.938247,0.000742,10,3.939044,0.001185
4,5,8,1,0|0|0|2|0,0|1|1|3|1,0,10,3.931297,0.001065,10,3.931539,0.001108
4,5,8,1,0|0|0|2|1,0|1|1|3|0,0,10,3.926597,0.000722,10,3.926307,0.000380
4,5,8,1,0|0|0|2|0,0|1|1|4|0,0,10,3.882713,0.000739,10,3.882511,0.000626
4,5,8,1,0|0|0|3|0,0|1|1|0|3,0,10,3.943272,0.000932,10,3.944502,0.001001
4,5,8,1,0|0|0|3|1,0|1|1|0|2,0,10,3.944919,0.000789,10,3.944629,0.001199
4,5,8,1,0|0|0|3|2,0|1|1|0|1,0,10,3.941803,0.000852,10,3.942554,0.001278
4,5,8,1,0|0|0|3|3,0|1|1|0|0,0,10,3.938295,0.001314,10,3.937927,0.001184
4,5,8,1,0|0|0|3|0,0|1|1|1|2,0,10,3.941348,0.001569,10,3.942204,0.001169
4,5,8,1,0|0|0|3|1,0|1|1|1|1,0,10,3.941956,0.001147,10,3.942174,0.000964
4,5,8,1,0|0|0|3|2,0|1|1|1|0,0,10,3.936786,0.001085,10,3.936434,0.001161
4,5,8,1,0|0|0|3|0,0|1|1|2|1,0,10,3.930088,0.000855,10,3.930651,0.001252
4,5,8,1,0|0|0|3|1,0|1|1|2|0,0,10,3.924693,0.000792,10,3.924824,0.000851
4,5,8,1,0|0|0|3|0,0|1|1|3|0,0,10,3.881881,0.000629,10,3.881647,0.000679
4,5,8,1,0|0|0|4|0,0|1|1|0|2,0,10,3.939309,0.001176,10,3.939769,0.001079
4,5,8,1,0|0|0|4|1,0|1|1|0|1,0,10,3.940099,0.000609,10,3.939767,0.000906
4,5,8,1,0|0|0|4|2,0|1|1|0|0,0,10,3.932001,0.001018,10,3.932872,0.001348
4,5,8,1,0|0|0|4|0,0|1|1|1|1,0,10,3.929200,0.001181,10,3.928840,0.001044
4,5,8,1,0|0|0|4|1,0|1|1|1|0,0,10,3.922700,0.000909,10,3.922914,0.000946
4,5,8,1,0|0|0|4|0,0|1|1|2|0,0,10,3.879734,0.000499,10,3.880179,0.000630
4,5,8,1,0|0|0|5|0,0|1|1|0|1,0,10,3.926505,0.000921,10,3.926780,0.000991
4,5,8,1,0|0|0|5|1,0|1|1|0|0,0,10,3.919614,0.000527,10,3.920444,0.000581
4,5,8,1,0|0|0|5|0,0|1|1|1|0,0,10,3.877774,0.000858,10,3.877978,0.000475
4,5,8,1,0|0|0|6|0,0|1|1|0|0,0,10,3.874203,0.000688,10,3.874357,0.000516
4,5,8,1,0|0|0|0|0,0|1|2|0|5,0,10,3.923089,0.001226,10,3.923172,0.001279
4,5,8,1,0|0|0|0|1,0|1|2|0|4,0,10,3.923984,0.001371,10,3.924965,0.001097
4,5,8,1,0|0|0|0|2,0|1|2|0|3,0,10,3.923445,0.000830,10,3.923503,0.000807
4,5,8,1,0|0|0|0|3,0|1|2|0|2,0,10,3.922946,0.001673,10,3.922843,0.001862
4,5,8,1,0|0|0|0|4,0|1|2|0|1,0,10,3.921577,0.000703,10,3.921498,0.000987
4,5,8,1,0|0|0|0|5,0|1|2|0|0,0,10,3.917981,0.001178,10,3.918362,0.001092
4,5,8,1,0|0|0|0|0,0|1|2|1|4,0,10,3.942986,0.000901,10,3.943021,0.001162
4,5,8,1,0|0|0|0|1,0|1|2|1|3,0,10,3.943917,0.001053,10,3.943599,0.001393
4,5,8,1,0|0|0|0|2,0|1|2|1|2,0,10,3.944118,0.001347,10,3.943647,0.001003
4,5,8,1,0|0|0|0|3,0|1|2|1|1,0,10,3.941934,0.000808,10,3.942579,0.001209
4,5,8,1,0|0|0|0|4,0|1|2|1|0,0,10,3.939321,0.000919,10,3.939688,0.001115
4,5,8,1,0|0|0|0|0,0|1|2|2|3,1,30,3.945725,0.001278,0,,
4,5,8,1,0|0|0|0|1,0|1|2|2|2,0,10,3.946409,0.000657,10,3.945828,0.001272
4,5,8,1,0|0|0|0|2,0|1|2|2|1,0,10,3.944751,0.001344,10,3.944263,0.000748
4,5,8,1,0|0|0|0|3,0|1|2|2|0,0,10,3.942000,0.000809,10,3.941554,0.001069
4,5,8,1,0|0|0|0|0,0|1|2|3|2,0,10,3.942596,0.001384,10,3.943750,0.001212
4,5,8,1,0|0|0|0|1,0|1|2|3|1,0,10,3.942977,0.001324,10,3.943800,0.000743
4,5,8,1,0|0|0|0|2,0|1|2|3|0,0,10,3.938070,0.001359,10,3.938657,0.000820
4,5,8,1,0|0|0|0|0,0|1|2|4|1,0,10,3.932731,0.000943,10,3.932698,0.000859
4,5,8,1,0|0|0|0|1,0|1|2|4|0,0,10,3.927829,0.000662,10,3.927850,0.000501
4,5,8,1,0|0|0|0|0,0|1|2|5|0,0,10,3.885686,0.000768,10,3.885913,0.000716
4,5,8,1,0|0|0|1|0,0|1|2|0|4,0,10,3.940453,0.001285,10,3.939937,0.001482
4,5,8,1,0|0|0|1|1,0|1|2|0|3,0,10,3.940362,0.002080,10,3.940376,0.001754
4,5,8,1,0|0|0|1|2,0|1|2|0|2,0,10,3.939370,0.001191,10,3.939326,0.001480
4,5,8,1,0|0|0|1|3,0|1|2|0|1,0,10,3.937638,0.001454,10,3.937858,0.001684
4,5,8,1,0|0|0|1|4,0|1|2|0|0,0,10,3.934881,0.000489,10,3.934898,0.001259
4,5,8,1,0|0|0|1|0,0|1|2|1|3,0,10,3.946133,0.001170,10,3.945218,0.001338
4,5,8,1,0|0|0|1|1,0|1|2|1|2,0,10,3.945724,0.000913,10,3.945348,0.000981
4,5,8,1,0|0|0|1|2,0|1|2|1|1,0,10,3.943878,0.000854,10,3.944044,0.001039
4,5,8,1,0|0|0|1|3,0|1|2|1|0,0,10,3.940648,0.001169,10,3.941383,0.001000
4,5,8,1,0|0|0|1|0,0|1|2|2|2,0,10,3.943626,0.001268,10,3.943535,0.001687
4,5,8,1,0|0|0|1|1,0|1|2|2|1,0,10,3.943822,0.000829,10,3.943615,0.000734
4,5,8,1,0|0|0|1|2,0|1|2|2|0,0,10,3.939229,0.000869,10,3.938596,0.000703
4,5,8,1,0|0|0|1|0,0|1|2|3|1,0,10,3.933423,0.001126,10,3.933113,0.000819
4,5,8,1,0|0|0|1|1,0|1|2|3|0,0,10,3.928494,0.000699,10,3.928271,0.001370
4,5,8,1,0|0|0|1|0,0|1|2|4|0,0,10,3.887666,0.000730,10,3.887612,0.000451
4,5,8,1,0|0|0|2|0,0|1|2|0|3,0,10,3.941506,0.001598,10,3.941978,0.000859
4,5,8,1,0|0|0|2|1,0|1|2|0|2,0,10,3.942235,0.000927,10,3.941913,0.001570
4,5,8,1,0|0|0|2|2,0|1|2|0|1,0,10,3.938998,0.000919,10,3.938838,0.000792
4,5,8,1,0|0|0|2|3,0|1|2|0|0,0,10,3.934336,0.001764,10,3.933719,0.001374
4,5,8,1,0|0|0|2|0,0|1|2|1|2,0,10,3.940948,0.000835,10,3.941616,0.000759
4,5,8,1,0|0|0|2|1,0|1|2|1|1,0,10,3.941572,0.000786,10,3.941313,0.000661
4,5,8,1,0|0|0|2|2,0|1|2|1|0,0,10,3.935069,0.001280,10,3.935530,0.000901
4,5,8,1,0|0|0|2|0,0|1|2|2|1,0,10,3.931649,0.000760,10,3.931073,0.000897
4,5,8,1,0|0|0|2|1,0|1|2|2|0,0,10,3.925867,0.000874,10,3.925935,0.001174
4,5,8,1,0|0|0|2|0,0|1|2|3|0,0,10,3.885414,0.000652,10,3.885544,0.001317
4,5,8,1,0|0|0|3|0,0|1|2|0|2,0,10,3.937430,0.001079,10,3.937877,0.000861
4,5,8,1,0|0|0|3|1,0|1|2|0|1,0,10,3.936887,0.001068,10,3.937268,0.000663
4,5,8,1,0|0|0|3|2,0|1|2|0|0,0,10,3.929181,0.000614,10,3.929325,0.000699
4,5,8,1,0|0|0|3|0,0|1|2|1|1,0,10,3.929356,0.000367,10,3.929747,0.000997
4,5,8,1,0|0|0|3|1,0|1|2|1|0,0,10,3.923310,0.000826,10,3.922579,0.000965
4,5,8,1,0|0|0|3|0,0|1|2|2|0,0,10,3.883470,0.000626,10,3.883545,0.000750
4,5,8,1,0|0|0|4|0,0|1|2|0|1,0,10,3.925184,0.000981,10,3.924840,0.000486
4,5,8,1,0|0|0|4|1,0|1|2|0|0,0,10,3.918068,0.000849,10,3.917829,0.000727
4,5,8,1,0|0|0|4|0,0|1|2|1|0,0,10,3.880221,0.000667,10,3.880064,0.000649
4,5,8,1,0|0|0|5|0,0|1|2|0|0,0,10,3.874492,0.000657,10,3.874072,0.000734
4,5,8,1,0|0|0|0|0,0|1|3|0|4,0,10,3.917738,0.001066,10,3.916977,0.000787
4,5,8,1,0|0|0|0|1,0|1|3|0|3,0,10,3.918559,0.001484,10,3.919035,0.000840
4,5,8,1,0|0|0|0|2,0|1|3|0|2,0,10,3.917058,0.001424,10,3.917319,0.001254
4,5,8,1,0|0|0|0|3,0|1|3|0|1,0,10,3.914294,0.001292,10,3.914326,0.000675
4,5,8,1,0|0|0|0|4,0|1|3|0|0,0,10,3.908743,0.000981,10,3.908372,0.001225
4,5,8,1,0|0|0|0|0,0|1|3|1|3,0,10,3.937178,0.001118,10,3.936809,0.001330
4,5,8,1,0|0|0|0|1,0|1|3|1|2,0,10,3.938881,0.001252,10,3.937775,0.001262
4,5,8,1,0|0|0|0|2,0|1|3|1|1,0,10,3.936869,0.000857,10,3.936604,0.001259
4,5,8,1,0|0|0|0|3,0|1|3|1|0,0,10,3.931697,0.001109,10,3.932071,0.000861
4,5,8,1,0|0|0|0|0,0|1|3|2|2,0,10,3.937343,0.001177,10,3.937345,0.000874
4,5,8,1,0|0|0|0|1,0|1|3|2|1,0,10,3.938005,0.000731,10,3.938069,0.001077
4,5,8,1,0|0|0|0|2,0|1|3|2|0,0,10,3.931707,0.000606,10,3.930955,0.000948
4,5,8,1,0|0|0|0|0,0|1|3|3|1,0,10,3.927293,0.000926,10,3.926865,0.000510
4,5,8,1,0|0|0|0|1,0|1|3|3|0,0,10,3.920919,0.001065,10,3.921090,0.000923
4,5,8,1,0|0|0|0|0,0|1|3|4|0,0,10,3.876680,0.000674,10,3.876841,0.000677
4,5,8,1,0|0|0|1|0,0|1|3|0|3,0,10,3.933696,0.001478,10,3.933544,0.000868
4,5,8,1,0|0|0|1|1,0|1|3|0|2,0,10,3.933622,0.000990,10,3.934288,0.001127
4,5,8,1,0|0|0|1|2,0|1|3|0|1,0,10,3.930489,0.001382,10,3.930618,0.000881
4,5,8,1,0|0|0|1|3,0|1|3|0|0,0,10,3.924244,0.001130,10,3.924288,0.000871
4,5,8,1,0|0|0|1|0,0|1|3|1|2,0,10,3.936865,0.001069,10,3.936460,0.001072
4,5,8,1,0|0|0|1|1,0|1|3|1|1,0,10,3.936931,0.001206,10,3.936347,0.001373
4,5,8,1,0|0|0|1|2,0|1|3|1|0,0,10,3.930768,0.000978,10,3.930492,0.000889
4,5,8,1,0|0|0|1|0,0|1|3|2|1,0,10,3.927337,0.001036,10,3.927324,0.000775
4,5,8,1,0|0|0|1|1,0|1|3|2|0,0,10,3.920607,0.001121,10,3.921097,0.000584
4,5,8,1,0|0|0|1|0,0|1|3|3|0,0,10,3.878779,0.000837,10,3.878951,0.000452
4,5,8,1,0|0|0|2|0,0|1|3|0|2,0,10,3.930906,0.001445,10,3.930971,0.000762
4,5,8,1,0|0|0|2|1,0|1|3|0|1,0,10,3.929118,0.001246,10,3.930288,0.001081
4,5,8,1,0|0|0|2|2,0|1|3|0|0,0,10,3.920235,0.000741,10,3.920727,0.001171
4,5,8,1,0|0|0|2|0,0|1|3|1|1,0,10,3.924328,0.000829,10,3.923975,0.000822
4,5,8,1,0|0|0|2|1,0|1|3|1|0,0,10,3.916751,0.000802,10,3.916926,0.000494
4,5,8,1,0|0|0|2|0,0|1|3|2|0,0,10,3.875354,0.000650,10,3.875903,0.000515
4,5,8,1,0|0|0|3|0,0|1|3|0|1,0,10,3.917441,0.000537,10,3.917725,0.000499
4,5,8,1,0|0|0|3|1,0|1|3|0|0,0,10,3.908407,0.000562,10,3.908405,0.000659
4,5,8,1,0|0|0|3|0,0|1|3|1|0,0,10,3.870807,0.000649,10,3.871012,0.000717
4,5,8,1,0|0|0|4|0,0|1|3|0|0,0,10,3.861580,0.000628,10,3.861378,0.000787
4,5,8,1,0|0|0|0|0,0|1|4|0|3,0,10,3.905128,0.001480,10,3.905205,0.001076
4,5,8,1,0|0|0|0|1,0|1|4|0|2,0,10,3.906322,0.000738,10,3.907057,0.000867
4,5,8,1,0|0|0|0|2,0|1|4|0|1,0,10,3.902068,0.000788,10,3.902276,0.000981
4,5,8,1,0|0|0|0|3,0|1|4|0|0,0,10,3.890689,0.000751,10,3.890206,0.001139
4,5,8,1,0|0|0|0|0,0|1|4|1|2,0,10,3.926006,0.000815,10,3.925819,0.001534
4,5,8,1,0|0|0|0|1,0|1|4|1|1,0,10,3.924873,0.001102,10,3.924747,0.001218
4,5,8,1,0|0|0|0|2,0|1|4|1|0,0,10,3.916234,0.000841,10,3.915894,0.000666
4,5,8,1,0|0|0|0|0,0|1|4|2|1,0,10,3.915473,0.000754,10,3.915608,0.000820
4,5,8,1,0|0|0|0|1,0|1|4|2|0,0,10,3.908110,0.000806,10,3.908152,0.000777
4,5,8,1,0|0|0|0|0,0|1|4|3|0,0,10,3.859994,0.000683,10,3.860206,0.000676
4,5,8,1,0|0|0|1|0,0|1|4|0|2,0,10,3.918794,0.000753,10,3.918695,0.000928
4,5,8,1,0|0|0|1|1,0|1|4|0|1,0,10,3.916223,0.001164,10,3.915719,0.000737
4,5,8,1,0|0|0|1|2,0|1|4|0|0,0,10,3.904496,0.000579,10,3.904300,0.001337
4,5,8,1,0|0|0|1|0,0|1|4|1|1,0,10,3.914618,0.000593,10,3.914139,0.000820
4,5,8,1,0|0|0|1|1,0|1|4|1|0,0,10,3.905436,0.000653,10,3.905597,0.000920
4,5,8,1,0|0|0|1|0,0|1|4|2|0,0,10,3.860710,0.000622,10,3.861412,0.000722
4,5,8,1,0|0|0|2|0,0|1|4|0|1,0,10,3.904929,0.000470,10,3.904853,0.001058
4,5,8,1,0|0|0|2|1,0|1|4|0|0,0,10,3.891863,0.000496,10,3.891427,0.000523
4,5,8,1,0|0|0|2|0,0|1|4|1|0,0,10,3.854529,0.000542,10,3.854208,0.000600
4,5,8,1,0|0|0|3|0,0|1|4|0|0,0,10,3.840632,0.000446,10,3.840800,0.000470
4,5,8,1,0|0|0|0|0,0|1|5|0|2,0,10,3.878791,0.000863,10,3.878727,0.000478
4,5,8,1,0|0|0|0|1,0|1|5|0|1,0,10,3.877671,0.000969,10,3.877521,0.001270
4,5,8,1,0|0|0|0|2,0|1|5|0|0,0,10,3.857719,0.000884,10,3.857722,0.000638
4,5,8,1,0|0|0|0|0,0|1|5|1|1,0,10,3.891617,0.000482,10,3.891764,0.000863
4,5,8,1,0|0|0|0|1,0|1|5|1|0,0,10,3.879792,0.000778,10,3.879913,0.000891
4,5,8,1,0|0|0|0|0,0|1|5|2|0,0,10,3.829709,0.000426,10,3.829629,0.000527
4,5,8,1,0|0|0|1|0,0|1|5|0|1,0,10,3.879377,0.000663,10,3.879747,0.000684
4,5,8,1,0|0|0|1|1,0|1|5|0|0,0,10,3.862243,0.000580,10,3.861775,0.000554
4,5,8,1,0|0|0|1|0,0|1|5|1|0,0,10,3.827075,0.000497,10,3.826871,0.000523
4,5,8,1,0|0|0|2|0,0|1|5|0|0,0,10,3.806745,0.000396,10,3.806714,0.000481
4,5,8,1,0|0|0|0|0,0|1|6|0|1,0,10,3.811317,0.000879,10,3.811142,0.000869
4,5,8,1,0|0|0|0|1,0|1|6|0|0,0,10,3.787501,0.000523,10,3.787512,0.000609
4,5,8,1,0|0|0|0|0,0|1|6|1|0,0,10,3.767811,0.000264,10,3.767665,0.000461
4,5,8,1,0|0|0|1|0,0|1|6|0|0,0,10,3.744446,0.000531,10,3.744719,0.000571
4,5,8,1,0|0|0|0|0,0|1|7|0|0,0,10,3.576725,0.000799,10,3.576593,0.000298
4,5,8,1,0|0|1|0|0,0|1|0|0|6,0,10,3.920745,0.001447,10,3.921265,0.000960
4,5,8,1,0|0|1|0|1,0|1|0|0|5,0,10,3.922031,0.001310,10,3.921694,0.000945
4,5,8,1,0|0|1|0|2,0|1|0|0|4,0,10,3.922261,0.001115,10,3.922151,0.001155
4,5,8,1,0|0|1|0|3,0|1|0|0|3,0,10,3.920678,0.001860,10,3.920723,0.001033
4,5,8,1,0|0|1|0|4,0|1|0|0|2,0,10,3.920376,0.001043,10,3.920547,0.001239
4,5,8,1,0|0|1|0|5,0|1|0|0|1,0,10,3.918991,0.001314,10,3.919629,0.001245
4,5,8,1,0|0|1|0|6,0|1|0|0|0,0,10,3.917378,0.001354,10,3.917653,0.000709
4,5,8,1,0|0|1|0|0,0|1|0|1|5,0,10,3.942423,0.001789,10,3.942544,0.000705
4,5,8,1,0|0|1|0|1,0|1|0|1|4,0,10,3.943914,0.001534,10,3.942957,0.001049
4,5,8,1,0|0|1|0|2,0|1|0|1|3,0,10,3.942677,0.001238,10,3.943413,0.001231
4,5,8,1,0|0|1|0|3,0|1|0|1|2,0,10,3.942472,0.001062,10,3.942647,0.001683
4,5,8,1,0|0|1|0|4,0|1|0|1|1,0,10,3.941398,0.001177,10,3.941978,0.001245
4,5,8,1,0|0|1|0|5,0|1|0|1|0,0,10,3.940704,0.001641,10,3.940282,0.001012
4,5,8,1,0|0|1|0|0,0|1|0|2|4,0,10,3.946156,0.001691,10,3.945907,0.001401
4,5,8,1,0|0|1|0|1,0|1|0|2|3,0,10,3.946950,0.000991,10,3.946640,0.001473
4,5,8,1,0|0|1|0|2,0|1|0|2|2,0,10,3.946120,0.001133,10,3.946038,0.001198
4,5,8,1,0|0|1|0|3,0|1|0|2|1,0,10,3.945271,0.000946,10,3.944814,0.000815
4,5,8,1,0|0|1|0|4,0|1|0|2|0,0,10,3.942805,0.000686,10,3.944060,0.001347
4,5,8,1,0|0|1|0|0,0|1|0|3|3,0,10,3.945058,0.000969,10,3.945301,0.000928
4,5,8,1,0|0|1|0|1,0|1|0|3|2,0,10,3.946463,0.000933,10,3.945712,0.001402
4,5,8,1,0|0|1|0|2,0|1|0|3|1,0,10,3.945283,0.000918,10,3.944455,0.000860
4,5,8,1,0|0|1|0|3,0|1|0|3|0,0,10,3.941536,0.000945,10,3.941140,0.001420
4,5,8,1,0|0|1|0|0,0|1|0|4|2,0,10,3.941177,0.001262,10,3.942159,0.001252
4,5,8,1,0|0|1|0|1,0|1|0|4|1,0,10,3.941686,0.000972,10,3.941533,0.001059
4,5,8,1,0|0|1|0|2,0|1|0|4|0,0,10,3.935942,0.000941,10,3.935836,0.000815
4,5,8,1,0|0|1|0|0,0|1|0|5|1,0,10,3.928425,0.000834,10,3.928326,0.000860
4,5,8,1,0|0|1|0|1,0|1|0|5|0,0,10,3.922141,0.000683,10,3.922300,0.000879
4,5,8,1,0|0|1|0|0,0|1|0|6|0,0,10,3.873821,0.000722,10,3.873633,0.000500
4,5,8,1,0|0|1|1|0,0|1|0|0|5,0,10,3.938590,0.001444,10,3.939529,0.000952
4,5,8,1,0|0|1|1|1,0|1|0|0|4,0,10,3.938665,0.001564,10,3.939223,0.001300
4,5,8,1,0|0|1|1|2,0|1|0|0|3,0,10,3.939127,0.001185,10,3.938485,0.001557
4,5,8,1,0|0|1|1|3,0|1|0|0|2,0,10,3.938047,0.000883,10,3.937617,0.001069
4,5,8,1,0|0|1|1|4,0|1|0|0|1,0,10,3.936765,0.001341,10,3.936396,0.001529
4,5,8,1,0|0|1|1|5,0|1|0|0|0,0,10,3.934328,0.000953,10,3.934061,0.001273
4,5,8,1,0|0|1|1|0,0|1|0|1|4,0,10,3.945642,0.001219,10,3.945055,0.001027
4,5,8,1,0|0|1|1|1,0|1|0|1|3,0,10,3.945973,0.001450,10,3.946014,0.000902
4,5,8,1,0|0|1|1|2,0|1|0|1|2,0,10,3.945522,0.001187,10,3.944991,0.001562
4,5,8,1,0|0|1|1|3,0|1|0|1|1,0,10,3.943792,0.001172,10,3.943677,0.001212
4,5,8,1,0|0|1|1|4,0|1|0|1|0,0,10,3.942329,0.001284,10,3.942058,0.000840
4,5,8,1,0|0|1|1|0,0|1|0|2|3,0,10,3.945237,0.001655,10,3.945168,0.000986
4,5,8,1,0|0|1|1|1,0|1|0|2|2,0,10,3.945862,0.000886,10,3.945310,0.000946
4,5,8,1,0|0|1|1|2,0|1|0|2|1,0,10,3.944524,0.000587,10,3.944487,0.000618
4,5,8,1,0|0|1|1|3,0|1|0|2|0,0,10,3.940986,0.000802,10,3.940672,0.000682
4,5,8,1,0|0|1|1|0,0|1|0|3|2,0,10,3.941016,0.000981,10,3.941635,0.000835
4,5,8,1,0|0|1|1|1,0|1|0|3|1,0,10,3.941000,0.001313,10,3.940974,0.001161
4,5,8,1,0|0|1|1|2,0|1|0|3|0,0,10,3.936093,0.000710,10,3.936290,0.000579
4,5,8,1,0|0|1|1|0,0|1|0|4|1,0,10,3.928134,0.000779,10,3.928578,0.000406
4,5,8,1,0|0|1|1|1,0|1|0|4|0,0,10,3.922087,0.000509,10,3.922134,0.000666
4,5,8,1,0|0|1|1|0,0|1|0|5|0,0,10,3.874853,0.000783,10,3.874421,0.000736
4,5,8,1,0|0|1|2|0,0|1|0|0|4,0,10,3.942450,0.001350,10,3.941530,0.000728
4,5,8,1,0|0|1|2|1,0|1|0|0|3,0,10,3.942139,0.001363,10,3.942855,0.001086
4,5,8,1,0|0|1|2|2,0|1|0|0|2,0,10,3.940740,0.001048,10,3.941185,0.001182
4,5,8,1,0|0|1|2|3,0|1|0|0|1,0,10,3.938952,0.001129,10,3.938831,0.001639
4,5,8,1,0|0|1|2|4,0|1|0|0|0,0,10,3.935420,0.001064,10,3.935449,0.001297
4,5,8,1,0|0|1|2|0,0|1|0|1|3,0,10,3.943615,0.000870,10,3.943260,0.000966
4,5,8,1,0|0|1|2|1,0|1|0|1|2,0,10,3.943884,0.001251,10,3.943956,0.001631
4,5,8,1,0|0|1|2|2,0|1|0|1|1,0,10,3.942787,0.001282,10,3.941506,0.001094
4,5,8,1,0|0|1|2|3,0|1|0|1|0,0,10,3.937881,0.000842,10,3.938215,0.000941
4,5,8,1,0|0|1|2|0,0|1|0|2|2,0,10,3.939956,0.001233,10,3.940745,0.001020
4,5,8,1,0|0|1|2|1,0|1|0|2|1,0,10,3.939238,0.001159,10,3.939533,0.001155
4,5,8,1,0|0|1|2|2,0|1|0|2|0,0,10,3.933663,0.000982,10,3.933615,0.000748
4,5,8,1,0|0|1|2|0,0|1|0|3|1,0,10,3.926441,0.000622,10,3.926430,0.000987
4,5,8,1,0|0|1|2|1,0|1|0|3|0,0,10,3.920240,0.000538,10,3.920585,0.001053
4,5,8,1,0|0|1|2|0,0|1|0|4|0,0,10,3.873846,0.000766,10,3.873471,0.000520
4,5,8,1,0|0|1|3|0,0|1|0|0|3,0,10,3.940319,0.000913,10,3.940872,0.001201
4,5,8,1,0|0|1|3|1,0|1|0|0|2,0,10,3.941231,0.001171,10,3.941371,0.000807
4,5,8,1,0|0|1|3|2,0|1|0|0|1,0,10,3.937337,0.001339,10,3.937941,0.000570
4,5,8,1,0|0|1|3|3,0|1|0|0|0,0,10,3.932657,0.000863,10,3.932569,0.001098
4,5,8,1,0|0|1|3|0,0|1|0|1|2,0,10,3.938380,0.000936,10,3.938625,0.000482
4,5,8,1,0|0|1|3|1,0|1|0|1|1,0,10,3.937265,0.001141,10,3.937611,0.001034
4,5,8,1,0|0|1|3|2,0|1|0|1|0,0,10,3.930832,0.001099,10,3.931333,0.000975
4,5,8,1,0|0|1|3|0,0|1|0|2|1,0,10,3.925354,0.000599,10,3.924685,0.001117
4,5,8,1,0|0|1|3|1,0|1|0|2|0,0,10,3.918042,0.000788,10,3.918498,0.000899
4,5,8,1,0|0|1|3|0,0|1|0|3|0,0,10,3.872010,0.000612,10,3.872077,0.000581
4,5,8,1,0|0|1|4|0,0|1|0|0|2,0,10,3.935096,0.001053,10,3.935621,0.000887
4,5,8,1,0|0|1|4|1,0|1|0|0|1,0,10,3.935067,0.000743,10,3.934992,0.000984
4,5,8,1,0|0|1|4|2,0|1|0|0|0,0,10,3.926505,0.000816,10,3.926575,0.001161
4,5,8,1,0|0|1|4|0,0|1|0|1|1,0,10,3.923242,0.000661,10,3.923699,0.001276
4,5,8,1,0|0|1|4|1,0|1|0|1|0,0,10,3.916164,0.000821,10,3.915976,0.000840
4,5,8,1,0|0|1|4|0,0|1|0|2|0,0,10,3.870432,0.000509,10,3.870171,0.000631
4,5,8,1,0|0|1|5|0,0|1|0|0|1,0,10,3.920199,0.000985,10,3.920438,0.000857
4,5,8,1,0|0|1|5|1,0|1|0|0|0,0,10,3.912218,0.000392,10,3.912303,0.000777
4,5,8,1,0|0|1|5|0,0|1|0|1|0,0,10,3.867365,0.000782,10,3.867860,0.000647
4,5,8,1,0|0|1|6|0,0|1|0|0|0,0,10,3.863516,0.000555,10,3.863563,0.000571
4,5,8,1,0|0|1|0|0,0|1|1|0|5,0,10,3.923578,0.000997,10,3.923132,0.000998
4,5,8,1,0|0|1|0|1,0|1|1|0|4,0,10,3.924414,0.001273,10,3.923580,0.000914
4,5,8,1,0|0|1|0|2,0|1|1|0|3,0,10,3.923879,0.001303,10,3.924096,0.000824
4,5,8,1,0|0|1|0|3,0|1|1|0|2,0,10,3.921946,0.000982,10,3.922681,0.001020
4,5,8,1,0|0|1|0|4,0|1|1|0|1,0,10,3.920526,0.001773,10,3.920943,0.001337
4,5,8,1,0|0|1|0|5,0|1|1|0|0,0,10,3.917439,0.001036,10,3.917862,0.001048
4,5,8,1,0|0|1|0|0,0|1|1|1|4,0,10,3.942041,0.001299,10,3.942458,0.001186
4,5,8,1,0|0|1|0|1,0|1|1|1|3,0,10,3.943510,0.001432,10,3.942745,0.000652
4,5,8,1,0|0|1|0|2,0|1|1|1|2,0,10,3.942287,0.001224,10,3.941821,0.001160
4,5,8,1,0|0|1|0|3,0|1|1|1|1,0,10,3.940407,0.001128,10,3.941783,0.001342
4,5,8,1,0|0|1|0|4,0|1|1|1|0,0,10,3.938834,0.000950,10,3.939257,0.001071
4,5,8,1,0|0|1|0|0,0|1|1|2|3,0,10,3.944533,0.001124,10,3.944928,0.001106
4,5,8,1,0|0|1|0|1,0|1|1|2|2,0,10,3.946121,0.001090,10,3.944892,0.001032
4,5,8,1,0|0|1|0|2,0|1|1|2|1,0,10,3.943832,0.001478,10,3.944060,0.000740
4,5,8,1,0|0|1|0|3,0|1|1|2|0,0,10,3.940783,0.000872,10,3.940780,0.001288
4,5,8,1,0|0|1|0|0,0|1|1|3|2,0,10,3.942706,0.001273,10,3.941807,0.000876
4,5,8,1,0|0|1|0|1,0|1|1|3|1,0,10,3.942294,0.001102,10,3.942509,0.000710
4,5,8,1,0|0|1|0|2,0|1|1|3|0,0,10,3.937330,0.001031,10,3.936672,0.000972
4,5,8,1,0|0|1|0|0,0|1|1|4|1,0,10,3.932235,0.000958,10,3.931750,0.000850
4,5,8,1,0|0|1|0|1,0|1|1|4|0,0,10,3.926276,0.001041,10,3.926147,0.001095
4,5,8,1,0|0|1|0|0,0|1|1|5|0,0,10,3.884689,0.000572,10,3.884421,0.000975
4,5,8,1,0|0|1|1|0,0|1|1|0|4,0,10,3.939521,0.000891,10,3.938580,0.001022
4,5,8,1,0|0|1|1|1,0|1|1|0|3,0,10,3.939096,0.000945,10,3.938621,0.001446
4,5,8,1,0|0|1|1|2,0|1|1|0|2,0,10,3.938744,0.001469,10,3.937551,0.001392
4,5,8,1,0|0|1|1|3,0|1|1|0|1,0,10,3.936344,0.000753,10,3.935899,0.000848
4,5,8,1,0|0|1|1|4,0|1|1|0|0,0,10,3.932480,0.001170,10,3.932374,0.000891
4,5,8,1,0|0|1|1|0,0|1|1|1|3,0,10,3.944735,0.000942,10,3.944539,0.001198
4,5,8,1,0|0|1|1|1,0|1|1|1|2,0,10,3.944303,0.001098,10,3.944687,0.001240
4,5,8,1,0|0|1|1|2,0|1|1|1|1,0,10,3.942696,0.000979,10,3.942994,0.000790
4,5,8,1,0|0|1|1|3,0|1|1|1|0,0,10,3.939798,0.000888,10,3.939522,0.001064
4,5,8,1,0|0|1|1|0,0|1|1|2|2,0,10,3.942258,0.001018,10,3.942486,0.001578
4,5,8,1,0|0|1|1|1,0|1|1|2|1,0,10,3.942255,0.001283,10,3.941576,0.000804
4,5,8,1,0|0|1|1|2,0|1|1|2|0,0,10,3.936823,0.000566,10,3.936550,0.000953
4,5,8,1,0|0|1|1|0,0|1|1|3|1,0,10,3.931815,0.000908,10,3.931935,0.000893
4,5,8,1,0|0|1|1|1,0|1|1|3|0,0,10,3.925607,0.000865,10,3.925833,0.001007
4,5,8,1,0|0|1|1|0,0|1|1|4|0,0,10,3.886106,0.000587,10,3.885822,0.000715
4,5,8,1,0|0|1|2|0,0|1|1|0|3,0,10,3.940053,0.001441,10,3.940273,0.000769
4,5,8,1,0|0|1|2|1,0|1|1|0|2,0,10,3.939763,0.001149,10,3.940339,0.000972
4,5,8,1,0|0|1|2|2,0|1|1|0|1,0,10,3.937335,0.001662,10,3.937036,0.001419
4,5,8,1,0|0|1|2|3,0|1|1|0|0,0,10,3.931892,0.001177,10,3.931612,0.000832
4,5,8,1,0|0|1|2|0,0|1|1|1|2,0,10,3.940556,0.001084,10,3.940640,0.001370
4,5,8,1,0|0|1|2|1,0|1|1|1|1,0,10,3.939319,0.001362,10,3.939866,0.000875
4,5,8,1,0|0|1|2|2,0|1|1|1|0,0,10,3.933420,0.001114,10,3.933513,0.000828
4,5,8,1,0|0|1|2|0,0|1|1|2|1,0,10,3.930129,0.000739,10,3.929794,0.000777
4,5,8,1,0|0|1|2|1,0|1|1|2|0,0,10,3.923400,0.000726,10,3.923675,0.000734
4,5,8,1,0|0|1|2|0,0|1|1|3|0,0,10,3.884238,0.000962,10,3.884018,0.000429
4,5,8,1,0|0|1|3|0,0|1|1|0|2,0,10,3.936362,0.001213,10,3.935317,0.001059
4,5,8,1,0|0|1|3|1,0|1|1|0|1,0,10,3.935245,0.000798,10,3.935155,0.001282
4,5,8,1,0|0|1|3|2,0|1|1|0|0,0,10,3.926661,0.000726,10,3.926835,0.000844
4,5,8,1,0|0|1|3|0,0|1|1|1|1,0,10,3.927202,0.001076,10,3.927236,0.000909
4,5,8,1,0|0|1|3|1,0|1|1|1|0,0,10,3.920335,0.000702,10,3.920662,0.001111
4,5,8,1,0|0|1|3|0,0|1|1|2|0,0,10,3.881658,0.000612,10,3.881490,0.000780
4,5,8,1,0|0|1|4|0,0|1|1|0|1,0,10,3.923302,0.000491,10,3.922831,0.000631
4,5,8,1,0|0|1|4|1,0|1|1|0|0,0,10,3.914999,0.000852,10,3.914873,0.000883
4,5,8,1,0|0|1|4|0,0|1|1|1|0,0,10,3.877989,0.000749,10,3.878206,0.000638
4,5,8,1,0|0|1|5|0,0|1|1|0|0,0,10,3.871954,0.000666,10,3.871964,0.000830
4,5,8,1,0|0|1|0|0,0|1|2|0|4,0,10,3.917624,0.001160,10,3.917720,0.000859
4,5,8,1,0|0|1|0|1,0|1|2|0|3,0,10,3.919423,0.001336,10,3.919281,0.001545
4,5,8,1,0|0|1|0|2,0|1|2|0|2,0,10,3.917291,0.001134,10,3.917990,0.000772
4,5,8,1,0|0|1|0|3,0|1|2|0|1,0,10,3.914119,0.001124,10,3.913698,0.001147
4,5,8,1,0|0|1|0|4,0|1|2|0|0,0,10,3.908424,0.000746,10,3.907594,0.001091
4,5,8,1,0|0|1|0|0,0|1|2|1|3,0,10,3.937415,0.000654,10,3.936582,0.000986
4,5,8,1,0|0|1|0|1,0|1|2|1|2,0,10,3.936936,0.001803,10,3.937900,0.001483
4,5,8,1,0|0|1|0|2,0|1|2|1|1,0,10,3.935640,0.000734,10,3.935993,0.000996
4,5,8,1,0|0|1|0|3,0|1|2|1|0,0,10,3.930972,0.001157,10,3.930713,0.001063
4,5,8,1,0|0|1|0|0,0|1|2|2|2,0,10,3.937350,0.001081,10,3.936377,0.001005
4,5,8,1,0|0|1|0|1,0|1|2|2|1,0,10,3.936312,0.001008,10,3.936569,0.001330
4,5,8,1,0|0|1|0|2,0|1|2|2|0,0,10,3.929938,0.000957,10,3.930823,0.000698
4,5,8,1,0|0|1|0|0,0|1|2|3|1,0,10,3.926458,0.000847,10,3.926421,0.000737
4,5,8,1,0|0|1|0|1,0|1|2|3|0,0,10,3.919527,0.001197,10,3.920078,0.001021
4,5,8,1,0|0|1|0|0,0|1|2|4|0,0,10,3.876469,0.000574,10,3.876305,0.000581
4,5,8,1,0|0|1|1|0,0|1|2|0|3,0,10,3.932084,0.001466,10,3.932172,0.001336
4,5,8,1,0|0|1|1|1,0|1|2|0|2,0,10,3.931201,0.001058,10,3.931683,0.001086
4,5,8,1,0|0|1|1|2,0|1|2|0|1,0,10,3.928879,0.001375,10,3.928433,0.000551
4,5,8,1,0|0|1|1|3,0|1|2|0|0,0,10,3.921492,0.001354,10,3.922057,0.000893
4,5,8,1,0|0|1|1|0,0|1|2|1|2,0,10,3.935942,0.000676,10,3.936119,0.001369
4,5,8,1,0|0|1|1|1,0|1|2|1|1,0,10,3.935251,0.001273,10,3.934976,0.000533
4,5,8,1,0|0|1|1|2,0|1|2|1|0,0,10,3.927853,0.000519,10,3.928338,0.000582
4,5,8,1,0|0|1|1|0,0|1|2|2|1,0,10,3.925665,0.000741,10,3.925827,0.000820
4,5,8,1,0|0|1|1|1,0|1|2|2|0,0,10,3.919025,0.000568,10,3.919073,0.000781
4,5,8,1,0|0|1|1|0,0|1|2|3|0,0,10,3.877659,0.000726,10,3.877356,0.000572
4,5,8,1,0|0|1|2|0,0|1|2|0|2,0,10,3.929942,0.000370,10,3.929652,0.000621
4,5,8,1,0|0|1|2|1,0|1|2|0|1,0,10,3.927814,0.000707,10,3.928157,0.001467
4,5,8,1,0|0|1|2|2,0|1|2|0|0,0,10,3.917942,0.000423,10,3.918160,0.000698
4,5,8,1,0|0|1|2|0,0|1|2|1|1,0,10,3.921870,0.001049,10,3.922565,0.000717
4,5,8,1,0|0|1|2|1,0|1|2|1|0,0,10,3.914195,0.000763,10,3.914230,0.000757
4,5,8,1,0|0|1|2|0,0|1|2|2|0,0,10,3.874047,0.000518,10,3.874037,0.000641
4,5,8,1,0|0|1|3|0,0|1|2|0|1,0,10,3.915140,0.000776,10,3.915556,0.000909
4,5,8,1,0|0|1|3|1,0|1|2|0|0,0,10,3.905377,0.001239,10,3.905616,0.000526
4,5,8,1,0|0|1|3|0,0|1|2|1|0,0,10,3.869591,0.001049,10,3.869270,0.000539
4,5,8,1,0|0|1|4|0,0|1|2|0|0,0,10,3.859575,0.000974,10,3.859820,0.000769
4,5,8,1,0|0|1|0|0,0|1|3|0|3,0,10,3.905346,0.001108,10,3.905813,0.001206
4,5,8,1,0|0|1|0|1,0|1|3|0|2,0,10,3.906536,0.000991,10,3.906763,0.001227
4,5,8,1,0|0|1|0|2,0|1|3|0|1,0,10,3.901223,0.000897,10,3.900828,0.000987
4,5,8,1,0|0|1|0|3,0|1|3|0|0,0,10,3.890030,0.000614,10,3.890350,0.000552
4,5,8,1,0|0|1|0|0,0|1|3|1|2,0,10,3.924163,0.000912,10,3.924568,0.000671
4,5,8,1,0|0|1|0|1,0|1|3|1|1,0,10,3.923842,0.001133,10,3.924281,0.001026
4,5,8,1,0|0|1|0|2,0|1|3|1|0,0,10,3.914959,0.000802,10,3.914528,0.000806
4,5,8,1,0|0|1|0|0,0|1|3|2|1,0,10,3.914753,0.001180,10,3.914393,0.000889
4,5,8,1,0|0|1|0|1,0|1|3|2|0,0,10,3.906224,0.000617,10,3.906216,0.000912
4,5,8,1,0|0|1|0|0,0|1|3|3|0,0,10,3.859536,0.000504,10,3.859454,0.000712
4,5,8,1,0|0|1|1|0,0|1|3|0|2,0,10,3.917054,0.000989,10,3.916763,0.001128
4,5,8,1,0|0|1|1|1,0|1|3|0|1,0,10,3.913944,0.001164,10,3.913130,0.000881
4,5,8,1,0|0|1|1|2,0|1|3|0|0,0,10,3.900891,0.000542,10,3.900855,0.000553
4,5,8,1,0|0|1|1|0,0|1|3|1|1,0,10,3.912170,0.000670,10,3.912056,0.000620
4,5,8,1,0|0|1|1|1,0|1|3|1|0,0,10,3.902319,0.000384,10,3.902302,0.000719
4,5,8,1,0|0|1|1|0,0|1|3|2|0,0,10,3.859593,0.000604,10,3.859154,0.000476
4,5,8,1,0|0|1|2|0,0|1|3|0|1,0,10,3.901795,0.001000,10,3.901798,0.000607
4,5,8,1,0|0|1|2|1,0|1|3|0|0,0,10,3.888364,0.000642,10,3.888308,0.000470
4,5,8,1,0|0|1|2|0,0|1|3|1|0,0,10,3.852445,0.000664,10,3.852861,0.000436
4,5,8,1,0|0|1|3|0,0|1|3|0|0,0,10,3.838456,0.000660,10,3.838533,0.000578
4,5,8,1,0|0|1|0|0,0|1|4|0|2,0,10,3.878983,0.000715,10,3.878997,0.000500
4,5,8,1,0|0|1|0|1,0|1|4|0|1,0,10,3.875947,0.000980,10,3.876430,0.000735
4,5,8,1,0|0|1|0|2,0|1|4|0|0,0,10,3.856578,0.000902,10,3.856286,0.000719
4,5,8,1,0|0|1|0|0,0|1|4|1|1,0,10,3.889810,0.000672,10,3.889676,0.000627
4,5,8,1,0|0|1|0|1,0|1|4|1|0,0,10,3.877727,0.000822,10,3.877345,0.000660
4,5,8,1,0|0|1|0|0,0|1|4|2|0,0,10,3.828838,0.000409,10,3.828717,0.000549
4,5,8,1,0|0|1|1|0,0|1|4|0|1,0,10,3.875905,0.000264,10,3.876215,0.000546
4,5,8,1,0|0|1|1|1,0|1|4|0|0,0,10,3.857580,0.000926,10,3.857807,0.000597
4,5,8,1,0|0|1|1|0,0|1|4|1|0,0,10,3.824403,0.000384,10,3.824226,0.000573
4,5,8,1,0|0|1|2|0,0|1|4|0|0,0,10,3.804366,0.000600,10,3.804165,0.000434
4,5,8,1,0|0|1|0|0,0|1|5|0|1,0,10,3.810938,0.000334,10,3.811084,0.000295
4,5,8,1,0|0|1|0|1,0|1|5|0|0,0,10,3.786242,0.000655,10,3.786012,0.000415
4,5,8,1,0|0|1|0|0,0|1|5|1|0,0,10,3.767158,0.000455,10,3.767170,0.000748
4,5,8,1,0|0|1|1|0,0|1|5|0|0,0,10,3.741836,0.000392,10,3.741719,0.000581
4,5,8,1,0|0|1|0|0,0|1|6|0|0,0,10,3.582179,0.000471,10,3.582026,0.000439
4,5,8,1,0|0|2|0|0,0|1|0|0|5,0,10,3.921696,0.001030,10,3.921965,0.001037
4,5,8,1,0|0|2|0|1,0|1|0|0|4,0,10,3.922133,0.001358,10,3.922800,0.001498
4,5,8,1,0|0|2|0|2,0|1|0|0|3,0,10,3.922197,0.001094,10,3.921892,0.001044
4,5,8,1,0|0|2|0|3,0|1|0|0|2,0,10,3.920946,0.001517,10,3.920918,0.000978
4,5,8,1,0|0|2|0|4,0|1|0|0|1,0,10,3.918788,0.001029,10,3.918522,0.001299
4,5,8,1,0|0|2|0|5,0|1|0|0|0,0,10,3.914577,0.001302,10,3.914792,0.001274
4,5,8,1,0|0|2|0|0,0|1|0|1|4,0,10,3.941536,0.000850,10,3.941256,0.000969
4,5,8,1,0|0|2|0|1,0|1|0|1|3,0,10,3.942085,0.001039,10,3.941803,0.001364
4,5,8,1,0|0|2|0|2,0|1|0|1|2,0,10,3.941579,0.001233,10,3.942164,0.001416
4,5,8,1,0|0|2|0|3,0|1|0|1|1,0,10,3.939804,0.000806,10,3.939905,0.001417
4,5,8,1,0|0|2|0|4,0|1|0|1|0,0,10,3.936634,0.001195,10,3.936919,0.001255
4,5,8,1,0|0|2|0|0,0|1|0|2|3,0,10,3.943461,0.001451,10,3.943848,0.000892
4,5,8,1,0|0|2|0|1,0|1|0|2|2,0,10,3.944765,0.001183,10,3.945057,0.000933
4,5,8,1,0|0|2|0|2,0|1|0|2|1,0,10,3.942272,0.000884,10,3.942415,0.001011
4,5,8,1,0|0|2|0|3,0|1|0|2|0,0,10,3.938596,0.001287,10,3.938242,0.000680
4,5,8,1,0|0|2|0|0,0|1|0|3|2,0,10,3.940527,0.001002,10,3.941379,0.000843
4,5,8,1,0|0|2|0|1,0|1|0|3|1,0,10,3.941380,0.000490,10,3.941051,0.000933
4,5,8,1,0|0|2|0|2,0|1|0|3|0,0,10,3.935269,0.001117,10,3.934780,0.000981
4,5,8,1,0|0|2|0|0,0|1|0|4|1,0,10,3.929230,0.001278,10,3.930044,0.000921
4,5,8,1,0|0|2|0|1,0|1|0|4|0,0,10,3.923145,0.000742,10,3.923545,0.001004
4,5,8,1,0|0|2|0|0,0|1|0|5|0,0,10,3.880570,0.001110,10,3.880841,0.000966
4,5,8,1,0|0|2|1|0,0|1|0|0|4,0,10,3.937472,0.001353,10,3.937105,0.000827
4,5,8,1,0|0|2|1|1,0|1|0|0|3,0,10,3.937927,0.001426,10,3.937382,0.001457
4,5,8,1,0|0|2|1|2,0|1|0|0|2,0,10,3.935999,0.001008,10,3.935865,0.001446
4,5,8,1,0|0|2|1|3,0|1|0|0|1,0,10,3.933654,0.000976,10,3.933621,0.001507
4,5,8,1,0|0|2|1|4,0|1|0|0|0,0,10,3.929568,0.000921,10,3.929804,0.001289
4,5,8,1,0|0|2|1|0,0|1|0|1|3,0,10,3.943499,0.001220,10,3.943149,0.000860
4,5,8,1,0|0|2|1|1,0|1|0|1|2,0,10,3.942734,0.001085,10,3.943374,0.000808
4,5,8,1,0|0|2|1|2,0|1|0|1|1,0,10,3.940168,0.001740,10,3.941066,0.000949
4,5,8,1,0|0|2|1|3,0|1|0|1|0,0,10,3.937342,0.000712,10,3.937123,0.000976
4,5,8,1,0|0|2|1|0,0|1|0|2|2,0,10,3.940240,0.001005,10,3.940923,0.000857
4,5,8,1,0|0|2|1|1,0|1|0|2|1,0,10,3.939784,0.001555,10,3.939934,0.001052
4,5,8,1,0|0|2|1|2,0|1|0|2|0,0,10,3.934833,0.001145,10,3.934305,0.000985
4,5,8,1,0|0|2|1|0,0|1|0|3|1,0,10,3.929543,0.000985,10,3.929494,0.000895
4,5,8,1,0|0|2|1|1,0|1|0|3|0,0,10,3.923507,0.000890,10,3.922763,0.000942
4,5,8,1,0|0|2|1|0,0|1|0|4|0,0,10,3.881539,0.000589,10,3.881533,0.000619
4,5,8,1,0|0|2|2|0,0|1|0|0|3,0,10,3.937580,0.000839,10,3.937838,0.000839
4,5,8,1,0|0|2|2|1,0|1|0|0|2,0,10,3.937947,0.000953,10,3.937631,0.000537
4,5,8,1,0|0|2|2|2,0|1|0|0|1,0,10,3.934424,0.000563,10,3.934537,0.000941
4,5,8,1,0|0|2|2|3,0|1|0|0|0,0,10,3.927937,0.001310,10,3.928255,0.001850
4,5,8,1,0|0|2|2|0,0|1|0|1|2,0,10,3.937994,0.001084,10,3.937385,0.000865
4,5,8,1,0|0|2|2|1,0|1|0|1|1,0,10,3.936962,0.000920,10,3.936951,0.000883
4,5,8,1,0|0|2|2|2,0|1|0|1|0,0,10,3.930613,0.000908,10,3.930563,0.000628
4,5,8,1,0|0|2|2|0,0|1|0|2|1,0,10,3.926685,0.001360,10,3.926846,0.000390
4,5,8,1,0|0|2|2|1,0|1|0|2|0,0,10,3.920067,0.000700,10,3.920206,0.000802
4,5,8,1,0|0|2|2|0,0|1|0|3|0,0,10,3.879779,0.000647,10,3.879131,0.000809
4,5,8,1,0|0|2|3|0,0|1|0|0|2,0,10,3.932500,0.000951,10,3.932642,0.001061
4,5,8,1,0|0|2|3|1,0|1|0|0|1,0,10,3.931796,0.000905,10,3.931734,0.000526
4,5,8,1,0|0|2|3|2,0|1|0|0|0,0,10,3.922264,0.001041,10,3.922162,0.000805
4,5,8,1,0|0|2|3|0,0|1|0|1|1,0,10,3.923546,0.000997,10,3.923826,0.000850
4,5,8,1,0|0|2|3|1,0|1|0|1|0,0,10,3.916672,0.000868,10,3.916186,0.001037
4,5,8,1,0|0|2|3|0,0|1|0|2|0,0,10,3.876404,0.000439,10,3.876493,0.000641
4,5,8,1,0|0|2|4|0,0|1|0|0|1,0,10,3.918751,0.000441,10,3.918974,0.000796
4,5,8,1,0|0|2|4|1,0|1|0|0|0,0,10,3.909669,0.000948,10,3.909683,0.000627
4,5,8,1,0|0|2|4|0,0|1|0|1|0,0,10,3.872247,0.000669,10,3.872084,0.000678
4,5,8,1,0|0|2|5|0,0|1|0|0|0,0,10,3.864417,0.000582,10,3.864681,0.000673
4,5,8,1,0|0|2|0|0,0|1|1|0|4,0,10,3.917090,0.000985,10,3.916643,0.001342
4,5,8,1,0|0|2|0|1,0|1|1|0|3,0,10,3.918598,0.001293,10,3.917599,0.001238
4,5,8,1,0|0|2|0|2,0|1|1|0|2,0,10,3.916193,0.000693,10,3.915676,0.001444
4,5,8,1,0|0|2|0|3,0|1|1|0|1,0,10,3.912930,0.001190,10,3.913210,0.001188
4,5,8,1,0|0|2|0|4,0|1|1|0|0,0,10,3.906436,0.000702,10,3.906116,0.000475
4,5,8,1,0|0|2|0|0,0|1|1|1|3,0,10,3.936724,0.000849,10,3.936738,0.001241
4,5,8,1,0|0|2|0|1,0|1|1|1|2,0,10,3.937202,0.001228,10,3.936628,0.001405
4,5,8,1,0|0|2|0|2,0|1|1|1|1,0,10,3.934271,0.001325,10,3.934592,0.000691
4,5,8,1,0|0|2|0|3,0|1|1|1|0,0,10,3.929324,0.000709,10,3.929909,0.000883
4,5,8,1,0|0|2|0|0,0|1|1|2|2,0,10,3.935482,0.001007,10,3.936286,0.001388
4,5,8,1,0|0|2|0|1,0|1|1|2|1,0,10,3.935452,0.000491,10,3.935575,0.000822
4,5,8,1,0|0|2|0|2,0|1|1|2|0,0,10,3.928702,0.000578,10,3.928539,0.001191
4,5,8,1,0|0|2|0|0,0|1|1|3|1,0,10,3.925026,0.000757,10,3.924922,0.001074
4,5,8,1,0|0|2|0|1,0|1|1|3|0,0,10,3.918212,0.000847,10,3.918306,0.000921
4,5,8,1,0|0|2|0|0,0|1|1|4|0,0,10,3.874493,0.000639,10,3.874307,0.000516
4,5,8,1,0|0|2|1|0,0|1|1|0|3,0,10,3.931010,0.001233,10,3.931570,0.000969
4,5,8,1,0|0|2|1|1,0|1|1|0|2,0,10,3.930393,0.001176,10,3.930207,0.001623
4,5,8,1,0|0|2|1|2,0|1|1|0|1,0,10,3.927413,0.000833,10,3.927092,0.001180
4,5,8,1,0|0|2|1|3,0|1|1|0|0,0,10,3.919564,0.000883,10,3.919148,0.001021
4,5,8,1,0|0|2|1|0,0|1|1|1|2,0,10,3.934361,0.000920,10,3.934881,0.001178
4,5,8,1,0|0|2|1|1,0|1|1|1|1,0,10,3.933772,0.001158,10,3.933578,0.001286
4,5,8,1,0|0|2|1|2,0|1|1|1|0,0,10,3.926566,0.000768,10,3.926451,0.000805
4,5,8,1,0|0|2|1|0,0|1|1|2|1,0,10,3.924456,0.001019,10,3.924188,0.000834
4,5,8,1,0|0|2|1|1,0|1|1|2|0,0,10,3.917039,0.000670,10,3.917131,0.000901
4,5,8,1,0|0|2|1|0,0|1|1|3|0,0,10,3.875031,0.000940,10,3.875647,0.000506
4,5,8,1,0|0|2|2|0,0|1|1|0|2,0,10,3.927887,0.000972,10,3.928322,0.001099
4,5,8,1,0|0|2|2|1,0|1|1|0|1,0,10,3.925622,0.000747,10,3.925118,0.000893
4,5,8,1,0|0|2|2|2,0|1|1|0|0,0,10,3.914866,0.000537,10,3.915372,0.000630
4,5,8,1,0|0|2|2|0,0|1|1|1|1,0,10,3.919730,0.001041,10,3.919977,0.001137
4,5,8,1,0|0|2|2|1,0|1|1|1|0,0,10,3.911962,0.000493,10,3.911877,0.000656
4,5,8,1,0|0|2|2|0,0|1|1|2|0,0,10,3.871363,0.000732,10,3.871566,0.000431
4,5,8,1,0|0|2|3|0,0|1|1|0|1,0,10,3.912779,0.001025,10,3.912893,0.000547
4,5,8,1,0|0|2|3|1,0|1|1|0|0,0,10,3.901847,0.000736,10,3.901752,0.000715
4,5,8,1,0|0|2|3|0,0|1|1|1|0,0,10,3.866232,0.000486,10,3.866170,0.000450
4,5,8,1,0|0|2|4|0,0|1|1|0|0,0,10,3.855627,0.000783,10,3.855616,0.000637
4,5,8,1,0|0|2|0|0,0|1|2|0|3,0,10,3.904202,0.001161,10,3.905091,0.000978
4,5,8,1,0|0|2|0|1,0|1|2|0|2,0,10,3.905845,0.000883,10,3.905081,0.001350
4,5,8,1,0|0|2|0|2,0|1|2|0|1,0,10,3.900027,0.000981,10,3.900528,0.000842
4,5,8,1,0|0|2|0|3,0|1|2|0|0,0,10,3.887874,0.001648,10,3.888295,0.000963
4,5,8,1,0|0|2|0|0,0|1|2|1|2,0,10,3.923343,0.000864,10,3.923274,0.000540
4,5,8,1,0|0|2|0|1,0|1|2|1|1,0,10,3.923245,0.000936,10,3.922281,0.000818
4,5,8,1,0|0|2|0|2,0|1|2|1|0,0,10,3.913623,0.000760,10,3.912749,0.000998
4,5,8,1,0|0|2|0|0,0|1|2|2|1,0,10,3.913320,0.001121,10,3.913450,0.000742
4,5,8,1,0|0|2|0|1,0|1|2|2|0,0,10,3.905082,0.000571,10,3.904923,0.000731
4,5,8,1,0|0|2|0|0,0|1|2|3|0,0,10,3.858120,0.000517,10,3.857269,0.000538
4,5,8,1,0|0|2|1|0,0|1|2|0|2,0,10,3.914356,0.000951,10,3.915141,0.000994
4,5,8,1,0|0|2|1|1,0|1|2|0|1,0,10,3.912077,0.001013,10,3.912189,0.000826
4,5,8,1,0|0|2|1|2,0|1|2|0|0,0,10,3.898208,0.000891,10,3.898139,0.000572
4,5,8,1,0|0|2|1|0,0|1|2|1|1,0,10,3.910473,0.001394,10,3.910646,0.000814
4,5,8,1,0|0|2|1|1,0|1|2|1|0,0,10,3.900388,0.000680,10,3.900601,0.000929
4,5,8,1,0|0|2|1|0,0|1|2|2|0,0,10,3.857462,0.000703,10,3.857500,0.000604
4,5,8,1,0|0|2|2|0,0|1|2|0|1,0,10,3.899573,0.000639,10,3.899043,0.000832
4,5,8,1,0|0|2|2|1,0|1|2|0|0,0,10,3.885010,0.000753,10,3.885841,0.000485
4,5,8,1,0|0|2|2|0,0|1|2|1|0,0,10,3.849845,0.000517,10,3.849608,0.000575
4,5,8,1,0|0|2|3|0,0|1|2|0|0,0,10,3.834939,0.000476,10,3.834863,0.000392
4,5,8,1,0|0|2|0|0,0|1|3|0|2,0,10,3.877883,0.000530,10,3.877661,0.000703
4,5,8,1,0|0|2|0|1,0|1|3|0|1,0,10,3.874620,0.000844,10,3.875151,0.000575
4,5,8,1,0|0|2|0|2,0|1|3|0|0,0,10,3.854306,0.000637,10,3.854169,0.000931
4,5,8,1,0|0|2|0|0,0|1|3|1|1,0,10,3.888383,0.000589,10,3.888531,0.000706
4,5,8,1,0|0|2|0|1,0|1|3|1|0,0,10,3.875691,0.000767,10,3.875520,0.000650
4,5,8,1,0|0|2|0|0,0|1|3|2|0,0,10,3.827391,0.000286,10,3.827233,0.000476
4,5,8,1,0|0|2|1|0,0|1|3|0|1,0,10,3.874456,0.001047,10,3.874334,0.000566
4,5,8,1,0|0|2|1|1,0|1|3|0|0,0,10,3.855287,0.000401,10,3.855425,0.000684
4,5,8,1,0|0|2|1|0,0|1|3|1|0,0,10,3.822482,0.000533,10,3.822595,0.000570
4,5,8,1,0|0|2|2|0,0|1|3|0|0,0,10,3.801180,0.000642,10,3.800855,0.000514
4,5,8,1,0|0|2|0|0,0|1|4|0|1,0,10,3.810365,0.000444,10,3.810631,0.000443
4,5,8,1,0|0|2|0|1,0|1|4|0|0,0,10,3.784810,0.000677,10,3.784903,0.000549
4,5,8,1,0|0|2|0|0,0|1|4|1|0,0,10,3.766359,0.000394,10,3.765989,0.000444
4,5,8,1,0|0|2|1|0,0|1|4|0|0,0,10,3.740107,0.000515,10,3.739825,0.000698
4,5,8,1,0|0|2|0|0,0|1|5|0|0,0,10,3.584243,0.000349,10,3.584592,0.000384
4,5,8,1,0|0|3|0|0,0|1|0|0|4,0,10,3.916077,0.001357,10,3.916996,0.000926
4,5,8,1,0|0|3|0|1,0|1|0|0|3,0,10,3.918228,0.000920,10,3.917404,0.001303
4,5,8,1,0|0|3|0|2,0|1|0|0|2,0,10,3.915750,0.000822,10,3.916233,0.001247
4,5,8,1,0|0|3|0|3,0|1|0|0|1,0,10,3.911938,0.000921,10,3.911511,0.001195
4,5,8,1,0|0|3|0|4,0|1|0|0|0,0,10,3.904635,0.000889,10,3.904464,0.001073
4,5,8,1,0|0|3|0|0,0|1|0|1|3,0,10,3.935513,0.000511,10,3.935624,0.000968
4,5,8,1,0|0|3|0|1,0|1|0|1|2,0,10,3.937159,0.000908,10,3.936599,0.001067
4,5,8,1,0|0|3|0|2,0|1|0|1|1,0,10,3.933779,0.000998,10,3.933957,0.000875
4,5,8,1,0|0|3|0|3,0|1|0|1|0,0,10,3.928599,0.001113,10,3.928957,0.001469
4,5,8,1,0|0|3|0|0,0|1|0|2|2,0,10,3.934928,0.001130,10,3.935177,0.000852
4,5,8,1,0|0|3|0|1,0|1|0|2|1,0,10,3.935127,0.000737,10,3.934392,0.001510
4,5,8,1,0|0|3|0|2,0|1|0|2|0,0,10,3.927813,0.000966,10,3.927621,0.000928
4,5,8,1,0|0|3|0|0,0|1|0|3|1,0,10,3.923794,0.000972,10,3.923962,0.000576
4,5,8,1,0|0|3|0|1,0|1|0|3|0,0,10,3.916845,0.000850,10,3.916203,0.000696
4,5,8,1,0|0|3|0|0,0|1|0|4|0,0,10,3.872310,0.000908,10,3.872184,0.000722
4,5,8,1,0|0|3|1|0,0|1|0|0|3,0,10,3.929778,0.000764,10,3.930304,0.000752
4,5,8,1,0|0|3|1|1,0|1|0|0|2,0,10,3.929817,0.000911,10,3.929212,0.001397
4,5,8,1,0|0|3|1|2,0|1|0|0|1,0,10,3.926181,0.001433,10,3.925832,0.001167
4,5,8,1,0|0|3|1|3,0|1|0|0|0,0,10,3.917871,0.000996,10,3.917941,0.000991
4,5,8,1,0|0|3|1|0,0|1|0|1|2,0,10,3.933899,0.001017,10,3.933970,0.001177
4,5,8,1,0|0|3|1|1,0|1|0|1|1,0,10,3.933264,0.000787,10,3.932334,0.001113
4,5,8,1,0|0|3|1|2,0|1|0|1|0,0,10,3.925602,0.000622,10,3.925515,0.001010
4,5,8,1,0|0|3|1|0,0|1|0|2|1,0,10,3.923019,0.001137,10,3.923472,0.000946
4,5,8,1,0|0|3|1|1,0|1|0|2|0,0,10,3.916437,0.000651,10,3.916086,0.000652
4,5,8,1,0|0|3|1|0,0|1|0|3|0,0,10,3.874062,0.000959,10,3.874129,0.000518
4,5,8,1,0|0|3|2|0,0|1|0|0|2,0,10,3.926380,0.000760,10,3.926027,0.000724
4,5,8,1,0|0|3|2|1,0|1|0|0|1,0,10,3.924244,0.001189,10,3.924393,0.000749
4,5,8,1,0|0|3|2|2,0|1|0|0|0,0,10,3.913077,0.000873,10,3.912789,0.000754
4,5,8,1,0|0|3|2|0,0|1|0|1|1,0,10,3.919218,0.000693,10,3.919428,0.000708
4,5,8,1,0|0|3|2|1,0|1|0|1|0,0,10,3.910281,0.000758,10,3.910224,0.000844
4,5,8,1,0|0|3|2|0,0|1|0|2|0,0,10,3.869286,0.000401,10,3.869548,0.000580
4,5,8,1,0|0|3|3|0,0|1|0|0|1,0,10,3.910723,0.000598,10,3.910936,0.000651
4,5,8,1,0|0|3|3|1,0|1|0|0|0,0,10,3.899489,0.000843,10,3.899995,0.000655
4,5,8,1,0|0|3|3|0,0|1|0|1|0,0,10,3.863332,0.000578,10,3.863745,0.000576
4,5,8,1,0|0|3|4|0,0|1|0|0|0,0,10,3.851975,0.000708,10,3.852404,0.000584
4,5,8,1,0|0|3|0|0,0|1|1|0|3,0,10,3.904371,0.001132,10,3.904094,0.001039
4,5,8,1,0|0|3|0|1,0|1|1|0|2,0,10,3.905123,0.001157,10,3.905114,0.001186
4,5,8,1,0|0|3|0|2,0|1|1|0|1,0,10,3.899200,0.001160,10,3.899890,0.000991
4,5,8,1,0|0|3|0|3,0|1|1|0|0,0,10,3.886472,0.001167,10,3.886477,0.001143
4,5,8,1,0|0|3|0|0,0|1|1|1|2,0,10,3.923258,0.001328,10,3.922459,0.000960
4,5,8,1,0|0|3|0|1,0|1|1|1|1,0,10,3.922347,0.000950,10,3.922559,0.000778
4,5,8,1,0|0|3|0|2,0|1|1|1|0,0,10,3.912556,0.000688,10,3.912136,0.000733
4,5,8,1,0|0|3|0|0,0|1|1|2|1,0,10,3.912526,0.001260,10,3.913190,0.000608
4,5,8,1,0|0|3|0|1,0|1|1|2|0,0,10,3.903879,0.000366,10,3.903678,0.000538
4,5,8,1,0|0|3|0|0,0|1|1|3|0,0,10,3.856458,0.000616,10,3.856292,0.000665
4,5,8,1,0|0|3|1|0,0|1|1|0|2,0,10,3.914691,0.000919,10,3.914329,0.000654
4,5,8,1,0|0|3|1|1,0|1|1|0|1,0,10,3.911013,0.001541,10,3.911153,0.000435
4,5,8,1,0|0|3|1|2,0|1|1|0|0,0,10,3.897508,0.000803,10,3.897279,0.000994
4,5,8,1,0|0|3|1|0,0|1|1|1|1,0,10,3.910169,0.000873,10,3.909798,0.000745
4,5,8,1,0|0|3|1|1,0|1|1|1|0,0,10,3.899409,0.000529,10,3.899604,0.000684
4,5,8,1,0|0|3|1|0,0|1|1|2|0,0,10,3.856848,0.000520,10,3.856469,0.000330
4,5,8,1,0|0|3|2|0,0|1|1|0|1,0,10,3.898145,0.000641,10,3.898143,0.000907
4,5,8,1,0|0|3|2|1,0|1|1|0|0,0,10,3.883789,0.000783,10,3.883502,0.000970
4,5,8,1,0|0|3|2|0,0|1|1|1|0,0,10,3.848475,0.000382,10,3.848474,0.000430
4,5,8,1,0|0|3|3|0,0|1|1|0|0,0,10,3.832845,0.000429,10,3.832445,0.000695
4,5,8,1,0|0|3|0|0,0|1|2|0|2,0,10,3.877318,0.000498,10,3.877143,0.000586
4,5,8,1,0|0|3|0|1,0|1|2|0|1,0,10,3.874975,0.000806,10,3.874733,0.001265
4,5,8,1,0|0|3|0|2,0|1|2|0|0,0,10,3.853251,0.000557,10,3.853461,0.000820
4,5,8,1,0|0|3|0|0,0|1|2|1|1,0,10,3.888223,0.001035,10,3.888245,0.000932
4,5,8,1,0|0|3|0|1,0|1|2|1|0,0,10,3.875226,0.000535,10,3.875017,0.000584
4,5,8,1,0|0|3|0|0,0|1|2|2|0,0,10,3.826374,0.000584,10,3.826308,0.000528
4,5,8,1,0|0|3|1|0,0|1|2|0|1,0,10,3.873944,0.000517,10,3.873425,0.000610
4,5,8,1,0|0|3|1|1,0|1|2|0|0,0,10,3.854556,0.000659,10,3.854107,0.000419
4,5,8,1,0|0|3|1|0,0|1|2|1|0,0,10,3.822019,0.000563,10,3.822109,0.000578
4,5,8,1,0|0|3|2|0,0|1|2|0|0,0,10,3.799208,0.000349,10,3.799062,0.000440
4,5,8,1,0|0|3|0|0,0|1|3|0|1,0,10,3.810188,0.000450,10,3.810195,0.000810
4,5,8,1,0|0|3|0|1,0|1|3|0|0,0,10,3.784686,0.000795,10,3.784697,0.000682
4,5,8,1,0|0|3|0|0,0|1|3|1|0,0,10,3.765717,0.000696,10,3.766139,0.000465
4,5,8,1,0|0|3|1|0,0|1|3|0|0,0,10,3.739934,0.000579,10,3.739370,0.000466
4,5,8,1,0|0|3|0|0,0|1|4|0|0,0,10,3.585156,0.000310,10,3.585313,0.000397
4,5,8,1,0|0|4|0|0,0|1|0|0|3,0,10,3.903998,0.000864,10,3.904263,0.001268
4,5,8,1,0|0|4|0|1,0|1|0|0|2,0,10,3.905148,0.000793,10,3.904730,0.000971
4,5,8,1,0|0|4|0|2,0|1|0|0|1,0,10,3.899201,0.000877,10,3.899016,0.000649
4,5,8,1,0|0|4|0|3,0|1|0|0|0,0,10,3.885577,0.000728,10,3.886092,0.001319
4,5,8,1,0|0|4|0|0,0|1|0|1|2,0,10,3.922364,0.001364,10,3.922878,0.001135
4,5,8,1,0|0|4|0|1,0|1|0|1|1,0,10,3.922191,0.000871,10,3.922057,0.000774
4,5,8,1,0|0|4|0|2,0|1|0|1|0,0,10,3.911879,0.000624,10,3.912038,0.000729
4,5,8,1,0|0|4|0|0,0|1|0|2|1,0,10,3.912305,0.000916,10,3.912097,0.000864
4,5,8,1,0|0|4|0|1,0|1|0|2|0,0,10,3.903240,0.000869,10,3.903240,0.001086
4,5,8,1,0|0|4|0|0,0|1|0|3|0,0,10,3.855518,0.000510,10,3.855515,0.000772
4,5,8,1,0|0|4|1|0,0|1|0|0|2,0,10,3.914231,0.001119,10,3.913931,0.001090
4,5,8,1,0|0|4|1|1,0|1|0|0|1,0,10,3.910308,0.000682,10,3.910872,0.001076
4,5,8,1,0|0|4|1|2,0|1|0|0|0,0,10,3.896414,0.000645,10,3.896897,0.000778
4,5,8,1,0|0|4|1|0,0|1|0|1|1,0,10,3.909587,0.000768,10,3.909750,0.000738
4,5,8,1,0|0|4|1|1,0|1|0|1|0,0,10,3.899612,0.000701,10,3.899373,0.000733
4,5,8,1,0|0|4|1|0,0|1|0|2|0,0,10,3.855934,0.000171,10,3.856117,0.000763
4,5,8,1,0|0|4|2|0,0|1|0|0|1,0,10,3.897789,0.000631,10,3.897808,0.000462
4,5,8,1,0|0|4|2|1,0|1|0|0|0,0,10,3.883118,0.000524,10,3.883010,0.000645
4,5,8,1,0|0|4|2|0,0|1|0|1|0,0,10,3.847685,0.000614,10,3.848054,0.000457
4,5,8,1,0|0|4|3|0,0|1|0|0|0,0,10,3.831168,0.000533,10,3.830814,0.000638
4,5,8,1,0|0|4|0|0,0|1|1|0|2,0,10,3.877171,0.000616,10,3.876608,0.000935
4,5,8,1,0|0|4|0|1,0|1|1|0|1,0,10,3.874803,0.000612,10,3.874771,0.000590
4,5,8,1,0|0|4|0|2,0|1|1|0|0,0,10,3.852609,0.000629,10,3.853062,0.000894
4,5,8,1,0|0|4|0|0,0|1|1|1|1,0,10,3.888493,0.000892,10,3.887525,0.000915
4,5,8,1,0|0|4|0|1,0|1|1|1|0,0,10,3.874998,0.000673,10,3.875116,0.000598
4,5,8,1,0|0|4|0|0,0|1|1|2|0,0,10,3.826003,0.000500,10,3.825923,0.000399
4,5,8,1,0|0|4|1|0,0|1|1|0|1,0,10,3.873438,0.000728,10,3.873423,0.000275
4,5,8,1,0|0|4|1|1,0|1|1|0|0,0,10,3.853835,0.000402,10,3.854133,0.000490
4,5,8,1,0|0|4|1|0,0|1|1|1|0,0,10,3.821953,0.000631,10,3.821703,0.000326
4,5,8,1,0|0|4|2|0,0|1|1|0|0,0,10,3.798641,0.000577,10,3.798616,0.000454
4,5,8,1,0|0|4|0|0,0|1|2|0|1,0,10,3.810358,0.000519,10,3.810582,0.000501
4,5,8,1,0|0|4|0|1,0|1|2|0|0,0,10,3.784598,0.000561,10,3.784491,0.000422
4,5,8,1,0|0|4|0|0,0|1|2|1|0,0,10,3.765717,0.000384,10,3.765722,0.000362
4,5,8,1,0|0|4|1|0,0|1|2|0|0,0,10,3.739841,0.000564,10,3.739450,0.000298
4,5,8,1,0|0|4|0|0,0|1|3|0|0,0,10,3.585733,0.000421,10,3.585494,0.000590
4,5,8,1,0|0|5|0|0,0|1|0|0|2,0,10,3.876156,0.000551,10,3.876280,0.000651
4,5,8,1,0|0|5|0|1,0|1|0|0|1,0,10,3.874475,0.001019,10,3.874481,0.000570
4,5,8,1,0|0|5|0|2,0|1|0|0|0,0,10,3.852895,0.000649,10,3.852499,0.000800
4,5,8,1,0|0|5|0|0,0|1|0|1|1,0,10,3.887679,0.000596,10,3.887971,0.000747
4,5,8,1,0|0|5|0|1,0|1|0|1|0,0,10,3.874256,0.000656,10,3.874713,0.000674
4,5,8,1,0|0|5|0|0,0|1|0|2|0,0,10,3.825552,0.000681,10,3.825587,0.000428
4,5,8,1,0|0|5|1|0,0|1|0|0|1,0,10,3.873489,0.000726,10,3.873502,0.000334
4,5,8,1,0|0|5|1|1,0|1|0|0|0,0,10,3.854095,0.000759,10,3.854298,0.000570
4,5,8,1,0|0|5|1|0,0|1|0|1|0,0,10,3.821591,0.000394,10,3.821906,0.000728
4,5,8,1,0|0|5|2|0,0|1|0|0|0,0,10,3.798375,0.000696,10,3.798298,0.000516
4,5,8,1,0|0|5|0|0,0|1|1|0|1,0,10,3.810458,0.000508,10,3.810412,0.000522
4,5,8,1,0|0|5|0|1,0|1|1|0|0,0,10,3.784381,0.000664,10,3.784678,0.000640
4,5,8,1,0|0|5|0|0,0|1|1|1|0,0,10,3.765731,0.000498,10,3.765769,0.000412
4,5,8,1,0|0|5|1|0,0|1|1|0|0,0,10,3.739663,0.000506,10,3.739351,0.000574
4,5,8,1,0|0|5|0|0,0|1|2|0|0,0,10,3.586088,0.000542,10,3.586060,0.000426
4,5,8,1,0|0|6|0|0,0|1|0|0|1,0,10,3.810260,0.000581,10,3.810199,0.000468
4,5,8,1,0|0|6|0|1,0|1|0|0|0,0,10,3.784278,0.000543,10,3.784191,0.000543
4,5,8,1,0|0|6|0|0,0|1|0|1|0,0,10,3.765565,0.000432,10,3.765583,0.000329
4,5,8,1,0|0|6|1|0,0|1|0|0|0,0,10,3.739299,0.000365,10,3.739595,0.000484
4,5,8,1,0|0|6|0|0,0|1|1|0|0,0,10,3.586168,0.000573,10,3.585510,0.000299
4,5,8,1,0|0|7|0|0,0|1|0|0|0,0,10,3.585944,0.000510,10,3.585819,0.000436
4,5,8,1,0|0|0|0|0,0|2|0|0|6,0,10,3.892068,0.001007,10,3.892177,0.001133
4,5,8,1,0|0|0|0|1,0|2|0|0|5,0,10,3.892720,0.001493,10,3.893733,0.000879
4,5,8,1,0|0|0|0|2,0|2|0|0|4,0,10,3.892053,0.001085,10,3.892721,0.001509
4,5,8,1,0|0|0|0|3,0|2|0|0|3,0,10,3.892075,0.000863,10,3.891360,0.001370
4,5,8,1,0|0|0|0|4,0|2|0|0|2,0,10,3.890067,0.000990,10,3.890435,0.000994
4,5,8,1,0|0|0|0|5,0|2|0|0|1,0,10,3.888967,0.000502,10,3.888944,0.000596
4,5,8,1,0|0|0|0|6,0|2|0|0|0,0,10,3.886097,0.001022,10,3.885887,0.001445
4,5,8,1,0|0|0|0|0,0|2|0|1|5,0,10,3.931283,0.001638,10,3.931252,0.001254
4,5,8,1,0|0|0|0|1,0|2|0|1|4,0,10,3.932197,0.001643,10,3.931893,0.001215
4,5,8,1,0|0|0|0|2,0|2|0|1|3,0,10,3.931954,0.001504,10,3.931807,0.000719
4,5,8,1,0|0|0|0|3,0|2|0|1|2,0,10,3.931391,0.000797,10,3.930969,0.000778
4,5,8,1,0|0|0|0|4,0|2|0|1|1,0,10,3.930451,0.000858,10,3.930399,0.000861
4,5,8,1,0|0|0|0|5,0|2|0|1|0,0,10,3.927797,0.001629,10,3.928307,0.001181
4,5,8,1,0|0|0|0|0,0|2|0|2|4,0,10,3.934267,0.001467,10,3.934342,0.000918
4,5,8,1,0|0|0|0|1,0|2|0|2|3,0,10,3.936168,0.001026,10,3.935770,0.001726
4,5,8,1,0|0|0|0|2,0|2|0|2|2,0,10,3.935086,0.001511,10,3.935170,0.001247
4,5,8,1,0|0|0|0|3,0|2|0|2|1,0,10,3.933159,0.001124,10,3.933488,0.000937
4,5,8,1,0|0|0|0|4,0|2|0|2|0,0,10,3.929878,0.000918,10,3.930336,0.001262
4,5,8,1,0|0|0|0|0,0|2|0|3|3,0,10,3.931810,0.001460,10,3.931257,0.001067
4,5,8,1,0|0|0|0|1,0|2|0|3|2,0,10,3.932827,0.001019,10,3.933061,0.000748
4,5,8,1,0|0|0|0|2,0|2|0|3|1,0,10,3.930466,0.001210,10,3.930371,0.001363
4,5,8,1,0|0|0|0|3,0|2|0|3|0,0,10,3.923915,0.000947,10,3.923640,0.001478
4,5,8,1,0|0|0|0|0,0|2|0|4|2,0,10,3.921592,0.000730,10,3.921393,0.001207
4,5,8,1,0|0|0|0|1,0|2|0|4|1,0,10,3.921469,0.001297,10,3.921650,0.000954
4,5,8,1,0|0|0|0|2,0|2|0|4|0,0,10,3.911254,0.001040,10,3.911378,0.001053
4,5,8,1,0|0|0|0|0,0|2|0|5|1,0,10,3.893140,0.000649,10,3.893150,0.000844
4,5,8,1,0|0|0|0|1,0|2|0|5|0,0,10,3.880862,0.000672,10,3.881214,0.000532
4,5,8,1,0|0|0|0|0,0|2|0|6|0,0,10,3.781027,0.000345,10,3.780987,0.000579
4,5,8,1,0|0|0|1|0,0|2|0|0|5,0,10,3.926908,0.000956,10,3.928106,0.001174
4,5,8,1,0|0|0|1|1,0|2|0|0|4,0,10,3.927887,0.000890,10,3.928064,0.001366
4,5,8,1,0|0|0|1|2,0|2|0|0|3,0,10,3.926587,0.001334,10,3.926943,0.000842
4,5,8,1,0|0|0|1|3,0|2|0|0|2,0,10,3.926281,0.001224,10,3.926104,0.001668
4,5,8,1,0|0|0|1|4,0|2|0|0|1,0,10,3.924381,0.001041,10,3.924290,0.001094
4,5,8,1,0|0|0|1|5,0|2|0|0|0,0,10,3.921219,0.001439,10,3.920906,0.000983
4,5,8,1,0|0|0|1|0,0|2|0|1|4,0,10,3.934238,0.000804,10,3.934211,0.001144
4,5,8,1,0|0|0|1|1,0|2|0|1|3,0,10,3.935233,0.001042,10,3.935092,0.001202
4,5,8,1,0|0|0|1|2,0|2|0|1|2,0,10,3.934645,0.000966,10,3.933826,0.000682
4,5,8,1,0|0|0|1|3,0|2|0|1|1,0,10,3.933007,0.001396,10,3.932110,0.001620
4,5,8,1,0|0|0|1|4,0|2|0|1|0,0,10,3.929397,0.000908,10,3.929104,0.000889
4,5,8,1,0|0|0|1|0,0|2|0|2|3,0,10,3.931739,0.001126,10,3.931708,0.001123
4,5,8,1,0|0|0|1|1,0|2|0|2|2,0,10,3.933175,0.001033,10,3.933015,0.000944
4,5,8,1,0|0|0|1|2,0|2|0|2|1,0,10,3.930739,0.001613,10,3.930219,0.000629
4,5,8,1,0|0|0|1|3,0|2|0|2|0,0,10,3.924282,0.000973,10,3.925107,0.001210
4,5,8,1,0|0|0|1|0,0|2|0|3|2,0,10,3.921727,0.001270,10,3.921482,0.000953
4,5,8,1,0|0|0|1|1,0|2|0|3|1,0,10,3.920942,0.000825,10,3.921075,0.000750
4,5,8,1,0|0|0|1|2,0|2|0|3|0,0,10,3.911081,0.001213,10,3.911710,0.000958
4,5,8,1,0|0|0|1|0,0|2|0|4|1,0,10,3.892843,0.001089,10,3.892529,0.000981
4,5,8,1,0|0|0|1|1,0|2|0|4|0,0,10,3.880348,0.000459,10,3.880672,0.000555
4,5,8,1,0|0|0|1|0,0|2|0|5|0,0,10,3.782227,0.000379,10,3.782347,0.000478
4,5,8,1,0|0|0|2|0,0|2|0|0|4,0,10,3.930740,0.001725,10,3.930256,0.000707
4,5,8,1,0|0|0|2|1,0|2|0|0|3,0,10,3.931047,0.001809,10,3.931977,0.000896
4,5,8,1,0|0|0|2|2,0|2|0|0|2,0,10,3.930247,0.001318,10,3.929983,0.000978
4,5,8,1,0|0|0|2|3,0|2|0|0|1,0,10,3.927744,0.000868,10,3.926743,0.001084
4,5,8,1,0|0|0|2|4,0|2|0|0|0,0,10,3.920926,0.001117,10,3.921961,0.000916
4,5,8,1,0|0|0|2|0,0|2|0|1|3,0,10,3.929855,0.001171,10,3.929817,0.000848
4,5,8,1,0|0|0|2|1,0|2|0|1|2,0,10,3.931205,0.000839,10,3.931112,0.000673
4,5,8,1,0|0|0|2|2,0|2|0|1|1,0,10,3.927575,0.000980,10,3.927870,0.001372
4,5,8,1,0|0|0|2|3,0|2|0|1|0,0,10,3.921144,0.001336,10,3.921412,0.000670
4,5,8,1,0|0|0|2|0,0|2|0|2|2,0,10,3.920320,0.000582,10,3.920250,0.000841
4,5,8,1,0|0|0|2|1,0|2|0|2|1,0,10,3.919504,0.000866,10,3.919132,0.001421
4,5,8,1,0|0|0|2|2,0|2|0|2|0,0,10,3.908412,0.001002,10,3.908796,0.000497
4,5,8,1,0|0|0|2|0,0|2|0|3|1,0,10,3.891746,0.001125,10,3.891741,0.000851
4,5,8,1,0|0|0|2|1,0|2|0|3|0,0,10,3.878470,0.000719,10,3.878433,0.000672
4,5,8,1,0|0|0|2|0,0|2|0|4|0,0,10,3.782433,0.000520,10,3.782547,0.000450
4,5,8,1,0|0|0|3|0,0|2|0|0|3,0,10,3.927127,0.001457,10,3.927274,0.000612
4,5,8,1,0|0|0|3|1,0|2|0|0|2,0,10,3.927494,0.001531,10,3.928079,0.000731
4,5,8,1,0|0|0|3|2,0|2|0|0|1,0,10,3.923868,0.001013,10,3.924103,0.001164
4,5,8,1,0|0|0|3|3,0|2|0|0|0,0,10,3.915453,0.000613,10,3.914956,0.000999
4,5,8,1,0|0|0|3|0,0|2|0|1|2,0,10,3.918739,0.000795,10,3.919009,0.001269
4,5,8,1,0|0|0|3|1,0|2|0|1|1,0,10,3.917393,0.000863,10,3.917566,0.000756
4,5,8,1,0|0|0|3|2,0|2|0|1|0,0,10,3.905615,0.001154,10,3.905991,0.000421
4,5,8,1,0|0|0|3|0,0|2|0|2|1,0,10,3.889948,0.000857,10,3.890388,0.001058
4,5,8,1,0|0|0|3|1,0|2|0|2|0,0,10,3.876729,0.000734,10,3.876668,0.000564
4,5,8,1,0|0|0|3|0,0|2|0|3|0,0,10,3.781945,0.000341,10,3.782087,0.000338
4,5,8,1,0|0|0|4|0,0|2|0|0|2,0,10,3.915869,0.001251,10,3.915502,0.001259
4,5,8,1,0|0|0|4|1,0|2|0|0|1,0,10,3.915454,0.000670,10,3.915459,0.000432
4,5,8,1,0|0|0|4|2,0|2|0|0|0,0,10,3.901336,0.000854,10,3.901849,0.000387
4,5,8,1,0|0|0|4|0,0|2|0|1|1,0,10,3.888299,0.000579,10,3.888369,0.001064
4,5,8,1,0|0|0|4|1,0|2|0|1|0,0,10,3.874816,0.000482,10,3.874898,0.000507
4,5,8,1,0|0|0|4|0,0|2|0|2|0,0,10,3.780815,0.000328,10,3.780773,0.000289
4,5,8,1,0|0|0|5|0,0|2|0|0|1,0,10,3.886021,0.000856,10,3.886229,0.000487
4,5,8,1,0|0|0|5|1,0|2|0|0|0,0,10,3.872514,0.000626,10,3.872382,0.000570
4,5,8,1,0|0|0|5|0,0|2|0|1|0,0,10,3.779052,0.000310,10,3.779249,0.000546
4,5,8,1,0|0|0|6|0,0|2|0|0|0,0,10,3.777192,0.000438,10,3.777350,0.000604
4,5,8,1,0|0|0|0|0,0|2|1|0|5,0,10,3.919068,0.000972,10,3.918968,0.000996
4,5,8,1,0|0|0|0|1,0|2|1|0|4,0,10,3.920689,0.001239,10,3.919341,0.001220
4,5,8,1,0|0|0|0|2,0|2|1|0|3,0,10,3.920097,0.001107,10,3.919714,0.001119
4,5,8,1,0|0|0|0|3,0|2|1|0|2,0,10,3.918662,0.000898,10,3.918594,0.001207
4,5,8,1,0|0|0|0|4,0|2|1|0|1,0,10,3.917114,0.001064,10,3.917071,0.001535
4,5,8,1,0|0|0|0|5,0|2|1|0|0,0,10,3.913240,0.001140,10,3.913549,0.001611
4,5,8,1,0|0|0|0|0,0|2|1|1|4,0,10,3.941062,0.001109,10,3.941348,0.001674
4,5,8,1,0|0|0|0|1,0|2|1|1|3,0,10,3.941884,0.001903,10,3.941762,0.001278
4,5,8,1,0|0|0|0|2,0|2|1|1|2,0,10,3.940867,0.000822,10,3.941166,0.000990
4,5,8,1,0|0|0|0|3,0|2|1|1|1,0,10,3.940512,0.000872,10,3.939689,0.001411
4,5,8,1,0|0|0|0|4,0|2|1|1|0,0,10,3.937595,0.001430,10,3.937474,0.001645
4,5,8,1,0|0|0|0|0,0|2|1|2|3,0,10,3.942895,0.000812,10,3.943103,0.001247
4,5,8,1,0|0|0|0|1,0|2|1|2|2,0,10,3.944198,0.001644,10,3.944336,0.001175
4,5,8,1,0|0|0|0|2,0|2|1|2|1,0,10,3.943035,0.001126,10,3.943475,0.001595
4,5,8,1,0|0|0|0|3,0|2|1|2|0,0,10,3.939717,0.001019,10,3.939900,0.000670
4,5,8,1,0|0|0|0|0,0|2|1|3|2,0,10,3.940240,0.000638,10,3.940707,0.001414
4,5,8,1,0|0|0|0|1,0|2|1|3|1,0,10,3.940946,0.001369,10,3.940448,0.001316
4,5,8,1,0|0|0|0|2,0|2|1|3|0,0,10,3.935262,0.001504,10,3.935094,0.001042
4,5,8,1,0|0|0|0|0,0|2|1|4|1,0,10,3.928753,0.000887,10,3.927976,0.001032
4,5,8,1,0|0|0|0|1,0|2|1|4|0,0,10,3.922455,0.000515,10,3.922604,0.000704
4,5,8,1,0|0|0|0|0,0|2|1|5|0,0,10,3.875394,0.000920,10,3.875389,0.000615
4,5,8,1,0|0|0|1|0,0|2|1|0|4,0,10,3.937941,0.001212,10,3.937492,0.000750
4,5,8,1,0|0|0|1|1,0|2|1|0|3,0,10,3.937857,0.001341,10,3.938077,0.000887
4,5,8,1,0|0|0|1|2,0|2|1|0|2,0,10,3.936812,0.000915,10,3.937235,0.001382
4,5,8,1,0|0|0|1|3,0|2|1|0|1,0,10,3.934340,0.000970,10,3.934495,0.001126
4,5,8,1,0|0|0|1|4,0|2|1|0|0,0,10,3.931786,0.001603,10,3.931585,0.000836
4,5,8,1,0|0|0|1|0,0|2|1|1|3,0,10,3.942940,0.001119,10,3.943770,0.000752
4,5,8,1,0|0|0|1|1,0|2|1|1|2,0,10,3.943352,0.001115,10,3.944091,0.001212
4,5,8,1,0|0|0|1|2,0|2|1|1|1,0,10,3.942060,0.001158,10,3.941660,0.000810
4,5,8,1,0|0|0|1|3,0|2|1|1|0,0,10,3.938398,0.001098,10,3.938516,0.000695
4,5,8,1,0|0|0|1|0,0|2|1|2|2,0,10,3.941062,0.001430,10,3.940356,0.001043
4,5,8,1,0|0|0|1|1,0|2|1|2|1,0,10,3.940433,0.000641,10,3.941206,0.001360
4,5,8,1,0|0|0|1|2,0|2|1|2|0,0,10,3.935582,0.000787,10,3.935230,0.000834
4,5,8,1,0|0|0|1|0,0|2|1|3|1,0,10,3.929546,0.000820,10,3.928659,0.000653
4,5,8,1,0|0|0|1|1,0|2|1|3|0,0,10,3.922555,0.000669,10,3.922894,0.000511
4,5,8,1,0|0|0|1|0,0|2|1|4|0,0,10,3.876624,0.000682,10,3.877013,0.000885
4,5,8,1,0|0|0|2|0,0|2|1|0|3,0,10,3.939710,0.001541,10,3.938894,0.000975
4,5,8,1,0|0|0|2|1,0|2|1|0|2,0,10,3.939594,0.001031,10,3.939608,0.001024
4,5,8,1,0|0|0|2|2,0|2|1|0|1,0,10,3.937331,0.000892,10,3.936098,0.001518
4,5,8,1,0|0|0|2|3,0|2|1|0|0,0,10,3.931416,0.001005,10,3.930669,0.000927
4,5,8,1,0|0|0|2|0,0|2|1|1|2,0,10,3.938545,0.000840,10,3.939138,0.001005
4,5,8,1,0|0|0|2|1,0|2|1|1|1,0,10,3.938376,0.000828,10,3.938367,0.001093
4,5,8,1,0|0|0|2|2,0|2|1|1|0,0,10,3.932322,0.001163,10,3.932056,0.000776
4,5,8,1,0|0|0|2|0,0|2|1|2|1,0,10,3.926842,0.000957,10,3.926726,0.000908
4,5,8,1,0|0|0|2|1,0|2|1|2|0,0,10,3.921126,0.000956,10,3.920930,0.000781
4,5,8,1,0|0|0|2|0,0|2|1|3|0,0,10,3.875545,0.000683,10,3.875526,0.000564
4,5,8,1,0|0|0|3|0,0|2|1|0|2,0,10,3.935528,0.001289,10,3.935012,0.000606
4,5,8,1,0|0|0|3|1,0|2|1|0|1,0,10,3.934061,0.001300,10,3.934421,0.001025
4,5,8,1,0|0|0|3|2,0|2|1|0|0,0,10,3.925867,0.000505,10,3.925717,0.001080
4,5,8,1,0|0|0|3|0,0|2|1|1|1,0,10,3.925062,0.000766,10,3.925143,0.000900
4,5,8,1,0|0|0|3|1,0|2|1|1|0,0,10,3.918002,0.000908,10,3.917892,0.000752
4,5,8,1,0|0|0|3|0,0|2|1|2|0,0,10,3.873236,0.000665,10,3.873509,0.000402
4,5,8,1,0|0|0|4|0,0|2|1|0|1,0,10,3.921091,0.000861,10,3.921054,0.001016
4,5,8,1,0|0|0|4|1,0|2|1|0|0,0,10,3.912511,0.000552,10,3.912677,0.000566
4,5,8,1,0|0|0|4|0,0|2|1|1|0,0,10,3.870112,0.000646,10,3.870304,0.000711
4,5,8,1,0|0|0|5|0,0|2|1|0|0,0,10,3.864228,0.000580,10,3.864305,0.000510
4,5,8,1,0|0|0|0|0,0|2|2|0|4,0,10,3.916661,0.001238,10,3.916474,0.001297
4,5,8,1,0|0|0|0|1,0|2|2|0|3,0,10,3.918108,0.001198,10,3.917853,0.001388
4,5,8,1,0|0|0|0|2,0|2|2|0|2,0,10,3.916684,0.001055,10,3.915721,0.001308
4,5,8,1,0|0|0|0|3,0|2|2|0|1,0,10,3.913257,0.001093,10,3.912671,0.001092
4,5,8,1,0|0|0|0|4,0|2|2|0|0,0,10,3.907894,0.000789,10,3.907329,0.000905
4,5,8,1,0|0|0|0|0,0|2|2|1|3,0,10,3.937227,0.000967,10,3.937807,0.000995
4,5,8,1,0|0|0|0|1,0|2|2|1|2,0,10,3.938428,0.001041,10,3.938607,0.000945
4,5,8,1,0|0|0|0|2,0|2|2|1|1,0,10,3.936449,0.001083,10,3.936523,0.001054
4,5,8,1,0|0|0|0|3,0|2|2|1|0,0,10,3.931180,0.001004,10,3.931344,0.000792
4,5,8,1,0|0|0|0|0,0|2|2|2|2,1,30,3.937138,0.001074,0,,
4,5,8,1,0|0|0|0|1,0|2|2|2|1,0,10,3.937802,0.001104,10,3.937570,0.001173
4,5,8,1,0|0|0|0|2,0|2|2|2|0,0,10,3.930956,0.001136,10,3.931149,0.000777
4,5,8,1,0|0|0|0|0,0|2|2|3|1,0,10,3.925989,0.000345,10,3.926788,0.001055
4,5,8,1,0|0|0|0|1,0|2|2|3|0,0,10,3.920673,0.000654,10,3.920220,0.000618
4,5,8,1,0|0|0|0|0,0|2|2|4|0,0,10,3.875228,0.000721,10,3.875180,0.000483
4,5,8,1,0|0|0|1|0,0|2|2|0|3,0,10,3.933701,0.001435,10,3.933271,0.001157
4,5,8,1,0|0|0|1|1,0|2|2|0|2,0,10,3.932731,0.001346,10,3.933316,0.001095
4,5,8,1,0|0|0|1|2,0|2|2|0|1,0,10,3.929994,0.000897,10,3.929665,0.000865
4,5,8,1,0|0|0|1|3,0|2|2|0|0,0,10,3.923433,0.000914,10,3.923240,0.000867
4,5,8,1,0|0|0|1|0,0|2|2|1|2,0,10,3.936530,0.001061,10,3.936301,0.001013
4,5,8,1,0|0|0|1|1,0|2|2|1|1,0,10,3.935933,0.000699,10,3.935636,0.001190
4,5,8,1,0|0|0|1|2,0|2|2|1|0,0,10,3.929459,0.000909,10,3.929482,0.001011
4,5,8,1,0|0|0|1|0,0|2|2|2|1,0,10,3.926493,0.000849,10,3.926715,0.000814
4,5,8,1,0|0|0|1|1,0|2|2|2|0,0,10,3.920821,0.001007,10,3.920330,0.000535
4,5,8,1,0|0|0|1|0,0|2|2|3|0,0,10,3.877220,0.000983,10,3.877126,0.000671
4,5,8,1,0|0|0|2|0,0|2|2|0|2,0,10,3.931235,0.000516,10,3.931594,0.000955
4,5,8,1,0|0|0|2|1,0|2|2|0|1,0,10,3.929413,0.001055,10,3.929772,0.001288
4,5,8,1,0|0|0|2|2,0|2|2|0|0,0,10,3.919023,0.000913,10,3.919413,0.001000
4,5,8,1,0|0|0|2|0,0|2|2|1|1,0,10,3.923011,0.000727,10,3.923656,0.000607
4,5,8,1,0|0|0|2|1,0|2|2|1|0,0,10,3.916077,0.000705,10,3.915354,0.000540
4,5,8,1,0|0|0|2|0,0|2|2|2|0,0,10,3.873634,0.000530,10,3.874147,0.000426
4,5,8,1,0|0|0|3|0,0|2|2|0|1,0,10,3.917247,0.000614,10,3.916780,0.001268
4,5,8,1,0|0|0|3|1,0|2|2|0|0,0,10,3.907324,0.000612,10,3.907072,0.000594
4,5,8,1,0|0|0|3|0,0|2|2|1|0,0,10,3.868996,0.000809,10,3.869496,0.000450
4,5,8,1,0|0|0|4|0,0|2|2|0|0,0,10,3.860054,0.000455,10,3.860184,0.000637
4,5,8,1,0|0|0|0|0,0|2|3|0|3,0,10,3.905483,0.000782,10,3.905372,0.001304
4,5,8,1,0|0|0|0|1,0|2|3|0|2,0,10,3.906951,0.000701,10,3.907121,0.001144
4,5,8,1,0|0|0|0|2,0|2|3|0|1,0,10,3.902347,0.001140,10,3.901911,0.000991
4,5,8,1,0|0|0|0|3,0|2|3|0|0,0,10,3.890991,0.001043,10,3.891206,0.000958
4,5,8,1,0|0|0|0|0,0|2|3|1|2,0,10,3.925924,0.000634,10,3.925353,0.001084
4,5,8,1,0|0|0|0|1,0|2|3|1|1,0,10,3.925536,0.000819,10,3.925516,0.000586
4,5,8,1,0|0|0|0|2,0|2|3|1|0,0,10,3.916221,0.000721,10,3.916224,0.000511
4,5,8,1,0|0|0|0|0,0|2|3|2|1,0,10,3.916169,0.001042,10,3.916232,0.000700
4,5,8,1,0|0|0|0|1,0|2|3|2|0,0,10,3.908299,0.000727,10,3.908542,0.000636
4,5,8,1,0|0|0|0|0,0|2|3|3|0,0,10,3.860510,0.000453,10,3.860445,0.000716
4,5,8,1,0|0|0|1|0,0|2|3|0|2,0,10,3.918959,0.000804,10,3.918990,0.001234
4,5,8,1,0|0|0|1|1,0|2|3|0|1,0,10,3.916079,0.000901,10,3.916275,0.001232
4,5,8,1,0|0|0|1|2,0|2|3|0|0,0,10,3.904553,0.000815,10,3.904527,0.001316
4,5,8,1,0|0|0|1|0,0|2|3|1|1,0,10,3.914590,0.000809,10,3.914543,0.000914
4,5,8,1,0|0|0|1|1,0|2|3|1|0,0,10,3.905397,0.000755,10,3.905453,0.001068
4,5,8,1,0|0|0|1|0,0|2|3|2|0,0,10,3.861423,0.000598,10,3.861420,0.000413
4,5,8,1,0|0|0|2|0,0|2|3|0|1,0,10,3.904712,0.000955,10,3.904523,0.000771
4,5,8,1,0|0|0|2|1,0|2|3|0|0,0,10,3.892016,0.000578,10,3.891910,0.000926
4,5,8,1,0|0|0|2|0,0|2|3|1|0,0,10,3.854550,0.000418,10,3.854637,0.000580
4,5,8,1,0|0|0|3|0,0|2|3|0|0,0,10,3.840965,0.000546,10,3.840604,0.000549
4,5,8,1,0|0|0|0|0,0|2|4|0|2,0,10,3.879536,0.000613,10,3.878875,0.000938
4,5,8,1,0|0|0|0|1,0|2|4|0|1,0,10,3.877913,0.001051,10,3.877480,0.001055
4,5,8,1,0|0|0|0|2,0|2|4|0|0,0,10,3.858566,0.000510,10,3.858706,0.000719
4,5,8,1,0|0|0|0|0,0|2|4|1|1,0,10,3.891891,0.000839,10,3.892462,0.000734
4,5,8,1,0|0|0|0|1,0|2|4|1|0,0,10,3.880669,0.000537,10,3.880597,0.000491
4,5,8,1,0|0|0|0|0,0|2|4|2|0,0,10,3.830950,0.000714,10,3.830606,0.000354
4,5,8,1,0|0|0|1|0,0|2|4|0|1,0,10,3.879942,0.000679,10,3.880379,0.000745
4,5,8,1,0|0|0|1|1,0|2|4|0|0,0,10,3.862919,0.000948,10,3.862525,0.000508
4,5,8,1,0|0|0|1|0,0|2|4|1|0,0,10,3.827987,0.000435,10,3.827875,0.000641
4,5,8,1,0|0|0|2|0,0|2|4|0|0,0,10,3.807945,0.000403,10,3.807931,0.000411
4,5,8,1,0|0|0|0|0,0|2|5|0|1,0,10,3.812494,0.000683,10,3.812318,0.000461
4,5,8,1,0|0|0|0|1,0|2|5|0|0,0,10,3.789004,0.000539,10,3.789055,0.000359
4,5,8,1,0|0|0|0|0,0|2|5|1|0,0,10,3.769457,0.000381,10,3.769242,0.000625
4,5,8,1,0|0|0|1|0,0|2|5|0|0,0,10,3.746349,0.000471,10,3.746362,0.000431
4,5,8,1,0|0|0|0|0,0|2|6|0|0,0,10,3.579219,0.000396,10,3.579053,0.000427
4,5,8,1,0|0|1|0|0,0|2|0|0|5,0,10,3.916416,0.000737,10,3.916681,0.001368
4,5,8,1,0|0|1|0|1,0|2|0|0|4,0,10,3.917969,0.001278,10,3.917323,0.001012
4,5,8,1,0|0|1|0|2,0|2|0|0|3,0,10,3.917451,0.001081,10,3.917055,0.001351
4,5,8,1,0|0|1|0|3,0|2|0|0|2,0,10,3.915201,0.000494,10,3.915506,0.001260
4,5,8,1,0|0|1|0|4,0|2|0|0|1,0,10,3.913291,0.001736,10,3.913057,0.001168
4,5,8,1,0|0|1|0|5,0|2|0|0|0,0,10,3.909993,0.001179,10,3.909683,0.001042
4,5,8,1,0|0|1|0|0,0|2|0|1|4,0,10,3.938952,0.001342,10,3.939042,0.000851
4,5,8,1,0|0|1|0|1,0|2|0|1|3,0,10,3.939647,0.000885,10,3.939674,0.001153
4,5,8,1,0|0|1|0|2,0|2|0|1|2,0,10,3.938506,0.001132,10,3.938302,0.000912
4,5,8,1,0|0|1|0|3,0|2|0|1|1,0,10,3.936753,0.001466,10,3.937221,0.001210
4,5,8,1,0|0|1|0|4,0|2|0|1|0,0,10,3.933942,0.000900,10,3.934577,0.000995
4,5,8,1,0|0|1|0|0,0|2|0|2|3,0,10,3.941377,0.000912,10,3.941480,0.000818
4,5,8,1,0|0|1|0|1,0|2|0|2|2,0,10,3.941575,0.001475,10,3.942371,0.001384
4,5,8,1,0|0|1|0|2,0|2|0|2|1,0,10,3.940202,0.001242,10,3.939015,0.001050
4,5,8,1,0|0|1|0|3,0|2|0|2|0,0,10,3.935558,0.000728,10,3.936023,0.000755
4,5,8,1,0|0|1|0|0,0|2|0|3|2,0,10,3.938086,0.001065,10,3.937664,0.000887
4,5,8,1,0|0|1|0|1,0|2|0|3|1,0,10,3.937683,0.001173,10,3.937115,0.001019
4,5,8,1,0|0|1|0|2,0|2|0|3|0,0,10,3.930911,0.000635,10,3.931094,0.001118
4,5,8,1,0|0|1|0|0,0|2|0|4|1,0,10,3.923745,0.001249,10,3.923952,0.000845
4,5,8,1,0|0|1|0|1,0|2|0|4|0,0,10,3.916585,0.001020,10,3.917217,0.000756
4,5,8,1,0|0|1|0|0,0|2|0|5|0,0,10,3.866825,0.000657,10,3.866225,0.000593
4,5,8,1,0|0|1|1|0,0|2|0|0|4,0,10,3.934104,0.000782,10,3.934447,0.000759
4,5,8,1,0|0|1|1|1,0|2|0|0|3,0,10,3.935068,0.001088,10,3.934701,0.000760
4,5,8,1,0|0|1|1|2,0|2|0|0|2,0,10,3.932893,0.001379,10,3.932986,0.000717
4,5,8,1,0|0|1|1|3,0|2|0|0|1,0,10,3.930808,0.000838,10,3.930934,0.001213
4,5,8,1,0|0|1|1|4,0|2|0|0|0,0,10,3.925292,0.000843,10,3.925909,0.000748
4,5,8,1,0|0|1|1|0,0|2|0|1|3,0,10,3.940581,0.001114,10,3.939761,0.001053
4,5,8,1,0|0|1|1|1,0|2|0|1|2,0,10,3.940111,0.001125,10,3.941246,0.001281
4,5,8,1,0|0|1|1|2,0|2|0|1|1,0,10,3.938584,0.000887,10,3.938201,0.001008
4,5,8,1,0|0|1|1|3,0|2|0|1|0,0,10,3.934029,0.000613,10,3.933377,0.000983
4,5,8,1,0|0|1|1|0,0|2|0|2|2,0,10,3.937189,0.001285,10,3.937062,0.000950
4,5,8,1,0|0|1|1|1,0|2|0|2|1,0,10,3.937074,0.001363,10,3.936612,0.000971
4,5,8,1,0|0|1|1|2,0|2|0|2|0,0,10,3.929921,0.000806,10,3.930420,0.001097
4,5,8,1,0|0|1|1|0,0|2|0|3|1,0,10,3.923239,0.000573,10,3.923607,0.000798
4,5,8,1,0|0|1|1|1,0|2|0|3|0,0,10,3.916431,0.000783,10,3.916564,0.000864
4,5,8,1,0|0|1|1|0,0|2|0|4|0,0,10,3.867364,0.000853,10,3.867007,0.000445
4,5,8,1,0|0|1|2|0,0|2|0|0|3,0,10,3.935229,0.000699,10,3.935320,0.001093
4,5,8,1,0|0|1|2|1,0|2|0|0|2,0,10,3.935779,0.000933,10,3.935550,0.001279
4,5,8,1,0|0|1|2|2,0|2|0|0|1,0,10,3.932121,0.000890,10,3.931408,0.000657
4,5,8,1,0|0|1|2|3,0|2|0|0|0,0,10,3.924621,0.001216,10,3.924916,0.000769
4,5,8,1,0|0|1|2|0,0|2|0|1|2,0,10,3.934754,0.000735,10,3.935122,0.001218
4,5,8,1,0|0|1|2|1,0|2|0|1|1,0,10,3.933475,0.001277,10,3.933853,0.001071
4,5,8,1,0|0|1|2|2,0|2|0|1|0,0,10,3.926345,0.001106,10,3.926305,0.000711
4,5,8,1,0|0|1|2|0,0|2|0|2|1,0,10,3.921437,0.001112,10,3.921120,0.001070
4,5,8,1,0|0|1|2|1,0|2|0|2|0,0,10,3.913694,0.001041,10,3.913875,0.000790
4,5,8,1,0|0|1|2|0,0|2|0|3|0,0,10,3.865419,0.000591,10,3.865627,0.000379
4,5,8,1,0|0|1|3|0,0|2|0|0|2,0,10,3.929817,0.001082,10,3.930058,0.000642
4,5,8,1,0|0|1|3|1,0|2|0|0|1,0,10,3.928809,0.001313,10,3.929439,0.001253
4,5,8,1,0|0|1|3|2,0|2|0|0|0,0,10,3.918532,0.001089,10,3.918582,0.000805
4,5,8,1,0|0|1|3|0,0|2|0|1|1,0,10,3.918773,0.000793,10,3.918492,0.000633
4,5,8,1,0|0|1|3|1,0|2|0|1|0,0,10,3.910480,0.000602,10,3.910553,0.000714
4,5,8,1,0|0|1|3|0,0|2|0|2|0,0,10,3.862917,0.000764,10,3.862790,0.000439
4,5,8,1,0|0|1|4|0,0|2|0|0|1,0,10,3.913678,0.000481,10,3.913618,0.001291
4,5,8,1,0|0|1|4|1,0|2|0|0|0,0,10,3.904421,0.000602,10,3.903975,0.000813
4,5,8,1,0|0|1|4|0,0|2|0|1|0,0,10,3.859150,0.000526,10,3.859273,0.000355
4,5,8,1,0|0|1|5|0,0|2|0|0|0,0,10,3.852589,0.000550,10,3.852568,0.000604
4,5,8,1,0|0|1|0|0,0|2|1|0|4,0,10,3.916819,0.000973,10,3.916419,0.000735
4,5,8,1,0|0|1|0|1,0|2|1|0|3,0,10,3.917982,0.001003,10,3.918182,0.000902
4,5,8,1,0|0|1|0|2,0|2|1|0|2,0,10,3.916451,0.001544,10,3.915835,0.000802
4,5,8,1,0|0|1|0|3,0|2|1|0|1,0,10,3.912887,0.000901,10,3.913359,0.000539
4,5,8,1,0|0|1|0|4,0|2|1|0|0,0,10,3.907103,0.001043,10,3.906929,0.001125
4,5,8,1,0|0|1|0|0,0|2|1|1|3,0,10,3.936980,0.000974,10,3.936433,0.000942
4,5,8,1,0|0|1|0|1,0|2|1|1|2,0,10,3.937228,0.001405,10,3.937733,0.001144
4,5,8,1,0|0|1|0|2,0|2|1|1|1,0,10,3.934577,0.000943,10,3.935113,0.001114
4,5,8,1,0|0|1|0|3,0|2|1|1|0,0,10,3.930034,0.001028,10,3.929498,0.000843
4,5,8,1,0|0|1|0|0,0|2|1|2|2,0,10,3.936767,0.001618,10,3.936192,0.001034
4,5,8,1,0|0|1|0|1,0|2|1|2|1,0,10,3.935834,0.001141,10,3.935476,0.000891
4,5,8,1,0|0|1|0|2,0|2|1|2|0,0,10,3.929855,0.000718,10,3.929668,0.000832
4,5,8,1,0|0|1|0|0,0|2|1|3|1,0,10,3.925520,0.001134,10,3.924712,0.000810
4,5,8,1,0|0|1|0|1,0|2|1|3|0,0,10,3.918112,0.000864,10,3.918821,0.000795
4,5,8,1,0|0|1|0|0,0|2|1|4|0,0,10,3.874292,0.000768,10,3.874413,0.000682
4,5,8,1,0|0|1|1|0,0|2|1|0|3,0,10,3.931056,0.001473,10,3.932302,0.000968
4,5,8,1,0|0|1|1|1,0|2|1|0|2,0,10,3.930878,0.000949,10,3.931032,0.000952
4,5,8,1,0|0|1|1|2,0|2|1|0|1,0,10,3.927720,0.001008,10,3.927102,0.000873
4,5,8,1,0|0|1|1|3,0|2|1|0|0,0,10,3.920415,0.000749,10,3.920426,0.001311
4,5,8,1,0|0|1|1|0,0|2|1|1|2,0,10,3.934770,0.001209,10,3.934805,0.001406
4,5,8,1,0|0|1|1|1,0|2|1|1|1,0,10,3.933871,0.001186,10,3.934216,0.000619
4,5,8,1,0|0|1|1|2,0|2|1|1|0,0,10,3.927153,0.000762,10,3.927091,0.000809
4,5,8,1,0|0|1|1|0,0|2|1|2|1,0,10,3.924144,0.000926,10,3.924970,0.000919
4,5,8,1,0|0|1|1|1,0|2|1|2|0,0,10,3.917414,0.000729,10,3.917908,0.000986
4,5,8,1,0|0|1|1|0,0|2|1|3|0,0,10,3.874859,0.000590,10,3.875153,0.000526
4,5,8,1,0|0|1|2|0,0|2|1|0|2,0,10,3.928245,0.000908,10,3.928201,0.001552
4,5,8,1,0|0|1|2|1,0|2|1|0|1,0,10,3.926342,0.000619,10,3.927038,0.000915
4,5,8,1,0|0|1|2|2,0|2|1|0|0,0,10,3.916596,0.000965,10,3.916975,0.000832
4,5,8,1,0|0|1|2|0,0|2|1|1|1,0,10,3.920302,0.001096,10,3.921440,0.000757
4,5,8,1,0|0|1|2|1,0|2|1|1|0,0,10,3.912814,0.000782,10,3.913095,0.000489
4,5,8,1,0|0|1|2|0,0|2|1|2|0,0,10,3.871731,0.000792,10,3.871530,0.000731
4,5,8,1,0|0|1|3|0,0|2|1|0|1,0,10,3.914014,0.000768,10,3.914050,0.000765
4,5,8,1,0|0|1|3|1,0|2|1|0|0,0,10,3.903864,0.000804,10,3.903933,0.000811
4,5,8,1,0|0|1|3|0,0|2|1|1|0,0,10,3.866549,0.000451,10,3.866556,0.000591
4,5,8,1,0|0|1|4|0,0|2|1|0|0,0,10,3.857564,0.000766,10,3.857347,0.000526
4,5,8,1,0|0|1|0|0,0|2|2|0|3,0,10,3.905967,0.001285,10,3.905547,0.000903
4,5,8,1,0|0|1|0|1,0|2|2|0|2,0,10,3.906929,0.001108,10,3.906502,0.000859
4,5,8,1,0|0|1|0|2,0|2|2|0|1,0,10,3.901184,0.001222,10,3.901172,0.001234
4,5,8,1,0|0|1|0|3,0|2|2|0|0,0,10,3.889812,0.000736,10,3.890578,0.001019
4,5,8,1,0|0|1|0|0,0|2|2|1|2,0,10,3.924997,0.001276,10,3.924584,0.000846
4,5,8,1,0|0|1|0|1,0|2|2|1|1,0,10,3.923459,0.001225,10,3.923535,0.000919
4,5,8,1,0|0|1|0|2,0|2|2|1|0,0,10,3.914693,0.001384,10,3.914266,0.000983
4,5,8,1,0|0|1|0|0,0|2|2|2|1,0,10,3.914898,0.000447,10,3.914968,0.001395
4,5,8,1,0|0|1|0|1,0|2|2|2|0,0,10,3.906290,0.000836,10,3.905919,0.000933
4,5,8,1,0|0|1|0|0,0|2|2|3|0,0,10,3.859562,0.000493,10,3.859758,0.000549
4,5,8,1,0|0|1|1|0,0|2|2|0|2,0,10,3.917116,0.000919,10,3.916825,0.000953
4,5,8,1,0|0|1|1|1,0|2|2|0|1,0,10,3.913664,0.000921,10,3.913381,0.001148
4,5,8,1,0|0|1|1|2,0|2|2|0|0,0,10,3.900881,0.000603,10,3.901019,0.000479
4,5,8,1,0|0|1|1|0,0|2|2|1|1,0,10,3.912051,0.000656,10,3.912350,0.000814
4,5,8,1,0|0|1|1|1,0|2|2|1|0,0,10,3.902286,0.000680,10,3.902232,0.000977
4,5,8,1,0|0|1|1|0,0|2|2|2|0,0,10,3.859366,0.000536,10,3.859381,0.000413
4,5,8,1,0|0|1|2|0,0|2|2|0|1,0,10,3.901498,0.000848,10,3.901699,0.000667
4,5,8,1,0|0|1|2|1,0|2|2|0|0,0,10,3.888196,0.000455,10,3.888153,0.000608
4,5,8,1,0|0|1|2|0,0|2|2|1|0,0,10,3.852497,0.000644,10,3.852674,0.000615
4,5,8,1,0|0|1|3|0,0|2|2|0|0,0,10,3.838650,0.000593,10,3.838769,0.000586
4,5,8,1,0|0|1|0|0,0|2|3|0|2,0,10,3.878984,0.000705,10,3.879222,0.000808
4,5,8,1,0|0|1|0|1,0|2|3|0|1,0,10,3.876498,0.000707,10,3.876944,0.000707
4,5,8,1,0|0|1|0|2,0|2|3|0|0,0,10,3.857534,0.000950,10,3.856982,0.000586
4,5,8,1,0|0|1|0|0,0|2|3|1|1,0,10,3.890126,0.000865,10,3.890240,0.000862
4,5,8,1,0|0|1|0|1,0|2|3|1|0,0,10,3.878542,0.000865,10,3.878443,0.000595
4,5,8,1,0|0|1|0|0,0|2|3|2|0,0,10,3.829887,0.000547,10,3.830109,0.000601
4,5,8,1,0|0|1|1|0,0|2|3|0|1,0,10,3.876764,0.000909,10,3.876628,0.000582
4,5,8,1,0|0|1|1|1,0|2|3|0|0,0,10,3.858618,0.000814,10,3.858485,0.000656
4,5,8,1,0|0|1|1|0,0|2|3|1|0,0,10,3.825178,0.000439,10,3.825542,0.000465
4,5,8,1,0|0|1|2|0,0|2|3|0|0,0,10,3.805108,0.000580,10,3.805128,0.000616
4,5,8,1,0|0|1|0|0,0|2|4|0|1,0,10,3.812443,0.000545,10,3.812542,0.000762
4,5,8,1,0|0|1|0|1,0|2|4|0|0,0,10,3.787413,0.000382,10,3.787697,0.000807
4,5,8,1,0|0|1|0|0,0|2|4|1|0,0,10,3.768294,0.000539,10,3.768384,0.000480
4,5,8,1,0|0|1|1|0,0|2|4|0|0,0,10,3.743477,0.000660,10,3.743298,0.000406
4,5,8,1,0|0|1|0|0,0|2|5|0|0,0,10,3.584529,0.000510,10,3.584468,0.000317
4,5,8,1,0|0|2|0|0,0|2|0|0|4,0,10,3.915119,0.000884,10,3.914208,0.001164
4,5,8,1,0|0|2|0|1,0|2|0|0|3,0,10,3.915681,0.000790,10,3.916276,0.000718
4,5,8,1,0|0|2|0|2,0|2|0|0|2,0,10,3.913757,0.000996,10,3.914132,0.000644
4,5,8,1,0|0|2|0|3,0|2|0|0|1,0,10,3.910505,0.001113,10,3.909783,0.000827
4,5,8,1,0|0|2|0|4,0|2|0|0|0,0,10,3.903340,0.000746,10,3.902746,0.001108
4,5,8,1,0|0|2|0|0,0|2|0|1|3,0,10,3.934933,0.001375,10,3.935338,0.000854
4,5,8,1,0|0|2|0|1,0|2|0|1|2,0,10,3.935709,0.001342,10,3.936324,0.001203
4,5,8,1,0|0|2|0|2,0|2|0|1|1,0,10,3.933002,0.001090,10,3.932919,0.000797
4,5,8,1,0|0|2|0|3,0|2|0|1|0,0,10,3.927365,0.000795,10,3.927727,0.000980
4,5,8,1,0|0|2|0|0,0|2|0|2|2,0,10,3.934378,0.000773,10,3.934828,0.000808
4,5,8,1,0|0|2|0|1,0|2|0|2|1,0,10,3.934619,0.000997,10,3.933723,0.001377
4,5,8,1,0|0|2|0|2,0|2|0|2|0,0,10,3.926135,0.001076,10,3.927462,0.000872
4,5,8,1,0|0|2|0|0,0|2|0|3|1,0,10,3.922262,0.000486,10,3.922047,0.000540
4,5,8,1,0|0|2|0|1,0|2|0|3|0,0,10,3.915492,0.000521,10,3.915124,0.000649
4,5,8,1,0|0|2|0|0,0|2|0|4|0,0,10,3.869074,0.000677,10,3.869308,0.000670
4,5,8,1,0|0|2|1|0,0|2|0|0|3,0,10,3.928720,0.000937,10,3.928840,0.001465
4,5,8,1,0|0|2|1|1,0|2|0|0|2,0,10,3.928508,0.001294,10,3.928610,0.000949
4,5,8,1,0|0|2|1|2,0|2|0|0|1,0,10,3.925375,0.001410,10,3.924646,0.000591
4,5,8,1,0|0|2|1|3,0|2|0|0|0,0,10,3.916715,0.001023,10,3.916703,0.000643
4,5,8,1,0|0|2|1|0,0|2|0|1|2,0,10,3.933056,0.000830,10,3.932983,0.000950
4,5,8,1,0|0|2|1|1,0|2|0|1|1,0,10,3.930757,0.000682,10,3.931152,0.000571
4,5,8,1,0|0|2|1|2,0|2|0|1|0,0,10,3.923478,0.001019,10,3.924479,0.001059
4,5,8,1,0|0|2|1|0,0|2|0|2|1,0,10,3.921795,0.000421,10,3.921661,0.000505
4,5,8,1,0|0|2|1|1,0|2|0|2|0,0,10,3.914318,0.000831,10,3.914579,0.000589
4,5,8,1,0|0|2|1|0,0|2|0|3|0,0,10,3.870392,0.000456,10,3.870328,0.000416
4,5,8,1,0|0|2|2|0,0|2|0|0|2,0,10,3.925375,0.001120,10,3.925614,0.000970
4,5,8,1,0|0|2|2|1,0|2|0|0|1,0,10,3.923049,0.001488,10,3.923591,0.001016
4,5,8,1,0|0|2|2|2,0|2|0|0|0,0,10,3.911373,0.000810,10,3.911484,0.000545
4,5,8,1,0|0|2|2|0,0|2|0|1|1,0,10,3.916985,0.000476,10,3.916881,0.001270
4,5,8,1,0|0|2|2|1,0|2|0|1|0,0,10,3.908479,0.000964,10,3.908356,0.000700
4,5,8,1,0|0|2|2|0,0|2|0|2|0,0,10,3.865954,0.000651,10,3.866162,0.000894
4,5,8,1,0|0|2|3|0,0|2|0|0|1,0,10,3.909184,0.001057,10,3.908858,0.000672
4,5,8,1,0|0|2|3|1,0|2|0|0|0,0,10,3.897378,0.000826,10,3.897827,0.000732
4,5,8,1,0|0|2|3|0,0|2|0|1|0,0,10,3.860369,0.000555,10,3.860489,0.000770
4,5,8,1,0|0|2|4|0,0|2|0|0|0,0,10,3.849402,0.000700,10,3.849464,0.000520
4,5,8,1,0|0|2|0|0,0|2|1|0|3,0,10,3.904481,0.001240,10,3.904087,0.000742
4,5,8,1,0|0|2|0|1,0|2|1|0|2,0,10,3.905433,0.001183,10,3.905636,0.001059
4,5,8,1,0|0|2|0|2,0|2|1|0|1,0,10,3.899574,0.001259,10,3.899978,0.001114
4,5,8,1,0|0|2|0|3,0|2|1|0|0,0,10,3.887481,0.000965,10,3.887626,0.000718
4,5,8,1,0|0|2|0|0,0|2|1|1|2,0,10,3.923545,0.001074,10,3.923291,0.001007
4,5,8,1,0|0|2|0|1,0|2|1|1|1,0,10,3.922183,0.000826,10,3.922105,0.000718
4,5,8,1,0|0|2|0|2,0|2|1|1|0,0,10,3.912997,0.000813,10,3.912973,0.000830
4,5,8,1,0|0|2|0|0,0|2|1|2|1,0,10,3.912681,0.000681,10,3.913337,0.000862
4,5,8,1,0|0|2|0|1,0|2|1|2|0,0,10,3.904177,0.000907,10,3.904258,0.000951
4,5,8,1,0|0|2|0|0,0|2|1|3|0,0,10,3.857071,0.000406,10,3.857426,0.000578
4,5,8,1,0|0|2|1|0,0|2|1|0|2,0,10,3.915073,0.000705,10,3.914778,0.001109
4,5,8,1,0|0|2|1|1,0|2|1|0|1,0,10,3.911648,0.000935,10,3.911719,0.000740
4,5,8,1,0|0|2|1|2,0|2|1|0|0,0,10,3.897754,0.000920,10,3.898397,0.000619
4,5,8,1,0|0|2|1|0,0|2|1|1|1,0,10,3.910172,0.000845,10,3.910650,0.000674
4,5,8,1,0|0|2|1|1,0|2|1|1|0,0,10,3.900152,0.000557,10,3.900157,0.000781
4,5,8,1,0|0|2|1|0,0|2|1|2|0,0,10,3.857241,0.000635,10,3.857107,0.000579
4,5,8,1,0|0|2|2|0,0|2|1|0|1,0,10,3.899228,0.000882,10,3.899158,0.000562
4,5,8,1,0|0|2|2|1,0|2|1|0|0,0,10,3.884410,0.000627,10,3.884701,0.000660
4,5,8,1,0|0|2|2|0,0|2|1|1|0,0,10,3.849497,0.000601,10,3.849422,0.000714
4,5,8,1,0|0|2|3|0,0|2|1|0|0,0,10,3.834248,0.000589,10,3.834344,0.000665
4,5,8,1,0|0|2|0|0,0|2|2|0|2,0,10,3.878207,0.000629,10,3.878304,0.000997
4,5,8,1,0|0|2|0|1,0|2|2|0|1,0,10,3.876062,0.000592,10,3.875670,0.001048
4,5,8,1,0|0|2|0|2,0|2|2|0|0,0,10,3.854818,0.000992,10,3.855286,0.000449
4,5,8,1,0|0|2|0|0,0|2|2|1|1,0,10,3.889166,0.000741,10,3.889503,0.000811
4,5,8,1,0|0|2|0|1,0|2|2|1|0,0,10,3.876463,0.000688,10,3.876545,0.000530
4,5,8,1,0|0|2|0|0,0|2|2|2|0,0,10,3.827938,0.000739,10,3.828044,0.000424
4,5,8,1,0|0|2|1|0,0|2|2|0|1,0,10,3.874959,0.000706,10,3.874684,0.000782
4,5,8,1,0|0|2|1|1,0|2|2|0|0,0,10,3.855970,0.000695,10,3.856106,0.000655
4,5,8,1,0|0|2|1|0,0|2|2|1|0,0,10,3.823692,0.000297,10,3.823431,0.000544
4,5,8,1,0|0|2|2|0,0|2|2|0|0,0,10,3.801756,0.000491,10,3.801674,0.000369
4,5,8,1,0|0|2|0|0,0|2|3|0|1,0,10,3.811596,0.000602,10,3.811629,0.000513
4,5,8,1,0|0|2|0|1,0|2|3|0|0,0,10,3.786658,0.000488,10,3.786294,0.000611
4,5,8,1,0|0|2|0|0,0|2|3|1|0,0,10,3.767558,0.000486,10,3.767694,0.000452
4,5,8,1,0|0|2|1|0,0|2|3|0|0,0,10,3.741716,0.000368,10,3.741684,0.000397
4,5,8,1,0|0|2|0|0,0|2|4|0|0,0,10,3.586844,0.000374,10,3.586999,0.000454
4,5,8,1,0|0|3|0|0,0|2|0|0|3,0,10,3.903366,0.000584,10,3.903726,0.000599
4,5,8,1,0|0|3|0|1,0|2|0|0|2,0,10,3.904188,0.001131,10,3.904541,0.000658
4,5,8,1,0|0|3|0|2,0|2|0|0|1,0,10,3.898429,0.000686,10,3.899306,0.000596
4,5,8,1,0|0|3|0|3,0|2|0|0|0,0,10,3.885571,0.000807,10,3.885528,0.001118
4,5,8,1,0|0|3|0|0,0|2|0|1|2,0,10,3.922834,0.001050,10,3.922399,0.001097
4,5,8,1,0|0|3|0|1,0|2|0|1|1,0,10,3.921643,0.000801,10,3.920859,0.001437
4,5,8,1,0|0|3|0|2,0|2|0|1|0,0,10,3.911420,0.000899,10,3.911782,0.001072
4,5,8,1,0|0|3|0|0,0|2|0|2|1,0,10,3.912311,0.000823,10,3.911686,0.000887
4,5,8,1,0|0|3|0|1,0|2|0|2|0,0,10,3.902609,0.000752,10,3.903343,0.000725
4,5,8,1,0|0|3|0|0,0|2|0|3|0,0,10,3.855094,0.000642,10,3.855097,0.000564
4,5,8,1,0|0|3|1|0,0|2|0|0|2,0,10,3.913819,0.000907,10,3.913957,0.001189
4,5,8,1,0|0|3|1|1,0|2|0|0|1,0,10,3.910165,0.001128,10,3.909878,0.001137
4,5,8,1,0|0|3|1|2,0|2|0|0|0,0,10,3.896199,0.000695,10,3.895839,0.000378
4,5,8,1,0|0|3|1|0,0|2|0|1|1,0,10,3.909280,0.001242,10,3.909181,0.000814
4,5,8,1,0|0|3|1|1,0|2|0|1|0,0,10,3.898838,0.000723,10,3.899069,0.000833
4,5,8,1,0|0|3|1|0,0|2|0|2|0,0,10,3.855020,0.000896,10,3.855064,0.000426
4,5,8,1,0|0|3|2|0,0|2|0|0|1,0,10,3.897368,0.000622,10,3.897306,0.000517
4,5,8,1,0|0|3|2|1,0|2|0|0|0,0,10,3.882365,0.000758,10,3.882295,0.000760
4,5,8,1,0|0|3|2|0,0|2|0|1|0,0,10,3.847143,0.000682,10,3.846848,0.000712
4,5,8,1,0|0|3|3|0,0|2|0|0|0,0,10,3.830619,0.000446,10,3.830522,0.000328
4,5,8,1,0|0|3|0|0,0|2|1|0|2,0,10,3.877282,0.000850,10,3.877265,0.000672
4,5,8,1,0|0|3|0|1,0|2|1|0|1,0,10,3.875284,0.000646,10,3.875331,0.001075
4,5,8,1,0|0|3|0|2,0|2|1|0|0,0,10,3.853808,0.000543,10,3.853525,0.001075
4,5,8,1,0|0|3|0|0,0|2|1|1|1,0,10,3.888994,0.000730,10,3.888222,0.000832
4,5,8,1,0|0|3|0|1,0|2|1|1|0,0,10,3.875454,0.000445,10,3.875730,0.000591
4,5,8,1,0|0|3|0|0,0|2|1|2|0,0,10,3.826893,0.000339,10,3.826698,0.000514
4,5,8,1,0|0|3|1|0,0|2|1|0|1,0,10,3.873834,0.000626,10,3.874315,0.000499
4,5,8,1,0|0|3|1|1,0|2|1|0|0,0,10,3.854873,0.000873,10,3.854752,0.000555
4,5,8,1,0|0|3|1|0,0|2|1|1|0,0,10,3.822635,0.000533,10,3.822815,0.000582
4,5,8,1,0|0|3|2|0,0|2|1|0|0,0,10,3.799804,0.000634,10,3.799927,0.000504
4,5,8,1,0|0|3|0|0,0|2|2|0|1,0,10,3.811476,0.000629,10,3.811324,0.000618
4,5,8,1,0|0|3|0|1,0|2|2|0|0,0,10,3.786124,0.000571,10,3.786427,0.000530
4,5,8,1,0|0|3|0|0,0|2|2|1|0,0,10,3.767381,0.000603,10,3.767182,0.000535
4,5,8,1,0|0|3|1|0,0|2|2|0|0,0,10,3.740988,0.000423,10,3.741473,0.000307
4,5,8,1,0|0|3|0|0,0|2|3|0|0,0,10,3.587736,0.000483,10,3.587685,0.000487
4,5,8,1,0|0|4|0|0,0|2|0|0|2,0,10,3.876780,0.000781,10,3.877774,0.000855
4,5,8,1,0|0|4|0|1,0|2|0|0|1,0,10,3.874882,0.000702,10,3.874985,0.000708
4,5,8,1,0|0|4|0|2,0|2|0|0|0,0,10,3.853214,0.000804,10,3.852960,0.000970
4,5,8,1,0|0|4|0|0,0|2|0|1|1,0,10,3.888084,0.000835,10,3.887758,0.000941
4,5,8,1,0|0|4|0|1,0|2|0|1|0,0,10,3.875451,0.000663,10,3.874932,0.000824
4,5,8,1,0|0|4|0|0,0|2|0|2|0,0,10,3.826045,0.000643,10,3.825880,0.000658
4,5,8,1,0|0|4|1|0,0|2|0|0|1,0,10,3.873912,0.000578,10,3.873435,0.001042
4,5,8,1,0|0|4|1|1,0|2|0|0|0,0,10,3.854094,0.001096,10,3.854209,0.000905
4,5,8,1,0|0|4|1|0,0|2|0|1|0,0,10,3.822183,0.000508,10,3.822221,0.000737
4,5,8,1,0|0|4|2|0,0|2|0|0|0,0,10,3.798312,0.000663,10,3.798416,0.000534
4,5,8,1,0|0|4|0|0,0|2|1|0|1,0,10,3.811414,0.000666,10,3.811876,0.000509
4,5,8,1,0|0|4|0|1,0|2|1|0|0,0,10,3.785928,0.000506,10,3.785704,0.000557
4,5,8,1,0|0|4|0|0,0|2|1|1|0,0,10,3.767038,0.000678,10,3.767135,0.000309
4,5,8,1,0|0|4|1|0,0|2|1|0|0,0,10,3.740964,0.000780,10,3.740927,0.000375
4,5,8,1,0|0|4|0|0,0|2|2|0|0,0,10,3.588168,0.000411,10,3.588040,0.000639
4,5,8,1,0|0|5|0|0,0|2|0|0|1,0,10,3.811187,0.000698,10,3.811596,0.000320
4,5,8,1,0|0|5|0|1,0|2|0|0|0,0,10,3.785599,0.000498,10,3.785649,0.000692
4,5,8,1,0|0|5|0|0,0|2|0|1|0,0,10,3.766732,0.000299,10,3.766918,0.000650
4,5,8,1,0|0|5|1|0,0|2|0|0|0,0,10,3.740525,0.000371,10,3.740713,0.000351
4,5,8,1,0|0|5|0|0,0|2|1|0|0,0,10,3.588207,0.000384,10,3.588376,0.000573
4,5,8,1,0|0|6|0|0,0|2|0|0|0,0,10,3.588211,0.000737,10,3.587932,0.000355
4,5,8,1,0|0|0|0|0,0|3|0|0|5,0,10,3.883858,0.001094,10,3.884201,0.001066
4,5,8,1,0|0|0|0|1,0|3|0|0|4,0,10,3.886219,0.000989,10,3.885827,0.001567
4,5,8,1,0|0|0|0|2,0|3|0|0|3,0,10,3.885351,0.001028,10,3.884930,0.001237
4,5,8,1,0|0|0|0|3,0|3|0|0|2,0,10,3.883286,0.001006,10,3.883095,0.001405
4,5,8,1,0|0|0|0|4,0|3|0|0|1,0,10,3.880502,0.001274,10,3.879618,0.001281
4,5,8,1,0|0|0|0|5,0|3|0|0|0,0,10,3.874349,0.001202,10,3.874429,0.001086
4,5,8,1,0|0|0|0|0,0|3|0|1|4,0,10,3.925553,0.001389,10,3.926229,0.000792
4,5,8,1,0|0|0|0|1,0|3|0|1|3,0,10,3.927009,0.001137,10,3.927472,0.002085
4,5,8,1,0|0|0|0|2,0|3|0|1|2,0,10,3.926416,0.000886,10,3.925874,0.001506
4,5,8,1,0|0|0|0|3,0|3|0|1|1,0,10,3.923915,0.000999,10,3.923896,0.000939
4,5,8,1,0|0|0|0|4,0|3|0|1|0,0,10,3.918821,0.001176,10,3.918859,0.001099
4,5,8,1,0|0|0|0|0,0|3|0|2|3,0,10,3.927123,0.001404,10,3.927294,0.000960
4,5,8,1,0|0|0|0|1,0|3|0|2|2,0,10,3.928727,0.001152,10,3.928698,0.000757
4,5,8,1,0|0|0|0|2,0|3|0|2|1,0,10,3.924998,0.000931,10,3.925383,0.000940
4,5,8,1,0|0|0|0|3,0|3|0|2|0,0,10,3.918355,0.001073,10,3.917889,0.001220
4,5,8,1,0|0|0|0|0,0|3|0|3|2,0,10,3.917942,0.000867,10,3.917780,0.001301
4,5,8,1,0|0|0|0|1,0|3|0|3|1,0,10,3.917209,0.000893,10,3.918194,0.000777
4,5,8,1,0|0|0|0|2,0|3|0|3|0,0,10,3.906708,0.000857,10,3.906573,0.000635
4,5,8,1,0|0|0|0|0,0|3|0|4|1,0,10,3.889176,0.000704,10,3.889440,0.000665
4,5,8,1,0|0|0|0|1,0|3|0|4|0,0,10,3.876697,0.000613,10,3.877354,0.000555
4,5,8,1,0|0|0|0|0,0|3|0|5|0,0,10,3.775811,0.000552,10,3.775899,0.000361
4,5,8,1,0|0|0|1|0,0|3|0|0|4,0,10,3.921039,0.001352,10,3.921451,0.001334
4,5,8,1,0|0|0|1|1,0|3|0|0|3,0,10,3.921744,0.000898,10,3.921668,0.000768
4,5,8,1,0|0|0|1|2,0|3|0|0|2,0,10,3.920087,0.000985,10,3.919622,0.000770
4,5,8,1,0|0|0|1|3,0|3|0|0|1,0,10,3.916275,0.000975,10,3.916385,0.000921
4,5,8,1,0|0|0|1|4,0|3|0|0|0,0,10,3.910278,0.001144,10,3.910534,0.000878
4,5,8,1,0|0|0|1|0,0|3|0|1|3,0,10,3.926459,0.001361,10,3.926630,0.000944
4,5,8,1,0|0|0|1|1,0|3|0|1|2,0,10,3.927307,0.000573,10,3.927590,0.001680
4,5,8,1,0|0|0|1|2,0|3|0|1|1,0,10,3.924405,0.001125,10,3.923868,0.000755
4,5,8,1,0|0|0|1|3,0|3|0|1|0,0,10,3.917364,0.000940,10,3.916966,0.001090
4,5,8,1,0|0|0|1|0,0|3|0|2|2,0,10,3.917718,0.000948,10,3.918230,0.000803
4,5,8,1,0|0|0|1|1,0|3|0|2|1,0,10,3.916904,0.001249,10,3.917430,0.000831
4,5,8,1,0|0|0|1|2,0|3|0|2|0,0,10,3.906331,0.000595,10,3.906170,0.000538
4,5,8,1,0|0|0|1|0,0|3|0|3|1,0,10,3.888762,0.000717,10,3.889274,0.000751
4,5,8,1,0|0|0|1|1,0|3|0|3|0,0,10,3.876341,0.000437,10,3.876103,0.000610
4,5,8,1,0|0|0|1|0,0|3|0|4|0,0,10,3.777574,0.000408,10,3.777536,0.000592
4,5,8,1,0|0|0|2|0,0|3|0|0|3,0,10,3.921434,0.001190,10,3.921663,0.001288
4,5,8,1,0|0|0|2|1,0|3|0|0|2,0,10,3.921912,0.001290,10,3.922231,0.001055
4,5,8,1,0|0|0|2|2,0|3|0|0|1,0,10,3.917094,0.000936,10,3.917321,0.001357
4,5,8,1,0|0|0|2|3,0|3|0|0|0,0,10,3.907984,0.001207,10,3.907086,0.001215
4,5,8,1,0|0|0|2|0,0|3|0|1|2,0,10,3.915454,0.001352,10,3.915317,0.001264
4,5,8,1,0|0|0|2|1,0|3|0|1|1,0,10,3.913962,0.000929,10,3.913779,0.000597
4,5,8,1,0|0|0|2|2,0|3|0|1|0,0,10,3.901836,0.000649,10,3.902068,0.001438
4,5,8,1,0|0|0|2|0,0|3|0|2|1,0,10,3.886652,0.000730,10,3.887021,0.000657
4,5,8,1,0|0|0|2|1,0|3|0|2|0,0,10,3.873275,0.000576,10,3.873205,0.000360
4,5,8,1,0|0|0|2|0,0|3|0|3|0,0,10,3.777088,0.000539,10,3.777110,0.000332
4,5,8,1,0|0|0|3|0,0|3|0|0|2,0,10,3.910675,0.000932,10,3.910778,0.000950
4,5,8,1,0|0|0|3|1,0|3|0|0|1,0,10,3.910118,0.000662,10,3.909879,0.000792
4,5,8,1,0|0|0|3|2,0|3|0|0|0,0,10,3.894851,0.001019,10,3.894535,0.000562
4,5,8,1,0|0|0|3|0,0|3|0|1|1,0,10,3.884418,0.000905,10,3.884537,0.000476
4,5,8,1,0|0|0|3|1,0|3|0|1|0,0,10,3.870099,0.000422,10,3.870072,0.000581
4,5,8,1,0|0|0|3|0,0|3|0|2|0,0,10,3.775660,0.000366,10,3.775564,0.000401
4,5,8,1,0|0|0|4|0,0|3|0|0|1,0,10,3.880856,0.000652,10,3.881004,0.000721
4,5,8,1,0|0|0|4|1,0|3|0|0|0,0,10,3.865478,0.000778,10,3.865470,0.000869
4,5,8,1,0|0|0|4|0,0|3|0|1|0,0,10,3.773290,0.000337,10,3.773344,0.000288
4,5,8,1,0|0|0|5|0,0|3|0|0|0,0,10,3.769367,0.000421,10,3.769314,0.000269
4,5,8,1,0|0|0|0|0,0|3|1|0|4,0,10,3.912106,0.001340,10,3.911022,0.000771
4,5,8,1,0|0|0|0|1,0|3|1|0|3,0,10,3.913853,0.001136,10,3.913177,0.001252
4,5,8,1,0|0|0|0|2,0|3|1|0|2,0,10,3.912027,0.000891,10,3.912490,0.001610
4,5,8,1,0|0|0|0|3,0|3|1|0|1,0,10,3.908339,0.000844,10,3.908431,0.000736
4,5,8,1,0|0|0|0|4,0|3|1|0|0,0,10,3.901735,0.000941,10,3.902393,0.001347
4,5,8,1,0|0|0|0|0,0|3|1|1|3,0,10,3.935257,0.001099,10,3.934119,0.000862
4,5,8,1,0|0|0|0|1,0|3|1|1|2,0,10,3.934982,0.000537,10,3.935652,0.001253
4,5,8,1,0|0|0|0|2,0|3|1|1|1,0,10,3.933797,0.001464,10,3.933451,0.001408
4,5,8,1,0|0|0|0|3,0|3|1|1|0,0,10,3.928295,0.001338,10,3.927993,0.001021
4,5,8,1,0|0|0|0|0,0|3|1|2|2,0,10,3.934228,0.000991,10,3.934334,0.000954
4,5,8,1,0|0|0|0|1,0|3|1|2|1,0,10,3.934275,0.001023,10,3.934677,0.001309
4,5,8,1,0|0|0|0|2,0|3|1|2|0,0,10,3.927684,0.000866,10,3.927250,0.001503
4,5,8,1,0|0|0|0|0,0|3|1|3|1,0,10,3.921238,0.001125,10,3.922043,0.001072
4,5,8,1,0|0|0|0|1,0|3|1|3|0,0,10,3.914823,0.001019,10,3.914881,0.000902
4,5,8,1,0|0|0|0|0,0|3|1|4|0,0,10,3.863710,0.000411,10,3.864046,0.000532
4,5,8,1,0|0|0|1|0,0|3|1|0|3,0,10,3.929921,0.000905,10,3.930247,0.000656
4,5,8,1,0|0|0|1|1,0|3|1|0|2,0,10,3.929675,0.000840,10,3.929813,0.001092
4,5,8,1,0|0|0|1|2,0|3|1|0|1,0,10,3.926621,0.000810,10,3.926135,0.000758
4,5,8,1,0|0|0|1|3,0|3|1|0|0,0,10,3.919380,0.001329,10,3.918708,0.001011
4,5,8,1,0|0|0|1|0,0|3|1|1|2,0,10,3.932955,0.001299,10,3.933460,0.001076
4,5,8,1,0|0|0|1|1,0|3|1|1|1,0,10,3.932146,0.000570,10,3.932324,0.000741
4,5,8,1,0|0|0|1|2,0|3|1|1|0,0,10,3.925556,0.001049,10,3.925491,0.000903
4,5,8,1,0|0|0|1|0,0|3|1|2|1,0,10,3.921586,0.000879,10,3.921827,0.000533
4,5,8,1,0|0|0|1|1,0|3|1|2|0,0,10,3.914478,0.000882,10,3.914251,0.000669
4,5,8,1,0|0|0|1|0,0|3|1|3|0,0,10,3.865740,0.000631,10,3.865546,0.000474
4,5,8,1,0|0|0|2|0,0|3|1|0|2,0,10,3.927429,0.001115,10,3.926608,0.000719
4,5,8,1,0|0|0|2|1,0|3|1|0|1,0,10,3.925497,0.001140,10,3.925878,0.000567
4,5,8,1,0|0|0|2|2,0|3|1|0|0,0,10,3.914884,0.000881,10,3.915901,0.000729
4,5,8,1,0|0|0|2|0,0|3|1|1|1,0,10,3.918624,0.000854,10,3.918086,0.001138
4,5,8,1,0|0|0|2|1,0|3|1|1|0,0,10,3.909840,0.000633,10,3.909540,0.000666
4,5,8,1,0|0|0|2|0,0|3|1|2|0,0,10,3.862310,0.000661,10,3.862703,0.000502
4,5,8,1,0|0|0|3|0,0|3|1|0|1,0,10,3.911306,0.000979,10,3.911967,0.001091
4,5,8,1,0|0|0|3|1,0|3|1|0|0,0,10,3.901154,0.000645,10,3.901629,0.000576
4,5,8,1,0|0|0|3|0,0|3|1|1|0,0,10,3.857865,0.000461,10,3.857894,0.000468
4,5,8,1,0|0|0|4|0,0|3|1|0|0,0,10,3.849171,0.000402,10,3.849080,0.000664
4,5,8,1,0|0|0|0|0,0|3|2|0|3,0,10,3.904098,0.000491,10,3.903554,0.001310
4,5,8,1,0|0|0|0|1,0|3|2|0|2,0,10,3.905378,0.001223,10,3.905378,0.000574
4,5,8,1,0|0|0|0|2,0|3|2|0|1,0,10,3.900951,0.001166,10,3.899883,0.000834
4,5,8,1,0|0|0|0|3,0|3|2|0|0,0,10,3.889713,0.000724,10,3.888888,0.001227
4,5,8,1,0|0|0|0|0,0|3|2|1|2,0,10,3.924307,0.000671,10,3.924784,0.000794
4,5,8,1,0|0|0|0|1,0|3|2|1|1,0,10,3.924027,0.001028,10,3.923942,0.000904
4,5,8,1,0|0|0|0|2,0|3|2|1|0,0,10,3.914842,0.000650,10,3.914583,0.000750
4,5,8,1,0|0|0|0|0,0|3|2|2|1,0,10,3.914364,0.000690,10,3.914737,0.000660
4,5,8,1,0|0|0|0|1,0|3|2|2|0,0,10,3.906882,0.000747,10,3.906467,0.001067
4,5,8,1,0|0|0|0|0,0|3|2|3|0,0,10,3.857298,0.000348,10,3.857531,0.000450
4,5,8,1,0|0|0|1|0,0|3|2|0|2,0,10,3.917511,0.000919,10,3.917484,0.001064
4,5,8,1,0|0|0|1|1,0|3|2|0|1,0,10,3.914668,0.000950,10,3.914975,0.001035
4,5,8,1,0|0|0|1|2,0|3|2|0|0,0,10,3.902762,0.000665,10,3.902926,0.001112
4,5,8,1,0|0|0|1|0,0|3|2|1|1,0,10,3.912600,0.000859,10,3.913179,0.000876
4,5,8,1,0|0|0|1|1,0|3|2|1|0,0,10,3.903944,0.000454,10,3.903916,0.000890
4,5,8,1,0|0|0|1|0,0|3|2|2|0,0,10,3.858269,0.000641,10,3.858360,0.000729
4,5,8,1,0|0|0|2|0,0|3|2|0|1,0,10,3.903144,0.000619,10,3.903461,0.000730
4,5,8,1,0|0|0|2|1,0|3|2|0|0,0,10,3.889740,0.000837,10,3.890107,0.001090
4,5,8,1,0|0|0|2|0,0|3|2|1|0,0,10,3.851900,0.000654,10,3.851516,0.000487
4,5,8,1,0|0|0|3|0,0|3|2|0|0,0,10,3.838491,0.000633,10,3.837851,0.000715
4,5,8,1,0|0|0|0|0,0|3|3|0|2,0,10,3.878534,0.000687,10,3.878849,0.000844
4,5,8,1,0|0|0|0|1,0|3|3|0|1,0,10,3.877685,0.000896,10,3.877098,0.000631
4,5,8,1,0|0|0|0|2,0|3|3|0|0,0,10,3.857770,0.000942,10,3.857747,0.000551
4,5,8,1,0|0|0|0|0,0|3|3|1|1,0,10,3.891926,0.000778,10,3.891550,0.000982
4,5,8,1,0|0|0|0|1,0|3|3|1|0,0,10,3.879751,0.000750,10,3.879681,0.000941
4,5,8,1,0|0|0|0|0,0|3|3|2|0,0,10,3.829844,0.000708,10,3.829576,0.000723
4,5,8,1,0|0|0|1|0,0|3|3|0|1,0,10,3.879375,0.000661,10,3.879444,0.000749
4,5,8,1,0|0|0|1|1,0|3|3|0|0,0,10,3.861997,0.000460,10,3.861602,0.000491
4,5,8,1,0|0|0|1|0,0|3|3|1|0,0,10,3.826807,0.000373,10,3.827016,0.000484
4,5,8,1,0|0|0|2|0,0|3|3|0|0,0,10,3.806767,0.000545,10,3.807303,0.000477
4,5,8,1,0|0|0|0|0,0|3|4|0|1,0,10,3.812234,0.000587,10,3.812661,0.000556
4,5,8,1,0|0|0|0|1,0|3|4|0|0,0,10,3.788665,0.000362,10,3.788608,0.000690
4,5,8,1,0|0|0|0|0,0|3|4|1|0,0,10,3.769083,0.000452,10,3.768826,0.000398
4,5,8,1,0|0|0|1|0,0|3|4|0|0,0,10,3.745752,0.000393,10,3.745793,0.000487
4,5,8,1,0|0|0|0|0,0|3|5|0|0,0,10,3.579125,0.000501,10,3.579242,0.000431
4,5,8,1,0|0|1|0|0,0|3|0|0|4,0,10,3.908613,0.001421,10,3.908845,0.001170
4,5,8,1,0|0|1|0|1,0|3|0|0|3,0,10,3.909661,0.000959,10,3.909965,0.000771
4,5,8,1,0|0|1|0|2,0|3|0|0|2,0,10,3.907481,0.000607,10,3.907468,0.001328
4,5,8,1,0|0|1|0|3,0|3|0|0|1,0,10,3.903599,0.000601,10,3.903347,0.001194
4,5,8,1,0|0|1|0|4,0|3|0|0|0,0,10,3.896305,0.000994,10,3.896150,0.000933
4,5,8,1,0|0|1|0|0,0|3|0|1|3,0,10,3.931828,0.001073,10,3.931157,0.000996
4,5,8,1,0|0|1|0|1,0|3|0|1|2,0,10,3.931871,0.000997,10,3.932310,0.000957
4,5,8,1,0|0|1|0|2,0|3|0|1|1,0,10,3.929519,0.000990,10,3.929178,0.000791
4,5,8,1,0|0|1|0|3,0|3|0|1|0,0,10,3.923358,0.000959,10,3.924009,0.001033
4,5,8,1,0|0|1|0|0,0|3|0|2|2,0,10,3.931116,0.000805,10,3.930479,0.001209
4,5,8,1,0|0|1|0|1,0|3|0|2|1,0,10,3.930343,0.001728,10,3.930196,0.000885
4,5,8,1,0|0|1|0|2,0|3|0|2|0,0,10,3.921978,0.000877,10,3.921928,0.000721
4,5,8,1,0|0|1|0|0,0|3|0|3|1,0,10,3.916430,0.000640,10,3.916292,0.000711
4,5,8,1,0|0|1|0|1,0|3|0|3|0,0,10,3.908268,0.000772,10,3.908049,0.000676
4,5,8,1,0|0|1|0|0,0|3|0|4|0,0,10,3.853993,0.000684,10,3.854523,0.000482
4,5,8,1,0|0|1|1|0,0|3|0|0|3,0,10,3.924715,0.001232,10,3.924654,0.000846
4,5,8,1,0|0|1|1|1,0|3|0|0|2,0,10,3.924907,0.001136,10,3.924959,0.000949
4,5,8,1,0|0|1|1|2,0|3|0|0|1,0,10,3.920541,0.000527,10,3.920275,0.001535
4,5,8,1,0|0|1|1|3,0|3|0|0|0,0,10,3.911011,0.001166,10,3.911676,0.000707
4,5,8,1,0|0|1|1|0,0|3|0|1|2,0,10,3.928493,0.000909,10,3.928541,0.000790
4,5,8,1,0|0|1|1|1,0|3|0|1|1,0,10,3.927150,0.000833,10,3.926733,0.000576
4,5,8,1,0|0|1|1|2,0|3|0|1|0,0,10,3.918816,0.000790,10,3.918873,0.001113
4,5,8,1,0|0|1|1|0,0|3|0|2|1,0,10,3.915556,0.000646,10,3.915328,0.000588
4,5,8,1,0|0|1|1|1,0|3|0|2|0,0,10,3.906570,0.000615,10,3.906827,0.000467
4,5,8,1,0|0|1|1|0,0|3|0|3|0,0,10,3.855463,0.000444,10,3.855544,0.000628
4,5,8,1,0|0|1|2|0,0|3|0|0|2,0,10,3.920925,0.000817,10,3.921779,0.000997
4,5,8,1,0|0|1|2|1,0|3|0|0|1,0,10,3.918309,0.000680,10,3.919029,0.000695
4,5,8,1,0|0|1|2|2,0|3|0|0|0,0,10,3.906534,0.000644,10,3.906176,0.000738
4,5,8,1,0|0|1|2|0,0|3|0|1|1,0,10,3.911028,0.000571,10,3.911198,0.000681
4,5,8,1,0|0|1|2|1,0|3|0|1|0,0,10,3.901193,0.000731,10,3.900817,0.000664
4,5,8,1,0|0|1|2|0,0|3|0|2|0,0,10,3.851433,0.000464,10,3.851398,0.000581
4,5,8,1,0|0|1|3|0,0|3|0|0|1,0,10,3.903565,0.000979,10,3.903066,0.000893
4,5,8,1,0|0|1|3|1,0|3|0|0|0,0,10,3.891255,0.000691,10,3.891144,0.000325
4,5,8,1,0|0|1|3|0,0|3|0|1|0,0,10,3.846253,0.000513,10,3.846038,0.000539
4,5,8,1,0|0|1|4|0,0|3|0|0|0,0,10,3.836084,0.000571,10,3.835791,0.000559
4,5,8,1,0|0|1|0|0,0|3|1|0|3,0,10,3.904089,0.000987,10,3.902984,0.000982
4,5,8,1,0|0|1|0|1,0|3|1|0|2,0,10,3.904343,0.000732,10,3.903724,0.000969
4,5,8,1,0|0|1|0|2,0|3|1|0|1,0,10,3.899576,0.000801,10,3.899124,0.000681
4,5,8,1,0|0|1|0|3,0|3|1|0|0,0,10,3.887901,0.001128,10,3.887631,0.000778
4,5,8,1,0|0|1|0|0,0|3|1|1|2,0,10,3.923139,0.001040,10,3.922943,0.000868
4,5,8,1,0|0|1|0|1,0|3|1|1|1,0,10,3.921982,0.000568,10,3.922353,0.000844
4,5,8,1,0|0|1|0|2,0|3|1|1|0,0,10,3.912162,0.000956,10,3.912402,0.000775
4,5,8,1,0|0|1|0|0,0|3|1|2|1,0,10,3.912387,0.000930,10,3.912656,0.000833
4,5,8,1,0|0|1|0|1,0|3|1|2|0,0,10,3.904134,0.000840,10,3.904585,0.000984
4,5,8,1,0|0|1|0|0,0|3|1|3|0,0,10,3.856114,0.000496,10,3.856081,0.000485
4,5,8,1,0|0|1|1|0,0|3|1|0|2,0,10,3.914757,0.000825,10,3.915037,0.000586
4,5,8,1,0|0|1|1|1,0|3|1|0|1,0,10,3.911422,0.001081,10,3.910917,0.001395
4,5,8,1,0|0|1|1|2,0|3|1|0|0,0,10,3.898886,0.000717,10,3.898302,0.000571
4,5,8,1,0|0|1|1|0,0|3|1|1|1,0,10,3.909899,0.000865,10,3.910030,0.000933
4,5,8,1,0|0|1|1|1,0|3|1|1|0,0,10,3.899891,0.000847,10,3.899932,0.000798
4,5,8,1,0|0|1|1|0,0|3|1|2|0,0,10,3.855245,0.000788,10,3.855872,0.000619
4,5,8,1,0|0|1|2|0,0|3|1|0|1,0,10,3.899149,0.000953,10,3.899556,0.000850
4,5,8,1,0|0|1|2|1,0|3|1|0|0,0,10,3.885667,0.000798,10,3.885328,0.000653
4,5,8,1,0|0|1|2|0,0|3|1|1|0,0,10,3.848729,0.000614,10,3.848310,0.000523
4,5,8,1,0|0|1|3|0,0|3|1|0|0,0,10,3.834773,0.000452,10,3.834923,0.000442
4,5,8,1,0|0|1|0|0,0|3|2|0|2,0,10,3.878364,0.000664,10,3.878371,0.001140
4,5,8,1,0|0|1|0|1,0|3|2|0|1,0,10,3.876193,0.000844,10,3.876464,0.001033
4,5,8,1,0|0|1|0|2,0|3|2|0|0,0,10,3.856382,0.000660,10,3.856424,0.001113
4,5,8,1,0|0|1|0|0,0|3|2|1|1,0,10,3.890094,0.000617,10,3.890008,0.000701
4,5,8,1,0|0|1|0|1,0|3|2|1|0,0,10,3.877137,0.000531,10,3.877258,0.000792
4,5,8,1,0|0|1|0|0,0|3|2|2|0,0,10,3.828829,0.000501,10,3.828864,0.000277
4,5,8,1,0|0|1|1|0,0|3|2|0|1,0,10,3.876203,0.000717,10,3.875603,0.000546
4,5,8,1,0|0|1|1|1,0|3|2|0|0,0,10,3.857254,0.000408,10,3.857497,0.000666
4,5,8,1,0|0|1|1|0,0|3|2|1|0,0,10,3.824134,0.000770,10,3.824105,0.000450
4,5,8,1,0|0|1|2|0,0|3|2|0|0,0,10,3.804106,0.000793,10,3.804021,0.000733
4,5,8,1,0|0|1|0|0,0|3|3|0|1,0,10,3.812063,0.000422,10,3.812132,0.000506
4,5,8,1,0|0|1|0|1,0|3|3|0|0,0,10,3.787568,0.000717,10,3.787085,0.000597
4,5,8,1,0|0|1|0|0,0|3|3|1|0,0,10,3.768415,0.000204,10,3.768200,0.000275
4,5,8,1,0|0|1|1|0,0|3|3|0|0,0,10,3.743291,0.000455,10,3.743387,0.000575
4,5,8,1,0|0|1|0|0,0|3|4|0|0,0,10,3.584697,0.000384,10,3.584677,0.000587
4,5,8,1,0|0|2|0|0,0|3|0|0|3,0,10,3.901190,0.000925,10,3.901259,0.001018
4,5,8,1,0|0|2|0|1,0|3|0|0|2,0,10,3.902135,0.001093,10,3.901894,0.000687
4,5,8,1,0|0|2|0|2,0|3|0|0|1,0,10,3.895964,0.000909,10,3.896671,0.001137
4,5,8,1,0|0|2|0|3,0|3|0|0|0,0,10,3.882450,0.000809,10,3.883221,0.000822
4,5,8,1,0|0|2|0|0,0|3|0|1|2,0,10,3.920424,0.000843,10,3.921096,0.001111
4,5,8,1,0|0|2|0|1,0|3|0|1|1,0,10,3.919573,0.000723,10,3.919261,0.000828
4,5,8,1,0|0|2|0|2,0|3|0|1|0,0,10,3.909514,0.001148,10,3.908812,0.000656
4,5,8,1,0|0|2|0|0,0|3|0|2|1,0,10,3.909827,0.000776,10,3.909832,0.000765
4,5,8,1,0|0|2|0|1,0|3|0|2|0,0,10,3.900344,0.000619,10,3.900445,0.000602
4,5,8,1,0|0|2|0|0,0|3|0|3|0,0,10,3.850943,0.000555,10,3.850973,0.000693
4,5,8,1,0|0|2|1|0,0|3|0|0|2,0,10,3.911388,0.000922,10,3.911280,0.001005
4,5,8,1,0|0|2|1|1,0|3|0|0|1,0,10,3.907452,0.000866,10,3.907503,0.000604
4,5,8,1,0|0|2|1|2,0|3|0|0|0,0,10,3.892688,0.000932,10,3.892954,0.000552
4,5,8,1,0|0|2|1|0,0|3|0|1|1,0,10,3.906339,0.000981,10,3.906439,0.000786
4,5,8,1,0|0|2|1|1,0|3|0|1|0,0,10,3.895413,0.000730,10,3.895351,0.000945
4,5,8,1,0|0|2|1|0,0|3|0|2|0,0,10,3.850311,0.000627,10,3.850470,0.000388
4,5,8,1,0|0|2|2|0,0|3|0|0|1,0,10,3.893848,0.000680,10,3.894415,0.000929
4,5,8,1,0|0|2|2|1,0|3|0|0|0,0,10,3.878964,0.000647,10,3.879035,0.000798
4,5,8,1,0|0|2|2|0,0|3|0|1|0,0,10,3.842407,0.000589,10,3.841869,0.000288
4,5,8,1,0|0|2|3|0,0|3|0|0|0,0,10,3.825839,0.000595,10,3.825847,0.000510
4,5,8,1,0|0|2|0|0,0|3|1|0|2,0,10,3.877204,0.000736,10,3.877284,0.000634
4,5,8,1,0|0|2|0|1,0|3|1|0|1,0,10,3.874826,0.000767,10,3.874704,0.000630
4,5,8,1,0|0|2|0|2,0|3|1|0|0,0,10,3.853818,0.000859,10,3.853748,0.000811
4,5,8,1,0|0|2|0|0,0|3|1|1|1,0,10,3.888438,0.000806,10,3.887902,0.000657
4,5,8,1,0|0|2|0|1,0|3|1|1|0,0,10,3.874959,0.000738,10,3.875433,0.000729
4,5,8,1,0|0|2|0|0,0|3|1|2|0,0,10,3.826451,0.000437,10,3.826212,0.000581
4,5,8,1,0|0|2|1|0,0|3|1|0|1,0,10,3.873341,0.000623,10,3.873286,0.000638
4,5,8,1,0|0|2|1|1,0|3|1|0|0,0,10,3.854168,0.000647,10,3.854261,0.000797
4,5,8,1,0|0|2|1|0,0|3|1|1|0,0,10,3.821292,0.000367,10,3.821550,0.000592
4,5,8,1,0|0|2|2|0,0|3|1|0|0,0,10,3.799874,0.000504,10,3.799935,0.000240
4,5,8,1,0|0|2|0|0,0|3|2|0|1,0,10,3.811098,0.000710,10,3.811411,0.000345
4,5,8,1,0|0|2|0|1,0|3|2|0|0,0,10,3.785306,0.000600,10,3.785986,0.000745
4,5,8,1,0|0|2|0|0,0|3|2|1|0,0,10,3.766873,0.000370,10,3.767199,0.000466
4,5,8,1,0|0|2|1|0,0|3|2|0|0,0,10,3.741399,0.000495,10,3.741016,0.000378
4,5,8,1,0|0|2|0|0,0|3|3|0|0,0,10,3.586712,0.000533,10,3.586772,0.000605
4,5,8,1,0|0|3|0|0,0|3|0|0|2,0,10,3.875424,0.000756,10,3.875711,0.000589
4,5,8,1,0|0|3|0|1,0|3|0|0|1,0,10,3.873018,0.000697,10,3.873378,0.000792
4,5,8,1,0|0|3|0|2,0|3|0|0|0,0,10,3.850990,0.000496,10,3.851305,0.000800
4,5,8,1,0|0|3|0|0,0|3|0|1|1,0,10,3.886815,0.000670,10,3.886855,0.000888
4,5,8,1,0|0|3|0|1,0|3|0|1|0,0,10,3.873709,0.000526,10,3.873882,0.000659
4,5,8,1,0|0|3|0|0,0|3|0|2|0,0,10,3.824366,0.000486,10,3.824340,0.000645
4,5,8,1,0|0|3|1|0,0|3|0|0|1,0,10,3.871871,0.000852,10,3.871786,0.000931
4,5,8,1,0|0|3|1|1,0|3|0|0|0,0,10,3.852117,0.000496,10,3.852227,0.000451
4,5,8,1,0|0|3|1|0,0|3|0|1|0,0,10,3.819520,0.000307,10,3.819809,0.000438
4,5,8,1,0|0|3|2|0,0|3|0|0|0,0,10,3.796339,0.000815,10,3.796414,0.000418
4,5,8,1,0|0|3|0|0,0|3|1|0|1,0,10,3.810891,0.000478,10,3.810613,0.000623
4,5,8,1,0|0|3|0|1,0|3|1|0|0,0,10,3.785260,0.000676,10,3.785315,0.000574
4,5,8,1,0|0|3|0|0,0|3|1|1|0,0,10,3.766457,0.000491,10,3.766224,0.000523
4,5,8,1,0|0|3|1|0,0|3|1|0|0,0,10,3.740478,0.000486,10,3.740436,0.000645
4,5,8,1,0|0|3|0|0,0|3|2|0|0,0,10,3.587603,0.000409,10,3.587751,0.000499
4,5,8,1,0|0|4|0|0,0|3|0|0|1,0,10,3.810215,0.000596,10,3.810516,0.000604
4,5,8,1,0|0|4|0|1,0|3|0|0|0,0,10,3.784680,0.000541,10,3.784759,0.000545
4,5,8,1,0|0|4|0|0,0|3|0|1|0,0,10,3.765584,0.000473,10,3.765840,0.000455
4,5,8,1,0|0|4|1|0,0|3|0|0|0,0,10,3.739631,0.000308,10,3.739675,0.000519
4,5,8,1,0|0|4|0|0,0|3|1|0|0,0,10,3.588151,0.000427,10,3.587762,0.000556
4,5,8,1,0|0|5|0|0,0|3|0|0|0,0,10,3.587534,0.000295,10,3.587505,0.000368
4,5,8,1,0|0|0|0|0,0|4|0|0|4,0,10,3.871378,0.000715,10,3.871464,0.001106
4,5,8,1,0|0|0|0|1,0|4|0|0|3,0,10,3.874224,0.000797,10,3.874657,0.000590
4,5,8,1,0|0|0|0|2,0|4|0|0|2,0,10,3.871831,0.000756,10,3.871247,0.000876
4,5,8,1,0|0|0|0|3,0|4|0|0|1,0,10,3.866295,0.000641,10,3.866873,0.000603
4,5,8,1,0|0|0|0|4,0|4|0|0|0,0,10,3.856440,0.001018,10,3.856128,0.000937
4,5,8,1,0|0|0|0|0,0|4|0|1|3,0,10,3.915719,0.000950,10,3.916021,0.000759
4,5,8,1,0|0|0|0|1,0|4|0|1|2,0,10,3.917145,0.001231,10,3.916834,0.000788
4,5,8,1,0|0|0|0|2,0|4|0|1|1,0,10,3.913470,0.000383,10,3.912697,0.001255
4,5,8,1,0|0|0|0|3,0|4|0|1|0,0,10,3.904622,0.000848,10,3.903777,0.000812
4,5,8,1,0|0|0|0|0,0|4|0|2|2,0,10,3.910552,0.000965,10,3.910974,0.000500
4,5,8,1,0|0|0|0|1,0|4|0|2|1,0,10,3.910436,0.001026,10,3.911274,0.000746
4,5,8,1,0|0|0|0|2,0|4|0|2|0,0,10,3.898002,0.000663,10,3.897295,0.000846
4,5,8,1,0|0|0|0|0,0|4|0|3|1,0,10,3.882371,0.000624,10,3.882596,0.000976
4,5,8,1,0|0|0|0|1,0|4|0|3|0,0,10,3.868867,0.000978,10,3.869394,0.000836
4,5,8,1,0|0|0|0|0,0|4|0|4|0,0,10,3.766541,0.000421,10,3.766739,0.000325
4,5,8,1,0|0|0|1|0,0|4|0|0|3,0,10,3.909143,0.000970,10,3.908089,0.001014
4,5,8,1,0|0|0|1|1,0|4|0|0|2,0,10,3.908728,0.000846,10,3.909264,0.001440
4,5,8,1,0|0|0|1|2,0|4|0|0|1,0,10,3.903099,0.000718,10,3.902982,0.000768
4,5,8,1,0|0|0|1|3,0|4|0|0|0,0,10,3.891572,0.001322,10,3.891645,0.000794
4,5,8,1,0|0|0|1|0,0|4|0|1|2,0,10,3.909672,0.000979,10,3.909557,0.000963
4,5,8,1,0|0|0|1|1,0|4|0|1|1,0,10,3.907730,0.000884,10,3.907246,0.000651
4,5,8,1,0|0|0|1|2,0|4|0|1|0,0,10,3.894744,0.000623,10,3.894764,0.000986
4,5,8,1,0|0|0|1|0,0|4|0|2|1,0,10,3.881736,0.000706,10,3.881693,0.000893
4,5,8,1,0|0|0|1|1,0|4|0|2|0,0,10,3.867588,0.000741,10,3.868169,0.000501
4,5,8,1,0|0|0|1|0,0|4|0|3|0,0,10,3.768897,0.000372,10,3.768546,0.000471
4,5,8,1,0|0|0|2|0,0|4|0|0|2,0,10,3.901931,0.000979,10,3.902125,0.000901
4,5,8,1,0|0|0|2|1,0|4|0|0|1,0,10,3.899158,0.000758,10,3.899264,0.000733
4,5,8,1,0|0|0|2|2,0|4|0|0|0,0,10,3.882032,0.000844,10,3.882013,0.000707
4,5,8,1,0|0|0|2|0,0|4|0|1|1,0,10,3.878288,0.000868,10,3.878156,0.000976
4,5,8,1,0|0|0|2|1,0|4|0|1|0,0,10,3.862393,0.000651,10,3.862385,0.000756
4,5,8,1,0|0|0|2|0,0|4|0|2|0,0,10,3.767067,0.000513,10,3.766922,0.000599
4,5,8,1,0|0|0|3|0,0|4|0|0|1,0,10,3.871711,0.000589,10,3.871725,0.000799
4,5,8,1,0|0|0|3|1,0|4|0|0|0,0,10,3.853598,0.000586,10,3.853902,0.000791
4,5,8,1,0|0|0|3|0,0|4|0|1|0,0,10,3.763784,0.000517,10,3.763774,0.000551
4,5,8,1,0|0|0|4|0,0|4|0|0|0,0,10,3.756619,0.000785,10,3.756698,0.000367
4,5,8,1,0|0|0|0|0,0|4|1|0|3,0,10,3.897651,0.001006,10,3.897758,0.001197
4,5,8,1,0|0|0|0|1,0|4|1|0|2,0,10,3.898735,0.001483,10,3.899162,0.000546
4,5,8,1,0|0|0|0|2,0|4|1|0|1,0,10,3.893440,0.000691,10,3.894197,0.000922
4,5,8,1,0|0|0|0|3,0|4|1|0|0,0,10,3.881538,0.000913,10,3.882234,0.000854
4,5,8,1,0|0|0|0|0,0|4|1|1|2,0,10,3.920038,0.001201,10,3.919720,0.000862
4,5,8,1,0|0|0|0|1,0|4|1|1|1,0,10,3.919486,0.001086,10,3.920125,0.000907
4,5,8,1,0|0|0|0|2,0|4|1|1|0,0,10,3.909723,0.000559,10,3.909468,0.000668
4,5,8,1,0|0|0|0|0,0|4|1|2|1,0,10,3.908157,0.001031,10,3.909171,0.000692
4,5,8,1,0|0|0|0|1,0|4|1|2|0,0,10,3.899920,0.000862,10,3.900192,0.000556
4,5,8,1,0|0|0|0|0,0|4|1|3|0,0,10,3.845166,0.000481,10,3.845377,0.000641
4,5,8,1,0|0|0|1|0,0|4|1|0|2,0,10,3.912239,0.000924,10,3.912730,0.001040
4,5,8,1,0|0|0|1|1,0|4|1|0|1,0,10,3.909759,0.001072,10,3.909714,0.000854
4,5,8,1,0|0|0|1|2,0|4|1|0|0,0,10,3.895702,0.001071,10,3.896114,0.000848
4,5,8,1,0|0|0|1|0,0|4|1|1|1,0,10,3.906579,0.000737,10,3.906853,0.000683
4,5,8,1,0|0|0|1|1,0|4|1|1|0,0,10,3.897000,0.000585,10,3.896508,0.000828
4,5,8,1,0|0|0|1|0,0|4|1|2|0,0,10,3.845960,0.000427,10,3.846057,0.000352
4,5,8,1,0|0|0|2|0,0|4|1|0|1,0,10,3.896353,0.000667,10,3.896900,0.000894
4,5,8,1,0|0|0|2|1,0|4|1|0|0,0,10,3.882656,0.000417,10,3.883079,0.000693
4,5,8,1,0|0|0|2|0,0|4|1|1|0,0,10,3.839220,0.000552,10,3.839485,0.000393
4,5,8,1,0|0|0|3|0,0|4|1|0|0,0,10,3.826201,0.000629,10,3.826390,0.000629
4,5,8,1,0|0|0|0|0,0|4|2|0|2,0,10,3.876842,0.000697,10,3.876584,0.001020
4,5,8,1,0|0|0|0|1,0|4|2|0|1,0,10,3.874636,0.000929,10,3.874847,0.000983
4,5,8,1,0|0|0|0|2,0|4|2|0|0,0,10,3.855246,0.000533,10,3.855297,0.000692
4,5,8,1,0|0|0|0|0,0|4|2|1|1,0,10,3.889747,0.000552,10,3.889921,0.000745
4,5,8,1,0|0|0|0|1,0|4|2|1|0,0,10,3.877438,0.000558,10,3.877338,0.000661
4,5,8,1,0|0|0|0|0,0|4|2|2|0,0,10,3.826413,0.000554,10,3.826147,0.000495
4,5,8,1,0|0|0|1|0,0|4|2|0|1,0,10,3.877003,0.000574,10,3.876860,0.000460
4,5,8,1,0|0|0|1|1,0|4|2|0|0,0,10,3.859040,0.000750,10,3.859436,0.000498
4,5,8,1,0|0|0|1|0,0|4|2|1|0,0,10,3.823313,0.000525,10,3.823213,0.000376
4,5,8,1,0|0|0|2|0,0|4|2|0|0,0,10,3.803419,0.000448,10,3.803291,0.000507
4,5,8,1,0|0|0|0|0,0|4|3|0|1,0,10,3.811311,0.000753,10,3.811346,0.000641
4,5,8,1,0|0|0|0|1,0|4|3|0|0,0,10,3.787248,0.000586,10,3.787511,0.000585
4,5,8,1,0|0|0|0|0,0|4|3|1|0,0,10,3.767670,0.000584,10,3.767782,0.000481
4,5,8,1,0|0|0|1|0,0|4|3|0|0,0,10,3.744431,0.000361,10,3.744740,0.000485
4,5,8,1,0|0|0|0|0,0|4|4|0|0,0,10,3.578621,0.000563,10,3.578655,0.000143
4,5,8,1,0|0|1|0|0,0|4|0|0|3,0,10,3.893227,0.001124,10,3.893302,0.001016
4,5,8,1,0|0|1|0|1,0|4|0|0|2,0,10,3.894468,0.000822,10,3.894128,0.000635
4,5,8,1,0|0|1|0|2,0|4|0|0|1,0,10,3.887602,0.000778,10,3.888149,0.000786
4,5,8,1,0|0|1|0|3,0|4|0|0|0,0,10,3.873848,0.000683,10,3.873846,0.000889
4,5,8,1,0|0|1|0|0,0|4|0|1|2,0,10,3.915518,0.000418,10,3.915881,0.000597
4,5,8,1,0|0|1|0|1,0|4|0|1|1,0,10,3.913888,0.000545,10,3.913874,0.000807
4,5,8,1,0|0|1|0|2,0|4|0|1|0,0,10,3.902695,0.000700,10,3.902997,0.000939
4,5,8,1,0|0|1|0|0,0|4|0|2|1,0,10,3.903024,0.000921,10,3.902413,0.000756
4,5,8,1,0|0|1|0|1,0|4|0|2|0,0,10,3.892548,0.000679,10,3.892256,0.000945
4,5,8,1,0|0|1|0|0,0|4|0|3|0,0,10,3.835219,0.000399,10,3.835050,0.000566
4,5,8,1,0|0|1|1|0,0|4|0|0|2,0,10,3.905108,0.000921,10,3.906145,0.000898
4,5,8,1,0|0|1|1|1,0|4|0|0|1,0,10,3.901256,0.000668,10,3.901454,0.000790
4,5,8,1,0|0|1|1|2,0|4|0|0|0,0,10,3.885811,0.000563,10,3.885657,0.001227
4,5,8,1,0|0|1|1|0,0|4|0|1|1,0,10,3.898956,0.000771,10,3.898940,0.000963
4,5,8,1,0|0|1|1|1,0|4|0|1|0,0,10,3.886721,0.001099,10,3.886482,0.000656
4,5,8,1,0|0|1|1|0,0|4|0|2|0,0,10,3.834280,0.000596,10,3.834162,0.000366
4,5,8,1,0|0|1|2|0,0|4|0|0|1,0,10,3.886817,0.000785,10,3.886885,0.000625
4,5,8,1,0|0|1|2|1,0|4|0|0|0,0,10,3.870607,0.000517,10,3.870295,0.000420
4,5,8,1,0|0|1|2|0,0|4|0|1|0,0,10,3.827016,0.000366,10,3.826991,0.000467
4,5,8,1,0|0|1|3|0,0|4|0|0|0,0,10,3.812128,0.000824,10,3.812238,0.000590
4,5,8,1,0|0|1|0|0,0|4|1|0|2,0,10,3.875597,0.001120,10,3.875577,0.000761
4,5,8,1,0|0|1|0|1,0|4|1|0|1,0,10,3.873032,0.001043,10,3.873150,0.000790
4,5,8,1,0|0|1|0|2,0|4|1|0|0,0,10,3.852817,0.000426,10,3.853213,0.001376
4,5,8,1,0|0|1|0|0,0|4|1|1|1,0,10,3.886959,0.000797,10,3.886866,0.000789
4,5,8,1,0|0|1|0|1,0|4|1|1|0,0,10,3.873930,0.000559,10,3.873767,0.000537
4,5,8,1,0|0|1|0|0,0|4|1|2|0,0,10,3.824390,0.000639,10,3.824381,0.000665
4,5,8,1,0|0|1|1|0,0|4|1|0|1,0,10,3.872548,0.000604,10,3.872291,0.000571
4,5,8,1,0|0|1|1|1,0|4|1|0|0,0,10,3.853558,0.000684,10,3.853419,0.000649
4,5,8,1,0|0|1|1|0,0|4|1|1|0,0,10,3.819372,0.000687,10,3.819451,0.000599
4,5,8,1,0|0|1|2|0,0|4|1|0|0,0,10,3.799094,0.000301,10,3.799176,0.000387
4,5,8,1,0|0|1|0|0,0|4|2|0|1,0,10,3.810780,0.000531,10,3.810593,0.000711
4,5,8,1,0|0|1|0|1,0|4|2|0|0,0,10,3.785794,0.000821,10,3.785890,0.000604
4,5,8,1,0|0|1|0|0,0|4|2|1|0,0,10,3.766802,0.000402,10,3.766406,0.000392
4,5,8,1,0|0|1|1|0,0|4|2|0|0,0,10,3.741493,0.000829,10,3.741458,0.000538
4,5,8,1,0|0|1|0|0,0|4|3|0|0,0,10,3.584112,0.000421,10,3.583638,0.000465
4,5,8,1,0|0|2|0|0,0|4|0|0|2,0,10,3.872244,0.000946,10,3.872183,0.000895
4,5,8,1,0|0|2|0|1,0|4|0|0|1,0,10,3.868902,0.000649,10,3.868869,0.001061
4,5,8,1,0|0|2|0|2,0|4|0|0|0,0,10,3.846568,0.000562,10,3.846935,0.000528
4,5,8,1,0|0|2|0|0,0|4|0|1|1,0,10,3.883213,0.000363,10,3.883647,0.000486
4,5,8,1,0|0|2|0|1,0|4|0|1|0,0,10,3.869756,0.000581,10,3.869621,0.000626
4,5,8,1,0|0|2|0|0,0|4|0|2|0,0,10,3.818733,0.000573,10,3.818914,0.000763
4,5,8,1,0|0|2|1|0,0|4|0|0|1,0,10,3.867789,0.000650,10,3.867842,0.000980
4,5,8,1,0|0|2|1|1,0|4|0|0|0,0,10,3.846932,0.000679,10,3.847236,0.000518
4,5,8,1,0|0|2|1|0,0|4|0|1|0,0,10,3.813133,0.000366,10,3.813792,0.000415
4,5,8,1,0|0|2|2|0,0|4|0|0|0,0,10,3.790521,0.000390,10,3.790440,0.000483
4,5,8,1,0|0|2|0|0,0|4|1|0|1,0,10,3.809746,0.000598,10,3.809737,0.000693
4,5,8,1,0|0|2|0|1,0|4|1|0|0,0,10,3.783698,0.000836,10,3.783745,0.000603
4,5,8,1,0|0|2|0|0,0|4|1|1|0,0,10,3.765048,0.000452,10,3.765146,0.000424
4,5,8,1,0|0|2|1|0,0|4|1|0|0,0,10,3.738584,0.000454,10,3.738666,0.000650
4,5,8,1,0|0|2|0|0,0|4|2|0|0,0,10,3.585839,0.000828,10,3.585872,0.000855
4,5,8,1,0|0|3|0|0,0|4|0|0|1,0,10,3.807662,0.000572,10,3.807913,0.000599
4,5,8,1,0|0|3|0|1,0|4|0|0|0,0,10,3.781991,0.000492,10,3.781591,0.000638
4,5,8,1,0|0|3|0|0,0|4|0|1|0,0,10,3.763425,0.000515,10,3.763348,0.000459
4,5,8,1,0|0|3|1|0,0|4|0|0|0,0,10,3.736264,0.000470,10,3.736382,0.000830
4,5,8,1,0|0|3|0|0,0|4|1|0|0,0,10,3.586479,0.000459,10,3.586237,0.000542
4,5,8,1,0|0|4|0|0,0|4|0|0|0,0,10,3.585827,0.000569,10,3.585888,0.000481
4,5,8,1,0|0|0|0|0,0|5|0|0|3,0,10,3.849532,0.000746,10,3.849378,0.000384
4,5,8,1,0|0|0|0|1,0|5|0|0|2,0,10,3.852317,0.001143,10,3.852246,0.000762
4,5,8,1,0|0|0|0|2,0|5|0|0|1,0,10,3.844805,0.000853,10,3.845108,0.000795
4,5,8,1,0|0|0|0|3,0|5|0|0|0,0,10,3.826957,0.000832,10,3.826821,0.000775
4,5,8,1,0|0|0|0|0,0|5|0|1|2,0,10,3.892944,0.000899,10,3.893252,0.001001
4,5,8,1,0|0|0|0|1,0|5|0|1|1,0,10,3.892002,0.001000,10,3.891945,0.000974
4,5,8,1,0|0|0|0|2,0|5|0|1|0,0,10,3.875694,0.000619,10,3.876133,0.000561
4,5,8,1,0|0|0|0|0,0|5|0|2|1,0,10,3.868771,0.000617,10,3.868885,0.000424
4,5,8,1,0|0|0|0|1,0|5|0|2|0,0,10,3.853172,0.000349,10,3.853727,0.000982
4,5,8,1,0|0|0|0|0,0|5|0|3|0,0,10,3.750500,0.000450,10,3.750795,0.000441
4,5,8,1,0|0|0|1|0,0|5|0|0|2,0,10,3.883250,0.001139,10,3.882903,0.001063
4,5,8,1,0|0|0|1|1,0|5|0|0|1,0,10,3.878367,0.000850,10,3.877800,0.000942
4,5,8,1,0|0|0|1|2,0|5|0|0|0,0,10,3.858760,0.000559,10,3.857797,0.001212
4,5,8,1,0|0|0|1|0,0|5|0|1|1,0,10,3.866040,0.000722,10,3.865629,0.000946
4,5,8,1,0|0|0|1|1,0|5|0|1|0,0,10,3.848741,0.000703,10,3.848883,0.000661
4,5,8,1,0|0|0|1|0,0|5|0|2|0,0,10,3.752060,0.000546,10,3.751836,0.000526
4,5,8,1,0|0|0|2|0,0|5|0|0|1,0,10,3.854699,0.000609,10,3.854878,0.000582
4,5,8,1,0|0|0|2|1,0|5|0|0|0,0,10,3.833243,0.000987,10,3.833504,0.000700
4,5,8,1,0|0|0|2|0,0|5|0|1|0,0,10,3.747170,0.000387,10,3.747322,0.000500
4,5,8,1,0|0|0|3|0,0|5|0|0|0,0,10,3.736134,0.000417,10,3.735724,0.000554
4,5,8,1,0|0|0|0|0,0|5|1|0|2,0,10,3.867508,0.001086,10,3.867583,0.000791
4,5,8,1,0|0|0|0|1,0|5|1|0|1,0,10,3.865720,0.000952,10,3.865569,0.000658
4,5,8,1,0|0|0|0|2,0|5|1|0|0,0,10,3.844727,0.000805,10,3.844513,0.000865
4,5,8,1,0|0|0|0|0,0|5|1|1|1,0,10,3.880921,0.000895,10,3.880968,0.000590
4,5,8,1,0|0|0|0|1,0|5|1|1|0,0,10,3.868062,0.000645,10,3.868184,0.000445
4,5,8,1,0|0|0|0|0,0|5|1|2|0,0,10,3.812416,0.000259,10,3.812503,0.000624
4,5,8,1,0|0|0|1|0,0|5|1|0|1,0,10,3.868082,0.000652,10,3.867238,0.000505
4,5,8,1,0|0|0|1|1,0|5|1|0|0,0,10,3.848853,0.000582,10,3.849080,0.000735
4,5,8,1,0|0|0|1|0,0|5|1|1|0,0,10,3.808938,0.000397,10,3.808742,0.000590
4,5,8,1,0|0|0|2|0,0|5|1|0|0,0,10,3.789190,0.000491,10,3.789141,0.000412
4,5,8,1,0|0|0|0|0,0|5|2|0|1,0,10,3.807593,0.000530,10,3.807326,0.000511
4,5,8,1,0|0|0|0|1,0|5|2|0|0,0,10,3.783230,0.000544,10,3.782847,0.000711
4,5,8,1,0|0|0|0|0,0|5|2|1|0,0,10,3.763040,0.000616,10,3.762817,0.000536
4,5,8,1,0|0|0|1|0,0|5|2|0|0,0,10,3.739651,0.000368,10,3.739366,0.000520
4,5,8,1,0|0|0|0|0,0|5|3|0|0,0,10,3.576871,0.000504,10,3.576112,0.000559
4,5,8,1,0|0|1|0|0,0|5|0|0|2,0,10,3.860687,0.000700,10,3.860938,0.000914
4,5,8,1,0|0|1|0|1,0|5|0|0|1,0,10,3.857867,0.000781,10,3.857640,0.000874
4,5,8,1,0|0|1|0|2,0|5|0|0|0,0,10,3.834131,0.000661,10,3.833897,0.000694
4,5,8,1,0|0|1|0|0,0|5|0|1|1,0,10,3.873771,0.000781,10,3.873761,0.000720
4,5,8,1,0|0|1|0|1,0|5|0|1|0,0,10,3.858169,0.000719,10,3.858394,0.000530
4,5,8,1,0|0|1|0|0,0|5|0|2|0,0,10,3.801525,0.000471,10,3.801421,0.000664
4,5,8,1,0|0|1|1|0,0|5|0|0|1,0,10,3.856675,0.000599,10,3.856514,0.000377
4,5,8,1,0|0|1|1|1,0|5|0|0|0,0,10,3.834299,0.000616,10,3.834327,0.000479
4,5,8,1,0|0|1|1|0,0|5|0|1|0,0,10,3.795538,0.000445,10,3.795300,0.000552
4,5,8,1,0|0|1|2|0,0|5|0|0|0,0,10,3.773759,0.000721,10,3.773814,0.000522
4,5,8,1,0|0|1|0|0,0|5|1|0|1,0,10,3.805286,0.000684,10,3.805750,0.000561
4,5,8,1,0|0|1|0|1,0|5|1|0|0,0,10,3.780317,0.000504,10,3.779676,0.000501
4,5,8,1,0|0|1|0|0,0|5|1|1|0,0,10,3.760271,0.000612,10,3.760658,0.000376
4,5,8,1,0|0|1|1|0,0|5|1|0|0,0,10,3.734875,0.000390,10,3.734778,0.000607
4,5,8,1,0|0|1|0|0,0|5|2|0|0,0,10,3.581585,0.000303,10,3.581603,0.000535
4,5,8,1,0|0|2|0|0,0|5|0|0|1,0,10,3.801726,0.000811,10,3.801656,0.000445
4,5,8,1,0|0|2|0|1,0|5|0|0|0,0,10,3.774639,0.000603,10,3.774440,0.000469
4,5,8,1,0|0|2|0|0,0|5|0|1|0,0,10,3.755328,0.000612,10,3.755838,0.000555
4,5,8,1,0|0|2|1|0,0|5|0|0|0,0,10,3.727802,0.000632,10,3.728019,0.000494
4,5,8,1,0|0|2|0|0,0|5|1|0|0,0,10,3.582578,0.000333,10,3.582319,0.000596
4,5,8,1,0|0|3|0|0,0|5|0|0|0,0,10,3.581739,0.000523,10,3.581227,0.000371
4,5,8,1,0|0|0|0|0,0|6|0|0|2,0,10,3.805796,0.000615,10,3.806063,0.000596
4,5,8,1,0|0|0|0|1,0|6|0|0|1,0,10,3.804876,0.000594,10,3.804296,0.000666
4,5,8,1,0|0|0|0|2,0|6|0|0|0,0,10,3.775645,0.000747,10,3.775977,0.000725
4,5,8,1,0|0|0|0|0,0|6|0|1|1,0,10,3.835408,0.000540,10,3.835674,0.000737
4,5,8,1,0|0|0|0|1,0|6|0|1|0,0,10,3.815706,0.000723,10,3.815337,0.000617
4,5,8,1,0|0|0|0|0,0|6|0|2|0,0,10,3.719177,0.000355,10,3.718788,0.000334
4,5,8,1,0|0|0|1|0,0|6|0|0|1,0,10,3.818516,0.000428,10,3.818922,0.000640
4,5,8,1,0|0|0|1|1,0|6|0|0|0,0,10,3.791814,0.000545,10,3.792105,0.000351
4,5,8,1,0|0|0|1|0,0|6|0|1|0,0,10,3.716414,0.000506,10,3.716571,0.000260
4,5,8,1,0|0|0|2|0,0|6|0|0|0,0,10,3.697750,0.000571,10,3.697914,0.000297
4,5,8,1,0|0|0|0|0,0|6|1|0|1,0,10,3.792405,0.000636,10,3.792042,0.000608
4,5,8,1,0|0|0|0|1,0|6|1|0|0,0,10,3.766140,0.000612,10,3.766279,0.000408
4,5,8,1,0|0|0|0|0,0|6|1|1|0,0,10,3.745215,0.000461,10,3.744679,0.000532
4,5,8,1,0|0|0|1|0,0|6|1|0|0,0,10,3.720876,0.000190,10,3.720785,0.000619
4,5,8,1,0|0|0|0|0,0|6|2|0|0,0,10,3.569056,0.000509,10,3.568971,0.000536
4,5,8,1,0|0|1|0|0,0|6|0|0|1,0,10,3.782908,0.000650,10,3.782730,0.000602
4,5,8,1,0|0|1|0|1,0|6|0|0|0,0,10,3.753574,0.000697,10,3.753539,0.000551
4,5,8,1,0|0|1|0|0,0|6|0|1|0,0,10,3.733351,0.000455,10,3.733351,0.000838
4,5,8,1,0|0|1|1|0,0|6|0|0|0,0,10,3.704385,0.000554,10,3.704282,0.000501
4,5,8,1,0|0|1|0|0,0|6|1|0|0,0,10,3.572279,0.000440,10,3.572507,0.000482
4,5,8,1,0|0|2|0|0,0|6|0|0|0,0,10,3.569072,0.000536,10,3.568753,0.000534
4,5,8,1,0|0|0|0|0,0|7|0|0|1,0,10,3.706605,0.000591,10,3.706774,0.001057
4,5,8,1,0|0|0|0|1,0|7|0|0|0,0,10,3.674178,0.000562,10,3.674261,0.000517
4,5,8,1,0|0|0|0|0,0|7|0|1|0,0,10,3.645360,0.000625,10,3.645203,0.000433
4,5,8,1,0|0|0|1|0,0|7|0|0|0,0,10,3.619523,0.000379,10,3.619328,0.000530
4,5,8,1,0|0|0|0|0,0|7|1|0|0,0,10,3.539168,0.000579,10,3.539845,0.000476
4,5,8,1,0|0|1|0|0,0|7|0|0|0,0,10,3.530857,0.000460,10,3.531053,0.000389
4,5,8,1,0|0|0|0|0,0|8|0|0|0,0,10,3.381648,0.000686,10,3.381391,0.000410
4,5,8,1,0|1|0|0|0,0|0|0|0|7,0,10,3.897908,0.000851,10,3.899087,0.001150
4,5,8,1,0|1|0|0|1,0|0|0|0|6,0,10,3.899187,0.001143,10,3.898851,0.001105
4,5,8,1,0|1|0|0|2,0|0|0|0|5,0,10,3.899175,0.001124,10,3.898465,0.001331
4,5,8,1,0|1|0|0|3,0|0|0|0|4,0,10,3.899270,0.001292,10,3.898526,0.000810
4,5,8,1,0|1|0|0|4,0|0|0|0|3,0,10,3.898382,0.001355,10,3.898600,0.001250
4,5,8,1,0|1|0|0|5,0|0|0|0|2,0,10,3.897551,0.001514,10,3.897165,0.000885
4,5,8,1,0|1|0|0|6,0|0|0|0|1,0,10,3.897137,0.000678,10,3.896200,0.000950
4,5,8,1,0|1|0|0|7,0|0|0|0|0,0,10,3.893845,0.000963,10,3.895084,0.000971
4,5,8,1,0|1|0|0|0,0|0|0|1|6,0,10,3.934509,0.001204,10,3.934043,0.001103
4,5,8,1,0|1|0|0|1,0|0|0|1|5,0,10,3.935554,0.001153,10,3.935383,0.000794
4,5,8,1,0|1|0|0|2,0|0|0|1|4,0,10,3.935139,0.001559,10,3.935981,0.001502
4,5,8,1,0|1|0|0|3,0|0|0|1|3,0,10,3.934692,0.001336,10,3.935246,0.001181
4,5,8,1,0|1|0|0|4,0|0|0|1|2,0,10,3.934379,0.000847,10,3.934801,0.001205
4,5,8,1,0|1|0|0|5,0|0|0|1|1,0,10,3.934094,0.001105,10,3.933346,0.001302
4,5,8,1,0|1|0|0|6,0|0|0|1|0,0,10,3.932589,0.000710,10,3.932657,0.001155
4,5,8,1,0|1|0|0|0,0|0|0|2|5,0,10,3.939032,0.001072,10,3.938825,0.001364
4,5,8,1,0|1|0|0|1,0|0|0|2|4,0,10,3.939795,0.001167,10,3.939375,0.001734
4,5,8,1,0|1|0|0|2,0|0|0|2|3,0,10,3.939948,0.001077,10,3.940025,0.000975
4,5,8,1,0|1|0|0|3,0|0|0|2|2,0,10,3.939004,0.001117,10,3.938764,0.001693
4,5,8,1,0|1|0|0|4,0|0|0|2|1,0,10,3.938024,0.000769,10,3.937390,0.001318
4,5,8,1,0|1|0|0|5,0|0|0|2|0,0,10,3.935149,0.001350,10,3.935216,0.001111
4,5,8,1,0|1|0|0|0,0|0|0|3|4,0,10,3.938409,0.000895,10,3.937835,0.001021
4,5,8,1,0|1|0|0|1,0|0|0|3|3,0,10,3.938737,0.000835,10,3.939673,0.001483
4,5,8,1,0|1|0|0|2,0|0|0|3|2,0,10,3.938545,0.001401,10,3.937554,0.001154
4,5,8,1,0|1|0|0|3,0|0|0|3|1,0,10,3.936863,0.001184,10,3.937218,0.001023
4,5,8,1,0|1|0|0|4,0|0|0|3|0,0,10,3.933716,0.000956,10,3.933386,0.000937
4,5,8,1,0|1|0|0|0,0|0|0|4|3,0,10,3.933185,0.001681,10,3.933194,0.001054
4,5,8,1,0|1|0|0|1,0|0|0|4|2,0,10,3.935088,0.001024,10,3.935348,0.001089
4,5,8,1,0|1|0|0|2,0|0|0|4|1,0,10,3.932545,0.001071,10,3.932793,0.001648
4,5,8,1,0|1|0|0|3,0|0|0|4|0,0,10,3.926346,0.000629,10,3.925938,0.001192
4,5,8,1,0|1|0|0|0,0|0|0|5|2,0,10,3.923100,0.000779,10,3.923592,0.000666
4,5,8,1,0|1|0|0|1,0|0|0|5|1,0,10,3.923233,0.000844,10,3.923372,0.000763
4,5,8,1,0|1|0|0|2,0|0|0|5|0,0,10,3.913289,0.000889,10,3.913272,0.000673
4,5,8,1,0|1|0|0|0,0|0|0|6|1,0,10,3.894914,0.000770,10,3.894932,0.000735
4,5,8,1,0|1|0|0|1,0|0|0|6|0,0,10,3.882853,0.000594,10,3.883297,0.000951
4,5,8,1,0|1|0|0|0,0|0|0|7|0,0,10,3.785943,0.000419,10,3.786215,0.000512
4,5,8,1,0|1|0|1|0,0|0|0|0|6,0,10,3.930792,0.001414,10,3.930681,0.001229
4,5,8,1,0|1|0|1|1,0|0|0|0|5,0,10,3.931442,0.001295,10,3.931277,0.001608
4,5,8,1,0|1|0|1|2,0|0|0|0|4,0,10,3.930632,0.001097,10,3.930393,0.001503
4,5,8,1,0|1|0|1|3,0|0|0|0|3,0,10,3.930726,0.001323,10,3.930248,0.001161
4,5,8,1,0|1|0|1|4,0|0|0|0|2,0,10,3.929248,0.001218,10,3.929899,0.001319
4,5,8,1,0|1|0|1|5,0|0|0|0|1,0,10,3.928794,0.001300,10,3.928434,0.001302
4,5,8,1,0|1|0|1|6,0|0|0|0|0,0,10,3.927064,0.001186,10,3.927201,0.001211
4,5,8,1,0|1|0|1|0,0|0|0|1|5,0,10,3.938647,0.000742,10,3.939034,0.001006
4,5,8,1,0|1|0|1|1,0|0|0|1|4,0,10,3.939740,0.000944,10,3.938964,0.001558
4,5,8,1,0|1|0|1|2,0|0|0|1|3,0,10,3.939060,0.001528,10,3.938561,0.000663
4,5,8,1,0|1|0|1|3,0|0|0|1|2,0,10,3.937867,0.001284,10,3.938528,0.000813
4,5,8,1,0|1|0|1|4,0|0|0|1|1,0,10,3.936861,0.001583,10,3.937188,0.001038
4,5,8,1,0|1|0|1|5,0|0|0|1|0,0,10,3.935331,0.001419,10,3.935724,0.001180
4,5,8,1,0|1|0|1|0,0|0|0|2|4,0,10,3.937877,0.001045,10,3.938252,0.001566
4,5,8,1,0|1|0|1|1,0|0|0|2|3,0,10,3.939604,0.001452,10,3.939728,0.001117
4,5,8,1,0|1|0|1|2,0|0|0|2|2,0,10,3.937968,0.000949,10,3.937667,0.001106
4,5,8,1,0|1|0|1|3,0|0|0|2|1,0,10,3.936326,0.000622,10,3.935868,0.000854
4,5,8,1,0|1|0|1|4,0|0|0|2|0,0,10,3.933346,0.000927,10,3.933454,0.000893
4,5,8,1,0|1|0|1|0,0|0|0|3|3,0,10,3.933998,0.001217,10,3.933695,0.001564
4,5,8,1,0|1|0|1|1,0|0|0|3|2,0,10,3.934345,0.001202,10,3.934978,0.001073
4,5,8,1,0|1|0|1|2,0|0|0|3|1,0,10,3.932274,0.001129,10,3.931937,0.001095
4,5,8,1,0|1|0|1|3,0|0|0|3|0,0,10,3.926462,0.001198,10,3.927233,0.001153
4,5,8,1,0|1|0|1|0,0|0|0|4|2,0,10,3.923310,0.000956,10,3.923294,0.000866
4,5,8,1,0|1|0|1|1,0|0|0|4|1,0,10,3.922564,0.000773,10,3.922666,0.000590
4,5,8,1,0|1|0|1|2,0|0|0|4|0,0,10,3.913028,0.000669,10,3.913264,0.000960
4,5,8,1,0|1|0|1|0,0|0|0|5|1,0,10,3.894024,0.000529,10,3.894245,0.000610
4,5,8,1,0|1|0|1|1,0|0|0|5|0,0,10,3.882225,0.000553,10,3.882289,0.000563
4,5,8,1,0|1|0|1|0,0|0|0|6|0,0,10,3.786968,0.000545,10,3.787001,0.000537
4,5,8,1,0|1|0|2|0,0|0|0|0|5,0,10,3.935356,0.001018,10,3.935040,0.001656
4,5,8,1,0|1|0|2|1,0|0|0|0|4,0,10,3.935448,0.001362,10,3.936438,0.001107
4,5,8,1,0|1|0|2|2,0|0|0|0|3,0,10,3.934799,0.000994,10,3.935269,0.001369
4,5,8,1,0|1|0|2|3,0|0|0|0|2,0,10,3.934642,0.001275,10,3.934249,0.001321
4,5,8,1,0|1|0|2|4,0|0|0|0|1,0,10,3.932552,0.001661,10,3.932009,0.001226
4,5,8,1,0|1|0|2|5,0|0|0|0|0,0,10,3.929773,0.001276,10,3.929364,0.001062
4,5,8,1,0|1|0|2|0,0|0|0|1|4,0,10,3.936730,0.001365,10,3.938340,0.000619
4,5,8,1,0|1|0|2|1,0|0|0|1|3,0,10,3.938084,0.001069,10,3.937326,0.001287
4,5,8,1,0|1|0|2|2,0|0|0|1|2,0,10,3.936108,0.001081,10,3.936846,0.001374
4,5,8,1,0|1|0|2|3,0|0|0|1|1,0,10,3.934540,0.000787,10,3.934707,0.001234
4,5,8,1,0|1|0|2|4,0|0|0|1|0,0,10,3.930554,0.001380,10,3.931325,0.001054
4,5,8,1,0|1|0|2|0,0|0|0|2|3,0,10,3.932817,0.001427,10,3.933367,0.001497
4,5,8,1,0|1|0|2|1,0|0|0|2|2,0,10,3.933066,0.001178,10,3.934088,0.001079
4,5,8,1,0|1|0|2|2,0|0|0|2|1,0,10,3.930479,0.001412,10,3.930732,0.001018
4,5,8,1,0|1|0|2|3,0|0|0|2|0,0,10,3.924374,0.001007,10,3.924270,0.000768
4,5,8,1,0|1|0|2|0,0|0|0|3|2,0,10,3.921574,0.000840,10,3.922470,0.000525
4,5,8,1,0|1|0|2|1,0|0|0|3|1,0,10,3.920815,0.000885,10,3.921351,0.000776
4,5,8,1,0|1|0|2|2,0|0|0|3|0,0,10,3.910661,0.000783,10,3.911475,0.000897
4,5,8,1,0|1|0|2|0,0|0|0|4|1,0,10,3.892796,0.001102,10,3.892765,0.000569
4,5,8,1,0|1|0|2|1,0|0|0|4|0,0,10,3.880581,0.000621,10,3.880358,0.000529
4,5,8,1,0|1|0|2|0,0|0|0|5|0,0,10,3.787279,0.000381,10,3.787221,0.000578
4,5,8,1,0|1|0|3|0,0|0|0|0|4,0,10,3.933842,0.001211,10,3.934475,0.001076
4,5,8,1,0|1|0|3|1,0|0|0|0|3,0,10,3.935845,0.000960,10,3.935730,0.001230
4,5,8,1,0|1|0|3|2,0|0|0|0|2,0,10,3.934212,0.000875,10,3.933228,0.001722
4,5,8,1,0|1|0|3|3,0|0|0|0|1,0,10,3.931207,0.000967,10,3.931168,0.001657
4,5,8,1,0|1|0|3|4,0|0|0|0|0,0,10,3.925639,0.001224,10,3.926187,0.000680
4,5,8,1,0|1|0|3|0,0|0|0|1|3,0,10,3.931429,0.001116,10,3.932185,0.000589
4,5,8,1,0|1|0|3|1,0|0|0|1|2,0,10,3.931589,0.000780,10,3.932567,0.001265
4,5,8,1,0|1|0|3|2,0|0|0|1|1,0,10,3.929296,0.001037,10,3.929004,0.001146
4,5,8,1,0|1|0|3|3,0|0|0|1|0,0,10,3.921915,0.000778,10,3.921590,0.001003
4,5,8,1,0|1|0|3|0,0|0|0|2|2,0,10,3.920467,0.000777,10,3.921084,0.000876
4,5,8,1,0|1|0|3|1,0|0|0|2|1,0,10,3.920184,0.001002,10,3.920100,0.000655
4,5,8,1,0|1|0|3|2,0|0|0|2|0,0,10,3.909261,0.000885,10,3.908902,0.000708
4,5,8,1,0|1|0|3|0,0|0|0|3|1,0,10,3.891956,0.000541,10,3.891868,0.000888
4,5,8,1,0|1|0|3|1,0|0|0|3|0,0,10,3.879062,0.000459,10,3.878939,0.000589
4,5,8,1,0|1|0|3|0,0|0|0|4|0,0,10,3.787229,0.000568,10,3.787129,0.000397
4,5,8,1,0|1|0|4|0,0|0|0|0|3,0,10,3.928717,0.000932,10,3.929365,0.000667
4,5,8,1,0|1|0|4|1,0|0|0|0|2,0,10,3.930617,0.001115,10,3.930663,0.001363
4,5,8,1,0|1|0|4|2,0|0|0|0|1,0,10,3.927219,0.000901,10,3.926877,0.001164
4,5,8,1,0|1|0|4|3,0|0|0|0|0,0,10,3.918461,0.000933,10,3.918258,0.000605
4,5,8,1,0|1|0|4|0,0|0|0|1|2,0,10,3.919537,0.000621,10,3.919332,0.000870
4,5,8,1,0|1|0|4|1,0|0|0|1|1,0,10,3.918811,0.000813,10,3.918478,0.000799
4,5,8,1,0|1|0|4|2,0|0|0|1|0,0,10,3.907327,0.000936,10,3.907301,0.000614
4,5,8,1,0|1|0|4|0,0|0|0|2|1,0,10,3.890872,0.000688,10,3.890888,0.000713
4,5,8,1,0|1|0|4|1,0|0|0|2|0,0,10,3.878256,0.000451,10,3.878030,0.000421
4,5,8,1,0|1|0|4|0,0|0|0|3|0,0,10,3.786419,0.000377,10,3.786480,0.000448
4,5,8,1,0|1|0|5|0,0|0|0|0|2,0,10,3.918184,0.001066,10,3.917960,0.000962
4,5,8,1,0|1|0|5|1,0|0|0|0|1,0,10,3.917666,0.001003,10,3.918039,0.001195
4,5,8,1,0|1|0|5|2,0|0|0|0|0,0,10,3.904810,0.001234,10,3.904756,0.000717
4,5,8,1,0|1|0|5|0,0|0|0|1|1,0,10,3.889674,0.000928,10,3.889787,0.000456
4,5,8,1,0|1|0|5|1,0|0|0|1|0,0,10,3.876761,0.000622,10,3.876704,0.000552
4,5,8,1,0|1|0|5|0,0|0|0|2|0,0,10,3.785480,0.000327,10,3.785558,0.000442
4,5,8,1,0|1|0|6|0,0|0|0|0|1,0,10,3.889321,0.000786,10,3.889086,0.000459
4,5,8,1,0|1|0|6|1,0|0|0|0|0,0,10,3.874970,0.000604,10,3.875475,0.000831
4,5,8,1,0|1|0|6|0,0|0|0|1|0,0,10,3.784774,0.000480,10,3.784599,0.000340
4,5,8,1,0|1|0|7|0,0|0|0|0|0,0,10,3.783303,0.000696,10,3.783346,0.000507
4,5,8,1,0|1|0|0|0,0|0|1|0|6,0,10,3.922943,0.001263,10,3.923221,0.001074
4,5,8,1,0|1|0|0|1,0|0|1|0|5,0,10,3.924236,0.001506,10,3.923691,0.001527
4,5,8,1,0|1|0|0|2,0|0|1|0|4,0,10,3.923436,0.000940,10,3.923726,0.000751
4,5,8,1,0|1|0|0|3,0|0|1|0|3,0,10,3.922918,0.000710,10,3.923452,0.001896
4,5,8,1,0|1|0|0|4,0|0|1|0|2,0,10,3.922881,0.001705,10,3.922582,0.000987
4,5,8,1,0|1|0|0|5,0|0|1|0|1,0,10,3.922207,0.001226,10,3.921860,0.001231
4,5,8,1,0|1|0|0|6,0|0|1|0|0,0,10,3.919359,0.001136,10,3.920308,0.000915
4,5,8,1,0|1|0|0|0,0|0|1|1|5,0,10,3.943634,0.001003,10,3.943556,0.001257
4,5,8,1,0|1|0|0|1,0|0|1|1|4,0,10,3.944425,0.001250,10,3.945454,0.000899
4,5,8,1,0|1|0|0|2,0|0|1|1|3,0,10,3.944158,0.000612,10,3.944261,0.001646
4,5,8,1,0|1|0|0|3,0|0|1|1|2,0,10,3.943367,0.001766,10,3.943470,0.000906
4,5,8,1,0|1|0|0|4,0|0|1|1|1,0,10,3.943122,0.000870,10,3.942795,0.000629
4,5,8,1,0|1|0|0|5,0|0|1|1|0,0,10,3.941175,0.001136,10,3.942320,0.001217
4,5,8,1,0|1|0|0|0,0|0|1|2|4,0,10,3.946467,0.001546,10,3.947137,0.001302
4,5,8,1,0|1|0|0|1,0|0|1|2|3,0,10,3.948058,0.001348,10,3.947677,0.000593
4,5,8,1,0|1|0|0|2,0|0|1|2|2,0,10,3.946973,0.000877,10,3.946972,0.001210
4,5,8,1,0|1|0|0|3,0|0|1|2|1,0,10,3.947237,0.000839,10,3.946819,0.001012
4,5,8,1,0|1|0|0|4,0|0|1|2|0,0,10,3.944134,0.000841,10,3.945382,0.000845
4,5,8,1,0|1|0|0|0,0|0|1|3|3,0,10,3.946863,0.000820,10,3.947475,0.001246
4,5,8,1,0|1|0|0|1,0|0|1|3|2,0,10,3.947774,0.000792,10,3.947824,0.001560
4,5,8,1,0|1|0|0|2,0|0|1|3|1,0,10,3.946430,0.001006,10,3.946005,0.000780
4,5,8,1,0|1|0|0|3,0|0|1|3|0,0,10,3.943408,0.000926,10,3.943344,0.001008
4,5,8,1,0|1|0|0|0,0|0|1|4|2,0,10,3.943118,0.001025,10,3.943480,0.000836
4,5,8,1,0|1|0|0|1,0|0|1|4|1,0,10,3.943214,0.001233,10,3.942624,0.001253
4,5,8,1,0|1|0|0|2,0|0|1|4|0,0,10,3.938784,0.000875,10,3.938329,0.000797
4,5,8,1,0|1|0|0|0,0|0|1|5|1,0,10,3.931506,0.001244,10,3.931472,0.000633
4,5,8,1,0|1|0|0|1,0|0|1|5|0,0,10,3.926326,0.000725,10,3.925800,0.000707
4,5,8,1,0|1|0|0|0,0|0|1|6|0,0,10,3.880605,0.000745,10,3.880279,0.000485
4,5,8,1,0|1|0|1|0,0|0|1|0|5,0,10,3.941396,0.001510,10,3.940359,0.000945
4,5,8,1,0|1|0|1|1,0|0|1|0|4,0,10,3.940933,0.000794,10,3.941069,0.001384
4,5,8,1,0|1|0|1|2,0|0|1|0|3,0,10,3.940107,0.000606,10,3.940520,0.001100
4,5,8,1,0|1|0|1|3,0|0|1|0|2,0,10,3.940041,0.000889,10,3.939845,0.001584
4,5,8,1,0|1|0|1|4,0|0|1|0|1,0,10,3.938986,0.001129,10,3.938419,0.001301
4,5,8,1,0|1|0|1|5,0|0|1|0|0,0,10,3.937075,0.001009,10,3.937300,0.001311
4,5,8,1,0|1|0|1|0,0|0|1|1|4,0,10,3.946788,0.000939,10,3.947056,0.001263
4,5,8,1,0|1|0|1|1,0|0|1|1|3,0,10,3.947833,0.001414,10,3.947415,0.001801
4,5,8,1,0|1|0|1|2,0|0|1|1|2,0,10,3.946479,0.001050,10,3.947485,0.001085
4,5,8,1,0|1|0|1|3,0|0|1|1|1,0,10,3.946067,0.001341,10,3.945535,0.001274
4,5,8,1,0|1|0|1|4,0|0|1|1|0,0,10,3.944350,0.000997,10,3.943674,0.000830
4,5,8,1,0|1|0|1|0,0|0|1|2|3,0,10,3.947191,0.001077,10,3.947532,0.001271
4,5,8,1,0|1|0|1|1,0|0|1|2|2,0,10,3.947575,0.001353,10,3.947197,0.001394
4,5,8,1,0|1|0|1|2,0|0|1|2|1,0,10,3.946857,0.000864,10,3.946743,0.001084
4,5,8,1,0|1|0|1|3,0|0|1|2|0,0,10,3.942903,0.001089,10,3.943536,0.000724
4,5,8,1,0|1|0|1|0,0|0|1|3|2,0,10,3.943113,0.001274,10,3.943660,0.001182
4,5,8,1,0|1|0|1|1,0|0|1|3|1,0,10,3.943818,0.001391,10,3.943383,0.001407
4,5,8,1,0|1|0|1|2,0|0|1|3|0,0,10,3.939088,0.000905,10,3.938531,0.000832
4,5,8,1,0|1|0|1|0,0|0|1|4|1,0,10,3.931693,0.000632,10,3.931245,0.000862
4,5,8,1,0|1|0|1|1,0|0|1|4|0,0,10,3.926027,0.000708,10,3.926658,0.000658
4,5,8,1,0|1|0|1|0,0|0|1|5|0,0,10,3.881820,0.000718,10,3.881320,0.000642
4,5,8,1,0|1|0|2|0,0|0|1|0|4,0,10,3.943860,0.001476,10,3.944001,0.001255
4,5,8,1,0|1|0|2|1,0|0|1|0|3,0,10,3.944487,0.001269,10,3.944314,0.001199
4,5,8,1,0|1|0|2|2,0|0|1|0|2,0,10,3.943859,0.001123,10,3.943830,0.000567
4,5,8,1,0|1|0|2|3,0|0|1|0|1,0,10,3.940722,0.001115,10,3.941416,0.001071
4,5,8,1,0|1|0|2|4,0|0|1|0|0,0,10,3.937983,0.000778,10,3.938269,0.000996
4,5,8,1,0|1|0|2|0,0|0|1|1|3,0,10,3.945375,0.001207,10,3.945896,0.001029
4,5,8,1,0|1|0|2|1,0|0|1|1|2,0,10,3.946139,0.001115,10,3.946475,0.000994
4,5,8,1,0|1|0|2|2,0|0|1|1|1,0,10,3.943864,0.001027,10,3.944404,0.001444
4,5,8,1,0|1|0|2|3,0|0|1|1|0,0,10,3.940575,0.001044,10,3.940879,0.001138
4,5,8,1,0|1|0|2|0,0|0|1|2|2,0,10,3.942025,0.001038,10,3.942212,0.001007
4,5,8,1,0|1|0|2|1,0|0|1|2|1,0,10,3.941875,0.001182,10,3.941980,0.000773
4,5,8,1,0|1|0|2|2,0|0|1|2|0,0,10,3.936660,0.000968,10,3.937008,0.001215
4,5,8,1,0|1|0|2|0,0|0|1|3|1,0,10,3.930421,0.000835,10,3.930279,0.000808
4,5,8,1,0|1|0|2|1,0|0|1|3|0,0,10,3.924874,0.000791,10,3.924368,0.000800
4,5,8,1,0|1|0|2|0,0|0|1|4|0,0,10,3.880566,0.000539,10,3.880733,0.000275
4,5,8,1,0|1|0|3|0,0|0|1|0|3,0,10,3.942462,0.001160,10,3.942783,0.001373
4,5,8,1,0|1|0|3|1,0|0|1|0|2,0,10,3.943428,0.001048,10,3.944108,0.000925
4,5,8,1,0|1|0|3|2,0|0|1|0|1,0,10,3.941477,0.000863,10,3.940290,0.000987
4,5,8,1,0|1|0|3|3,0|0|1|0|0,0,10,3.935593,0.001220,10,3.935713,0.001127
4,5,8,1,0|1|0|3|0,0|0|1|1|2,0,10,3.940622,0.000874,10,3.940368,0.000840
4,5,8,1,0|1|0|3|1,0|0|1|1|1,0,10,3.940081,0.001090,10,3.940130,0.001310
4,5,8,1,0|1|0|3|2,0|0|1|1|0,0,10,3.934423,0.000979,10,3.934323,0.001337
4,5,8,1,0|1|0|3|0,0|0|1|2|1,0,10,3.929107,0.000687,10,3.928771,0.001185
4,5,8,1,0|1|0|3|1,0|0|1|2|0,0,10,3.922528,0.001041,10,3.922715,0.001032
4,5,8,1,0|1|0|3|0,0|0|1|3|0,0,10,3.879180,0.000531,10,3.878995,0.000783
4,5,8,1,0|1|0|4|0,0|0|1|0|2,0,10,3.938049,0.001772,10,3.937535,0.000949
4,5,8,1,0|1|0|4|1,0|0|1|0|1,0,10,3.937698,0.001033,10,3.937844,0.001124
4,5,8,1,0|1|0|4|2,0|0|1|0|0,0,10,3.930902,0.000797,10,3.930525,0.001243
4,5,8,1,0|1|0|4|0,0|0|1|1|1,0,10,3.927139,0.000723,10,3.927768,0.000850
4,5,8,1,0|1|0|4|1,0|0|1|1|0,0,10,3.920828,0.000639,10,3.920893,0.000806
4,5,8,1,0|1|0|4|0,0|0|1|2|0,0,10,3.877813,0.000528,10,3.877502,0.000637
4,5,8,1,0|1|0|5|0,0|0|1|0|1,0,10,3.925051,0.000561,10,3.924785,0.000704
4,5,8,1,0|1|0|5|1,0|0|1|0|0,0,10,3.917458,0.000753,10,3.917319,0.000494
4,5,8,1,0|1|0|5|0,0|0|1|1|0,0,10,3.875066,0.000573,10,3.875245,0.000668
4,5,8,1,0|1|0|6|0,0|0|1|0|0,0,10,3.871493,0.000422,10,3.871693,0.000589
4,5,8,1,0|1|0|0|0,0|0|2|0|5,0,10,3.922118,0.001242,10,3.922400,0.001191
4,5,8,1,0|1|0|0|1,0|0|2|0|4,0,10,3.924242,0.001597,10,3.923018,0.001073
4,5,8,1,0|1|0|0|2,0|0|2|0|3,0,10,3.923934,0.000988,10,3.922895,0.001183
4,5,8,1,0|1|0|0|3,0|0|2|0|2,0,10,3.921715,0.001154,10,3.921570,0.001112
4,5,8,1,0|1|0|0|4,0|0|2|0|1,0,10,3.920381,0.001712,10,3.920911,0.000975
4,5,8,1,0|1|0|0|5,0|0|2|0|0,0,10,3.916582,0.001325,10,3.916879,0.000747
4,5,8,1,0|1|0|0|0,0|0|2|1|4,0,10,3.941586,0.001189,10,3.942336,0.000944
4,5,8,1,0|1|0|0|1,0|0|2|1|3,0,10,3.943574,0.001388,10,3.942908,0.001564
4,5,8,1,0|1|0|0|2,0|0|2|1|2,0,10,3.943153,0.000753,10,3.943080,0.001289
4,5,8,1,0|1|0|0|3,0|0|2|1|1,0,10,3.940653,0.001364,10,3.941851,0.001087
4,5,8,1,0|1|0|0|4,0|0|2|1|0,0,10,3.938482,0.000666,10,3.939183,0.001027
4,5,8,1,0|1|0|0|0,0|0|2|2|3,0,10,3.945158,0.001246,10,3.944814,0.001300
4,5,8,1,0|1|0|0|1,0|0|2|2|2,0,10,3.945819,0.001488,10,3.945155,0.000985
4,5,8,1,0|1|0|0|2,0|0|2|2|1,0,10,3.943854,0.001479,10,3.943759,0.001311
4,5,8,1,0|1|0|0|3,0|0|2|2|0,0,10,3.940645,0.000924,10,3.940629,0.001078
4,5,8,1,0|1|0|0|0,0|0|2|3|2,0,10,3.942042,0.000647,10,3.942192,0.001024
4,5,8,1,0|1|0|0|1,0|0|2|3|1,0,10,3.942409,0.000967,10,3.941703,0.001312
4,5,8,1,0|1|0|0|2,0|0|2|3|0,0,10,3.936757,0.001039,10,3.937350,0.001048
4,5,8,1,0|1|0|0|0,0|0|2|4|1,0,10,3.931293,0.000846,10,3.931544,0.000500
4,5,8,1,0|1|0|0|1,0|0|2|4|0,0,10,3.926237,0.000510,10,3.926218,0.000678
4,5,8,1,0|1|0|0|0,0|0|2|5|0,0,10,3.883456,0.000487,10,3.883652,0.000578
4,5,8,1,0|1|0|1|0,0|0|2|0|4,0,10,3.939017,0.000672,10,3.938991,0.000777
4,5,8,1,0|1|0|1|1,0|0|2|0|3,0,10,3.939179,0.001542,10,3.939098,0.001357
4,5,8,1,0|1|0|1|2,0|0|2|0|2,0,10,3.937694,0.000989,10,3.939116,0.001500
4,5,8,1,0|1|0|1|3,0|0|2|0|1,0,10,3.935895,0.001674,10,3.936341,0.001066
4,5,8,1,0|1|0|1|4,0|0|2|0|0,0,10,3.932590,0.001079,10,3.932341,0.000898
4,5,8,1,0|1|0|1|0,0|0|2|1|3,0,10,3.944641,0.000850,10,3.944623,0.001744
4,5,8,1,0|1|0|1|1,0|0|2|1|2,0,10,3.944814,0.001105,10,3.944730,0.001339
4,5,8,1,0|1|0|1|2,0|0|2|1|1,0,10,3.942947,0.000939,10,3.942925,0.001183
4,5,8,1,0|1|0|1|3,0|0|2|1|0,0,10,3.939576,0.001050,10,3.939416,0.001345
4,5,8,1,0|1|0|1|0,0|0|2|2|2,0,10,3.942054,0.001121,10,3.941945,0.000971
4,5,8,1,0|1|0|1|1,0|0|2|2|1,0,10,3.942138,0.000933,10,3.942318,0.001402
4,5,8,1,0|1|0|1|2,0|0|2|2|0,0,10,3.937099,0.000430,10,3.937293,0.001062
4,5,8,1,0|1|0|1|0,0|0|2|3|1,0,10,3.931943,0.000834,10,3.931592,0.000772
4,5,8,1,0|1|0|1|1,0|0|2|3|0,0,10,3.926626,0.000687,10,3.926018,0.000938
4,5,8,1,0|1|0|1|0,0|0|2|4|0,0,10,3.884820,0.000691,10,3.885284,0.000659
4,5,8,1,0|1|0|2|0,0|0|2|0|3,0,10,3.940861,0.001494,10,3.940370,0.001238
4,5,8,1,0|1|0|2|1,0|0|2|0|2,0,10,3.940341,0.001255,10,3.940640,0.001024
4,5,8,1,0|1|0|2|2,0|0|2|0|1,0,10,3.938075,0.000941,10,3.937629,0.001104
4,5,8,1,0|1|0|2|3,0|0|2|0|0,0,10,3.931822,0.000868,10,3.931889,0.000961
4,5,8,1,0|1|0|2|0,0|0|2|1|2,0,10,3.940565,0.001268,10,3.940577,0.001305
4,5,8,1,0|1|0|2|1,0|0|2|1|1,0,10,3.940138,0.001553,10,3.939614,0.001105
4,5,8,1,0|1|0|2|2,0|0|2|1|0,0,10,3.933748,0.001294,10,3.933419,0.000629
4,5,8,1,0|1|0|2|0,0|0|2|2|1,0,10,3.929786,0.000608,10,3.929684,0.000756
4,5,8,1,0|1|0|2|1,0|0|2|2|0,0,10,3.923915,0.001001,10,3.923863,0.000678
4,5,8,1,0|1|0|2|0,0|0|2|3|0,0,10,3.883358,0.000994,10,3.883349,0.000687
4,5,8,1,0|1|0|3|0,0|0|2|0|2,0,10,3.935284,0.000523,10,3.936491,0.002020
4,5,8,1,0|1|0|3|1,0|0|2|0|1,0,10,3.936113,0.000882,10,3.935129,0.000823
4,5,8,1,0|1|0|3|2,0|0|2|0|0,0,10,3.927182,0.000831,10,3.927007,0.001295
4,5,8,1,0|1|0|3|0,0|0|2|1|1,0,10,3.927578,0.000664,10,3.927407,0.000920
4,5,8,1,0|1|0|3|1,0|0|2|1|0,0,10,3.920575,0.000572,10,3.920525,0.000863
4,5,8,1,0|1|0|3|0,0|0|2|2|0,0,10,3.881023,0.000762,10,3.880969,0.000644
4,5,8,1,0|1|0|4|0,0|0|2|0|1,0,10,3.922707,0.000545,10,3.922719,0.000867
4,5,8,1,0|1|0|4|1,0|0|2|0|0,0,10,3.915022,0.000902,10,3.915140,0.000799
4,5,8,1,0|1|0|4|0,0|0|2|1|0,0,10,3.877372,0.000347,10,3.876952,0.000476
4,5,8,1,0|1|0|5|0,0|0|2|0|0,0,10,3.870971,0.000716,10,3.870378,0.000693
4,5,8,1,0|1|0|0|0,0|0|3|0|4,0,10,3.916294,0.000848,10,3.916442,0.000884
4,5,8,1,0|1|0|0|1,0|0|3|0|3,0,10,3.918016,0.001165,10,3.917792,0.001033
4,5,8,1,0|1|0|0|2,0|0|3|0|2,0,10,3.916515,0.000979,10,3.916011,0.001288
4,5,8,1,0|1|0|0|3,0|0|3|0|1,0,10,3.913235,0.001320,10,3.913578,0.001006
4,5,8,1,0|1|0|0|4,0|0|3|0|0,0,10,3.906966,0.000868,10,3.906528,0.000884
4,5,8,1,0|1|0|0|0,0|0|3|1|3,0,10,3.937418,0.000895,10,3.936871,0.001351
4,5,8,1,0|1|0|0|1,0|0|3|1|2,0,10,3.938202,0.001020,10,3.937240,0.000818
4,5,8,1,0|1|0|0|2,0|0|3|1|1,0,10,3.935767,0.000732,10,3.935329,0.000888
4,5,8,1,0|1|0|0|3,0|0|3|1|0,0,10,3.930876,0.001040,10,3.930753,0.000909
4,5,8,1,0|1|0|0|0,0|0|3|2|2,0,10,3.936616,0.001215,10,3.936346,0.001110
4,5,8,1,0|1|0|0|1,0|0|3|2|1,0,10,3.936572,0.001389,10,3.936813,0.001384
4,5,8,1,0|1|0|0|2,0|0|3|2|0,0,10,3.929724,0.000932,10,3.929422,0.000851
4,5,8,1,0|1|0|0|0,0|0|3|3|1,0,10,3.925229,0.000497,10,3.925788,0.001134
4,5,8,1,0|1|0|0|1,0|0|3|3|0,0,10,3.919568,0.000765,10,3.919057,0.000656
4,5,8,1,0|1|0|0|0,0|0|3|4|0,0,10,3.874269,0.000565,10,3.874308,0.000873
4,5,8,1,0|1|0|1|0,0|0|3|0|3,0,10,3.932376,0.001270,10,3.932243,0.000775
4,5,8,1,0|1|0|1|1,0|0|3|0|2,0,10,3.931458,0.001483,10,3.932457,0.000967
4,5,8,1,0|1|0|1|2,0|0|3|0|1,0,10,3.928373,0.000698,10,3.928477,0.000778
4,5,8,1,0|1|0|1|3,0|0|3|0|0,0,10,3.921974,0.000423,10,3.921881,0.000968
4,5,8,1,0|1|0|1|0,0|0|3|1|2,0,10,3.935547,0.000995,10,3.936093,0.000964
4,5,8,1,0|1|0|1|1,0|0|3|1|1,0,10,3.935324,0.000832,10,3.935003,0.001028
4,5,8,1,0|1|0|1|2,0|0|3|1|0,0,10,3.928628,0.001114,10,3.928251,0.000817
4,5,8,1,0|1|0|1|0,0|0|3|2|1,0,10,3.925434,0.000947,10,3.925111,0.001285
4,5,8,1,0|1|0|1|1,0|0|3|2|0,0,10,3.918743,0.000956,10,3.918622,0.000998
4,5,8,1,0|1|0|1|0,0|0|3|3|0,0,10,3.876198,0.000596,10,3.876037,0.000593
4,5,8,1,0|1|0|2|0,0|0|3|0|2,0,10,3.929427,0.000692,10,3.929063,0.001091
4,5,8,1,0|1|0|2|1,0|0|3|0|1,0,10,3.927452,0.001178,10,3.926767,0.000746
4,5,8,1,0|1|0|2|2,0|0|3|0|0,0,10,3.917294,0.000543,10,3.917586,0.000879
4,5,8,1,0|1|0|2|0,0|0|3|1|1,0,10,3.921342,0.000880,10,3.922222,0.000663
4,5,8,1,0|1|0|2|1,0|0|3|1|0,0,10,3.914177,0.000926,10,3.914174,0.000527
4,5,8,1,0|1|0|2|0,0|0|3|2|0,0,10,3.872309,0.000470,10,3.872467,0.000561
4,5,8,1,0|1|0|3|0,0|0|3|0|1,0,10,3.915263,0.000870,10,3.914634,0.001018
4,5,8,1,0|1|0|3|1,0|0|3|0|0,0,10,3.904698,0.000939,10,3.904595,0.001040
4,5,8,1,0|1|0|3|0,0|0|3|1|0,0,10,3.867741,0.000598,10,3.867807,0.001043
4,5,8,1,0|1|0|4|0,0|0|3|0|0,0,10,3.857637,0.000689,10,3.857617,0.000575
4,5,8,1,0|1|0|0|0,0|0|4|0|3,0,10,3.904081,0.001074,10,3.904093,0.000723
4,5,8,1,0|1|0|0|1,0|0|4|0|2,0,10,3.905542,0.000858,10,3.905155,0.001273
4,5,8,1,0|1|0|0|2,0|0|4|0|1,0,10,3.900908,0.000812,10,3.899697,0.001279
4,5,8,1,0|1|0|0|3,0|0|4|0|0,0,10,3.888427,0.000765,10,3.888544,0.000765
4,5,8,1,0|1|0|0|0,0|0|4|1|2,0,10,3.924453,0.000640,10,3.924080,0.000999
4,5,8,1,0|1|0|0|1,0|0|4|1|1,0,10,3.923937,0.000913,10,3.922821,0.001083
4,5,8,1,0|1|0|0|2,0|0|4|1|0,0,10,3.913912,0.000763,10,3.914521,0.000890
4,5,8,1,0|1|0|0|0,0|0|4|2|1,0,10,3.913851,0.000536,10,3.914456,0.000615
4,5,8,1,0|1|0|0|1,0|0|4|2|0,0,10,3.906248,0.000674,10,3.905681,0.000666
4,5,8,1,0|1|0|0|0,0|0|4|3|0,0,10,3.857041,0.000679,10,3.857140,0.000631
4,5,8,1,0|1|0|1|0,0|0|4|0|2,0,10,3.916364,0.000633,10,3.916552,0.000914
4,5,8,1,0|1|0|1|1,0|0|4|0|1,0,10,3.913680,0.000698,10,3.913668,0.000965
4,5,8,1,0|1|0|1|2,0|0|4|0|0,0,10,3.900551,0.000806,10,3.900614,0.000923
4,5,8,1,0|1|0|1|0,0|0|4|1|1,0,10,3.911775,0.000882,10,3.911690,0.000920
4,5,8,1,0|1|0|1|1,0|0|4|1|0,0,10,3.902521,0.000797,10,3.902530,0.000649
4,5,8,1,0|1|0|1|0,0|0|4|2|0,0,10,3.858094,0.000427,10,3.857920,0.000482
4,5,8,1,0|1|0|2|0,0|0|4|0|1,0,10,3.900992,0.000786,10,3.901195,0.000897
4,5,8,1,0|1|0|2|1,0|0|4|0|0,0,10,3.888051,0.000589,10,3.888266,0.000627
4,5,8,1,0|1|0|2|0,0|0|4|1|0,0,10,3.851018,0.000696,10,3.850810,0.000613
4,5,8,1,0|1|0|3|0,0|0|4|0|0,0,10,3.836186,0.000556,10,3.836421,0.000559
4,5,8,1,0|1|0|0|0,0|0|5|0|2,0,10,3.876756,0.000872,10,3.876972,0.000697
4,5,8,1,0|1|0|0|1,0|0|5|0|1,0,10,3.875357,0.000522,10,3.874976,0.000643
4,5,8,1,0|1|0|0|2,0|0|5|0|0,0,10,3.854773,0.000610,10,3.854896,0.000560
4,5,8,1,0|1|0|0|0,0|0|5|1|1,0,10,3.889741,0.000886,10,3.889240,0.000762
4,5,8,1,0|1|0|0|1,0|0|5|1|0,0,10,3.876991,0.000619,10,3.876760,0.000534
4,5,8,1,0|1|0|0|0,0|0|5|2|0,0,10,3.826833,0.000561,10,3.826828,0.000480
4,5,8,1,0|1|0|1|0,0|0|5|0|1,0,10,3.875497,0.000436,10,3.876266,0.000745
4,5,8,1,0|1|0|1|1,0|0|5|0|0,0,10,3.857355,0.000452,10,3.857682,0.000889
4,5,8,1,0|1|0|1|0,0|0|5|1|0,0,10,3.822948,0.000582,10,3.823235,0.000440
4,5,8,1,0|1|0|2|0,0|0|5|0|0,0,10,3.802411,0.000301,10,3.802211,0.000569
4,5,8,1,0|1|0|0|0,0|0|6|0|1,0,10,3.809566,0.000389,10,3.809232,0.000637
4,5,8,1,0|1|0|0|1,0|0|6|0|0,0,10,3.784837,0.000698,10,3.784390,0.000580
4,5,8,1,0|1|0|0|0,0|0|6|1|0,0,10,3.764808,0.000547,10,3.764779,0.000457
4,5,8,1,0|1|0|1|0,0|0|6|0|0,0,10,3.740387,0.000457,10,3.740435,0.000231
4,5,8,1,0|1|0|0|0,0|0|7|0|0,0,10,3.576654,0.000389,10,3.576689,0.000342
4,5,8,1,0|1|1|0|0,0|0|0|0|6,0,10,3.920915,0.001705,10,3.920314,0.000714
4,5,8,1,0|1|1|0|1,0|0|0|0|5,0,10,3.921531,0.000785,10,3.921134,0.000712
4,5,8,1,0|1|1|0|2,0|0|0|0|4,0,10,3.920885,0.001371,10,3.920768,0.000839
4,5,8,1,0|1|1|0|3,0|0|0|0|3,0,10,3.920399,0.000979,10,3.919823,0.001417
4,5,8,1,0|1|1|0|4,0|0|0|0|2,0,10,3.919735,0.001323,10,3.919292,0.001514
4,5,8,1,0|1|1|0|5,0|0|0|0|1,0,10,3.917864,0.000909,10,3.917628,0.001161
4,5,8,1,0|1|1|0|6,0|0|0|0|0,0,10,3.916267,0.000922,10,3.915774,0.001179
4,5,8,1,0|1|1|0|0,0|0|0|1|5,0,10,3.941851,0.001718,10,3.941664,0.001248
4,5,8,1,0|1|1|0|1,0|0|0|1|4,0,10,3.942531,0.000977,10,3.942793,0.001534
4,5,8,1,0|1|1|0|2,0|0|0|1|3,0,10,3.941495,0.001314,10,3.942727,0.000905
4,5,8,1,0|1|1|0|3,0|0|0|1|2,0,10,3.942004,0.000742,10,3.941121,0.001146
4,5,8,1,0|1|1|0|4,0|0|0|1|1,0,10,3.939653,0.001084,10,3.940512,0.001573
4,5,8,1,0|1|1|0|5,0|0|0|1|0,0,10,3.938396,0.001453,10,3.938770,0.001467
4,5,8,1,0|1|1|0|0,0|0|0|2|4,0,10,3.945198,0.001185,10,3.944676,0.000670
4,5,8,1,0|1|1|0|1,0|0|0|2|3,0,10,3.945480,0.001142,10,3.945188,0.001230
4,5,8,1,0|1|1|0|2,0|0|0|2|2,0,10,3.944940,0.001028,10,3.945238,0.001364
4,5,8,1,0|1|1|0|3,0|0|0|2|1,0,10,3.943705,0.000981,10,3.943912,0.001594
4,5,8,1,0|1|1|0|4,0|0|0|2|0,0,10,3.940969,0.001567,10,3.941000,0.001183
4,5,8,1,0|1|1|0|0,0|0|0|3|3,0,10,3.944829,0.000406,10,3.944093,0.001262
4,5,8,1,0|1|1|0|1,0|0|0|3|2,0,10,3.945237,0.000867,10,3.945077,0.000718
4,5,8,1,0|1|1|0|2,0|0|0|3|1,0,10,3.944086,0.001058,10,3.943601,0.000679
4,5,8,1,0|1|1|0|3,0|0|0|3|0,0,10,3.939420,0.000745,10,3.940247,0.000903
4,5,8,1,0|1|1|0|0,0|0|0|4|2,0,10,3.939753,0.000863,10,3.939681,0.000970
4,5,8,1,0|1|1|0|1,0|0|0|4|1,0,10,3.940062,0.000910,10,3.940167,0.000679
4,5,8,1,0|1|1|0|2,0|0|0|4|0,0,10,3.934870,0.000896,10,3.934720,0.000768
4,5,8,1,0|1|1|0|0,0|0|0|5|1,0,10,3.926098,0.001054,10,3.926615,0.001271
4,5,8,1,0|1|1|0|1,0|0|0|5|0,0,10,3.919983,0.001022,10,3.919493,0.001053
4,5,8,1,0|1|1|0|0,0|0|0|6|0,0,10,3.869812,0.000477,10,3.869703,0.000839
4,5,8,1,0|1|1|1|0,0|0|0|0|5,0,10,3.937267,0.001185,10,3.937888,0.000981
4,5,8,1,0|1|1|1|1,0|0|0|0|4,0,10,3.937969,0.000994,10,3.938393,0.001350
4,5,8,1,0|1|1|1|2,0|0|0|0|3,0,10,3.936389,0.000876,10,3.937462,0.000554
4,5,8,1,0|1|1|1|3,0|0|0|0|2,0,10,3.936541,0.000963,10,3.935933,0.001310
4,5,8,1,0|1|1|1|4,0|0|0|0|1,0,10,3.934814,0.000841,10,3.934397,0.001497
4,5,8,1,0|1|1|1|5,0|0|0|0|0,0,10,3.931689,0.001280,10,3.932153,0.000900
4,5,8,1,0|1|1|1|0,0|0|0|1|4,0,10,3.944132,0.000786,10,3.944434,0.001631
4,5,8,1,0|1|1|1|1,0|0|0|1|3,0,10,3.944689,0.001620,10,3.944406,0.001273
4,5,8,1,0|1|1|1|2,0|0|0|1|2,0,10,3.944346,0.001066,10,3.944227,0.001273
4,5,8,1,0|1|1|1|3,0|0|0|1|1,0,10,3.942249,0.000795,10,3.942122,0.000986
4,5,8,1,0|1|1|1|4,0|0|0|1|0,0,10,3.939930,0.001147,10,3.940368,0.001306
4,5,8,1,0|1|1|1|0,0|0|0|2|3,0,10,3.944194,0.001095,10,3.944111,0.001306
4,5,8,1,0|1|1|1|1,0|0|0|2|2,0,10,3.944622,0.000962,10,3.945217,0.001248
4,5,8,1,0|1|1|1|2,0|0|0|2|1,0,10,3.942317,0.000767,10,3.942681,0.000964
4,5,8,1,0|1|1|1|3,0|0|0|2|0,0,10,3.939226,0.000743,10,3.938470,0.001110
4,5,8,1,0|1|1|1|0,0|0|0|3|2,0,10,3.939801,0.001339,10,3.940090,0.001172
4,5,8,1,0|1|1|1|1,0|0|0|3|1,0,10,3.939381,0.001640,10,3.939331,0.000854
4,5,8,1,0|1|1|1|2,0|0|0|3|0,0,10,3.933122,0.001269,10,3.933234,0.001019
4,5,8,1,0|1|1|1|0,0|0|0|4|1,0,10,3.925804,0.000796,10,3.925976,0.000622
4,5,8,1,0|1|1|1|1,0|0|0|4|0,0,10,3.919422,0.000833,10,3.919533,0.000899
4,5,8,1,0|1|1|1|0,0|0|0|5|0,0,10,3.871490,0.000841,10,3.870895,0.000396
4,5,8,1,0|1|1|2|0,0|0|0|0|4,0,10,3.941343,0.001079,10,3.941192,0.001409
4,5,8,1,0|1|1|2|1,0|0|0|0|3,0,10,3.941330,0.001216,10,3.940424,0.000899
4,5,8,1,0|1|1|2|2,0|0|0|0|2,0,10,3.939399,0.000763,10,3.939559,0.001204
4,5,8,1,0|1|1|2|3,0|0|0|0|1,0,10,3.936704,0.000831,10,3.937813,0.001363
4,5,8,1,0|1|1|2|4,0|0|0|0|0,0,10,3.932611,0.001110,10,3.932748,0.000890
4,5,8,1,0|1|1|2|0,0|0|0|1|3,0,10,3.942580,0.000937,10,3.942597,0.000983
4,5,8,1,0|1|1|2|1,0|0|0|1|2,0,10,3.942256,0.001403,10,3.942688,0.000721
4,5,8,1,0|1|1|2|2,0|0|0|1|1,0,10,3.940078,0.000957,10,3.940135,0.001366
4,5,8,1,0|1|1|2|3,0|0|0|1|0,0,10,3.935802,0.000757,10,3.935478,0.001004
4,5,8,1,0|1|1|2|0,0|0|0|2|2,0,10,3.938472,0.000767,10,3.938585,0.000633
4,5,8,1,0|1|1|2|1,0|0|0|2|1,0,10,3.937883,0.001068,10,3.937745,0.001094
4,5,8,1,0|1|1|2|2,0|0|0|2|0,0,10,3.931028,0.000799,10,3.930959,0.001010
4,5,8,1,0|1|1|2|0,0|0|0|3|1,0,10,3.923926,0.000814,10,3.923910,0.000721
4,5,8,1,0|1|1|2|1,0|0|0|3|0,0,10,3.916887,0.000613,10,3.916850,0.000961
4,5,8,1,0|1|1|2|0,0|0|0|4|0,0,10,3.869389,0.000780,10,3.869291,0.000551
4,5,8,1,0|1|1|3|0,0|0|0|0|3,0,10,3.938766,0.000931,10,3.938746,0.001482
4,5,8,1,0|1|1|3|1,0|0|0|0|2,0,10,3.939474,0.000972,10,3.938875,0.001044
4,5,8,1,0|1|1|3|2,0|0|0|0|1,0,10,3.935338,0.000664,10,3.935977,0.000941
4,5,8,1,0|1|1|3|3,0|0|0|0|0,0,10,3.929638,0.000951,10,3.929607,0.000706
4,5,8,1,0|1|1|3|0,0|0|0|1|2,0,10,3.936359,0.001346,10,3.935428,0.000840
4,5,8,1,0|1|1|3|1,0|0|0|1|1,0,10,3.935733,0.000918,10,3.935517,0.001198
4,5,8,1,0|1|1|3|2,0|0|0|1|0,0,10,3.927777,0.000870,10,3.928608,0.000684
4,5,8,1,0|1|1|3|0,0|0|0|2|1,0,10,3.922491,0.000559,10,3.922000,0.000462
4,5,8,1,0|1|1|3|1,0|0|0|2|0,0,10,3.914988,0.000593,10,3.914448,0.000856
4,5,8,1,0|1|1|3|0,0|0|0|3|0,0,10,3.867768,0.000616,10,3.868342,0.000487
4,5,8,1,0|1|1|4|0,0|0|0|0|2,0,10,3.932696,0.000644,10,3.933213,0.001127
4,5,8,1,0|1|1|4|1,0|0|0|0|1,0,10,3.931807,0.001316,10,3.932437,0.001235
4,5,8,1,0|1|1|4|2,0|0|0|0|0,0,10,3.923000,0.001008,10,3.923140,0.000735
4,5,8,1,0|1|1|4|0,0|0|0|1|1,0,10,3.920047,0.000733,10,3.920248,0.000859
4,5,8,1,0|1|1|4|1,0|0|0|1|0,0,10,3.912166,0.000581,10,3.912388,0.001171
4,5,8,1,0|1|1|4|0,0|0|0|2|0,0,10,3.866006,0.000451,10,3.865749,0.000677
4,5,8,1,0|1|1|5|0,0|0|0|0|1,0,10,3.917037,0.000881,10,3.916774,0.000731
4,5,8,1,0|1|1|5|1,0|0|0|0|0,0,10,3.907786,0.000796,10,3.907265,0.000611
4,5,8,1,0|1|1|5|0,0|0|0|1|0,0,10,3.862715,0.000428,10,3.862897,0.000645
4,5,8,1,0|1|1|6|0,0|0|0|0|0,0,10,3.858257,0.000610,10,3.858266,0.000769
4,5,8,1,0|1|1|0|0,0|0|1|0|5,0,10,3.922462,0.001947,10,3.922398,0.001109
4,5,8,1,0|1|1|0|1,0|0|1|0|4,0,10,3.923635,0.000900,10,3.923655,0.001086
4,5,8,1,0|1|1|0|2,0|0|1|0|3,0,10,3.922802,0.001040,10,3.923267,0.000860
4,5,8,1,0|1|1|0|3,0|0|1|0|2,0,10,3.921230,0.000837,10,3.921029,0.001513
4,5,8,1,0|1|1|0|4,0|0|1|0|1,0,10,3.919892,0.001099,10,3.919610,0.001224
4,5,8,1,0|1|1|0|5,0|0|1|0|0,0,10,3.915336,0.000870,10,3.916273,0.001457
4,5,8,1,0|1|1|0|0,0|0|1|1|4,0,10,3.942195,0.001092,10,3.941228,0.001154
4,5,8,1,0|1|1|0|1,0|0|1|1|3,0,10,3.942759,0.001607,10,3.942703,0.001024
4,5,8,1,0|1|1|0|2,0|0|1|1|2,0,10,3.940803,0.001295,10,3.941859,0.001076
4,5,8,1,0|1|1|0|3,0|0|1|1|1,0,10,3.940549,0.001430,10,3.940321,0.001187
4,5,8,1,0|1|1|0|4,0|0|1|1|0,0,10,3.937375,0.001012,10,3.937290,0.000627
4,5,8,1,0|1|1|0|0,0|0|1|2|3,0,10,3.943500,0.000918,10,3.943873,0.000835
4,5,8,1,0|1|1|0|1,0|0|1|2|2,0,10,3.944961,0.001018,10,3.944746,0.001142
4,5,8,1,0|1|1|0|2,0|0|1|2|1,0,10,3.943238,0.001543,10,3.943203,0.001014
4,5,8,1,0|1|1|0|3,0|0|1|2|0,0,10,3.939381,0.001031,10,3.939251,0.000953
4,5,8,1,0|1|1|0|0,0|0|1|3|2,0,10,3.940472,0.000539,10,3.941757,0.000893
4,5,8,1,0|1|1|0|1,0|0|1|3|1,0,10,3.940740,0.000923,10,3.940874,0.001479
4,5,8,1,0|1|1|0|2,0|0|1|3|0,0,10,3.935376,0.000716,10,3.935703,0.000971
4,5,8,1,0|1|1|0|0,0|0|1|4|1,0,10,3.929983,0.001212,10,3.929503,0.001360
4,5,8,1,0|1|1|0|1,0|0|1|4|0,0,10,3.924038,0.000977,10,3.923838,0.001091
4,5,8,1,0|1|1|0|0,0|0|1|5|0,0,10,3.882112,0.000475,10,3.881755,0.000331
4,5,8,1,0|1|1|1|0,0|0|1|0|4,0,10,3.937724,0.000702,10,3.937216,0.000942
4,5,8,1,0|1|1|1|1,0|0|1|0|3,0,10,3.937782,0.001094,10,3.937352,0.001192
4,5,8,1,0|1|1|1|2,0|0|1|0|2,0,10,3.936278,0.001032,10,3.935660,0.001169
4,5,8,1,0|1|1|1|3,0|0|1|0|1,0,10,3.934150,0.001543,10,3.934646,0.001426
4,5,8,1,0|1|1|1|4,0|0|1|0|0,0,10,3.929890,0.001067,10,3.930097,0.000973
4,5,8,1,0|1|1|1|0,0|0|1|1|3,0,10,3.942628,0.001636,10,3.942477,0.001380
4,5,8,1,0|1|1|1|1,0|0|1|1|2,0,10,3.943601,0.001342,10,3.942747,0.000732
4,5,8,1,0|1|1|1|2,0|0|1|1|1,0,10,3.941018,0.000974,10,3.942036,0.000808
4,5,8,1,0|1|1|1|3,0|0|1|1|0,0,10,3.937195,0.001122,10,3.937753,0.001411
4,5,8,1,0|1|1|1|0,0|0|1|2|2,0,10,3.940264,0.000696,10,3.940626,0.000723
4,5,8,1,0|1|1|1|1,0|0|1|2|1,0,10,3.940143,0.001167,10,3.940311,0.001024
4,5,8,1,0|1|1|1|2,0|0|1|2|0,0,10,3.934837,0.001156,10,3.934093,0.000914
4,5,8,1,0|1|1|1|0,0|0|1|3|1,0,10,3.929446,0.000798,10,3.929568,0.000832
4,5,8,1,0|1|1|1|1,0|0|1|3|0,0,10,3.923711,0.000961,10,3.923832,0.000685
4,5,8,1,0|1|1|1|0,0|0|1|4|0,0,10,3.883058,0.000774,10,3.883012,0.000887
4,5,8,1,0|1|1|2|0,0|0|1|0|3,0,10,3.938140,0.001069,10,3.938139,0.000953
4,5,8,1,0|1|1|2|1,0|0|1|0|2,0,10,3.938176,0.001188,10,3.938172,0.001027
4,5,8,1,0|1|1|2|2,0|0|1|0|1,0,10,3.935258,0.001057,10,3.935301,0.000733
4,5,8,1,0|1|1|2|3,0|0|1|0|0,0,10,3.929085,0.000941,10,3.929075,0.001081
4,5,8,1,0|1|1|2|0,0|0|1|1|2,0,10,3.938225,0.000889,10,3.938368,0.001742
4,5,8,1,0|1|1|2|1,0|0|1|1|1,0,10,3.937152,0.000770,10,3.937038,0.000719
4,5,8,1,0|1|1|2|2,0|0|1|1|0,0,10,3.931046,0.000956,10,3.931230,0.001181
4,5,8,1,0|1|1|2|0,0|0|1|2|1,0,10,3.927426,0.000907,10,3.927165,0.001034
4,5,8,1,0|1|1|2|1,0|0|1|2|0,0,10,3.920991,0.000839,10,3.920333,0.001163
4,5,8,1,0|1|1|2|0,0|0|1|3|0,0,10,3.880677,0.000556,10,3.880835,0.000725
4,5,8,1,0|1|1|3|0,0|0|1|0|2,0,10,3.934000,0.001019,10,3.932975,0.000800
4,5,8,1,0|1|1|3|1,0|0|1|0|1,0,10,3.932692,0.001290,10,3.932531,0.001271
4,5,8,1,0|1|1|3|2,0|0|1|0|0,0,10,3.923723,0.000823,10,3.923966,0.001000
4,5,8,1,0|1|1|3|0,0|0|1|1|1,0,10,3.924544,0.000918,10,3.924670,0.000569
4,5,8,1,0|1|1|3|1,0|0|1|1|0,0,10,3.917335,0.000483,10,3.917248,0.000670
4,5,8,1,0|1|1|3|0,0|0|1|2|0,0,10,3.877900,0.000680,10,3.877966,0.000831
4,5,8,1,0|1|1|4|0,0|0|1|0|1,0,10,3.920091,0.001271,10,3.920158,0.000912
4,5,8,1,0|1|1|4|1,0|0|1|0|0,0,10,3.911089,0.000861,10,3.911107,0.000766
4,5,8,1,0|1|1|4|0,0|0|1|1|0,0,10,3.874283,0.000493,10,3.874479,0.000600
4,5,8,1,0|1|1|5|0,0|0|1|0|0,0,10,3.867362,0.000586,10,3.867653,0.000748
4,5,8,1,0|1|1|0|0,0|0|2|0|4,0,10,3.917075,0.001358,10,3.916848,0.001042
4,5,8,1,0|1|1|0|1,0|0|2|0|3,0,10,3.917378,0.001389,10,3.918384,0.000959
4,5,8,1,0|1|1|0|2,0|0|2|0|2,0,10,3.916727,0.000928,10,3.916171,0.001034
4,5,8,1,0|1|1|0|3,0|0|2|0|1,0,10,3.912850,0.001516,10,3.912363,0.001017
4,5,8,1,0|1|1|0|4,0|0|2|0|0,0,10,3.906184,0.001204,10,3.906164,0.001343
4,5,8,1,0|1|1|0|0,0|0|2|1|3,0,10,3.936937,0.001284,10,3.936422,0.001418
4,5,8,1,0|1|1|0|1,0|0|2|1|2,0,10,3.937324,0.001331,10,3.935966,0.001432
4,5,8,1,0|1|1|0|2,0|0|2|1|1,0,10,3.934101,0.001066,10,3.934375,0.001137
4,5,8,1,0|1|1|0|3,0|0|2|1|0,0,10,3.928559,0.001165,10,3.929225,0.000769
4,5,8,1,0|1|1|0|0,0|0|2|2|2,0,10,3.935363,0.000762,10,3.935939,0.000979
4,5,8,1,0|1|1|0|1,0|0|2|2|1,0,10,3.935204,0.000754,10,3.935478,0.000952
4,5,8,1,0|1|1|0|2,0|0|2|2|0,0,10,3.928722,0.001363,10,3.928850,0.001252
4,5,8,1,0|1|1|0|0,0|0|2|3|1,0,10,3.924250,0.000833,10,3.924529,0.001007
4,5,8,1,0|1|1|0|1,0|0|2|3|0,0,10,3.917508,0.000827,10,3.917527,0.000875
4,5,8,1,0|1|1|0|0,0|0|2|4|0,0,10,3.873880,0.000674,10,3.873451,0.000780
4,5,8,1,0|1|1|1|0,0|0|2|0|3,0,10,3.930358,0.000868,10,3.930537,0.001094
4,5,8,1,0|1|1|1|1,0|0|2|0|2,0,10,3.929789,0.000998,10,3.929891,0.000769
4,5,8,1,0|1|1|1|2,0|0|2|0|1,0,10,3.926498,0.001738,10,3.925545,0.001461
4,5,8,1,0|1|1|1|3,0|0|2|0|0,0,10,3.919200,0.000982,10,3.918688,0.001088
4,5,8,1,0|1|1|1|0,0|0|2|1|2,0,10,3.934268,0.000735,10,3.934180,0.001056
4,5,8,1,0|1|1|1|1,0|0|2|1|1,0,10,3.932285,0.000529,10,3.933153,0.001024
4,5,8,1,0|1|1|1|2,0|0|2|1|0,0,10,3.925865,0.000706,10,3.925655,0.000924
4,5,8,1,0|1|1|1|0,0|0|2|2|1,0,10,3.923649,0.000909,10,3.923410,0.000780
4,5,8,1,0|1|1|1|1,0|0|2|2|0,0,10,3.916583,0.000939,10,3.915880,0.001017
4,5,8,1,0|1|1|1|0,0|0|2|3|0,0,10,3.874338,0.000614,10,3.873997,0.000877
4,5,8,1,0|1|1|2|0,0|0|2|0|2,0,10,3.927033,0.001005,10,3.927593,0.001183
4,5,8,1,0|1|1|2|1,0|0|2|0|1,0,10,3.924472,0.001069,10,3.925364,0.000602
4,5,8,1,0|1|1|2|2,0|0|2|0|0,0,10,3.914355,0.000583,10,3.914377,0.000632
4,5,8,1,0|1|1|2|0,0|0|2|1|1,0,10,3.919188,0.000664,10,3.919450,0.000941
4,5,8,1,0|1|1|2|1,0|0|2|1|0,0,10,3.910829,0.000767,10,3.911118,0.000553
4,5,8,1,0|1|1|2|0,0|0|2|2|0,0,10,3.870817,0.000462,10,3.870330,0.000303
4,5,8,1,0|1|1|3|0,0|0|2|0|1,0,10,3.912143,0.000935,10,3.912720,0.000979
4,5,8,1,0|1|1|3|1,0|0|2|0|0,0,10,3.901165,0.000650,10,3.901503,0.000917
4,5,8,1,0|1|1|3|0,0|0|2|1|0,0,10,3.865174,0.000743,10,3.865577,0.000552
4,5,8,1,0|1|1|4|0,0|0|2|0|0,0,10,3.855096,0.000665,10,3.855293,0.000705
4,5,8,1,0|1|1|0|0,0|0|3|0|3,0,10,3.904335,0.000863,10,3.903717,0.000932
4,5,8,1,0|1|1|0|1,0|0|3|0|2,0,10,3.905502,0.001183,10,3.904804,0.000683
4,5,8,1,0|1|1|0|2,0|0|3|0|1,0,10,3.899036,0.001015,10,3.900153,0.000748
4,5,8,1,0|1|1|0|3,0|0|3|0|0,0,10,3.887292,0.000941,10,3.887361,0.000939
4,5,8,1,0|1|1|0|0,0|0|3|1|2,0,10,3.922393,0.001008,10,3.922814,0.000796
4,5,8,1,0|1|1|0|1,0|0|3|1|1,0,10,3.921747,0.000853,10,3.922150,0.000849
4,5,8,1,0|1|1|0|2,0|0|3|1|0,0,10,3.911766,0.000930,10,3.912130,0.001074
4,5,8,1,0|1|1|0|0,0|0|3|2|1,0,10,3.913180,0.000708,10,3.913254,0.000860
4,5,8,1,0|1|1|0|1,0|0|3|2|0,0,10,3.903683,0.000684,10,3.903369,0.000682
4,5,8,1,0|1|1|0|0,0|0|3|3|0,0,10,3.856254,0.000289,10,3.856211,0.000704
4,5,8,1,0|1|1|1|0,0|0|3|0|2,0,10,3.914059,0.000957,10,3.914201,0.001362
4,5,8,1,0|1|1|1|1,0|0|3|0|1,0,10,3.910362,0.000615,10,3.910149,0.000740
4,5,8,1,0|1|1|1|2,0|0|3|0|0,0,10,3.896915,0.000792,10,3.896994,0.000877
4,5,8,1,0|1|1|1|0,0|0|3|1|1,0,10,3.909281,0.000680,10,3.909232,0.000815
4,5,8,1,0|1|1|1|1,0|0|3|1|0,0,10,3.898811,0.000603,10,3.898521,0.000731
4,5,8,1,0|1|1|1|0,0|0|3|2|0,0,10,3.855705,0.000512,10,3.855805,0.000692
4,5,8,1,0|1|1|2|0,0|0|3|0|1,0,10,3.897832,0.000371,10,3.897958,0.000674
4,5,8,1,0|1|1|2|1,0|0|3|0|0,0,10,3.883589,0.000654,10,3.883709,0.000723
4,5,8,1,0|1|1|2|0,0|0|3|1|0,0,10,3.848357,0.000580,10,3.848445,0.000463
4,5,8,1,0|1|1|3|0,0|0|3|0|0,0,10,3.833761,0.000504,10,3.833848,0.000611
4,5,8,1,0|1|1|0|0,0|0|4|0|2,0,10,3.876821,0.001036,10,3.877214,0.000437
4,5,8,1,0|1|1|0|1,0|0|4|0|1,0,10,3.873655,0.000438,10,3.873705,0.000585
4,5,8,1,0|1|1|0|2,0|0|4|0|0,0,10,3.853167,0.000416,10,3.853042,0.000709
4,5,8,1,0|1|1|0|0,0|0|4|1|1,0,10,3.887204,0.000423,10,3.886845,0.000801
4,5,8,1,0|1|1|0|1,0|0|4|1|0,0,10,3.873973,0.000504,10,3.874308,0.000838
4,5,8,1,0|1|1|0|0,0|0|4|2|0,0,10,3.825498,0.000346,10,3.825259,0.000354
4,5,8,1,0|1|1|1|0,0|0|4|0|1,0,10,3.872587,0.000422,10,3.871996,0.001008
4,5,8,1,0|1|1|1|1,0|0|4|0|0,0,10,3.853087,0.000561,10,3.852856,0.000834
4,5,8,1,0|1|1|1|0,0|0|4|1|0,0,10,3.820206,0.000583,10,3.820155,0.000531
4,5,8,1,0|1|1|2|0,0|0|4|0|0,0,10,3.798906,0.000573,10,3.798856,0.000278
4,5,8,1,0|1|1|0|0,0|0|5|0|1,0,10,3.809115,0.000511,10,3.808736,0.000468
4,5,8,1,0|1|1|0|1,0|0|5|0|0,0,10,3.782766,0.000501,10,3.782513,0.000522
4,5,8,1,0|1|1|0|0,0|0|5|1|0,0,10,3.764011,0.000480,10,3.764261,0.000417
4,5,8,1,0|1|1|1|0,0|0|5|0|0,0,10,3.737240,0.000550,10,3.737165,0.000361
4,5,8,1,0|1|1|0|0,0|0|6|0|0,0,10,3.582975,0.000406,10,3.583099,0.000468
4,5,8,1,0|1|2|0|0,0|0|0|0|5,0,10,3.920631,0.001355,10,3.920981,0.001137
4,5,8,1,0|1|2|0|1,0|0|0|0|4,0,10,3.922082,0.001097,10,3.921377,0.001131
4,5,8,1,0|1|2|0|2,0|0|0|0|3,0,10,3.921277,0.001003,10,3.921017,0.001179
4,5,8,1,0|1|2|0|3,0|0|0|0|2,0,10,3.919922,0.000862,10,3.919148,0.001483
4,5,8,1,0|1|2|0|4,0|0|0|0|1,0,10,3.917662,0.001051,10,3.917418,0.000649
4,5,8,1,0|1|2|0|5,0|0|0|0|0,0,10,3.912929,0.000829,10,3.913330,0.001398
4,5,8,1,0|1|2|0|0,0|0|0|1|4,0,10,3.939931,0.001702,10,3.939704,0.001096
4,5,8,1,0|1|2|0|1,0|0|0|1|3,0,10,3.941465,0.001674,10,3.940642,0.000916
4,5,8,1,0|1|2|0|2,0|0|0|1|2,0,10,3.940044,0.000771,10,3.940356,0.000878
4,5,8,1,0|1|2|0|3,0|0|0|1|1,0,10,3.938186,0.000952,10,3.938310,0.001366
4,5,8,1,0|1|2|0|4,0|0|0|1|0,0,10,3.935887,0.001263,10,3.935471,0.001014
4,5,8,1,0|1|2|0|0,0|0|0|2|3,0,10,3.942850,0.001456,10,3.942262,0.000746
4,5,8,1,0|1|2|0|1,0|0|0|2|2,0,10,3.943767,0.001272,10,3.943234,0.001260
4,5,8,1,0|1|2|0|2,0|0|0|2|1,0,10,3.940849,0.001282,10,3.941137,0.001353
4,5,8,1,0|1|2|0|3,0|0|0|2|0,0,10,3.937118,0.001482,10,3.936871,0.000896
4,5,8,1,0|1|2|0|0,0|0|0|3|2,0,10,3.939903,0.000540,10,3.939043,0.001215
4,5,8,1,0|1|2|0|1,0|0|0|3|1,0,10,3.939176,0.001358,10,3.939107,0.000700
4,5,8,1,0|1|2|0|2,0|0|0|3|0,0,10,3.932816,0.000869,10,3.933154,0.000969
4,5,8,1,0|1|2|0|0,0|0|0|4|1,0,10,3.927248,0.000880,10,3.927103,0.000782
4,5,8,1,0|1|2|0|1,0|0|0|4|0,0,10,3.920974,0.000898,10,3.920576,0.000454
4,5,8,1,0|1|2|0|0,0|0|0|5|0,0,10,3.877108,0.000695,10,3.877283,0.000610
4,5,8,1,0|1|2|1|0,0|0|0|0|4,0,10,3.936173,0.000930,10,3.935787,0.001440
4,5,8,1,0|1|2|1|1,0|0|0|0|3,0,10,3.935752,0.001212,10,3.935723,0.001276
4,5,8,1,0|1|2|1|2,0|0|0|0|2,0,10,3.933521,0.001204,10,3.934665,0.001087
4,5,8,1,0|1|2|1|3,0|0|0|0|1,0,10,3.930899,0.001041,10,3.930836,0.000759
4,5,8,1,0|1|2|1|4,0|0|0|0|0,0,10,3.926510,0.001305,10,3.926350,0.001187
4,5,8,1,0|1|2|1|0,0|0|0|1|3,0,10,3.941623,0.001451,10,3.941614,0.000970
4,5,8,1,0|1|2|1|1,0|0|0|1|2,0,10,3.941924,0.000887,10,3.941216,0.000779
4,5,8,1,0|1|2|1|2,0|0|0|1|1,0,10,3.938715,0.000676,10,3.939219,0.001018
4,5,8,1,0|1|2|1|3,0|0|0|1|0,0,10,3.934543,0.000861,10,3.934257,0.001150
4,5,8,1,0|1|2|1|0,0|0|0|2|2,0,10,3.938142,0.001451,10,3.938748,0.001285
4,5,8,1,0|1|2|1|1,0|0|0|2|1,0,10,3.938238,0.000934,10,3.938412,0.000807
4,5,8,1,0|1|2|1|2,0|0|0|2|0,0,10,3.932474,0.000620,10,3.932154,0.000975
4,5,8,1,0|1|2|1|0,0|0|0|3|1,0,10,3.926857,0.001108,10,3.927169,0.000552
4,5,8,1,0|1|2|1|1,0|0|0|3|0,0,10,3.920829,0.000806,10,3.919820,0.000950
4,5,8,1,0|1|2|1|0,0|0|0|4|0,0,10,3.878367,0.000882,10,3.878001,0.000450
4,5,8,1,0|1|2|2|0,0|0|0|0|3,0,10,3.935810,0.001401,10,3.935340,0.001084
4,5,8,1,0|1|2|2|1,0|0|0|0|2,0,10,3.935631,0.001326,10,3.935973,0.001699
4,5,8,1,0|1|2|2|2,0|0|0|0|1,0,10,3.931858,0.000862,10,3.932248,0.001245
4,5,8,1,0|1|2|2|3,0|0|0|0|0,0,10,3.924679,0.000563,10,3.924018,0.000968
4,5,8,1,0|1|2|2|0,0|0|0|1|2,0,10,3.935820,0.000933,10,3.935874,0.000751
4,5,8,1,0|1|2|2|1,0|0|0|1|1,0,10,3.934342,0.000650,10,3.934259,0.001272
4,5,8,1,0|1|2|2|2,0|0|0|1|0,0,10,3.927663,0.000763,10,3.927226,0.001000
4,5,8,1,0|1|2|2|0,0|0|0|2|1,0,10,3.924040,0.001151,10,3.924164,0.000700
4,5,8,1,0|1|2|2|1,0|0|0|2|0,0,10,3.917028,0.000528,10,3.916405,0.000826
4,5,8,1,0|1|2|2|0,0|0|0|3|0,0,10,3.875752,0.000525,10,3.875305,0.000574
4,5,8,1,0|1|2|3|0,0|0|0|0|2,0,10,3.930074,0.000852,10,3.929945,0.000660
4,5,8,1,0|1|2|3|1,0|0|0|0|1,0,10,3.929277,0.000645,10,3.928886,0.000798
4,5,8,1,0|1|2|3|2,0|0|0|0|0,0,10,3.918513,0.000485,10,3.918682,0.001201
4,5,8,1,0|1|2|3|0,0|0|0|1|1,0,10,3.920525,0.001070,10,3.920815,0.000892
4,5,8,1,0|1|2|3|1,0|0|0|1|0,0,10,3.912603,0.001031,10,3.912775,0.001223
4,5,8,1,0|1|2|3|0,0|0|0|2|0,0,10,3.872005,0.000435,10,3.871948,0.000583
4,5,8,1,0|1|2|4|0,0|0|0|0|1,0,10,3.914537,0.000762,10,3.914698,0.000938
4,5,8,1,0|1|2|4|1,0|0|0|0|0,0,10,3.905231,0.000716,10,3.905238,0.000587
4,5,8,1,0|1|2|4|0,0|0|0|1|0,0,10,3.867043,0.000574,10,3.867114,0.000541
4,5,8,1,0|1|2|5|0,0|0|0|0|0,0,10,3.858945,0.000374,10,3.859322,0.000696
4,5,8,1,0|1|2|0|0,0|0|1|0|4,0,10,3.915772,0.000777,10,3.915935,0.000809
4,5,8,1,0|1|2|0|1,0|0|1|0|3,0,10,3.917531,0.000606,10,3.917074,0.001220
4,5,8,1,0|1|2|0|2,0|0|1|0|2,0,10,3.915177,0.000995,10,3.914575,0.001292
4,5,8,1,0|1|2|0|3,0|0|1|0|1,0,10,3.911104,0.000799,10,3.911532,0.000756
4,5,8,1,0|1|2|0|4,0|0|1|0|0,0,10,3.903779,0.001362,10,3.904231,0.000893
4,5,8,1,0|1|2|0|0,0|0|1|1|3,0,10,3.935483,0.001373,10,3.935863,0.001627
4,5,8,1,0|1|2|0|1,0|0|1|1|2,0,10,3.936141,0.000728,10,3.936261,0.000914
4,5,8,1,0|1|2|0|2,0|0|1|1|1,0,10,3.933278,0.000918,10,3.933253,0.001356
4,5,8,1,0|1|2|0|3,0|0|1|1|0,0,10,3.927907,0.001128,10,3.927797,0.001055
4,5,8,1,0|1|2|0|0,0|0|1|2|2,0,10,3.934062,0.001565,10,3.934630,0.001161
4,5,8,1,0|1|2|0|1,0|0|1|2|1,0,10,3.933628,0.000764,10,3.934222,0.001150
4,5,8,1,0|1|2|0|2,0|0|1|2|0,0,10,3.927159,0.000925,10,3.926846,0.001336
4,5,8,1,0|1|2|0|0,0|0|1|3|1,0,10,3.923027,0.000938,10,3.922781,0.000822
4,5,8,1,0|1|2|0|1,0|0|1|3|0,0,10,3.915800,0.000768,10,3.915458,0.000908
4,5,8,1,0|1|2|0|0,0|0|1|4|0,0,10,3.871512,0.000682,10,3.871430,0.000425
4,5,8,1,0|1|2|1|0,0|0|1|0|3,0,10,3.928967,0.000877,10,3.929266,0.000917
4,5,8,1,0|1|2|1|1,0|0|1|0|2,0,10,3.928333,0.000821,10,3.928872,0.000858
4,5,8,1,0|1|2|1|2,0|0|1|0|1,0,10,3.924135,0.001039,10,3.924188,0.001130
4,5,8,1,0|1|2|1|3,0|0|1|0|0,0,10,3.916636,0.000728,10,3.916351,0.000780
4,5,8,1,0|1|2|1|0,0|0|1|1|2,0,10,3.932971,0.001088,10,3.932638,0.000925
4,5,8,1,0|1|2|1|1,0|0|1|1|1,0,10,3.931303,0.001076,10,3.930975,0.000892
4,5,8,1,0|1|2|1|2,0|0|1|1|0,0,10,3.923491,0.000971,10,3.923756,0.000657
4,5,8,1,0|1|2|1|0,0|0|1|2|1,0,10,3.921620,0.000782,10,3.921777,0.001187
4,5,8,1,0|1|2|1|1,0|0|1|2|0,0,10,3.914498,0.000526,10,3.914194,0.000771
4,5,8,1,0|1|2|1|0,0|0|1|3|0,0,10,3.872394,0.000730,10,3.871987,0.000527
4,5,8,1,0|1|2|2|0,0|0|1|0|2,0,10,3.925028,0.001185,10,3.925622,0.000998
4,5,8,1,0|1|2|2|1,0|0|1|0|1,0,10,3.922061,0.001159,10,3.922128,0.000545
4,5,8,1,0|1|2|2|2,0|0|1|0|0,0,10,3.910905,0.000762,10,3.910889,0.000604
4,5,8,1,0|1|2|2|0,0|0|1|1|1,0,10,3.916960,0.000651,10,3.917025,0.000821
4,5,8,1,0|1|2|2|1,0|0|1|1|0,0,10,3.908297,0.000734,10,3.908233,0.001002
4,5,8,1,0|1|2|2|0,0|0|1|2|0,0,10,3.867690,0.000701,10,3.867697,0.000475
4,5,8,1,0|1|2|3|0,0|0|1|0|1,0,10,3.908943,0.000797,10,3.909280,0.000663
4,5,8,1,0|1|2|3|1,0|0|1|0|0,0,10,3.897612,0.000817,10,3.897420,0.000888
4,5,8,1,0|1|2|3|0,0|0|1|1|0,0,10,3.861783,0.000428,10,3.862069,0.000507
4,5,8,1,0|1|2|4|0,0|0|1|0|0,0,10,3.850348,0.000678,10,3.850253,0.000675
4,5,8,1,0|1|2|0|0,0|0|2|0|3,0,10,3.903629,0.001189,10,3.903616,0.001446
4,5,8,1,0|1|2|0|1,0|0|2|0|2,0,10,3.904148,0.000833,10,3.903852,0.001290
4,5,8,1,0|1|2|0|2,0|0|2|0|1,0,10,3.897763,0.000761,10,3.897952,0.001261
4,5,8,1,0|1|2|0|3,0|0|2|0|0,0,10,3.885228,0.000730,10,3.885336,0.000563
4,5,8,1,0|1|2|0|0,0|0|2|1|2,0,10,3.922186,0.001008,10,3.921256,0.000843
4,5,8,1,0|1|2|0|1,0|0|2|1|1,0,10,3.919841,0.001150,10,3.920620,0.000638
4,5,8,1,0|1|2|0|2,0|0|2|1|0,0,10,3.910566,0.001042,10,3.909932,0.000736
4,5,8,1,0|1|2|0|0,0|0|2|2|1,0,10,3.911011,0.000721,10,3.911500,0.001131
4,5,8,1,0|1|2|0|1,0|0|2|2|0,0,10,3.901875,0.000700,10,3.901596,0.000597
4,5,8,1,0|1|2|0|0,0|0|2|3|0,0,10,3.854751,0.000377,10,3.854692,0.000600
4,5,8,1,0|1|2|1|0,0|0|2|0|2,0,10,3.912310,0.000624,10,3.912411,0.000904
4,5,8,1,0|1|2|1|1,0|0|2|0|1,0,10,3.908351,0.001029,10,3.908854,0.000975
4,5,8,1,0|1|2|1|2,0|0|2|0|0,0,10,3.894182,0.000575,10,3.894300,0.000899
4,5,8,1,0|1|2|1|0,0|0|2|1|1,0,10,3.907406,0.000813,10,3.907453,0.000747
4,5,8,1,0|1|2|1|1,0|0|2|1|0,0,10,3.896913,0.000597,10,3.896829,0.000818
4,5,8,1,0|1|2|1|0,0|0|2|2|0,0,10,3.854099,0.000682,10,3.853943,0.000454
4,5,8,1,0|1|2|2|0,0|0|2|0|1,0,10,3.895405,0.000766,10,3.895028,0.000793
4,5,8,1,0|1|2|2|1,0|0|2|0|0,0,10,3.880267,0.000696,10,3.880361,0.000900
4,5,8,1,0|1|2|2|0,0|0|2|1|0,0,10,3.845424,0.000487,10,3.845643,0.000566
4,5,8,1,0|1|2|3|0,0|0|2|0|0,0,10,3.829317,0.000799,10,3.829462,0.000346
4,5,8,1,0|1|2|0|0,0|0|3|0|2,0,10,3.875873,0.001015,10,3.875940,0.000738
4,5,8,1,0|1|2|0|1,0|0|3|0|1,0,10,3.872563,0.000931,10,3.872993,0.000798
4,5,8,1,0|1|2|0|2,0|0|3|0|0,0,10,3.850852,0.000704,10,3.851072,0.000744
4,5,8,1,0|1|2|0|0,0|0|3|1|1,0,10,3.886003,0.000749,10,3.885902,0.000552
4,5,8,1,0|1|2|0|1,0|0|3|1|0,0,10,3.871814,0.000971,10,3.872478,0.000474
4,5,8,1,0|1|2|0|0,0|0|3|2|0,0,10,3.823725,0.000553,10,3.823961,0.000742
4,5,8,1,0|1|2|1|0,0|0|3|0|1,0,10,3.869962,0.000471,10,3.869974,0.000500
4,5,8,1,0|1|2|1|1,0|0|3|0|0,0,10,3.849945,0.000621,10,3.849846,0.000620
4,5,8,1,0|1|2|1|0,0|0|3|1|0,0,10,3.818206,0.000578,10,3.818395,0.000503
4,5,8,1,0|1|2|2|0,0|0|3|0|0,0,10,3.795541,0.000595,10,3.795265,0.000435
4,5,8,1,0|1|2|0|0,0|0|4|0|1,0,10,3.808278,0.000501,10,3.808276,0.000676
4,5,8,1,0|1|2|0|1,0|0|4|0|0,0,10,3.781567,0.000593,10,3.781674,0.000517
4,5,8,1,0|1|2|0|0,0|0|4|1|0,0,10,3.763154,0.000332,10,3.763119,0.000645
4,5,8,1,0|1|2|1|0,0|0|4|0|0,0,10,3.735215,0.000340,10,3.735188,0.000353
4,5,8,1,0|1|2|0|0,0|0|5|0|0,0,10,3.585346,0.000582,10,3.585028,0.000495
4,5,8,1,0|1|3|0|0,0|0|0|0|4,0,10,3.915148,0.001178,10,3.915435,0.001183
4,5,8,1,0|1|3|0|1,0|0|0|0|3,0,10,3.916644,0.001146,10,3.916383,0.000825
4,5,8,1,0|1|3|0|2,0|0|0|0|2,0,10,3.913947,0.000990,10,3.913817,0.000853
4,5,8,1,0|1|3|0|3,0|0|0|0|1,0,10,3.910149,0.000966,10,3.910173,0.001268
4,5,8,1,0|1|3|0|4,0|0|0|0|0,0,10,3.902031,0.000719,10,3.901443,0.001238
4,5,8,1,0|1|3|0|0,0|0|0|1|3,0,10,3.934469,0.000821,10,3.934892,0.001019
4,5,8,1,0|1|3|0|1,0|0|0|1|2,0,10,3.935852,0.001050,10,3.935419,0.001610
4,5,8,1,0|1|3|0|2,0|0|0|1|1,0,10,3.932125,0.001378,10,3.932584,0.001129
4,5,8,1,0|1|3|0|3,0|0|0|1|0,0,10,3.926277,0.001144,10,3.925862,0.001155
4,5,8,1,0|1|3|0|0,0|0|0|2|2,0,10,3.933395,0.001093,10,3.933484,0.001472
4,5,8,1,0|1|3|0|1,0|0|0|2|1,0,10,3.932932,0.000361,10,3.933741,0.001174
4,5,8,1,0|1|3|0|2,0|0|0|2|0,0,10,3.925701,0.000880,10,3.925874,0.000907
4,5,8,1,0|1|3|0|0,0|0|0|3|1,0,10,3.921604,0.000870,10,3.921632,0.000988
4,5,8,1,0|1|3|0|1,0|0|0|3|0,0,10,3.913875,0.000966,10,3.914281,0.000756
4,5,8,1,0|1|3|0|0,0|0|0|4|0,0,10,3.868856,0.000638,10,3.869204,0.000593
4,5,8,1,0|1|3|1|0,0|0|0|0|3,0,10,3.927996,0.001249,10,3.928262,0.000756
4,5,8,1,0|1|3|1|1,0|0|0|0|2,0,10,3.927730,0.000829,10,3.926878,0.000798
4,5,8,1,0|1|3|1|2,0|0|0|0|1,0,10,3.923159,0.000589,10,3.923053,0.001007
4,5,8,1,0|1|3|1|3,0|0|0|0|0,0,10,3.913880,0.000666,10,3.914275,0.001049
4,5,8,1,0|1|3|1|0,0|0|0|1|2,0,10,3.931780,0.000878,10,3.931818,0.000568
4,5,8,1,0|1|3|1|1,0|0|0|1|1,0,10,3.930250,0.000758,10,3.930469,0.000684
4,5,8,1,0|1|3|1|2,0|0|0|1|0,0,10,3.922117,0.000913,10,3.922622,0.001087
4,5,8,1,0|1|3|1|0,0|0|0|2|1,0,10,3.920424,0.000994,10,3.920938,0.000605
4,5,8,1,0|1|3|1|1,0|0|0|2|0,0,10,3.912836,0.000508,10,3.912902,0.001134
4,5,8,1,0|1|3|1|0,0|0|0|3|0,0,10,3.870256,0.000541,10,3.870711,0.000422
4,5,8,1,0|1|3|2|0,0|0|0|0|2,0,10,3.923006,0.001111,10,3.923252,0.001094
4,5,8,1,0|1|3|2|1,0|0|0|0|1,0,10,3.920925,0.000758,10,3.920443,0.000675
4,5,8,1,0|1|3|2|2,0|0|0|0|0,0,10,3.908368,0.000563,10,3.908226,0.000745
4,5,8,1,0|1|3|2|0,0|0|0|1|1,0,10,3.915269,0.000545,10,3.915677,0.000943
4,5,8,1,0|1|3|2|1,0|0|0|1|0,0,10,3.906287,0.001060,10,3.906420,0.000782
4,5,8,1,0|1|3|2|0,0|0|0|2|0,0,10,3.865557,0.000725,10,3.865990,0.000493
4,5,8,1,0|1|3|3|0,0|0|0|0|1,0,10,3.906760,0.000685,10,3.906571,0.000734
4,5,8,1,0|1|3|3|1,0|0|0|0|0,0,10,3.894434,0.000609,10,3.894197,0.000988
4,5,8,1,0|1|3|3|0,0|0|0|1|0,0,10,3.858744,0.000360,10,3.858748,0.000762
4,5,8,1,0|1|3|4|0,0|0|0|0|0,0,10,3.846140,0.000409,10,3.846259,0.000750
4,5,8,1,0|1|3|0|0,0|0|1|0|3,0,10,3.902127,0.000812,10,3.902759,0.001324
4,5,8,1,0|1|3|0|1,0|0|1|0|2,0,10,3.903965,0.000527,10,3.903454,0.001008
4,5,8,1,0|1|3|0|2,0|0|1|0|1,0,10,3.896648,0.001007,10,3.897094,0.000761
4,5,8,1,0|1|3|0|3,0|0|1|0|0,0,10,3.883179,0.000898,10,3.884038,0.000929
4,5,8,1,0|1|3|0|0,0|0|1|1|2,0,10,3.921448,0.000889,10,3.921577,0.000721
4,5,8,1,0|1|3|0|1,0|0|1|1|1,0,10,3.920442,0.001043,10,3.920176,0.001600
4,5,8,1,0|1|3|0|2,0|0|1|1|0,0,10,3.909656,0.000992,10,3.909447,0.001107
4,5,8,1,0|1|3|0|0,0|0|1|2|1,0,10,3.910383,0.000977,10,3.910096,0.000665
4,5,8,1,0|1|3|0|1,0|0|1|2|0,0,10,3.900675,0.000538,10,3.901055,0.000712
4,5,8,1,0|1|3|0|0,0|0|1|3|0,0,10,3.852983,0.000639,10,3.852834,0.000486
4,5,8,1,0|1|3|1|0,0|0|1|0|2,0,10,3.911547,0.001083,10,3.911365,0.001072
4,5,8,1,0|1|3|1|1,0|0|1|0|1,0,10,3.907844,0.000884,10,3.907563,0.000911
4,5,8,1,0|1|3|1|2,0|0|1|0|0,0,10,3.892343,0.001195,10,3.893029,0.000854
4,5,8,1,0|1|3|1|0,0|0|1|1|1,0,10,3.906782,0.000649,10,3.906935,0.000459
4,5,8,1,0|1|3|1|1,0|0|1|1|0,0,10,3.895931,0.000692,10,3.895976,0.000999
4,5,8,1,0|1|3|1|0,0|0|1|2|0,0,10,3.852753,0.000516,10,3.852971,0.000488
4,5,8,1,0|1|3|2|0,0|0|1|0|1,0,10,3.894157,0.000674,10,3.893764,0.000672
4,5,8,1,0|1|3|2|1,0|0|1|0|0,0,10,3.878431,0.000894,10,3.878439,0.000676
4,5,8,1,0|1|3|2|0,0|0|1|1|0,0,10,3.843927,0.000574,10,3.844175,0.000537
4,5,8,1,0|1|3|3|0,0|0|1|0|0,0,10,3.827027,0.000558,10,3.826945,0.000550
4,5,8,1,0|1|3|0|0,0|0|2|0|2,0,10,3.875143,0.000679,10,3.875266,0.000797
4,5,8,1,0|1|3|0|1,0|0|2|0|1,0,10,3.871947,0.000714,10,3.872429,0.000719
4,5,8,1,0|1|3|0|2,0|0|2|0|0,0,10,3.849533,0.000848,10,3.849557,0.000466
4,5,8,1,0|1|3|0|0,0|0|2|1|1,0,10,3.885202,0.000778,10,3.885269,0.000770
4,5,8,1,0|1|3|0|1,0|0|2|1|0,0,10,3.871560,0.000558,10,3.871506,0.000628
4,5,8,1,0|1|3|0|0,0|0|2|2|0,0,10,3.823015,0.000483,10,3.822989,0.000497
4,5,8,1,0|1|3|1|0,0|0|2|0|1,0,10,3.870248,0.000757,10,3.869806,0.000691
4,5,8,1,0|1|3|1|1,0|0|2|0|0,0,10,3.849184,0.000451,10,3.848973,0.000678
4,5,8,1,0|1|3|1|0,0|0|2|1|0,0,10,3.817747,0.000449,10,3.817811,0.000475
4,5,8,1,0|1|3|2|0,0|0|2|0|0,0,10,3.793653,0.000431,10,3.793510,0.000369
4,5,8,1,0|1|3|0|0,0|0|3|0|1,0,10,3.808336,0.000587,10,3.808395,0.000595
4,5,8,1,0|1|3|0|1,0|0|3|0|0,0,10,3.780994,0.000597,10,3.781273,0.000798
4,5,8,1,0|1|3|0|0,0|0|3|1|0,0,10,3.762966,0.000361,10,3.763021,0.000261
4,5,8,1,0|1|3|1|0,0|0|3|0|0,0,10,3.734804,0.000660,10,3.735038,0.000456
4,5,8,1,0|1|3|0|0,0|0|4|0|0,0,10,3.586355,0.000435,10,3.586294,0.000655
4,5,8,1,0|1|4|0|0,0|0|0|0|3,0,10,3.902423,0.001087,10,3.902975,0.000749
4,5,8,1,0|1|4|0|1,0|0|0|0|2,0,10,3.903229,0.001306,10,3.902848,0.000948
4,5,8,1,0|1|4|0|2,0|0|0|0|1,0,10,3.897008,0.000921,10,3.897028,0.001003
4,5,8,1,0|1|4|0|3,0|0|0|0|0,0,10,3.882804,0.001069,10,3.882373,0.000896
4,5,8,1,0|1|4|0|0,0|0|0|1|2,0,10,3.920651,0.001080,10,3.921273,0.000858
4,5,8,1,0|1|4|0|1,0|0|0|1|1,0,10,3.919332,0.000936,10,3.919656,0.000561
4,5,8,1,0|1|4|0|2,0|0|0|1|0,0,10,3.908903,0.000867,10,3.909111,0.000671
4,5,8,1,0|1|4|0|0,0|0|0|2|1,0,10,3.909436,0.001084,10,3.910118,0.000617
4,5,8,1,0|1|4|0|1,0|0|0|2|0,0,10,3.900230,0.000866,10,3.899930,0.000810
4,5,8,1,0|1|4|0|0,0|0|0|3|0,0,10,3.852058,0.000821,10,3.851798,0.000578
4,5,8,1,0|1|4|1|0,0|0|0|0|2,0,10,3.911081,0.000946,10,3.910880,0.000571
4,5,8,1,0|1|4|1|1,0|0|0|0|1,0,10,3.907307,0.000914,10,3.907312,0.000782
4,5,8,1,0|1|4|1|2,0|0|0|0|0,0,10,3.892165,0.000911,10,3.891848,0.000552
4,5,8,1,0|1|4|1|0,0|0|0|1|1,0,10,3.906084,0.000802,10,3.906698,0.000600
4,5,8,1,0|1|4|1|1,0|0|0|1|0,0,10,3.895379,0.000716,10,3.895847,0.000872
4,5,8,1,0|1|4|1|0,0|0|0|2|0,0,10,3.852350,0.000555,10,3.852452,0.000512
4,5,8,1,0|1|4|2|0,0|0|0|0|1,0,10,3.893361,0.000980,10,3.893060,0.000952
4,5,8,1,0|1|4|2|1,0|0|0|0|0,0,10,3.877366,0.000722,10,3.877376,0.000657
4,5,8,1,0|1|4|2|0,0|0|0|1|0,0,10,3.843395,0.000485,10,3.843508,0.000492
4,5,8,1,0|1|4|3|0,0|0|0|0|0,0,10,3.825309,0.000620,10,3.824794,0.000716
4,5,8,1,0|1|4|0|0,0|0|1|0|2,0,10,3.874466,0.000759,10,3.874911,0.000841
4,5,8,1,0|1|4|0|1,0|0|1|0|1,0,10,3.872152,0.000488,10,3.872193,0.000987
4,5,8,1,0|1|4|0|2,0|0|1|0|0,0,10,3.849177,0.000542,10,3.849177,0.000779
4,5,8,1,0|1|4|0|0,0|0|1|1|1,0,10,3.885064,0.000662,10,3.884906,0.000644
4,5,8,1,0|1|4|0|1,0|0|1|1|0,0,10,3.871286,0.000466,10,3.871478,0.000674
4,5,8,1,0|1|4|0|0,0|0|1|2|0,0,10,3.822148,0.000481,10,3.822593,0.000559
4,5,8,1,0|1|4|1|0,0|0|1|0|1,0,10,3.869340,0.000679,10,3.869507,0.000682
4,5,8,1,0|1|4|1|1,0|0|1|0|0,0,10,3.848804,0.000487,10,3.849023,0.000659
4,5,8,1,0|1|4|1|0,0|0|1|1|0,0,10,3.817684,0.000290,10,3.817287,0.000383
4,5,8,1,0|1|4|2|0,0|0|1|0|0,0,10,3.793058,0.000494,10,3.792798,0.000604
4,5,8,1,0|1|4|0|0,0|0|2|0|1,0,10,3.807617,0.000722,10,3.808315,0.000860
4,5,8,1,0|1|4|0|1,0|0|2|0|0,0,10,3.781373,0.000349,10,3.781243,0.000675
4,5,8,1,0|1|4|0|0,0|0|2|1|0,0,10,3.762308,0.000511,10,3.762941,0.000502
4,5,8,1,0|1|4|1|0,0|0|2|0|0,0,10,3.734659,0.000632,10,3.735039,0.000712
4,5,8,1,0|1|4|0|0,0|0|3|0|0,0,10,3.586968,0.000322,10,3.586873,0.000473
4,5,8,1,0|1|5|0|0,0|0|0|0|2,0,10,3.874990,0.000783,10,3.874578,0.000664
4,5,8,1,0|1|5|0|1,0|0|0|0|1,0,10,3.872059,0.000764,10,3.872070,0.000684
4,5,8,1,0|1|5|0|2,0|0|0|0|0,0,10,3.849317,0.000506,10,3.848855,0.000899
4,5,8,1,0|1|5|0|0,0|0|0|1|1,0,10,3.884717,0.000673,10,3.885080,0.000880
4,5,8,1,0|1|5|0|1,0|0|0|1|0,0,10,3.870903,0.000698,10,3.871073,0.000683
4,5,8,1,0|1|5|0|0,0|0|0|2|0,0,10,3.822200,0.000562,10,3.822178,0.000452
4,5,8,1,0|1|5|1|0,0|0|0|0|1,0,10,3.869307,0.000372,10,3.869095,0.000765
4,5,8,1,0|1|5|1|1,0|0|0|0|0,0,10,3.848195,0.000581,10,3.848456,0.000694
4,5,8,1,0|1|5|1|0,0|0|0|1|0,0,10,3.817390,0.000378,10,3.817276,0.000635
4,5,8,1,0|1|5|2|0,0|0|0|0|0,0,10,3.792394,0.000292,10,3.792138,0.000711
4,5,8,1,0|1|5|0|0,0|0|1|0|1,0,10,3.807954,0.000546,10,3.808137,0.000582
4,5,8,1,0|1|5|0|1,0|0|1|0|0,0,10,3.781331,0.000518,10,3.781012,0.000657
4,5,8,1,0|1|5|0|0,0|0|1|1|0,0,10,3.762558,0.000737,10,3.762500,0.000543
4,5,8,1,0|1|5|1|0,0|0|1|0|0,0,10,3.734612,0.000376,10,3.734303,0.000362
4,5,8,1,0|1|5|0|0,0|0|2|0|0,0,10,3.586966,0.000296,10,3.587048,0.000535
4,5,8,1,0|1|6|0|0,0|0|0|0|1,0,10,3.808353,0.000472,10,3.807984,0.000808
4,5,8,1,0|1|6|0|1,0|0|0|0|0,0,10,3.781118,0.000692,10,3.781097,0.000700
4,5,8,1,0|1|6|0|0,0|0|0|1|0,0,10,3.762503,0.000398,10,3.762398,0.000454
4,5,8,1,0|1|6|1|0,0|0|0|0|0,0,10,3.734631,0.000311,10,3.734377,0.000335
4,5,8,1,0|1|6|0|0,0|0|1|0|0,0,10,3.587072,0.000434,10,3.586802,0.000768
4,5,8,1,0|1|7|0|0,0|0|0|0|0,0,10,3.586594,0.000600,10,3.586864,0.000509
4,5,8,1,0|1|0|0|0,0|1|0|0|6,0,10,3.894480,0.001025,10,3.894760,0.001216
4,5,8,1,0|1|0|0|1,0|1|0|0|5,0,10,3.895664,0.001170,10,3.896020,0.000996
4,5,8,1,0|1|0|0|2,0|1|0|0|4,0,10,3.895001,0.001148,10,3.895445,0.000950
4,5,8,1,0|1|0|0|3,0|1|0|0|3,0,10,3.895082,0.001382,10,3.894394,0.000909
4,5,8,1,0|1|0|0|4,0|1|0|0|2,0,10,3.893903,0.001410,10,3.893698,0.001024
4,5,8,1,0|1|0|0|5,0|1|0|0|1,0,10,3.891245,0.000756,10,3.890995,0.001071
4,5,8,1,0|1|0|0|6,0|1|0|0|0,0,10,3.888685,0.001030,10,3.888439,0.001152
4,5,8,1,0|1|0|0|0,0|1|0|1|5,0,10,3.931241,0.001400,10,3.931540,0.001243
4,5,8,1,0|1|0|0|1,0|1|0|1|4,0,10,3.932549,0.001177,10,3.933071,0.001896
4,5,8,1,0|1|0|0|2,0|1|0|1|3,0,10,3.933151,0.001344,10,3.932101,0.001665
4,5,8,1,0|1|0|0|3,0|1|0|1|2,0,10,3.931631,0.001336,10,3.931265,0.001336
4,5,8,1,0|1|0|0|4,0|1|0|1|1,0,10,3.930254,0.001157,10,3.930322,0.001041
4,5,8,1,0|1|0|0|5,0|1|0|1|0,0,10,3.928075,0.001209,10,3.927822,0.000695
4,5,8,1,0|1|0|0|0,0|1|0|2|4,0,10,3.934866,0.000730,10,3.933827,0.001232
4,5,8,1,0|1|0|0|1,0|1|0|2|3,0,10,3.935878,0.000571,10,3.936820,0.001015
4,5,8,1,0|1|0|0|2,0|1|0|2|2,0,10,3.935399,0.001107,10,3.935245,0.001516
4,5,8,1,0|1|0|0|3,0|1|0|2|1,0,10,3.933675,0.000998,10,3.933703,0.001282
4,5,8,1,0|1|0|0|4,0|1|0|2|0,0,10,3.929950,0.000946,10,3.929722,0.000967
4,5,8,1,0|1|0|0|0,0|1|0|3|3,0,10,3.931734,0.001405,10,3.932064,0.001253
4,5,8,1,0|1|0|0|1,0|1|0|3|2,0,10,3.933264,0.001443,10,3.932875,0.001007
4,5,8,1,0|1|0|0|2,0|1|0|3|1,0,10,3.930598,0.000743,10,3.930337,0.001220
4,5,8,1,0|1|0|0|3,0|1|0|3|0,0,10,3.924197,0.000944,10,3.924377,0.000981
4,5,8,1,0|1|0|0|0,0|1|0|4|2,0,10,3.922448,0.000569,10,3.922616,0.001329
4,5,8,1,0|1|0|0|1,0|1|0|4|1,0,10,3.922262,0.001394,10,3.922335,0.001250
4,5,8,1,0|1|0|0|2,0|1|0|4|0,0,10,3.911878,0.000986,10,3.911555,0.000635
4,5,8,1,0|1|0|0|0,0|1|0|5|1,0,10,3.894852,0.000459,10,3.894811,0.000780
4,5,8,1,0|1|0|0|1,0|1|0|5|0,0,10,3.882819,0.000527,10,3.882742,0.000557
4,5,8,1,0|1|0|0|0,0|1|0|6|0,0,10,3.787399,0.000407,10,3.787578,0.000561
4,5,8,1,0|1|0|1|0,0|1|0|0|5,0,10,3.927198,0.001027,10,3.927501,0.001255
4,5,8,1,0|1|0|1|1,0|1|0|0|4,0,10,3.928381,0.000937,10,3.927607,0.001638
4,5,8,1,0|1|0|1|2,0|1|0|0|3,0,10,3.927067,0.001247,10,3.927253,0.000949
4,5,8,1,0|1|0|1|3,0|1|0|0|2,0,10,3.925765,0.000879,10,3.926211,0.001642
4,5,8,1,0|1|0|1|4,0|1|0|0|1,0,10,3.924138,0.000819,10,3.924043,0.001236
4,5,8,1,0|1|0|1|5,0|1|0|0|0,0,10,3.920071,0.000655,10,3.920547,0.001033
4,5,8,1,0|1|0|1|0,0|1|0|1|4,0,10,3.934222,0.001002,10,3.934631,0.001151
4,5,8,1,0|1|0|1|1,0|1|0|1|3,0,10,3.935355,0.000594,10,3.935914,0.000913
4,5,8,1,0|1|0|1|2,0|1|0|1|2,0,10,3.934321,0.001212,10,3.934025,0.001183
4,5,8,1,0|1|0|1|3,0|1|0|1|1,0,10,3.932009,0.001381,10,3.931989,0.001771
4,5,8,1,0|1|0|1|4,0|1|0|1|0,0,10,3.929253,0.001361,10,3.928813,0.001177
4,5,8,1,0|1|0|1|0,0|1|0|2|3,0,10,3.932401,0.001086,10,3.932453,0.000679
4,5,8,1,0|1|0|1|1,0|1|0|2|2,0,10,3.932971,0.001046,10,3.932988,0.001096
4,5,8,1,0|1|0|1|2,0|1|0|2|1,0,10,3.930650,0.000667,10,3.930198,0.000952
4,5,8,1,0|1|0|1|3,0|1|0|2|0,0,10,3.923704,0.001050,10,3.924070,0.001239
4,5,8,1,0|1|0|1|0,0|1|0|3|2,0,10,3.923155,0.001292,10,3.922566,0.000897
4,5,8,1,0|1|0|1|1,0|1|0|3|1,0,10,3.922067,0.001118,10,3.921563,0.000998
4,5,8,1,0|1|0|1|2,0|1|0|3|0,0,10,3.911574,0.000717,10,3.911179,0.000990
4,5,8,1,0|1|0|1|0,0|1|0|4|1,0,10,3.894330,0.000974,10,3.894135,0.000651
4,5,8,1,0|1|0|1|1,0|1|0|4|0,0,10,3.881949,0.000875,10,3.882085,0.000561
4,5,8,1,0|1|0|1|0,0|1|0|5|0,0,10,3.788498,0.000424,10,3.788886,0.000458
4,5,8,1,0|1|0|2|0,0|1|0|0|4,0,10,3.930863,0.001353,10,3.930834,0.000870
4,5,8,1,0|1|0|2|1,0|1|0|0|3,0,10,3.932073,0.001036,10,3.931282,0.001174
4,5,8,1,0|1|0|2|2,0|1|0|0|2,0,10,3.930211,0.000959,10,3.929378,0.001394
4,5,8,1,0|1|0|2|3,0|1|0|0|1,0,10,3.926499,0.000923,10,3.926592,0.001135
4,5,8,1,0|1|0|2|4,0|1|0|0|0,0,10,3.920912,0.000817,10,3.921855,0.000813
4,5,8,1,0|1|0|2|0,0|1|0|1|3,0,10,3.930203,0.001155,10,3.929934,0.001386
4,5,8,1,0|1|0|2|1,0|1|0|1|2,0,10,3.931137,0.000980,10,3.931715,0.001173
4,5,8,1,0|1|0|2|2,0|1|0|1|1,0,10,3.928231,0.001082,10,3.928250,0.000756
4,5,8,1,0|1|0|2|3,0|1|0|1|0,0,10,3.920341,0.000386,10,3.921011,0.001200
4,5,8,1,0|1|0|2|0,0|1|0|2|2,0,10,3.921099,0.000968,10,3.920696,0.001498
4,5,8,1,0|1|0|2|1,0|1|0|2|1,0,10,3.919663,0.001097,10,3.919182,0.000886
4,5,8,1,0|1|0|2|2,0|1|0|2|0,0,10,3.908727,0.001015,10,3.909018,0.000601
4,5,8,1,0|1|0|2|0,0|1|0|3|1,0,10,3.892658,0.000600,10,3.892456,0.000759
4,5,8,1,0|1|0|2|1,0|1|0|3|0,0,10,3.879427,0.000455,10,3.879989,0.000556
4,5,8,1,0|1|0|2|0,0|1|0|4|0,0,10,3.788440,0.000437,10,3.788691,0.000609
4,5,8,1,0|1|0|3|0,0|1|0|0|3,0,10,3.926775,0.001578,10,3.927395,0.001249
4,5,8,1,0|1|0|3|1,0|1|0|0|2,0,10,3.927710,0.000672,10,3.928089,0.001174
4,5,8,1,0|1|0|3|2,0|1|0|0|1,0,10,3.923131,0.001131,10,3.923505,0.000820
4,5,8,1,0|1|0|3|3,0|1|0|0|0,0,10,3.914544,0.000931,10,3.914691,0.000991
4,5,8,1,0|1|0|3|0,0|1|0|1|2,0,10,3.919156,0.001328,10,3.919599,0.000921
4,5,8,1,0|1|0|3|1,0|1|0|1|1,0,10,3.917606,0.000965,10,3.917382,0.000581
4,5,8,1,0|1|0|3|2,0|1|0|1|0,0,10,3.905536,0.000647,10,3.905817,0.001237
4,5,8,1,0|1|0|3|0,0|1|0|2|1,0,10,3.891210,0.001004,10,3.891180,0.001019
4,5,8,1,0|1|0|3|1,0|1|0|2|0,0,10,3.878024,0.000955,10,3.877818,0.000776
4,5,8,1,0|1|0|3|0,0|1|0|3|0,0,10,3.787895,0.000380,10,3.787909,0.000430
4,5,8,1,0|1|0|4|0,0|1|0|0|2,0,10,3.916195,0.000648,10,3.916378,0.000835
4,5,8,1,0|1|0|4|1,0|1|0|0|1,0,10,3.914866,0.000724,10,3.915269,0.000970
4,5,8,1,0|1|0|4|2,0|1|0|0|0,0,10,3.901249,0.000715,10,3.901143,0.001045
4,5,8,1,0|1|0|4|0,0|1|0|1|1,0,10,3.889425,0.000627,10,3.889227,0.000974
4,5,8,1,0|1|0|4|1,0|1|0|1|0,0,10,3.875516,0.000485,10,3.876119,0.000654
4,5,8,1,0|1|0|4|0,0|1|0|2|0,0,10,3.786779,0.000238,10,3.786679,0.000507
4,5,8,1,0|1|0|5|0,0|1|0|0|1,0,10,3.886935,0.000400,10,3.886791,0.000909
4,5,8,1,0|1|0|5|1,0|1|0|0|0,0,10,3.873066,0.000276,10,3.873150,0.000794
4,5,8,1,0|1|0|5|0,0|1|0|1|0,0,10,3.785082,0.000394,10,3.785274,0.000685
4,5,8,1,0|1|0|6|0,0|1|0|0|0,0,10,3.782234,0.000554,10,3.782408,0.000568
4,5,8,1,0|1|0|0|0,0|1|1|0|5,0,10,3.919808,0.001225,10,3.919318,0.001079
4,5,8,1,0|1|0|0|1,0|1|1|0|4,0,10,3.920489,0.000734,10,3.919840,0.001058
4,5,8,1,0|1|0|0|2,0|1|1|0|3,0,10,3.919998,0.000641,10,3.919456,0.001276
4,5,8,1,0|1|0|0|3,0|1|1|0|2,0,10,3.918169,0.000997,10,3.918590,0.001135
4,5,8,1,0|1|0|0|4,0|1|1|0|1,0,10,3.916881,0.001572,10,3.916120,0.001122
4,5,8,1,0|1|0|0|5,0|1|1|0|0,0,10,3.913292,0.001263,10,3.913129,0.001049
4,5,8,1,0|1|0|0|0,0|1|1|1|4,0,10,3.940824,0.001101,10,3.940377,0.001146
4,5,8,1,0|1|0|0|1,0|1|1|1|3,0,10,3.941332,0.001028,10,3.940942,0.001093
4,5,8,1,0|1|0|0|2,0|1|1|1|2,0,10,3.940280,0.001425,10,3.941327,0.001177
4,5,8,1,0|1|0|0|3,0|1|1|1|1,0,10,3.939289,0.001087,10,3.939441,0.000886
4,5,8,1,0|1|0|0|4,0|1|1|1|0,0,10,3.936580,0.001394,10,3.936580,0.001246
4,5,8,1,0|1|0|0|0,0|1|1|2|3,0,10,3.943510,0.001375,10,3.943739,0.000689
4,5,8,1,0|1|0|0|1,0|1|1|2|2,0,10,3.944128,0.001010,10,3.943623,0.001147
4,5,8,1,0|1|0|0|2,0|1|1|2|1,0,10,3.942790,0.001851,10,3.942573,0.000997
4,5,8,1,0|1|0|0|3,0|1|1|2|0,0,10,3.937801,0.001988,10,3.939301,0.001129
4,5,8,1,0|1|0|0|0,0|1|1|3|2,0,10,3.939318,0.001210,10,3.940038,0.000972
4,5,8,1,0|1|0|0|1,0|1|1|3|1,0,10,3.939958,0.001267,10,3.939921,0.001256
4,5,8,1,0|1|0|0|2,0|1|1|3|0,0,10,3.934450,0.001058,10,3.934885,0.000903
4,5,8,1,0|1|0|0|0,0|1|1|4|1,0,10,3.927791,0.000658,10,3.927831,0.000942
4,5,8,1,0|1|0|0|1,0|1|1|4|0,0,10,3.922164,0.000959,10,3.921812,0.000884
4,5,8,1,0|1|0|0|0,0|1|1|5|0,0,10,3.874389,0.000842,10,3.874314,0.000204
4,5,8,1,0|1|0|1|0,0|1|1|0|4,0,10,3.937037,0.000804,10,3.937240,0.000911
4,5,8,1,0|1|0|1|1,0|1|1|0|3,0,10,3.937199,0.001101,10,3.937032,0.000944
4,5,8,1,0|1|0|1|2,0|1|1|0|2,0,10,3.936012,0.001093,10,3.936405,0.000705
4,5,8,1,0|1|0|1|3,0|1|1|0|1,0,10,3.934360,0.001662,10,3.934643,0.001055
4,5,8,1,0|1|0|1|4,0|1|1|0|0,0,10,3.929932,0.001379,10,3.930449,0.000822
4,5,8,1,0|1|0|1|0,0|1|1|1|3,0,10,3.942318,0.000739,10,3.942005,0.000883
4,5,8,1,0|1|0|1|1,0|1|1|1|2,0,10,3.942596,0.001077,10,3.942621,0.001436
4,5,8,1,0|1|0|1|2,0|1|1|1|1,0,10,3.941364,0.001290,10,3.940705,0.001198
4,5,8,1,0|1|0|1|3,0|1|1|1|0,0,10,3.937957,0.000835,10,3.937690,0.001138
4,5,8,1,0|1|0|1|0,0|1|1|2|2,0,10,3.939737,0.000567,10,3.940115,0.001129
4,5,8,1,0|1|0|1|1,0|1|1|2|1,0,10,3.940542,0.001115,10,3.939766,0.001258
4,5,8,1,0|1|0|1|2,0|1|1|2|0,0,10,3.933728,0.001149,10,3.934726,0.000990
4,5,8,1,0|1|0|1|0,0|1|1|3|1,0,10,3.928365,0.001329,10,3.928150,0.000658
4,5,8,1,0|1|0|1|1,0|1|1|3|0,0,10,3.921806,0.000582,10,3.921817,0.001065
4,5,8,1,0|1|0|1|0,0|1|1|4|0,0,10,3.876086,0.000832,10,3.875934,0.000888
4,5,8,1,0|1|0|2|0,0|1|1|0|3,0,10,3.938404,0.001123,10,3.938063,0.000659
4,5,8,1,0|1|0|2|1,0|1|1|0|2,0,10,3.937824,0.000740,10,3.938337,0.001084
4,5,8,1,0|1|0|2|2,0|1|1|0|1,0,10,3.935570,0.001130,10,3.935243,0.001015
4,5,8,1,0|1|0|2|3,0|1|1|0|0,0,10,3.929563,0.001231,10,3.928894,0.000945
4,5,8,1,0|1|0|2|0,0|1|1|1|2,0,10,3.937645,0.000899,10,3.937660,0.000969
4,5,8,1,0|1|0|2|1,0|1|1|1|1,0,10,3.938052,0.001092,10,3.937405,0.001247
4,5,8,1,0|1|0|2|2,0|1|1|1|0,0,10,3.930231,0.000798,10,3.931344,0.000840
4,5,8,1,0|1|0|2|0,0|1|1|2|1,0,10,3.926204,0.000619,10,3.925972,0.000735
4,5,8,1,0|1|0|2|1,0|1|1|2|0,0,10,3.919406,0.000707,10,3.919048,0.000799
4,5,8,1,0|1|0|2|0,0|1|1|3|0,0,10,3.874406,0.000692,10,3.874265,0.000578
4,5,8,1,0|1|0|3|0,0|1|1|0|2,0,10,3.934170,0.000723,10,3.933645,0.000504
4,5,8,1,0|1|0|3|1,0|1|1|0|1,0,10,3.932386,0.000907,10,3.933190,0.001064
4,5,8,1,0|1|0|3|2,0|1|1|0|0,0,10,3.924629,0.000829,10,3.924245,0.000720
4,5,8,1,0|1|0|3|0,0|1|1|1|1,0,10,3.923515,0.001107,10,3.923255,0.000982
4,5,8,1,0|1|0|3|1,0|1|1|1|0,0,10,3.916322,0.000622,10,3.916486,0.000716
4,5,8,1,0|1|0|3|0,0|1|1|2|0,0,10,3.872343,0.000625,10,3.872091,0.000709
4,5,8,1,0|1|0|4|0,0|1|1|0|1,0,10,3.919140,0.000899,10,3.919386,0.000859
4,5,8,1,0|1|0|4|1,0|1|1|0|0,0,10,3.910296,0.000642,10,3.910728,0.000723
4,5,8,1,0|1|0|4|0,0|1|1|1|0,0,10,3.868636,0.000697,10,3.868722,0.000386
4,5,8,1,0|1|0|5|0,0|1|1|0|0,0,10,3.862761,0.000634,10,3.862358,0.000515
4,5,8,1,0|1|0|0|0,0|1|2|0|4,0,10,3.916983,0.001524,10,3.916872,0.000525
4,5,8,1,0|1|0|0|1,0|1|2|0|3,0,10,3.917905,0.001061,10,3.918615,0.000901
4,5,8,1,0|1|0|0|2,0|1|2|0|2,0,10,3.916949,0.000943,10,3.915674,0.001451
4,5,8,1,0|1|0|0|3,0|1|2|0|1,0,10,3.912898,0.001256,10,3.912950,0.000417
4,5,8,1,0|1|0|0|4,0|1|2|0|0,0,10,3.906780,0.001191,10,3.906881,0.000909
4,5,8,1,0|1|0|0|0,0|1|2|1|3,0,10,3.937116,0.001082,10,3.936604,0.001094
4,5,8,1,0|1|0|0|1,0|1|2|1|2,0,10,3.937274,0.001164,10,3.937460,0.001445
4,5,8,1,0|1|0|0|2,0|1|2|1|1,0,10,3.935586,0.001051,10,3.935189,0.001043
4,5,8,1,0|1|0|0|3,0|1|2|1|0,0,10,3.930676,0.000941,10,3.930320,0.000533
4,5,8,1,0|1|0|0|0,0|1|2|2|2,0,10,3.937466,0.000708,10,3.937071,0.001063
4,5,8,1,0|1|0|0|1,0|1|2|2|1,0,10,3.936558,0.001043,10,3.936310,0.001058
4,5,8,1,0|1|0|0|2,0|1|2|2|0,0,10,3.930455,0.000854,10,3.929708,0.000734
4,5,8,1,0|1|0|0|0,0|1|2|3|1,0,10,3.926031,0.000716,10,3.925588,0.000977
4,5,8,1,0|1|0|0|1,0|1|2|3|0,0,10,3.919224,0.000838,10,3.918818,0.001264
4,5,8,1,0|1|0|0|0,0|1|2|4|0,0,10,3.874269,0.000808,10,3.874368,0.000272
4,5,8,1,0|1|0|1|0,0|1|2|0|3,0,10,3.932027,0.001190,10,3.932482,0.001075
4,5,8,1,0|1|0|1|1,0|1|2|0|2,0,10,3.931263,0.000847,10,3.932144,0.001130
4,5,8,1,0|1|0|1|2,0|1|2|0|1,0,10,3.928999,0.000901,10,3.929336,0.000976
4,5,8,1,0|1|0|1|3,0|1|2|0|0,0,10,3.921452,0.000755,10,3.921514,0.001266
4,5,8,1,0|1|0|1|0,0|1|2|1|2,0,10,3.935890,0.001070,10,3.935952,0.001050
4,5,8,1,0|1|0|1|1,0|1|2|1|1,0,10,3.934536,0.001111,10,3.935184,0.000648
4,5,8,1,0|1|0|1|2,0|1|2|1|0,0,10,3.927808,0.000896,10,3.927716,0.000867
4,5,8,1,0|1|0|1|0,0|1|2|2|1,0,10,3.925190,0.001142,10,3.925137,0.000734
4,5,8,1,0|1|0|1|1,0|1|2|2|0,0,10,3.918372,0.000707,10,3.918265,0.000872
4,5,8,1,0|1|0|1|0,0|1|2|3|0,0,10,3.876099,0.000738,10,3.875840,0.000496
4,5,8,1,0|1|0|2|0,0|1|2|0|2,0,10,3.929082,0.000831,10,3.929019,0.001120
4,5,8,1,0|1|0|2|1,0|1|2|0|1,0,10,3.927278,0.001052,10,3.928433,0.001397
4,5,8,1,0|1|0|2|2,0|1|2|0|0,0,10,3.917591,0.000494,10,3.916778,0.001074
4,5,8,1,0|1|0|2|0,0|1|2|1|1,0,10,3.922007,0.000906,10,3.921902,0.001055
4,5,8,1,0|1|0|2|1,0|1|2|1|0,0,10,3.914117,0.000945,10,3.913736,0.000732
4,5,8,1,0|1|0|2|0,0|1|2|2|0,0,10,3.872578,0.000507,10,3.872199,0.000646
4,5,8,1,0|1|0|3|0,0|1|2|0|1,0,10,3.915057,0.001020,10,3.915014,0.000635
4,5,8,1,0|1|0|3|1,0|1|2|0|0,0,10,3.905114,0.000723,10,3.904879,0.000784
4,5,8,1,0|1|0|3|0,0|1|2|1|0,0,10,3.867591,0.000549,10,3.867647,0.000694
4,5,8,1,0|1|0|4|0,0|1|2|0|0,0,10,3.858131,0.000343,10,3.857838,0.000587
4,5,8,1,0|1|0|0|0,0|1|3|0|3,0,10,3.904772,0.001367,10,3.904945,0.001007
4,5,8,1,0|1|0|0|1,0|1|3|0|2,0,10,3.906798,0.000709,10,3.906633,0.001109
4,5,8,1,0|1|0|0|2,0|1|3|0|1,0,10,3.901506,0.000757,10,3.901496,0.000645
4,5,8,1,0|1|0|0|3,0|1|3|0|0,0,10,3.889475,0.000795,10,3.889692,0.000754
4,5,8,1,0|1|0|0|0,0|1|3|1|2,0,10,3.924928,0.001078,10,3.925438,0.000944
4,5,8,1,0|1|0|0|1,0|1|3|1|1,0,10,3.924468,0.000722,10,3.924126,0.000811
4,5,8,1,0|1|0|0|2,0|1|3|1|0,0,10,3.914898,0.000860,10,3.914719,0.000503
4,5,8,1,0|1|0|0|0,0|1|3|2|1,0,10,3.915459,0.000946,10,3.915527,0.000883
4,5,8,1,0|1|0|0|1,0|1|3|2|0,0,10,3.906701,0.000576,10,3.906737,0.000846
4,5,8,1,0|1|0|0|0,0|1|3|3|0,0,10,3.858797,0.000677,10,3.859056,0.000575
4,5,8,1,0|1|0|1|0,0|1|3|0|2,0,10,3.917091,0.000771,10,3.917263,0.000731
4,5,8,1,0|1|0|1|1,0|1|3|0|1,0,10,3.914575,0.001137,10,3.914821,0.000706
4,5,8,1,0|1|0|1|2,0|1|3|0|0,0,10,3.901805,0.001008,10,3.901905,0.000632
4,5,8,1,0|1|0|1|0,0|1|3|1|1,0,10,3.912986,0.000771,10,3.912693,0.000706
4,5,8,1,0|1|0|1|1,0|1|3|1|0,0,10,3.903762,0.000654,10,3.903641,0.000667
4,5,8,1,0|1|0|1|0,0|1|3|2|0,0,10,3.859665,0.000518,10,3.859648,0.000493
4,5,8,1,0|1|0|2|0,0|1|3|0|1,0,10,3.902205,0.001019,10,3.902532,0.000846
4,5,8,1,0|1|0|2|1,0|1|3|0|0,0,10,3.889247,0.001227,10,3.889641,0.000518
4,5,8,1,0|1|0|2|0,0|1|3|1|0,0,10,3.852618,0.000736,10,3.853441,0.000537
4,5,8,1,0|1|0|3|0,0|1|3|0|0,0,10,3.838493,0.000433,10,3.838483,0.000301
4,5,8,1,0|1|0|0|0,0|1|4|0|2,0,10,3.879058,0.000948,10,3.878864,0.000862
4,5,8,1,0|1|0|0|1,0|1|4|0|1,0,10,3.877184,0.000676,10,3.877645,0.000646
4,5,8,1,0|1|0|0|2,0|1|4|0|0,0,10,3.856697,0.000906,10,3.856851,0.000611
4,5,8,1,0|1|0|0|0,0|1|4|1|1,0,10,3.891024,0.000615,10,3.890841,0.000666
4,5,8,1,0|1|0|0|1,0|1|4|1|0,0,10,3.879099,0.000535,10,3.878469,0.000334
4,5,8,1,0|1|0|0|0,0|1|4|2|0,0,10,3.829553,0.000480,10,3.829305,0.000683
4,5,8,1,0|1|0|1|0,0|1|4|0|1,0,10,3.878015,0.000763,10,3.877963,0.000843
4,5,8,1,0|1|0|1|1,0|1|4|0|0,0,10,3.860034,0.001014,10,3.859628,0.000959
4,5,8,1,0|1|0|1|0,0|1|4|1|0,0,10,3.826217,0.000346,10,3.826169,0.000398
4,5,8,1,0|1|0|2|0,0|1|4|0|0,0,10,3.805483,0.000237,10,3.805589,0.000628
4,5,8,1,0|1|0|0|0,0|1|5|0|1,0,10,3.812552,0.000549,10,3.811684,0.000562
4,5,8,1,0|1|0|0|1,0|1|5|0|0,0,10,3.787790,0.000563,10,3.787960,0.000633
4,5,8,1,0|1|0|0|0,0|1|5|1|0,0,10,3.768472,0.000513,10,3.768775,0.000452
4,5,8,1,0|1|0|1|0,0|1|5|0|0,0,10,3.744394,0.000391,10,3.744496,0.000541
4,5,8,1,0|1|0|0|0,0|1|6|0|0,0,10,3.582810,0.000390,10,3.582745,0.000529
4,5,8,1,0|1|1|0|0,0|1|0|0|5,0,10,3.916093,0.001076,10,3.915907,0.000956
4,5,8,1,0|1|1|0|1,0|1|0|0|4,0,10,3.916716,0.001065,10,3.917843,0.001299
4,5,8,1,0|1|1|0|2,0|1|0|0|3,0,10,3.915595,0.000911,10,3.916544,0.000962
4,5,8,1,0|1|1|0|3,0|1|0|0|2,0,10,3.914682,0.001317,10,3.914853,0.001461
4,5,8,1,0|1|1|0|4,0|1|0|0|1,0,10,3.913171,0.000752,10,3.912721,0.001218
4,5,8,1,0|1|1|0|5,0|1|0|0|0,0,10,3.908403,0.000819,10,3.908098,0.001061
4,5,8,1,0|1|1|0|0,0|1|0|1|4,0,10,3.938109,0.000939,10,3.938112,0.001260
4,5,8,1,0|1|1|0|1,0|1|0|1|3,0,10,3.938624,0.001216,10,3.938804,0.001447
4,5,8,1,0|1|1|0|2,0|1|0|1|2,0,10,3.937032,0.000902,10,3.937565,0.001131
4,5,8,1,0|1|1|0|3,0|1|0|1|1,0,10,3.935563,0.001121,10,3.935889,0.001369
4,5,8,1,0|1|1|0|4,0|1|0|1|0,0,10,3.933333,0.001182,10,3.932436,0.001375
4,5,8,1,0|1|1|0|0,0|1|0|2|3,0,10,3.940549,0.001276,10,3.940461,0.001675
4,5,8,1,0|1|1|0|1,0|1|0|2|2,0,10,3.941191,0.001091,10,3.941491,0.000791
4,5,8,1,0|1|1|0|2,0|1|0|2|1,0,10,3.938912,0.000841,10,3.938912,0.001208
4,5,8,1,0|1|1|0|3,0|1|0|2|0,0,10,3.934911,0.000526,10,3.933879,0.001207
4,5,8,1,0|1|1|0|0,0|1|0|3|2,0,10,3.936056,0.000957,10,3.936832,0.000828
4,5,8,1,0|1|1|0|1,0|1|0|3|1,0,10,3.936698,0.001085,10,3.937006,0.000477
4,5,8,1,0|1|1|0|2,0|1|0|3|0,0,10,3.928900,0.000729,10,3.929027,0.000967
4,5,8,1,0|1|1|0|0,0|1|0|4|1,0,10,3.922206,0.000705,10,3.922506,0.001245
4,5,8,1,0|1|1|0|1,0|1|0|4|0,0,10,3.915533,0.000749,10,3.915166,0.000965
4,5,8,1,0|1|1|0|0,0|1|0|5|0,0,10,3.864377,0.000571,10,3.864171,0.000839
4,5,8,1,0|1|1|1|0,0|1|0|0|4,0,10,3.932751,0.000954,10,3.933202,0.001175
4,5,8,1,0|1|1|1|1,0|1|0|0|3,0,10,3.933293,0.001065,10,3.933010,0.001178
4,5,8,1,0|1|1|1|2,0|1|0|0|2,0,10,3.931232,0.001425,10,3.931459,0.001037
4,5,8,1,0|1|1|1|3,0|1|0|0|1,0,10,3.928670,0.000877,10,3.928673,0.000883
4,5,8,1,0|1|1|1|4,0|1|0|0|0,0,10,3.922779,0.000780,10,3.923305,0.001175
4,5,8,1,0|1|1|1|0,0|1|0|1|3,0,10,3.938723,0.001160,10,3.939163,0.001051
4,5,8,1,0|1|1|1|1,0|1|0|1|2,0,10,3.939304,0.001012,10,3.939012,0.001127
4,5,8,1,0|1|1|1|2,0|1|0|1|1,0,10,3.936549,0.000703,10,3.937055,0.000743
4,5,8,1,0|1|1|1|3,0|1|0|1|0,0,10,3.932048,0.001186,10,3.932236,0.000765
4,5,8,1,0|1|1|1|0,0|1|0|2|2,0,10,3.935360,0.001163,10,3.935134,0.001352
4,5,8,1,0|1|1|1|1,0|1|0|2|1,0,10,3.935328,0.000995,10,3.935299,0.001062
4,5,8,1,0|1|1|1|2,0|1|0|2|0,0,10,3.928367,0.000867,10,3.927976,0.000837
4,5,8,1,0|1|1|1|0,0|1|0|3|1,0,10,3.921755,0.000532,10,3.921764,0.000868
4,5,8,1,0|1|1|1|1,0|1|0|3|0,0,10,3.913892,0.000558,10,3.914268,0.000711
4,5,8,1,0|1|1|1|0,0|1|0|4|0,0,10,3.864807,0.000467,10,3.864888,0.000618
4,5,8,1,0|1|1|2|0,0|1|0|0|3,0,10,3.934176,0.000853,10,3.933295,0.001032
4,5,8,1,0|1|1|2|1,0|1|0|0|2,0,10,3.933598,0.001098,10,3.933398,0.001120
4,5,8,1,0|1|1|2|2,0|1|0|0|1,0,10,3.929587,0.001150,10,3.928737,0.000730
4,5,8,1,0|1|1|2|3,0|1|0|0|0,0,10,3.921832,0.001079,10,3.921356,0.000664
4,5,8,1,0|1|1|2|0,0|1|0|1|2,0,10,3.933112,0.001101,10,3.932570,0.000459
4,5,8,1,0|1|1|2|1,0|1|0|1|1,0,10,3.931270,0.000636,10,3.931526,0.001129
4,5,8,1,0|1|1|2|2,0|1|0|1|0,0,10,3.924163,0.000870,10,3.923573,0.000758
4,5,8,1,0|1|1|2|0,0|1|0|2|1,0,10,3.918597,0.000929,10,3.918815,0.000744
4,5,8,1,0|1|1|2|1,0|1|0|2|0,0,10,3.911011,0.000636,10,3.910684,0.000816
4,5,8,1,0|1|1|2|0,0|1|0|3|0,0,10,3.862748,0.000508,10,3.862881,0.000837
4,5,8,1,0|1|1|3|0,0|1|0|0|2,0,10,3.927447,0.001154,10,3.927453,0.000755
4,5,8,1,0|1|1|3|1,0|1|0|0|1,0,10,3.925748,0.000652,10,3.926356,0.001056
4,5,8,1,0|1|1|3|2,0|1|0|0|0,0,10,3.914565,0.000950,10,3.915412,0.000586
4,5,8,1,0|1|1|3|0,0|1|0|1|1,0,10,3.915836,0.000884,10,3.915652,0.000970
4,5,8,1,0|1|1|3|1,0|1|0|1|0,0,10,3.907039,0.000536,10,3.907213,0.000655
4,5,8,1,0|1|1|3|0,0|1|0|2|0,0,10,3.860117,0.000676,10,3.859763,0.000654
4,5,8,1,0|1|1|4|0,0|1|0|0|1,0,10,3.910988,0.000898,10,3.910287,0.001117
4,5,8,1,0|1|1|4|1,0|1|0|0|0,0,10,3.900616,0.000603,10,3.900073,0.000509
4,5,8,1,0|1|1|4|0,0|1|0|1|0,0,10,3.855475,0.000629,10,3.855951,0.000560
4,5,8,1,0|1|1|5|0,0|1|0|0|0,0,10,3.848772,0.000948,10,3.848779,0.000625
4,5,8,1,0|1|1|0|0,0|1|1|0|4,0,10,3.915667,0.000751,10,3.915315,0.001220
4,5,8,1,0|1|1|0|1,0|1|1|0|3,0,10,3.917689,0.001259,10,3.917932,0.000963
4,5,8,1,0|1|1|0|2,0|1|1|0|2,0,10,3.915388,0.001151,10,3.915333,0.001709
4,5,8,1,0|1|1|0|3,0|1|1|0|1,0,10,3.912035,0.000868,10,3.912836,0.001000
4,5,8,1,0|1|1|0|4,0|1|1|0|0,0,10,3.905750,0.000834,10,3.905061,0.001323
4,5,8,1,0|1|1|0|0,0|1|1|1|3,0,10,3.936085,0.001323,10,3.935270,0.000765
4,5,8,1,0|1|1|0|1,0|1|1|1|2,0,10,3.936560,0.001276,10,3.936863,0.001120
4,5,8,1,0|1|1|0|2,0|1|1|1|1,0,10,3.934176,0.000674,10,3.933925,0.001356
4,5,8,1,0|1|1|0|3,0|1|1|1|0,0,10,3.928524,0.000679,10,3.928681,0.001235
4,5,8,1,0|1|1|0|0,0|1|1|2|2,0,10,3.935455,0.001125,10,3.934992,0.000608
4,5,8,1,0|1|1|0|1,0|1|1|2|1,0,10,3.934854,0.001069,10,3.934869,0.001126
4,5,8,1,0|1|1|0|2,0|1|1|2|0,0,10,3.928152,0.000979,10,3.927903,0.001051
4,5,8,1,0|1|1|0|0,0|1|1|3|1,0,10,3.923615,0.000794,10,3.923676,0.000616
4,5,8,1,0|1|1|0|1,0|1|1|3|0,0,10,3.916581,0.000824,10,3.916671,0.000813
4,5,8,1,0|1|1|0|0,0|1|1|4|0,0,10,3.872166,0.000627,10,3.872568,0.000786
4,5,8,1,0|1|1|1|0,0|1|1|0|3,0,10,3.929396,0.001067,10,3.929678,0.001092
4,5,8,1,0|1|1|1|1,0|1|1|0|2,0,10,3.929393,0.001224,10,3.929841,0.001155
4,5,8,1,0|1|1|1|2,0|1|1|0|1,0,10,3.926291,0.000873,10,3.925189,0.001064
4,5,8,1,0|1|1|1|3,0|1|1|0|0,0,10,3.918073,0.000598,10,3.918114,0.000855
4,5,8,1,0|1|1|1|0,0|1|1|1|2,0,10,3.933313,0.001073,10,3.934271,0.000818
4,5,8,1,0|1|1|1|1,0|1|1|1|1,0,10,3.932196,0.000739,10,3.932410,0.000938
4,5,8,1,0|1|1|1|2,0|1|1|1|0,0,10,3.925189,0.000809,10,3.924849,0.000984
4,5,8,1,0|1|1|1|0,0|1|1|2|1,0,10,3.922564,0.000658,10,3.922598,0.000608
4,5,8,1,0|1|1|1|1,0|1|1|2|0,0,10,3.914934,0.001011,10,3.915393,0.000584
4,5,8,1,0|1|1|1|0,0|1|1|3|0,0,10,3.873311,0.000626,10,3.872906,0.000528
4,5,8,1,0|1|1|2|0,0|1|1|0|2,0,10,3.926241,0.000767,10,3.926168,0.001117
4,5,8,1,0|1|1|2|1,0|1|1|0|1,0,10,3.924423,0.000754,10,3.924258,0.001031
4,5,8,1,0|1|1|2|2,0|1|1|0|0,0,10,3.913408,0.001095,10,3.913350,0.000771
4,5,8,1,0|1|1|2|0,0|1|1|1|1,0,10,3.918926,0.000564,10,3.918575,0.000780
4,5,8,1,0|1|1|2|1,0|1|1|1|0,0,10,3.909486,0.000553,10,3.909804,0.001089
4,5,8,1,0|1|1|2|0,0|1|1|2|0,0,10,3.869471,0.000558,10,3.869120,0.000455
4,5,8,1,0|1|1|3|0,0|1|1|0|1,0,10,3.911494,0.000601,10,3.911399,0.000611
4,5,8,1,0|1|1|3|1,0|1|1|0|0,0,10,3.900147,0.000838,10,3.900382,0.000494
4,5,8,1,0|1|1|3|0,0|1|1|1|0,0,10,3.864158,0.000741,10,3.864160,0.000623
4,5,8,1,0|1|1|4|0,0|1|1|0|0,0,10,3.854259,0.000559,10,3.853909,0.000423
4,5,8,1,0|1|1|0|0,0|1|2|0|3,0,10,3.905592,0.000879,10,3.905176,0.001032
4,5,8,1,0|1|1|0|1,0|1|2|0|2,0,10,3.905797,0.001069,10,3.904955,0.000857
4,5,8,1,0|1|1|0|2,0|1|2|0|1,0,10,3.900746,0.000851,10,3.900724,0.000543
4,5,8,1,0|1|1|0|3,0|1|2|0|0,0,10,3.889206,0.000697,10,3.888655,0.000727
4,5,8,1,0|1|1|0|0,0|1|2|1|2,0,10,3.923252,0.001043,10,3.923433,0.001309
4,5,8,1,0|1|1|0|1,0|1|2|1|1,0,10,3.921986,0.000748,10,3.922119,0.001012
4,5,8,1,0|1|1|0|2,0|1|2|1|0,0,10,3.912547,0.000720,10,3.913299,0.000732
4,5,8,1,0|1|1|0|0,0|1|2|2|1,0,10,3.913625,0.000698,10,3.913482,0.001124
4,5,8,1,0|1|1|0|1,0|1|2|2|0,0,10,3.904526,0.000946,10,3.904163,0.000964
4,5,8,1,0|1|1|0|0,0|1|2|3|0,0,10,3.858126,0.000710,10,3.858413,0.000951
4,5,8,1,0|1|1|1|0,0|1|2|0|2,0,10,3.914647,0.000783,10,3.914886,0.000706
4,5,8,1,0|1|1|1|1,0|1|2|0|1,0,10,3.911486,0.001087,10,3.911365,0.000803
4,5,8,1,0|1|1|1|2,0|1|2|0|0,0,10,3.898003,0.001023,10,3.898069,0.000912
4,5,8,1,0|1|1|1|0,0|1|2|1|1,0,10,3.910076,0.000558,10,3.910368,0.000652
4,5,8,1,0|1|1|1|1,0|1|2|1|0,0,10,3.900081,0.000739,10,3.899592,0.001139
4,5,8,1,0|1|1|1|0,0|1|2|2|0,0,10,3.857423,0.000290,10,3.857468,0.000702
4,5,8,1,0|1|1|2|0,0|1|2|0|1,0,10,3.898859,0.000663,10,3.899598,0.000681
4,5,8,1,0|1|1|2|1,0|1|2|0|0,0,10,3.884824,0.000661,10,3.885221,0.000773
4,5,8,1,0|1|1|2|0,0|1|2|1|0,0,10,3.849863,0.000344,10,3.850043,0.000535
4,5,8,1,0|1|1|3|0,0|1|2|0|0,0,10,3.835305,0.000326,10,3.835302,0.000787
4,5,8,1,0|1|1|0|0,0|1|3|0|2,0,10,3.878791,0.000572,10,3.878349,0.000847
4,5,8,1,0|1|1|0|1,0|1|3|0|1,0,10,3.875967,0.000876,10,3.875674,0.000554
4,5,8,1,0|1|1|0|2,0|1|3|0|0,0,10,3.855293,0.000644,10,3.855564,0.000826
4,5,8,1,0|1|1|0|0,0|1|3|1|1,0,10,3.889039,0.000987,10,3.888914,0.000851
4,5,8,1,0|1|1|0|1,0|1|3|1|0,0,10,3.876341,0.000668,10,3.876165,0.000558
4,5,8,1,0|1|1|0|0,0|1|3|2|0,0,10,3.828337,0.000444,10,3.828735,0.000913
4,5,8,1,0|1|1|1|0,0|1|3|0|1,0,10,3.874223,0.000578,10,3.874063,0.000426
4,5,8,1,0|1|1|1|1,0|1|3|0|0,0,10,3.854975,0.000547,10,3.854832,0.000835
4,5,8,1,0|1|1|1|0,0|1|3|1|0,0,10,3.822927,0.000546,10,3.823067,0.000509
4,5,8,1,0|1|1|2|0,0|1|3|0|0,0,10,3.802225,0.000601,10,3.802258,0.000460
4,5,8,1,0|1|1|0|0,0|1|4|0|1,0,10,3.811903,0.000558,10,3.812017,0.000584
4,5,8,1,0|1|1|0|1,0|1|4|0|0,0,10,3.786381,0.000538,10,3.786171,0.000565
4,5,8,1,0|1|1|0|0,0|1|4|1|0,0,10,3.767600,0.000502,10,3.767508,0.000527
4,5,8,1,0|1|1|1|0,0|1|4|0|0,0,10,3.741204,0.000545,10,3.741393,0.000604
4,5,8,1,0|1|1|0|0,0|1|5|0|0,0,10,3.588377,0.000484,10,3.588665,0.000320
4,5,8,1,0|1|2|0|0,0|1|0|0|4,0,10,3.914613,0.001079,10,3.914060,0.001374
4,5,8,1,0|1|2|0|1,0|1|0|0|3,0,10,3.915707,0.001130,10,3.914801,0.001028
4,5,8,1,0|1|2|0|2,0|1|0|0|2,0,10,3.913704,0.001165,10,3.913159,0.000958
4,5,8,1,0|1|2|0|3,0|1|0|0|1,0,10,3.909596,0.000818,10,3.909012,0.000625
4,5,8,1,0|1|2|0|4,0|1|0|0|0,0,10,3.900695,0.000816,10,3.901274,0.000965
4,5,8,1,0|1|2|0|0,0|1|0|1|3,0,10,3.934524,0.001481,10,3.934005,0.001322
4,5,8,1,0|1|2|0|1,0|1|0|1|2,0,10,3.934734,0.000825,10,3.934624,0.001184
4,5,8,1,0|1|2|0|2,0|1|0|1|1,0,10,3.932608,0.000841,10,3.931464,0.000733
4,5,8,1,0|1|2|0|3,0|1|0|1|0,0,10,3.925634,0.000850,10,3.925124,0.001005
4,5,8,1,0|1|2|0|0,0|1|0|2|2,0,10,3.932570,0.001215,10,3.932822,0.000952
4,5,8,1,0|1|2|0|1,0|1|0|2|1,0,10,3.932751,0.000937,10,3.932520,0.000678
4,5,8,1,0|1|2|0|2,0|1|0|2|0,0,10,3.925172,0.000978,10,3.924407,0.001142
4,5,8,1,0|1|2|0|0,0|1|0|3|1,0,10,3.920813,0.000940,10,3.920444,0.000905
4,5,8,1,0|1|2|0|1,0|1|0|3|0,0,10,3.912724,0.000850,10,3.913061,0.000739
4,5,8,1,0|1|2|0|0,0|1|0|4|0,0,10,3.867107,0.000443,10,3.867206,0.000803
4,5,8,1,0|1|2|1|0,0|1|0|0|3,0,10,3.928418,0.001341,10,3.927348,0.000642
4,5,8,1,0|1|2|1|1,0|1|0|0|2,0,10,3.926479,0.000721,10,3.926865,0.000667
4,5,8,1,0|1|2|1|2,0|1|0|0|1,0,10,3.922280,0.000943,10,3.922133,0.000871
4,5,8,1,0|1|2|1|3,0|1|0|0|0,0,10,3.913341,0.000817,10,3.913356,0.001061
4,5,8,1,0|1|2|1|0,0|1|0|1|2,0,10,3.931454,0.000773,10,3.931163,0.000820
4,5,8,1,0|1|2|1|1,0|1|0|1|1,0,10,3.929525,0.001111,10,3.929019,0.001061
4,5,8,1,0|1|2|1|2,0|1|0|1|0,0,10,3.921162,0.000829,10,3.921119,0.001007
4,5,8,1,0|1|2|1|0,0|1|0|2|1,0,10,3.919902,0.000976,10,3.919630,0.001105
4,5,8,1,0|1|2|1|1,0|1|0|2|0,0,10,3.911541,0.000708,10,3.911666,0.000771
4,5,8,1,0|1|2|1|0,0|1|0|3|0,0,10,3.867724,0.000509,10,3.867688,0.000401
4,5,8,1,0|1|2|2|0,0|1|0|0|2,0,10,3.922634,0.001187,10,3.922669,0.000992
4,5,8,1,0|1|2|2|1,0|1|0|0|1,0,10,3.920079,0.000802,10,3.920067,0.001222
4,5,8,1,0|1|2|2|2,0|1|0|0|0,0,10,3.907624,0.000828,10,3.907545,0.000682
4,5,8,1,0|1|2|2|0,0|1|0|1|1,0,10,3.914737,0.000839,10,3.914297,0.000808
4,5,8,1,0|1|2|2|1,0|1|0|1|0,0,10,3.905255,0.000617,10,3.904895,0.000754
4,5,8,1,0|1|2|2|0,0|1|0|2|0,0,10,3.863214,0.000454,10,3.863405,0.000676
4,5,8,1,0|1|2|3|0,0|1|0|0|1,0,10,3.905983,0.001185,10,3.905724,0.000689
4,5,8,1,0|1|2|3|1,0|1|0|0|0,0,10,3.894069,0.000591,10,3.893861,0.000535
4,5,8,1,0|1|2|3|0,0|1|0|1|0,0,10,3.856963,0.000878,10,3.856768,0.000479
4,5,8,1,0|1|2|4|0,0|1|0|0|0,0,10,3.845249,0.000781,10,3.844850,0.000490
4,5,8,1,0|1|2|0|0,0|1|1|0|3,0,10,3.904064,0.000761,10,3.904004,0.000842
4,5,8,1,0|1|2|0|1,0|1|1|0|2,0,10,3.904702,0.001097,10,3.904557,0.001002
4,5,8,1,0|1|2|0|2,0|1|1|0|1,0,10,3.898495,0.000742,10,3.899295,0.000943
4,5,8,1,0|1|2|0|3,0|1|1|0|0,0,10,3.886346,0.000987,10,3.886041,0.000669
4,5,8,1,0|1|2|0|0,0|1|1|1|2,0,10,3.922154,0.001107,10,3.922313,0.001124
4,5,8,1,0|1|2|0|1,0|1|1|1|1,0,10,3.921289,0.000821,10,3.921091,0.001128
4,5,8,1,0|1|2|0|2,0|1|1|1|0,0,10,3.910379,0.000693,10,3.910987,0.001109
4,5,8,1,0|1|2|0|0,0|1|1|2|1,0,10,3.911897,0.000936,10,3.911380,0.000670
4,5,8,1,0|1|2|0|1,0|1|1|2|0,0,10,3.902471,0.000738,10,3.902586,0.000721
4,5,8,1,0|1|2|0|0,0|1|1|3|0,0,10,3.855876,0.000606,10,3.855853,0.000647
4,5,8,1,0|1|2|1|0,0|1|1|0|2,0,10,3.913000,0.001194,10,3.912587,0.000579
4,5,8,1,0|1|2|1|1,0|1|1|0|1,0,10,3.908654,0.000721,10,3.908186,0.001024
4,5,8,1,0|1|2|1|2,0|1|1|0|0,0,10,3.895006,0.000773,10,3.894507,0.001123
4,5,8,1,0|1|2|1|0,0|1|1|1|1,0,10,3.907546,0.001022,10,3.908037,0.000845
4,5,8,1,0|1|2|1|1,0|1|1|1|0,0,10,3.897274,0.000974,10,3.896608,0.000478
4,5,8,1,0|1|2|1|0,0|1|1|2|0,0,10,3.854905,0.000575,10,3.855069,0.000549
4,5,8,1,0|1|2|2|0,0|1|1|0|1,0,10,3.895946,0.000669,10,3.896055,0.000667
4,5,8,1,0|1|2|2|1,0|1|1|0|0,0,10,3.881082,0.000787,10,3.880845,0.000778
4,5,8,1,0|1|2|2|0,0|1|1|1|0,0,10,3.846973,0.000439,10,3.846595,0.000480
4,5,8,1,0|1|2|3|0,0|1|1|0|0,0,10,3.830575,0.000413,10,3.830365,0.000513
4,5,8,1,0|1|2|0|0,0|1|2|0|2,0,10,3.877691,0.000404,10,3.877852,0.000996
4,5,8,1,0|1|2|0|1,0|1|2|0|1,0,10,3.874925,0.000653,10,3.874108,0.000663
4,5,8,1,0|1|2|0|2,0|1|2|0|0,0,10,3.852708,0.000836,10,3.853239,0.000785
4,5,8,1,0|1|2|0|0,0|1|2|1|1,0,10,3.887457,0.000919,10,3.887093,0.000771
4,5,8,1,0|1|2|0|1,0|1|2|1|0,0,10,3.873865,0.000617,10,3.873752,0.000463
4,5,8,1,0|1|2|0|0,0|1|2|2|0,0,10,3.826355,0.000390,10,3.825879,0.000416
4,5,8,1,0|1|2|1|0,0|1|2|0|1,0,10,3.872248,0.000431,10,3.872259,0.000690
4,5,8,1,0|1|2|1|1,0|1|2|0|0,0,10,3.852071,0.000814,10,3.852222,0.000602
4,5,8,1,0|1|2|1|0,0|1|2|1|0,0,10,3.821074,0.000506,10,3.821147,0.000641
4,5,8,1,0|1|2|2|0,0|1|2|0|0,0,10,3.798353,0.000483,10,3.798327,0.000475
4,5,8,1,0|1|2|0|0,0|1|3|0|1,0,10,3.811178,0.001050,10,3.811372,0.000643
4,5,8,1,0|1|2|0|1,0|1|3|0|0,0,10,3.785057,0.000470,10,3.784984,0.000688
4,5,8,1,0|1|2|0|0,0|1|3|1|0,0,10,3.766459,0.000542,10,3.766598,0.000273
4,5,8,1,0|1|2|1|0,0|1|3|0|0,0,10,3.739321,0.000427,10,3.739493,0.000364
4,5,8,1,0|1|2|0|0,0|1|4|0|0,0,10,3.590949,0.000469,10,3.590968,0.000302
4,5,8,1,0|1|3|0|0,0|1|0|0|3,0,10,3.903028,0.001097,10,3.902040,0.001007
4,5,8,1,0|1|3|0|1,0|1|0|0|2,0,10,3.903620,0.001318,10,3.903642,0.000978
4,5,8,1,0|1|3|0|2,0|1|0|0|1,0,10,3.897269,0.001211,10,3.896707,0.000435
4,5,8,1,0|1|3|0|3,0|1|0|0|0,0,10,3.883783,0.000747,10,3.883052,0.000808
4,5,8,1,0|1|3|0|0,0|1|0|1|2,0,10,3.920641,0.000747,10,3.921577,0.000965
4,5,8,1,0|1|3|0|1,0|1|0|1|1,0,10,3.919731,0.001224,10,3.920252,0.001082
4,5,8,1,0|1|3|0|2,0|1|0|1|0,0,10,3.909201,0.000799,10,3.908839,0.000654
4,5,8,1,0|1|3|0|0,0|1|0|2|1,0,10,3.909916,0.000633,10,3.910032,0.000938
4,5,8,1,0|1|3|0|1,0|1|0|2|0,0,10,3.900900,0.000518,10,3.900589,0.000752
4,5,8,1,0|1|3|0|0,0|1|0|3|0,0,10,3.853246,0.000680,10,3.852954,0.000763
4,5,8,1,0|1|3|1|0,0|1|0|0|2,0,10,3.911745,0.000806,10,3.911952,0.000630
4,5,8,1,0|1|3|1|1,0|1|0|0|1,0,10,3.907368,0.000733,10,3.907165,0.000895
4,5,8,1,0|1|3|1|2,0|1|0|0|0,0,10,3.892365,0.000536,10,3.892544,0.000575
4,5,8,1,0|1|3|1|0,0|1|0|1|1,0,10,3.906516,0.000524,10,3.906779,0.000810
4,5,8,1,0|1|3|1|1,0|1|0|1|0,0,10,3.895729,0.000695,10,3.895690,0.000583
4,5,8,1,0|1|3|1|0,0|1|0|2|0,0,10,3.853157,0.000721,10,3.853216,0.000571
4,5,8,1,0|1|3|2|0,0|1|0|0|1,0,10,3.893562,0.000643,10,3.893616,0.000834
4,5,8,1,0|1|3|2|1,0|1|0|0|0,0,10,3.878169,0.000795,10,3.878265,0.000534
4,5,8,1,0|1|3|2|0,0|1|0|1|0,0,10,3.843821,0.000660,10,3.843862,0.000826
4,5,8,1,0|1|3|3|0,0|1|0|0|0,0,10,3.826396,0.000659,10,3.826170,0.000610
4,5,8,1,0|1|3|0|0,0|1|1|0|2,0,10,3.876470,0.000827,10,3.876640,0.000643
4,5,8,1,0|1|3|0|1,0|1|1|0|1,0,10,3.873643,0.000668,10,3.873861,0.000814
4,5,8,1,0|1|3|0|2,0|1|1|0|0,0,10,3.851172,0.000535,10,3.851527,0.000525
4,5,8,1,0|1|3|0|0,0|1|1|1|1,0,10,3.886779,0.000689,10,3.886786,0.000952
4,5,8,1,0|1|3|0|1,0|1|1|1|0,0,10,3.873448,0.001003,10,3.872934,0.000550
4,5,8,1,0|1|3|0|0,0|1|1|2|0,0,10,3.825372,0.000550,10,3.825008,0.000477
4,5,8,1,0|1|3|1|0,0|1|1|0|1,0,10,3.870827,0.000746,10,3.871189,0.000723
4,5,8,1,0|1|3|1|1,0|1|1|0|0,0,10,3.850845,0.000628,10,3.850758,0.000553
4,5,8,1,0|1|3|1|0,0|1|1|1|0,0,10,3.820001,0.000536,10,3.819968,0.000436
4,5,8,1,0|1|3|2|0,0|1|1|0|0,0,10,3.796196,0.000477,10,3.796268,0.000372
4,5,8,1,0|1|3|0|0,0|1|2|0|1,0,10,3.810877,0.000500,10,3.811150,0.000673
4,5,8,1,0|1|3|0|1,0|1|2|0|0,0,10,3.784602,0.000453,10,3.784325,0.000624
4,5,8,1,0|1|3|0|0,0|1|2|1|0,0,10,3.766281,0.000596,10,3.766271,0.000519
4,5,8,1,0|1|3|1|0,0|1|2|0|0,0,10,3.738876,0.000636,10,3.738718,0.000238
4,5,8,1,0|1|3|0|0,0|1|3|0|0,0,10,3.591744,0.000390,10,3.591904,0.000541
4,5,8,1,0|1|4|0|0,0|1|0|0|2,0,10,3.875948,0.000990,10,3.875483,0.000823
4,5,8,1,0|1|4|0|1,0|1|0|0|1,0,10,3.873500,0.000804,10,3.873042,0.000853
4,5,8,1,0|1|4|0|2,0|1|0|0|0,0,10,3.850768,0.000890,10,3.850441,0.000580
4,5,8,1,0|1|4|0|0,0|1|0|1|1,0,10,3.886510,0.000655,10,3.886081,0.000568
4,5,8,1,0|1|4|0|1,0|1|0|1|0,0,10,3.872539,0.000682,10,3.872286,0.000761
4,5,8,1,0|1|4|0|0,0|1|0|2|0,0,10,3.824002,0.000364,10,3.824274,0.000585
4,5,8,1,0|1|4|1|0,0|1|0|0|1,0,10,3.870559,0.000195,10,3.870622,0.000497
4,5,8,1,0|1|4|1|1,0|1|0|0|0,0,10,3.849953,0.001029,10,3.849881,0.000704
4,5,8,1,0|1|4|1|0,0|1|0|1|0,0,10,3.819343,0.000539,10,3.819631,0.000317
4,5,8,1,0|1|4|2|0,0|1|0|0|0,0,10,3.794725,0.000534,10,3.794738,0.000422
4,5,8,1,0|1|4|0|0,0|1|1|0|1,0,10,3.811007,0.000440,10,3.810945,0.000678
4,5,8,1,0|1|4|0|1,0|1|1|0|0,0,10,3.784324,0.000347,10,3.784450,0.000653
4,5,8,1,0|1|4|0|0,0|1|1|1|0,0,10,3.765825,0.000613,10,3.765857,0.000504
4,5,8,1,0|1|4|1|0,0|1|1|0|0,0,10,3.738511,0.000445,10,3.738081,0.000438
4,5,8,1,0|1|4|0|0,0|1|2|0|0,0,10,3.592045,0.000395,10,3.592128,0.000660
4,5,8,1,0|1|5|0|0,0|1|0|0|1,0,10,3.810817,0.000413,10,3.810699,0.000622
4,5,8,1,0|1|5|0|1,0|1|0|0|0,0,10,3.784027,0.000642,10,3.784442,0.000703
4,5,8,1,0|1|5|0|0,0|1|0|1|0,0,10,3.765581,0.000357,10,3.765790,0.000606
4,5,8,1,0|1|5|1|0,0|1|0|0|0,0,10,3.738088,0.000666,10,3.738103,0.000448
4,5,8,1,0|1|5|0|0,0|1|1|0|0,0,10,3.592168,0.000462,10,3.592397,0.000383
4,5,8,1,0|1|6|0|0,0|1|0|0|0,0,10,3.592257,0.000366,10,3.592160,0.000492
4,5,8,1,0|1|0|0|0,0|2|0|0|5,0,10,3.887778,0.001259,10,3.886772,0.001178
4,5,8,1,0|1|0|0|1,0|2|0|0|4,0,10,3.889135,0.000735,10,3.888828,0.000923
4,5,8,1,0|1|0|0|2,0|2|0|0|3,0,10,3.887385,0.000805,10,3.887869,0.000944
4,5,8,1,0|1|0|0|3,0|2|0|0|2,0,10,3.886069,0.001197,10,3.885320,0.000825
4,5,8,1,0|1|0|0|4,0|2|0|0|1,0,10,3.882750,0.000842,10,3.882398,0.001139
4,5,8,1,0|1|0|0|5,0|2|0|0|0,0,10,3.877008,0.001055,10,3.877194,0.001137
4,5,8,1,0|1|0|0|0,0|2|0|1|4,0,10,3.926174,0.001185,10,3.926455,0.000835
4,5,8,1,0|1|0|0|1,0|2|0|1|3,0,10,3.927697,0.001696,10,3.928192,0.001177
4,5,8,1,0|1|0|0|2,0|2|0|1|2,0,10,3.926191,0.001275,10,3.926213,0.001008
4,5,8,1,0|1|0|0|3,0|2|0|1|1,0,10,3.923902,0.000958,10,3.923945,0.001182
4,5,8,1,0|1|0|0|4,0|2|0|1|0,0,10,3.919094,0.000941,10,3.919129,0.001149
4,5,8,1,0|1|0|0|0,0|2|0|2|3,0,10,3.927652,0.000987,10,3.927498,0.000983
4,5,8,1,0|1|0|0|1,0|2|0|2|2,0,10,3.928476,0.001116,10,3.929138,0.000866
4,5,8,1,0|1|0|0|2,0|2|0|2|1,0,10,3.925375,0.001366,10,3.925121,0.001041
4,5,8,1,0|1|0|0|3,0|2|0|2|0,0,10,3.918544,0.000881,10,3.918508,0.001268
4,5,8,1,0|1|0|0|0,0|2|0|3|2,0,10,3.918403,0.000774,10,3.918022,0.001029
4,5,8,1,0|1|0|0|1,0|2|0|3|1,0,10,3.918903,0.000831,10,3.918964,0.000639
4,5,8,1,0|1|0|0|2,0|2|0|3|0,0,10,3.907216,0.000695,10,3.907225,0.000962
4,5,8,1,0|1|0|0|0,0|2|0|4|1,0,10,3.890304,0.000790,10,3.890926,0.001141
4,5,8,1,0|1|0|0|1,0|2|0|4|0,0,10,3.878283,0.000807,10,3.878310,0.000852
4,5,8,1,0|1|0|0|0,0|2|0|5|0,0,10,3.781954,0.000392,10,3.781887,0.000581
4,5,8,1,0|1|0|1|0,0|2|0|0|4,0,10,3.920779,0.001128,10,3.920232,0.001193
4,5,8,1,0|1|0|1|1,0|2|0|0|3,0,10,3.921727,0.000701,10,3.921781,0.001332
4,5,8,1,0|1|0|1|2,0|2|0|0|2,0,10,3.919483,0.001056,10,3.919467,0.001876
4,5,8,1,0|1|0|1|3,0|2|0|0|1,0,10,3.915692,0.000805,10,3.916098,0.001369
4,5,8,1,0|1|0|1|4,0|2|0|0|0,0,10,3.908538,0.001027,10,3.909682,0.000751
4,5,8,1,0|1|0|1|0,0|2|0|1|3,0,10,3.926259,0.001426,10,3.927006,0.000863
4,5,8,1,0|1|0|1|1,0|2|0|1|2,0,10,3.927029,0.000835,10,3.927150,0.001139
4,5,8,1,0|1|0|1|2,0|2|0|1|1,0,10,3.924094,0.000712,10,3.923802,0.001022
4,5,8,1,0|1|0|1|3,0|2|0|1|0,0,10,3.916203,0.000641,10,3.916376,0.000944
4,5,8,1,0|1|0|1|0,0|2|0|2|2,0,10,3.918069,0.000600,10,3.918555,0.000915
4,5,8,1,0|1|0|1|1,0|2|0|2|1,0,10,3.917299,0.000733,10,3.916904,0.001110
4,5,8,1,0|1|0|1|2,0|2|0|2|0,0,10,3.905993,0.000960,10,3.905955,0.000868
4,5,8,1,0|1|0|1|0,0|2|0|3|1,0,10,3.890283,0.000833,10,3.890788,0.000612
4,5,8,1,0|1|0|1|1,0|2|0|3|0,0,10,3.877430,0.000539,10,3.877567,0.000763
4,5,8,1,0|1|0|1|0,0|2|0|4|0,0,10,3.783271,0.000527,10,3.783661,0.000438
4,5,8,1,0|1|0|2|0,0|2|0|0|3,0,10,3.921907,0.001048,10,3.921730,0.001544
4,5,8,1,0|1|0|2|1,0|2|0|0|2,0,10,3.921330,0.001048,10,3.921836,0.001130
4,5,8,1,0|1|0|2|2,0|2|0|0|1,0,10,3.916262,0.001170,10,3.916427,0.001062
4,5,8,1,0|1|0|2|3,0|2|0|0|0,0,10,3.905895,0.001110,10,3.906182,0.001103
4,5,8,1,0|1|0|2|0,0|2|0|1|2,0,10,3.915538,0.000902,10,3.915383,0.001277
4,5,8,1,0|1|0|2|1,0|2|0|1|1,0,10,3.914540,0.000831,10,3.913745,0.000830
4,5,8,1,0|1|0|2|2,0|2|0|1|0,0,10,3.901551,0.000717,10,3.901434,0.000883
4,5,8,1,0|1|0|2|0,0|2|0|2|1,0,10,3.888392,0.000745,10,3.887833,0.000906
4,5,8,1,0|1|0|2|1,0|2|0|2|0,0,10,3.874457,0.000640,10,3.874195,0.000608
4,5,8,1,0|1|0|2|0,0|2|0|3|0,0,10,3.782708,0.000382,10,3.782650,0.000292
4,5,8,1,0|1|0|3|0,0|2|0|0|2,0,10,3.910564,0.001270,10,3.910780,0.001035
4,5,8,1,0|1|0|3|1,0|2|0|0|1,0,10,3.909679,0.000833,10,3.909110,0.000822
4,5,8,1,0|1|0|3|2,0|2|0|0|0,0,10,3.893409,0.000855,10,3.893796,0.000632
4,5,8,1,0|1|0|3|0,0|2|0|1|1,0,10,3.885163,0.000638,10,3.885385,0.000666
4,5,8,1,0|1|0|3|1,0|2|0|1|0,0,10,3.870943,0.000478,10,3.871044,0.000836
4,5,8,1,0|1|0|3|0,0|2|0|2|0,0,10,3.781024,0.000385,10,3.781308,0.000389
4,5,8,1,0|1|0|4|0,0|2|0|0|1,0,10,3.881579,0.000520,10,3.881310,0.000376
4,5,8,1,0|1|0|4|1,0|2|0|0|0,0,10,3.866145,0.000409,10,3.865880,0.000433
4,5,8,1,0|1|0|4|0,0|2|0|1|0,0,10,3.778508,0.000429,10,3.778542,0.000653
4,5,8,1,0|1|0|5|0,0|2|0|0|0,0,10,3.773874,0.000779,10,3.774317,0.000305
4,5,8,1,0|1|0|0|0,0|2|1|0|4,0,10,3.911706,0.001125,10,3.911758,0.000925
4,5,8,1,0|1|0|0|1,0|2|1|0|3,0,10,3.912687,0.001075,10,3.913191,0.001639
4,5,8,1,0|1|0|0|2,0|2|1|0|2,0,10,3.911166,0.000958,10,3.911426,0.001540
4,5,8,1,0|1|0|0|3,0|2|1|0|1,0,10,3.908198,0.001140,10,3.908226,0.000997
4,5,8,1,0|1|0|0|4,0|2|1|0|0,0,10,3.901799,0.001382,10,3.901452,0.000627
4,5,8,1,0|1|0|0|0,0|2|1|1|3,0,10,3.933914,0.001230,10,3.934469,0.000633
4,5,8,1,0|1|0|0|1,0|2|1|1|2,0,10,3.934909,0.001111,10,3.934543,0.001085
4,5,8,1,0|1|0|0|2,0|2|1|1|1,0,10,3.932858,0.000959,10,3.932531,0.001350
4,5,8,1,0|1|0|0|3,0|2|1|1|0,0,10,3.926824,0.000927,10,3.926997,0.000817
4,5,8,1,0|1|0|0|0,0|2|1|2|2,0,10,3.933522,0.000890,10,3.933492,0.001634
4,5,8,1,0|1|0|0|1,0|2|1|2|1,0,10,3.932791,0.000693,10,3.933602,0.000713
4,5,8,1,0|1|0|0|2,0|2|1|2|0,0,10,3.925884,0.001225,10,3.926393,0.001070
4,5,8,1,0|1|0|0|0,0|2|1|3|1,0,10,3.920729,0.000835,10,3.920659,0.001129
4,5,8,1,0|1|0|0|1,0|2|1|3|0,0,10,3.913635,0.000518,10,3.913553,0.000782
4,5,8,1,0|1|0|0|0,0|2|1|4|0,0,10,3.862915,0.000700,10,3.862580,0.000585
4,5,8,1,0|1|0|1|0,0|2|1|0|3,0,10,3.928441,0.001065,10,3.928859,0.001508
4,5,8,1,0|1|0|1|1,0|2|1|0|2,0,10,3.928352,0.001571,10,3.928652,0.001026
4,5,8,1,0|1|0|1|2,0|2|1|0|1,0,10,3.924864,0.001461,10,3.924874,0.000849
4,5,8,1,0|1|0|1|3,0|2|1|0|0,0,10,3.917249,0.000769,10,3.917282,0.001066
4,5,8,1,0|1|0|1|0,0|2|1|1|2,0,10,3.932305,0.000832,10,3.932862,0.000936
4,5,8,1,0|1|0|1|1,0|2|1|1|1,0,10,3.931036,0.001126,10,3.931298,0.001050
4,5,8,1,0|1|0|1|2,0|2|1|1|0,0,10,3.923697,0.000703,10,3.923797,0.000477
4,5,8,1,0|1|0|1|0,0|2|1|2|1,0,10,3.920187,0.000638,10,3.920248,0.000749
4,5,8,1,0|1|0|1|1,0|2|1|2|0,0,10,3.912344,0.000621,10,3.913099,0.000803
4,5,8,1,0|1|0|1|0,0|2|1|3|0,0,10,3.864187,0.000754,10,3.864099,0.000769
4,5,8,1,0|1|0|2|0,0|2|1|0|2,0,10,3.925239,0.001116,10,3.925310,0.000991
4,5,8,1,0|1|0|2|1,0|2|1|0|1,0,10,3.924013,0.001360,10,3.923002,0.001148
4,5,8,1,0|1|0|2|2,0|2|1|0|0,0,10,3.912511,0.000834,10,3.912795,0.000643
4,5,8,1,0|1|0|2|0,0|2|1|1|1,0,10,3.916368,0.000682,10,3.916506,0.000623
4,5,8,1,0|1|0|2|1,0|2|1|1|0,0,10,3.907663,0.000941,10,3.907618,0.000913
4,5,8,1,0|1|0|2|0,0|2|1|2|0,0,10,3.860853,0.000499,10,3.861376,0.000406
4,5,8,1,0|1|0|3|0,0|2|1|0|1,0,10,3.910062,0.000669,10,3.909947,0.000656
4,5,8,1,0|1|0|3|1,0|2|1|0|0,0,10,3.899270,0.000852,10,3.899231,0.001005
4,5,8,1,0|1|0|3|0,0|2|1|1|0,0,10,3.856018,0.000410,10,3.856074,0.000764
4,5,8,1,0|1|0|4|0,0|2|1|0|0,0,10,3.847479,0.000521,10,3.847381,0.000327
4,5,8,1,0|1|0|0|0,0|2|2|0|3,0,10,3.904061,0.001071,10,3.903660,0.000822
4,5,8,1,0|1|0|0|1,0|2|2|0|2,0,10,3.904862,0.000713,10,3.905107,0.001290
4,5,8,1,0|1|0|0|2,0|2|2|0|1,0,10,3.900062,0.001037,10,3.899506,0.001206
4,5,8,1,0|1|0|0|3,0|2|2|0|0,0,10,3.887741,0.000830,10,3.888407,0.001148
4,5,8,1,0|1|0|0|0,0|2|2|1|2,0,10,3.923487,0.000977,10,3.923356,0.001084
4,5,8,1,0|1|0|0|1,0|2|2|1|1,0,10,3.922868,0.001203,10,3.923171,0.000900
4,5,8,1,0|1|0|0|2,0|2|2|1|0,0,10,3.913813,0.000863,10,3.913479,0.001134
4,5,8,1,0|1|0|0|0,0|2|2|2|1,0,10,3.913837,0.001021,10,3.913518,0.001243
4,5,8,1,0|1|0|0|1,0|2|2|2|0,0,10,3.905301,0.000717,10,3.905049,0.000410
4,5,8,1,0|1|0|0|0,0|2|2|3|0,0,10,3.856319,0.000283,10,3.856356,0.000693
4,5,8,1,0|1|0|1|0,0|2|2|0|2,0,10,3.916674,0.000639,10,3.915671,0.000728
4,5,8,1,0|1|0|1|1,0|2|2|0|1,0,10,3.912601,0.000697,10,3.913083,0.000876
4,5,8,1,0|1|0|1|2,0|2|2|0|0,0,10,3.900030,0.000719,10,3.900147,0.000720
4,5,8,1,0|1|0|1|0,0|2|2|1|1,0,10,3.911372,0.000709,10,3.911735,0.000439
4,5,8,1,0|1|0|1|1,0|2|2|1|0,0,10,3.901453,0.000515,10,3.901844,0.000738
4,5,8,1,0|1|0|1|0,0|2|2|2|0,0,10,3.857374,0.000645,10,3.857226,0.000520
4,5,8,1,0|1|0|2|0,0|2|2|0|1,0,10,3.900703,0.000763,10,3.900360,0.000795
4,5,8,1,0|1|0|2|1,0|2|2|0|0,0,10,3.887548,0.000812,10,3.887447,0.000982
4,5,8,1,0|1|0|2|0,0|2|2|1|0,0,10,3.850261,0.000621,10,3.849946,0.000500
4,5,8,1,0|1|0|3|0,0|2|2|0|0,0,10,3.836053,0.000470,10,3.835926,0.000670
4,5,8,1,0|1|0|0|0,0|2|3|0|2,0,10,3.878662,0.000721,10,3.878385,0.000755
4,5,8,1,0|1|0|0|1,0|2|3|0|1,0,10,3.876866,0.000852,10,3.876740,0.000554
4,5,8,1,0|1|0|0|2,0|2|3|0|0,0,10,3.856666,0.000792,10,3.856079,0.001058
4,5,8,1,0|1|0|0|0,0|2|3|1|1,0,10,3.889993,0.000688,10,3.890436,0.000744
4,5,8,1,0|1|0|0|1,0|2|3|1|0,0,10,3.878185,0.000929,10,3.877558,0.000586
4,5,8,1,0|1|0|0|0,0|2|3|2|0,0,10,3.828748,0.000671,10,3.828861,0.000634
4,5,8,1,0|1|0|1|0,0|2|3|0|1,0,10,3.877740,0.000773,10,3.877463,0.000743
4,5,8,1,0|1|0|1|1,0|2|3|0|0,0,10,3.859050,0.000743,10,3.859333,0.000403
4,5,8,1,0|1|0|1|0,0|2|3|1|0,0,10,3.825579,0.000619,10,3.825135,0.000497
4,5,8,1,0|1|0|2|0,0|2|3|0|0,0,10,3.804530,0.000445,10,3.804420,0.000611
4,5,8,1,0|1|0|0|0,0|2|4|0|1,0,10,3.811803,0.000299,10,3.812363,0.000655
4,5,8,1,0|1|0|0|1,0|2|4|0|0,0,10,3.787657,0.000771,10,3.787772,0.000385
4,5,8,1,0|1|0|0|0,0|2|4|1|0,0,10,3.768570,0.000306,10,3.768048,0.000494
4,5,8,1,0|1|0|1|0,0|2|4|0|0,0,10,3.744371,0.000462,10,3.744169,0.000488
4,5,8,1,0|1|0|0|0,0|2|5|0|0,0,10,3.582852,0.000409,10,3.582533,0.000391
4,5,8,1,0|1|1|0|0,0|2|0|0|4,0,10,3.908307,0.001595,10,3.907721,0.001078
4,5,8,1,0|1|1|0|1,0|2|0|0|3,0,10,3.908672,0.001144,10,3.909314,0.000896
4,5,8,1,0|1|1|0|2,0|2|0|0|2,0,10,3.906113,0.000773,10,3.906986,0.000818
4,5,8,1,0|1|1|0|3,0|2|0|0|1,0,10,3.902909,0.000906,10,3.901797,0.000656
4,5,8,1,0|1|1|0|4,0|2|0|0|0,0,10,3.894494,0.000588,10,3.894260,0.000827
4,5,8,1,0|1|1|0|0,0|2|0|1|3,0,10,3.930895,0.001143,10,3.930867,0.001474
4,5,8,1,0|1|1|0|1,0|2|0|1|2,0,10,3.930709,0.000944,10,3.931135,0.000991
4,5,8,1,0|1|1|0|2,0|2|0|1|1,0,10,3.928036,0.001010,10,3.927910,0.001053
4,5,8,1,0|1|1|0|3,0|2|0|1|0,0,10,3.921638,0.000991,10,3.921762,0.001348
4,5,8,1,0|1|1|0|0,0|2|0|2|2,0,10,3.928939,0.000848,10,3.928567,0.000778
4,5,8,1,0|1|1|0|1,0|2|0|2|1,0,10,3.928665,0.001122,10,3.929488,0.000825
4,5,8,1,0|1|1|0|2,0|2|0|2|0,0,10,3.920275,0.000910,10,3.920053,0.000812
4,5,8,1,0|1|1|0|0,0|2|0|3|1,0,10,3.914695,0.000974,10,3.914398,0.001014
4,5,8,1,0|1|1|0|1,0|2|0|3|0,0,10,3.906063,0.000740,10,3.905796,0.000664
4,5,8,1,0|1|1|0|0,0|2|0|4|0,0,10,3.851823,0.000820,10,3.851504,0.000430
4,5,8,1,0|1|1|1|0,0|2|0|0|3,0,10,3.923376,0.000910,10,3.922933,0.001173
4,5,8,1,0|1|1|1|1,0|2|0|0|2,0,10,3.922552,0.001169,10,3.922202,0.000882
4,5,8,1,0|1|1|1|2,0|2|0|0|1,0,10,3.917866,0.001424,10,3.917078,0.000974
4,5,8,1,0|1|1|1|3,0|2|0|0|0,0,10,3.908220,0.000775,10,3.908275,0.000579
4,5,8,1,0|1|1|1|0,0|2|0|1|2,0,10,3.926808,0.001076,10,3.926498,0.000985
4,5,8,1,0|1|1|1|1,0|2|0|1|1,0,10,3.925182,0.001032,10,3.925306,0.001365
4,5,8,1,0|1|1|1|2,0|2|0|1|0,0,10,3.915793,0.000841,10,3.916002,0.000727
4,5,8,1,0|1|1|1|0,0|2|0|2|1,0,10,3.913462,0.000896,10,3.913040,0.000993
4,5,8,1,0|1|1|1|1,0|2|0|2|0,0,10,3.903437,0.000699,10,3.903717,0.000627
4,5,8,1,0|1|1|1|0,0|2|0|3|0,0,10,3.852183,0.000729,10,3.852758,0.000513
4,5,8,1,0|1|1|2|0,0|2|0|0|2,0,10,3.918445,0.001321,10,3.918899,0.000463
4,5,8,1,0|1|1|2|1,0|2|0|0|1,0,10,3.915819,0.000828,10,3.915556,0.000845
4,5,8,1,0|1|1|2|2,0|2|0|0|0,0,10,3.902215,0.000852,10,3.902725,0.000731
4,5,8,1,0|1|1|2|0,0|2|0|1|1,0,10,3.908538,0.000913,10,3.908123,0.000921
4,5,8,1,0|1|1|2|1,0|2|0|1|0,0,10,3.897668,0.000762,10,3.897274,0.000434
4,5,8,1,0|1|1|2|0,0|2|0|2|0,0,10,3.848130,0.000805,10,3.848456,0.000781
4,5,8,1,0|1|1|3|0,0|2|0|0|1,0,10,3.900338,0.000865,10,3.900081,0.000949
4,5,8,1,0|1|1|3|1,0|2|0|0|0,0,10,3.886773,0.000746,10,3.886337,0.000777
4,5,8,1,0|1|1|3|0,0|2|0|1|0,0,10,3.842527,0.000363,10,3.842847,0.000629
4,5,8,1,0|1|1|4|0,0|2|0|0|0,0,10,3.831995,0.000481,10,3.831723,0.000212
4,5,8,1,0|1|1|0|0,0|2|1|0|3,0,10,3.902800,0.001370,10,3.903149,0.000751
4,5,8,1,0|1|1|0|1,0|2|1|0|2,0,10,3.903697,0.000927,10,3.904023,0.001282
4,5,8,1,0|1|1|0|2,0|2|1|0|1,0,10,3.898418,0.000987,10,3.897935,0.001145
4,5,8,1,0|1|1|0|3,0|2|1|0|0,0,10,3.885442,0.001009,10,3.885853,0.001149
4,5,8,1,0|1|1|0|0,0|2|1|1|2,0,10,3.921390,0.001363,10,3.921542,0.000950
4,5,8,1,0|1|1|0|1,0|2|1|1|1,0,10,3.920702,0.001316,10,3.920593,0.001042
4,5,8,1,0|1|1|0|2,0|2|1|1|0,0,10,3.910909,0.000583,10,3.910016,0.000525
4,5,8,1,0|1|1|0|0,0|2|1|2|1,0,10,3.911309,0.000654,10,3.911144,0.000994
4,5,8,1,0|1|1|0|1,0|2|1|2|0,0,10,3.901860,0.000503,10,3.902033,0.000792
4,5,8,1,0|1|1|0|0,0|2|1|3|0,0,10,3.853914,0.000396,10,3.853963,0.000452
4,5,8,1,0|1|1|1|0,0|2|1|0|2,0,10,3.912365,0.000523,10,3.912595,0.001299
4,5,8,1,0|1|1|1|1,0|2|1|0|1,0,10,3.908778,0.001075,10,3.908162,0.001142
4,5,8,1,0|1|1|1|2,0|2|1|0|0,0,10,3.895050,0.001259,10,3.895294,0.001028
4,5,8,1,0|1|1|1|0,0|2|1|1|1,0,10,3.907127,0.000564,10,3.907824,0.000672
4,5,8,1,0|1|1|1|1,0|2|1|1|0,0,10,3.896938,0.000579,10,3.897130,0.000700
4,5,8,1,0|1|1|1|0,0|2|1|2|0,0,10,3.853332,0.000707,10,3.853008,0.000679
4,5,8,1,0|1|1|2|0,0|2|1|0|1,0,10,3.896288,0.000732,10,3.896637,0.000530
4,5,8,1,0|1|1|2|1,0|2|1|0|0,0,10,3.881810,0.000511,10,3.881725,0.000569
4,5,8,1,0|1|1|2|0,0|2|1|1|0,0,10,3.845555,0.000645,10,3.845692,0.000525
4,5,8,1,0|1|1|3|0,0|2|1|0|0,0,10,3.830948,0.000488,10,3.830663,0.000886
4,5,8,1,0|1|1|0|0,0|2|2|0|2,0,10,3.877990,0.000753,10,3.877346,0.001089
4,5,8,1,0|1|1|0|1,0|2|2|0|1,0,10,3.875178,0.000869,10,3.874908,0.001071
4,5,8,1,0|1|1|0|2,0|2|2|0|0,0,10,3.854690,0.000533,10,3.854893,0.000652
4,5,8,1,0|1|1|0|0,0|2|2|1|1,0,10,3.887959,0.000575,10,3.888249,0.000902
4,5,8,1,0|1|1|0|1,0|2|2|1|0,0,10,3.874925,0.000455,10,3.874946,0.000569
4,5,8,1,0|1|1|0|0,0|2|2|2|0,0,10,3.827410,0.000657,10,3.827347,0.000468
4,5,8,1,0|1|1|1|0,0|2|2|0|1,0,10,3.873377,0.000760,10,3.873273,0.000752
4,5,8,1,0|1|1|1|1,0|2|2|0|0,0,10,3.853765,0.000587,10,3.853869,0.000614
4,5,8,1,0|1|1|1|0,0|2|2|1|0,0,10,3.821843,0.000569,10,3.821531,0.000582
4,5,8,1,0|1|1|2|0,0|2|2|0|0,0,10,3.800655,0.000805,10,3.800564,0.000593
4,5,8,1,0|1|1|0|0,0|2|3|0|1,0,10,3.811745,0.000468,10,3.811209,0.000711
4,5,8,1,0|1|1|0|1,0|2|3|0|0,0,10,3.785972,0.000548,10,3.785869,0.000546
4,5,8,1,0|1|1|0|0,0|2|3|1|0,0,10,3.767517,0.000443,10,3.767418,0.000551
4,5,8,1,0|1|1|1|0,0|2|3|0|0,0,10,3.740887,0.000521,10,3.741041,0.000320
4,5,8,1,0|1|1|0|0,0|2|4|0|0,0,10,3.588563,0.000501,10,3.588663,0.000624
4,5,8,1,0|1|2|0|0,0|2|0|0|3,0,10,3.900292,0.001309,10,3.900309,0.001114
4,5,8,1,0|1|2|0|1,0|2|0|0|2,0,10,3.900720,0.000727,10,3.900166,0.001251
4,5,8,1,0|1|2|0|2,0|2|0|0|1,0,10,3.893934,0.000922,10,3.893902,0.001086
4,5,8,1,0|1|2|0|3,0|2|0|0|0,0,10,3.880046,0.000894,10,3.880209,0.000633
4,5,8,1,0|1|2|0|0,0|2|0|1|2,0,10,3.919585,0.001012,10,3.919326,0.000691
4,5,8,1,0|1|2|0|1,0|2|0|1|1,0,10,3.917861,0.000697,10,3.918302,0.000603
4,5,8,1,0|1|2|0|2,0|2|0|1|0,0,10,3.906608,0.000653,10,3.906804,0.000867
4,5,8,1,0|1|2|0|0,0|2|0|2|1,0,10,3.907502,0.000725,10,3.907913,0.000601
4,5,8,1,0|1|2|0|1,0|2|0|2|0,0,10,3.897570,0.000652,10,3.897725,0.000670
4,5,8,1,0|1|2|0|0,0|2|0|3|0,0,10,3.848108,0.000588,10,3.848220,0.000612
4,5,8,1,0|1|2|1|0,0|2|0|0|2,0,10,3.909405,0.000746,10,3.908967,0.001054
4,5,8,1,0|1|2|1|1,0|2|0|0|1,0,10,3.904837,0.000682,10,3.904755,0.000653
4,5,8,1,0|1|2|1|2,0|2|0|0|0,0,10,3.888889,0.000854,10,3.888977,0.000656
4,5,8,1,0|1|2|1|0,0|2|0|1|1,0,10,3.904175,0.000540,10,3.903469,0.001040
4,5,8,1,0|1|2|1|1,0|2|0|1|0,0,10,3.891512,0.001004,10,3.891741,0.000623
4,5,8,1,0|1|2|1|0,0|2|0|2|0,0,10,3.847278,0.000416,10,3.846939,0.000596
4,5,8,1,0|1|2|2|0,0|2|0|0|1,0,10,3.890499,0.000654,10,3.890640,0.000618
4,5,8,1,0|1|2|2|1,0|2|0|0|0,0,10,3.874051,0.000419,10,3.874202,0.000472
4,5,8,1,0|1|2|2|0,0|2|0|1|0,0,10,3.838369,0.000498,10,3.838519,0.000498
4,5,8,1,0|1|2|3|0,0|2|0|0|0,0,10,3.821317,0.000543,10,3.820901,0.000582
4,5,8,1,0|1|2|0|0,0|2|1|0|2,0,10,3.876226,0.000840,10,3.876683,0.001089
4,5,8,1,0|1|2|0|1,0|2|1|0|1,0,10,3.873506,0.001090,10,3.873552,0.000672
4,5,8,1,0|1|2|0|2,0|2|1|0|0,0,10,3.850945,0.000641,10,3.851504,0.000690
4,5,8,1,0|1|2|0|0,0|2|1|1|1,0,10,3.886233,0.000920,10,3.886589,0.000385
4,5,8,1,0|1|2|0|1,0|2|1|1|0,0,10,3.872818,0.000597,10,3.872791,0.000539
4,5,8,1,0|1|2|0|0,0|2|1|2|0,0,10,3.824537,0.000468,10,3.824814,0.000485
4,5,8,1,0|1|2|1|0,0|2|1|0|1,0,10,3.870242,0.000681,10,3.870800,0.000536
4,5,8,1,0|1|2|1|1,0|2|1|0|0,0,10,3.850135,0.000519,10,3.850290,0.000830
4,5,8,1,0|1|2|1|0,0|2|1|1|0,0,10,3.819005,0.000517,10,3.818694,0.000464
4,5,8,1,0|1|2|2|0,0|2|1|0|0,0,10,3.796189,0.000406,10,3.795858,0.000767
4,5,8,1,0|1|2|0|0,0|2|2|0|1,0,10,3.810735,0.000694,10,3.810763,0.000685
4,5,8,1,0|1|2|0|1,0|2|2|0|0,0,10,3.784484,0.000483,10,3.784890,0.000581
4,5,8,1,0|1|2|0|0,0|2|2|1|0,0,10,3.766164,0.000491,10,3.765946,0.000268
4,5,8,1,0|1|2|1|0,0|2|2|0|0,0,10,3.738472,0.000362,10,3.738735,0.000376
4,5,8,1,0|1|2|0|0,0|2|3|0|0,0,10,3.590938,0.000464,10,3.590890,0.000432
4,5,8,1,0|1|3|0|0,0|2|0|0|2,0,10,3.874468,0.000644,10,3.874647,0.000966
4,5,8,1,0|1|3|0|1,0|2|0|0|1,0,10,3.871834,0.001022,10,3.871867,0.000721
4,5,8,1,0|1|3|0|2,0|2|0|0|0,0,10,3.848338,0.000821,10,3.848272,0.000740
4,5,8,1,0|1|3|0|0,0|2|0|1|1,0,10,3.884713,0.000967,10,3.884855,0.000739
4,5,8,1,0|1|3|0|1,0|2|0|1|0,0,10,3.870606,0.000608,10,3.870584,0.000485
4,5,8,1,0|1|3|0|0,0|2|0|2|0,0,10,3.822142,0.000557,10,3.822068,0.000526
4,5,8,1,0|1|3|1|0,0|2|0|0|1,0,10,3.868568,0.000873,10,3.868623,0.000566
4,5,8,1,0|1|3|1|1,0|2|0|0|0,0,10,3.847980,0.000513,10,3.847972,0.000419
4,5,8,1,0|1|3|1|0,0|2|0|1|0,0,10,3.816800,0.000428,10,3.817036,0.000506
4,5,8,1,0|1|3|2|0,0|2|0|0|0,0,10,3.792095,0.000597,10,3.792331,0.000627
4,5,8,1,0|1|3|0|0,0|2|1|0|1,0,10,3.810515,0.000519,10,3.810258,0.000709
4,5,8,1,0|1|3|0|1,0|2|1|0|0,0,10,3.784165,0.000547,10,3.783563,0.000686
4,5,8,1,0|1|3|0|0,0|2|1|1|0,0,10,3.765626,0.000449,10,3.765563,0.000312
4,5,8,1,0|1|3|1|0,0|2|1|0|0,0,10,3.737936,0.000465,10,3.737559,0.000629
4,5,8,1,0|1|3|0|0,0|2|2|0|0,0,10,3.591779,0.000446,10,3.591807,0.000279
4,5,8,1,0|1|4|0|0,0|2|0|0|1,0,10,3.810038,0.000253,10,3.809626,0.000735
4,5,8,1,0|1|4|0|1,0|2|0|0|0,0,10,3.783034,0.000391,10,3.783004,0.000860
4,5,8,1,0|1|4|0|0,0|2|0|1|0,0,10,3.764552,0.000527,10,3.764608,0.000460
4,5,8,1,0|1|4|1|0,0|2|0|0|0,0,10,3.736673,0.000311,10,3.736825,0.000484
4,5,8,1,0|1|4|0|0,0|2|1|0|0,0,10,3.591856,0.000496,10,3.591894,0.000524
4,5,8,1,0|1|5|0|0,0|2|0|0|0,0,10,3.591728,0.000421,10,3.591668,0.000620
4,5,8,1,0|1|0|0|0,0|3|0|0|4,0,10,3.874663,0.001306,10,3.874622,0.000850
4,5,8,1,0|1|0|0|1,0|3|0|0|3,0,10,3.877090,0.001045,10,3.877754,0.001119
4,5,8,1,0|1|0|0|2,0|3|0|0|2,0,10,3.874771,0.000648,10,3.873970,0.001058
4,5,8,1,0|1|0|0|3,0|3|0|0|1,0,10,3.869079,0.000941,10,3.868983,0.000426
4,5,8,1,0|1|0|0|4,0|3|0|0|0,0,10,3.859073,0.000734,10,3.859226,0.000646
4,5,8,1,0|1|0|0|0,0|3|0|1|3,0,10,3.916444,0.001054,10,3.916141,0.000573
4,5,8,1,0|1|0|0|1,0|3|0|1|2,0,10,3.917072,0.001062,10,3.917254,0.000831
4,5,8,1,0|1|0|0|2,0|3|0|1|1,0,10,3.912782,0.000849,10,3.912757,0.001015
4,5,8,1,0|1|0|0|3,0|3|0|1|0,0,10,3.904032,0.000946,10,3.904571,0.001025
4,5,8,1,0|1|0|0|0,0|3|0|2|2,0,10,3.911759,0.001053,10,3.911448,0.001295
4,5,8,1,0|1|0|0|1,0|3|0|2|1,0,10,3.910994,0.000757,10,3.910511,0.000835
4,5,8,1,0|1|0|0|2,0|3|0|2|0,0,10,3.898250,0.001081,10,3.897418,0.000866
4,5,8,1,0|1|0|0|0,0|3|0|3|1,0,10,3.883608,0.000640,10,3.883517,0.000949
4,5,8,1,0|1|0|0|1,0|3|0|3|0,0,10,3.870021,0.001011,10,3.870447,0.000624
4,5,8,1,0|1|0|0|0,0|3|0|4|0,0,10,3.772387,0.000335,10,3.772363,0.000417
4,5,8,1,0|1|0|1|0,0|3|0|0|3,0,10,3.908832,0.000873,10,3.908462,0.000760
4,5,8,1,0|1|0|1|1,0|3|0|0|2,0,10,3.907974,0.001299,10,3.907725,0.001176
4,5,8,1,0|1|0|1|2,0|3|0|0|1,0,10,3.902285,0.000985,10,3.902130,0.001435
4,5,8,1,0|1|0|1|3,0|3|0|0|0,0,10,3.890484,0.000769,10,3.889927,0.001012
4,5,8,1,0|1|0|1|0,0|3|0|1|2,0,10,3.909398,0.000804,10,3.909513,0.000994
4,5,8,1,0|1|0|1|1,0|3|0|1|1,0,10,3.907781,0.000776,10,3.907247,0.000813
4,5,8,1,0|1|0|1|2,0|3|0|1|0,0,10,3.894558,0.000871,10,3.894054,0.000754
4,5,8,1,0|1|0|1|0,0|3|0|2|1,0,10,3.882692,0.001114,10,3.882678,0.000622
4,5,8,1,0|1|0|1|1,0|3|0|2|0,0,10,3.868621,0.000729,10,3.868476,0.000813
4,5,8,1,0|1|0|1|0,0|3|0|3|0,0,10,3.774284,0.000266,10,3.774183,0.000344
4,5,8,1,0|1|0|2|0,0|3|0|0|2,0,10,3.901796,0.000789,10,3.901753,0.000638
4,5,8,1,0|1|0|2|1,0|3|0|0|1,0,10,3.898592,0.000494,10,3.898844,0.000487
4,5,8,1,0|1|0|2|2,0|3|0|0|0,0,10,3.880157,0.000753,10,3.880945,0.000618
4,5,8,1,0|1|0|2|0,0|3|0|1|1,0,10,3.878585,0.000536,10,3.878274,0.000482
4,5,8,1,0|1|0|2|1,0|3|0|1|0,0,10,3.862637,0.000550,10,3.862435,0.000710
4,5,8,1,0|1|0|2|0,0|3|0|2|0,0,10,3.772066,0.000499,10,3.772426,0.000336
4,5,8,1,0|1|0|3|0,0|3|0|0|1,0,10,3.872081,0.000613,10,3.871563,0.001213
4,5,8,1,0|1|0|3|1,0|3|0|0|0,0,10,3.853842,0.000567,10,3.853995,0.000573
4,5,8,1,0|1|0|3|0,0|3|0|1|0,0,10,3.768362,0.000251,10,3.768512,0.000348
4,5,8,1,0|1|0|4|0,0|3|0|0|0,0,10,3.760470,0.000587,10,3.760513,0.000327
4,5,8,1,0|1|0|0|0,0|3|1|0|3,0,10,3.897325,0.001097,10,3.897495,0.000609
4,5,8,1,0|1|0|0|1,0|3|1|0|2,0,10,3.898544,0.001057,10,3.898533,0.000946
4,5,8,1,0|1|0|0|2,0|3|1|0|1,0,10,3.893593,0.000731,10,3.893331,0.000832
4,5,8,1,0|1|0|0|3,0|3|1|0|0,0,10,3.880288,0.000679,10,3.880663,0.000438
4,5,8,1,0|1|0|0|0,0|3|1|1|2,0,10,3.919010,0.001019,10,3.918739,0.001329
4,5,8,1,0|1|0|0|1,0|3|1|1|1,0,10,3.918307,0.000774,10,3.918243,0.001021
4,5,8,1,0|1|0|0|2,0|3|1|1|0,0,10,3.907946,0.000606,10,3.908594,0.000743
4,5,8,1,0|1|0|0|0,0|3|1|2|1,0,10,3.907641,0.000896,10,3.908119,0.001068
4,5,8,1,0|1|0|0|1,0|3|1|2|0,0,10,3.898899,0.000816,10,3.898314,0.000662
4,5,8,1,0|1|0|0|0,0|3|1|3|0,0,10,3.844240,0.000322,10,3.844155,0.000429
4,5,8,1,0|1|0|1|0,0|3|1|0|2,0,10,3.910985,0.001015,10,3.910746,0.001232
4,5,8,1,0|1|0|1|1,0|3|1|0|1,0,10,3.907794,0.000388,10,3.907052,0.000872
4,5,8,1,0|1|0|1|2,0|3|1|0|0,0,10,3.893760,0.000554,10,3.893753,0.000880
4,5,8,1,0|1|0|1|0,0|3|1|1|1,0,10,3.904953,0.000439,10,3.905223,0.000584
4,5,8,1,0|1|0|1|1,0|3|1|1|0,0,10,3.894436,0.000535,10,3.894759,0.000538
4,5,8,1,0|1|0|1|0,0|3|1|2|0,0,10,3.844474,0.000773,10,3.844672,0.000605
4,5,8,1,0|1|0|2|0,0|3|1|0|1,0,10,3.894530,0.000648,10,3.894433,0.000680
4,5,8,1,0|1|0|2|1,0|3|1|0|0,0,10,3.879769,0.000774,10,3.879759,0.000852
4,5,8,1,0|1|0|2|0,0|3|1|1|0,0,10,3.838020,0.000637,10,3.837465,0.000598
4,5,8,1,0|1|0|3|0,0|3|1|0|0,0,10,3.823632,0.000478,10,3.823845,0.000333
4,5,8,1,0|1|0|0|0,0|3|2|0|2,0,10,3.875694,0.000412,10,3.875836,0.000598
4,5,8,1,0|1|0|0|1,0|3|2|0|1,0,10,3.873685,0.000974,10,3.874399,0.000922
4,5,8,1,0|1|0|0|2,0|3|2|0|0,0,10,3.853479,0.000735,10,3.853589,0.000436
4,5,8,1,0|1|0|0|0,0|3|2|1|1,0,10,3.888284,0.000404,10,3.887827,0.000784
4,5,8,1,0|1|0|0|1,0|3|2|1|0,0,10,3.875743,0.001072,10,3.875503,0.000960
4,5,8,1,0|1|0|0|0,0|3|2|2|0,0,10,3.824835,0.000461,10,3.825224,0.000565
4,5,8,1,0|1|0|1|0,0|3|2|0|1,0,10,3.874895,0.000474,10,3.874920,0.000590
4,5,8,1,0|1|0|1|1,0|3|2|0|0,0,10,3.856691,0.000792,10,3.856240,0.000415
4,5,8,1,0|1|0|1|0,0|3|2|1|0,0,10,3.821722,0.000512,10,3.821346,0.000249
4,5,8,1,0|1|0|2|0,0|3|2|0|0,0,10,3.800866,0.000450,10,3.800874,0.000509
4,5,8,1,0|1|0|0|0,0|3|3|0|1,0,10,3.810978,0.000447,10,3.810562,0.000456
4,5,8,1,0|1|0|0|1,0|3|3|0|0,0,10,3.786557,0.000733,10,3.786195,0.000733
4,5,8,1,0|1|0|0|0,0|3|3|1|0,0,10,3.767022,0.000254,10,3.766969,0.000576
4,5,8,1,0|1|0|1|0,0|3|3|0|0,0,10,3.742556,0.000281,10,3.742583,0.000327
4,5,8,1,0|1|0|0|0,0|3|4|0|0,0,10,3.582154,0.000419,10,3.582074,0.000531
4,5,8,1,0|1|1|0|0,0|3|0|0|3,0,10,3.892680,0.000627,10,3.892378,0.000807
4,5,8,1,0|1|1|0|1,0|3|0|0|2,0,10,3.892394,0.000802,10,3.893498,0.000740
4,5,8,1,0|1|1|0|2,0|3|0|0|1,0,10,3.886188,0.000483,10,3.885530,0.000934
4,5,8,1,0|1|1|0|3,0|3|0|0|0,0,10,3.871691,0.000956,10,3.871110,0.000672
4,5,8,1,0|1|1|0|0,0|3|0|1|2,0,10,3.913989,0.000797,10,3.913863,0.000760
4,5,8,1,0|1|1|0|1,0|3|0|1|1,0,10,3.911882,0.000961,10,3.911859,0.001082
4,5,8,1,0|1|1|0|2,0|3|0|1|0,0,10,3.900147,0.000461,10,3.900409,0.000730
4,5,8,1,0|1|1|0|0,0|3|0|2|1,0,10,3.900358,0.000536,10,3.900767,0.000647
4,5,8,1,0|1|1|0|1,0|3|0|2|0,0,10,3.889475,0.000608,10,3.889531,0.000579
4,5,8,1,0|1|1|0|0,0|3|0|3|0,0,10,3.832474,0.000631,10,3.832701,0.000391
4,5,8,1,0|1|1|1|0,0|3|0|0|2,0,10,3.902846,0.000711,10,3.902917,0.001068
4,5,8,1,0|1|1|1|1,0|3|0|0|1,0,10,3.897642,0.000588,10,3.897359,0.000762
4,5,8,1,0|1|1|1|2,0|3|0|0|0,0,10,3.881376,0.000617,10,3.881591,0.000809
4,5,8,1,0|1|1|1|0,0|3|0|1|1,0,10,3.895973,0.000519,10,3.895828,0.000799
4,5,8,1,0|1|1|1|1,0|3|0|1|0,0,10,3.883037,0.000441,10,3.882707,0.000585
4,5,8,1,0|1|1|1|0,0|3|0|2|0,0,10,3.831000,0.000290,10,3.830730,0.000705
4,5,8,1,0|1|1|2|0,0|3|0|0|1,0,10,3.883248,0.000818,10,3.882914,0.000740
4,5,8,1,0|1|1|2|1,0|3|0|0|0,0,10,3.865837,0.000750,10,3.865801,0.000908
4,5,8,1,0|1|1|2|0,0|3|0|1|0,0,10,3.822843,0.000899,10,3.823073,0.000478
4,5,8,1,0|1|1|3|0,0|3|0|0|0,0,10,3.807168,0.000690,10,3.807257,0.000571
4,5,8,1,0|1|1|0|0,0|3|1|0|2,0,10,3.874786,0.001159,10,3.874374,0.000521
4,5,8,1,0|1|1|0|1,0|3|1|0|1,0,10,3.871674,0.000500,10,3.871592,0.000890
4,5,8,1,0|1|1|0|2,0|3|1|0|0,0,10,3.849918,0.001078,10,3.850581,0.000810
4,5,8,1,0|1|1|0|0,0|3|1|1|1,0,10,3.885110,0.000648,10,3.885210,0.000880
4,5,8,1,0|1|1|0|1,0|3|1|1|0,0,10,3.871363,0.000561,10,3.871371,0.000863
4,5,8,1,0|1|1|0|0,0|3|1|2|0,0,10,3.822161,0.000586,10,3.822555,0.000370
4,5,8,1,0|1|1|1|0,0|3|1|0|1,0,10,3.869913,0.000588,10,3.869144,0.000560
4,5,8,1,0|1|1|1|1,0|3|1|0|0,0,10,3.849768,0.000709,10,3.849240,0.000719
4,5,8,1,0|1|1|1|0,0|3|1|1|0,0,10,3.816217,0.000616,10,3.816401,0.000311
4,5,8,1,0|1|1|2|0,0|3|1|0|0,0,10,3.795301,0.000529,10,3.795220,0.000428
4,5,8,1,0|1|1|0|0,0|3|2|0|1,0,10,3.810492,0.000275,10,3.809898,0.000817
4,5,8,1,0|1|1|0|1,0|3|2|0|0,0,10,3.784214,0.000516,10,3.784483,0.000498
4,5,8,1,0|1|1|0|0,0|3|2|1|0,0,10,3.765919,0.000385,10,3.765634,0.000559
4,5,8,1,0|1|1|1|0,0|3|2|0|0,0,10,3.738928,0.000331,10,3.738899,0.000600
4,5,8,1,0|1|1|0|0,0|3|3|0|0,0,10,3.587995,0.000682,10,3.587696,0.000651
4,5,8,1,0|1|2|0|0,0|3|0|0|2,0,10,3.870944,0.000851,10,3.870346,0.000989
4,5,8,1,0|1|2|0|1,0|3|0|0|1,0,10,3.867077,0.000770,10,3.866973,0.001047
4,5,8,1,0|1|2|0|2,0|3|0|0|0,0,10,3.843609,0.000635,10,3.844020,0.000567
4,5,8,1,0|1|2|0|0,0|3|0|1|1,0,10,3.881015,0.000864,10,3.881181,0.000667
4,5,8,1,0|1|2|0|1,0|3|0|1|0,0,10,3.866427,0.000738,10,3.866471,0.000477
4,5,8,1,0|1|2|0|0,0|3|0|2|0,0,10,3.816396,0.000554,10,3.816109,0.000618
4,5,8,1,0|1|2|1|0,0|3|0|0|1,0,10,3.864024,0.000753,10,3.863983,0.000573
4,5,8,1,0|1|2|1|1,0|3|0|0|0,0,10,3.842099,0.000408,10,3.842435,0.000587
4,5,8,1,0|1|2|1|0,0|3|0|1|0,0,10,3.810192,0.000567,10,3.809903,0.000634
4,5,8,1,0|1|2|2|0,0|3|0|0|0,0,10,3.785448,0.000525,10,3.785875,0.000535
4,5,8,1,0|1|2|0|0,0|3|1|0|1,0,10,3.808721,0.000684,10,3.808818,0.000619
4,5,8,1,0|1|2|0|1,0|3|1|0|0,0,10,3.782316,0.000524,10,3.782165,0.000593
4,5,8,1,0|1|2|0|0,0|3|1|1|0,0,10,3.763783,0.000456,10,3.763694,0.000650
4,5,8,1,0|1|2|1|0,0|3|1|0|0,0,10,3.735791,0.000596,10,3.735804,0.000390
4,5,8,1,0|1|2|0|0,0|3|2|0|0,0,10,3.590008,0.000270,10,3.590127,0.000619
4,5,8,1,0|1|3|0|0,0|3|0|0|1,0,10,3.807300,0.000377,10,3.807389,0.000594
4,5,8,1,0|1|3|0|1,0|3|0|0|0,0,10,3.780158,0.000730,10,3.779953,0.000639
4,5,8,1,0|1|3|0|0,0|3|0|1|0,0,10,3.761790,0.000311,10,3.761832,0.000423
4,5,8,1,0|1|3|1|0,0|3|0|0|0,0,10,3.733497,0.000628,10,3.733447,0.000317
4,5,8,1,0|1|3|0|0,0|3|1|0|0,0,10,3.590218,0.000328,10,3.590408,0.000318
4,5,8,1,0|1|4|0|0,0|3|0|0|0,0,10,3.589676,0.000416,10,3.589622,0.000494
4,5,8,1,0|1|0|0|0,0|4|0|0|3,0,10,3.853212,0.001260,10,3.853288,0.000742
4,5,8,1,0|1|0|0|1,0|4|0|0|2,0,10,3.855493,0.000491,10,3.855526,0.000662
4,5,8,1,0|1|0|0|2,0|4|0|0|1,0,10,3.847790,0.000641,10,3.847535,0.000706
4,5,8,1,0|1|0|0|3,0|4|0|0|0,0,10,3.829139,0.000806,10,3.828988,0.000698
4,5,8,1,0|1|0|0|0,0|4|0|1|2,0,10,3.893053,0.001240,10,3.893209,0.000858
4,5,8,1,0|1|0|0|1,0|4|0|1|1,0,10,3.891254,0.000771,10,3.891742,0.000867
4,5,8,1,0|1|0|0|2,0|4|0|1|0,0,10,3.875641,0.000582,10,3.875731,0.000430
4,5,8,1,0|1|0|0|0,0|4|0|2|1,0,10,3.869816,0.000361,10,3.869997,0.000951
4,5,8,1,0|1|0|0|1,0|4|0|2|0,0,10,3.853984,0.000286,10,3.853758,0.000890
4,5,8,1,0|1|0|0|0,0|4|0|3|0,0,10,3.755739,0.000657,10,3.755667,0.000391
4,5,8,1,0|1|0|1|0,0|4|0|0|2,0,10,3.882228,0.000727,10,3.882121,0.000862
4,5,8,1,0|1|0|1|1,0|4|0|0|1,0,10,3.877028,0.000934,10,3.877110,0.000759
4,5,8,1,0|1|0|1|2,0|4|0|0|0,0,10,3.856551,0.001075,10,3.856856,0.001076
4,5,8,1,0|1|0|1|0,0|4|0|1|1,0,10,3.865853,0.000715,10,3.866486,0.000634
4,5,8,1,0|1|0|1|1,0|4|0|1|0,0,10,3.849039,0.000455,10,3.848504,0.000596
4,5,8,1,0|1|0|1|0,0|4|0|2|0,0,10,3.756694,0.000516,10,3.756635,0.000633
4,5,8,1,0|1|0|2|0,0|4|0|0|1,0,10,3.854007,0.000773,10,3.854431,0.000657
4,5,8,1,0|1|0|2|1,0|4|0|0|0,0,10,3.832273,0.000827,10,3.832333,0.000430
4,5,8,1,0|1|0|2|0,0|4|0|1|0,0,10,3.750972,0.000390,10,3.751049,0.000674
4,5,8,1,0|1|0|3|0,0|4|0|0|0,0,10,3.738993,0.000458,10,3.739031,0.000387
4,5,8,1,0|1|0|0|0,0|4|1|0|2,0,10,3.867354,0.000509,10,3.867707,0.001169
4,5,8,1,0|1|0|0|1,0|4|1|0|1,0,10,3.864979,0.000872,10,3.864482,0.000534
4,5,8,1,0|1|0|0|2,0|4|1|0|0,0,10,3.843095,0.000694,10,3.843563,0.000827
4,5,8,1,0|1|0|0|0,0|4|1|1|1,0,10,3.879586,0.000361,10,3.879422,0.001241
4,5,8,1,0|1|0|0|1,0|4|1|1|0,0,10,3.865949,0.000650,10,3.866016,0.000603
4,5,8,1,0|1|0|0|0,0|4|1|2|0,0,10,3.811371,0.000667,10,3.811199,0.000597
4,5,8,1,0|1|0|1|0,0|4|1|0|1,0,10,3.865505,0.000548,10,3.865753,0.000828
4,5,8,1,0|1|0|1|1,0|4|1|0|0,0,10,3.845858,0.000572,10,3.845583,0.000553
4,5,8,1,0|1|0|1|0,0|4|1|1|0,0,10,3.807089,0.000863,10,3.806934,0.000655
4,5,8,1,0|1|0|2|0,0|4|1|0|0,0,10,3.786547,0.000675,10,3.786645,0.000544
4,5,8,1,0|1|0|0|0,0|4|2|0|1,0,10,3.806978,0.000506,10,3.807276,0.000553
4,5,8,1,0|1|0|0|1,0|4|2|0|0,0,10,3.781875,0.000412,10,3.781921,0.000535
4,5,8,1,0|1|0|0|0,0|4|2|1|0,0,10,3.762128,0.000676,10,3.762171,0.000562
4,5,8,1,0|1|0|1|0,0|4|2|0|0,0,10,3.737580,0.000526,10,3.737570,0.000533
4,5,8,1,0|1|0|0|0,0|4|3|0|0,0,10,3.580260,0.000529,10,3.580250,0.000388
4,5,8,1,0|1|1|0|0,0|4|0|0|2,0,10,3.859522,0.000717,10,3.859225,0.000887
4,5,8,1,0|1|1|0|1,0|4|0|0|1,0,10,3.854798,0.000447,10,3.855046,0.000826
4,5,8,1,0|1|1|0|2,0|4|0|0|0,0,10,3.831242,0.000817,10,3.831254,0.000684
4,5,8,1,0|1|1|0|0,0|4|0|1|1,0,10,3.871090,0.000552,10,3.870810,0.000737
4,5,8,1,0|1|1|0|1,0|4|0|1|0,0,10,3.855045,0.000560,10,3.854648,0.000609
4,5,8,1,0|1|1|0|0,0|4|0|2|0,0,10,3.798695,0.000612,10,3.798722,0.000618
4,5,8,1,0|1|1|1|0,0|4|0|0|1,0,10,3.852993,0.000677,10,3.852763,0.000675
4,5,8,1,0|1|1|1|1,0|4|0|0|0,0,10,3.829003,0.000682,10,3.829415,0.000563
4,5,8,1,0|1|1|1|0,0|4|0|1|0,0,10,3.791428,0.000405,10,3.791753,0.000384
4,5,8,1,0|1|1|2|0,0|4|0|0|0,0,10,3.768587,0.000649,10,3.768571,0.000545
4,5,8,1,0|1|1|0|0,0|4|1|0|1,0,10,3.805052,0.000598,10,3.804851,0.000766
4,5,8,1,0|1|1|0|1,0|4|1|0|0,0,10,3.778151,0.000507,10,3.778428,0.000502
4,5,8,1,0|1|1|0|0,0|4|1|1|0,0,10,3.758942,0.000486,10,3.759232,0.000541
4,5,8,1,0|1|1|1|0,0|4|1|0|0,0,10,3.731549,0.000366,10,3.731890,0.000503
4,5,8,1,0|1|1|0|0,0|4|2|0|0,0,10,3.584919,0.000281,10,3.585206,0.000591
4,5,8,1,0|1|2|0|0,0|4|0|0|1,0,10,3.800096,0.000864,10,3.800197,0.000558
4,5,8,1,0|1|2|0|1,0|4|0|0|0,0,10,3.771891,0.000538,10,3.771677,0.000695
4,5,8,1,0|1|2|0|0,0|4|0|1|0,0,10,3.753121,0.000271,10,3.753681,0.000447
4,5,8,1,0|1|2|1|0,0|4|0|0|0,0,10,3.723993,0.000493,10,3.724120,0.000589
4,5,8,1,0|1|2|0|0,0|4|1|0|0,0,10,3.585838,0.000398,10,3.585981,0.000514
4,5,8,1,0|1|3|0|0,0|4|0|0|0,0,10,3.584570,0.000605,10,3.584301,0.000474
4,5,8,1,0|1|0|0|0,0|5|0|0|2,0,10,3.809952,0.000736,10,3.809587,0.000748
4,5,8,1,0|1|0|0|1,0|5|0|0|1,0,10,3.807497,0.000635,10,3.807460,0.000762
4,5,8,1,0|1|0|0|2,0|5|0|0|0,0,10,3.778425,0.000976,10,3.778628,0.000656
4,5,8,1,0|1|0|0|0,0|5|0|1|1,0,10,3.836517,0.000731,10,3.836675,0.000916
4,5,8,1,0|1|0|0|1,0|5|0|1|0,0,10,3.816290,0.000347,10,3.815819,0.000678
4,5,8,1,0|1|0|0|0,0|5|0|2|0,0,10,3.723922,0.000473,10,3.723830,0.000705
4,5,8,1,0|1|0|1|0,0|5|0|0|1,0,10,3.818159,0.000547,10,3.818475,0.000440
4,5,8,1,0|1|0|1|1,0|5|0|0|0,0,10,3.790398,0.000589,10,3.790769,0.000742
4,5,8,1,0|1|0|1|0,0|5|0|1|0,0,10,3.719752,0.000636,10,3.719846,0.000343
4,5,8,1,0|1|0|2|0,0|5|0|0|0,0,10,3.700540,0.000386,10,3.700408,0.000443
4,5,8,1,0|1|0|0|0,0|5|1|0|1,0,10,3.791906,0.000860,10,3.791855,0.000404
4,5,8,1,0|1|0|0|1,0|5|1|0|0,0,10,3.765245,0.000665,10,3.765128,0.000679
4,5,8,1,0|1|0|0|0,0|5|1|1|0,0,10,3.744233,0.000459,10,3.743903,0.000365
4,5,8,1,0|1|0|1|0,0|5|1|0|0,0,10,3.718574,0.000686,10,3.718452,0.000513
4,5,8,1,0|1|0|0|0,0|5|2|0|0,0,10,3.572233,0.000525,10,3.572055,0.000475
4,5,8,1,0|1|1|0|0,0|5|0|0|1,0,10,3.781391,0.000560,10,3.781182,0.000657
4,5,8,1,0|1|1|0|1,0|5|0|0|0,0,10,3.750549,0.000567,10,3.750431,0.000351
4,5,8,1,0|1|1|0|0,0|5|0|1|0,0,10,3.730771,0.000546,10,3.730869,0.000681
4,5,8,1,0|1|1|1|0,0|5|0|0|0,0,10,3.700144,0.000525,10,3.700277,0.000459
4,5,8,1,0|1|1|0|0,0|5|1|0|0,0,10,3.575565,0.000544,10,3.575279,0.000518
4,5,8,1,0|1|2|0|0,0|5|0|0|0,0,10,3.570704,0.000647,10,3.571053,0.000541
4,5,8,1,0|1|0|0|0,0|6|0|0|1,0,10,3.711859,0.000565,10,3.711676,0.000615
4,5,8,1,0|1|0|0|1,0|6|0|0|0,0,10,3.678222,0.000670,10,3.677936,0.000667
4,5,8,1,0|1|0|0|0,0|6|0|1|0,0,10,3.650430,0.000453,10,3.650566,0.000530
4,5,8,1,0|1|0|1|0,0|6|0|0|0,0,10,3.622769,0.000403,10,3.622817,0.000320
4,5,8,1,0|1|0|0|0,0|6|1|0|0,0,10,3.543507,0.000586,10,3.543632,0.000872
4,5,8,1,0|1|1|0|0,0|6|0|0|0,0,10,3.533049,0.000430,10,3.533126,0.000637
4,5,8,1,0|1|0|0|0,0|7|0|0|0,0,10,3.395989,0.000626,10,3.396194,0.000416
4,5,8,1,0|2|0|0|0,0|0|0|0|6,0,10,3.895433,0.001169,10,3.894372,0.001111
4,5,8,1,0|2|0|0|1,0|0|0|0|5,0,10,3.896183,0.001275,10,3.895000,0.001185
4,5,8,1,0|2|0|0|2,0|0|0|0|4,0,10,3.895405,0.001264,10,3.895056,0.001491
4,5,8,1,0|2|0|0|3,0|0|0|0|3,0,10,3.895196,0.001591,10,3.894623,0.001132
4,5,8,1,0|2|0|0|4,0|0|0|0|2,0,10,3.892875,0.001102,10,3.893813,0.000569
4,5,8,1,0|2|0|0|5,0|0|0|0|1,0,10,3.891365,0.001377,10,3.892051,0.000683
4,5,8,1,0|2|0|0|6,0|0|0|0|0,0,10,3.888846,0.001323,10,3.887888,0.000793
4,5,8,1,0|2|0|0|0,0|0|0|1|5,0,10,3.931491,0.001627,10,3.931424,0.000666
4,5,8,1,0|2|0|0|1,0|0|0|1|4,0,10,3.932598,0.001720,10,3.932918,0.001533
4,5,8,1,0|2|0|0|2,0|0|0|1|3,0,10,3.932517,0.000791,10,3.932424,0.001050
4,5,8,1,0|2|0|0|3,0|0|0|1|2,0,10,3.931340,0.001241,10,3.931419,0.001291
4,5,8,1,0|2|0|0|4,0|0|0|1|1,0,10,3.930661,0.001614,10,3.930411,0.001043
4,5,8,1,0|2|0|0|5,0|0|0|1|0,0,10,3.928007,0.000866,10,3.928151,0.001048
4,5,8,1,0|2|0|0|0,0|0|0|2|4,0,10,3.935246,0.001005,10,3.935261,0.001316
4,5,8,1,0|2|0|0|1,0|0|0|2|3,0,10,3.936065,0.000656,10,3.936785,0.000868
4,5,8,1,0|2|0|0|2,0|0|0|2|2,0,10,3.934947,0.001452,10,3.934435,0.000808
4,5,8,1,0|2|0|0|3,0|0|0|2|1,0,10,3.932859,0.001697,10,3.933351,0.000873
4,5,8,1,0|2|0|0|4,0|0|0|2|0,0,10,3.929846,0.000892,10,3.929528,0.000820
4,5,8,1,0|2|0|0|0,0|0|0|3|3,0,10,3.931416,0.000634,10,3.931894,0.000771
4,5,8,1,0|2|0|0|1,0|0|0|3|2,0,10,3.933433,0.001330,10,3.933502,0.001584
4,5,8,1,0|2|0|0|2,0|0|0|3|1,0,10,3.929963,0.001235,10,3.930218,0.001431
4,5,8,1,0|2|0|0|3,0|0|0|3|0,0,10,3.924311,0.000686,10,3.924966,0.000805
4,5,8,1,0|2|0|0|0,0|0|0|4|2,0,10,3.922487,0.001110,10,3.921511,0.001047
4,5,8,1,0|2|0|0|1,0|0|0|4|1,0,10,3.922202,0.001183,10,3.921563,0.001087
4,5,8,1,0|2|0|0|2,0|0|0|4|0,0,10,3.911295,0.001065,10,3.911551,0.000671
4,5,8,1,0|2|0|0|0,0|0|0|5|1,0,10,3.894595,0.000619,10,3.894162,0.000867
4,5,8,1,0|2|0|0|1,0|0|0|5|0,0,10,3.882861,0.000985,10,3.882796,0.000842
4,5,8,1,0|2|0|0|0,0|0|0|6|0,0,10,3.787645,0.000370,10,3.787514,0.000510
4,5,8,1,0|2|0|1|0,0|0|0|0|5,0,10,3.926912,0.000837,10,3.926905,0.000939
4,5,8,1,0|2|0|1|1,0|0|0|0|4,0,10,3.927507,0.001659,10,3.927706,0.000949
4,5,8,1,0|2|0|1|2,0|0|0|0|3,0,10,3.926925,0.001506,10,3.927069,0.001366
4,5,8,1,0|2|0|1|3,0|0|0|0|2,0,10,3.925578,0.001518,10,3.925786,0.000860
4,5,8,1,0|2|0|1|4,0|0|0|0|1,0,10,3.923972,0.001209,10,3.924424,0.001343
4,5,8,1,0|2|0|1|5,0|0|0|0|0,0,10,3.920776,0.001003,10,3.920429,0.001316
4,5,8,1,0|2|0|1|0,0|0|0|1|4,0,10,3.934985,0.001045,10,3.934294,0.001022
4,5,8,1,0|2|0|1|1,0|0|0|1|3,0,10,3.935529,0.000859,10,3.935665,0.001045
4,5,8,1,0|2|0|1|2,0|0|0|1|2,0,10,3.934365,0.000881,10,3.934335,0.001056
4,5,8,1,0|2|0|1|3,0|0|0|1|1,0,10,3.932059,0.001131,10,3.932318,0.000886
4,5,8,1,0|2|0|1|4,0|0|0|1|0,0,10,3.928549,0.001518,10,3.928270,0.001150
4,5,8,1,0|2|0|1|0,0|0|0|2|3,0,10,3.932020,0.001144,10,3.932509,0.001101
4,5,8,1,0|2|0|1|1,0|0|0|2|2,0,10,3.932495,0.001296,10,3.932851,0.001364
4,5,8,1,0|2|0|1|2,0|0|0|2|1,0,10,3.929827,0.000527,10,3.929750,0.000822
4,5,8,1,0|2|0|1|3,0|0|0|2|0,0,10,3.923702,0.001406,10,3.924391,0.001030
4,5,8,1,0|2|0|1|0,0|0|0|3|2,0,10,3.921820,0.001467,10,3.921968,0.001068
4,5,8,1,0|2|0|1|1,0|0|0|3|1,0,10,3.921539,0.000992,10,3.921452,0.001008
4,5,8,1,0|2|0|1|2,0|0|0|3|0,0,10,3.911796,0.000892,10,3.911355,0.000968
4,5,8,1,0|2|0|1|0,0|0|0|4|1,0,10,3.894583,0.000950,10,3.894208,0.000902
4,5,8,1,0|2|0|1|1,0|0|0|4|0,0,10,3.882347,0.000660,10,3.882525,0.000742
4,5,8,1,0|2|0|1|0,0|0|0|5|0,0,10,3.789191,0.000280,10,3.789438,0.000693
4,5,8,1,0|2|0|2|0,0|0|0|0|4,0,10,3.930390,0.001059,10,3.931098,0.001181
4,5,8,1,0|2|0|2|1,0|0|0|0|3,0,10,3.931220,0.001042,10,3.930783,0.001363
4,5,8,1,0|2|0|2|2,0|0|0|0|2,0,10,3.929494,0.000756,10,3.928900,0.000962
4,5,8,1,0|2|0|2|3,0|0|0|0|1,0,10,3.926161,0.001143,10,3.926110,0.000473
4,5,8,1,0|2|0|2|4,0|0|0|0|0,0,10,3.920440,0.000649,10,3.920270,0.001077
4,5,8,1,0|2|0|2|0,0|0|0|1|3,0,10,3.930695,0.000674,10,3.930476,0.001274
4,5,8,1,0|2|0|2|1,0|0|0|1|2,0,10,3.930553,0.001122,10,3.930492,0.001055
4,5,8,1,0|2|0|2|2,0|0|0|1|1,0,10,3.927687,0.000842,10,3.927465,0.001549
4,5,8,1,0|2|0|2|3,0|0|0|1|0,0,10,3.920169,0.001089,10,3.920455,0.000636
4,5,8,1,0|2|0|2|0,0|0|0|2|2,0,10,3.920058,0.001135,10,3.920608,0.000884
4,5,8,1,0|2|0|2|1,0|0|0|2|1,0,10,3.919434,0.000913,10,3.919343,0.001123
4,5,8,1,0|2|0|2|2,0|0|0|2|0,0,10,3.908534,0.000731,10,3.908595,0.001018
4,5,8,1,0|2|0|2|0,0|0|0|3|1,0,10,3.892666,0.000963,10,3.892679,0.000411
4,5,8,1,0|2|0|2|1,0|0|0|3|0,0,10,3.879514,0.001139,10,3.879897,0.000506
4,5,8,1,0|2|0|2|0,0|0|0|4|0,0,10,3.788909,0.000553,10,3.788827,0.000437
4,5,8,1,0|2|0|3|0,0|0|0|0|3,0,10,3.926696,0.001630,10,3.926865,0.001318
4,5,8,1,0|2|0|3|1,0|0|0|0|2,0,10,3.926915,0.001513,10,3.927859,0.000770
4,5,8,1,0|2|0|3|2,0|0|0|0|1,0,10,3.923314,0.001008,10,3.923509,0.001024
4,5,8,1,0|2|0|3|3,0|0|0|0|0,0,10,3.913994,0.000968,10,3.913899,0.001073
4,5,8,1,0|2|0|3|0,0|0|0|1|2,0,10,3.918241,0.001097,10,3.918475,0.001029
4,5,8,1,0|2|0|3|1,0|0|0|1|1,0,10,3.917026,0.000977,10,3.917466,0.000890
4,5,8,1,0|2|0|3|2,0|0|0|1|0,0,10,3.905698,0.000807,10,3.905208,0.000651
4,5,8,1,0|2|0|3|0,0|0|0|2|1,0,10,3.890717,0.000500,10,3.890738,0.000738
4,5,8,1,0|2|0|3|1,0|0|0|2|0,0,10,3.877990,0.000798,10,3.877747,0.000574
4,5,8,1,0|2|0|3|0,0|0|0|3|0,0,10,3.787992,0.000231,10,3.788465,0.000459
4,5,8,1,0|2|0|4|0,0|0|0|0|2,0,10,3.916279,0.000629,10,3.915383,0.000770
4,5,8,1,0|2|0|4|1,0|0|0|0|1,0,10,3.915006,0.001212,10,3.914996,0.000672
4,5,8,1,0|2|0|4|2,0|0|0|0|0,0,10,3.900990,0.000590,10,3.900402,0.000994
4,5,8,1,0|2|0|4|0,0|0|0|1|1,0,10,3.889145,0.000603,10,3.889108,0.000659
4,5,8,1,0|2|0|4|1,0|0|0|1|0,0,10,3.875741,0.000459,10,3.875689,0.000510
4,5,8,1,0|2|0|4|0,0|0|0|2|0,0,10,3.786979,0.000627,10,3.786860,0.000456
4,5,8,1,0|2|0|5|0,0|0|0|0|1,0,10,3.886433,0.000497,10,3.886721,0.000640
4,5,8,1,0|2|0|5|1,0|0|0|0|0,0,10,3.873045,0.000495,10,3.872897,0.000547
4,5,8,1,0|2|0|5|0,0|0|0|1|0,0,10,3.784984,0.000341,10,3.785182,0.000444
4,5,8,1,0|2|0|6|0,0|0|0|0|0,0,10,3.782439,0.000349,10,3.782277,0.000465
4,5,8,1,0|2|0|0|0,0|0|1|0|5,0,10,3.918631,0.000910,10,3.919512,0.001555
4,5,8,1,0|2|0|0|1,0|0|1|0|4,0,10,3.920453,0.000937,10,3.920920,0.000626
4,5,8,1,0|2|0|0|2,0|0|1|0|3,0,10,3.919148,0.001315,10,3.918870,0.000955
4,5,8,1,0|2|0|0|3,0|0|1|0|2,0,10,3.918369,0.001471,10,3.918316,0.001573
4,5,8,1,0|2|0|0|4,0|0|1|0|1,0,10,3.916313,0.000600,10,3.916647,0.000958
4,5,8,1,0|2|0|0|5,0|0|1|0|0,0,10,3.912884,0.000876,10,3.913326,0.000837
4,5,8,1,0|2|0|0|0,0|0|1|1|4,0,10,3.939994,0.000910,10,3.940121,0.000633
4,5,8,1,0|2|0|0|1,0|0|1|1|3,0,10,3.940509,0.001481,10,3.941813,0.001748
4,5,8,1,0|2|0|0|2,0|0|1|1|2,0,10,3.940354,0.001305,10,3.941068,0.001193
4,5,8,1,0|2|0|0|3,0|0|1|1|1,0,10,3.939774,0.001288,10,3.939614,0.001093
4,5,8,1,0|2|0|0|4,0|0|1|1|0,0,10,3.936923,0.000634,10,3.936267,0.001026
4,5,8,1,0|2|0|0|0,0|0|1|2|3,0,10,3.943030,0.000888,10,3.942385,0.001558
4,5,8,1,0|2|0|0|1,0|0|1|2|2,0,10,3.943952,0.001405,10,3.943620,0.001748
4,5,8,1,0|2|0|0|2,0|0|1|2|1,0,10,3.942422,0.001101,10,3.942635,0.001125
4,5,8,1,0|2|0|0|3,0|0|1|2|0,0,10,3.938386,0.001296,10,3.938485,0.000958
4,5,8,1,0|2|0|0|0,0|0|1|3|2,0,10,3.939589,0.001107,10,3.939822,0.001223
4,5,8,1,0|2|0|0|1,0|0|1|3|1,0,10,3.939796,0.001230,10,3.940084,0.001543
4,5,8,1,0|2|0|0|2,0|0|1|3|0,0,10,3.934005,0.001069,10,3.934620,0.000864
4,5,8,1,0|2|0|0|0,0|0|1|4|1,0,10,3.927762,0.000927,10,3.927813,0.000904
4,5,8,1,0|2|0|0|1,0|0|1|4|0,0,10,3.921098,0.001040,10,3.921376,0.000779
4,5,8,1,0|2|0|0|0,0|0|1|5|0,0,10,3.874046,0.000719,10,3.874559,0.000574
4,5,8,1,0|2|0|1|0,0|0|1|0|4,0,10,3.936871,0.001089,10,3.937001,0.001614
4,5,8,1,0|2|0|1|1,0|0|1|0|3,0,10,3.937097,0.001531,10,3.937308,0.001159
4,5,8,1,0|2|0|1|2,0|0|1|0|2,0,10,3.936035,0.000768,10,3.936161,0.001238
4,5,8,1,0|2|0|1|3,0|0|1|0|1,0,10,3.933370,0.001497,10,3.934097,0.000951
4,5,8,1,0|2|0|1|4,0|0|1|0|0,0,10,3.929797,0.000943,10,3.930006,0.000799
4,5,8,1,0|2|0|1|0,0|0|1|1|3,0,10,3.942178,0.001099,10,3.942637,0.001711
4,5,8,1,0|2|0|1|1,0|0|1|1|2,0,10,3.942655,0.001416,10,3.943059,0.001170
4,5,8,1,0|2|0|1|2,0|0|1|1|1,0,10,3.941084,0.001342,10,3.941539,0.000949
4,5,8,1,0|2|0|1|3,0|0|1|1|0,0,10,3.937387,0.001511,10,3.937052,0.000895
4,5,8,1,0|2|0|1|0,0|0|1|2|2,0,10,3.939777,0.000740,10,3.939831,0.000769
4,5,8,1,0|2|0|1|1,0|0|1|2|1,0,10,3.940208,0.000812,10,3.939529,0.001126
4,5,8,1,0|2|0|1|2,0|0|1|2|0,0,10,3.933705,0.001255,10,3.933774,0.000899
4,5,8,1,0|2|0|1|0,0|0|1|3|1,0,10,3.927738,0.000885,10,3.927738,0.000734
4,5,8,1,0|2|0|1|1,0|0|1|3|0,0,10,3.921307,0.000973,10,3.921560,0.001000
4,5,8,1,0|2|0|1|0,0|0|1|4|0,0,10,3.875800,0.000633,10,3.875617,0.000372
4,5,8,1,0|2|0|2|0,0|0|1|0|3,0,10,3.938436,0.001276,10,3.939024,0.001046
4,5,8,1,0|2|0|2|1,0|0|1|0|2,0,10,3.938055,0.000747,10,3.938009,0.001261
4,5,8,1,0|2|0|2|2,0|0|1|0|1,0,10,3.935599,0.000586,10,3.935301,0.001167
4,5,8,1,0|2|0|2|3,0|0|1|0|0,0,10,3.928443,0.000608,10,3.929152,0.001027
4,5,8,1,0|2|0|2|0,0|0|1|1|2,0,10,3.937868,0.000617,10,3.937963,0.001131
4,5,8,1,0|2|0|2|1,0|0|1|1|1,0,10,3.936803,0.000829,10,3.936765,0.001024
4,5,8,1,0|2|0|2|2,0|0|1|1|0,0,10,3.930346,0.000602,10,3.929853,0.001003
4,5,8,1,0|2|0|2|0,0|0|1|2|1,0,10,3.925263,0.000708,10,3.925881,0.001100
4,5,8,1,0|2|0|2|1,0|0|1|2|0,0,10,3.918985,0.000732,10,3.918598,0.000939
4,5,8,1,0|2|0|2|0,0|0|1|3|0,0,10,3.873856,0.000578,10,3.874333,0.000591
4,5,8,1,0|2|0|3|0,0|0|1|0|2,0,10,3.933186,0.000861,10,3.933566,0.001272
4,5,8,1,0|2|0|3|1,0|0|1|0|1,0,10,3.932064,0.001116,10,3.932741,0.000683
4,5,8,1,0|2|0|3|2,0|0|1|0|0,0,10,3.923340,0.000808,10,3.923417,0.000709
4,5,8,1,0|2|0|3|0,0|0|1|1|1,0,10,3.923502,0.000829,10,3.923177,0.000678
4,5,8,1,0|2|0|3|1,0|0|1|1|0,0,10,3.915941,0.000811,10,3.915971,0.001054
4,5,8,1,0|2|0|3|0,0|0|1|2|0,0,10,3.871403,0.000651,10,3.871791,0.000628
4,5,8,1,0|2|0|4|0,0|0|1|0|1,0,10,3.919125,0.000765,10,3.919259,0.000972
4,5,8,1,0|2|0|4|1,0|0|1|0|0,0,10,3.910216,0.000910,10,3.910353,0.000758
4,5,8,1,0|2|0|4|0,0|0|1|1|0,0,10,3.868075,0.000601,10,3.868220,0.000748
4,5,8,1,0|2|0|5|0,0|0|1|0|0,0,10,3.861920,0.000601,10,3.861771,0.000779
4,5,8,1,0|2|0|0|0,0|0|2|0|4,0,10,3.915862,0.000869,10,3.916148,0.000990
4,5,8,1,0|2|0|0|1,0|0|2|0|3,0,10,3.917247,0.001001,10,3.918208,0.001056
4,5,8,1,0|2|0|0|2,0|0|2|0|2,0,10,3.916118,0.001035,10,3.915642,0.000787
4,5,8,1,0|2|0|0|3,0|0|2|0|1,0,10,3.912591,0.000972,10,3.912498,0.000783
4,5,8,1,0|2|0|0|4,0|0|2|0|0,0,10,3.906440,0.001091,10,3.906326,0.000805
4,5,8,1,0|2|0|0|0,0|0|2|1|3,0,10,3.936768,0.000861,10,3.937317,0.000320
4,5,8,1,0|2|0|0|1,0|0|2|1|2,0,10,3.937569,0.000998,10,3.937133,0.001264
4,5,8,1,0|2|0|0|2,0|0|2|1|1,0,10,3.935703,0.000911,10,3.935509,0.000985
4,5,8,1,0|2|0|0|3,0|0|2|1|0,0,10,3.930754,0.001014,10,3.930646,0.000721
4,5,8,1,0|2|0|0|0,0|0|2|2|2,0,10,3.936693,0.001474,10,3.936064,0.001278
4,5,8,1,0|2|0|0|1,0|0|2|2|1,0,10,3.936590,0.000923,10,3.936208,0.001167
4,5,8,1,0|2|0|0|2,0|0|2|2|0,0,10,3.929469,0.000641,10,3.929942,0.000666
4,5,8,1,0|2|0|0|0,0|0|2|3|1,0,10,3.924709,0.000904,10,3.924922,0.000853
4,5,8,1,0|2|0|0|1,0|0|2|3|0,0,10,3.918580,0.000675,10,3.919034,0.000786
4,5,8,1,0|2|0|0|0,0|0|2|4|0,0,10,3.873681,0.000833,10,3.874056,0.000710
4,5,8,1,0|2|0|1|0,0|0|2|0|3,0,10,3.932527,0.001326,10,3.931711,0.001058
4,5,8,1,0|2|0|1|1,0|0|2|0|2,0,10,3.931998,0.001157,10,3.931644,0.001323
4,5,8,1,0|2|0|1|2,0|0|2|0|1,0,10,3.927931,0.000909,10,3.928392,0.000840
4,5,8,1,0|2|0|1|3,0|0|2|0|0,0,10,3.921433,0.000757,10,3.921286,0.000944
4,5,8,1,0|2|0|1|0,0|0|2|1|2,0,10,3.935537,0.000600,10,3.935735,0.000920
4,5,8,1,0|2|0|1|1,0|0|2|1|1,0,10,3.934388,0.001057,10,3.934257,0.000955
4,5,8,1,0|2|0|1|2,0|0|2|1|0,0,10,3.927730,0.000992,10,3.927401,0.001163
4,5,8,1,0|2|0|1|0,0|0|2|2|1,0,10,3.925142,0.000893,10,3.925096,0.001116
4,5,8,1,0|2|0|1|1,0|0|2|2|0,0,10,3.918017,0.000898,10,3.918019,0.000799
4,5,8,1,0|2|0|1|0,0|0|2|3|0,0,10,3.875927,0.000300,10,3.875446,0.000828
4,5,8,1,0|2|0|2|0,0|0|2|0|2,0,10,3.929143,0.000832,10,3.928711,0.001383
4,5,8,1,0|2|0|2|1,0|0|2|0|1,0,10,3.927029,0.001041,10,3.927393,0.000864
4,5,8,1,0|2|0|2|2,0|0|2|0|0,0,10,3.916579,0.000948,10,3.916765,0.001236
4,5,8,1,0|2|0|2|0,0|0|2|1|1,0,10,3.921361,0.000617,10,3.921094,0.000860
4,5,8,1,0|2|0|2|1,0|0|2|1|0,0,10,3.913364,0.000706,10,3.913492,0.000785
4,5,8,1,0|2|0|2|0,0|0|2|2|0,0,10,3.872041,0.000784,10,3.871430,0.000342
4,5,8,1,0|2|0|3|0,0|0|2|0|1,0,10,3.914248,0.001039,10,3.914245,0.001058
4,5,8,1,0|2|0|3|1,0|0|2|0|0,0,10,3.904668,0.000417,10,3.904535,0.000656
4,5,8,1,0|2|0|3|0,0|0|2|1|0,0,10,3.866518,0.000608,10,3.866992,0.000645
4,5,8,1,0|2|0|4|0,0|0|2|0|0,0,10,3.856798,0.000591,10,3.856942,0.000574
4,5,8,1,0|2|0|0|0,0|0|3|0|3,0,10,3.904902,0.000842,10,3.904649,0.000766
4,5,8,1,0|2|0|0|1,0|0|3|0|2,0,10,3.906194,0.000999,10,3.906683,0.001126
4,5,8,1,0|2|0|0|2,0|0|3|0|1,0,10,3.900850,0.000842,10,3.901400,0.001324
4,5,8,1,0|2|0|0|3,0|0|3|0|0,0,10,3.888917,0.001550,10,3.888948,0.000799
4,5,8,1,0|2|0|0|0,0|0|3|1|2,0,10,3.924420,0.000835,10,3.924826,0.000703
4,5,8,1,0|2|0|0|1,0|0|3|1|1,0,10,3.923336,0.000892,10,3.923733,0.000907
4,5,8,1,0|2|0|0|2,0|0|3|1|0,0,10,3.914415,0.000774,10,3.915066,0.000800
4,5,8,1,0|2|0|0|0,0|0|3|2|1,0,10,3.914144,0.000572,10,3.914734,0.000839
4,5,8,1,0|2|0|0|1,0|0|3|2|0,0,10,3.906358,0.000839,10,3.905976,0.000882
4,5,8,1,0|2|0|0|0,0|0|3|3|0,0,10,3.858327,0.000414,10,3.858531,0.000435
4,5,8,1,0|2|0|1|0,0|0|3|0|2,0,10,3.916648,0.001005,10,3.916898,0.001002
4,5,8,1,0|2|0|1|1,0|0|3|0|1,0,10,3.914106,0.000809,10,3.914051,0.000715
4,5,8,1,0|2|0|1|2,0|0|3|0|0,0,10,3.901252,0.000725,10,3.900911,0.000943
4,5,8,1,0|2|0|1|0,0|0|3|1|1,0,10,3.912781,0.000764,10,3.912375,0.001158
4,5,8,1,0|2|0|1|1,0|0|3|1|0,0,10,3.902678,0.000931,10,3.903200,0.000905
4,5,8,1,0|2|0|1|0,0|0|3|2|0,0,10,3.859178,0.000651,10,3.859154,0.000632
4,5,8,1,0|2|0|2|0,0|0|3|0|1,0,10,3.902075,0.000760,10,3.901939,0.000627
4,5,8,1,0|2|0|2|1,0|0|3|0|0,0,10,3.888266,0.000853,10,3.888603,0.000623
4,5,8,1,0|2|0|2|0,0|0|3|1|0,0,10,3.851883,0.000584,10,3.851994,0.000623
4,5,8,1,0|2|0|3|0,0|0|3|0|0,0,10,3.837524,0.000615,10,3.837400,0.000594
4,5,8,1,0|2|0|0|0,0|0|4|0|2,0,10,3.878453,0.001321,10,3.878230,0.000458
4,5,8,1,0|2|0|0|1,0|0|4|0|1,0,10,3.876609,0.000967,10,3.876916,0.000854
4,5,8,1,0|2|0|0|2,0|0|4|0|0,0,10,3.856172,0.000912,10,3.856257,0.000797
4,5,8,1,0|2|0|0|0,0|0|4|1|1,0,10,3.890614,0.001037,10,3.890644,0.000440
4,5,8,1,0|2|0|0|1,0|0|4|1|0,0,10,3.877778,0.000881,10,3.878335,0.000766
4,5,8,1,0|2|0|0|0,0|0|4|2|0,0,10,3.829316,0.000314,10,3.828446,0.000660
4,5,8,1,0|2|0|1|0,0|0|4|0|1,0,10,3.877396,0.000489,10,3.877385,0.000523
4,5,8,1,0|2|0|1|1,0|0|4|0|0,0,10,3.859371,0.000657,10,3.859358,0.000671
4,5,8,1,0|2|0|1|0,0|0|4|1|0,0,10,3.825393,0.000450,10,3.825645,0.000602
4,5,8,1,0|2|0|2|0,0|0|4|0|0,0,10,3.804526,0.000263,10,3.804298,0.000549
4,5,8,1,0|2|0|0|0,0|0|5|0|1,0,10,3.812229,0.000741,10,3.811813,0.000552
4,5,8,1,0|2|0|0|1,0|0|5|0|0,0,10,3.787341,0.000476,10,3.787274,0.000321
4,5,8,1,0|2|0|0|0,0|0|5|1|0,0,10,3.768090,0.000528,10,3.768001,0.000295
4,5,8,1,0|2|0|1|0,0|0|5|0|0,0,10,3.743572,0.000459,10,3.743756,0.000617
4,5,8,1,0|2|0|0|0,0|0|6|0|0,0,10,3.583040,0.000427,10,3.582709,0.000342
4,5,8,1,0|2|1|0|0,0|0|0|0|5,0,10,3.916363,0.001138,10,3.915920,0.001482
4,5,8,1,0|2|1|0|1,0|0|0|0|4,0,10,3.917431,0.000853,10,3.917188,0.000820
4,5,8,1,0|2|1|0|2,0|0|0|0|3,0,10,3.916007,0.000979,10,3.916052,0.000842
4,5,8,1,0|2|1|0|3,0|0|0|0|2,0,10,3.913966,0.000979,10,3.914691,0.001430
4,5,8,1,0|2|1|0|4,0|0|0|0|1,0,10,3.912593,0.001659,10,3.911553,0.000912
4,5,8,1,0|2|1|0|5,0|0|0|0|0,0,10,3.907121,0.001056,10,3.907694,0.001339
4,5,8,1,0|2|1|0|0,0|0|0|1|4,0,10,3.938573,0.000871,10,3.937956,0.000890
4,5,8,1,0|2|1|0|1,0|0|0|1|3,0,10,3.938848,0.001328,10,3.938748,0.000766
4,5,8,1,0|2|1|0|2,0|0|0|1|2,0,10,3.937100,0.001156,10,3.937478,0.000912
4,5,8,1,0|2|1|0|3,0|0|0|1|1,0,10,3.936188,0.001398,10,3.935765,0.001266
4,5,8,1,0|2|1|0|4,0|0|0|1|0,0,10,3.932793,0.001143,10,3.932518,0.001749
4,5,8,1,0|2|1|0|0,0|0|0|2|3,0,10,3.940185,0.001016,10,3.939947,0.000867
4,5,8,1,0|2|1|0|1,0|0|0|2|2,0,10,3.940687,0.000869,10,3.941564,0.001138
4,5,8,1,0|2|1|0|2,0|0|0|2|1,0,10,3.938767,0.001101,10,3.938742,0.001178
4,5,8,1,0|2|1|0|3,0|0|0|2|0,0,10,3.933996,0.000543,10,3.933955,0.001460
4,5,8,1,0|2|1|0|0,0|0|0|3|2,0,10,3.936541,0.000610,10,3.936072,0.001206
4,5,8,1,0|2|1|0|1,0|0|0|3|1,0,10,3.935483,0.001280,10,3.935227,0.000842
4,5,8,1,0|2|1|0|2,0|0|0|3|0,0,10,3.928935,0.000752,10,3.928835,0.000558
4,5,8,1,0|2|1|0|0,0|0|0|4|1,0,10,3.921974,0.000549,10,3.922514,0.000881
4,5,8,1,0|2|1|0|1,0|0|0|4|0,0,10,3.914651,0.000743,10,3.915099,0.000713
4,5,8,1,0|2|1|0|0,0|0|0|5|0,0,10,3.863547,0.000507,10,3.863622,0.000487
4,5,8,1,0|2|1|1|0,0|0|0|0|4,0,10,3.933063,0.001217,10,3.932378,0.001495
4,5,8,1,0|2|1|1|1,0|0|0|0|3,0,10,3.932809,0.001347,10,3.932795,0.001017
4,5,8,1,0|2|1|1|2,0|0|0|0|2,0,10,3.931358,0.001248,10,3.930690,0.000957
4,5,8,1,0|2|1|1|3,0|0|0|0|1,0,10,3.928422,0.000703,10,3.927881,0.001186
4,5,8,1,0|2|1|1|4,0|0|0|0|0,0,10,3.923017,0.000836,10,3.923200,0.000803
4,5,8,1,0|2|1|1|0,0|0|0|1|3,0,10,3.938808,0.001649,10,3.938580,0.000973
4,5,8,1,0|2|1|1|1,0|0|0|1|2,0,10,3.938484,0.001516,10,3.938914,0.000873
4,5,8,1,0|2|1|1|2,0|0|0|1|1,0,10,3.936398,0.000751,10,3.936387,0.001470
4,5,8,1,0|2|1|1|3,0|0|0|1|0,0,10,3.932009,0.000706,10,3.930978,0.001202
4,5,8,1,0|2|1|1|0,0|0|0|2|2,0,10,3.935315,0.001607,10,3.934968,0.000974
4,5,8,1,0|2|1|1|1,0|0|0|2|1,0,10,3.934548,0.000747,10,3.934687,0.000890
4,5,8,1,0|2|1|1|2,0|0|0|2|0,0,10,3.928200,0.000678,10,3.928103,0.000513
4,5,8,1,0|2|1|1|0,0|0|0|3|1,0,10,3.920843,0.000834,10,3.921116,0.000627
4,5,8,1,0|2|1|1|1,0|0|0|3|0,0,10,3.913758,0.000672,10,3.913592,0.000530
4,5,8,1,0|2|1|1|0,0|0|0|4|0,0,10,3.864241,0.000440,10,3.864083,0.000384
4,5,8,1,0|2|1|2|0,0|0|0|0|3,0,10,3.933876,0.000853,10,3.933330,0.001164
4,5,8,1,0|2|1|2|1,0|0|0|0|2,0,10,3.932818,0.001411,10,3.933293,0.001021
4,5,8,1,0|2|1|2|2,0|0|0|0|1,0,10,3.929597,0.000464,10,3.928648,0.001368
4,5,8,1,0|2|1|2|3,0|0|0|0|0,0,10,3.920725,0.001033,10,3.921217,0.001063
4,5,8,1,0|2|1|2|0,0|0|0|1|2,0,10,3.932677,0.001015,10,3.932429,0.000808
4,5,8,1,0|2|1|2|1,0|0|0|1|1,0,10,3.931252,0.001095,10,3.931252,0.001303
4,5,8,1,0|2|1|2|2,0|0|0|1|0,0,10,3.923190,0.001082,10,3.922893,0.000932
4,5,8,1,0|2|1|2|0,0|0|0|2|1,0,10,3.918782,0.000902,10,3.918528,0.000728
4,5,8,1,0|2|1|2|1,0|0|0|2|0,0,10,3.910115,0.000664,10,3.910060,0.000881
4,5,8,1,0|2|1|2|0,0|0|0|3|0,0,10,3.862177,0.000757,10,3.861806,0.000496
4,5,8,1,0|2|1|3|0,0|0|0|0|2,0,10,3.926609,0.000750,10,3.927370,0.001196
4,5,8,1,0|2|1|3|1,0|0|0|0|1,0,10,3.925091,0.001043,10,3.925833,0.000956
4,5,8,1,0|2|1|3|2,0|0|0|0|0,0,10,3.914749,0.001039,10,3.913975,0.000694
4,5,8,1,0|2|1|3|0,0|0|0|1|1,0,10,3.915491,0.000863,10,3.915362,0.000805
4,5,8,1,0|2|1|3|1,0|0|0|1|0,0,10,3.906457,0.000670,10,3.906469,0.000911
4,5,8,1,0|2|1|3|0,0|0|0|2|0,0,10,3.859325,0.000781,10,3.858983,0.000608
4,5,8,1,0|2|1|4|0,0|0|0|0|1,0,10,3.909962,0.000794,10,3.910068,0.000693
4,5,8,1,0|2|1|4|1,0|0|0|0|0,0,10,3.899295,0.000743,10,3.899244,0.000396
4,5,8,1,0|2|1|4|0,0|0|0|1|0,0,10,3.855153,0.000582,10,3.854807,0.000550
4,5,8,1,0|2|1|5|0,0|0|0|0|0,0,10,3.847528,0.000519,10,3.847435,0.000407
4,5,8,1,0|2|1|0|0,0|0|1|0|4,0,10,3.915874,0.000498,10,3.916303,0.001239
4,5,8,1,0|2|1|0|1,0|0|1|0|3,0,10,3.916918,0.001217,10,3.918119,0.001139
4,5,8,1,0|2|1|0|2,0|0|1|0|2,0,10,3.914636,0.001234,10,3.914801,0.000951
4,5,8,1,0|2|1|0|3,0|0|1|0|1,0,10,3.912141,0.000658,10,3.911855,0.000886
4,5,8,1,0|2|1|0|4,0|0|1|0|0,0,10,3.905004,0.001093,10,3.904972,0.000691
4,5,8,1,0|2|1|0|0,0|0|1|1|3,0,10,3.935430,0.001589,10,3.935644,0.001259
4,5,8,1,0|2|1|0|1,0|0|1|1|2,0,10,3.935675,0.000630,10,3.935690,0.001238
4,5,8,1,0|2|1|0|2,0|0|1|1|1,0,10,3.933512,0.001199,10,3.933630,0.000913
4,5,8,1,0|2|1|0|3,0|0|1|1|0,0,10,3.928422,0.001098,10,3.927856,0.001551
4,5,8,1,0|2|1|0|0,0|0|1|2|2,0,10,3.934963,0.001233,10,3.935817,0.001208
4,5,8,1,0|2|1|0|1,0|0|1|2|1,0,10,3.934512,0.000962,10,3.934184,0.001047
4,5,8,1,0|2|1|0|2,0|0|1|2|0,0,10,3.927576,0.000580,10,3.927756,0.000801
4,5,8,1,0|2|1|0|0,0|0|1|3|1,0,10,3.923917,0.000861,10,3.922993,0.000609
4,5,8,1,0|2|1|0|1,0|0|1|3|0,0,10,3.916555,0.000829,10,3.916235,0.000599
4,5,8,1,0|2|1|0|0,0|0|1|4|0,0,10,3.871641,0.000499,10,3.871897,0.000657
4,5,8,1,0|2|1|1|0,0|0|1|0|3,0,10,3.929619,0.000756,10,3.929993,0.001511
4,5,8,1,0|2|1|1|1,0|0|1|0|2,0,10,3.928809,0.000988,10,3.928838,0.001112
4,5,8,1,0|2|1|1|2,0|0|1|0|1,0,10,3.925347,0.000852,10,3.925051,0.000847
4,5,8,1,0|2|1|1|3,0|0|1|0|0,0,10,3.917368,0.001121,10,3.917709,0.000967
4,5,8,1,0|2|1|1|0,0|0|1|1|2,0,10,3.932403,0.001291,10,3.933034,0.001007
4,5,8,1,0|2|1|1|1,0|0|1|1|1,0,10,3.932172,0.001103,10,3.931686,0.000983
4,5,8,1,0|2|1|1|2,0|0|1|1|0,0,10,3.924686,0.000608,10,3.924669,0.000703
4,5,8,1,0|2|1|1|0,0|0|1|2|1,0,10,3.922493,0.000995,10,3.922595,0.000956
4,5,8,1,0|2|1|1|1,0|0|1|2|0,0,10,3.914318,0.000713,10,3.914566,0.001067
4,5,8,1,0|2|1|1|0,0|0|1|3|0,0,10,3.872366,0.000676,10,3.872094,0.000776
4,5,8,1,0|2|1|2|0,0|0|1|0|2,0,10,3.926232,0.001061,10,3.926457,0.000961
4,5,8,1,0|2|1|2|1,0|0|1|0|1,0,10,3.923917,0.000565,10,3.923831,0.001019
4,5,8,1,0|2|1|2|2,0|0|1|0|0,0,10,3.912844,0.001312,10,3.912311,0.000812
4,5,8,1,0|2|1|2|0,0|0|1|1|1,0,10,3.917960,0.000919,10,3.917954,0.001063
4,5,8,1,0|2|1|2|1,0|0|1|1|0,0,10,3.909453,0.000910,10,3.909164,0.000657
4,5,8,1,0|2|1|2|0,0|0|1|2|0,0,10,3.868608,0.000730,10,3.868602,0.000961
4,5,8,1,0|2|1|3|0,0|0|1|0|1,0,10,3.910596,0.001058,10,3.911032,0.000790
4,5,8,1,0|2|1|3|1,0|0|1|0|0,0,10,3.899847,0.000816,10,3.899949,0.000554
4,5,8,1,0|2|1|3|0,0|0|1|1|0,0,10,3.863274,0.000422,10,3.863049,0.000710
4,5,8,1,0|2|1|4|0,0|0|1|0|0,0,10,3.853169,0.000302,10,3.852894,0.000518
4,5,8,1,0|2|1|0|0,0|0|2|0|3,0,10,3.904709,0.000675,10,3.905313,0.000838
4,5,8,1,0|2|1|0|1,0|0|2|0|2,0,10,3.905397,0.001161,10,3.905736,0.000735
4,5,8,1,0|2|1|0|2,0|0|2|0|1,0,10,3.900514,0.001000,10,3.900587,0.001066
4,5,8,1,0|2|1|0|3,0|0|2|0|0,0,10,3.888204,0.000701,10,3.887647,0.000658
4,5,8,1,0|2|1|0|0,0|0|2|1|2,0,10,3.922833,0.000819,10,3.923483,0.000791
4,5,8,1,0|2|1|0|1,0|0|2|1|1,0,10,3.922236,0.001027,10,3.922150,0.000829
4,5,8,1,0|2|1|0|2,0|0|2|1|0,0,10,3.912267,0.000913,10,3.912312,0.000834
4,5,8,1,0|2|1|0|0,0|0|2|2|1,0,10,3.912680,0.000564,10,3.912594,0.000696
4,5,8,1,0|2|1|0|1,0|0|2|2|0,0,10,3.904050,0.000731,10,3.904022,0.000527
4,5,8,1,0|2|1|0|0,0|0|2|3|0,0,10,3.857537,0.000639,10,3.857433,0.000582
4,5,8,1,0|2|1|1|0,0|0|2|0|2,0,10,3.914523,0.001032,10,3.914235,0.000859
4,5,8,1,0|2|1|1|1,0|0|2|0|1,0,10,3.910332,0.000834,10,3.910433,0.000992
4,5,8,1,0|2|1|1|2,0|0|2|0|0,0,10,3.897452,0.000654,10,3.897166,0.001080
4,5,8,1,0|2|1|1|0,0|0|2|1|1,0,10,3.909539,0.000719,10,3.909183,0.000436
4,5,8,1,0|2|1|1|1,0|0|2|1|0,0,10,3.898997,0.000675,10,3.899231,0.000752
4,5,8,1,0|2|1|1|0,0|0|2|2|0,0,10,3.856722,0.000581,10,3.856927,0.000700
4,5,8,1,0|2|1|2|0,0|0|2|0|1,0,10,3.898491,0.000622,10,3.898054,0.000644
4,5,8,1,0|2|1|2|1,0|0|2|0|0,0,10,3.883993,0.000651,10,3.884360,0.000667
4,5,8,1,0|2|1|2|0,0|0|2|1|0,0,10,3.849282,0.000548,10,3.849117,0.000717
4,5,8,1,0|2|1|3|0,0|0|2|0|0,0,10,3.834328,0.000423,10,3.834569,0.000452
4,5,8,1,0|2|1|0|0,0|0|3|0|2,0,10,3.877685,0.000982,10,3.878643,0.001249
4,5,8,1,0|2|1|0|1,0|0|3|0|1,0,10,3.875523,0.000677,10,3.875387,0.000730
4,5,8,1,0|2|1|0|2,0|0|3|0|0,0,10,3.855120,0.000829,10,3.855096,0.000604
4,5,8,1,0|2|1|0|0,0|0|3|1|1,0,10,3.888458,0.000896,10,3.888731,0.000871
4,5,8,1,0|2|1|0|1,0|0|3|1|0,0,10,3.875608,0.000512,10,3.875380,0.000649
4,5,8,1,0|2|1|0|0,0|0|3|2|0,0,10,3.827530,0.000501,10,3.827714,0.000701
4,5,8,1,0|2|1|1|0,0|0|3|0|1,0,10,3.873717,0.000577,10,3.873882,0.000903
4,5,8,1,0|2|1|1|1,0|0|3|0|0,0,10,3.854457,0.000530,10,3.854291,0.000628
4,5,8,1,0|2|1|1|0,0|0|3|1|0,0,10,3.822732,0.000451,10,3.822389,0.000575
4,5,8,1,0|2|1|2|0,0|0|3|0|0,0,10,3.801102,0.000466,10,3.801277,0.000607
4,5,8,1,0|2|1|0|0,0|0|4|0|1,0,10,3.811383,0.000608,10,3.811436,0.000587
4,5,8,1,0|2|1|0|1,0|0|4|0|0,0,10,3.786335,0.000602,10,3.785784,0.000851
4,5,8,1,0|2|1|0|0,0|0|4|1|0,0,10,3.767163,0.000393,10,3.767330,0.000469
4,5,8,1,0|2|1|1|0,0|0|4|0|0,0,10,3.740481,0.000466,10,3.740519,0.000525
4,5,8,1,0|2|1|0|0,0|0|5|0|0,0,10,3.588840,0.000509,10,3.588994,0.000609
4,5,8,1,0|2|2|0|0,0|0|0|0|4,0,10,3.913528,0.000841,10,3.914483,0.000947
4,5,8,1,0|2|2|0|1,0|0|0|0|3,0,10,3.914793,0.001056,10,3.915039,0.001785
4,5,8,1,0|2|2|0|2,0|0|0|0|2,0,10,3.912359,0.001483,10,3.912256,0.000549
4,5,8,1,0|2|2|0|3,0|0|0|0|1,0,10,3.908614,0.000530,10,3.908682,0.001085
4,5,8,1,0|2|2|0|4,0|0|0|0|0,0,10,3.900729,0.000942,10,3.900860,0.000993
4,5,8,1,0|2|2|0|0,0|0|0|1|3,0,10,3.934150,0.000891,10,3.933670,0.000963
4,5,8,1,0|2|2|0|1,0|0|0|1|2,0,10,3.934248,0.001255,10,3.933922,0.000940
4,5,8,1,0|2|2|0|2,0|0|0|1|1,0,10,3.931669,0.000838,10,3.931649,0.000928
4,5,8,1,0|2|2|0|3,0|0|0|1|0,0,10,3.925560,0.001332,10,3.925385,0.001203
4,5,8,1,0|2|2|0|0,0|0|0|2|2,0,10,3.932994,0.000869,10,3.933153,0.001151
4,5,8,1,0|2|2|0|1,0|0|0|2|1,0,10,3.932729,0.000725,10,3.931571,0.000757
4,5,8,1,0|2|2|0|2,0|0|0|2|0,0,10,3.923182,0.001151,10,3.924556,0.000728
4,5,8,1,0|2|2|0|0,0|0|0|3|1,0,10,3.920306,0.000399,10,3.920011,0.000888
4,5,8,1,0|2|2|0|1,0|0|0|3|0,0,10,3.911858,0.000773,10,3.912370,0.000713
4,5,8,1,0|2|2|0|0,0|0|0|4|0,0,10,3.866142,0.000478,10,3.865946,0.000850
4,5,8,1,0|2|2|1|0,0|0|0|0|3,0,10,3.926471,0.000996,10,3.927169,0.000938
4,5,8,1,0|2|2|1|1,0|0|0|0|2,0,10,3.926363,0.001010,10,3.925766,0.001332
4,5,8,1,0|2|2|1|2,0|0|0|0|1,0,10,3.921226,0.000839,10,3.921495,0.000972
4,5,8,1,0|2|2|1|3,0|0|0|0|0,0,10,3.912198,0.001332,10,3.912690,0.000768
4,5,8,1,0|2|2|1|0,0|0|0|1|2,0,10,3.930409,0.000753,10,3.930632,0.001459
4,5,8,1,0|2|2|1|1,0|0|0|1|1,0,10,3.928808,0.001001,10,3.928752,0.000943
4,5,8,1,0|2|2|1|2,0|0|0|1|0,0,10,3.920502,0.000917,10,3.920390,0.001009
4,5,8,1,0|2|2|1|0,0|0|0|2|1,0,10,3.918924,0.000959,10,3.918707,0.000824
4,5,8,1,0|2|2|1|1,0|0|0|2|0,0,10,3.910841,0.000613,10,3.911069,0.000811
4,5,8,1,0|2|2|1|0,0|0|0|3|0,0,10,3.866865,0.000654,10,3.867024,0.000580
4,5,8,1,0|2|2|2|0,0|0|0|0|2,0,10,3.922520,0.000796,10,3.921898,0.001375
4,5,8,1,0|2|2|2|1,0|0|0|0|1,0,10,3.918841,0.001090,10,3.919253,0.001108
4,5,8,1,0|2|2|2|2,0|0|0|0|0,0,10,3.906023,0.001161,10,3.906360,0.000827
4,5,8,1,0|2|2|2|0,0|0|0|1|1,0,10,3.913540,0.000544,10,3.913853,0.001247
4,5,8,1,0|2|2|2|1,0|0|0|1|0,0,10,3.904560,0.000757,10,3.904169,0.000498
4,5,8,1,0|2|2|2|0,0|0|0|2|0,0,10,3.862222,0.000634,10,3.862000,0.000421
4,5,8,1,0|2|2|3|0,0|0|0|0|1,0,10,3.905035,0.000883,10,3.904111,0.000702
4,5,8,1,0|2|2|3|1,0|0|0|0|0,0,10,3.892268,0.000878,10,3.892502,0.000599
4,5,8,1,0|2|2|3|0,0|0|0|1|0,0,10,3.855565,0.000533,10,3.855563,0.000831
4,5,8,1,0|2|2|4|0,0|0|0|0|0,0,10,3.843362,0.000419,10,3.843417,0.000613
4,5,8,1,0|2|2|0|0,0|0|1|0|3,0,10,3.903312,0.000805,10,3.903410,0.001298
4,5,8,1,0|2|2|0|1,0|0|1|0|2,0,10,3.904944,0.000872,10,3.903992,0.000632
4,5,8,1,0|2|2|0|2,0|0|1|0|1,0,10,3.898270,0.001186,10,3.898528,0.000416
4,5,8,1,0|2|2|0|3,0|0|1|0|0,0,10,3.885129,0.000758,10,3.885043,0.000794
4,5,8,1,0|2|2|0|0,0|0|1|1|2,0,10,3.921182,0.001410,10,3.922349,0.000607
4,5,8,1,0|2|2|0|1,0|0|1|1|1,0,10,3.920721,0.001023,10,3.920571,0.000894
4,5,8,1,0|2|2|0|2,0|0|1|1|0,0,10,3.909969,0.000568,10,3.910031,0.000829
4,5,8,1,0|2|2|0|0,0|0|1|2|1,0,10,3.910999,0.000782,10,3.910993,0.001126
4,5,8,1,0|2|2|0|1,0|0|1|2|0,0,10,3.901102,0.000760,10,3.902199,0.000811
4,5,8,1,0|2|2|0|0,0|0|1|3|0,0,10,3.854590,0.000437,10,3.855177,0.000512
4,5,8,1,0|2|2|1|0,0|0|1|0|2,0,10,3.912230,0.001064,10,3.911682,0.000765
4,5,8,1,0|2|2|1|1,0|0|1|0|1,0,10,3.908182,0.000816,10,3.908131,0.000877
4,5,8,1,0|2|2|1|2,0|0|1|0|0,0,10,3.893688,0.000887,10,3.893638,0.000873
4,5,8,1,0|2|2|1|0,0|0|1|1|1,0,10,3.907492,0.000608,10,3.907140,0.000657
4,5,8,1,0|2|2|1|1,0|0|1|1|0,0,10,3.896287,0.000853,10,3.896328,0.000556
4,5,8,1,0|2|2|1|0,0|0|1|2|0,0,10,3.854219,0.000312,10,3.854186,0.000502
4,5,8,1,0|2|2|2|0,0|0|1|0|1,0,10,3.894814,0.000664,10,3.895112,0.000794
4,5,8,1,0|2|2|2|1,0|0|1|0|0,0,10,3.879612,0.000707,10,3.879841,0.000767
4,5,8,1,0|2|2|2|0,0|0|1|1|0,0,10,3.845704,0.000572,10,3.845764,0.000439
4,5,8,1,0|2|2|3|0,0|0|1|0|0,0,10,3.829381,0.000528,10,3.829288,0.000719
4,5,8,1,0|2|2|0|0,0|0|2|0|2,0,10,3.876954,0.000891,10,3.877242,0.000592
4,5,8,1,0|2|2|0|1,0|0|2|0|1,0,10,3.873937,0.000528,10,3.874234,0.000912
4,5,8,1,0|2|2|0|2,0|0|2|0|0,0,10,3.852441,0.000562,10,3.852412,0.000677
4,5,8,1,0|2|2|0|0,0|0|2|1|1,0,10,3.887103,0.000755,10,3.887309,0.000720
4,5,8,1,0|2|2|0|1,0|0|2|1|0,0,10,3.873581,0.000941,10,3.873180,0.000600
4,5,8,1,0|2|2|0|0,0|0|2|2|0,0,10,3.825932,0.000770,10,3.825681,0.000309
4,5,8,1,0|2|2|1|0,0|0|2|0|1,0,10,3.871087,0.000605,10,3.871064,0.000565
4,5,8,1,0|2|2|1|1,0|0|2|0|0,0,10,3.850796,0.000628,10,3.851451,0.000767
4,5,8,1,0|2|2|1|0,0|0|2|1|0,0,10,3.820456,0.000777,10,3.820351,0.000418
4,5,8,1,0|2|2|2|0,0|0|2|0|0,0,10,3.797294,0.000524,10,3.797135,0.000614
4,5,8,1,0|2|2|0|0,0|0|3|0|1,0,10,3.811224,0.000422,10,3.810843,0.000488
4,5,8,1,0|2|2|0|1,0|0|3|0|0,0,10,3.784465,0.000476,10,3.784522,0.000555
4,5,8,1,0|2|2|0|0,0|0|3|1|0,0,10,3.765904,0.000397,10,3.766409,0.000481
4,5,8,1,0|2|2|1|0,0|0|3|0|0,0,10,3.738889,0.000447,10,3.738857,0.000455
4,5,8,1,0|2|2|0|0,0|0|4|0|0,0,10,3.591132,0.000410,10,3.591115,0.000288
4,5,8,1,0|2|3|0|0,0|0|0|0|3,0,10,3.901927,0.000626,10,3.902363,0.001006
4,5,8,1,0|2|3|0|1,0|0|0|0|2,0,10,3.903222,0.001154,10,3.903495,0.000957
4,5,8,1,0|2|3|0|2,0|0|0|0|1,0,10,3.896681,0.000791,10,3.896981,0.000635
4,5,8,1,0|2|3|0|3,0|0|0|0|0,0,10,3.882410,0.001013,10,3.881957,0.000571
4,5,8,1,0|2|3|0|0,0|0|0|1|2,0,10,3.921004,0.000963,10,3.920169,0.000740
4,5,8,1,0|2|3|0|1,0|0|0|1|1,0,10,3.919348,0.000892,10,3.919413,0.000811
4,5,8,1,0|2|3|0|2,0|0|0|1|0,0,10,3.908426,0.000935,10,3.908801,0.000405
4,5,8,1,0|2|3|0|0,0|0|0|2|1,0,10,3.909375,0.000968,10,3.909401,0.000720
4,5,8,1,0|2|3|0|1,0|0|0|2|0,0,10,3.899796,0.000667,10,3.899935,0.000885
4,5,8,1,0|2|3|0|0,0|0|0|3|0,0,10,3.851834,0.000399,10,3.851970,0.000774
4,5,8,1,0|2|3|1|0,0|0|0|0|2,0,10,3.910360,0.001040,10,3.910337,0.000956
4,5,8,1,0|2|3|1|1,0|0|0|0|1,0,10,3.906603,0.000685,10,3.906703,0.001223
4,5,8,1,0|2|3|1|2,0|0|0|0|0,0,10,3.891316,0.000583,10,3.891035,0.000726
4,5,8,1,0|2|3|1|0,0|0|0|1|1,0,10,3.906343,0.000743,10,3.905791,0.000550
4,5,8,1,0|2|3|1|1,0|0|0|1|0,0,10,3.895027,0.000769,10,3.894697,0.000379
4,5,8,1,0|2|3|1|0,0|0|0|2|0,0,10,3.852024,0.000814,10,3.852023,0.000620
4,5,8,1,0|2|3|2|0,0|0|0|0|1,0,10,3.892508,0.000667,10,3.892446,0.000916
4,5,8,1,0|2|3|2|1,0|0|0|0|0,0,10,3.876845,0.000812,10,3.876552,0.000937
4,5,8,1,0|2|3|2|0,0|0|0|1|0,0,10,3.842714,0.000615,10,3.842784,0.000626
4,5,8,1,0|2|3|3|0,0|0|0|0|0,0,10,3.824186,0.000702,10,3.824238,0.000501
4,5,8,1,0|2|3|0|0,0|0|1|0|2,0,10,3.876111,0.000889,10,3.876515,0.001146
4,5,8,1,0|2|3|0|1,0|0|1|0|1,0,10,3.873111,0.000970,10,3.873377,0.000892
4,5,8,1,0|2|3|0|2,0|0|1|0|0,0,10,3.850495,0.000707,10,3.850456,0.000588
4,5,8,1,0|2|3|0|0,0|0|1|1|1,0,10,3.886010,0.000570,10,3.886487,0.000710
4,5,8,1,0|2|3|0|1,0|0|1|1|0,0,10,3.872507,0.000492,10,3.872450,0.000933
4,5,8,1,0|2|3|0|0,0|0|1|2|0,0,10,3.824599,0.000560,10,3.824504,0.000580
4,5,8,1,0|2|3|1|0,0|0|1|0|1,0,10,3.870465,0.000728,10,3.870137,0.000705
4,5,8,1,0|2|3|1|1,0|0|1|0|0,0,10,3.850451,0.000543,10,3.850141,0.000603
4,5,8,1,0|2|3|1|0,0|0|1|1|0,0,10,3.819282,0.000349,10,3.819127,0.000803
4,5,8,1,0|2|3|2|0,0|0|1|0|0,0,10,3.794895,0.000341,10,3.794852,0.000371
4,5,8,1,0|2|3|0|0,0|0|2|0|1,0,10,3.810834,0.000493,10,3.810900,0.000233
4,5,8,1,0|2|3|0|1,0|0|2|0|0,0,10,3.783914,0.000540,10,3.784198,0.000544
4,5,8,1,0|2|3|0|0,0|0|2|1|0,0,10,3.765756,0.000469,10,3.765617,0.000410
4,5,8,1,0|2|3|1|0,0|0|2|0|0,0,10,3.738069,0.000473,10,3.738118,0.000637
4,5,8,1,0|2|3|0|0,0|0|3|0|0,0,10,3.592070,0.000362,10,3.591912,0.000490
4,5,8,1,0|2|4|0|0,0|0|0|0|2,0,10,3.875762,0.000827,10,3.875904,0.000800
4,5,8,1,0|2|4|0|1,0|0|0|0|1,0,10,3.872841,0.001221,10,3.873163,0.000922
4,5,8,1,0|2|4|0|2,0|0|0|0|0,0,10,3.849811,0.000777,10,3.849803,0.000460
4,5,8,1,0|2|4|0|0,0|0|0|1|1,0,10,3.885526,0.000905,10,3.885691,0.000678
4,5,8,1,0|2|4|0|1,0|0|0|1|0,0,10,3.872056,0.001040,10,3.871685,0.000650
4,5,8,1,0|2|4|0|0,0|0|0|2|0,0,10,3.823161,0.000331,10,3.823218,0.000531
4,5,8,1,0|2|4|1|0,0|0|0|0|1,0,10,3.869478,0.000744,10,3.869601,0.000289
4,5,8,1,0|2|4|1|1,0|0|0|0|0,0,10,3.849108,0.000650,10,3.848967,0.000476
4,5,8,1,0|2|4|1|0,0|0|0|1|0,0,10,3.818590,0.000500,10,3.818679,0.000483
4,5,8,1,0|2|4|2|0,0|0|0|0|0,0,10,3.793385,0.000385,10,3.792961,0.000404
4,5,8,1,0|2|4|0|0,0|0|1|0|1,0,10,3.810484,0.000515,10,3.810239,0.000508
4,5,8,1,0|2|4|0|1,0|0|1|0|0,0,10,3.783649,0.000652,10,3.783827,0.000519
4,5,8,1,0|2|4|0|0,0|0|1|1|0,0,10,3.765829,0.000270,10,3.765327,0.000441
4,5,8,1,0|2|4|1|0,0|0|1|0|0,0,10,3.737747,0.000407,10,3.737748,0.000366
4,5,8,1,0|2|4|0|0,0|0|2|0|0,0,10,3.592350,0.000522,10,3.592691,0.000536
4,5,8,1,0|2|5|0|0,0|0|0|0|1,0,10,3.810451,0.000664,10,3.810078,0.000436
4,5,8,1,0|2|5|0|1,0|0|0|0|0,0,10,3.783368,0.000342,10,3.783761,0.000524
4,5,8,1,0|2|5|0|0,0|0|0|1|0,0,10,3.765303,0.000409,10,3.765000,0.000348
4,5,8,1,0|2|5|1|0,0|0|0|0|0,0,10,3.737267,0.000471,10,3.737162,0.000426
4,5,8,1,0|2|5|0|0,0|0|1|0|0,0,10,3.592868,0.000416,10,3.592661,0.000357
4,5,8,1,0|2|6|0|0,0|0|0|0|0,0,10,3.592472,0.000525,10,3.592115,0.000390
4,5,8,1,0|2|0|0|0,0|1|0|0|5,0,10,3.886902,0.001282,10,3.886949,0.001040
4,5,8,1,0|2|0|0|1,0|1|0|0|4,0,10,3.889425,0.001042,10,3.889312,0.001543
4,5,8,1,0|2|0|0|2,0|1|0|0|3,0,10,3.887758,0.000794,10,3.887979,0.001106
4,5,8,1,0|2|0|0|3,0|1|0|0|2,0,10,3.885936,0.001346,10,3.885924,0.001189
4,5,8,1,0|2|0|0|4,0|1|0|0|1,0,10,3.882399,0.000763,10,3.882242,0.000893
4,5,8,1,0|2|0|0|5,0|1|0|0|0,0,10,3.876399,0.001193,10,3.876993,0.000996
4,5,8,1,0|2|0|0|0,0|1|0|1|4,0,10,3.926376,0.001254,10,3.925762,0.001091
4,5,8,1,0|2|0|0|1,0|1|0|1|3,0,10,3.927146,0.000826,10,3.927328,0.001203
4,5,8,1,0|2|0|0|2,0|1|0|1|2,0,10,3.926108,0.001312,10,3.926122,0.001170
4,5,8,1,0|2|0|0|3,0|1|0|1|1,0,10,3.923926,0.000884,10,3.924437,0.001025
4,5,8,1,0|2|0|0|4,0|1|0|1|0,0,10,3.918239,0.000489,10,3.919038,0.000751
4,5,8,1,0|2|0|0|0,0|1|0|2|3,0,10,3.926942,0.001250,10,3.927688,0.000759
4,5,8,1,0|2|0|0|1,0|1|0|2|2,0,10,3.928713,0.000762,10,3.928195,0.002070
4,5,8,1,0|2|0|0|2,0|1|0|2|1,0,10,3.925189,0.001038,10,3.925516,0.000591
4,5,8,1,0|2|0|0|3,0|1|0|2|0,0,10,3.918158,0.000732,10,3.918469,0.000957
4,5,8,1,0|2|0|0|0,0|1|0|3|2,0,10,3.918125,0.001065,10,3.918745,0.001106
4,5,8,1,0|2|0|0|1,0|1|0|3|1,0,10,3.918109,0.000839,10,3.918241,0.001075
4,5,8,1,0|2|0|0|2,0|1|0|3|0,0,10,3.906706,0.001085,10,3.907351,0.000769
4,5,8,1,0|2|0|0|0,0|1|0|4|1,0,10,3.891151,0.000698,10,3.890232,0.000629
4,5,8,1,0|2|0|0|1,0|1|0|4|0,0,10,3.878519,0.000977,10,3.878512,0.000752
4,5,8,1,0|2|0|0|0,0|1|0|5|0,0,10,3.782695,0.000441,10,3.782438,0.000528
4,5,8,1,0|2|0|1|0,0|1|0|0|4,0,10,3.920750,0.001300,10,3.920767,0.000768
4,5,8,1,0|2|0|1|1,0|1|0|0|3,0,10,3.921473,0.001052,10,3.921368,0.000928
4,5,8,1,0|2|0|1|2,0|1|0|0|2,0,10,3.918867,0.000971,10,3.918579,0.001266
4,5,8,1,0|2|0|1|3,0|1|0|0|1,0,10,3.915562,0.000907,10,3.915288,0.001296
4,5,8,1,0|2|0|1|4,0|1|0|0|0,0,10,3.908707,0.001192,10,3.908881,0.000927
4,5,8,1,0|2|0|1|0,0|1|0|1|3,0,10,3.926407,0.000990,10,3.926733,0.001567
4,5,8,1,0|2|0|1|1,0|1|0|1|2,0,10,3.926500,0.000870,10,3.926477,0.001116
4,5,8,1,0|2|0|1|2,0|1|0|1|1,0,10,3.923496,0.001195,10,3.924094,0.001180
4,5,8,1,0|2|0|1|3,0|1|0|1|0,0,10,3.916305,0.001037,10,3.916196,0.000643
4,5,8,1,0|2|0|1|0,0|1|0|2|2,0,10,3.918391,0.000981,10,3.917647,0.000939
4,5,8,1,0|2|0|1|1,0|1|0|2|1,0,10,3.917186,0.000648,10,3.916691,0.001192
4,5,8,1,0|2|0|1|2,0|1|0|2|0,0,10,3.906591,0.000569,10,3.906110,0.000834
4,5,8,1,0|2|0|1|0,0|1|0|3|1,0,10,3.889883,0.000673,10,3.890106,0.000775
4,5,8,1,0|2|0|1|1,0|1|0|3|0,0,10,3.877405,0.001061,10,3.877439,0.000686
4,5,8,1,0|2|0|1|0,0|1|0|4|0,0,10,3.784162,0.000425,10,3.784217,0.000220
4,5,8,1,0|2|0|2|0,0|1|0|0|3,0,10,3.921149,0.000723,10,3.921278,0.001184
4,5,8,1,0|2|0|2|1,0|1|0|0|2,0,10,3.920773,0.000868,10,3.921517,0.001291
4,5,8,1,0|2|0|2|2,0|1|0|0|1,0,10,3.915650,0.000887,10,3.915768,0.001082
4,5,8,1,0|2|0|2|3,0|1|0|0|0,0,10,3.905507,0.000609,10,3.905248,0.001171
4,5,8,1,0|2|0|2|0,0|1|0|1|2,0,10,3.915531,0.000519,10,3.915339,0.000947
4,5,8,1,0|2|0|2|1,0|1|0|1|1,0,10,3.913235,0.000973,10,3.913750,0.000687
4,5,8,1,0|2|0|2|2,0|1|0|1|0,0,10,3.901202,0.000943,10,3.900986,0.000770
4,5,8,1,0|2|0|2|0,0|1|0|2|1,0,10,3.887672,0.000597,10,3.887999,0.000509
4,5,8,1,0|2|0|2|1,0|1|0|2|0,0,10,3.874072,0.000798,10,3.874066,0.000639
4,5,8,1,0|2|0|2|0,0|1|0|3|0,0,10,3.783300,0.000406,10,3.783297,0.000249
4,5,8,1,0|2|0|3|0,0|1|0|0|2,0,10,3.910240,0.000979,10,3.910525,0.000368
4,5,8,1,0|2|0|3|1,0|1|0|0|1,0,10,3.908159,0.001105,10,3.908468,0.001275
4,5,8,1,0|2|0|3|2,0|1|0|0|0,0,10,3.892835,0.000656,10,3.892978,0.000972
4,5,8,1,0|2|0|3|0,0|1|0|1|1,0,10,3.885161,0.000754,10,3.884941,0.000917
4,5,8,1,0|2|0|3|1,0|1|0|1|0,0,10,3.870919,0.000496,10,3.870172,0.000656
4,5,8,1,0|2|0|3|0,0|1|0|2|0,0,10,3.781397,0.000505,10,3.781370,0.000423
4,5,8,1,0|2|0|4|0,0|1|0|0|1,0,10,3.880442,0.000689,10,3.881350,0.000707
4,5,8,1,0|2|0|4|1,0|1|0|0|0,0,10,3.865077,0.000724,10,3.865153,0.000668
4,5,8,1,0|2|0|4|0,0|1|0|1|0,0,10,3.778836,0.000381,10,3.778876,0.000412
4,5,8,1,0|2|0|5|0,0|1|0|0|0,0,10,3.774079,0.000348,10,3.773953,0.000425
4,5,8,1,0|2|0|0|0,0|1|1|0|4,0,10,3.911799,0.000816,10,3.911463,0.001332
4,5,8,1,0|2|0|0|1,0|1|1|0|3,0,10,3.913917,0.001077,10,3.912810,0.001111
4,5,8,1,0|2|0|0|2,0|1|1|0|2,0,10,3.910943,0.000985,10,3.911114,0.000962
4,5,8,1,0|2|0|0|3,0|1|1|0|1,0,10,3.907628,0.000885,10,3.907698,0.001511
4,5,8,1,0|2|0|0|4,0|1|1|0|0,0,10,3.901328,0.000620,10,3.900470,0.000881
4,5,8,1,0|2|0|0|0,0|1|1|1|3,0,10,3.934110,0.000877,10,3.933851,0.001068
4,5,8,1,0|2|0|0|1,0|1|1|1|2,0,10,3.934705,0.001152,10,3.935111,0.000668
4,5,8,1,0|2|0|0|2,0|1|1|1|1,0,10,3.932275,0.001957,10,3.931701,0.001498
4,5,8,1,0|2|0|0|3,0|1|1|1|0,0,10,3.926501,0.001504,10,3.926945,0.001216
4,5,8,1,0|2|0|0|0,0|1|1|2|2,0,10,3.933156,0.000775,10,3.933398,0.000862
4,5,8,1,0|2|0|0|1,0|1|1|2|1,0,10,3.933244,0.000769,10,3.933545,0.001394
4,5,8,1,0|2|0|0|2,0|1|1|2|0,0,10,3.925369,0.000670,10,3.925717,0.001068
4,5,8,1,0|2|0|0|0,0|1|1|3|1,0,10,3.920466,0.000456,10,3.920311,0.000775
4,5,8,1,0|2|0|0|1,0|1|1|3|0,0,10,3.913583,0.000608,10,3.912975,0.001043
4,5,8,1,0|2|0|0|0,0|1|1|4|0,0,10,3.862475,0.000429,10,3.862550,0.000584
4,5,8,1,0|2|0|1|0,0|1|1|0|3,0,10,3.927948,0.000904,10,3.928390,0.001094
4,5,8,1,0|2|0|1|1,0|1|1|0|2,0,10,3.927496,0.001041,10,3.928790,0.001320
4,5,8,1,0|2|0|1|2,0|1|1|0|1,0,10,3.924570,0.001058,10,3.924398,0.001399
4,5,8,1,0|2|0|1|3,0|1|1|0|0,0,10,3.917354,0.000433,10,3.917623,0.001223
4,5,8,1,0|2|0|1|0,0|1|1|1|2,0,10,3.931939,0.001068,10,3.932240,0.000813
4,5,8,1,0|2|0|1|1,0|1|1|1|1,0,10,3.930359,0.001049,10,3.930259,0.000844
4,5,8,1,0|2|0|1|2,0|1|1|1|0,0,10,3.923493,0.000752,10,3.923661,0.000874
4,5,8,1,0|2|0|1|0,0|1|1|2|1,0,10,3.920215,0.001111,10,3.920208,0.000793
4,5,8,1,0|2|0|1|1,0|1|1|2|0,0,10,3.912655,0.000706,10,3.911758,0.000849
4,5,8,1,0|2|0|1|0,0|1|1|3|0,0,10,3.864051,0.000646,10,3.864045,0.000795
4,5,8,1,0|2|0|2|0,0|1|1|0|2,0,10,3.925355,0.000968,10,3.925127,0.001011
4,5,8,1,0|2|0|2|1,0|1|1|0|1,0,10,3.923231,0.000879,10,3.923308,0.000821
4,5,8,1,0|2|0|2|2,0|1|1|0|0,0,10,3.912441,0.000721,10,3.912130,0.000927
4,5,8,1,0|2|0|2|0,0|1|1|1|1,0,10,3.916175,0.001021,10,3.916127,0.000435
4,5,8,1,0|2|0|2|1,0|1|1|1|0,0,10,3.907302,0.000722,10,3.906921,0.000849
4,5,8,1,0|2|0|2|0,0|1|1|2|0,0,10,3.860424,0.000501,10,3.860769,0.000560
4,5,8,1,0|2|0|3|0,0|1|1|0|1,0,10,3.909375,0.001029,10,3.909542,0.000865
4,5,8,1,0|2|0|3|1,0|1|1|0|0,0,10,3.898148,0.000888,10,3.898418,0.000917
4,5,8,1,0|2|0|3|0,0|1|1|1|0,0,10,3.855637,0.000590,10,3.856019,0.000700
4,5,8,1,0|2|0|4|0,0|1|1|0|0,0,10,3.846248,0.000355,10,3.846225,0.000726
4,5,8,1,0|2|0|0|0,0|1|2|0|3,0,10,3.903457,0.000980,10,3.903366,0.000783
4,5,8,1,0|2|0|0|1,0|1|2|0|2,0,10,3.904693,0.000675,10,3.903937,0.000784
4,5,8,1,0|2|0|0|2,0|1|2|0|1,0,10,3.899284,0.001208,10,3.898683,0.000928
4,5,8,1,0|2|0|0|3,0|1|2|0|0,0,10,3.887768,0.001048,10,3.887654,0.000921
4,5,8,1,0|2|0|0|0,0|1|2|1|2,0,10,3.923361,0.000675,10,3.923325,0.000541
4,5,8,1,0|2|0|0|1,0|1|2|1|1,0,10,3.922095,0.000981,10,3.922699,0.000967
4,5,8,1,0|2|0|0|2,0|1|2|1|0,0,10,3.913078,0.001119,10,3.912871,0.000989
4,5,8,1,0|2|0|0|0,0|1|2|2|1,0,10,3.913222,0.000970,10,3.913235,0.000688
4,5,8,1,0|2|0|0|1,0|1|2|2|0,0,10,3.904850,0.000427,10,3.904310,0.000643
4,5,8,1,0|2|0|0|0,0|1|2|3|0,0,10,3.855808,0.000412,10,3.855879,0.000762
4,5,8,1,0|2|0|1|0,0|1|2|0|2,0,10,3.915781,0.001139,10,3.915735,0.000711
4,5,8,1,0|2|0|1|1,0|1|2|0|1,0,10,3.912815,0.000675,10,3.911854,0.001069
4,5,8,1,0|2|0|1|2,0|1|2|0|0,0,10,3.900204,0.000943,10,3.899652,0.000789
4,5,8,1,0|2|0|1|0,0|1|2|1|1,0,10,3.910589,0.000665,10,3.910734,0.000952
4,5,8,1,0|2|0|1|1,0|1|2|1|0,0,10,3.901417,0.000874,10,3.901045,0.000270
4,5,8,1,0|2|0|1|0,0|1|2|2|0,0,10,3.856538,0.000626,10,3.856362,0.000458
4,5,8,1,0|2|0|2|0,0|1|2|0|1,0,10,3.900047,0.000717,10,3.900534,0.000424
4,5,8,1,0|2|0|2|1,0|1|2|0|0,0,10,3.886332,0.000552,10,3.886861,0.000763
4,5,8,1,0|2|0|2|0,0|1|2|1|0,0,10,3.849198,0.000505,10,3.849509,0.000409
4,5,8,1,0|2|0|3|0,0|1|2|0|0,0,10,3.835102,0.000517,10,3.835011,0.000354
4,5,8,1,0|2|0|0|0,0|1|3|0|2,0,10,3.878041,0.000782,10,3.878291,0.000858
4,5,8,1,0|2|0|0|1,0|1|3|0|1,0,10,3.875831,0.000777,10,3.876126,0.000921
4,5,8,1,0|2|0|0|2,0|1|3|0|0,0,10,3.855430,0.000624,10,3.855945,0.000837
4,5,8,1,0|2|0|0|0,0|1|3|1|1,0,10,3.890088,0.000445,10,3.890006,0.000732
4,5,8,1,0|2|0|0|1,0|1|3|1|0,0,10,3.877965,0.000411,10,3.877872,0.000569
4,5,8,1,0|2|0|0|0,0|1|3|2|0,0,10,3.827862,0.000484,10,3.828422,0.000451
4,5,8,1,0|2|0|1|0,0|1|3|0|1,0,10,3.877201,0.000710,10,3.876817,0.000552
4,5,8,1,0|2|0|1|1,0|1|3|0|0,0,10,3.858465,0.000577,10,3.858627,0.000727
4,5,8,1,0|2|0|1|0,0|1|3|1|0,0,10,3.824646,0.000731,10,3.824707,0.000545
4,5,8,1,0|2|0|2|0,0|1|3|0|0,0,10,3.803440,0.000437,10,3.803886,0.000500
4,5,8,1,0|2|0|0|0,0|1|4|0|1,0,10,3.811952,0.000859,10,3.811567,0.000471
4,5,8,1,0|2|0|0|1,0|1|4|0|0,0,10,3.787436,0.000403,10,3.787116,0.000474
4,5,8,1,0|2|0|0|0,0|1|4|1|0,0,10,3.768270,0.000532,10,3.768205,0.000427
4,5,8,1,0|2|0|1|0,0|1|4|0|0,0,10,3.743807,0.000411,10,3.743717,0.000294
4,5,8,1,0|2|0|0|0,0|1|5|0|0,0,10,3.583117,0.000680,10,3.583329,0.000559
4,5,8,1,0|2|1|0|0,0|1|0|0|4,0,10,3.908213,0.000581,10,3.908001,0.001622
4,5,8,1,0|2|1|0|1,0|1|0|0|3,0,10,3.909104,0.000788,10,3.908820,0.000908
4,5,8,1,0|2|1|0|2,0|1|0|0|2,0,10,3.906905,0.000957,10,3.906289,0.001433
4,5,8,1,0|2|1|0|3,0|1|0|0|1,0,10,3.902185,0.001012,10,3.901942,0.000622
4,5,8,1,0|2|1|0|4,0|1|0|0|0,0,10,3.894174,0.000721,10,3.894099,0.001149
4,5,8,1,0|2|1|0|0,0|1|0|1|3,0,10,3.930546,0.000775,10,3.930084,0.000872
4,5,8,1,0|2|1|0|1,0|1|0|1|2,0,10,3.930655,0.001026,10,3.930575,0.001323
4,5,8,1,0|2|1|0|2,0|1|0|1|1,0,10,3.928196,0.001168,10,3.927724,0.001017
4,5,8,1,0|2|1|0|3,0|1|0|1|0,0,10,3.920991,0.000932,10,3.920315,0.001113
4,5,8,1,0|2|1|0|0,0|1|0|2|2,0,10,3.928615,0.001165,10,3.928442,0.001093
4,5,8,1,0|2|1|0|1,0|1|0|2|1,0,10,3.928265,0.000812,10,3.928177,0.000709
4,5,8,1,0|2|1|0|2,0|1|0|2|0,0,10,3.919703,0.001063,10,3.919615,0.000613
4,5,8,1,0|2|1|0|0,0|1|0|3|1,0,10,3.913671,0.000572,10,3.914200,0.000863
4,5,8,1,0|2|1|0|1,0|1|0|3|0,0,10,3.905085,0.000815,10,3.905858,0.000809
4,5,8,1,0|2|1|0|0,0|1|0|4|0,0,10,3.851021,0.000496,10,3.851205,0.000625
4,5,8,1,0|2|1|1|0,0|1|0|0|3,0,10,3.923421,0.000463,10,3.922703,0.001214
4,5,8,1,0|2|1|1|1,0|1|0|0|2,0,10,3.922307,0.000744,10,3.922074,0.001273
4,5,8,1,0|2|1|1|2,0|1|0|0|1,0,10,3.917513,0.001000,10,3.916954,0.000749
4,5,8,1,0|2|1|1|3,0|1|0|0|0,0,10,3.907788,0.000870,10,3.907621,0.000958
4,5,8,1,0|2|1|1|0,0|1|0|1|2,0,10,3.926428,0.000679,10,3.926153,0.001368
4,5,8,1,0|2|1|1|1,0|1|0|1|1,0,10,3.924686,0.000879,10,3.924341,0.000796
4,5,8,1,0|2|1|1|2,0|1|0|1|0,0,10,3.915256,0.000866,10,3.915555,0.000944
4,5,8,1,0|2|1|1|0,0|1|0|2|1,0,10,3.912406,0.000820,10,3.912412,0.001072
4,5,8,1,0|2|1|1|1,0|1|0|2|0,0,10,3.902754,0.000898,10,3.903188,0.000819
4,5,8,1,0|2|1|1|0,0|1|0|3|0,0,10,3.851640,0.000698,10,3.851601,0.000876
4,5,8,1,0|2|1|2|0,0|1|0|0|2,0,10,3.917941,0.000739,10,3.917957,0.000783
4,5,8,1,0|2|1|2|1,0|1|0|0|1,0,10,3.915110,0.000648,10,3.914623,0.001030
4,5,8,1,0|2|1|2|2,0|1|0|0|0,0,10,3.901637,0.000591,10,3.901632,0.000874
4,5,8,1,0|2|1|2|0,0|1|0|1|1,0,10,3.907579,0.000600,10,3.907635,0.001068
4,5,8,1,0|2|1|2|1,0|1|0|1|0,0,10,3.896694,0.000824,10,3.897017,0.000824
4,5,8,1,0|2|1|2|0,0|1|0|2|0,0,10,3.847672,0.000849,10,3.847385,0.000776
4,5,8,1,0|2|1|3|0,0|1|0|0|1,0,10,3.898949,0.000688,10,3.899336,0.000597
4,5,8,1,0|2|1|3|1,0|1|0|0|0,0,10,3.885898,0.000883,10,3.885405,0.000734
4,5,8,1,0|2|1|3|0,0|1|0|1|0,0,10,3.841796,0.000689,10,3.841996,0.000662
4,5,8,1,0|2|1|4|0,0|1|0|0|0,0,10,3.831011,0.000526,10,3.830566,0.000585
4,5,8,1,0|2|1|0|0,0|1|1|0|3,0,10,3.902662,0.000994,10,3.902528,0.000692
4,5,8,1,0|2|1|0|1,0|1|1|0|2,0,10,3.903755,0.001135,10,3.903422,0.001325
4,5,8,1,0|2|1|0|2,0|1|1|0|1,0,10,3.897622,0.001172,10,3.897707,0.001271
4,5,8,1,0|2|1|0|3,0|1|1|0|0,0,10,3.884976,0.000969,10,3.885258,0.000803
4,5,8,1,0|2|1|0|0,0|1|1|1|2,0,10,3.920884,0.000843,10,3.921348,0.000804
4,5,8,1,0|2|1|0|1,0|1|1|1|1,0,10,3.919967,0.000557,10,3.920348,0.000418
4,5,8,1,0|2|1|0|2,0|1|1|1|0,0,10,3.909952,0.001148,10,3.909886,0.001075
4,5,8,1,0|2|1|0|0,0|1|1|2|1,0,10,3.910935,0.000701,10,3.911227,0.000574
4,5,8,1,0|2|1|0|1,0|1|1|2|0,0,10,3.901693,0.000554,10,3.901705,0.000874
4,5,8,1,0|2|1|0|0,0|1|1|3|0,0,10,3.853887,0.000594,10,3.853586,0.000575
4,5,8,1,0|2|1|1|0,0|1|1|0|2,0,10,3.912148,0.001027,10,3.912470,0.000829
4,5,8,1,0|2|1|1|1,0|1|1|0|1,0,10,3.908603,0.000813,10,3.907963,0.000611
4,5,8,1,0|2|1|1|2,0|1|1|0|0,0,10,3.894414,0.000946,10,3.894335,0.000579
4,5,8,1,0|2|1|1|0,0|1|1|1|1,0,10,3.907094,0.000707,10,3.907378,0.001036
4,5,8,1,0|2|1|1|1,0|1|1|1|0,0,10,3.896368,0.000608,10,3.896554,0.000578
4,5,8,1,0|2|1|1|0,0|1|1|2|0,0,10,3.852324,0.000594,10,3.852706,0.000500
4,5,8,1,0|2|1|2|0,0|1|1|0|1,0,10,3.896015,0.000859,10,3.895584,0.000559
4,5,8,1,0|2|1|2|1,0|1|1|0|0,0,10,3.880675,0.000837,10,3.880801,0.000989
4,5,8,1,0|2|1|2|0,0|1|1|1|0,0,10,3.845185,0.000294,10,3.844735,0.000568
4,5,8,1,0|2|1|3|0,0|1|1|0|0,0,10,3.830021,0.000584,10,3.830357,0.000429
4,5,8,1,0|2|1|0|0,0|1|2|0|2,0,10,3.878435,0.000695,10,3.877821,0.001132
4,5,8,1,0|2|1|0|1,0|1|2|0|1,0,10,3.874756,0.000825,10,3.874836,0.000547
4,5,8,1,0|2|1|0|2,0|1|2|0|0,0,10,3.854309,0.000310,10,3.853900,0.000951
4,5,8,1,0|2|1|0|0,0|1|2|1|1,0,10,3.887532,0.000561,10,3.887902,0.000616
4,5,8,1,0|2|1|0|1,0|1|2|1|0,0,10,3.874563,0.000639,10,3.874721,0.000536
4,5,8,1,0|2|1|0|0,0|1|2|2|0,0,10,3.826399,0.000477,10,3.826468,0.000403
4,5,8,1,0|2|1|1|0,0|1|2|0|1,0,10,3.872514,0.000433,10,3.872805,0.000338
4,5,8,1,0|2|1|1|1,0|1|2|0|0,0,10,3.853526,0.000740,10,3.853436,0.000704
4,5,8,1,0|2|1|1|0,0|1|2|1|0,0,10,3.821228,0.000628,10,3.821425,0.000395
4,5,8,1,0|2|1|2|0,0|1|2|0|0,0,10,3.800085,0.000487,10,3.799876,0.000330
4,5,8,1,0|2|1|0|0,0|1|3|0|1,0,10,3.811405,0.000616,10,3.811451,0.000417
4,5,8,1,0|2|1|0|1,0|1|3|0|0,0,10,3.785889,0.000662,10,3.786215,0.000643
4,5,8,1,0|2|1|0|0,0|1|3|1|0,0,10,3.767093,0.000316,10,3.766829,0.000581
4,5,8,1,0|2|1|1|0,0|1|3|0|0,0,10,3.740602,0.000437,10,3.740574,0.000410
4,5,8,1,0|2|1|0|0,0|1|4|0|0,0,10,3.588935,0.000581,10,3.589073,0.000508
4,5,8,1,0|2|2|0|0,0|1|0|0|3,0,10,3.900054,0.000639,10,3.899666,0.000693
4,5,8,1,0|2|2|0|1,0|1|0|0|2,0,10,3.900309,0.000715,10,3.900873,0.001012
4,5,8,1,0|2|2|0|2,0|1|0|0|1,0,10,3.893535,0.000821,10,3.893091,0.001223
4,5,8,1,0|2|2|0|3,0|1|0|0|0,0,10,3.879233,0.000754,10,3.879106,0.001055
4,5,8,1,0|2|2|0|0,0|1|0|1|2,0,10,3.918541,0.000877,10,3.919317,0.001142
4,5,8,1,0|2|2|0|1,0|1|0|1|1,0,10,3.917246,0.000508,10,3.916933,0.000740
4,5,8,1,0|2|2|0|2,0|1|0|1|0,0,10,3.906381,0.001103,10,3.905195,0.000650
4,5,8,1,0|2|2|0|0,0|1|0|2|1,0,10,3.907201,0.001025,10,3.907656,0.000922
4,5,8,1,0|2|2|0|1,0|1|0|2|0,0,10,3.897106,0.001051,10,3.896943,0.000690
4,5,8,1,0|2|2|0|0,0|1|0|3|0,0,10,3.847550,0.000484,10,3.847320,0.000768
4,5,8,1,0|2|2|1|0,0|1|0|0|2,0,10,3.908087,0.001161,10,3.908822,0.001000
4,5,8,1,0|2|2|1|1,0|1|0|0|1,0,10,3.903779,0.000994,10,3.903013,0.000233
4,5,8,1,0|2|2|1|2,0|1|0|0|0,0,10,3.888483,0.000774,10,3.888318,0.000618
4,5,8,1,0|2|2|1|0,0|1|0|1|1,0,10,3.903190,0.000616,10,3.902768,0.001031
4,5,8,1,0|2|2|1|1,0|1|0|1|0,0,10,3.891348,0.000813,10,3.891902,0.000625
4,5,8,1,0|2|2|1|0,0|1|0|2|0,0,10,3.846377,0.000839,10,3.846460,0.000351
4,5,8,1,0|2|2|2|0,0|1|0|0|1,0,10,3.889779,0.000744,10,3.889029,0.000623
4,5,8,1,0|2|2|2|1,0|1|0|0|0,0,10,3.873209,0.000868,10,3.873041,0.000489
4,5,8,1,0|2|2|2|0,0|1|0|1|0,0,10,3.837316,0.000370,10,3.837263,0.000450
4,5,8,1,0|2|2|3|0,0|1|0|0|0,0,10,3.820108,0.000489,10,3.819906,0.000521
4,5,8,1,0|2|2|0|0,0|1|1|0|2,0,10,3.875974,0.001290,10,3.876048,0.001023
4,5,8,1,0|2|2|0|1,0|1|1|0|1,0,10,3.872487,0.000775,10,3.873086,0.000604
4,5,8,1,0|2|2|0|2,0|1|1|0|0,0,10,3.850657,0.000647,10,3.850986,0.001078
4,5,8,1,0|2|2|0|0,0|1|1|1|1,0,10,3.886002,0.000852,10,3.885930,0.000779
4,5,8,1,0|2|2|0|1,0|1|1|1|0,0,10,3.872290,0.000685,10,3.872307,0.000689
4,5,8,1,0|2|2|0|0,0|1|1|2|0,0,10,3.823806,0.000397,10,3.824374,0.000514
4,5,8,1,0|2|2|1|0,0|1|1|0|1,0,10,3.869801,0.000539,10,3.869953,0.000930
4,5,8,1,0|2|2|1|1,0|1|1|0|0,0,10,3.849734,0.000859,10,3.849634,0.000658
4,5,8,1,0|2|2|1|0,0|1|1|1|0,0,10,3.818526,0.000347,10,3.818266,0.000406
4,5,8,1,0|2|2|2|0,0|1|1|0|0,0,10,3.795155,0.000453,10,3.794954,0.000437
4,5,8,1,0|2|2|0|0,0|1|2|0|1,0,10,3.810706,0.000494,10,3.810807,0.000708
4,5,8,1,0|2|2|0|1,0|1|2|0|0,0,10,3.784233,0.000601,10,3.784510,0.000352
4,5,8,1,0|2|2|0|0,0|1|2|1|0,0,10,3.765837,0.000348,10,3.766041,0.000519
4,5,8,1,0|2|2|1|0,0|1|2|0|0,0,10,3.738271,0.000625,10,3.738525,0.000321
4,5,8,1,0|2|2|0|0,0|1|3|0|0,0,10,3.591808,0.000453,10,3.591560,0.000679
4,5,8,1,0|2|3|0|0,0|1|0|0|2,0,10,3.874285,0.000757,10,3.873715,0.000866
4,5,8,1,0|2|3|0|1,0|1|0|0|1,0,10,3.871436,0.000888,10,3.870816,0.000852
4,5,8,1,0|2|3|0|2,0|1|0|0|0,0,10,3.848163,0.000828,10,3.847533,0.000785
4,5,8,1,0|2|3|0|0,0|1|0|1|1,0,10,3.883967,0.000808,10,3.884442,0.000670
4,5,8,1,0|2|3|0|1,0|1|0|1|0,0,10,3.870276,0.001293,10,3.870450,0.000356
4,5,8,1,0|2|3|0|0,0|1|0|2|0,0,10,3.821432,0.000722,10,3.821178,0.000302
4,5,8,1,0|2|3|1|0,0|1|0|0|1,0,10,3.867901,0.001117,10,3.867955,0.000644
4,5,8,1,0|2|3|1|1,0|1|0|0|0,0,10,3.847332,0.000764,10,3.846726,0.000694
4,5,8,1,0|2|3|1|0,0|1|0|1|0,0,10,3.816069,0.000675,10,3.816139,0.000518
4,5,8,1,0|2|3|2|0,0|1|0|0|0,0,10,3.790717,0.000686,10,3.790735,0.000393
4,5,8,1,0|2|3|0|0,0|1|1|0|1,0,10,3.810406,0.000614,10,3.810219,0.000375
4,5,8,1,0|2|3|0|1,0|1|1|0|0,0,10,3.783655,0.000595,10,3.783347,0.000427
4,5,8,1,0|2|3|0|0,0|1|1|1|0,0,10,3.765125,0.000414,10,3.765080,0.000439
4,5,8,1,0|2|3|1|0,0|1|1|0|0,0,10,3.737376,0.000645,10,3.737312,0.000481
4,5,8,1,0|2|3|0|0,0|1|2|0|0,0,10,3.592488,0.000342,10,3.592186,0.000614
4,5,8,1,0|2|4|0|0,0|1|0|0|1,0,10,3.809537,0.000729,10,3.809700,0.000730
4,5,8,1,0|2|4|0|1,0|1|0|0|0,0,10,3.782757,0.000446,10,3.782635,0.000725
4,5,8,1,0|2|4|0|0,0|1|0|1|0,0,10,3.764238,0.000328,10,3.764115,0.000471
4,5,8,1,0|2|4|1|0,0|1|0|0|0,0,10,3.735899,0.000627,10,3.736272,0.000294
4,5,8,1,0|2|4|0|0,0|1|1|0|0,0,10,3.592457,0.000513,10,3.592389,0.000610
4,5,8,1,0|2|5|0|0,0|1|0|0|0,0,10,3.592232,0.000527,10,3.592179,0.000640
4,5,8,1,0|2|0|0|0,0|2|0|0|4,0,10,3.874842,0.000891,10,3.875076,0.000412
4,5,8,1,0|2|0|0|1,0|2|0|0|3,0,10,3.877735,0.001031,10,3.877328,0.000574
4,5,8,1,0|2|0|0|2,0|2|0|0|2,0,10,3.874275,0.000828,10,3.874544,0.001080
4,5,8,1,0|2|0|0|3,0|2|0|0|1,0,10,3.869482,0.000619,10,3.869024,0.000759
4,5,8,1,0|2|0|0|4,0|2|0|0|0,0,10,3.858159,0.000914,10,3.858446,0.001017
4,5,8,1,0|2|0|0|0,0|2|0|1|3,0,10,3.916339,0.000842,10,3.915824,0.001319
4,5,8,1,0|2|0|0|1,0|2|0|1|2,0,10,3.916661,0.000800,10,3.917027,0.001266
4,5,8,1,0|2|0|0|2,0|2|0|1|1,0,10,3.912665,0.000948,10,3.912955,0.000940
4,5,8,1,0|2|0|0|3,0|2|0|1|0,0,10,3.903058,0.001193,10,3.903443,0.000489
4,5,8,1,0|2|0|0|0,0|2|0|2|2,0,10,3.911107,0.000409,10,3.910651,0.000899
4,5,8,1,0|2|0|0|1,0|2|0|2|1,0,10,3.910764,0.001510,10,3.910633,0.000698
4,5,8,1,0|2|0|0|2,0|2|0|2|0,0,10,3.897685,0.000946,10,3.897731,0.000876
4,5,8,1,0|2|0|0|0,0|2|0|3|1,0,10,3.883769,0.000791,10,3.883594,0.000820
4,5,8,1,0|2|0|0|1,0|2|0|3|0,0,10,3.870063,0.000574,10,3.869699,0.000806
4,5,8,1,0|2|0|0|0,0|2|0|4|0,0,10,3.772582,0.000498,10,3.773032,0.000452
4,5,8,1,0|2|0|1|0,0|2|0|0|3,0,10,3.908631,0.000853,10,3.908649,0.001243
4,5,8,1,0|2|0|1|1,0|2|0|0|2,0,10,3.907895,0.001082,10,3.907550,0.001070
4,5,8,1,0|2|0|1|2,0|2|0|0|1,0,10,3.901773,0.000906,10,3.902428,0.000757
4,5,8,1,0|2|0|1|3,0|2|0|0|0,0,10,3.889838,0.001285,10,3.889699,0.000765
4,5,8,1,0|2|0|1|0,0|2|0|1|2,0,10,3.908810,0.001330,10,3.909299,0.000641
4,5,8,1,0|2|0|1|1,0|2|0|1|1,0,10,3.907453,0.000649,10,3.907504,0.001356
4,5,8,1,0|2|0|1|2,0|2|0|1|0,0,10,3.894307,0.000998,10,3.894083,0.000655
4,5,8,1,0|2|0|1|0,0|2|0|2|1,0,10,3.882851,0.000794,10,3.882574,0.000582
4,5,8,1,0|2|0|1|1,0|2|0|2|0,0,10,3.868324,0.000559,10,3.867771,0.000510
4,5,8,1,0|2|0|1|0,0|2|0|3|0,0,10,3.774740,0.000383,10,3.774443,0.000320
4,5,8,1,0|2|0|2|0,0|2|0|0|2,0,10,3.901537,0.000503,10,3.900829,0.000825
4,5,8,1,0|2|0|2|1,0|2|0|0|1,0,10,3.897935,0.000846,10,3.897776,0.000999
4,5,8,1,0|2|0|2|2,0|2|0|0|0,0,10,3.879959,0.000759,10,3.880368,0.000546
4,5,8,1,0|2|0|2|0,0|2|0|1|1,0,10,3.878410,0.001156,10,3.878265,0.000476
4,5,8,1,0|2|0|2|1,0|2|0|1|0,0,10,3.862268,0.000721,10,3.862502,0.000464
4,5,8,1,0|2|0|2|0,0|2|0|2|0,0,10,3.772260,0.000560,10,3.772397,0.000423
4,5,8,1,0|2|0|3|0,0|2|0|0|1,0,10,3.871225,0.000896,10,3.871548,0.000735
4,5,8,1,0|2|0|3|1,0|2|0|0|0,0,10,3.852812,0.000613,10,3.852899,0.000643
4,5,8,1,0|2|0|3|0,0|2|0|1|0,0,10,3.768458,0.000451,10,3.768279,0.000234
4,5,8,1,0|2|0|4|0,0|2|0|0|0,0,10,3.761066,0.000181,10,3.760588,0.000343
4,5,8,1,0|2|0|0|0,0|2|1|0|3,0,10,3.897127,0.000993,10,3.897710,0.001285
4,5,8,1,0|2|0|0|1,0|2|1|0|2,0,10,3.898317,0.000896,10,3.898425,0.000875
4,5,8,1,0|2|0|0|2,0|2|1|0|1,0,10,3.893641,0.000938,10,3.892538,0.000715
4,5,8,1,0|2|0|0|3,0|2|1|0|0,0,10,3.880511,0.000506,10,3.880025,0.000708
4,5,8,1,0|2|0|0|0,0|2|1|1|2,0,10,3.918448,0.000801,10,3.919066,0.000638
4,5,8,1,0|2|0|0|1,0|2|1|1|1,0,10,3.918082,0.000667,10,3.918098,0.000757
4,5,8,1,0|2|0|0|2,0|2|1|1|0,0,10,3.907795,0.000688,10,3.907628,0.001294
4,5,8,1,0|2|0|0|0,0|2|1|2|1,0,10,3.907871,0.000545,10,3.907502,0.000696
4,5,8,1,0|2|0|0|1,0|2|1|2|0,0,10,3.898012,0.001019,10,3.898257,0.000967
4,5,8,1,0|2|0|0|0,0|2|1|3|0,0,10,3.843866,0.000692,10,3.843910,0.000341
4,5,8,1,0|2|0|1|0,0|2|1|0|2,0,10,3.910623,0.000715,10,3.910666,0.001062
4,5,8,1,0|2|0|1|1,0|2|1|0|1,0,10,3.907428,0.000809,10,3.907185,0.000759
4,5,8,1,0|2|0|1|2,0|2|1|0|0,0,10,3.892866,0.001046,10,3.893122,0.000816
4,5,8,1,0|2|0|1|0,0|2|1|1|1,0,10,3.904834,0.000570,10,3.905055,0.000729
4,5,8,1,0|2|0|1|1,0|2|1|1|0,0,10,3.894065,0.000792,10,3.894208,0.000776
4,5,8,1,0|2|0|1|0,0|2|1|2|0,0,10,3.844182,0.000562,10,3.843799,0.000521
4,5,8,1,0|2|0|2|0,0|2|1|0|1,0,10,3.894277,0.000680,10,3.894086,0.000651
4,5,8,1,0|2|0|2|1,0|2|1|0|0,0,10,3.878988,0.000938,10,3.878904,0.000565
4,5,8,1,0|2|0|2|0,0|2|1|1|0,0,10,3.837025,0.000419,10,3.837016,0.000870
4,5,8,1,0|2|0|3|0,0|2|1|0|0,0,10,3.822950,0.000316,10,3.822801,0.000553
4,5,8,1,0|2|0|0|0,0|2|2|0|2,0,10,3.875584,0.000911,10,3.876063,0.001134
4,5,8,1,0|2|0|0|1,0|2|2|0|1,0,10,3.873905,0.001036,10,3.873903,0.000798
4,5,8,1,0|2|0|0|2,0|2|2|0|0,0,10,3.852916,0.000659,10,3.852920,0.000561
4,5,8,1,0|2|0|0|0,0|2|2|1|1,0,10,3.887293,0.000582,10,3.887515,0.000608
4,5,8,1,0|2|0|0|1,0|2|2|1|0,0,10,3.875071,0.000797,10,3.875054,0.000873
4,5,8,1,0|2|0|0|0,0|2|2|2|0,0,10,3.824706,0.000484,10,3.824935,0.000439
4,5,8,1,0|2|0|1|0,0|2|2|0|1,0,10,3.874198,0.000558,10,3.874227,0.000737
4,5,8,1,0|2|0|1|1,0|2|2|0|0,0,10,3.855872,0.000606,10,3.855535,0.000708
4,5,8,1,0|2|0|1|0,0|2|2|1|0,0,10,3.820634,0.000688,10,3.820876,0.000263
4,5,8,1,0|2|0|2|0,0|2|2|0|0,0,10,3.800160,0.000500,10,3.800023,0.000285
4,5,8,1,0|2|0|0|0,0|2|3|0|1,0,10,3.810859,0.000564,10,3.810792,0.000559
4,5,8,1,0|2|0|0|1,0|2|3|0|0,0,10,3.786014,0.000432,10,3.786154,0.000625
4,5,8,1,0|2|0|0|0,0|2|3|1|0,0,10,3.766791,0.000760,10,3.766895,0.000697
4,5,8,1,0|2|0|1|0,0|2|3|0|0,0,10,3.742002,0.000386,10,3.742169,0.000529
4,5,8,1,0|2|0|0|0,0|2|4|0|0,0,10,3.582450,0.000397,10,3.582448,0.000334
4,5,8,1,0|2|1|0|0,0|2|0|0|3,0,10,3.891508,0.000765,10,3.890779,0.001133
4,5,8,1,0|2|1|0|1,0|2|0|0|2,0,10,3.892472,0.000793,10,3.892698,0.000768
4,5,8,1,0|2|1|0|2,0|2|0|0|1,0,10,3.885754,0.000653,10,3.885615,0.000977
4,5,8,1,0|2|1|0|3,0|2|0|0|0,0,10,3.870568,0.000879,10,3.870611,0.001116
4,5,8,1,0|2|1|0|0,0|2|0|1|2,0,10,3.913272,0.000926,10,3.913634,0.001008
4,5,8,1,0|2|1|0|1,0|2|0|1|1,0,10,3.911257,0.000871,10,3.911551,0.000549
4,5,8,1,0|2|1|0|2,0|2|0|1|0,0,10,3.899492,0.000625,10,3.899563,0.000784
4,5,8,1,0|2|1|0|0,0|2|0|2|1,0,10,3.899882,0.000994,10,3.899836,0.000778
4,5,8,1,0|2|1|0|1,0|2|0|2|0,0,10,3.888357,0.000785,10,3.888706,0.000550
4,5,8,1,0|2|1|0|0,0|2|0|3|0,0,10,3.831795,0.000491,10,3.831901,0.000491
4,5,8,1,0|2|1|1|0,0|2|0|0|2,0,10,3.902375,0.000480,10,3.902659,0.000676
4,5,8,1,0|2|1|1|1,0|2|0|0|1,0,10,3.897382,0.000796,10,3.897283,0.000854
4,5,8,1,0|2|1|1|2,0|2|0|0|0,0,10,3.880197,0.001142,10,3.880726,0.000568
4,5,8,1,0|2|1|1|0,0|2|0|1|1,0,10,3.895621,0.000563,10,3.895473,0.000711
4,5,8,1,0|2|1|1|1,0|2|0|1|0,0,10,3.882461,0.000658,10,3.882738,0.000647
4,5,8,1,0|2|1|1|0,0|2|0|2|0,0,10,3.830238,0.000718,10,3.830345,0.000776
4,5,8,1,0|2|1|2|0,0|2|0|0|1,0,10,3.882563,0.000711,10,3.882330,0.000616
4,5,8,1,0|2|1|2|1,0|2|0|0|0,0,10,3.864479,0.000535,10,3.864583,0.000667
4,5,8,1,0|2|1|2|0,0|2|0|1|0,0,10,3.822330,0.000758,10,3.822205,0.000536
4,5,8,1,0|2|1|3|0,0|2|0|0|0,0,10,3.806175,0.000529,10,3.806274,0.000549
4,5,8,1,0|2|1|0|0,0|2|1|0|2,0,10,3.874279,0.000696,10,3.874440,0.000651
4,5,8,1,0|2|1|0|1,0|2|1|0|1,0,10,3.871282,0.000867,10,3.871174,0.000696
4,5,8,1,0|2|1|0|2,0|2|1|0|0,0,10,3.849689,0.000719,10,3.850002,0.000723
4,5,8,1,0|2|1|0|0,0|2|1|1|1,0,10,3.884701,0.000595,10,3.884418,0.000870
4,5,8,1,0|2|1|0|1,0|2|1|1|0,0,10,3.870718,0.000816,10,3.870850,0.000790
4,5,8,1,0|2|1|0|0,0|2|1|2|0,0,10,3.821545,0.000542,10,3.821962,0.000556
4,5,8,1,0|2|1|1|0,0|2|1|0|1,0,10,3.868933,0.000541,10,3.869039,0.000632
4,5,8,1,0|2|1|1|1,0|2|1|0|0,0,10,3.848907,0.000713,10,3.848847,0.000676
4,5,8,1,0|2|1|1|0,0|2|1|1|0,0,10,3.815468,0.000534,10,3.815755,0.000382
4,5,8,1,0|2|1|2|0,0|2|1|0|0,0,10,3.793986,0.000499,10,3.794342,0.000578
4,5,8,1,0|2|1|0|0,0|2|2|0|1,0,10,3.809941,0.000420,10,3.810443,0.000433
4,5,8,1,0|2|1|0|1,0|2|2|0|0,0,10,3.784360,0.000442,10,3.784059,0.000571
4,5,8,1,0|2|1|0|0,0|2|2|1|0,0,10,3.765425,0.000560,10,3.765575,0.000494
4,5,8,1,0|2|1|1|0,0|2|2|0|0,0,10,3.738700,0.000382,10,3.738588,0.000654
4,5,8,1,0|2|1|0|0,0|2|3|0|0,0,10,3.588372,0.000609,10,3.587977,0.000641
4,5,8,1,0|2|2|0|0,0|2|0|0|2,0,10,3.870835,0.000903,10,3.870406,0.000553
4,5,8,1,0|2|2|0|1,0|2|0|0|1,0,10,3.866354,0.001118,10,3.866891,0.000739
4,5,8,1,0|2|2|0|2,0|2|0|0|0,0,10,3.842794,0.000770,10,3.842794,0.000728
4,5,8,1,0|2|2|0|0,0|2|0|1|1,0,10,3.880521,0.000620,10,3.880263,0.000831
4,5,8,1,0|2|2|0|1,0|2|0|1|0,0,10,3.865935,0.000721,10,3.865773,0.000729
4,5,8,1,0|2|2|0|0,0|2|0|2|0,0,10,3.815603,0.000775,10,3.815117,0.000346
4,5,8,1,0|2|2|1|0,0|2|0|0|1,0,10,3.863258,0.000485,10,3.863270,0.000524
4,5,8,1,0|2|2|1|1,0|2|0|0|0,0,10,3.841599,0.000569,10,3.841256,0.000498
4,5,8,1,0|2|2|1|0,0|2|0|1|0,0,10,3.809096,0.000358,10,3.809187,0.000650
4,5,8,1,0|2|2|2|0,0|2|0|0|0,0,10,3.784289,0.000428,10,3.784426,0.000518
4,5,8,1,0|2|2|0|0,0|2|1|0|1,0,10,3.808524,0.000293,10,3.808391,0.000548
4,5,8,1,0|2|2|0|1,0|2|1|0|0,0,10,3.781604,0.000356,10,3.782088,0.000674
4,5,8,1,0|2|2|0|0,0|2|1|1|0,0,10,3.763644,0.000408,10,3.763168,0.000588
4,5,8,1,0|2|2|1|0,0|2|1|0|0,0,10,3.735178,0.000552,10,3.735067,0.000395
4,5,8,1,0|2|2|0|0,0|2|2|0|0,0,10,3.590358,0.000747,10,3.590437,0.000574
4,5,8,1,0|2|3|0|0,0|2|0|0|1,0,10,3.807200,0.000481,10,3.806494,0.000686
4,5,8,1,0|2|3|0|1,0|2|0|0|0,0,10,3.779696,0.000759,10,3.779142,0.000364
4,5,8,1,0|2|3|0|0,0|2|0|1|0,0,10,3.760838,0.000448,10,3.760920,0.000385
4,5,8,1,0|2|3|1|0,0|2|0|0|0,0,10,3.732278,0.000382,10,3.732424,0.000341
4,5,8,1,0|2|3|0|0,0|2|1|0|0,0,10,3.590899,0.000695,10,3.590753,0.000476
4,5,8,1,0|2|4|0|0,0|2|0|0|0,0,10,3.589831,0.000308,10,3.589924,0.000585
4,5,8,1,0|2|0|0|0,0|3|0|0|3,0,10,3.853581,0.000576,10,3.852893,0.000540
4,5,8,1,0|2|0|0|1,0|3|0|0|2,0,10,3.855947,0.000878,10,3.855531,0.001137
4,5,8,1,0|2|0|0|2,0|3|0|0|1,0,10,3.847451,0.001107,10,3.847559,0.000668
4,5,8,1,0|2|0|0|3,0|3|0|0|0,0,10,3.829388,0.000897,10,3.829223,0.000424
4,5,8,1,0|2|0|0|0,0|3|0|1|2,0,10,3.893303,0.000985,10,3.893369,0.001000
4,5,8,1,0|2|0|0|1,0|3|0|1|1,0,10,3.892318,0.000699,10,3.891324,0.000299
4,5,8,1,0|2|0|0|2,0|3|0|1|0,0,10,3.875531,0.000679,10,3.875329,0.000909
4,5,8,1,0|2|0|0|0,0|3|0|2|1,0,10,3.869656,0.000593,10,3.869735,0.000633
4,5,8,1,0|2|0|0|1,0|3|0|2|0,0,10,3.854083,0.000583,10,3.854337,0.000606
4,5,8,1,0|2|0|0|0,0|3|0|3|0,0,10,3.756124,0.000642,10,3.756068,0.000462
4,5,8,1,0|2|0|1|0,0|3|0|0|2,0,10,3.881596,0.000556,10,3.882112,0.000945
4,5,8,1,0|2|0|1|1,0|3|0|0|1,0,10,3.876413,0.000920,10,3.876777,0.000794
4,5,8,1,0|2|0|1|2,0|3|0|0|0,0,10,3.855814,0.000595,10,3.856386,0.000821
4,5,8,1,0|2|0|1|0,0|3|0|1|1,0,10,3.866188,0.001000,10,3.866439,0.000639
4,5,8,1,0|2|0|1|1,0|3|0|1|0,0,10,3.848504,0.000601,10,3.848581,0.000481
4,5,8,1,0|2|0|1|0,0|3|0|2|0,0,10,3.757012,0.000504,10,3.756923,0.000400
4,5,8,1,0|2|0|2|0,0|3|0|0|1,0,10,3.853786,0.000505,10,3.854172,0.000587
4,5,8,1,0|2|0|2|1,0|3|0|0|0,0,10,3.831364,0.000643,10,3.831770,0.000638
4,5,8,1,0|2|0|2|0,0|3|0|1|0,0,10,3.751642,0.000512,10,3.751327,0.000374
4,5,8,1,0|2|0|3|0,0|3|0|0|0,0,10,3.738604,0.000537,10,3.738430,0.000326
4,5,8,1,0|2|0|0|0,0|3|1|0|2,0,10,3.867187,0.000985,10,3.866941,0.000762
4,5,8,1,0|2|0|0|1,0|3|1|0|1,0,10,3.864668,0.000794,10,3.864451,0.000747
4,5,8,1,0|2|0|0|2,0|3|1|0|0,0,10,3.842675,0.000523,10,3.843070,0.000642
4,5,8,1,0|2|0|0|0,0|3|1|1|1,0,10,3.879966,0.000713,10,3.879846,0.000541
4,5,8,1,0|2|0|0|1,0|3|1|1|0,0,10,3.865711,0.000554,10,3.866198,0.000587
4,5,8,1,0|2|0|0|0,0|3|1|2|0,0,10,3.810926,0.000377,10,3.811204,0.000604
4,5,8,1,0|2|0|1|0,0|3|1|0|1,0,10,3.864872,0.000683,10,3.865261,0.000564
4,5,8,1,0|2|0|1|1,0|3|1|0|0,0,10,3.845122,0.000516,10,3.845437,0.000543
4,5,8,1,0|2|0|1|0,0|3|1|1|0,0,10,3.806469,0.000756,10,3.806816,0.000434
4,5,8,1,0|2|0|2|0,0|3|1|0|0,0,10,3.786000,0.000310,10,3.785976,0.000621
4,5,8,1,0|2|0|0|0,0|3|2|0|1,0,10,3.806905,0.000593,10,3.806560,0.000454
4,5,8,1,0|2|0|0|1,0|3|2|0|0,0,10,3.781596,0.000692,10,3.781449,0.000457
4,5,8,1,0|2|0|0|0,0|3|2|1|0,0,10,3.762017,0.000343,10,3.761815,0.000519
4,5,8,1,0|2|0|1|0,0|3|2|0|0,0,10,3.737144,0.000329,10,3.736867,0.000421
4,5,8,1,0|2|0|0|0,0|3|3|0|0,0,10,3.580432,0.000491,10,3.580187,0.000660
4,5,8,1,0|2|1|0|0,0|3|0|0|2,0,10,3.859319,0.000696,10,3.858987,0.000751
4,5,8,1,0|2|1|0|1,0|3|0|0|1,0,10,3.855057,0.001099,10,3.855181,0.000680
4,5,8,1,0|2|1|0|2,0|3|0|0|0,0,10,3.830216,0.000558,10,3.830012,0.000718
4,5,8,1,0|2|1|0|0,0|3|0|1|1,0,10,3.870590,0.000540,10,3.870763,0.000648
4,5,8,1,0|2|1|0|1,0|3|0|1|0,0,10,3.854110,0.000744,10,3.854474,0.000610
4,5,8,1,0|2|1|0|0,0|3|0|2|0,0,10,3.798401,0.000551,10,3.798524,0.000695
4,5,8,1,0|2|1|1|0,0|3|0|0|1,0,10,3.852063,0.000884,10,3.852224,0.000774
4,5,8,1,0|2|1|1|1,0|3|0|0|0,0,10,3.828430,0.000877,10,3.827937,0.000405
4,5,8,1,0|2|1|1|0,0|3|0|1|0,0,10,3.791170,0.000376,10,3.791131,0.000594
4,5,8,1,0|2|1|2|0,0|3|0|0|0,0,10,3.767598,0.000407,10,3.767600,0.000568
4,5,8,1,0|2|1|0|0,0|3|1|0|1,0,10,3.804810,0.000835,10,3.804740,0.000733
4,5,8,1,0|2|1|0|1,0|3|1|0|0,0,10,3.777892,0.000667,10,3.777793,0.000638
4,5,8,1,0|2|1|0|0,0|3|1|1|0,0,10,3.758805,0.000614,10,3.758753,0.000478
4,5,8,1,0|2|1|1|0,0|3|1|0|0,0,10,3.731245,0.000332,10,3.731131,0.000507
4,5,8,1,0|2|1|0|0,0|3|2|0|0,0,10,3.585443,0.000388,10,3.585519,0.000383
4,5,8,1,0|2|2|0|0,0|3|0|0|1,0,10,3.799942,0.000706,10,3.799657,0.000593
4,5,8,1,0|2|2|0|1,0|3|0|0|0,0,10,3.771198,0.000455,10,3.771212,0.000748
4,5,8,1,0|2|2|0|0,0|3|0|1|0,0,10,3.752611,0.000492,10,3.752640,0.000305
4,5,8,1,0|2|2|1|0,0|3|0|0|0,0,10,3.723025,0.000405,10,3.723070,0.000483
4,5,8,1,0|2|2|0|0,0|3|1|0|0,0,10,3.586282,0.000629,10,3.586474,0.000498
4,5,8,1,0|2|3|0|0,0|3|0|0|0,0,10,3.584361,0.000359,10,3.584694,0.000686
4,5,8,1,0|2|0|0|0,0|4|0|0|2,0,10,3.810284,0.000592,10,3.810355,0.000625
4,5,8,1,0|2|0|0|1,0|4|0|0|1,0,10,3.807572,0.000740,10,3.807362,0.000457
4,5,8,1,0|2|0|0|2,0|4|0|0|0,0,10,3.778401,0.000689,10,3.778428,0.000655
4,5,8,1,0|2|0|0|0,0|4|0|1|1,0,10,3.836537,0.000831,10,3.836089,0.000924
4,5,8,1,0|2|0|0|1,0|4|0|1|0,0,10,3.815576,0.000624,10,3.815924,0.000658
4,5,8,1,0|2|0|0|0,0|4|0|2|0,0,10,3.723972,0.000454,10,3.724134,0.000726
4,5,8,1,0|2|0|1|0,0|4|0|0|1,0,10,3.818551,0.000672,10,3.817910,0.000336
4,5,8,1,0|2|0|1|1,0|4|0|0|0,0,10,3.790155,0.000724,10,3.790104,0.000467
4,5,8,1,0|2|0|1|0,0|4|0|1|0,0,10,3.720126,0.000446,10,3.720113,0.000569
4,5,8,1,0|2|0|2|0,0|4|0|0|0,0,10,3.700629,0.000452,10,3.700359,0.000420
4,5,8,1,0|2|0|0|0,0|4|1|0|1,0,10,3.791963,0.000551,10,3.791986,0.000834
4,5,8,1,0|2|0|0|1,0|4|1|0|0,0,10,3.765043,0.000513,10,3.765035,0.000451
4,5,8,1,0|2|0|0|0,0|4|1|1|0,0,10,3.743937,0.000293,10,3.744036,0.000523
4,5,8,1,0|2|0|1|0,0|4|1|0|0,0,10,3.718647,0.000453,10,3.718425,0.000453
4,5,8,1,0|2|0|0|0,0|4|2|0|0,0,10,3.572751,0.000527,10,3.572757,0.000746
4,5,8,1,0|2|1|0|0,0|4|0|0|1,0,10,3.781234,0.000751,10,3.780820,0.000495
4,5,8,1,0|2|1|0|1,0|4|0|0|0,0,10,3.750064,0.000683,10,3.750345,0.000683
4,5,8,1,0|2|1|0|0,0|4|0|1|0,0,10,3.730761,0.000320,10,3.730492,0.000527
4,5,8,1,0|2|1|1|0,0|4|0|0|0,0,10,3.699461,0.000260,10,3.699723,0.000439
4,5,8,1,0|2|1|0|0,0|4|1|0|0,0,10,3.575585,0.000534,10,3.575352,0.000677
4,5,8,1,0|2|2|0|0,0|4|0|0|0,0,10,3.570538,0.000541,10,3.570314,0.000495
4,5,8,1,0|2|0|0|0,0|5|0|0|1,0,10,3.712597,0.000409,10,3.712908,0.000808
4,5,8,1,0|2|0|0|1,0|5|0|0|0,0,10,3.678902,0.000659,10,3.678979,0.000628
4,5,8,1,0|2|0|0|0,0|5|0|1|0,0,10,3.651075,0.000544,10,3.651381,0.000474
4,5,8,1,0|2|0|1|0,0|5|0|0|0,0,10,3.622989,0.000598,10,3.623118,0.000679
4,5,8,1,0|2|0|0|0,0|5|1|0|0,0,10,3.544024,0.000492,10,3.544118,0.000413
4,5,8,1,0|2|1|0|0,0|5|0|0|0,0,10,3.533662,0.000658,10,3.533648,0.000532
4,5,8,1,0|2|0|0|0,0|6|0|0|0,0,10,3.398264,0.000572,10,3.398129,0.000536
4,5,8,1,0|3|0|0|0,0|0|0|0|5,0,10,3.887057,0.001276,10,3.887574,0.001190
4,5,8,1,0|3|0|0|1,0|0|0|0|4,0,10,3.888940,0.000887,10,3.888770,0.000846
4,5,8,1,0|3|0|0|2,0|0|0|0|3,0,10,3.887558,0.001223,10,3.888330,0.000997
4,5,8,1,0|3|0|0|3,0|0|0|0|2,0,10,3.886071,0.001158,10,3.885329,0.000757
4,5,8,1,0|3|0|0|4,0|0|0|0|1,0,10,3.882566,0.000831,10,3.882810,0.000760
4,5,8,1,0|3|0|0|5,0|0|0|0|0,0,10,3.876770,0.000590,10,3.876469,0.001138
4,5,8,1,0|3|0|0|0,0|0|0|1|4,0,10,3.926436,0.001062,10,3.926262,0.001658
4,5,8,1,0|3|0|0|1,0|0|0|1|3,0,10,3.927217,0.001088,10,3.927010,0.000653
4,5,8,1,0|3|0|0|2,0|0|0|1|2,0,10,3.925996,0.000525,10,3.926182,0.001043
4,5,8,1,0|3|0|0|3,0|0|0|1|1,0,10,3.923974,0.001020,10,3.923703,0.000882
4,5,8,1,0|3|0|0|4,0|0|0|1|0,0,10,3.919086,0.000787,10,3.919161,0.000538
4,5,8,1,0|3|0|0|0,0|0|0|2|3,0,10,3.927466,0.001272,10,3.927761,0.001073
4,5,8,1,0|3|0|0|1,0|0|0|2|2,0,10,3.928770,0.000585,10,3.928956,0.000770
4,5,8,1,0|3|0|0|2,0|0|0|2|1,0,10,3.925826,0.000606,10,3.925146,0.000835
4,5,8,1,0|3|0|0|3,0|0|0|2|0,0,10,3.917867,0.000815,10,3.918268,0.000589
4,5,8,1,0|3|0|0|0,0|0|0|3|2,0,10,3.918470,0.000836,10,3.919445,0.000431
4,5,8,1,0|3|0|0|1,0|0|0|3|1,0,10,3.918463,0.000708,10,3.917640,0.000857
4,5,8,1,0|3|0|0|2,0|0|0|3|0,0,10,3.907153,0.000978,10,3.907025,0.000762
4,5,8,1,0|3|0|0|0,0|0|0|4|1,0,10,3.890416,0.000462,10,3.890705,0.000677
4,5,8,1,0|3|0|0|1,0|0|0|4|0,0,10,3.878050,0.000624,10,3.878461,0.000948
4,5,8,1,0|3|0|0|0,0|0|0|5|0,0,10,3.782567,0.000565,10,3.782250,0.000551
4,5,8,1,0|3|0|1|0,0|0|0|0|4,0,10,3.920764,0.001211,10,3.920418,0.000925
4,5,8,1,0|3|0|1|1,0|0|0|0|3,0,10,3.921254,0.000844,10,3.920973,0.001690
4,5,8,1,0|3|0|1|2,0|0|0|0|2,0,10,3.918778,0.001253,10,3.919499,0.000932
4,5,8,1,0|3|0|1|3,0|0|0|0|1,0,10,3.915539,0.000720,10,3.915463,0.000897
4,5,8,1,0|3|0|1|4,0|0|0|0|0,0,10,3.908479,0.001337,10,3.908850,0.000891
4,5,8,1,0|3|0|1|0,0|0|0|1|3,0,10,3.926601,0.000979,10,3.926493,0.000967
4,5,8,1,0|3|0|1|1,0|0|0|1|2,0,10,3.927289,0.001285,10,3.927489,0.001197
4,5,8,1,0|3|0|1|2,0|0|0|1|1,0,10,3.923828,0.000862,10,3.923610,0.001465
4,5,8,1,0|3|0|1|3,0|0|0|1|0,0,10,3.916036,0.001064,10,3.916038,0.000946
4,5,8,1,0|3|0|1|0,0|0|0|2|2,0,10,3.918008,0.001051,10,3.918264,0.000887
4,5,8,1,0|3|0|1|1,0|0|0|2|1,0,10,3.917115,0.000952,10,3.917739,0.001309
4,5,8,1,0|3|0|1|2,0|0|0|2|0,0,10,3.906039,0.000660,10,3.905379,0.000938
4,5,8,1,0|3|0|1|0,0|0|0|3|1,0,10,3.890018,0.000622,10,3.890541,0.000991
4,5,8,1,0|3|0|1|1,0|0|0|3|0,0,10,3.877592,0.000526,10,3.877601,0.000801
4,5,8,1,0|3|0|1|0,0|0|0|4|0,0,10,3.784023,0.000313,10,3.784291,0.000636
4,5,8,1,0|3|0|2|0,0|0|0|0|3,0,10,3.920734,0.001315,10,3.921135,0.001046
4,5,8,1,0|3|0|2|1,0|0|0|0|2,0,10,3.920592,0.001610,10,3.920695,0.000824
4,5,8,1,0|3|0|2|2,0|0|0|0|1,0,10,3.915814,0.001345,10,3.915732,0.000939
4,5,8,1,0|3|0|2|3,0|0|0|0|0,0,10,3.905440,0.000639,10,3.905529,0.000405
4,5,8,1,0|3|0|2|0,0|0|0|1|2,0,10,3.914975,0.000635,10,3.915215,0.000772
4,5,8,1,0|3|0|2|1,0|0|0|1|1,0,10,3.913947,0.001282,10,3.913934,0.000713
4,5,8,1,0|3|0|2|2,0|0|0|1|0,0,10,3.901017,0.000733,10,3.900916,0.000895
4,5,8,1,0|3|0|2|0,0|0|0|2|1,0,10,3.887810,0.000586,10,3.887676,0.000877
4,5,8,1,0|3|0|2|1,0|0|0|2|0,0,10,3.874013,0.000615,10,3.874092,0.000670
4,5,8,1,0|3|0|2|0,0|0|0|3|0,0,10,3.783198,0.000442,10,3.783457,0.000490
4,5,8,1,0|3|0|3|0,0|0|0|0|2,0,10,3.910636,0.001000,10,3.910262,0.000942
4,5,8,1,0|3|0|3|1,0|0|0|0|1,0,10,3.908362,0.000999,10,3.908993,0.001086
4,5,8,1,0|3|0|3|2,0|0|0|0|0,0,10,3.893367,0.001028,10,3.892658,0.000750
4,5,8,1,0|3|0|3|0,0|0|0|1|1,0,10,3.885621,0.000821,10,3.885449,0.000641
4,5,8,1,0|3|0|3|1,0|0|0|1|0,0,10,3.870928,0.000458,10,3.870449,0.000783
4,5,8,1,0|3|0|3|0,0|0|0|2|0,0,10,3.781671,0.000479,10,3.781305,0.000495
4,5,8,1,0|3|0|4|0,0|0|0|0|1,0,10,3.881173,0.000431,10,3.880866,0.000962
4,5,8,1,0|3|0|4|1,0|0|0|0|0,0,10,3.865206,0.000642,10,3.865386,0.000582
4,5,8,1,0|3|0|4|0,0|0|0|1|0,0,10,3.778669,0.000635,10,3.778687,0.000445
4,5,8,1,0|3|0|5|0,0|0|0|0|0,0,10,3.774056,0.000443,10,3.774025,0.000378
4,5,8,1,0|3|0|0|0,0|0|1|0|4,0,10,3.911536,0.001057,10,3.911370,0.000776
4,5,8,1,0|3|0|0|1,0|0|1|0|3,0,10,3.912371,0.001041,10,3.912365,0.001027
4,5,8,1,0|3|0|0|2,0|0|1|0|2,0,10,3.910795,0.001258,10,3.911471,0.000893
4,5,8,1,0|3|0|0|3,0|0|1|0|1,0,10,3.908096,0.000712,10,3.907644,0.001017
4,5,8,1,0|3|0|0|4,0|0|1|0|0,0,10,3.901497,0.000894,10,3.901387,0.001006
4,5,8,1,0|3|0|0|0,0|0|1|1|3,0,10,3.934382,0.000942,10,3.934056,0.000891
4,5,8,1,0|3|0|0|1,0|0|1|1|2,0,10,3.934964,0.001358,10,3.934691,0.000847
4,5,8,1,0|3|0|0|2,0|0|1|1|1,0,10,3.931364,0.000650,10,3.932431,0.000674
4,5,8,1,0|3|0|0|3,0|0|1|1|0,0,10,3.926495,0.000864,10,3.926582,0.000811
4,5,8,1,0|3|0|0|0,0|0|1|2|2,0,10,3.932779,0.000977,10,3.933486,0.000612
4,5,8,1,0|3|0|0|1,0|0|1|2|1,0,10,3.933009,0.000857,10,3.932857,0.001631
4,5,8,1,0|3|0|0|2,0|0|1|2|0,0,10,3.925753,0.000860,10,3.925984,0.000750
4,5,8,1,0|3|0|0|0,0|0|1|3|1,0,10,3.920093,0.000929,10,3.920953,0.000749
4,5,8,1,0|3|0|0|1,0|0|1|3|0,0,10,3.913663,0.000610,10,3.912965,0.000981
4,5,8,1,0|3|0|0|0,0|0|1|4|0,0,10,3.862267,0.000707,10,3.862500,0.000496
4,5,8,1,0|3|0|1|0,0|0|1|0|3,0,10,3.929024,0.001068,10,3.928537,0.001013
4,5,8,1,0|3|0|1|1,0|0|1|0|2,0,10,3.928240,0.001165,10,3.928685,0.001430
4,5,8,1,0|3|0|1|2,0|0|1|0|1,0,10,3.923868,0.000828,10,3.925476,0.001397
4,5,8,1,0|3|0|1|3,0|0|1|0|0,0,10,3.915928,0.001005,10,3.916879,0.000878
4,5,8,1,0|3|0|1|0,0|0|1|1|2,0,10,3.931602,0.001204,10,3.932428,0.001029
4,5,8,1,0|3|0|1|1,0|0|1|1|1,0,10,3.931195,0.000675,10,3.930941,0.001041
4,5,8,1,0|3|0|1|2,0|0|1|1|0,0,10,3.923376,0.001080,10,3.923717,0.001109
4,5,8,1,0|3|0|1|0,0|0|1|2|1,0,10,3.920114,0.001049,10,3.920346,0.000663
4,5,8,1,0|3|0|1|1,0|0|1|2|0,0,10,3.912007,0.001097,10,3.912063,0.000646
4,5,8,1,0|3|0|1|0,0|0|1|3|0,0,10,3.863750,0.000738,10,3.864120,0.000539
4,5,8,1,0|3|0|2|0,0|0|1|0|2,0,10,3.925282,0.001465,10,3.925855,0.000705
4,5,8,1,0|3|0|2|1,0|0|1|0|1,0,10,3.923680,0.001111,10,3.923465,0.001049
4,5,8,1,0|3|0|2|2,0|0|1|0|0,0,10,3.912021,0.000951,10,3.912534,0.000574
4,5,8,1,0|3|0|2|0,0|0|1|1|1,0,10,3.916272,0.000849,10,3.916206,0.000865
4,5,8,1,0|3|0|2|1,0|0|1|1|0,0,10,3.907417,0.000745,10,3.907069,0.000953
4,5,8,1,0|3|0|2|0,0|0|1|2|0,0,10,3.860706,0.000335,10,3.861085,0.000752
4,5,8,1,0|3|0|3|0,0|0|1|0|1,0,10,3.909020,0.000657,10,3.909758,0.001068
4,5,8,1,0|3|0|3|1,0|0|1|0|0,0,10,3.898351,0.000593,10,3.898048,0.001004
4,5,8,1,0|3|0|3|0,0|0|1|1|0,0,10,3.855444,0.000394,10,3.855763,0.000558
4,5,8,1,0|3|0|4|0,0|0|1|0|0,0,10,3.845988,0.000571,10,3.845911,0.000616
4,5,8,1,0|3|0|0|0,0|0|2|0|3,0,10,3.903352,0.001064,10,3.903305,0.001095
4,5,8,1,0|3|0|0|1,0|0|2|0|2,0,10,3.905305,0.000972,10,3.904803,0.000765
4,5,8,1,0|3|0|0|2,0|0|2|0|1,0,10,3.899440,0.000999,10,3.899782,0.000918
4,5,8,1,0|3|0|0|3,0|0|2|0|0,0,10,3.887327,0.000537,10,3.887679,0.000749
4,5,8,1,0|3|0|0|0,0|0|2|1|2,0,10,3.923499,0.000665,10,3.923342,0.000885
4,5,8,1,0|3|0|0|1,0|0|2|1|1,0,10,3.922520,0.000828,10,3.922998,0.000849
4,5,8,1,0|3|0|0|2,0|0|2|1|0,0,10,3.913254,0.000601,10,3.913032,0.000889
4,5,8,1,0|3|0|0|0,0|0|2|2|1,0,10,3.913046,0.000451,10,3.913345,0.000699
4,5,8,1,0|3|0|0|1,0|0|2|2|0,0,10,3.904243,0.000890,10,3.904862,0.000527
4,5,8,1,0|3|0|0|0,0|0|2|3|0,0,10,3.855751,0.000678,10,3.855451,0.000383
4,5,8,1,0|3|0|1|0,0|0|2|0|2,0,10,3.914871,0.000714,10,3.915519,0.000664
4,5,8,1,0|3|0|1|1,0|0|2|0|1,0,10,3.912353,0.001095,10,3.912446,0.000679
4,5,8,1,0|3|0|1|2,0|0|2|0|0,0,10,3.899758,0.000691,10,3.899560,0.000706
4,5,8,1,0|3|0|1|0,0|0|2|1|1,0,10,3.911013,0.000960,10,3.911354,0.000906
4,5,8,1,0|3|0|1|1,0|0|2|1|0,0,10,3.901063,0.000550,10,3.901195,0.000818
4,5,8,1,0|3|0|1|0,0|0|2|2|0,0,10,3.856535,0.000858,10,3.856773,0.000571
4,5,8,1,0|3|0|2|0,0|0|2|0|1,0,10,3.900271,0.000667,10,3.899865,0.000637
4,5,8,1,0|3|0|2|1,0|0|2|0|0,0,10,3.886389,0.000892,10,3.886592,0.000879
4,5,8,1,0|3|0|2|0,0|0|2|1|0,0,10,3.849264,0.000620,10,3.848965,0.000445
4,5,8,1,0|3|0|3|0,0|0|2|0|0,0,10,3.834886,0.000603,10,3.834894,0.000706
4,5,8,1,0|3|0|0|0,0|0|3|0|2,0,10,3.878183,0.000874,10,3.877942,0.000589
4,5,8,1,0|3|0|0|1,0|0|3|0|1,0,10,3.876036,0.000706,10,3.875978,0.000949
4,5,8,1,0|3|0|0|2,0|0|3|0|0,0,10,3.855748,0.000782,10,3.855727,0.000957
4,5,8,1,0|3|0|0|0,0|0|3|1|1,0,10,3.890218,0.000872,10,3.890425,0.000551
4,5,8,1,0|3|0|0|1,0|0|3|1|0,0,10,3.877875,0.000674,10,3.877631,0.000540
4,5,8,1,0|3|0|0|0,0|0|3|2|0,0,10,3.828069,0.000628,10,3.828049,0.000707
4,5,8,1,0|3|0|1|0,0|0|3|0|1,0,10,3.877178,0.000787,10,3.876766,0.000708
4,5,8,1,0|3|0|1|1,0|0|3|0|0,0,10,3.858657,0.000462,10,3.858484,0.000607
4,5,8,1,0|3|0|1|0,0|0|3|1|0,0,10,3.824708,0.000530,10,3.824552,0.000411
4,5,8,1,0|3|0|2|0,0|0|3|0|0,0,10,3.803547,0.000460,10,3.803636,0.000296
4,5,8,1,0|3|0|0|0,0|0|4|0|1,0,10,3.811864,0.000543,10,3.811935,0.000660
4,5,8,1,0|3|0|0|1,0|0|4|0|0,0,10,3.787269,0.000602,10,3.786788,0.000338
4,5,8,1,0|3|0|0|0,0|0|4|1|0,0,10,3.768031,0.000419,10,3.768327,0.000510
4,5,8,1,0|3|0|1|0,0|0|4|0|0,0,10,3.743712,0.000269,10,3.743417,0.000478
4,5,8,1,0|3|0|0|0,0|0|5|0|0,0,10,3.582978,0.000439,10,3.583353,0.000336
4,5,8,1,0|3|1|0|0,0|0|0|0|4,0,10,3.907923,0.000945,10,3.907689,0.000956
4,5,8,1,0|3|1|0|1,0|0|0|0|3,0,10,3.909277,0.000922,10,3.909368,0.001070
4,5,8,1,0|3|1|0|2,0|0|0|0|2,0,10,3.906113,0.000893,10,3.906518,0.001091
4,5,8,1,0|3|1|0|3,0|0|0|0|1,0,10,3.902101,0.000686,10,3.901621,0.000928
4,5,8,1,0|3|1|0|4,0|0|0|0|0,0,10,3.893170,0.000813,10,3.893688,0.000358
4,5,8,1,0|3|1|0|0,0|0|0|1|3,0,10,3.929935,0.001122,10,3.930668,0.000976
4,5,8,1,0|3|1|0|1,0|0|0|1|2,0,10,3.930985,0.000720,10,3.930550,0.000801
4,5,8,1,0|3|1|0|2,0|0|0|1|1,0,10,3.927718,0.001259,10,3.927655,0.000969
4,5,8,1,0|3|1|0|3,0|0|0|1|0,0,10,3.921030,0.000966,10,3.920727,0.000555
4,5,8,1,0|3|1|0|0,0|0|0|2|2,0,10,3.928900,0.000888,10,3.928980,0.001065
4,5,8,1,0|3|1|0|1,0|0|0|2|1,0,10,3.928009,0.001371,10,3.928390,0.000686
4,5,8,1,0|3|1|0|2,0|0|0|2|0,0,10,3.919573,0.001050,10,3.919467,0.000569
4,5,8,1,0|3|1|0|0,0|0|0|3|1,0,10,3.913706,0.001002,10,3.914295,0.000893
4,5,8,1,0|3|1|0|1,0|0|0|3|0,0,10,3.904929,0.000557,10,3.905113,0.000580
4,5,8,1,0|3|1|0|0,0|0|0|4|0,0,10,3.851097,0.000434,10,3.851410,0.000693
4,5,8,1,0|3|1|1|0,0|0|0|0|3,0,10,3.922569,0.000822,10,3.922846,0.001084
4,5,8,1,0|3|1|1|1,0|0|0|0|2,0,10,3.922559,0.000999,10,3.921902,0.001033
4,5,8,1,0|3|1|1|2,0|0|0|0|1,0,10,3.917610,0.001082,10,3.917307,0.000823
4,5,8,1,0|3|1|1|3,0|0|0|0|0,0,10,3.908090,0.001032,10,3.907610,0.000825
4,5,8,1,0|3|1|1|0,0|0|0|1|2,0,10,3.926242,0.001083,10,3.926090,0.001008
4,5,8,1,0|3|1|1|1,0|0|0|1|1,0,10,3.924602,0.000659,10,3.924180,0.001142
4,5,8,1,0|3|1|1|2,0|0|0|1|0,0,10,3.915942,0.001119,10,3.915508,0.000754
4,5,8,1,0|3|1|1|0,0|0|0|2|1,0,10,3.912071,0.001212,10,3.912147,0.000606
4,5,8,1,0|3|1|1|1,0|0|0|2|0,0,10,3.903452,0.000679,10,3.903039,0.000718
4,5,8,1,0|3|1|1|0,0|0|0|3|0,0,10,3.851741,0.000435,10,3.851738,0.000576
4,5,8,1,0|3|1|2|0,0|0|0|0|2,0,10,3.918109,0.000753,10,3.918378,0.000980
4,5,8,1,0|3|1|2|1,0|0|0|0|1,0,10,3.915263,0.001324,10,3.915385,0.000494
4,5,8,1,0|3|1|2|2,0|0|0|0|0,0,10,3.900753,0.000610,10,3.901352,0.000739
4,5,8,1,0|3|1|2|0,0|0|0|1|1,0,10,3.907133,0.000633,10,3.907652,0.000816
4,5,8,1,0|3|1|2|1,0|0|0|1|0,0,10,3.896856,0.000645,10,3.896244,0.000742
4,5,8,1,0|3|1|2|0,0|0|0|2|0,0,10,3.847523,0.000718,10,3.847569,0.000350
4,5,8,1,0|3|1|3|0,0|0|0|0|1,0,10,3.899241,0.000651,10,3.899276,0.000921
4,5,8,1,0|3|1|3|1,0|0|0|0|0,0,10,3.886003,0.000846,10,3.886068,0.000701
4,5,8,1,0|3|1|3|0,0|0|0|1|0,0,10,3.841717,0.000424,10,3.841620,0.000633
4,5,8,1,0|3|1|4|0,0|0|0|0|0,0,10,3.830769,0.000316,10,3.830541,0.000526
4,5,8,1,0|3|1|0|0,0|0|1|0|3,0,10,3.902710,0.000506,10,3.902819,0.000888
4,5,8,1,0|3|1|0|1,0|0|1|0|2,0,10,3.903217,0.001085,10,3.903018,0.000949
4,5,8,1,0|3|1|0|2,0|0|1|0|1,0,10,3.897351,0.001031,10,3.897422,0.000824
4,5,8,1,0|3|1|0|3,0|0|1|0|0,0,10,3.885011,0.001204,10,3.885383,0.000818
4,5,8,1,0|3|1|0|0,0|0|1|1|2,0,10,3.921528,0.000793,10,3.921561,0.000530
4,5,8,1,0|3|1|0|1,0|0|1|1|1,0,10,3.920484,0.001028,10,3.919774,0.001120
4,5,8,1,0|3|1|0|2,0|0|1|1|0,0,10,3.910349,0.000831,10,3.909803,0.000913
4,5,8,1,0|3|1|0|0,0|0|1|2|1,0,10,3.911041,0.000722,10,3.910562,0.000894
4,5,8,1,0|3|1|0|1,0|0|1|2|0,0,10,3.901490,0.000794,10,3.900927,0.001084
4,5,8,1,0|3|1|0|0,0|0|1|3|0,0,10,3.853838,0.000638,10,3.853562,0.000521
4,5,8,1,0|3|1|1|0,0|0|1|0|2,0,10,3.912029,0.000958,10,3.912306,0.000724
4,5,8,1,0|3|1|1|1,0|0|1|0|1,0,10,3.907764,0.000755,10,3.908116,0.001178
4,5,8,1,0|3|1|1|2,0|0|1|0|0,0,10,3.894427,0.000709,10,3.894367,0.001010
4,5,8,1,0|3|1|1|0,0|0|1|1|1,0,10,3.907126,0.000768,10,3.907316,0.000783
4,5,8,1,0|3|1|1|1,0|0|1|1|0,0,10,3.896582,0.000573,10,3.896540,0.000671
4,5,8,1,0|3|1|1|0,0|0|1|2|0,0,10,3.852418,0.000752,10,3.852705,0.000589
4,5,8,1,0|3|1|2|0,0|0|1|0|1,0,10,3.895721,0.000836,10,3.895528,0.000572
4,5,8,1,0|3|1|2|1,0|0|1|0|0,0,10,3.880756,0.000736,10,3.880781,0.000767
4,5,8,1,0|3|1|2|0,0|0|1|1|0,0,10,3.844796,0.000687,10,3.844718,0.000692
4,5,8,1,0|3|1|3|0,0|0|1|0|0,0,10,3.829973,0.000631,10,3.829712,0.000482
4,5,8,1,0|3|1|0|0,0|0|2|0|2,0,10,3.877526,0.000623,10,3.877751,0.000880
4,5,8,1,0|3|1|0|1,0|0|2|0|1,0,10,3.874683,0.000701,10,3.874605,0.000870
4,5,8,1,0|3|1|0|2,0|0|2|0|0,0,10,3.853823,0.000565,10,3.853276,0.000803
4,5,8,1,0|3|1|0|0,0|0|2|1|1,0,10,3.887474,0.000853,10,3.888051,0.000949
4,5,8,1,0|3|1|0|1,0|0|2|1|0,0,10,3.874942,0.001059,10,3.874512,0.000578
4,5,8,1,0|3|1|0|0,0|0|2|2|0,0,10,3.826980,0.000584,10,3.826819,0.000411
4,5,8,1,0|3|1|1|0,0|0|2|0|1,0,10,3.873056,0.000699,10,3.872922,0.000526
4,5,8,1,0|3|1|1|1,0|0|2|0|0,0,10,3.853089,0.000753,10,3.853243,0.000660
4,5,8,1,0|3|1|1|0,0|0|2|1|0,0,10,3.821547,0.000539,10,3.821069,0.000543
4,5,8,1,0|3|1|2|0,0|0|2|0|0,0,10,3.799772,0.000593,10,3.799584,0.000732
4,5,8,1,0|3|1|0|0,0|0|3|0|1,0,10,3.811764,0.000678,10,3.811635,0.000616
4,5,8,1,0|3|1|0|1,0|0|3|0|0,0,10,3.785686,0.000647,10,3.785729,0.000714
4,5,8,1,0|3|1|0|0,0|0|3|1|0,0,10,3.767291,0.000357,10,3.767276,0.000611
4,5,8,1,0|3|1|1|0,0|0|3|0|0,0,10,3.740486,0.000460,10,3.740196,0.000535
4,5,8,1,0|3|1|0|0,0|0|4|0|0,0,10,3.589204,0.000348,10,3.589023,0.000605
4,5,8,1,0|3|2|0|0,0|0|0|0|3,0,10,3.899708,0.000928,10,3.899814,0.000788
4,5,8,1,0|3|2|0|1,0|0|0|0|2,0,10,3.900126,0.001002,10,3.899982,0.001164
4,5,8,1,0|3|2|0|2,0|0|0|0|1,0,10,3.893835,0.000942,10,3.894116,0.001101
4,5,8,1,0|3|2|0|3,0|0|0|0|0,0,10,3.879146,0.001460,10,3.879183,0.000839
4,5,8,1,0|3|2|0|0,0|0|0|1|2,0,10,3.918253,0.001053,10,3.918882,0.000918
4,5,8,1,0|3|2|0|1,0|0|0|1|1,0,10,3.916822,0.000780,10,3.917076,0.001220
4,5,8,1,0|3|2|0|2,0|0|0|1|0,0,10,3.905704,0.000847,10,3.906011,0.000725
4,5,8,1,0|3|2|0|0,0|0|0|2|1,0,10,3.907230,0.000706,10,3.906873,0.000719
4,5,8,1,0|3|2|0|1,0|0|0|2|0,0,10,3.897041,0.000512,10,3.897392,0.000783
4,5,8,1,0|3|2|0|0,0|0|0|3|0,0,10,3.846984,0.000378,10,3.847040,0.000449
4,5,8,1,0|3|2|1|0,0|0|0|0|2,0,10,3.908415,0.001030,10,3.908580,0.000697
4,5,8,1,0|3|2|1|1,0|0|0|0|1,0,10,3.903527,0.000802,10,3.903738,0.000694
4,5,8,1,0|3|2|1|2,0|0|0|0|0,0,10,3.887875,0.001069,10,3.887904,0.000626
4,5,8,1,0|3|2|1|0,0|0|0|1|1,0,10,3.903300,0.000738,10,3.902825,0.000754
4,5,8,1,0|3|2|1|1,0|0|0|1|0,0,10,3.890996,0.000814,10,3.890771,0.000632
4,5,8,1,0|3|2|1|0,0|0|0|2|0,0,10,3.846187,0.000581,10,3.846649,0.000572
4,5,8,1,0|3|2|2|0,0|0|0|0|1,0,10,3.889371,0.000778,10,3.889288,0.000700
4,5,8,1,0|3|2|2|1,0|0|0|0|0,0,10,3.872792,0.000918,10,3.872826,0.000504
4,5,8,1,0|3|2|2|0,0|0|0|1|0,0,10,3.837071,0.000719,10,3.837111,0.000559
4,5,8,1,0|3|2|3|0,0|0|0|0|0,0,10,3.819556,0.000292,10,3.819627,0.000387
4,5,8,1,0|3|2|0|0,0|0|1|0|2,0,10,3.875823,0.001176,10,3.875938,0.000613
4,5,8,1,0|3|2|0|1,0|0|1|0|1,0,10,3.873064,0.001163,10,3.872986,0.000838
4,5,8,1,0|3|2|0|2,0|0|1|0|0,0,10,3.850665,0.000423,10,3.850795,0.000954
4,5,8,1,0|3|2|0|0,0|0|1|1|1,0,10,3.885748,0.000543,10,3.885800,0.000677
4,5,8,1,0|3|2|0|1,0|0|1|1|0,0,10,3.872139,0.000859,10,3.872214,0.000770
4,5,8,1,0|3|2|0|0,0|0|1|2|0,0,10,3.823698,0.000580,10,3.824093,0.000628
4,5,8,1,0|3|2|1|0,0|0|1|0|1,0,10,3.869787,0.000696,10,3.869773,0.000473
4,5,8,1,0|3|2|1|1,0|0|1|0|0,0,10,3.849502,0.000502,10,3.849693,0.000491
4,5,8,1,0|3|2|1|0,0|0|1|1|0,0,10,3.818421,0.000539,10,3.818319,0.000615
4,5,8,1,0|3|2|2|0,0|0|1|0|0,0,10,3.794543,0.000601,10,3.794826,0.000692
4,5,8,1,0|3|2|0|0,0|0|2|0|1,0,10,3.810968,0.000572,10,3.810687,0.000413
4,5,8,1,0|3|2|0|1,0|0|2|0|0,0,10,3.784231,0.000581,10,3.784285,0.000495
4,5,8,1,0|3|2|0|0,0|0|2|1|0,0,10,3.765624,0.000410,10,3.765838,0.000408
4,5,8,1,0|3|2|1|0,0|0|2|0|0,0,10,3.738135,0.000315,10,3.738089,0.000361
4,5,8,1,0|3|2|0|0,0|0|3|0|0,0,10,3.591349,0.000194,10,3.591561,0.000524
4,5,8,1,0|3|3|0|0,0|0|0|0|2,0,10,3.873973,0.000755,10,3.874142,0.000852
4,5,8,1,0|3|3|0|1,0|0|0|0|1,0,10,3.870969,0.000703,10,3.871043,0.000770
4,5,8,1,0|3|3|0|2,0|0|0|0|0,0,10,3.847881,0.000572,10,3.847557,0.000716
4,5,8,1,0|3|3|0|0,0|0|0|1|1,0,10,3.884459,0.001033,10,3.884385,0.000649
4,5,8,1,0|3|3|0|1,0|0|0|1|0,0,10,3.870072,0.000853,10,3.870028,0.000720
4,5,8,1,0|3|3|0|0,0|0|0|2|0,0,10,3.821021,0.000295,10,3.820900,0.000443
4,5,8,1,0|3|3|1|0,0|0|0|0|1,0,10,3.868255,0.000586,10,3.867867,0.000719
4,5,8,1,0|3|3|1|1,0|0|0|0|0,0,10,3.846227,0.000616,10,3.846968,0.000434
4,5,8,1,0|3|3|1|0,0|0|0|1|0,0,10,3.816137,0.000459,10,3.816080,0.000519
4,5,8,1,0|3|3|2|0,0|0|0|0|0,0,10,3.790918,0.000679,10,3.790437,0.000333
4,5,8,1,0|3|3|0|0,0|0|1|0|1,0,10,3.810116,0.000225,10,3.810023,0.000501
4,5,8,1,0|3|3|0|1,0|0|1|0|0,0,10,3.783377,0.000530,10,3.783386,0.000577
4,5,8,1,0|3|3|0|0,0|0|1|1|0,0,10,3.765203,0.000326,10,3.765305,0.000468
4,5,8,1,0|3|3|1|0,0|0|1|0|0,0,10,3.737454,0.000540,10,3.737176,0.000565
4,5,8,1,0|3|3|0|0,0|0|2|0|0,0,10,3.592466,0.000454,10,3.592289,0.000467
4,5,8,1,0|3|4|0|0,0|0|0|0|1,0,10,3.809694,0.000479,10,3.809416,0.000389
4,5,8,1,0|3|4|0|1,0|0|0|0|0,0,10,3.782371,0.000426,10,3.782258,0.000555
4,5,8,1,0|3|4|0|0,0|0|0|1|0,0,10,3.764032,0.000507,10,3.763837,0.000448
4,5,8,1,0|3|4|1|0,0|0|0|0|0,0,10,3.736132,0.000484,10,3.735738,0.000491
4,5,8,1,0|3|4|0|0,0|0|1|0|0,0,10,3.592519,0.000627,10,3.592578,0.000444
4,5,8,1,0|3|5|0|0,0|0|0|0|0,0,10,3.592007,0.000483,10,3.592038,0.000784
4,5,8,1,0|3|0|0|0,0|1|0|0|4,0,10,3.875082,0.001089,10,3.875045,0.001048
4,5,8,1,0|3|0|0|1,0|1|0|0|3,0,10,3.877158,0.000860,10,3.878010,0.000586
4,5,8,1,0|3|0|0|2,0|1|0|0|2,0,10,3.874003,0.001058,10,3.874055,0.001006
4,5,8,1,0|3|0|0|3,0|1|0|0|1,0,10,3.869261,0.000591,10,3.869024,0.001107
4,5,8,1,0|3|0|0|4,0|1|0|0|0,0,10,3.858260,0.001062,10,3.858348,0.000774
4,5,8,1,0|3|0|0|0,0|1|0|1|3,0,10,3.915741,0.001246,10,3.916115,0.000976
4,5,8,1,0|3|0|0|1,0|1|0|1|2,0,10,3.916598,0.001047,10,3.916246,0.000865
4,5,8,1,0|3|0|0|2,0|1|0|1|1,0,10,3.912743,0.001012,10,3.912964,0.000988
4,5,8,1,0|3|0|0|3,0|1|0|1|0,0,10,3.903791,0.001280,10,3.904064,0.000737
4,5,8,1,0|3|0|0|0,0|1|0|2|2,0,10,3.910944,0.001045,10,3.911342,0.000904
4,5,8,1,0|3|0|0|1,0|1|0|2|1,0,10,3.910127,0.000623,10,3.910322,0.000665
4,5,8,1,0|3|0|0|2,0|1|0|2|0,0,10,3.897602,0.000836,10,3.897705,0.001081
4,5,8,1,0|3|0|0|0,0|1|0|3|1,0,10,3.883670,0.000549,10,3.883324,0.000683
4,5,8,1,0|3|0|0|1,0|1|0|3|0,0,10,3.870133,0.000636,10,3.870098,0.000720
4,5,8,1,0|3|0|0|0,0|1|0|4|0,0,10,3.772784,0.000531,10,3.773065,0.000585
4,5,8,1,0|3|0|1|0,0|1|0|0|3,0,10,3.908327,0.001315,10,3.908545,0.001001
4,5,8,1,0|3|0|1|1,0|1|0|0|2,0,10,3.907612,0.000970,10,3.907872,0.000855
4,5,8,1,0|3|0|1|2,0|1|0|0|1,0,10,3.902096,0.000722,10,3.901623,0.001349
4,5,8,1,0|3|0|1|3,0|1|0|0|0,0,10,3.889499,0.000754,10,3.889784,0.000710
4,5,8,1,0|3|0|1|0,0|1|0|1|2,0,10,3.909398,0.000726,10,3.909757,0.000928
4,5,8,1,0|3|0|1|1,0|1|0|1|1,0,10,3.907595,0.000782,10,3.907294,0.000656
4,5,8,1,0|3|0|1|2,0|1|0|1|0,0,10,3.894015,0.000619,10,3.894620,0.000823
4,5,8,1,0|3|0|1|0,0|1|0|2|1,0,10,3.882841,0.000705,10,3.882662,0.000849
4,5,8,1,0|3|0|1|1,0|1|0|2|0,0,10,3.867970,0.000461,10,3.868113,0.000563
4,5,8,1,0|3|0|1|0,0|1|0|3|0,0,10,3.774859,0.000512,10,3.774500,0.000593
4,5,8,1,0|3|0|2|0,0|1|0|0|2,0,10,3.901023,0.000843,10,3.901238,0.000723
4,5,8,1,0|3|0|2|1,0|1|0|0|1,0,10,3.898016,0.000785,10,3.897780,0.000820
4,5,8,1,0|3|0|2|2,0|1|0|0|0,0,10,3.879873,0.000855,10,3.879944,0.000840
4,5,8,1,0|3|0|2|0,0|1|0|1|1,0,10,3.878492,0.000861,10,3.878859,0.001059
4,5,8,1,0|3|0|2|1,0|1|0|1|0,0,10,3.862052,0.000559,10,3.862304,0.000681
4,5,8,1,0|3|0|2|0,0|1|0|2|0,0,10,3.772464,0.000550,10,3.772155,0.000355
4,5,8,1,0|3|0|3|0,0|1|0|0|1,0,10,3.871134,0.000644,10,3.871140,0.000636
4,5,8,1,0|3|0|3|1,0|1|0|0|0,0,10,3.853145,0.000741,10,3.853039,0.000709
4,5,8,1,0|3|0|3|0,0|1|0|1|0,0,10,3.768312,0.000306,10,3.768565,0.000394
4,5,8,1,0|3|0|4|0,0|1|0|0|0,0,10,3.760502,0.000550,10,3.760608,0.000658
4,5,8,1,0|3|0|0|0,0|1|1|0|3,0,10,3.897431,0.001266,10,3.897030,0.000950
4,5,8,1,0|3|0|0|1,0|1|1|0|2,0,10,3.898566,0.001205,10,3.898707,0.000771
4,5,8,1,0|3|0|0|2,0|1|1|0|1,0,10,3.893408,0.000946,10,3.893041,0.000810
4,5,8,1,0|3|0|0|3,0|1|1|0|0,0,10,3.879830,0.001089,10,3.880089,0.001027
4,5,8,1,0|3|0|0|0,0|1|1|1|2,0,10,3.918853,0.000898,10,3.918814,0.000991
4,5,8,1,0|3|0|0|1,0|1|1|1|1,0,10,3.918471,0.000801,10,3.918012,0.000887
4,5,8,1,0|3|0|0|2,0|1|1|1|0,0,10,3.907559,0.001023,10,3.907502,0.000843
4,5,8,1,0|3|0|0|0,0|1|1|2|1,0,10,3.906985,0.000737,10,3.907745,0.000837
4,5,8,1,0|3|0|0|1,0|1|1|2|0,0,10,3.897752,0.000494,10,3.897993,0.000971
4,5,8,1,0|3|0|0|0,0|1|1|3|0,0,10,3.843402,0.000646,10,3.843523,0.000816
4,5,8,1,0|3|0|1|0,0|1|1|0|2,0,10,3.910069,0.000813,10,3.910548,0.000938
4,5,8,1,0|3|0|1|1,0|1|1|0|1,0,10,3.907125,0.001244,10,3.907173,0.000739
4,5,8,1,0|3|0|1|2,0|1|1|0|0,0,10,3.893068,0.000786,10,3.893421,0.000792
4,5,8,1,0|3|0|1|0,0|1|1|1|1,0,10,3.905093,0.000731,10,3.904489,0.000802
4,5,8,1,0|3|0|1|1,0|1|1|1|0,0,10,3.894137,0.000776,10,3.893892,0.000752
4,5,8,1,0|3|0|1|0,0|1|1|2|0,0,10,3.843923,0.000703,10,3.844215,0.000611
4,5,8,1,0|3|0|2|0,0|1|1|0|1,0,10,3.893651,0.001151,10,3.894011,0.000405
4,5,8,1,0|3|0|2|1,0|1|1|0|0,0,10,3.878762,0.000622,10,3.878824,0.000689
4,5,8,1,0|3|0|2|0,0|1|1|1|0,0,10,3.837176,0.000588,10,3.837136,0.000487
4,5,8,1,0|3|0|3|0,0|1|1|0|0,0,10,3.822933,0.000728,10,3.822733,0.000528
4,5,8,1,0|3|0|0|0,0|1|2|0|2,0,10,3.876054,0.000925,10,3.875955,0.000706
4,5,8,1,0|3|0|0|1,0|1|2|0|1,0,10,3.873964,0.000538,10,3.874505,0.000886
4,5,8,1,0|3|0|0|2,0|1|2|0|0,0,10,3.853330,0.000658,10,3.853641,0.000549
4,5,8,1,0|3|0|0|0,0|1|2|1|1,0,10,3.887802,0.000875,10,3.887610,0.000453
4,5,8,1,0|3|0|0|1,0|1|2|1|0,0,10,3.875195,0.000626,10,3.875033,0.000539
4,5,8,1,0|3|0|0|0,0|1|2|2|0,0,10,3.824442,0.000603,10,3.824753,0.000315
4,5,8,1,0|3|0|1|0,0|1|2|0|1,0,10,3.874306,0.000943,10,3.874180,0.000618
4,5,8,1,0|3|0|1|1,0|1|2|0|0,0,10,3.855547,0.000540,10,3.855479,0.000314
4,5,8,1,0|3|0|1|0,0|1|2|1|0,0,10,3.820965,0.000382,10,3.820773,0.000630
4,5,8,1,0|3|0|2|0,0|1|2|0|0,0,10,3.800006,0.000534,10,3.799797,0.000682
4,5,8,1,0|3|0|0|0,0|1|3|0|1,0,10,3.810988,0.000585,10,3.810693,0.000947
4,5,8,1,0|3|0|0|1,0|1|3|0|0,0,10,3.785900,0.000511,10,3.786028,0.000463
4,5,8,1,0|3|0|0|0,0|1|3|1|0,0,10,3.766781,0.000519,10,3.766762,0.000411
4,5,8,1,0|3|0|1|0,0|1|3|0|0,0,10,3.742270,0.000614,10,3.742034,0.000568
4,5,8,1,0|3|0|0|0,0|1|4|0|0,0,10,3.582512,0.000371,10,3.582337,0.000448
4,5,8,1,0|3|1|0|0,0|1|0|0|3,0,10,3.891629,0.001030,10,3.892430,0.000943
4,5,8,1,0|3|1|0|1,0|1|0|0|2,0,10,3.892371,0.000867,10,3.892686,0.000862
4,5,8,1,0|3|1|0|2,0|1|0|0|1,0,10,3.885272,0.001338,10,3.886057,0.000846
4,5,8,1,0|3|1|0|3,0|1|0|0|0,0,10,3.870163,0.000598,10,3.870898,0.001287
4,5,8,1,0|3|1|0|0,0|1|0|1|2,0,10,3.914044,0.000929,10,3.913421,0.001305
4,5,8,1,0|3|1|0|1,0|1|0|1|1,0,10,3.912040,0.000982,10,3.912016,0.000627
4,5,8,1,0|3|1|0|2,0|1|0|1|0,0,10,3.899607,0.001108,10,3.899902,0.000945
4,5,8,1,0|3|1|0|0,0|1|0|2|1,0,10,3.899959,0.000796,10,3.900822,0.000673
4,5,8,1,0|3|1|0|1,0|1|0|2|0,0,10,3.888813,0.000558,10,3.889060,0.000480
4,5,8,1,0|3|1|0|0,0|1|0|3|0,0,10,3.831826,0.000762,10,3.831933,0.000468
4,5,8,1,0|3|1|1|0,0|1|0|0|2,0,10,3.902079,0.001130,10,3.902500,0.000988
4,5,8,1,0|3|1|1|1,0|1|0|0|1,0,10,3.897464,0.000859,10,3.897161,0.000589
4,5,8,1,0|3|1|1|2,0|1|0|0|0,0,10,3.880481,0.000956,10,3.880501,0.000876
4,5,8,1,0|3|1|1|0,0|1|0|1|1,0,10,3.895221,0.000909,10,3.895429,0.000718
4,5,8,1,0|3|1|1|1,0|1|0|1|0,0,10,3.882172,0.000557,10,3.882729,0.000684
4,5,8,1,0|3|1|1|0,0|1|0|2|0,0,10,3.830476,0.000444,10,3.830694,0.000418
4,5,8,1,0|3|1|2|0,0|1|0|0|1,0,10,3.882232,0.000487,10,3.882325,0.000538
4,5,8,1,0|3|1|2|1,0|1|0|0|0,0,10,3.864556,0.000471,10,3.864533,0.000725
4,5,8,1,0|3|1|2|0,0|1|0|1|0,0,10,3.821887,0.000524,10,3.822175,0.000404
4,5,8,1,0|3|1|3|0,0|1|0|0|0,0,10,3.805907,0.000467,10,3.805965,0.000717
4,5,8,1,0|3|1|0|0,0|1|1|0|2,0,10,3.874519,0.000769,10,3.874731,0.000660
4,5,8,1,0|3|1|0|1,0|1|1|0|1,0,10,3.870947,0.000498,10,3.871054,0.000903
4,5,8,1,0|3|1|0|2,0|1|1|0|0,0,10,3.849642,0.000505,10,3.850066,0.000749
4,5,8,1,0|3|1|0|0,0|1|1|1|1,0,10,3.884739,0.000463,10,3.884656,0.000730
4,5,8,1,0|3|1|0|1,0|1|1|1|0,0,10,3.871058,0.000449,10,3.870638,0.000611
4,5,8,1,0|3|1|0|0,0|1|1|2|0,0,10,3.822132,0.000410,10,3.821945,0.000541
4,5,8,1,0|3|1|1|0,0|1|1|0|1,0,10,3.868824,0.000890,10,3.868494,0.000718
4,5,8,1,0|3|1|1|1,0|1|1|0|0,0,10,3.848693,0.000442,10,3.848753,0.000761
4,5,8,1,0|3|1|1|0,0|1|1|1|0,0,10,3.815620,0.000602,10,3.815935,0.000562
4,5,8,1,0|3|1|2|0,0|1|1|0|0,0,10,3.794327,0.000630,10,3.794184,0.000478
4,5,8,1,0|3|1|0|0,0|1|2|0|1,0,10,3.810047,0.000749,10,3.810318,0.000564
4,5,8,1,0|3|1|0|1,0|1|2|0|0,0,10,3.784305,0.000700,10,3.784079,0.000441
4,5,8,1,0|3|1|0|0,0|1|2|1|0,0,10,3.765144,0.000467,10,3.765309,0.000558
4,5,8,1,0|3|1|1|0,0|1|2|0|0,0,10,3.738653,0.000420,10,3.738359,0.000718
4,5,8,1,0|3|1|0|0,0|1|3|0|0,0,10,3.588426,0.000620,10,3.588588,0.000406
4,5,8,1,0|3|2|0|0,0|1|0|0|2,0,10,3.870405,0.000922,10,3.870367,0.000715
4,5,8,1,0|3|2|0|1,0|1|0|0|1,0,10,3.866506,0.001183,10,3.866545,0.000728
4,5,8,1,0|3|2|0|2,0|1|0|0|0,0,10,3.842778,0.000498,10,3.842953,0.000650
4,5,8,1,0|3|2|0|0,0|1|0|1|1,0,10,3.880513,0.000706,10,3.880625,0.000746
4,5,8,1,0|3|2|0|1,0|1|0|1|0,0,10,3.865306,0.000808,10,3.866067,0.000986
4,5,8,1,0|3|2|0|0,0|1|0|2|0,0,10,3.814871,0.000405,10,3.815191,0.000554
4,5,8,1,0|3|2|1|0,0|1|0|0|1,0,10,3.863344,0.000802,10,3.863242,0.000917
4,5,8,1,0|3|2|1|1,0|1|0|0|0,0,10,3.841137,0.000559,10,3.841287,0.000770
4,5,8,1,0|3|2|1|0,0|1|0|1|0,0,10,3.809346,0.000585,10,3.809081,0.000549
4,5,8,1,0|3|2|2|0,0|1|0|0|0,0,10,3.783912,0.000483,10,3.784284,0.000406
4,5,8,1,0|3|2|0|0,0|1|1|0|1,0,10,3.808864,0.000671,10,3.808129,0.000753
4,5,8,1,0|3|2|0|1,0|1|1|0|0,0,10,3.781845,0.000554,10,3.781789,0.000695
4,5,8,1,0|3|2|0|0,0|1|1|1|0,0,10,3.763214,0.000645,10,3.763437,0.000464
4,5,8,1,0|3|2|1|0,0|1|1|0|0,0,10,3.735538,0.000315,10,3.735421,0.000645
4,5,8,1,0|3|2|0|0,0|1|2|0|0,0,10,3.590344,0.000474,10,3.590325,0.000416
4,5,8,1,0|3|3|0|0,0|1|0|0|1,0,10,3.806608,0.000771,10,3.806812,0.000850
4,5,8,1,0|3|3|0|1,0|1|0|0|0,0,10,3.778982,0.000811,10,3.778913,0.000517
4,5,8,1,0|3|3|0|0,0|1|0|1|0,0,10,3.760695,0.000459,10,3.760966,0.000372
4,5,8,1,0|3|3|1|0,0|1|0|0|0,0,10,3.732377,0.000517,10,3.732197,0.000560
4,5,8,1,0|3|3|0|0,0|1|1|0|0,0,10,3.590563,0.000407,10,3.590793,0.000423
4,5,8,1,0|3|4|0|0,0|1|0|0|0,0,10,3.589582,0.000625,10,3.589837,0.000550
4,5,8,1,0|3|0|0|0,0|2|0|0|3,0,10,3.853629,0.000690,10,3.853325,0.001146
4,5,8,1,0|3|0|0|1,0|2|0|0|2,0,10,3.855170,0.001536,10,3.855852,0.000850
4,5,8,1,0|3|0|0|2,0|2|0|0|1,0,10,3.847358,0.000702,10,3.847543,0.000953
4,5,8,1,0|3|0|0|3,0|2|0|0|0,0,10,3.828730,0.000822,10,3.828140,0.000899
4,5,8,1,0|3|0|0|0,0|2|0|1|2,0,10,3.893846,0.000964,10,3.892999,0.001033
4,5,8,1,0|3|0|0|1,0|2|0|1|1,0,10,3.891606,0.001052,10,3.892429,0.000746
4,5,8,1,0|3|0|0|2,0|2|0|1|0,0,10,3.875479,0.000354,10,3.875167,0.000508
4,5,8,1,0|3|0|0|0,0|2|0|2|1,0,10,3.869683,0.000603,10,3.869913,0.000502
4,5,8,1,0|3|0|0|1,0|2|0|2|0,0,10,3.854012,0.000676,10,3.854042,0.000526
4,5,8,1,0|3|0|0|0,0|2|0|3|0,0,10,3.756322,0.000523,10,3.756006,0.000362
4,5,8,1,0|3|0|1|0,0|2|0|0|2,0,10,3.881460,0.000539,10,3.881497,0.000609
4,5,8,1,0|3|0|1|1,0|2|0|0|1,0,10,3.876902,0.000911,10,3.877028,0.000728
4,5,8,1,0|3|0|1|2,0|2|0|0|0,0,10,3.856312,0.000418,10,3.855929,0.000711
4,5,8,1,0|3|0|1|0,0|2|0|1|1,0,10,3.865950,0.000655,10,3.866040,0.000586
4,5,8,1,0|3|0|1|1,0|2|0|1|0,0,10,3.848420,0.000750,10,3.848455,0.000929
4,5,8,1,0|3|0|1|0,0|2|0|2|0,0,10,3.757347,0.000428,10,3.757095,0.000642
4,5,8,1,0|3|0|2|0,0|2|0|0|1,0,10,3.854016,0.000546,10,3.853331,0.000637
4,5,8,1,0|3|0|2|1,0|2|0|0|0,0,10,3.831708,0.000628,10,3.831650,0.000741
4,5,8,1,0|3|0|2|0,0|2|0|1|0,0,10,3.751419,0.000276,10,3.751344,0.000204
4,5,8,1,0|3|0|3|0,0|2|0|0|0,0,10,3.738467,0.000698,10,3.738814,0.000618
4,5,8,1,0|3|0|0|0,0|2|1|0|2,0,10,3.866580,0.000947,10,3.866274,0.000885
4,5,8,1,0|3|0|0|1,0|2|1|0|1,0,10,3.864198,0.000733,10,3.864576,0.000443
4,5,8,1,0|3|0|0|2,0|2|1|0|0,0,10,3.842643,0.000801,10,3.842807,0.000538
4,5,8,1,0|3|0|0|0,0|2|1|1|1,0,10,3.879551,0.000624,10,3.879729,0.000636
4,5,8,1,0|3|0|0|1,0|2|1|1|0,0,10,3.865574,0.000726,10,3.866232,0.000362
4,5,8,1,0|3|0|0|0,0|2|1|2|0,0,10,3.810540,0.000424,10,3.810758,0.000415
4,5,8,1,0|3|0|1|0,0|2|1|0|1,0,10,3.865095,0.000309,10,3.865151,0.000601
4,5,8,1,0|3|0|1|1,0|2|1|0|0,0,10,3.845061,0.000521,10,3.844867,0.000780
4,5,8,1,0|3|0|1|0,0|2|1|1|0,0,10,3.806845,0.000784,10,3.806805,0.000338
4,5,8,1,0|3|0|2|0,0|2|1|0|0,0,10,3.785906,0.000437,10,3.785729,0.000565
4,5,8,1,0|3|0|0|0,0|2|2|0|1,0,10,3.806968,0.000453,10,3.806876,0.000897
4,5,8,1,0|3|0|0|1,0|2|2|0|0,0,10,3.781525,0.000585,10,3.781560,0.000551
4,5,8,1,0|3|0|0|0,0|2|2|1|0,0,10,3.761909,0.000432,10,3.762073,0.000510
4,5,8,1,0|3|0|1|0,0|2|2|0|0,0,10,3.736975,0.000452,10,3.737234,0.000429
4,5,8,1,0|3|0|0|0,0|2|3|0|0,0,10,3.580190,0.000702,10,3.580054,0.000544
4,5,8,1,0|3|1|0|0,0|2|0|0|2,0,10,3.859169,0.000845,10,3.859459,0.000795
4,5,8,1,0|3|1|0|1,0|2|0|0|1,0,10,3.854778,0.000757,10,3.855080,0.000536
4,5,8,1,0|3|1|0|2,0|2|0|0|0,0,10,3.829693,0.000688,10,3.830142,0.000886
4,5,8,1,0|3|1|0|0,0|2|0|1|1,0,10,3.870934,0.000653,10,3.870695,0.000940
4,5,8,1,0|3|1|0|1,0|2|0|1|0,0,10,3.854610,0.000601,10,3.854563,0.000840
4,5,8,1,0|3|1|0|0,0|2|0|2|0,0,10,3.798079,0.000551,10,3.797926,0.000368
4,5,8,1,0|3|1|1|0,0|2|0|0|1,0,10,3.851977,0.000934,10,3.852185,0.000491
4,5,8,1,0|3|1|1|1,0|2|0|0|0,0,10,3.828392,0.000506,10,3.828112,0.000747
4,5,8,1,0|3|1|1|0,0|2|0|1|0,0,10,3.791116,0.000315,10,3.791008,0.000579
4,5,8,1,0|3|1|2|0,0|2|0|0|0,0,10,3.767585,0.000574,10,3.767336,0.000434
4,5,8,1,0|3|1|0|0,0|2|1|0|1,0,10,3.804628,0.000401,10,3.804555,0.000600
4,5,8,1,0|3|1|0|1,0|2|1|0|0,0,10,3.777762,0.000894,10,3.777749,0.000649
4,5,8,1,0|3|1|0|0,0|2|1|1|0,0,10,3.758987,0.000606,10,3.758920,0.000450
4,5,8,1,0|3|1|1|0,0|2|1|0|0,0,10,3.731467,0.000420,10,3.731364,0.000495
4,5,8,1,0|3|1|0|0,0|2|2|0|0,0,10,3.585869,0.000520,10,3.585639,0.000417
4,5,8,1,0|3|2|0|0,0|2|0|0|1,0,10,3.799684,0.000590,10,3.799485,0.000496
4,5,8,1,0|3|2|0|1,0|2|0|0|0,0,10,3.771026,0.000394,10,3.771062,0.000630
4,5,8,1,0|3|2|0|0,0|2|0|1|0,0,10,3.752604,0.000308,10,3.752546,0.000548
4,5,8,1,0|3|2|1|0,0|2|0|0|0,0,10,3.722867,0.000627,10,3.723144,0.000344
4,5,8,1,0|3|2|0|0,0|2|1|0|0,0,10,3.586287,0.000733,10,3.586336,0.000294
4,5,8,1,0|3|3|0|0,0|2|0|0|0,0,10,3.584396,0.000479,10,3.584374,0.000350
4,5,8,1,0|3|0|0|0,0|3|0|0|2,0,10,3.810315,0.000635,10,3.810114,0.000554
4,5,8,1,0|3|0|0|1,0|3|0|0|1,0,10,3.807293,0.000497,10,3.807185,0.000728
4,5,8,1,0|3|0|0|2,0|3|0|0|0,0,10,3.778676,0.000485,10,3.777870,0.000465
4,5,8,1,0|3|0|0|0,0|3|0|1|1,0,10,3.836208,0.000685,10,3.836908,0.000698
4,5,8,1,0|3|0|0|1,0|3|0|1|0,0,10,3.815596,0.000833,10,3.815811,0.000652
4,5,8,1,0|3|0|0|0,0|3|0|2|0,0,10,3.724298,0.000239,10,3.724113,0.000601
4,5,8,1,0|3|0|1|0,0|3|0|0|1,0,10,3.818262,0.000413,10,3.817921,0.000710
4,5,8,1,0|3|0|1|1,0|3|0|0|0,0,10,3.789923,0.000592,10,3.790371,0.000483
4,5,8,1,0|3|0|1|0,0|3|0|1|0,0,10,3.720267,0.000502,10,3.720569,0.000264
4,5,8,1,0|3|0|2|0,0|3|0|0|0,0,10,3.700203,0.000200,10,3.700002,0.000324
4,5,8,1,0|3|0|0|0,0|3|1|0|1,0,10,3.791919,0.000760,10,3.792068,0.000820
4,5,8,1,0|3|0|0|1,0|3|1|0|0,0,10,3.765231,0.000558,10,3.765164,0.000658
4,5,8,1,0|3|0|0|0,0|3|1|1|0,0,10,3.744379,0.000675,10,3.744154,0.000563
4,5,8,1,0|3|0|1|0,0|3|1|0|0,0,10,3.718252,0.000726,10,3.718340,0.000669
4,5,8,1,0|3|0|0|0,0|3|2|0|0,0,10,3.572563,0.000597,10,3.572738,0.000457
4,5,8,1,0|3|1|0|0,0|3|0|0|1,0,10,3.780864,0.000655,10,3.781132,0.000587
4,5,8,1,0|3|1|0|1,0|3|0|0|0,0,10,3.750107,0.000516,10,3.749928,0.000378
4,5,8,1,0|3|1|0|0,0|3|0|1|0,0,10,3.730692,0.000647,10,3.730502,0.000471
4,5,8,1,0|3|1|1|0,0|3|0|0|0,0,10,3.699783,0.000625,10,3.699275,0.000316
4,5,8,1,0|3|1|0|0,0|3|1|0|0,0,10,3.576004,0.000447,10,3.575532,0.000578
4,5,8,1,0|3|2|0|0,0|3|0|0|0,0,10,3.570533,0.000416,10,3.570781,0.000645
4,5,8,1,0|3|0|0|0,0|4|0|0|1,0,10,3.712346,0.000592,10,3.712674,0.000451
4,5,8,1,0|3|0|0|1,0|4|0|0|0,0,10,3.679075,0.000641,10,3.678730,0.000757
4,5,8,1,0|3|0|0|0,0|4|0|1|0,0,10,3.651531,0.000355,10,3.651492,0.000337
4,5,8,1,0|3|0|1|0,0|4|0|0|0,0,10,3.623188,0.000387,10,3.623189,0.000524
4,5,8,1,0|3|0|0|0,0|4|1|0|0,0,10,3.544445,0.000643,10,3.544337,0.000351
4,5,8,1,0|3|1|0|0,0|4|0|0|0,0,10,3.533638,0.000398,10,3.533219,0.000625
4,5,8,1,0|3|0|0|0,0|5|0|0|0,0,10,3.398410,0.000540,10,3.397998,0.000693
4,5,8,1,0|4|0|0|0,0|0|0|0|4,0,10,3.875112,0.001205,10,3.875325,0.001029
4,5,8,1,0|4|0|0|1,0|0|0|0|3,0,10,3.877268,0.001111,10,3.878090,0.001331
4,5,8,1,0|4|0|0|2,0|0|0|0|2,0,10,3.874274,0.001103,10,3.873981,0.000965
4,5,8,1,0|4|0|0|3,0|0|0|0|1,0,10,3.868471,0.000867,10,3.869299,0.000881
4,5,8,1,0|4|0|0|4,0|0|0|0|0,0,10,3.858058,0.001002,10,3.858290,0.001188
4,5,8,1,0|4|0|0|0,0|0|0|1|3,0,10,3.915902,0.000938,10,3.915720,0.000830
4,5,8,1,0|4|0|0|1,0|0|0|1|2,0,10,3.916919,0.000758,10,3.916860,0.001518
4,5,8,1,0|4|0|0|2,0|0|0|1|1,0,10,3.912595,0.000817,10,3.912860,0.001139
4,5,8,1,0|4|0|0|3,0|0|0|1|0,0,10,3.903074,0.000868,10,3.903882,0.001222
4,5,8,1,0|4|0|0|0,0|0|0|2|2,0,10,3.910578,0.001295,10,3.911068,0.001219
4,5,8,1,0|4|0|0|1,0|0|0|2|1,0,10,3.910988,0.000990,10,3.910248,0.000711
4,5,8,1,0|4|0|0|2,0|0|0|2|0,0,10,3.897649,0.000481,10,3.897494,0.000719
4,5,8,1,0|4|0|0|0,0|0|0|3|1,0,10,3.884112,0.000740,10,3.883931,0.000769
4,5,8,1,0|4|0|0|1,0|0|0|3|0,0,10,3.869899,0.000462,10,3.870223,0.000547
4,5,8,1,0|4|0|0|0,0|0|0|4|0,0,10,3.772885,0.000451,10,3.773147,0.000208
4,5,8,1,0|4|0|1|0,0|0|0|0|3,0,10,3.908733,0.000999,10,3.908333,0.000642
4,5,8,1,0|4|0|1|1,0|0|0|0|2,0,10,3.906871,0.000550,10,3.907734,0.000965
4,5,8,1,0|4|0|1|2,0|0|0|0|1,0,10,3.901552,0.000597,10,3.902295,0.001107
4,5,8,1,0|4|0|1|3,0|0|0|0|0,0,10,3.889455,0.000766,10,3.889365,0.000782
4,5,8,1,0|4|0|1|0,0|0|0|1|2,0,10,3.909395,0.000928,10,3.909816,0.000708
4,5,8,1,0|4|0|1|1,0|0|0|1|1,0,10,3.907096,0.001107,10,3.906927,0.000614
4,5,8,1,0|4|0|1|2,0|0|0|1|0,0,10,3.894151,0.001154,10,3.893971,0.000432
4,5,8,1,0|4|0|1|0,0|0|0|2|1,0,10,3.882983,0.000710,10,3.882699,0.000501
4,5,8,1,0|4|0|1|1,0|0|0|2|0,0,10,3.868366,0.000545,10,3.868364,0.000557
4,5,8,1,0|4|0|1|0,0|0|0|3|0,0,10,3.774670,0.000498,10,3.774662,0.000574
4,5,8,1,0|4|0|2|0,0|0|0|0|2,0,10,3.901047,0.001385,10,3.901075,0.001104
4,5,8,1,0|4|0|2|1,0|0|0|0|1,0,10,3.897718,0.000771,10,3.897981,0.000870
4,5,8,1,0|4|0|2|2,0|0|0|0|0,0,10,3.879955,0.000554,10,3.879585,0.000472
4,5,8,1,0|4|0|2|0,0|0|0|1|1,0,10,3.878443,0.001094,10,3.878250,0.000639
4,5,8,1,0|4|0|2|1,0|0|0|1|0,0,10,3.862261,0.000717,10,3.862122,0.000616
4,5,8,1,0|4|0|2|0,0|0|0|2|0,0,10,3.772330,0.000548,10,3.772485,0.000565
4,5,8,1,0|4|0|3|0,0|0|0|0|1,0,10,3.870462,0.000583,10,3.870847,0.000731
4,5,8,1,0|4|0|3|1,0|0|0|0|0,0,10,3.852907,0.000468,10,3.852856,0.000836
4,5,8,1,0|4|0|3|0,0|0|0|1|0,0,10,3.768275,0.000579,10,3.768392,0.000323
4,5,8,1,0|4|0|4|0,0|0|0|0|0,0,10,3.760605,0.000524,10,3.760675,0.000537
4,5,8,1,0|4|0|0|0,0|0|1|0|3,0,10,3.897184,0.000892,10,3.896746,0.000842
4,5,8,1,0|4|0|0|1,0|0|1|0|2,0,10,3.898803,0.001309,10,3.898447,0.000691
4,5,8,1,0|4|0|0|2,0|0|1|0|1,0,10,3.893085,0.001207,10,3.893357,0.000654
4,5,8,1,0|4|0|0|3,0|0|1|0|0,0,10,3.880914,0.000932,10,3.880316,0.000832
4,5,8,1,0|4|0|0|0,0|0|1|1|2,0,10,3.918455,0.000573,10,3.919166,0.000784
4,5,8,1,0|4|0|0|1,0|0|1|1|1,0,10,3.918425,0.001305,10,3.917783,0.001146
4,5,8,1,0|4|0|0|2,0|0|1|1|0,0,10,3.907902,0.000980,10,3.907558,0.000962
4,5,8,1,0|4|0|0|0,0|0|1|2|1,0,10,3.907337,0.000851,10,3.907492,0.000718
4,5,8,1,0|4|0|0|1,0|0|1|2|0,0,10,3.897749,0.000604,10,3.897938,0.000728
4,5,8,1,0|4|0|0|0,0|0|1|3|0,0,10,3.843591,0.000448,10,3.843515,0.000491
4,5,8,1,0|4|0|1|0,0|0|1|0|2,0,10,3.910613,0.001135,10,3.910723,0.000655
4,5,8,1,0|4|0|1|1,0|0|1|0|1,0,10,3.906754,0.000977,10,3.907064,0.000909
4,5,8,1,0|4|0|1|2,0|0|1|0|0,0,10,3.893042,0.000652,10,3.892927,0.000790
4,5,8,1,0|4|0|1|0,0|0|1|1|1,0,10,3.904993,0.000569,10,3.904851,0.000807
4,5,8,1,0|4|0|1|1,0|0|1|1|0,0,10,3.893578,0.000572,10,3.893823,0.000834
4,5,8,1,0|4|0|1|0,0|0|1|2|0,0,10,3.844070,0.000465,10,3.844044,0.000283
4,5,8,1,0|4|0|2|0,0|0|1|0|1,0,10,3.893623,0.000484,10,3.893709,0.001022
4,5,8,1,0|4|0|2|1,0|0|1|0|0,0,10,3.878716,0.000689,10,3.879066,0.000753
4,5,8,1,0|4|0|2|0,0|0|1|1|0,0,10,3.836763,0.000603,10,3.837120,0.000421
4,5,8,1,0|4|0|3|0,0|0|1|0|0,0,10,3.822708,0.000538,10,3.822919,0.000551
4,5,8,1,0|4|0|0|0,0|0|2|0|2,0,10,3.876161,0.001269,10,3.875864,0.001124
4,5,8,1,0|4|0|0|1,0|0|2|0|1,0,10,3.874330,0.000679,10,3.874067,0.000546
4,5,8,1,0|4|0|0|2,0|0|2|0|0,0,10,3.853165,0.000620,10,3.853150,0.000469
4,5,8,1,0|4|0|0|0,0|0|2|1|1,0,10,3.887916,0.000775,10,3.887714,0.000532
4,5,8,1,0|4|0|0|1,0|0|2|1|0,0,10,3.875374,0.000756,10,3.874980,0.000567
4,5,8,1,0|4|0|0|0,0|0|2|2|0,0,10,3.824358,0.000580,10,3.824492,0.000676
4,5,8,1,0|4|0|1|0,0|0|2|0|1,0,10,3.873792,0.000851,10,3.874064,0.000449
4,5,8,1,0|4|0|1|1,0|0|2|0|0,0,10,3.855476,0.000631,10,3.855781,0.000730
4,5,8,1,0|4|0|1|0,0|0|2|1|0,0,10,3.820895,0.000295,10,3.820980,0.000436
4,5,8,1,0|4|0|2|0,0|0|2|0|0,0,10,3.799813,0.000412,10,3.800005,0.000517
4,5,8,1,0|4|0|0|0,0|0|3|0|1,0,10,3.810714,0.000537,10,3.810885,0.000568
4,5,8,1,0|4|0|0|1,0|0|3|0|0,0,10,3.786176,0.000498,10,3.785906,0.000607
4,5,8,1,0|4|0|0|0,0|0|3|1|0,0,10,3.766896,0.000277,10,3.766952,0.000429
4,5,8,1,0|4|0|1|0,0|0|3|0|0,0,10,3.741995,0.000468,10,3.741857,0.000623
4,5,8,1,0|4|0|0|0,0|0|4|0|0,0,10,3.582301,0.000382,10,3.582670,0.000394
4,5,8,1,0|4|1|0|0,0|0|0|0|3,0,10,3.891754,0.000800,10,3.892213,0.000776
4,5,8,1,0|4|1|0|1,0|0|0|0|2,0,10,3.892635,0.001187,10,3.892198,0.001242
4,5,8,1,0|4|1|0|2,0|0|0|0|1,0,10,3.886102,0.000667,10,3.885529,0.001050
4,5,8,1,0|4|1|0|3,0|0|0|0|0,0,10,3.870117,0.000887,10,3.870081,0.000888
4,5,8,1,0|4|1|0|0,0|0|0|1|2,0,10,3.913555,0.000936,10,3.913684,0.001487
4,5,8,1,0|4|1|0|1,0|0|0|1|1,0,10,3.911917,0.000632,10,3.912001,0.000894
4,5,8,1,0|4|1|0|2,0|0|0|1|0,0,10,3.899128,0.001255,10,3.899694,0.000758
4,5,8,1,0|4|1|0|0,0|0|0|2|1,0,10,3.900030,0.000928,10,3.899939,0.000800
4,5,8,1,0|4|1|0|1,0|0|0|2|0,0,10,3.888682,0.000507,10,3.888589,0.000688
4,5,8,1,0|4|1|0|0,0|0|0|3|0,0,10,3.831786,0.000275,10,3.831952,0.000438
4,5,8,1,0|4|1|1|0,0|0|0|0|2,0,10,3.901987,0.001064,10,3.902635,0.000920
4,5,8,1,0|4|1|1|1,0|0|0|0|1,0,10,3.897672,0.000637,10,3.897357,0.000681
4,5,8,1,0|4|1|1|2,0|0|0|0|0,0,10,3.880444,0.000984,10,3.880599,0.000742
4,5,8,1,0|4|1|1|0,0|0|0|1|1,0,10,3.895145,0.000802,10,3.895312,0.000671
4,5,8,1,0|4|1|1|1,0|0|0|1|0,0,10,3.882083,0.000758,10,3.882394,0.000803
4,5,8,1,0|4|1|1|0,0|0|0|2|0,0,10,3.830105,0.000382,10,3.830322,0.000470
4,5,8,1,0|4|1|2|0,0|0|0|0|1,0,10,3.882411,0.000682,10,3.881995,0.001109
4,5,8,1,0|4|1|2|1,0|0|0|0|0,0,10,3.864489,0.000941,10,3.864544,0.000500
4,5,8,1,0|4|1|2|0,0|0|0|1|0,0,10,3.821779,0.000651,10,3.821953,0.000438
4,5,8,1,0|4|1|3|0,0|0|0|0|0,0,10,3.805923,0.000514,10,3.805941,0.000263
4,5,8,1,0|4|1|0|0,0|0|1|0|2,0,10,3.874317,0.000967,10,3.874359,0.000428
4,5,8,1,0|4|1|0|1,0|0|1|0|1,0,10,3.871380,0.001172,10,3.871003,0.000921
4,5,8,1,0|4|1|0|2,0|0|1|0|0,0,10,3.849775,0.000793,10,3.849771,0.000778
4,5,8,1,0|4|1|0|0,0|0|1|1|1,0,10,3.884704,0.000852,10,3.885019,0.000762
4,5,8,1,0|4|1|0|1,0|0|1|1|0,0,10,3.870819,0.000367,10,3.870612,0.000603
4,5,8,1,0|4|1|0|0,0|0|1|2|0,0,10,3.821832,0.000440,10,3.821727,0.000367
4,5,8,1,0|4|1|1|0,0|0|1|0|1,0,10,3.869414,0.000665,10,3.868731,0.000834
4,5,8,1,0|4|1|1|1,0|0|1|0|0,0,10,3.848691,0.000673,10,3.848591,0.000829
4,5,8,1,0|4|1|1|0,0|0|1|1|0,0,10,3.815693,0.000581,10,3.815978,0.000393
4,5,8,1,0|4|1|2|0,0|0|1|0|0,0,10,3.794460,0.000512,10,3.794406,0.000618
4,5,8,1,0|4|1|0|0,0|0|2|0|1,0,10,3.810063,0.000413,10,3.810266,0.000445
4,5,8,1,0|4|1|0|1,0|0|2|0|0,0,10,3.784149,0.000610,10,3.784216,0.000552
4,5,8,1,0|4|1|0|0,0|0|2|1|0,0,10,3.765764,0.000682,10,3.765464,0.000640
4,5,8,1,0|4|1|1|0,0|0|2|0|0,0,10,3.738428,0.000306,10,3.738461,0.000468
4,5,8,1,0|4|1|0|0,0|0|3|0|0,0,10,3.588478,0.000331,10,3.588451,0.000518
4,5,8,1,0|4|2|0|0,0|0|0|0|2,0,10,3.870128,0.000448,10,3.869671,0.000362
4,5,8,1,0|4|2|0|1,0|0|0|0|1,0,10,3.866946,0.000815,10,3.866847,0.000964
4,5,8,1,0|4|2|0|2,0|0|0|0|0,0,10,3.842572,0.000659,10,3.842631,0.000350
4,5,8,1,0|4|2|0|0,0|0|0|1|1,0,10,3.880519,0.000654,10,3.880426,0.000543
4,5,8,1,0|4|2|0|1,0|0|0|1|0,0,10,3.865819,0.000576,10,3.865689,0.000835
4,5,8,1,0|4|2|0|0,0|0|0|2|0,0,10,3.815256,0.000356,10,3.815297,0.000516
4,5,8,1,0|4|2|1|0,0|0|0|0|1,0,10,3.863154,0.000885,10,3.863042,0.000433
4,5,8,1,0|4|2|1|1,0|0|0|0|0,0,10,3.841017,0.000618,10,3.841018,0.000641
4,5,8,1,0|4|2|1|0,0|0|0|1|0,0,10,3.809237,0.000409,10,3.808750,0.000465
4,5,8,1,0|4|2|2|0,0|0|0|0|0,0,10,3.783977,0.000580,10,3.784137,0.000621
4,5,8,1,0|4|2|0|0,0|0|1|0|1,0,10,3.808230,0.000405,10,3.808445,0.000544
4,5,8,1,0|4|2|0|1,0|0|1|0|0,0,10,3.782189,0.000348,10,3.781895,0.000726
4,5,8,1,0|4|2|0|0,0|0|1|1|0,0,10,3.763504,0.000370,10,3.763307,0.000474
4,5,8,1,0|4|2|1|0,0|0|1|0|0,0,10,3.735352,0.000450,10,3.735374,0.000463
4,5,8,1,0|4|2|0|0,0|0|2|0|0,0,10,3.590399,0.000518,10,3.590549,0.000417
4,5,8,1,0|4|3|0|0,0|0|0|0|1,0,10,3.806566,0.000399,10,3.806631,0.000453
4,5,8,1,0|4|3|0|1,0|0|0|0|0,0,10,3.779059,0.000530,10,3.779254,0.000226
4,5,8,1,0|4|3|0|0,0|0|0|1|0,0,10,3.760683,0.000606,10,3.760537,0.000483
4,5,8,1,0|4|3|1|0,0|0|0|0|0,0,10,3.732415,0.000431,10,3.732382,0.000381
4,5,8,1,0|4|3|0|0,0|0|1|0|0,0,10,3.590558,0.000350,10,3.591004,0.000680
4,5,8,1,0|4|4|0|0,0|0|0|0|0,0,10,3.589833,0.000361,10,3.589744,0.000335
4,5,8,1,0|4|0|0|0,0|1|0|0|3,0,10,3.853478,0.001130,10,3.853050,0.000829
4,5,8,1,0|4|0|0|1,0|1|0|0|2,0,10,3.855493,0.001116,10,3.855110,0.000572
4,5,8,1,0|4|0|0|2,0|1|0|0|1,0,10,3.847650,0.000601,10,3.847327,0.000555
4,5,8,1,0|4|0|0|3,0|1|0|0|0,0,10,3.828751,0.000771,10,3.828628,0.000648
4,5,8,1,0|4|0|0|0,0|1|0|1|2,0,10,3.893146,0.000738,10,3.893100,0.001053
4,5,8,1,0|4|0|0|1,0|1|0|1|1,0,10,3.892098,0.000789,10,3.891558,0.000940
4,5,8,1,0|4|0|0|2,0|1|0|1|0,0,10,3.875371,0.000863,10,3.875383,0.000718
4,5,8,1,0|4|0|0|0,0|1|0|2|1,0,10,3.869706,0.000982,10,3.869587,0.000896
4,5,8,1,0|4|0|0|1,0|1|0|2|0,0,10,3.853559,0.000667,10,3.853958,0.000528
4,5,8,1,0|4|0|0|0,0|1|0|3|0,0,10,3.756171,0.000548,10,3.756260,0.000489
4,5,8,1,0|4|0|1|0,0|1|0|0|2,0,10,3.882003,0.000663,10,3.882007,0.001168
4,5,8,1,0|4|0|1|1,0|1|0|0|1,0,10,3.876767,0.000704,10,3.876552,0.000509
4,5,8,1,0|4|0|1|2,0|1|0|0|0,0,10,3.855734,0.000986,10,3.855749,0.000348
4,5,8,1,0|4|0|1|0,0|1|0|1|1,0,10,3.865959,0.000810,10,3.865925,0.000697
4,5,8,1,0|4|0|1|1,0|1|0|1|0,0,10,3.848406,0.000442,10,3.848353,0.000557
4,5,8,1,0|4|0|1|0,0|1|0|2|0,0,10,3.756957,0.000410,10,3.757273,0.000601
4,5,8,1,0|4|0|2|0,0|1|0|0|1,0,10,3.853517,0.000743,10,3.853800,0.000774
4,5,8,1,0|4|0|2|1,0|1|0|0|0,0,10,3.831524,0.000328,10,3.831519,0.000471
4,5,8,1,0|4|0|2|0,0|1|0|1|0,0,10,3.751290,0.000471,10,3.751216,0.000627
4,5,8,1,0|4|0|3|0,0|1|0|0|0,0,10,3.738516,0.000559,10,3.738462,0.000540
4,5,8,1,0|4|0|0|0,0|1|1|0|2,0,10,3.866791,0.000546,10,3.866983,0.000637
4,5,8,1,0|4|0|0|1,0|1|1|0|1,0,10,3.864559,0.000743,10,3.864276,0.001007
4,5,8,1,0|4|0|0|2,0|1|1|0|0,0,10,3.843055,0.000540,10,3.842356,0.000535
4,5,8,1,0|4|0|0|0,0|1|1|1|1,0,10,3.879117,0.000906,10,3.879692,0.000417
4,5,8,1,0|4|0|0|1,0|1|1|1|0,0,10,3.865677,0.000933,10,3.866007,0.000715
4,5,8,1,0|4|0|0|0,0|1|1|2|0,0,10,3.811028,0.000595,10,3.811118,0.000687
4,5,8,1,0|4|0|1|0,0|1|1|0|1,0,10,3.864951,0.000569,10,3.864910,0.000593
4,5,8,1,0|4|0|1|1,0|1|1|0|0,0,10,3.845103,0.000704,10,3.845234,0.000297
4,5,8,1,0|4|0|1|0,0|1|1|1|0,0,10,3.806610,0.000342,10,3.806653,0.000701
4,5,8,1,0|4|0|2|0,0|1|1|0|0,0,10,3.785846,0.000448,10,3.785849,0.000517
4,5,8,1,0|4|0|0|0,0|1|2|0|1,0,10,3.806440,0.000693,10,3.806702,0.000667
4,5,8,1,0|4|0|0|1,0|1|2|0|0,0,10,3.781470,0.000562,10,3.781613,0.000512
4,5,8,1,0|4|0|0|0,0|1|2|1|0,0,10,3.761679,0.000546,10,3.761840,0.000433
4,5,8,1,0|4|0|1|0,0|1|2|0|0,0,10,3.736919,0.000361,10,3.737090,0.000352
4,5,8,1,0|4|0|0|0,0|1|3|0|0,0,10,3.580593,0.000616,10,3.580493,0.000683
4,5,8,1,0|4|1|0|0,0|1|0|0|2,0,10,3.859792,0.000822,10,3.859057,0.000604
4,5,8,1,0|4|1|0|1,0|1|0|0|1,0,10,3.854826,0.000696,10,3.855015,0.000461
4,5,8,1,0|4|1|0|2,0|1|0|0|0,0,10,3.830181,0.000399,10,3.830197,0.000872
4,5,8,1,0|4|1|0|0,0|1|0|1|1,0,10,3.870670,0.000661,10,3.871061,0.000582
4,5,8,1,0|4|1|0|1,0|1|0|1|0,0,10,3.854518,0.000592,10,3.854531,0.000427
4,5,8,1,0|4|1|0|0,0|1|0|2|0,0,10,3.798231,0.000691,10,3.798177,0.000630
4,5,8,1,0|4|1|1|0,0|1|0|0|1,0,10,3.852060,0.000592,10,3.852721,0.000596
4,5,8,1,0|4|1|1|1,0|1|0|0|0,0,10,3.828326,0.000853,10,3.828439,0.000615
4,5,8,1,0|4|1|1|0,0|1|0|1|0,0,10,3.791142,0.000585,10,3.791018,0.000502
4,5,8,1,0|4|1|2|0,0|1|0|0|0,0,10,3.767284,0.000666,10,3.767535,0.000653
4,5,8,1,0|4|1|0|0,0|1|1|0|1,0,10,3.804970,0.000659,10,3.804574,0.000601
4,5,8,1,0|4|1|0|1,0|1|1|0|0,0,10,3.777598,0.000447,10,3.778050,0.000662
4,5,8,1,0|4|1|0|0,0|1|1|1|0,0,10,3.758908,0.000588,10,3.758641,0.000489
4,5,8,1,0|4|1|1|0,0|1|1|0|0,0,10,3.731056,0.000568,10,3.731346,0.000500
4,5,8,1,0|4|1|0|0,0|1|2|0|0,0,10,3.585613,0.000303,10,3.585561,0.000539
4,5,8,1,0|4|2|0|0,0|1|0|0|1,0,10,3.799755,0.000461,10,3.799886,0.000495
4,5,8,1,0|4|2|0|1,0|1|0|0|0,0,10,3.770766,0.000406,10,3.771200,0.000350
4,5,8,1,0|4|2|0|0,0|1|0|1|0,0,10,3.752753,0.000624,10,3.752357,0.000282
4,5,8,1,0|4|2|1|0,0|1|0|0|0,0,10,3.723111,0.000484,10,3.723249,0.000405
4,5,8,1,0|4|2|0|0,0|1|1|0|0,0,10,3.586278,0.000591,10,3.586457,0.000636
4,5,8,1,0|4|3|0|0,0|1|0|0|0,0,10,3.584442,0.000569,10,3.584302,0.000543
4,5,8,1,0|4|0|0|0,0|2|0|0|2,0,10,3.810327,0.000749,10,3.810470,0.000893
4,5,8,1,0|4|0|0|1,0|2|0|0|1,0,10,3.807447,0.000742,10,3.807478,0.000753
4,5,8,1,0|4|0|0|2,0|2|0|0|0,0,10,3.778247,0.000970,10,3.778648,0.000782
4,5,8,1,0|4|0|0|0,0|2|0|1|1,0,10,3.836462,0.001014,10,3.836001,0.000827
4,5,8,1,0|4|0|0|1,0|2|0|1|0,0,10,3.815740,0.000745,10,3.816060,0.000636
4,5,8,1,0|4|0|0|0,0|2|0|2|0,0,10,3.723960,0.000398,10,3.724039,0.000479
4,5,8,1,0|4|0|1|0,0|2|0|0|1,0,10,3.818381,0.000451,10,3.818195,0.000472
4,5,8,1,0|4|0|1|1,0|2|0|0|0,0,10,3.790116,0.000654,10,3.790486,0.000698
4,5,8,1,0|4|0|1|0,0|2|0|1|0,0,10,3.720352,0.000429,10,3.720356,0.000426
4,5,8,1,0|4|0|2|0,0|2|0|0|0,0,10,3.700181,0.000415,10,3.700366,0.000720
4,5,8,1,0|4|0|0|0,0|2|1|0|1,0,10,3.791946,0.000462,10,3.791724,0.000578
4,5,8,1,0|4|0|0|1,0|2|1|0|0,0,10,3.765262,0.000479,10,3.764962,0.000805
4,5,8,1,0|4|0|0|0,0|2|1|1|0,0,10,3.744323,0.000551,10,3.744189,0.000345
4,5,8,1,0|4|0|1|0,0|2|1|0|0,0,10,3.718219,0.000527,10,3.718449,0.000522
4,5,8,1,0|4|0|0|0,0|2|2|0|0,0,10,3.572950,0.000790,10,3.572516,0.000479
4,5,8,1,0|4|1|0|0,0|2|0|0|1,0,10,3.781195,0.000704,10,3.781114,0.000600
4,5,8,1,0|4|1|0|1,0|2|0|0|0,0,10,3.750092,0.000611,10,3.750684,0.000696
4,5,8,1,0|4|1|0|0,0|2|0|1|0,0,10,3.730468,0.000540,10,3.730556,0.000485
4,5,8,1,0|4|1|1|0,0|2|0|0|0,0,10,3.699470,0.000528,10,3.699478,0.000656
4,5,8,1,0|4|1|0|0,0|2|1|0|0,0,10,3.575879,0.000558,10,3.575723,0.000602
4,5,8,1,0|4|2|0|0,0|2|0|0|0,0,10,3.570678,0.000424,10,3.570728,0.000478
4,5,8,1,0|4|0|0|0,0|3|0|0|1,0,10,3.712748,0.000640,10,3.712426,0.000867
4,5,8,1,0|4|0|0|1,0|3|0|0|0,0,10,3.678672,0.000553,10,3.678828,0.000727
4,5,8,1,0|4|0|0|0,0|3|0|1|0,0,10,3.651485,0.000484,10,3.651783,0.000554
4,5,8,1,0|4|0|1|0,0|3|0|0|0,0,10,3.623358,0.000583,10,3.623255,0.000628
4,5,8,1,0|4|0|0|0,0|3|1|0|0,0,10,3.544440,0.000575,10,3.544183,0.000383
4,5,8,1,0|4|1|0|0,0|3|0|0|0,0,10,3.533492,0.000591,10,3.533741,0.000637
4,5,8,1,0|4|0|0|0,0|4|0|0|0,0,10,3.398598,0.000643,10,3.398721,0.000319
4,5,8,1,0|5|0|0|0,0|0|0|0|3,0,10,3.853250,0.000606,10,3.853389,0.000457
4,5,8,1,0|5|0|0|1,0|0|0|0|2,0,10,3.855142,0.000745,10,3.855450,0.000810
4,5,8,1,0|5|0|0|2,0|0|0|0|1,0,10,3.847066,0.001064,10,3.847419,0.001139
4,5,8,1,0|5|0|0|3,0|0|0|0|0,0,10,3.828560,0.000673,10,3.828959,0.001054
4,5,8,1,0|5|0|0|0,0|0|0|1|2,0,10,3.893340,0.000702,10,3.893696,0.000809
4,5,8,1,0|5|0|0|1,0|0|0|1|1,0,10,3.891267,0.001477,10,3.891212,0.000434
4,5,8,1,0|5|0|0|2,0|0|0|1|0,0,10,3.875029,0.000632,10,3.874871,0.000574
4,5,8,1,0|5|0|0|0,0|0|0|2|1,0,10,3.869870,0.000629,10,3.869634,0.001000
4,5,8,1,0|5|0|0|1,0|0|0|2|0,0,10,3.853869,0.000510,10,3.853391,0.000468
4,5,8,1,0|5|0|0|0,0|0|0|3|0,0,10,3.756213,0.000677,10,3.756176,0.000622
4,5,8,1,0|5|0|1|0,0|0|0|0|2,0,10,3.881499,0.000776,10,3.881644,0.001106
4,5,8,1,0|5|0|1|1,0|0|0|0|1,0,10,3.876938,0.000845,10,3.876809,0.000402
4,5,8,1,0|5|0|1|2,0|0|0|0|0,0,10,3.855960,0.000663,10,3.855789,0.000862
4,5,8,1,0|5|0|1|0,0|0|0|1|1,0,10,3.865908,0.000699,10,3.865706,0.000675
4,5,8,1,0|5|0|1|1,0|0|0|1|0,0,10,3.848211,0.000814,10,3.848824,0.000801
4,5,8,1,0|5|0|1|0,0|0|0|2|0,0,10,3.756918,0.000568,10,3.757094,0.000367
4,5,8,1,0|5|0|2|0,0|0|0|0|1,0,10,3.853820,0.000851,10,3.853949,0.000768
4,5,8,1,0|5|0|2|1,0|0|0|0|0,0,10,3.831413,0.000279,10,3.831674,0.000635
4,5,8,1,0|5|0|2|0,0|0|0|1|0,0,10,3.751365,0.000327,10,3.751074,0.000530
4,5,8,1,0|5|0|3|0,0|0|0|0|0,0,10,3.738376,0.000511,10,3.738668,0.000295
4,5,8,1,0|5|0|0|0,0|0|1|0|2,0,10,3.866803,0.000903,10,3.866636,0.000916
4,5,8,1,0|5|0|0|1,0|0|1|0|1,0,10,3.864848,0.000815,10,3.864184,0.000518
4,5,8,1,0|5|0|0|2,0|0|1|0|0,0,10,3.842380,0.000749,10,3.842846,0.000998
4,5,8,1,0|5|0|0|0,0|0|1|1|1,0,10,3.879790,0.000591,10,3.879961,0.000736
4,5,8,1,0|5|0|0|1,0|0|1|1|0,0,10,3.865600,0.000829,10,3.866036,0.000532
4,5,8,1,0|5|0|0|0,0|0|1|2|0,0,10,3.811193,0.000585,10,3.811185,0.000590
4,5,8,1,0|5|0|1|0,0|0|1|0|1,0,10,3.865028,0.000569,10,3.865391,0.000534
4,5,8,1,0|5|0|1|1,0|0|1|0|0,0,10,3.844955,0.000631,10,3.845316,0.000511
4,5,8,1,0|5|0|1|0,0|0|1|1|0,0,10,3.807160,0.000413,10,3.806601,0.000431
4,5,8,1,0|5|0|2|0,0|0|1|0|0,0,10,3.785852,0.000558,10,3.785871,0.000410
4,5,8,1,0|5|0|0|0,0|0|2|0|1,0,10,3.806720,0.000624,10,3.806563,0.000476
4,5,8,1,0|5|0|0|1,0|0|2|0|0,0,10,3.781437,0.000524,10,3.781594,0.000568
4,5,8,1,0|5|0|0|0,0|0|2|1|0,0,10,3.762106,0.000489,10,3.761889,0.000409
4,5,8,1,0|5|0|1|0,0|0|2|0|0,0,10,3.737021,0.000441,10,3.737189,0.000607
4,5,8,1,0|5|0|0|0,0|0|3|0|0,0,10,3.580146,0.000651,10,3.580077,0.000568
4,5,8,1,0|5|1|0|0,0|0|0|0|2,0,10,3.858906,0.001077,10,3.859322,0.000969
4,5,8,1,0|5|1|0|1,0|0|0|0|1,0,10,3.855248,0.000909,10,3.854602,0.000790
4,5,8,1,0|5|1|0|2,0|0|0|0|0,0,10,3.830249,0.000720,10,3.830285,0.000447
4,5,8,1,0|5|1|0|0,0|0|0|1|1,0,10,3.871181,0.000806,10,3.870955,0.000533
4,5,8,1,0|5|1|0|1,0|0|0|1|0,0,10,3.854396,0.000859,10,3.854423,0.000572
4,5,8,1,0|5|1|0|0,0|0|0|2|0,0,10,3.798608,0.000372,10,3.798055,0.000533
4,5,8,1,0|5|1|1|0,0|0|0|0|1,0,10,3.851971,0.000466,10,3.851994,0.000575
4,5,8,1,0|5|1|1|1,0|0|0|0|0,0,10,3.828299,0.000829,10,3.828115,0.000739
4,5,8,1,0|5|1|1|0,0|0|0|1|0,0,10,3.790705,0.000444,10,3.790905,0.000283
4,5,8,1,0|5|1|2|0,0|0|0|0|0,0,10,3.767376,0.000579,10,3.767378,0.000561
4,5,8,1,0|5|1|0|0,0|0|1|0|1,0,10,3.804666,0.000368,10,3.804622,0.000866
4,5,8,1,0|5|1|0|1,0|0|1|0|0,0,10,3.777741,0.000665,10,3.777995,0.000682
4,5,8,1,0|5|1|0|0,0|0|1|1|0,0,10,3.758951,0.000547,10,3.758987,0.000290
4,5,8,1,0|5|1|1|0,0|0|1|0|0,0,10,3.731300,0.000613,10,3.731241,0.000412
4,5,8,1,0|5|1|0|0,0|0|2|0|0,0,10,3.585624,0.000389,10,3.585778,0.000395
4,5,8,1,0|5|2|0|0,0|0|0|0|1,0,10,3.799270,0.000492,10,3.799562,0.000557
4,5,8,1,0|5|2|0|1,0|0|0|0|0,0,10,3.771040,0.000635,10,3.770851,0.000642
4,5,8,1,0|5|2|0|0,0|0|0|1|0,0,10,3.752757,0.000424,10,3.752639,0.000654
4,5,8,1,0|5|2|1|0,0|0|0|0|0,0,10,3.722863,0.000498,10,3.722836,0.000373
4,5,8,1,0|5|2|0|0,0|0|1|0|0,0,10,3.586397,0.000525,10,3.586387,0.000535
4,5,8,1,0|5|3|0|0,0|0|0|0|0,0,10,3.584619,0.000492,10,3.584372,0.000330
4,5,8,1,0|5|0|0|0,0|1|0|0|2,0,10,3.810182,0.000491,10,3.810175,0.000685
4,5,8,1,0|5|0|0|1,0|1|0|0|1,0,10,3.807709,0.000757,10,3.807426,0.000587
4,5,8,1,0|5|0|0|2,0|1|0|0|0,0,10,3.778931,0.000563,10,3.778480,0.000678
4,5,8,1,0|5|0|0|0,0|1|0|1|1,0,10,3.836402,0.000567,10,3.836455,0.001013
4,5,8,1,0|5|0|0|1,0|1|0|1|0,0,10,3.816176,0.000660,10,3.816099,0.000637
4,5,8,1,0|5|0|0|0,0|1|0|2|0,0,10,3.724255,0.000240,10,3.724163,0.000539
4,5,8,1,0|5|0|1|0,0|1|0|0|1,0,10,3.818380,0.000503,10,3.817937,0.000375
4,5,8,1,0|5|0|1|1,0|1|0|0|0,0,10,3.790397,0.000820,10,3.790267,0.000512
4,5,8,1,0|5|0|1|0,0|1|0|1|0,0,10,3.720181,0.000453,10,3.720317,0.000312
4,5,8,1,0|5|0|2|0,0|1|0|0|0,0,10,3.700012,0.000437,10,3.700230,0.000494
4,5,8,1,0|5|0|0|0,0|1|1|0|1,0,10,3.791797,0.000745,10,3.791912,0.000522
4,5,8,1,0|5|0|0|1,0|1|1|0|0,0,10,3.765156,0.000474,10,3.764886,0.000621
4,5,8,1,0|5|0|0|0,0|1|1|1|0,0,10,3.743992,0.000592,10,3.744406,0.000434
4,5,8,1,0|5|0|1|0,0|1|1|0|0,0,10,3.718345,0.000313,10,3.718261,0.000401
4,5,8,1,0|5|0|0|0,0|1|2|0|0,0,10,3.572628,0.000675,10,3.572548,0.000389
4,5,8,1,0|5|1|0|0,0|1|0|0|1,0,10,3.780541,0.000579,10,3.780827,0.000739
4,5,8,1,0|5|1|0|1,0|1|0|0|0,0,10,3.750181,0.000703,10,3.750020,0.000784
4,5,8,1,0|5|1|0|0,0|1|0|1|0,0,10,3.730382,0.000535,10,3.730563,0.000298
4,5,8,1,0|5|1|1|0,0|1|0|0|0,0,10,3.699392,0.000529,10,3.699710,0.000646
4,5,8,1,0|5|1|0|0,0|1|1|0|0,0,10,3.575695,0.000486,10,3.575650,0.000460
4,5,8,1,0|5|2|0|0,0|1|0|0|0,0,10,3.570520,0.000712,10,3.570572,0.000399
4,5,8,1,0|5|0|0|0,0|2|0|0|1,0,10,3.712566,0.000593,10,3.712845,0.000396
4,5,8,1,0|5|0|0|1,0|2|0|0|0,0,10,3.679002,0.000604,10,3.678941,0.000484
4,5,8,1,0|5|0|0|0,0|2|0|1|0,0,10,3.651392,0.000556,10,3.651395,0.000526
4,5,8,1,0|5|0|1|0,0|2|0|0|0,0,10,3.623205,0.000628,10,3.623019,0.000526
4,5,8,1,0|5|0|0|0,0|2|1|0|0,0,10,3.544348,0.000423,10,3.544371,0.000525
4,5,8,1,0|5|1|0|0,0|2|0|0|0,0,10,3.533345,0.000271,10,3.533631,0.000474
4,5,8,1,0|5|0|0|0,0|3|0|0|0,0,10,3.398872,0.000862,10,3.398782,0.000718
4,5,8,1,0|6|0|0|0,0|0|0|0|2,0,10,3.810168,0.000519,10,3.810367,0.000649
4,5,8,1,0|6|0|0|1,0|0|0|0|1,0,10,3.807782,0.000570,10,3.807470,0.000495
4,5,8,1,0|6|0|0|2,0|0|0|0|0,0,10,3.778919,0.000737,10,3.778678,0.000926
4,5,8,1,0|6|0|0|0,0|0|0|1|1,0,10,3.836571,0.000816,10,3.836490,0.000598
4,5,8,1,0|6|0|0|1,0|0|0|1|0,0,10,3.816013,0.000482,10,3.816314,0.000510
4,5,8,1,0|6|0|0|0,0|0|0|2|0,0,10,3.724235,0.000396,10,3.723699,0.000460
4,5,8,1,0|6|0|1|0,0|0|0|0|1,0,10,3.818006,0.000542,10,3.818258,0.000660
4,5,8,1,0|6|0|1|1,0|0|0|0|0,0,10,3.790275,0.000776,10,3.790374,0.000738
4,5,8,1,0|6|0|1|0,0|0|0|1|0,0,10,3.720523,0.000727,10,3.720144,0.000447
4,5,8,1,0|6|0|2|0,0|0|0|0|0,0,10,3.700316,0.000417,10,3.700067,0.000572
4,5,8,1,0|6|0|0|0,0|0|1|0|1,0,10,3.791933,0.000542,10,3.791858,0.000546
4,5,8,1,0|6|0|0|1,0|0|1|0|0,0,10,3.765059,0.000339,10,3.765313,0.000475
4,5,8,1,0|6|0|0|0,0|0|1|1|0,0,10,3.744333,0.000496,10,3.744223,0.000556
4,5,8,1,0|6|0|1|0,0|0|1|0|0,0,10,3.718465,0.000322,10,3.718331,0.000319
4,5,8,1,0|6|0|0|0,0|0|2|0|0,0,10,3.572443,0.000589,10,3.572652,0.000492
4,5,8,1,0|6|1|0|0,0|0|0|0|1,0,10,3.780928,0.000419,10,3.780895,0.000566
4,5,8,1,0|6|1|0|1,0|0|0|0|0,0,10,3.750169,0.000427,10,3.750213,0.000606
4,5,8,1,0|6|1|0|0,0|0|0|1|0,0,10,3.730667,0.000723,10,3.731029,0.000612
4,5,8,1,0|6|1|1|0,0|0|0|0|0,0,10,3.699724,0.000318,10,3.699530,0.000573
4,5,8,1,0|6|1|0|0,0|0|1|0|0,0,10,3.575896,0.000392,10,3.575769,0.000242
4,5,8,1,0|6|2|0|0,0|0|0|0|0,0,10,3.570762,0.000505,10,3.571108,0.000713
4,5,8,1,0|6|0|0|0,0|1|0|0|1,0,10,3.712569,0.000573,10,3.712558,0.000689
4,5,8,1,0|6|0|0|1,0|1|0|0|0,0,10,3.679040,0.000551,10,3.679010,0.000749
4,5,8,1,0|6|0|0|0,0|1|0|1|0,0,10,3.651433,0.000339,10,3.651485,0.000489
4,5,8,1,0|6|0|1|0,0|1|0|0|0,0,10,3.623066,0.000814,10,3.623031,0.000395
4,5,8,1,0|6|0|0|0,0|1|1|0|0,0,10,3.544172,0.000499,10,3.544310,0.000552
4,5,8,1,0|6|1|0|0,0|1|0|0|0,0,10,3.533393,0.000741,10,3.533377,0.000683
4,5,8,1,0|6|0|0|0,0|2|0|0|0,0,10,3.398492,0.000726,10,3.398518,0.000659
4,5,8,1,0|7|0|0|0,0|0|0|0|1,0,10,3.712663,0.000795,10,3.712953,0.000609
4,5,8,1,0|7|0|0|1,0|0|0|0|0,0,10,3.678809,0.000439,10,3.678977,0.000402
4,5,8,1,0|7|0|0|0,0|0|0|1|0,0,10,3.651482,0.000486,10,3.651572,0.000649
4,5,8,1,0|7|0|1|0,0|0|0|0|0,0,10,3.623458,0.000631,10,3.623381,0.000284
4,5,8,1,0|7|0|0|0,0|0|1|0|0,0,10,3.544659,0.000689,10,3.544127,0.000420
4,5,8,1,0|7|1|0|0,0|0|0|0|0,0,10,3.533661,0.000468,10,3.533439,0.000600
4,5,8,1,0|7|0|0|0,0|1|0|0|0,0,10,3.398883,0.000634,10,3.398938,0.000699
4,5,8,1,0|8|0|0|0,0|0|0|0|0,0,10,3.398536,0.000778,10,3.398154,0.000773
